# # Once                                                         FEFF 10.0.0 
# # POT  SCF 100  9.0000   0, NO core-hole, FOLP (folp(0)= 1.150)
# # Abs   Z=30 Rmt= 1.375 Rnm= 1.520 K  shell
# #   RGRID 0.0100
# # Pot 1 Z= 6 Rmt= 0.899 Rnm= 1.122
# # Pot 2 Z= 6 Rmt= 0.930 Rnm= 1.166
# # Pot 3 Z= 1 Rmt= 0.561 Rnm= 0.936
# # Pot 4 Z=16 Rmt= 1.258 Rnm= 1.479
# # Gam_ch=1.897E+00 H-L exch Vi=-5.000E-01 Vr= 0.000E+00
# # Mu=-7.283E+00eV kf=2.000E+00 Vint=-1.340E+01eV Rs_int= 1.814
# # PATH  Rmax= 9.000,  Keep_limit= 0.00, Heap_limit 0.00  Pwcrit= 2.50%
#  S02=1.000  Temp=  10.00  Debye_temp= 315.00  Global_sig2= 0.00000
#  Energy zero shift, vr, vi    0.00000E+00   0.00000E+00
#  Curved wave amplitude ratio filter   4.000%
#     file         sig2 tot  cw amp ratio   deg  nlegs   reff  inp sig2
#           1       0.00293    100.00      1.00     2   2.3518
#           2       0.00298     99.66      1.00     2   2.3552
#           3       0.00307     98.84      1.00     2   2.3632
#           4       0.00309     98.31      1.00     2   2.3685
#           5       0.02703     14.27      1.00     2   3.0288
#           6       0.02843     13.46      1.00     2   3.1028
#           7       0.00566     43.30      1.00     2   3.2752
#           8       0.02406     11.71      1.00     2   3.2865
#           9       0.00630     42.46      1.00     2   3.3014
#          10       0.00625     42.38      1.00     2   3.3039
#          11       0.00566     42.19      1.00     2   3.3097
#          12       0.02396     11.46      1.00     2   3.3156
#          13       0.02488     11.10      1.00     2   3.3589
#          14       0.02464     10.60      1.00     2   3.4236
#          15       0.03671      9.06      1.00     2   3.6499
#          16       0.01328     18.44      2.00     3   3.7120
#          17       0.00407     48.53      2.00     3   3.7274
#          18       0.00406     48.30      2.00     3   3.7435
#          19       0.00426     47.80      2.00     3   3.7459
#          20       0.01393     16.02      2.00     3   3.7488
#          21       0.00425     47.53      2.00     3   3.7502
#          22       0.01181     11.51      2.00     3   3.8277
#          23       0.01184     11.25      2.00     3   3.8591
#          24       0.01226     10.64      2.00     3   3.8639
#          25       0.01623      8.79      2.00     3   3.9016
#          26       0.03808      7.67      1.00     2   3.9051
#          27       0.01229     10.13      2.00     3   3.9130
#          28       0.01646      8.65      2.00     3   3.9369
#          29       0.01482      8.30      2.00     3   4.0250
#          30       0.01483      8.23      2.00     3   4.0407
#          31       0.01090     25.52      1.00     2   4.0447
#          32       0.01500      8.14      2.00     3   4.0624
#          33       0.01499      8.04      2.00     3   4.0928
#          34       0.02404     10.70      1.00     4   4.1201
#          35       0.01749      6.70      1.00     2   4.1236
#          36       0.00982      4.18      2.00     4   4.1583
#          37       0.00445     16.31      1.00     4   4.1773
#          38       0.00449     17.14      1.00     4   4.1797
#          39       0.00447     16.41      1.00     4   4.1905
#          41       0.00457     16.31      1.00     4   4.1965
#          42       0.02531      9.92      1.00     4   4.1961
#          43       0.01492      6.40      1.00     2   4.1982
#          44       0.01862      4.47      2.00     3   4.2013
#          45       0.01020     23.12      1.00     2   4.2031
#          46       0.00427     10.93      2.00     3   4.2175
#          47       0.00430     10.97      2.00     3   4.2394
#          48       0.01859      4.36      2.00     3   4.2465
#          49       0.01262     22.13      2.00     3   4.2603
#          53       0.01194     24.25      2.00     3   4.2965
#          54       0.00441     11.71      2.00     3   4.3000
#          55       0.00419     12.53      2.00     3   4.3018
#          57       0.00420     12.83      2.00     3   4.3276
#          58       0.00435     12.79      2.00     3   4.3286
#          60       0.01818      8.36      1.00     4   4.3801
#          61       0.02007     12.63      2.00     3   4.3938
#          62       0.01150     25.38      1.00     4   4.3947
#          63       0.01128     20.27      1.00     4   4.3971
#          64       0.01796      8.21      1.00     4   4.4084
#          65       0.01684      5.55      2.00     4   4.4163
#          66       0.00628     21.38      2.00     3   4.4317
#          67       0.01286      9.40      2.00     3   4.4465
#          68       0.01824      7.84      1.00     4   4.4526
#          69       0.01977      4.25      2.00     3   4.4568
#          70       0.01687      5.37      2.00     4   4.4623
#          71       0.01234     10.41      2.00     3   4.4781
#          72       0.00597     24.11      2.00     3   4.5115
#          73       0.01830      7.48      1.00     4   4.5163
#          74       0.01905      4.07      2.00     3   4.5289
#          75       0.00958     21.86      2.00     4   4.5763
#          76       0.00958     17.35      2.00     4   4.5832
#          77       0.01685      7.87      2.00     4   4.5936
#          78       0.02042      9.43      2.00     3   4.6006
#          79       0.00597     17.99      2.00     3   4.6073
#          80       0.02920      5.05      1.00     2   4.6125
#          81       0.01733      8.56      2.00     4   4.6271
#          82       0.01240      7.07      2.00     3   4.6514
#          83       0.02101      5.24      2.00     4   4.6684
#          85       0.00576     18.41      2.00     3   4.6860
#          86       0.01143      8.00      2.00     3   4.6881
#          87       0.00587     10.99      1.00     4   4.7037
#          88       0.00537     17.24      1.00     2   4.7057
#          89       0.01037     15.55      2.00     4   4.7066
#          90       0.00452      5.07      2.00     4   4.7070
#          91       0.00596     10.91      1.00     4   4.7103
#          93       0.00458      5.61      2.00     4   4.7184
#          94       0.00462      5.57      2.00     4   4.7203
#          96       0.00614     10.73      1.00     4   4.7264
#          97       0.00539     17.02      1.00     2   4.7286
#          98       0.00479      4.12      2.00     4   4.7317
#          99       0.00617     10.62      1.00     4   4.7369
#         100       0.00993     17.10      2.00     4   4.7410
#         101       0.03805      6.95      1.00     4   4.7430
#         102       0.02071      4.87      2.00     4   4.7438
#         103       0.00553     59.64      2.00     3   4.7483
#         104       0.01404      4.58      1.00     4   4.7579
#         106       0.00552     57.07      2.00     3   4.7773
#         107       0.01211      8.54      2.00     4   4.7809
#         108       0.00615     62.61      1.00     4   4.7909
#         109       0.02629      4.57      1.00     2   4.7951
#         110       0.01898     11.23      2.00     5   4.8052
#         112       0.00651      6.08      1.00     4   4.8187
#         113       0.00649     12.73      1.00     4   4.8198
#         116       0.00623     59.39      1.00     4   4.8260
#         119       0.00947     39.36      2.00     5   4.8392
#         120       0.01988     11.73      2.00     5   4.8420
#         121       0.00947     31.60      2.00     5   4.8434
#         122       0.01882     10.75      2.00     3   4.8750
#         123       0.00544      8.32      2.00     4   4.8762
#         124       0.00719      5.11      2.00     3   4.8788
#         125       0.01251      7.65      2.00     4   4.8790
#         126       0.00720      5.01      2.00     3   4.8989
#         127       0.02015      4.32      1.00     2   4.9014
#         128       0.01196      9.27      2.00     4   4.9089
#         129       0.00485     29.94      2.00     3   4.9198
#         130       0.01200      8.59      2.00     4   4.9196
#         132       0.01508      9.18      2.00     5   4.9213
#         133       0.00486     31.41      2.00     3   4.9280
#         135       0.00537     12.38      2.00     4   4.9578
#         136       0.01599      8.74      2.00     5   4.9576
#         137       0.00454     55.17      2.00     4   4.9624
#         138       0.00453     55.70      2.00     4   4.9767
#         139       0.02338      5.81      2.00     3   4.9914
#         140       0.01496      4.14      2.00     5   4.9913
#         141       0.00509      8.58      2.00     4   4.9943
#         142       0.00503     11.61      2.00     4   4.9943
#         143       0.01427      9.72      2.00     4   4.9965
#         144       0.04027      5.81      1.00     4   4.9981
#         145       0.01588      8.46      2.00     5   5.0056
#         151       0.01542     15.28      2.00     3   5.0208
#         152       0.00958     16.90      2.00     5   5.0208
#         153       0.01547      4.29      2.00     5   5.0236
#         154       0.01939      4.05      1.00     2   5.0292
#         155       0.00964     13.01      2.00     5   5.0295
#         156       0.02205      4.04      1.00     2   5.0309
#         157       0.02164      4.04      1.00     2   5.0322
#         158       0.00827      4.77      2.00     3   5.0374
#         159       0.01606      5.77      2.00     3   5.0384
#         160       0.01546      7.56      2.00     4   5.0384
#         161       0.01760     10.27      2.00     3   5.0457
#         162       0.00871      7.20      2.00     3   5.0720
#         164       0.02287      7.04      2.00     3   5.0814
#         165       0.00878      7.07      2.00     3   5.0970
#         166       0.00655      8.20      1.00     4   5.0997
#         168       0.00879      6.72      2.00     3   5.1078
#         169       0.00947     17.35      2.00     4   5.1146
#         170       0.00527     18.08      1.00     4   5.1274
#         171       0.00691      8.10      1.00     4   5.1287
#         172       0.01575      6.56      2.00     3   5.1315
#         173       0.00696      8.04      1.00     4   5.1319
#         174       0.00532     16.25      1.00     4   5.1339
#         175       0.00704      4.96      2.00     3   5.1354
#         176       0.00641      8.21      1.00     4   5.1352
#         177       0.01671      6.33      1.00     4   5.1375
#         178       0.01318     14.86      1.00     4   5.1401
#         179       0.00950     16.77      2.00     4   5.1456
#         180       0.00988     16.97      2.00     4   5.1504
#         181       0.00865      6.35      2.00     3   5.1534
#         182       0.00708      5.36      2.00     3   5.1585
#         183       0.01450     13.60      2.00     3   5.1640
#         186       0.01473      7.08      2.00     3   5.1840
#         187       0.02174     10.04      2.00     3   5.1839
#         188       0.02173      9.97      2.00     3   5.1868
#         189       0.00471     40.05      2.00     4   5.2005
#         190       0.00987     16.21      2.00     4   5.2020
#         191       0.02158     10.64      2.00     3   5.2080
#         192       0.00468     40.51      2.00     4   5.2111
#         193       0.02173     11.24      2.00     3   5.2167
#         195       0.01192      7.93      2.00     5   5.2254
#         196       0.01248     12.70      2.00     5   5.2279
#         198       0.01650      8.03      2.00     3   5.2349
#         199       0.00490     88.25      2.00     5   5.2431
#         200       0.01480      7.72      2.00     3   5.2484
#         202       0.01747      7.86      2.00     6   5.2515
#         203       0.01654      7.68      2.00     3   5.2520
#         204       0.02967      4.76      2.00     3   5.2532
#         205       0.01254      7.45      2.00     4   5.2539
#         206       0.01632      8.28      2.00     3   5.2576
#         207       0.00493     87.39      2.00     5   5.2597
#         208       0.01321      8.60      2.00     4   5.2621
#         209       0.00573     12.33      2.00     5   5.2633
#         210       0.00555     22.11      2.00     5   5.2661
#         211       0.01283     10.01      2.00     5   5.2661
#         217       0.02353      5.53      2.00     4   5.2812
#         218       0.02250      5.27      2.00     4   5.2833
#         219       0.00937      4.96      1.00     6   5.2838
#         220       0.01001     16.83      1.00     6   5.2837
#         222       0.01852      8.17      2.00     6   5.2866
#         223       0.00941      6.28      1.00     6   5.2878
#         224       0.01622      8.07      2.00     3   5.2887
#         225       0.00990     13.34      1.00     6   5.2896
#         226       0.01188      5.10      2.00     4   5.2942
#         227       0.01600      6.36      1.00     4   5.2963
#         228       0.00700      5.18      2.00     4   5.2964
#         229       0.01333     12.57      1.00     4   5.2988
#         230       0.01238      9.96      2.00     4   5.3007
#         231       0.01161      6.97      2.00     4   5.3009
#         232       0.01165     14.05      2.00     4   5.3034
#         234       0.02282      5.10      2.00     4   5.3196
#         235       0.02623      4.64      2.00     3   5.3232
#         236       0.01244      9.70      2.00     4   5.3266
#         237       0.02411      9.06      1.00     4   5.3291
#         238       0.01248      9.26      2.00     4   5.3320
#         239       0.02392      7.17      1.00     4   5.3369
#         240       0.01257      9.69      2.00     4   5.3369
#         241       0.02410      8.13      1.00     4   5.3386
#         242       0.02419      7.08      1.00     4   5.3415
#         243       0.01294     24.77      2.00     5   5.3433
#         244       0.02192     17.34      2.00     5   5.3535
#         245       0.01254      9.34      2.00     4   5.3540
#         246       0.01220      8.07      2.00     5   5.3552
#         250       0.01624      4.21      2.00     4   5.3719
#         253       0.01304     23.86      2.00     5   5.3753
#         254       0.01326     24.49      2.00     5   5.3795
#         255       0.01249      9.45      2.00     4   5.3806
#         256       0.01131      8.33      2.00     4   5.3822
#         257       0.01128     14.55      2.00     4   5.3832
#         260       0.01597     11.44      2.00     4   5.3882
#         261       0.01600     10.35      2.00     4   5.3895
#         262       0.02276     18.80      2.00     5   5.3897
#         263       0.02823      4.74      2.00     4   5.3920
#         264       0.01985      4.71      2.00     4   5.3973
#         265       0.01599     11.85      2.00     4   5.4011
#         266       0.01109      4.37      2.00     5   5.4025
#         267       0.01589     10.02      2.00     4   5.4050
#         268       0.01980      4.56      2.00     5   5.4046
#         269       0.01282     11.52      2.00     4   5.4078
#         272       0.00694      9.34      2.00     3   5.4107
#         273       0.00475     45.65      2.00     5   5.4105
#         274       0.01523      4.16      2.00     4   5.4112
#         275       0.00480     42.89      2.00     5   5.4146
#         276       0.01153      5.36      2.00     3   5.4155
#         278       0.01646      5.69      2.00     4   5.4179
#         279       0.01165      5.09      2.00     3   5.4263
#         280       0.01131      9.36      2.00     4   5.4267
#         281       0.01329     23.82      2.00     5   5.4292
#         283       0.01993      4.67      2.00     4   5.4323
#         284       0.02012      4.56      2.00     4   5.4347
#         285       0.01515     10.52      2.00     3   5.4355
#         286       0.01493      5.08      1.00     4   5.4377
#         287       0.01491      4.71      1.00     4   5.4375
#         288       0.01131      5.78      2.00     3   5.4381
#         289       0.01473      8.91      1.00     4   5.4386
#         293       0.00493      7.34      2.00     5   5.4406
#         294       0.01168      4.09      2.00     5   5.4416
#         295       0.01122      6.67      2.00     5   5.4428
#         296       0.00637      9.94      2.00     3   5.4432
#         298       0.00651     10.60      2.00     3   5.4454
#         299       0.02944      4.68      2.00     4   5.4547
#         300       0.01130     11.84      2.00     4   5.4581
#         301       0.00614     11.38      2.00     3   5.4632
#         302       0.01124      5.75      2.00     3   5.4631
#         305       0.01467      4.38      1.00     4   5.4676
#         306       0.01135      8.98      2.00     4   5.4679
#         308       0.01502     10.32      2.00     3   5.4694
#         309       0.01470      8.71      1.00     4   5.4720
#         310       0.01246     11.59      2.00     4   5.4723
#         311       0.01489      4.90      1.00     4   5.4731
#         312       0.01488      4.34      1.00     4   5.4730
#         313       0.01130     11.54      2.00     4   5.4750
#         314       0.01128     11.83      2.00     4   5.4807
#         316       0.01226      5.48      2.00     5   5.4829
#         317       0.02019      4.47      2.00     4   5.4844
#         320       0.02114      4.20      2.00     5   5.4857
#         321       0.02591      5.37      2.00     5   5.4867
#         322       0.02354     22.79      1.00     6   5.4879
#         323       0.02421      4.64      2.00     4   5.4881
#         324       0.02151      8.10      2.00     5   5.4893
#         325       0.02300     18.35      1.00     6   5.4903
#         326       0.02085      5.24      2.00     6   5.5100
#         327       0.04228      5.25      2.00     6   5.5099
#         328       0.01123     11.50      2.00     4   5.5118
#         329       0.01073      7.14      2.00     5   5.5148
#         331       0.01103      6.10      2.00     5   5.5248
#         332       0.01178     23.32      2.00     5   5.5250
#         333       0.01221     11.56      2.00     5   5.5246
#         334       0.01071      7.19      2.00     5   5.5260
#         335       0.01083     25.19      2.00     5   5.5272
#         337       0.02246      4.21      2.00     3   5.5358
#         339       0.01137      7.93      2.00     5   5.5400
#         340       0.01805      7.38      2.00     5   5.5397
#         342       0.01240      7.87      2.00     4   5.5468
#         344       0.01115      7.29      2.00     5   5.5511
#         345       0.00774     16.23      2.00     5   5.5519
#         347       0.02093      5.09      2.00     6   5.5549
#         348       0.04136      5.09      2.00     6   5.5551
#         350       0.00853     12.10      1.00     4   5.5620
#         351       0.00806     10.90      2.00     5   5.5668
#         352       0.01169      8.39      2.00     4   5.5687
#         353       0.00774     16.58      2.00     5   5.5689
#         354       0.01175      7.11      2.00     4   5.5702
#         355       0.01823      8.06      2.00     5   5.5713
#         356       0.00787     16.13      2.00     5   5.5732
#         357       0.01170      8.88      2.00     4   5.5754
#         358       0.01194      7.57      2.00     5   5.5760
#         359       0.00800     15.99      2.00     5   5.5782
#         360       0.01170      6.75      2.00     4   5.5793
#         361       0.00802     10.91      2.00     5   5.5794
#         362       0.01120      7.60      2.00     5   5.5800
#         363       0.01242      6.30      2.00     4   5.5830
#         364       0.01136      7.79      2.00     4   5.5834
#         365       0.02336      4.37      2.00     3   5.5888
#         366       0.00542     13.01      2.00     4   5.6002
#         367       0.00840     10.85      2.00     5   5.6026
#         368       0.01135     19.65      2.00     5   5.6047
#         369       0.01196     13.38      2.00     5   5.6046
#         370       0.01070     24.23      2.00     5   5.6071
#         371       0.00549     11.93      2.00     4   5.6091
#         372       0.02296      4.05      2.00     3   5.6103
#         374       0.00537     13.89      2.00     4   5.6117
#         375       0.01122     16.56      2.00     5   5.6113
#         376       0.01123     15.78      2.00     5   5.6128
#         377       0.01076      9.54      2.00     3   5.6166
#         378       0.01075      5.78      2.00     4   5.6182
#         379       0.01073      6.65      2.00     4   5.6183
#         380       0.01064     16.48      2.00     4   5.6196
#         381       0.01122     16.99      2.00     5   5.6241
#         382       0.01144      6.19      2.00     4   5.6257
#         383       0.01116     15.70      2.00     5   5.6279
#         384       0.01318      5.63      2.00     4   5.6286
#         385       0.01145      6.28      2.00     4   5.6296
#         386       0.00888      6.74      2.00     4   5.6304
#         388       0.00836     10.87      2.00     5   5.6358
#         390       0.01061      5.49      2.00     4   5.6398
#         392       0.01180      7.63      2.00     5   5.6403
#         393       0.01180      5.39      2.00     5   5.6409
#         394       0.00651     10.00      2.00     4   5.6437
#         395       0.01733      8.55      2.00     5   5.6433
#         397       0.01072      9.57      2.00     3   5.6451
#         398       0.01106      7.92      2.00     4   5.6468
#         399       0.01072      5.23      2.00     4   5.6474
#         400       0.01072      6.56      2.00     4   5.6474
#         401       0.01060     16.48      2.00     4   5.6477
#         402       0.02312      7.61      2.00     5   5.6498
#         405       0.01137      6.84      2.00     4   5.6523
#         406       0.01071      6.75      2.00     5   5.6522
#         408       0.00737      8.91      2.00     4   5.6533
#         409       0.02461      4.27      2.00     4   5.6550
#         410       0.01181      8.58      2.00     5   5.6554
#         411       0.01181      8.70      2.00     5   5.6557
#         412       0.01137     13.46      2.00     4   5.6591
#         413       0.01102     15.98      2.00     5   5.6608
#         414       0.01108     16.60      2.00     5   5.6609
#         415       0.00888      6.66      2.00     4   5.6616
#         416       0.01135      7.16      2.00     4   5.6625
#         417       0.01116     24.71      2.00     5   5.6622
#         418       0.00988      6.59      2.00     4   5.6646
#         419       0.00743      7.21      2.00     4   5.6671
#         420       0.01907     19.36      2.00     6   5.6696
#         421       0.00984      6.55      2.00     4   5.6724
#         422       0.00677      8.04      2.00     4   5.6729
#         423       0.01212     13.77      2.00     6   5.6742
#         424       0.01920     15.55      2.00     6   5.6764
#         425       0.02472      4.67      2.00     4   5.6788
#         426       0.00561      7.54      2.00     4   5.6817
#         427       0.01432     15.11      2.00     5   5.6812
#         428       0.01394     16.35      2.00     5   5.6836
#         429       0.01056      6.81      2.00     5   5.6845
#         430       0.07770      6.95      2.00     6   5.6849
#         431       0.02093      6.98      2.00     6   5.6868
#         433       0.01145      6.45      2.00     5   5.6880
#         434       0.01112      6.49      2.00     5   5.6884
#         435       0.01185      8.40      2.00     5   5.6891
#         436       0.01098     12.22      2.00     5   5.6904
#         437       0.01142      8.83      2.00     5   5.6905
#         438       0.01184      8.36      2.00     5   5.6914
#         439       0.01110     14.02      2.00     5   5.6915
#         440       0.01130     13.19      2.00     4   5.6937
#         442       0.02625      4.88      2.00     5   5.6937
#         443       0.00639     36.79      1.00     6   5.6935
#         444       0.01345      5.92      2.00     4   5.6946
#         445       0.00634     35.79      1.00     6   5.6953
#         446       0.01114     24.10      2.00     5   5.6964
#         447       0.01104     15.01      2.00     5   5.6960
#         448       0.01106     15.96      2.00     5   5.6961
#         449       0.02261      6.79      2.00     5   5.6962
#         450       0.01070     15.77      2.00     5   5.7027
#         452       0.01110      9.30      2.00     5   5.7066
#         453       0.00607      7.36      1.00     6   5.7078
#         454       0.01850      6.82      2.00     5   5.7094
#         455       0.01206     12.16      2.00     6   5.7106
#         456       0.00615     10.52      1.00     6   5.7124
#         460       0.01053      5.41      2.00     4   5.7195
#         461       0.00858     12.66      1.00     4   5.7191
#         463       0.07719      7.41      2.00     6   5.7204
#         464       0.02065      7.54      2.00     6   5.7203
#         466       0.02537      4.10      2.00     4   5.7273
#         468       0.01110      6.32      2.00     5   5.7384
#         469       0.01814      5.28      2.00     5   5.7442
#         470       0.01072      5.51      2.00     5   5.7455
#         471       0.01063     10.87      2.00     5   5.7479
#         472       0.01780      5.08      2.00     5   5.7483
#         475       0.06244      4.92      2.00     6   5.7598
#         476       0.01796      7.07      2.00     5   5.7621
#         477       0.03130      4.90      2.00     6   5.7616
#         479       0.01189      4.18      2.00     3   5.7712
#         480       0.01720      7.21      2.00     5   5.7727
#         481       0.01174      7.18      2.00     4   5.7743
#         482       0.01217     12.13      2.00     5   5.7748
#         483       0.01655      5.82      2.00     5   5.7759
#         484       0.01204     14.98      2.00     5   5.7763
#         485       0.02282      6.46      2.00     5   5.7770
#         486       0.01210      9.45      2.00     5   5.7787
#         487       0.01135      8.00      2.00     5   5.7791
#         490       0.01089     15.24      2.00     5   5.7816
#         491       0.01739      5.73      2.00     5   5.7813
#         492       0.01220     11.06      2.00     5   5.7829
#         494       0.01222      9.53      2.00     5   5.7843
#         495       0.01182      4.38      2.00     3   5.7852
#         496       0.01170      7.47      2.00     4   5.7878
#         497       0.01735      5.38      2.00     5   5.7903
#         499       0.01113      7.94      2.00     5   5.7908
#         501       0.01739     19.26      2.00     6   5.7955
#         502       0.01609      4.15      2.00     5   5.7964
#         505       0.01824     13.89      2.00     6   5.7998
#         506       0.00970      7.50      1.00     4   5.8006
#         510       0.01725     19.26      2.00     6   5.8091
#         512       0.01145     13.14      2.00     5   5.8138
#         514       0.01226      6.06      2.00     5   5.8149
#         518       0.00974      7.66      1.00     4   5.8234
#         522       0.01064      6.71      2.00     5   5.8284
#         523       0.01056     11.03      2.00     5   5.8294
#         524       0.00973     12.06      2.00     4   5.8307
#         526       0.01320     19.04      2.00     6   5.8318
#         527       0.00990      8.12      2.00     5   5.8324
#         528       0.00992      7.24      2.00     5   5.8323
#         529       0.00974     21.82      2.00     5   5.8337
#         530       0.01429      4.45      2.00     5   5.8336
#         532       0.01856     15.33      2.00     6   5.8342
#         533       0.01597      9.98      2.00     5   5.8349
#         535       0.01587      8.48      2.00     5   5.8387
#         537       0.01598      9.22      2.00     5   5.8404
#         538       0.01602      8.36      2.00     5   5.8418
#         539       0.01227     10.61      2.00     5   5.8414
#         540       0.01212     11.71      2.00     5   5.8414
#         541       0.01544      5.03      2.00     5   5.8419
#         542       0.01554      4.70      2.00     5   5.8420
#         543       0.00948     24.75      2.00     5   5.8432
#         544       0.00971     12.61      2.00     4   5.8445
#         545       0.00970     22.62      2.00     5   5.8471
#         546       0.00989      8.36      2.00     5   5.8468
#         547       0.00990      6.91      2.00     5   5.8467
#         550       0.01739      4.30      1.00     6   5.8512
#         551       0.01132     10.18      2.00     5   5.8523
#         552       0.00963      6.91      2.00     5   5.8539
#         556       0.01061      6.15      2.00     5   5.8628
#         557       0.01342     19.23      2.00     6   5.8630
#         558       0.01420      4.36      2.00     5   5.8640
#         559       0.01596      4.57      2.00     5   5.8641
#         560       0.01026      7.31      2.00     5   5.8660
#         561       0.01023      8.79      2.00     5   5.8660
#         562       0.01917      4.33      2.00     5   5.8672
#         563       0.01480      4.34      2.00     5   5.8677
#         564       0.01552      4.89      2.00     5   5.8701
#         565       0.01537      4.57      2.00     5   5.8699
#         566       0.01047      6.88      2.00     5   5.8697
#         568       0.01221      9.79      2.00     5   5.8703
#         569       0.01204     11.48      2.00     5   5.8705
#         570       0.00963      6.85      2.00     5   5.8712
#         571       0.00949     24.63      2.00     5   5.8721
#         572       0.02043      4.90      2.00     6   5.8738
#         573       0.01506      7.34      2.00     6   5.8740
#         574       0.01752     16.18      2.00     6   5.8741
#         575       0.02217      4.01      2.00     5   5.8761
#         577       0.01781      6.80      2.00     6   5.8763
#         579       0.01203     15.55      1.00     6   5.8840
#         580       0.01215     15.34      1.00     6   5.8840
#         581       0.01609     12.16      2.00     6   5.8846
#         582       0.01605     12.39      2.00     6   5.8845
#         583       0.00963     20.35      1.00     6   5.8857
#         584       0.01410      7.43      2.00     4   5.8878
#         585       0.01378     13.32      2.00     5   5.8908
#         587       0.05750     11.57      2.00     7   5.8965
#         588       0.02040      4.17      2.00     4   5.8982
#         589       0.03255     11.35      2.00     7   5.8984
#         592       0.01398      7.51      2.00     4   5.9032
#         593       0.01373     13.40      2.00     5   5.9058
#         596       0.01071      8.18      2.00     5   5.9088
#         597       0.01070      8.09      2.00     5   5.9103
#         598       0.01381      5.82      2.00     5   5.9111
#         599       0.01398     10.61      2.00     5   5.9112
#         600       0.01255      5.90      1.00     6   5.9116
#         602       0.01989     34.34      2.00     6   5.9120
#         603       0.01087      5.78      1.00     6   5.9118
#         604       0.01109      6.77      1.00     6   5.9128
#         605       0.01955     34.15      2.00     6   5.9130
#         606       0.01227      7.79      1.00     6   5.9130
#         607       0.01384      7.12      2.00     5   5.9139
#         608       0.01135     11.74      1.00     6   5.9142
#         609       0.01113     12.55      1.00     6   5.9155
#         610       0.01469      4.19      2.00     5   5.9181
#         611       0.01116     10.67      2.00     5   5.9186
#         612       0.01599     12.06      2.00     6   5.9186
#         613       0.01626     11.93      2.00     6   5.9187
#         614       0.01196     14.90      1.00     6   5.9192
#         615       0.01208     14.61      1.00     6   5.9190
#         616       0.00966     19.75      1.00     6   5.9207
#         618       0.02369      6.49      2.00     6   5.9320
#         619       0.01911     38.88      2.00     7   5.9325
#         620       0.01064      7.90      2.00     5   5.9329
#         621       0.01859      4.66      2.00     7   5.9325
#         623       0.01800      4.90      2.00     7   5.9347
#         624       0.01331      4.66      2.00     5   5.9351
#         625       0.05801     11.97      2.00     7   5.9353
#         626       0.03379     11.90      2.00     7   5.9353
#         627       0.01908     31.26      2.00     7   5.9366
#         628       0.02262      4.05      2.00     5   5.9406
#         629       0.01334      4.85      2.00     5   5.9438
#         630       0.01060      7.81      2.00     5   5.9456
#         632       0.01182     28.53      2.00     5   5.9490
#         633       0.01170      6.36      2.00     5   5.9508
#         634       0.02266      4.20      2.00     5   5.9504
#         635       0.00966      6.64      2.00     4   5.9553
#         636       0.01537      8.13      2.00     5   5.9590
#         637       0.00964      7.10      2.00     4   5.9635
#         638       0.01513      7.32      2.00     5   5.9649
#         639       0.03048      8.62      2.00     5   5.9679
#         641       0.02120      5.36      2.00     5   5.9705
#         642       0.01013     21.67      2.00     6   5.9717
#         643       0.01821     10.59      2.00     6   5.9719
#         644       0.01368      4.40      2.00     5   5.9723
#         645       0.01757      4.87      2.00     6   5.9745
#         647       0.02368      6.31      2.00     6   5.9786
#         648       0.01486      5.20      2.00     5   5.9846
#         649       0.01341      8.34      2.00     6   5.9863
#         650       0.01126      5.88      2.00     5   5.9893
#         651       0.00968      7.17      2.00     4   5.9900
#         652       0.02177      4.64      2.00     5   5.9902
#         654       0.01006      6.71      2.00     5   5.9931
#         655       0.00956     11.32      2.00     5   5.9978
#         657       0.01708     13.72      2.00     6   6.0021
#         658       0.02119      5.04      2.00     6   6.0021
#         659       0.01592      7.90      2.00     6   6.0019
#         660       0.00863      7.62      1.00     6   6.0027
#         661       0.01365      4.39      2.00     5   6.0040
#         662       0.00866      7.61      1.00     6   6.0041
#         663       0.01805      6.46      2.00     6   6.0046
#         666       0.01828      6.65      2.00     5   6.0107
#         668       0.05000      7.49      2.00     6   6.0109
#         669       0.00954     11.65      2.00     5   6.0122
#         670       0.01132      5.29      2.00     5   6.0129
#         671       0.01111      6.32      2.00     5   6.0130
#         672       0.01793     11.37      2.00     6   6.0127
#         673       0.01056     20.33      2.00     5   6.0147
#         675       0.01692      4.55      2.00     6   6.0152
#         676       0.01489      5.07      2.00     5   6.0158
#         677       0.00863      7.46      1.00     6   6.0177
#         678       0.01529      4.89      2.00     5   6.0203
#         679       0.01862      4.28      2.00     5   6.0205
#         680       0.01353      8.07      2.00     6   6.0205
#         681       0.01133      4.96      2.00     5   6.0211
#         682       0.01106      6.64      2.00     5   6.0212
#         683       0.01052     21.66      2.00     5   6.0228
#         684       0.02188      4.51      2.00     5   6.0224
#         686       0.00884      7.40      1.00     6   6.0244
#         687       0.01864      5.08      2.00     5   6.0250
#         688       0.02209      4.34      2.00     5   6.0262
#         689       0.01017      4.66      2.00     5   6.0269
#         690       0.01011      5.39      2.00     5   6.0278
#         691       0.01013      5.72      2.00     5   6.0275
#         692       0.01251     35.54      2.00     5   6.0274
#         693       0.01717      6.21      2.00     5   6.0332
#         695       0.00633     13.65      2.00     5   6.0429
#         696       0.00629     14.54      2.00     5   6.0447
#         697       0.01727      6.03      2.00     5   6.0468
#         698       0.01161      5.06      2.00     5   6.0476
#         699       0.01789      6.31      2.00     6   6.0484
#         701       0.01181     16.36      2.00     6   6.0510
#         702       0.01135      4.32      2.00     6   6.0509
#         703       0.01916      4.55      2.00     6   6.0519
#         704       0.01038     21.78      2.00     6   6.0534
#         705       0.01780      5.52      2.00     6   6.0558
#         706       0.01086     13.22      2.00     6   6.0555
#         707       0.01072     14.02      2.00     6   6.0556
#         709       0.01082     36.81      2.00     6   6.0573
#         710       0.01124     13.30      2.00     6   6.0579
#         711       0.01728      6.12      2.00     5   6.0611
#         712       0.01120     12.99      2.00     6   6.0617
#         713       0.01128     12.96      2.00     6   6.0636
#         714       0.00630     15.21      2.00     5   6.0639
#         715       0.01130     12.73      2.00     6   6.0650
#         716       0.00943      7.03      2.00     4   6.0677
#         720       0.01071     12.99      2.00     6   6.0697
#         721       0.01052     14.28      2.00     6   6.0699
#         723       0.00982     12.39      2.00     5   6.0718
#         724       0.01084     37.72      2.00     6   6.0714
#         725       0.01529      4.59      2.00     5   6.0721
#         726       0.02963      7.90      2.00     5   6.0738
#         727       0.02209      4.10      2.00     5   6.0763
#         728       0.01722      5.87      2.00     5   6.0783
#         729       0.00977     12.71      2.00     5   6.0815
#         730       0.01076     10.51      2.00     6   6.0818
#         732       0.01076     10.68      2.00     6   6.0831
#         738       0.01140      5.45      2.00     6   6.0872
#         739       0.01094      7.55      2.00     6   6.0875
#         740       0.01082     14.75      2.00     6   6.0875
#         741       0.01083     15.59      2.00     6   6.0875
#         743       0.05090      8.61      2.00     6   6.0878
#         744       0.02129      4.20      2.00     5   6.0883
#         746       0.01796      5.57      2.00     5   6.0899
#         747       0.01386     14.30      2.00     6   6.0897
#         748       0.02064      5.91      2.00     6   6.0897
#         749       0.02039      7.42      2.00     6   6.0896
#         750       0.01350     16.16      2.00     6   6.0900
#         751       0.01762      4.53      2.00     6   6.0917
#         752       0.02120      5.95      2.00     6   6.0917
#         753       0.01081     13.44      2.00     6   6.0936
#         754       0.00831      4.92      2.00     5   6.0953
#         756       0.01742      6.77      2.00     6   6.0986
#         757       0.01870      8.38      2.00     6   6.0986
#         758       0.01074     10.78      2.00     6   6.0984
#         759       0.01078     13.91      2.00     6   6.0992
#         761       0.01074     10.23      2.00     6   6.1003
#         763       0.01734      7.44      2.00     6   6.1044
#         767       0.00863      4.84      2.00     5   6.1092
#         768       0.01618      6.23      2.00     6   6.1095
#         770       0.01033     13.50      2.00     5   6.1114
#         771       0.01008     12.17      2.00     6   6.1130
#         772       0.01008     12.54      2.00     6   6.1131
#         773       0.01013     10.61      2.00     6   6.1131
#         774       0.01016     10.63      2.00     6   6.1130
#         776       0.01767      4.14      2.00     7   6.1141
#         777       0.01815     17.13      2.00     7   6.1141
#         778       0.01022     25.92      2.00     6   6.1144
#         779       0.00989     20.61      2.00     6   6.1144
#         781       0.01477     10.14      2.00     5   6.1165
#         782       0.02578     11.84      2.00     5   6.1162
#         784       0.01722      7.57      2.00     6   6.1183
#         785       0.00873      4.80      2.00     5   6.1187
#         786       0.01748      4.24      2.00     7   6.1208
#         788       0.01798     13.27      2.00     7   6.1227
#         790       0.02051      4.03      2.00     5   6.1237
#         791       0.01053      4.38      2.00     6   6.1252
#         792       0.01067     11.98      2.00     6   6.1257
#         793       0.01197     14.02      2.00     6   6.1257
#         795       0.01026     13.74      2.00     5   6.1275
#         796       0.02219      6.48      2.00     6   6.1285
#         798       0.01018     26.30      2.00     6   6.1302
#         799       0.01063     13.08      2.00     6   6.1299
#         800       0.00987     20.62      2.00     6   6.1302
#         801       0.01008     12.04      2.00     6   6.1298
#         802       0.01009     12.60      2.00     6   6.1299
#         803       0.01196     14.30      2.00     6   6.1299
#         804       0.01006     10.33      2.00     6   6.1299
#         805       0.01020     10.44      2.00     6   6.1298
#         806       0.01452      7.74      2.00     5   6.1307
#         807       0.02189      6.16      2.00     6   6.1313
#         808       0.02191      6.27      2.00     6   6.1317
#         811       0.01018      4.76      2.00     6   6.1325
#         814       0.01005     10.23      2.00     6   6.1349
#         815       0.01765      5.78      2.00     6   6.1353
#         816       0.01026     10.63      2.00     6   6.1349
#         817       0.01908      6.84      2.00     6   6.1353
#         819       0.01014      6.50      2.00     6   6.1368
#         820       0.01000     11.67      2.00     6   6.1378
#         822       0.01030     13.19      2.00     6   6.1378
#         823       0.02928      8.20      2.00     5   6.1388
#         824       0.01826      7.23      2.00     6   6.1406
#         825       0.02102      4.69      2.00     5   6.1413
#         827       0.01623      5.44      2.00     6   6.1444
#         832       0.01158      4.65      2.00     5   6.1585
#         833       0.00995      6.55      2.00     4   6.1607
#         834       0.00967     12.82      2.00     5   6.1629
#         835       0.01763      8.34      2.00     6   6.1638
#         836       0.01128      4.72      2.00     5   6.1641
#         839       0.00970     11.64      2.00     5   6.1694
#         841       0.01792      7.16      2.00     6   6.1722
#         843       0.01766      8.63      2.00     6   6.1735
#         844       0.02536      5.66      2.00     5   6.1745
#         846       0.02289      5.91      2.00     5   6.1775
#         848       0.01943      4.42      2.00     6   6.1791
#         850       0.01850      4.67      2.00     5   6.1837
#         851       0.03127      5.81      2.00     6   6.1844
#         856       0.03080      8.41      2.00     5   6.1998
#         858       0.01171      4.70      2.00     5   6.2004
#         860       0.00703     15.40      2.00     5   6.2019
#         861       0.01813      7.89      2.00     6   6.2014
#         866       0.01875      5.89      2.00     6   6.2079
#         867       0.01812      9.23      2.00     6   6.2078
#         868       0.04316     14.05      2.00     6   6.2082
#         873       0.01842      8.30      2.00     6   6.2133
#         875       0.01777      9.82      2.00     6   6.2133
#         879       0.01823      4.25      2.00     5   6.2162
#         881       0.00593     15.34      1.00     4   6.2213
#         882       0.01186      5.80      2.00     5   6.2216
#         883       0.01933      6.83      2.00     6   6.2219
#         884       0.01038     21.63      1.00     6   6.2222
#         885       0.02077     10.32      2.00     6   6.2219
#         886       0.01762     12.24      2.00     6   6.2225
#         887       0.01832      4.03      2.00     5   6.2232
#         888       0.01921      5.38      2.00     5   6.2247
#         889       0.02058      9.61      2.00     6   6.2251
#         891       0.01192      5.43      2.00     5   6.2265
#         893       0.01043     19.96      1.00     6   6.2288
#         894       0.03372      5.67      1.00     6   6.2304
#         896       0.01807      7.91      2.00     6   6.2312
#         897       0.02946      7.44      2.00     6   6.2330
#         898       0.02695     13.29      1.00     6   6.2356
#         900       0.01779      8.97      2.00     6   6.2389
#         901       0.04432     13.64      2.00     6   6.2384
#         903       0.01888      5.71      2.00     6   6.2407
#         907       0.01877      8.92      2.00     6   6.2436
#         909       0.04373     13.79      2.00     6   6.2441
#         910       0.00591     14.97      1.00     4   6.2449
#         911       0.01909      5.66      2.00     6   6.2444
#         912       0.01853      8.03      2.00     6   6.2455
#         915       0.01785      9.56      2.00     6   6.2455
#         923       0.01877      8.01      2.00     6   6.2494
#         924       0.01802      9.23      2.00     6   6.2494
#         932       0.01940      6.75      2.00     6   6.2521
#         934       0.01022      8.32      2.00     3   6.2566
#         936       0.01979      6.51      2.00     6   6.2581
#         937       0.01672     10.48      2.00     6   6.2583
#         938       0.00971      5.43      2.00     3   6.2589
#         939       0.01080      6.57      2.00     5   6.2589
#         940       0.02587     10.58      2.00     5   6.2596
#         942       0.03060      5.49      2.00     6   6.2611
#         943       0.01565     71.41      2.00     5   6.2639
#         944       0.01093      4.57      1.00     6   6.2645
#         947       0.01031      6.10      2.00     6   6.2692
#         950       0.01043      5.85      2.00     6   6.2737
#         954       0.02313      7.86      2.00     5   6.2770
#         956       0.01822      5.64      2.00     5   6.2795
#         957       0.00912     17.84      2.00     5   6.2799
#         958       0.02376      7.79      2.00     5   6.2800
#         959       0.00979     19.37      2.00     6   6.2809
#         960       0.00984     18.26      2.00     6   6.2859
#         965       0.00917      7.05      2.00     4   6.2921
#         967       0.01914      5.39      2.00     6   6.2924
#         968       0.01574     68.84      2.00     5   6.2935
#         969       0.01112      8.04      2.00     6   6.2936
#         970       0.01104      8.52      2.00     6   6.2937
#         973       0.04470     13.26      2.00     6   6.2947
#         974       0.01001     24.74      2.00     6   6.2954
#         975       0.01847      8.48      2.00     6   6.2951
#         979       0.01685     10.64      2.00     6   6.2982
#         980       0.01878      7.68      2.00     6   6.2993
#         981       0.01805      8.69      2.00     6   6.2993
#         987       0.02358      8.20      2.00     5   6.3012
#         991       0.01103      7.78      2.00     6   6.3041
#         992       0.01079      8.48      2.00     6   6.3043
#         994       0.01001     25.70      2.00     6   6.3058
#         995       0.01979      6.20      2.00     6   6.3062
#         996       0.01586     90.85      1.00     6   6.3065
#         997       0.01031      5.27      2.00     6   6.3073
#         998       0.02316      8.57      2.00     5   6.3099
#         999       0.00970      5.11      2.00     6   6.3105
#        1000       0.00980      6.43      2.00     6   6.3123
#        1002       0.01013      5.64      2.00     6   6.3160
#        1003       0.01587      7.73      2.00     7   6.3185
#        1004       0.05337     12.66      2.00     7   6.3193
#        1005       0.00925      7.07      2.00     4   6.3197
#        1007       0.01860      4.26      2.00     7   6.3209
#        1008       0.02400      9.90      2.00     7   6.3211
#        1009       0.01830     15.16      2.00     7   6.3211
#        1010       0.02835     13.11      2.00     7   6.3211
#        1013       0.01743      5.42      2.00     7   6.3236
#        1015       0.01727      6.61      2.00     5   6.3280
#        1017       0.01188      4.39      2.00     4   6.3319
#        1018       0.00942     13.65      2.00     5   6.3347
#        1019       0.01348     17.51      1.00     6   6.3360
#        1020       0.01395     26.82      1.00     6   6.3358
#        1021       0.01100     20.35      2.00     7   6.3362
#        1022       0.01095     19.86      2.00     7   6.3362
#        1023       0.01762      8.41      2.00     7   6.3368
#        1024       0.01410      7.16      2.00     7   6.3367
#        1025       0.01397      7.68      2.00     7   6.3368
#        1026       0.01015     46.46      2.00     7   6.3380
#        1027       0.00943      6.81      2.00     3   6.3386
#        1028       0.01075      7.01      2.00     5   6.3395
#        1029       0.01412      5.20      1.00     6   6.3396
#        1031       0.01598     86.57      1.00     6   6.3422
#        1032       0.01417      5.07      1.00     6   6.3430
#        1033       0.01838      6.13      2.00     5   6.3440
#        1036       0.01718      6.35      2.00     5   6.3450
#        1038       0.02899      6.77      2.00     6   6.3468
#        1041       0.01707      6.77      2.00     5   6.3507
#        1043       0.01676      8.73      2.00     7   6.3524
#        1044       0.01422      8.12      2.00     7   6.3525
#        1045       0.01373      8.79      2.00     7   6.3524
#        1046       0.01090     20.25      2.00     7   6.3528
#        1047       0.01071     19.28      2.00     7   6.3529
#        1048       0.02209      7.82      2.00     6   6.3549
#        1049       0.01016     46.88      2.00     7   6.3545
#        1051       0.01863      4.18      2.00     6   6.3553
#        1055       0.01137     14.73      2.00     7   6.3563
#        1056       0.01369     28.30      2.00     7   6.3565
#        1057       0.01578     27.81      2.00     7   6.3565
#        1058       0.01538      5.27      2.00     7   6.3574
#        1059       0.02306      5.02      2.00     6   6.3575
#        1063       0.01062     20.81      2.00     7   6.3587
#        1064       0.01099     15.55      2.00     7   6.3591
#        1065       0.01862     12.73      2.00     7   6.3590
#        1067       0.02431      8.49      2.00     7   6.3593
#        1068       0.02930     14.05      2.00     7   6.3593
#        1069       0.01364     28.65      2.00     7   6.3593
#        1070       0.01162      4.97      2.00     7   6.3593
#        1071       0.05231      9.94      2.00     7   6.3594
#        1072       0.01573     28.44      2.00     7   6.3593
#        1075       0.01082     24.16      2.00     7   6.3617
#        1076       0.01817      5.26      2.00     7   6.3615
#        1078       0.00722      7.16      2.00     4   6.3661
#        1079       0.02669      5.56      2.00     7   6.3663
#        1080       0.01326      4.74      2.00     4   6.3671
#        1082       0.00957     13.32      2.00     5   6.3683
#        1083       0.02771      4.61      2.00     7   6.3700
#        1085       0.00955      7.82      2.00     5   6.3761
#        1087       0.00947      6.73      2.00     5   6.3770
#        1090       0.01691      6.61      2.00     5   6.3819
#        1093       0.03233      5.72      1.00     6   6.3894
#        1094       0.02587      4.79      2.00     6   6.3896
#        1096       0.02949      6.84      2.00     6   6.3919
#        1097       0.03109      6.57      2.00     5   6.3923
#        1098       0.01026     19.10      2.00     6   6.3935
#        1099       0.02207      6.44      2.00     6   6.3939
#        1101       0.02181      6.43      2.00     6   6.3938
#        1103       0.00825     12.80      2.00     5   6.3944
#        1105       0.02721     11.27      1.00     6   6.3944
#        1106       0.04086      9.06      2.00     6   6.3943
#        1109       0.01154      7.41      2.00     4   6.3965
#        1110       0.01730      4.42      2.00     6   6.3966
#        1112       0.01644      4.38      2.00     6   6.3964
#        1113       0.01532     13.00      2.00     6   6.3964
#        1115       0.02093      6.38      2.00     6   6.3977
#        1116       0.02051      5.96      2.00     6   6.3983
#        1117       0.01929     12.66      2.00     6   6.3988
#        1119       0.01021      4.18      2.00     6   6.4035
#        1120       0.01543      9.33      2.00     6   6.4035
#        1123       0.02039      4.49      2.00     6   6.4076
#        1126       0.01543      8.38      2.00     6   6.4112
#        1127       0.01185      4.01      2.00     4   6.4119
#        1128       0.01791      4.60      2.00     6   6.4120
#        1129       0.01653      4.86      2.00     6   6.4120
#        1133       0.01998      4.64      2.00     6   6.4139
#        1134       0.00804     11.33      2.00     5   6.4146
#        1136       0.04167      8.83      2.00     6   6.4194
#        1137       0.02202      6.41      2.00     6   6.4198
#        1140       0.02263      7.52      1.00     6   6.4223
#        1141       0.01775     11.71      2.00     6   6.4249
#        1142       0.02881      8.24      2.00     6   6.4251
#        1143       0.01736      5.89      2.00     6   6.4261
#        1144       0.01823      4.09      2.00     6   6.4276
#        1145       0.02281      5.63      2.00     6   6.4301
#        1146       0.02326      6.20      1.00     6   6.4299
#        1147       0.01071      6.93      2.00     5   6.4306
#        1148       0.00666      4.01      2.00     5   6.4306
#        1151       0.04013      8.91      2.00     6   6.4306
#        1152       0.02312      6.88      1.00     6   6.4318
#        1154       0.01671      6.77      2.00     5   6.4337
#        1155       0.01744      5.60      2.00     6   6.4332
#        1156       0.01368      7.16      2.00     5   6.4345
#        1157       0.02367      6.14      1.00     6   6.4346
#        1158       0.00694     29.33      2.00     5   6.4355
#        1159       0.01522     14.10      2.00     6   6.4355
#        1160       0.02196     18.83      2.00     7   6.4365
#        1161       0.04298     24.42      2.00     7   6.4369
#        1162       0.01722      5.56      2.00     7   6.4364
#        1163       0.02140     10.47      2.00     7   6.4370
#        1164       0.01603      6.41      2.00     7   6.4382
#        1166       0.00693     30.09      2.00     5   6.4442
#        1168       0.00973     12.13      2.00     6   6.4460
#        1169       0.03370     17.49      2.00     7   6.4467
#        1172       0.02172      8.51      2.00     6   6.4472
#        1173       0.01578      7.86      2.00     7   6.4482
#        1174       0.02679      4.99      2.00     6   6.4496
#        1175       0.00976     11.18      2.00     6   6.4501
#        1178       0.00736      7.31      2.00     4   6.4615
#        1181       0.02152     10.30      2.00     7   6.4679
#        1182       0.04415     23.57      2.00     7   6.4681
#        1184       0.02192     18.26      2.00     7   6.4685
#        1185       0.01720      5.36      2.00     7   6.4684
#        1186       0.01608      6.20      2.00     7   6.4701
#        1187       0.02414      4.01      2.00     6   6.4709
#        1189       0.02265     18.20      2.00     7   6.4727
#        1190       0.01744      5.43      2.00     7   6.4727
#        1191       0.02268      5.17      2.00     6   6.4736
#        1193       0.04044      8.77      2.00     6   6.4732
#        1194       0.02147      9.99      2.00     7   6.4731
#        1195       0.04271     24.19      2.00     7   6.4732
#        1196       0.00977      4.04      2.00     6   6.4741
#        1197       0.01035     25.63      2.00     6   6.4737
#        1199       0.01637      6.28      2.00     7   6.4744
#        1201       0.02157      7.65      2.00     6   6.4753
#        1205       0.00705     72.41      2.00     6   6.4780
#        1206       0.01631      4.73      2.00     6   6.4778
#        1207       0.01959     13.03      2.00     6   6.4788
#        1210       0.02673      9.84      2.00     6   6.4813
#        1211       0.01698      4.23      2.00     6   6.4812
#        1212       0.01633      5.48      2.00     6   6.4826
#        1213       0.01697      4.19      2.00     6   6.4828
#        1214       0.02821      9.02      2.00     6   6.4827
#        1215       0.03486     18.91      2.00     7   6.4830
#        1216       0.02485      4.08      2.00     7   6.4830
#        1217       0.01633      5.24      2.00     6   6.4840
#        1220       0.01642      4.00      2.00     6   6.4920
#        1221       0.01770      4.75      2.00     6   6.4920
#        1222       0.01639      5.09      2.00     6   6.4920
#        1223       0.00707     73.08      2.00     6   6.4929
#        1224       0.01734      4.20      2.00     6   6.4944
#        1225       0.02613     10.13      2.00     6   6.4943
#        1226       0.01699      4.26      2.00     6   6.4942
#        1227       0.01631      5.68      2.00     6   6.4945
#        1229       0.01736      4.04      2.00     6   6.4958
#        1230       0.01453      5.96      2.00     6   6.4977
#        1231       0.01691      4.17      2.00     6   6.4981
#        1232       0.02772      8.76      2.00     6   6.4980
#        1233       0.02167      7.20      2.00     7   6.4977
#        1235       0.01626      5.26      2.00     6   6.4984
#        1236       0.01452      5.68      2.00     6   6.4993
#        1238       0.01831      4.22      2.00     6   6.5011
#        1240       0.02075     10.55      2.00     6   6.5033
#        1241       0.01334      5.26      2.00     7   6.5032
#        1242       0.01314      4.13      2.00     7   6.5031
#        1243       0.01250      9.05      2.00     5   6.5039
#        1244       0.01137     11.02      2.00     7   6.5035
#        1245       0.01119     11.43      2.00     7   6.5037
#        1248       0.00985     43.37      2.00     7   6.5052
#        1249       0.01189      8.35      2.00     5   6.5062
#        1250       0.02443      6.68      2.00     7   6.5067
#        1251       0.01735      4.30      2.00     6   6.5073
#        1252       0.01149     10.92      2.00     7   6.5077
#        1253       0.01694      4.74      2.00     7   6.5073
#        1254       0.01338      4.49      2.00     7   6.5082
#        1255       0.01144     11.22      2.00     7   6.5078
#        1257       0.00986     40.30      2.00     7   6.5095
#        1259       0.01453      6.14      2.00     6   6.5104
#        1260       0.00829     23.01      2.00     6   6.5103
#        1261       0.02970      5.28      2.00     6   6.5110
#        1262       0.01729      4.00      2.00     6   6.5113
#        1264       0.00817     16.38      2.00     6   6.5116
#        1265       0.01516      4.03      2.00     5   6.5122
#        1266       0.01422     15.32      2.00     6   6.5124
#        1267       0.01368      7.05      2.00     5   6.5140
#        1268       0.01082      6.04      2.00     5   6.5147
#        1269       0.01446      5.65      2.00     6   6.5145
#        1271       0.01190      8.73      2.00     5   6.5191
#        1275       0.02157      9.45      2.00     7   6.5220
#        1276       0.04366     23.63      2.00     7   6.5218
#        1277       0.02353      4.45      2.00     5   6.5226
#        1278       0.02253     17.40      2.00     7   6.5223
#        1279       0.01729      5.29      2.00     7   6.5224
#        1280       0.01640      6.13      2.00     7   6.5240
#        1284       0.00833      6.46      2.00     4   6.5308
#        1285       0.01800      8.10      2.00     5   6.5304
#        1286       0.01665      4.14      2.00     6   6.5308
#        1290       0.01661      5.44      2.00     6   6.5322
#        1291       0.01636      5.26      2.00     6   6.5321
#        1292       0.01126      8.05      2.00     7   6.5322
#        1294       0.01136     13.16      2.00     7   6.5321
#        1297       0.01821      7.74      1.00     6   6.5334
#        1302       0.01127     12.47      2.00     7   6.5338
#        1303       0.01856      5.24      2.00     6   6.5346
#        1304       0.01021      9.58      2.00     7   6.5343
#        1306       0.01128      7.85      2.00     7   6.5353
#        1308       0.01041     12.56      2.00     7   6.5362
#        1311       0.01095      9.89      2.00     7   6.5381
#        1312       0.01215      7.15      2.00     5   6.5386
#        1314       0.02281      4.97      2.00     5   6.5386
#        1315       0.01688      4.99      2.00     7   6.5410
#        1319       0.01588      4.44      2.00     6   6.5439
#        1320       0.01580      4.34      2.00     6   6.5439
#        1322       0.01102     10.80      2.00     7   6.5454
#        1323       0.01588      5.69      2.00     6   6.5468
#        1324       0.01589      5.64      2.00     6   6.5469
#        1325       0.01584      5.31      2.00     6   6.5472
#        1326       0.01577      5.14      2.00     6   6.5473
#        1327       0.01500      4.03      2.00     5   6.5488
#        1328       0.01194      4.99      2.00     5   6.5506
#        1329       0.02201      4.77      2.00     6   6.5512
#        1330       0.02101     10.56      2.00     6   6.5512
#        1332       0.02050      5.92      2.00     6   6.5530
#        1335       0.01560     11.98      2.00     6   6.5557
#        1336       0.02078      4.74      2.00     5   6.5563
#        1337       0.01103      4.25      2.00     7   6.5567
#        1338       0.00740      4.18      2.00     4   6.5569
#        1347       0.02861      6.67      2.00     5   6.5616
#        1352       0.01063      9.50      2.00     7   6.5637
#        1353       0.01079      9.60      2.00     7   6.5636
#        1354       0.01051     21.25      2.00     7   6.5639
#        1355       0.01773      7.94      2.00     5   6.5642
#        1360       0.01060      9.45      2.00     7   6.5653
#        1361       0.01075      9.47      2.00     7   6.5652
#        1363       0.01662      5.28      2.00     6   6.5665
#        1364       0.01638      5.01      2.00     6   6.5664
#        1366       0.01055     20.47      2.00     7   6.5666
#        1367       0.01788      7.58      1.00     6   6.5668
#        1368       0.01790      5.10      2.00     6   6.5682
#        1369       0.02238      4.68      2.00     6   6.5682
#        1370       0.02038     10.58      2.00     6   6.5679
#        1371       0.02076     10.27      2.00     6   6.5680
#        1373       0.02033      5.85      2.00     6   6.5697
#        1374       0.01258     10.86      2.00     7   6.5702
#        1377       0.01172      8.14      2.00     5   6.5728
#        1378       0.01690      4.29      2.00     6   6.5728
#        1379       0.01694      4.36      2.00     6   6.5733
#        1381       0.02199      4.66      2.00     6   6.5739
#        1382       0.02096     10.63      2.00     6   6.5739
#        1383       0.00699      4.83      2.00     4   6.5757
#        1384       0.02072      5.86      2.00     6   6.5756
#        1385       0.01245     11.26      2.00     7   6.5761
#        1393       0.02270      6.61      2.00     7   6.5786
#        1394       0.00961      5.07      2.00     4   6.5791
#        1395       0.01593      4.26      2.00     6   6.5793
#        1396       0.01582      4.08      2.00     6   6.5793
#        1397       0.01028      7.74      2.00     7   6.5795
#        1398       0.04524      5.36      2.00     7   6.5796
#        1400       0.10544      5.57      2.00     7   6.5798
#        1402       0.01589      5.51      2.00     6   6.5811
#        1403       0.01589      5.44      2.00     6   6.5812
#        1404       0.01594      5.15      2.00     6   6.5824
#        1408       0.07819      8.23      2.00     7   6.5824
#        1409       0.01581      4.88      2.00     6   6.5826
#        1410       0.02516      6.27      2.00     7   6.5827
#        1412       0.01041      9.81      2.00     7   6.5841
#        1413       0.00888      9.99      2.00     3   6.5845
#        1415       0.03771      8.03      2.00     7   6.5848
#        1417       0.00879      9.35      2.00     5   6.5877
#        1418       0.01692      6.94      2.00     5   6.5907
#        1420       0.01201      7.98      2.00     5   6.6027
#        1421       0.02233      4.51      2.00     6   6.6048
#        1422       0.02086     10.35      2.00     6   6.6050
#        1423       0.02094      5.74      2.00     6   6.6065
#        1425       0.03503      7.10      2.00     7   6.6084
#        1426       0.01514      4.23      2.00     7   6.6097
#        1427       0.00921     10.30      2.00     4   6.6111
#        1428       0.00869      9.15      2.00     5   6.6132
#        1429       0.01276     21.12      2.00     6   6.6154
#        1431       0.02430     11.54      2.00     7   6.6174
#        1432       0.02662      4.58      2.00     7   6.6177
#        1433       0.02150      6.85      2.00     7   6.6178
#        1434       0.02065      4.44      2.00     7   6.6183
#        1435       0.02318     24.59      2.00     7   6.6182
#        1437       0.03563      7.16      2.00     7   6.6188
#        1438       0.01961      7.20      2.00     7   6.6202
#        1439       0.02786      7.11      2.00     7   6.6200
#        1440       0.02267      7.68      2.00     7   6.6200
#        1441       0.02323     10.57      2.00     7   6.6204
#        1442       0.01509      4.29      2.00     7   6.6208
#        1443       0.02169     25.15      2.00     7   6.6226
#        1446       0.00915      9.01      2.00     5   6.6235
#        1448       0.00889     24.15      2.00     6   6.6302
#        1450       0.02859      6.30      2.00     7   6.6332
#        1451       0.02011      4.63      2.00     6   6.6398
#        1454       0.00672      4.94      2.00     4   6.6437
#        1455       0.00686     14.63      1.00     6   6.6436
#        1456       0.01740      4.43      2.00     6   6.6442
#        1457       0.01744      7.25      2.00     7   6.6447
#        1460       0.01252      8.36      2.00     6   6.6460
#        1461       0.01667      4.18      2.00     7   6.6459
#        1463       0.02660      6.44      2.00     5   6.6475
#        1465       0.01233     11.04      2.00     6   6.6478
#        1468       0.00688     13.40      1.00     6   6.6496
#        1469       0.00768      8.03      2.00     5   6.6516
#        1470       0.01332     20.45      2.00     6   6.6514
#        1471       0.00716      4.59      2.00     5   6.6536
#        1472       0.03240      9.35      2.00     6   6.6548
#        1473       0.00704      4.58      2.00     5   6.6569
#        1474       0.02604     14.11      2.00     6   6.6574
#        1475       0.01369      5.40      2.00     7   6.6600
#        1476       0.01509      7.24      2.00     6   6.6611
#        1477       0.00881     23.38      2.00     6   6.6619
#        1479       0.02869      7.36      2.00     6   6.6619
#        1482       0.00748      4.24      2.00     5   6.6632
#        1483       0.01780      5.11      2.00     6   6.6636
#        1484       0.02933      6.34      2.00     6   6.6633
#        1486       0.01785      4.90      2.00     6   6.6650
#        1487       0.01508      6.58      2.00     6   6.6652
#        1488       0.01989      4.87      2.00     7   6.6655
#        1489       0.00926     23.46      2.00     6   6.6661
#        1492       0.01057      9.05      2.00     7   6.6665
#        1493       0.01734     14.33      2.00     7   6.6665
#        1495       0.00742      4.22      2.00     5   6.6684
#        1497       0.02813      7.74      2.00     6   6.6687
#        1498       0.01531      6.64      2.00     6   6.6692
#        1499       0.02956      6.62      2.00     7   6.6693
#        1500       0.00913      8.65      2.00     5   6.6696
#        1502       0.01776      5.43      2.00     6   6.6702
#        1503       0.01514      6.28      2.00     6   6.6708
#        1504       0.01053      8.31      2.00     7   6.6714
#        1505       0.01705     12.94      2.00     7   6.6714
#        1506       0.02879      6.05      2.00     6   6.6723
#        1508       0.01356      5.32      2.00     7   6.6726
#        1509       0.01724      7.58      2.00     7   6.6726
#        1511       0.01774      5.05      2.00     6   6.6740
#        1512       0.00954     10.17      2.00     5   6.6745
#        1513       0.01678      4.34      2.00     7   6.6747
#        1514       0.01931      4.10      2.00     6   6.6760
#        1515       0.02173      4.18      2.00     6   6.6762
#        1516       0.02406      4.12      2.00     6   6.6762
#        1518       0.01990      4.77      2.00     7   6.6792
#        1519       0.02275      6.21      2.00     5   6.6799
#        1520       0.00722      4.68      2.00     5   6.6804
#        1521       0.00717      4.67      2.00     5   6.6827
#        1526       0.00716      4.64      2.00     5   6.6908
#        1527       0.01234      9.86      2.00     6   6.6935
#        1528       0.01413      5.47      2.00     7   6.6958
#        1530       0.01950      4.52      2.00     7   6.6960
#        1531       0.00737      4.60      2.00     5   6.6971
#        1532       0.02684      5.11      2.00     7   6.6976
#        1533       0.02227     20.91      2.00     7   6.6979
#        1534       0.01997      6.26      2.00     7   6.6978
#        1535       0.02388     13.33      2.00     7   6.6978
#        1536       0.01988      7.31      2.00     7   6.7001
#        1537       0.02264      8.98      2.00     7   6.7003
#        1538       0.02633      7.34      2.00     7   6.7002
#        1539       0.02226      8.04      2.00     7   6.7002
#        1540       0.01845      4.91      2.00     7   6.7017
#        1542       0.02145     24.04      2.00     7   6.7027
#        1544       0.01466      6.79      2.00     6   6.7035
#        1545       0.01724      6.37      2.00     7   6.7045
#        1546       0.02941     15.47      2.00     7   6.7045
#        1547       0.03046     14.79      2.00     7   6.7059
#        1548       0.01722      6.11      2.00     7   6.7059
#        1549       0.01785      9.20      2.00     7   6.7062
#        1550       0.01786      8.80      2.00     7   6.7076
#        1553       0.01833      7.51      2.00     5   6.7114
#        1556       0.02091      5.40      2.00     6   6.7113
#        1557       0.02041      6.17      2.00     6   6.7114
#        1560       0.01522      4.89      2.00     6   6.7131
#        1561       0.01520      5.03      2.00     6   6.7132
#        1562       0.01970     14.54      2.00     6   6.7144
#        1563       0.01071     57.35      2.00     6   6.7162
#        1564       0.01723      6.52      2.00     7   6.7172
#        1565       0.02907     15.81      2.00     7   6.7173
#        1566       0.00925     22.36      2.00     6   6.7183
#        1567       0.01455      4.57      2.00     6   6.7188
#        1568       0.01453      4.74      2.00     6   6.7188
#        1569       0.01793      9.44      2.00     7   6.7189
#        1570       0.02048      6.05      2.00     6   6.7205
#        1571       0.02976     14.69      2.00     7   6.7210
#        1572       0.01692      6.05      2.00     7   6.7211
#        1573       0.01781      8.76      2.00     7   6.7227
#        1574       0.02060      5.82      2.00     6   6.7245
#        1577       0.01075     57.60      2.00     6   6.7273
#        1580       0.01517      5.20      2.00     6   6.7279
#        1581       0.01516      5.28      2.00     6   6.7278
#        1582       0.01408      5.46      2.00     7   6.7289
#        1583       0.00706      5.70      2.00     5   6.7305
#        1584       0.01454      4.56      2.00     6   6.7333
#        1585       0.01452      4.85      2.00     6   6.7331
#        1587       0.03643      7.51      2.00     7   6.7335
#        1589       0.01867      4.94      2.00     7   6.7331
#        1591       0.03656      5.34      2.00     7   6.7338
#        1592       0.01754      4.38      2.00     7   6.7335
#        1593       0.01756      4.09      2.00     7   6.7342
#        1594       0.02020      4.91      2.00     7   6.7360
#        1596       0.06754      8.38      2.00     7   6.7364
#        1597       0.03454      8.49      2.00     7   6.7366
#        1599       0.01846      7.52      2.00     5   6.7398
#        1602       0.02094      4.90      2.00     6   6.7404
#        1605       0.02018      6.08      2.00     6   6.7407
#        1606       0.01523      4.76      2.00     6   6.7421
#        1607       0.01522      4.99      2.00     6   6.7422
#        1608       0.01935     14.52      2.00     6   6.7425
#        1609       0.02105      6.87      2.00     6   6.7424
#        1610       0.05336      8.09      2.00     7   6.7428
#        1611       0.01727      6.34      2.00     7   6.7427
#        1612       0.03737      7.74      2.00     7   6.7430
#        1613       0.01592     25.44      2.00     7   6.7439
#        1614       0.01125      6.96      2.00     5   6.7443
#        1615       0.02225      4.79      2.00     7   6.7455
#        1616       0.01228     10.35      2.00     6   6.7465
#        1617       0.02071      5.81      2.00     6   6.7471
#        1619       0.01815      5.56      2.00     7   6.7486
#        1620       0.01808      5.59      2.00     7   6.7489
#        1621       0.02988     10.86      2.00     5   6.7505
#        1622       0.02145      4.44      2.00     6   6.7523
#        1623       0.02164      4.49      2.00     6   6.7523
#        1624       0.01122      7.11      2.00     5   6.7534
#        1627       0.01783     12.22      2.00     6   6.7540
#        1628       0.01757      7.02      2.00     7   6.7540
#        1629       0.01752      6.83      2.00     7   6.7539
#        1630       0.02281     15.98      2.00     7   6.7539
#        1631       0.02257     16.62      2.00     7   6.7540
#        1632       0.01927      4.64      2.00     7   6.7545
#        1633       0.01920      4.70      2.00     7   6.7545
#        1634       0.02130      9.16      2.00     7   6.7553
#        1635       0.02137      9.12      2.00     7   6.7553
#        1636       0.01534      8.35      2.00     7   6.7557
#        1637       0.02123      8.09      2.00     7   6.7557
#        1640       0.01518      5.11      2.00     6   6.7569
#        1641       0.01518      5.22      2.00     6   6.7568
#        1642       0.02087      6.04      2.00     6   6.7573
#        1643       0.01797     24.55      2.00     7   6.7570
#        1644       0.01403      6.26      2.00     6   6.7579
#        1645       0.01078    149.80      2.00     7   6.7587
#        1646       0.01244      7.48      2.00     6   6.7603
#        1648       0.02620      6.08      2.00     5   6.7643
#        1649       0.00607      4.08      2.00     3   6.7650
#        1650       0.01376      5.15      2.00     6   6.7656
#        1651       0.01777      7.68      2.00     7   6.7671
#        1652       0.03050     10.59      2.00     5   6.7682
#        1653       0.01775      8.93      2.00     7   6.7704
#        1654       0.01784      8.86      2.00     7   6.7705
#        1655       0.02225      6.00      2.00     7   6.7729
#        1656       0.02940     10.78      2.00     5   6.7732
#        1658       0.01940     10.22      2.00     7   6.7743
#        1659       0.02975     15.51      2.00     7   6.7744
#        1660       0.02272      9.76      2.00     7   6.7744
#        1661       0.01065      8.47      2.00     6   6.7749
#        1662       0.01084    148.40      2.00     7   6.7760
#        1663       0.02742      4.97      2.00     7   6.7767
#        1664       0.01910     10.23      2.00     7   6.7766
#        1665       0.02302      4.15      2.00     7   6.7767
#        1666       0.02897     16.65      2.00     7   6.7768
#        1667       0.02308      7.80      2.00     7   6.7768
#        1668       0.02319      5.35      2.00     7   6.7776
#        1669       0.02886     10.51      2.00     6   6.7794
#        1670       0.02648      4.66      2.00     7   6.7792
#        1671       0.02151     10.08      2.00     7   6.7807
#        1672       0.02122     10.02      2.00     7   6.7809
#        1674       0.01159     25.16      2.00     7   6.7806
#        1675       0.02293      6.64      2.00     7   6.7809
#        1677       0.02261      4.39      2.00     7   6.7812
#        1678       0.01141     43.03      2.00     7   6.7820
#        1679       0.01791      5.41      2.00     7   6.7823
#        1680       0.02362      4.48      2.00     6   6.7828
#        1681       0.00725      5.09      2.00     5   6.7835
#        1682       0.00720      5.02      2.00     5   6.7835
#        1683       0.02626      4.52      2.00     7   6.7837
#        1684       0.02482      5.88      2.00     7   6.7837
#        1686       0.02265      4.65      2.00     7   6.7837
#        1687       0.01688      4.29      2.00     7   6.7834
#        1688       0.01670      4.02      2.00     7   6.7835
#        1690       0.01922      4.28      2.00     7   6.7835
#        1691       0.02251      9.08      2.00     7   6.7836
#        1692       0.01615     20.42      2.00     7   6.7834
#        1693       0.01796      5.41      2.00     7   6.7844
#        1694       0.02578      4.19      2.00     7   6.7847
#        1695       0.02446      5.93      2.00     7   6.7847
#        1696       0.01770      4.81      2.00     7   6.7847
#        1697       0.01972      5.03      2.00     7   6.7845
#        1698       0.01517      7.63      2.00     6   6.7857
#        1699       0.02064     12.43      2.00     7   6.7859
#        1700       0.01668      5.18      2.00     7   6.7861
#        1701       0.02117      4.30      2.00     6   6.7868
#        1702       0.02180      4.37      2.00     6   6.7869
#        1703       0.00786     10.52      2.00     6   6.7869
#        1704       0.01112     16.21      2.00     6   6.7869
#        1705       0.09848      5.06      2.00     7   6.7867
#        1706       0.04526      4.91      2.00     7   6.7869
#        1707       0.02036     14.21      2.00     7   6.7871
#        1708       0.01789     11.98      2.00     6   6.7885
#        1709       0.01927      4.55      2.00     7   6.7886
#        1710       0.01935      4.54      2.00     7   6.7889
#        1712       0.01757      6.75      2.00     7   6.7892
#        1713       0.02267     15.02      2.00     7   6.7891
#        1714       0.08909      6.94      2.00     7   6.7892
#        1716       0.02143      8.88      2.00     7   6.7896
#        1717       0.02118      8.83      2.00     7   6.7894
#        1718       0.01747      6.44      2.00     7   6.7892
#        1719       0.02242     15.99      2.00     7   6.7893
#        1720       0.01778      5.28      2.00     7   6.7904
#        1721       0.02114      7.69      2.00     7   6.7908
#        1722       0.00595      4.45      2.00     3   6.7912
#        1723       0.01800     23.96      2.00     7   6.7911
#        1724       0.01537      8.10      2.00     7   6.7909
#        1725       0.03912      6.79      2.00     7   6.7918
#        1726       0.01769      5.80      2.00     7   6.7927
#        1727       0.00603      7.02      2.00     4   6.7937
#        1729       0.02771      5.27      2.00     7   6.7956
#        1731       0.02181     15.42      2.00     7   6.7982
#        1733       0.01698      4.50      2.00     7   6.7990
#        1734       0.01699      4.28      2.00     7   6.7992
#        1738       0.01678      5.26      2.00     7   6.8004
#        1739       0.01681      4.85      2.00     7   6.8003
#        1740       0.00786     10.74      2.00     6   6.8021
#        1741       0.01114     16.21      2.00     6   6.8021
#        1743       0.02777      4.81      2.00     7   6.8020
#        1745       0.01774      7.35      2.00     7   6.8023
#        1746       0.00588      7.84      2.00     4   6.8041
#        1747       0.02954     10.45      2.00     5   6.8050
#        1748       0.01768      8.63      2.00     7   6.8054
#        1749       0.01779      8.54      2.00     7   6.8055
#        1751       0.02425     12.15      2.00     6   6.8115
#        1752       0.02928      9.97      2.00     6   6.8122
#        1753       0.00605      7.12      2.00     4   6.8137
#        1755       0.02977     13.52      2.00     6   6.8147
#        1756       0.01589     14.33      2.00     6   6.8164
#        1758       0.02508      7.80      2.00     6   6.8183
#        1760       0.01846     11.63      2.00     6   6.8207
#        1761       0.01287      7.08      2.00     6   6.8215
#        1762       0.01311      8.46      2.00     6   6.8223
#        1763       0.00834      5.62      2.00     6   6.8223
#        1765       0.00732      7.20      2.00     4   6.8259
#        1768       0.00588      8.14      2.00     4   6.8338
#        1772       0.00752      7.02      2.00     4   6.8370
#        1779       0.00585     11.82      2.00     5   6.8423
#        1780       0.01845      6.54      2.00     7   6.8422
#        1781       0.01602     13.96      2.00     6   6.8429
#        1782       0.01885     10.40      2.00     7   6.8434
#        1785       0.01845      6.44      2.00     7   6.8445
#        1786       0.00571     13.78      2.00     5   6.8466
#        1788       0.01237      6.14      2.00     6   6.8479
#        1789       0.01581      4.31      2.00     7   6.8481
#        1790       0.00610      5.00      2.00     5   6.8486
#        1792       0.01616     13.73      2.00     6   6.8526
#        1794       0.01579      4.03      2.00     7   6.8567
#        1797       0.01596     40.89      2.00     7   6.8590
#        1799       0.01967      6.79      2.00     5   6.8612
#        1800       0.01971      6.51      2.00     5   6.8626
#        1801       0.06450      7.11      2.00     7   6.8657
#        1802       0.03776      7.21      2.00     7   6.8659
#        1804       0.01792      4.33      2.00     7   6.8679
#        1805       0.02824     11.22      2.00     7   6.8681
#        1806       0.01970      7.05      2.00     5   6.8687
#        1807       0.01472      6.29      2.00     6   6.8691
#        1808       0.01966      9.84      2.00     7   6.8693
#        1809       0.01766     11.22      2.00     7   6.8696
#        1810       0.03103     15.43      2.00     7   6.8695
#        1813       0.05119      6.89      2.00     7   6.8700
#        1814       0.02717     12.05      2.00     6   6.8699
#        1815       0.03652      6.64      2.00     7   6.8702
#        1816       0.01767      7.66      2.00     7   6.8712
#        1817       0.01714      4.23      2.00     7   6.8719
#        1818       0.01769      4.54      2.00     7   6.8719
#        1819       0.01946      8.99      2.00     7   6.8717
#        1820       0.01960      6.54      2.00     5   6.8725
#        1821       0.04556      5.85      2.00     7   6.8726
#        1822       0.01763     10.28      2.00     7   6.8734
#        1823       0.03087      5.67      2.00     7   6.8744
#        1824       0.01101      9.30      2.00     5   6.8751
#        1825       0.02614      5.75      2.00     7   6.8748
#        1826       0.01790      4.20      2.00     7   6.8760
#        1827       0.01911     10.32      2.00     7   6.8760
#        1828       0.02220     15.03      2.00     7   6.8772
#        1830       0.01787      4.33      2.00     7   6.8774
#        1831       0.01769     10.38      2.00     7   6.8777
#        1832       0.01948      9.05      2.00     7   6.8774
#        1833       0.01773      9.86      2.00     7   6.8792
#        1834       0.04531      5.52      2.00     7   6.8816
#        1835       0.01445      6.51      2.00     6   6.8826
#        1838       0.03021      5.40      2.00     7   6.8834
#        1841       0.01493      6.25      2.00     6   6.8871
#        1843       0.02363     11.77      2.00     6   6.8912
#        1844       0.01610     39.40      2.00     7   6.8915
#        1849       0.01972      6.79      1.00     6   6.8954
#        1850       0.01623     39.79      2.00     7   6.8952
#        1851       0.02631      5.13      2.00     7   6.8959
#        1852       0.01614     13.26      2.00     6   6.8968
#        1855       0.02473      9.46      2.00     6   6.8981
#        1856       0.01234      6.42      2.00     6   6.8981
#        1859       0.01238      7.85      2.00     6   6.8991
#        1860       0.01896     13.14      2.00     6   6.8991
#        1861       0.01415      5.01      2.00     5   6.9001
#        1862       0.01957     15.51      2.00     6   6.9038
#        1863       0.01964     14.74      2.00     6   6.9052
#        1864       0.01823      8.72      2.00     7   6.9068
#        1868       0.02945     13.69      2.00     7   6.9070
#        1872       0.02647      5.86      2.00     5   6.9106
#        1874       0.00638      5.80      2.00     4   6.9108
#        1875       0.02640      6.00      2.00     5   6.9108
#        1877       0.02676      7.05      2.00     5   6.9116
#        1880       0.02037      6.99      2.00     6   6.9130
#        1884       0.01963     15.87      2.00     6   6.9173
#        1885       0.01507      6.09      2.00     6   6.9177
#        1886       0.01981      6.94      1.00     6   6.9181
#        1889       0.01958     14.55      2.00     6   6.9212
#        1892       0.01525      6.15      2.00     6   6.9233
#        1894       0.01998     10.16      2.00     6   6.9255
#        1895       0.02192     10.70      2.00     6   6.9251
#        1896       0.01925     10.54      2.00     7   6.9251
#        1898       0.02012      4.22      2.00     7   6.9268
#        1900       0.01096     63.00      2.00     7   6.9267
#        1902       0.01985      7.60      2.00     7   6.9273
#        1903       0.01992      7.33      2.00     7   6.9272
#        1905       0.02019     20.35      2.00     7   6.9286
#        1907       0.01585      5.21      2.00     7   6.9283
#        1909       0.01088     60.07      2.00     7   6.9303
#        1910       0.01123      7.71      2.00     5   6.9312
#        1912       0.01629      4.82      2.00     7   6.9321
#        1913       0.02003      5.64      2.00     6   6.9338
#        1915       0.02584      4.20      2.00     7   6.9346
#        1916       0.02521      4.57      2.00     7   6.9346
#        1917       0.02459      9.94      2.00     7   6.9345
#        1918       0.02430     11.08      2.00     7   6.9346
#        1919       0.01587      4.90      2.00     7   6.9348
#        1921       0.00615      6.51      2.00     4   6.9363
#        1922       0.01638      4.69      2.00     7   6.9363
#        1923       0.02742      4.97      2.00     7   6.9363
#        1924       0.02648      5.47      2.00     7   6.9363
#        1925       0.01994      8.39      2.00     7   6.9363
#        1926       0.02000      8.46      2.00     7   6.9363
#        1929       0.01915     23.86      2.00     7   6.9380
#        1932       0.02696      6.85      2.00     5   6.9396
#        1934       0.01996     10.57      2.00     6   6.9392
#        1936       0.02061      8.07      2.00     7   6.9401
#        1937       0.02011      4.36      2.00     7   6.9403
#        1939       0.02678      5.80      2.00     5   6.9407
#        1941       0.01993      7.77      2.00     7   6.9416
#        1942       0.01981      7.31      2.00     7   6.9415
#        1943       0.01448      7.32      1.00     6   6.9420
#        1944       0.02010     21.00      2.00     7   6.9419
#        1945       0.01646      4.80      2.00     7   6.9419
#        1946       0.01627      7.14      2.00     7   6.9420
#        1947       0.01647      4.47      2.00     7   6.9420
#        1948       0.01617      7.17      2.00     7   6.9419
#        1949       0.01122      7.65      2.00     5   6.9425
#        1950       0.01426      7.16      1.00     6   6.9427
#        1951       0.01409      7.16      2.00     7   6.9442
#        1953       0.01622     38.36      2.00     7   6.9455
#        1955       0.02056      6.65      2.00     6   6.9486
#        1956       0.01449      6.57      2.00     7   6.9483
#        1957       0.02050      6.82      2.00     6   6.9503
#        1958       0.02830     10.19      2.00     5   6.9512
#        1963       0.01161      7.68      2.00     6   6.9528
#        1964       0.02858     14.32      2.00     6   6.9532
#        1965       0.02824     14.84      2.00     6   6.9534
#        1968       0.01111      7.56      2.00     5   6.9538
#        1971       0.02764     19.16      2.00     6   6.9542
#        1974       0.01697      4.52      2.00     7   6.9559
#        1975       0.01078      8.83      2.00     7   6.9561
#        1976       0.01651      4.93      2.00     7   6.9561
#        1977       0.01606      7.29      2.00     7   6.9561
#        1978       0.02150      4.24      2.00     7   6.9561
#        1979       0.02072      4.39      2.00     7   6.9561
#        1980       0.01084     15.49      2.00     7   6.9566
#        1981       0.01620      7.26      2.00     7   6.9563
#        1982       0.01652      4.39      2.00     7   6.9563
#        1985       0.01173      7.04      2.00     6   6.9584
#        1989       0.00731     17.01      2.00     5   6.9594
#        1991       0.02385      7.12      2.00     7   6.9614
#        1992       0.02362      8.64      2.00     7   6.9616
#        1993       0.01599      4.33      2.00     7   6.9623
#        1994       0.00773      5.63      2.00     5   6.9627
#        1995       0.01673      4.47      2.00     7   6.9627
#        1999       0.02565      4.48      2.00     7   6.9635
#        2000       0.02445      9.14      2.00     7   6.9634
#        2001       0.02414     10.88      2.00     7   6.9637
#        2002       0.01573      4.07      2.00     7   6.9642
#        2004       0.02706      4.64      2.00     7   6.9651
#        2005       0.01957      8.29      2.00     7   6.9651
#        2007       0.02640      5.41      2.00     7   6.9653
#        2008       0.02008      8.37      2.00     7   6.9653
#        2009       0.01599      4.28      2.00     7   6.9671
#        2010       0.01917     23.78      2.00     7   6.9668
#        2014       0.01536      5.86      2.00     6   6.9716
#        2015       0.02220     18.37      2.00     6   6.9737
#        2018       0.01434      6.83      1.00     6   6.9757
#        2021       0.00705     19.59      2.00     5   6.9789
#        2022       0.01107      7.41      2.00     5   6.9793
#        2023       0.01464      7.04      1.00     6   6.9804
#        2024       0.02773      7.60      2.00     6   6.9835
#        2027       0.02633      5.43      2.00     6   6.9839
#        2028       0.02781      6.24      2.00     6   6.9840
#        2029       0.01542      4.79      2.00     7   6.9844
#        2030       0.01544      4.63      2.00     7   6.9843
#        2031       0.02835      9.88      2.00     5   6.9856
#        2032       0.01722     12.79      2.00     7   6.9857
#        2033       0.02784     18.52      2.00     6   6.9883
#        2034       0.02166     12.18      2.00     6   6.9882
#        2035       0.02927     13.43      2.00     6   6.9893
#        2036       0.02867     14.23      2.00     6   6.9893
#        2037       0.02249     17.85      2.00     6   6.9912
#        2039       0.00661      6.07      2.00     5   6.9919
#        2042       0.00666      8.08      2.00     5   6.9930
#        2045       0.01394      6.05      2.00     4   6.9955
#        2046       0.02209     18.40      2.00     6   6.9964
#        2049       0.01287      4.23      2.00     6   6.9968
#        2052       0.01461      4.77      2.00     7   6.9991
#        2053       0.01460      4.80      2.00     7   6.9990
#        2056       0.01544      4.53      2.00     7   7.0002
#        2057       0.02053      6.44      2.00     6   7.0007
#        2058       0.01689     12.85      2.00     7   7.0006
#        2059       0.01533      4.79      2.00     7   7.0003
#        2061       0.01854      7.78      2.00     7   7.0018
#        2064       0.01884      7.72      2.00     7   7.0034
#        2066       0.01941      7.17      2.00     7   7.0035
#        2069       0.04232      7.09      2.00     7   7.0040
#        2070       0.01956      6.99      2.00     7   7.0052
#        2071       0.01779      5.78      2.00     7   7.0066
#        2072       0.03409     10.35      2.00     7   7.0066
#        2073       0.01810      7.01      2.00     7   7.0095
#        2074       0.01458      4.74      2.00     7   7.0150
#        2075       0.01459      4.78      2.00     7   7.0149
#        2076       0.00660      8.51      2.00     5   7.0182
#        2077       0.01317     10.08      2.00     6   7.0250
#        2078       0.01891      7.54      2.00     7   7.0261
#        2082       0.01970      6.96      2.00     7   7.0278
#        2083       0.02259     17.88      2.00     6   7.0280
#        2084       0.01472     12.62      2.00     7   7.0305
#        2085       0.01326     10.15      2.00     6   7.0365
#        2088       0.01852      7.42      2.00     7   7.0388
#        2090       0.01980      7.12      2.00     7   7.0403
#        2091       0.03552     15.92      2.00     7   7.0419
#        2092       0.01218      8.60      2.00     7   7.0421
#        2093       0.01394      9.43      2.00     7   7.0419
#        2094       0.02151     19.80      2.00     7   7.0423
#        2095       0.01437      4.09      2.00     7   7.0423
#        2096       0.02127     19.67      2.00     7   7.0423
#        2097       0.01491     12.73      2.00     7   7.0423
#        2098       0.01252     13.93      2.00     7   7.0445
#        2099       0.01972     26.17      2.00     7   7.0445
#        2101       0.01580      5.89      2.00     6   7.0501
#        2102       0.02365      7.69      2.00     7   7.0523
#        2103       0.01376      7.95      2.00     7   7.0559
#        2104       0.01623      7.17      2.00     7   7.0559
#        2105       0.01559      6.27      2.00     6   7.0583
#        2106       0.02458      6.26      2.00     7   7.0581
#        2108       0.01177     10.00      2.00     6   7.0628
#        2110       0.04936      5.60      2.00     7   7.0634
#        2111       0.03356      5.78      2.00     7   7.0660
#        2112       0.01753     12.37      2.00     7   7.0667
#        2113       0.00931     15.78      2.00     7   7.0676
#        2114       0.01378     29.54      2.00     7   7.0676
#        2115       0.01977      8.39      2.00     6   7.0680
#        2116       0.01970      7.62      2.00     6   7.0719
#        2118       0.01995      7.73      2.00     6   7.0754
#        2119       0.00596      7.83      2.00     5   7.0767
#        2120       0.01983      7.28      2.00     6   7.0767
#        2122       0.01369      4.68      2.00     6   7.0797
#        2125       0.01390      4.64      2.00     6   7.0832
#        2126       0.01234     11.23      2.00     6   7.0844
#        2128       0.00586      8.79      2.00     5   7.0847
#        2130       0.00937     15.61      2.00     7   7.0852
#        2131       0.01402     29.23      2.00     7   7.0852
#        2132       0.01420      9.23      2.00     6   7.0854
#        2133       0.01239     10.76      2.00     6   7.0858
#        2134       0.01586      5.01      2.00     7   7.0861
#        2136       0.02014      4.72      2.00     7   7.0905
#        2137       0.01721      9.60      2.00     7   7.0905
#        2139       0.00921      5.62      2.00     7   7.0905
#        2142       0.01226     11.61      2.00     6   7.0917
#        2143       0.01341      6.89      2.00     5   7.0926
#        2144       0.01561     11.13      2.00     7   7.0927
#        2145       0.01426      8.10      2.00     7   7.0933
#        2146       0.01662      5.25      2.00     7   7.0933
#        2147       0.01777     13.54      2.00     7   7.0941
#        2148       0.00923      7.50      2.00     7   7.0941
#        2149       0.01226     10.79      2.00     6   7.0955
#        2150       0.01720     12.58      2.00     7   7.0962
#        2151       0.00890      6.03      2.00     5   7.1035
#        2152       0.00889      5.99      2.00     5   7.1035
#        2153       0.02885      6.71      2.00     7   7.1039
#        2156       0.03660      6.55      2.00     7   7.1061
#        2157       0.01611      5.50      2.00     7   7.1069
#        2158       0.01536     11.43      2.00     7   7.1070
#        2159       0.01611      4.84      2.00     7   7.1070
#        2161       0.02188      4.01      2.00     7   7.1078
#        2162       0.02705      5.12      2.00     7   7.1078
#        2163       0.02606      5.65      2.00     7   7.1078
#        2165       0.02154     19.80      2.00     7   7.1096
#        2168       0.01614      4.71      2.00     7   7.1136
#        2169       0.01614      5.09      2.00     7   7.1134
#        2171       0.01342      6.84      2.00     5   7.1153
#        2173       0.02179      4.25      2.00     7   7.1160
#        2174       0.02634      5.01      2.00     7   7.1158
#        2175       0.02599      5.90      2.00     7   7.1160
#        2177       0.00643      7.85      2.00     5   7.1168
#        2178       0.00643      8.18      2.00     5   7.1168
#        2179       0.00752      7.40      2.00     6   7.1175
#        2180       0.02147     21.00      2.00     7   7.1175
#        2181       0.01542      5.51      2.00     7   7.1188
#        2183       0.01570      4.96      2.00     7   7.1206
#        2184       0.02029     18.92      2.00     7   7.1206
#        2187       0.03316     19.25      2.00     7   7.1206
#        2188       0.01252     10.33      2.00     7   7.1204
#  1556/2000 paths used
#  -----------------------------------------------------------------------
#       k          chi          mag           phase @#
     0.0000    6.181522E+00  6.196865E+00  1.500411E+00
     0.0500    6.075280E+00  6.078516E+00  1.538163E+00
     0.1000    5.961382E+00  5.961467E+00  1.576119E+00
     0.1500    5.595276E+00  5.634254E+00  1.688490E+00
     0.2000    5.175747E+00  5.318109E+00  1.802700E+00
     0.2500    4.446472E+00  4.865253E+00  1.988743E+00
     0.3000    3.641669E+00  4.439601E+00  2.179711E+00
     0.3500    2.573651E+00  3.966014E+00  2.435420E+00
     0.4000    1.513231E+00  3.533996E+00  2.699101E+00
     0.4500    3.951176E-01  3.137601E+00  3.015328E+00
     0.5000   -5.448029E-01  2.783908E+00  3.338561E+00
     0.5500   -1.307713E+00  2.503280E+00  3.691255E+00
     0.6000   -1.762193E+00  2.246151E+00  4.043545E+00
     0.6500   -1.952796E+00  2.053272E+00  4.398259E+00
     0.7000   -1.855890E+00  1.856883E+00  4.745091E+00
     0.7500   -1.588887E+00  1.700958E+00  5.077419E+00
     0.8000   -1.179993E+00  1.526341E+00  5.399493E+00
     0.8500   -7.571578E-01  1.376583E+00  5.700789E+00
     0.9000   -3.472724E-01  1.208645E+00  5.991754E+00
     0.9500   -1.685498E-02  1.061640E+00  6.267308E+00
     1.0000    2.211057E-01  9.029517E-01  6.530571E+00
     1.0500    3.624111E-01  7.652138E-01  6.776568E+00
     1.1000    4.120462E-01  6.245908E-01  7.003613E+00
     1.1500    4.023373E-01  5.033022E-01  7.209473E+00
     1.2000    3.440940E-01  3.876205E-01  7.375529E+00
     1.2500    2.740405E-01  2.933657E-01  7.488987E+00
     1.3000    2.028200E-01  2.163106E-01  7.498944E+00
     1.3500    1.528745E-01  1.706560E-01  7.393425E+00
     1.4000    1.260416E-01  1.575903E-01  7.210156E+00
     1.4500    1.267706E-01  1.698623E-01  7.125692E+00
     1.5000    1.449662E-01  1.894818E-01  7.154330E+00
     1.5500    1.727829E-01  2.053436E-01  7.283115E+00
     1.6000    1.964981E-01  2.135757E-01  7.451366E+00
     1.6500    2.069304E-01  2.109893E-01  7.657517E+00
     1.7000    1.994866E-01  1.994994E-01  7.865318E+00
     1.7500    1.748481E-01  1.792896E-01  8.077031E+00
     1.8000    1.397894E-01  1.528692E-01  8.270662E+00
     1.8500    1.042039E-01  1.248683E-01  8.437534E+00
     1.9000    7.608156E-02  9.606091E-02  8.510678E+00
     1.9500    7.973088E-02  8.817312E-02  8.295149E+00
     2.0000    5.573030E-02  6.316395E-02  8.344026E+00
     2.0500    5.962406E-02  6.389570E-02  8.221709E+00
     2.1000    6.530978E-02  6.937980E-02  8.198207E+00
     2.1500    6.816407E-02  7.310924E-02  8.223894E+00
     2.2000    7.050989E-02  7.594132E-02  8.234483E+00
     2.2500    6.690932E-02  7.534655E-02  8.331755E+00
     2.3000    6.541238E-02  7.668638E-02  8.403099E+00
     2.3500    6.611773E-02  8.114699E-02  8.472412E+00
     2.4000    6.716745E-02  8.837329E-02  8.561400E+00
     2.4500    6.086191E-02  8.976900E-02  8.679762E+00
     2.5000    5.480764E-02  9.234227E-02  8.789344E+00
     2.5500    4.842565E-02  9.678891E-02  8.900807E+00
     2.6000    4.023079E-02  1.028882E-01  9.023044E+00
     2.6500    2.627209E-02  1.063570E-01  9.175176E+00
     2.7000    1.000880E-02  1.104681E-01  9.334050E+00
     2.7500   -8.709883E-03  1.150162E-01  9.500578E+00
     2.8000   -2.961561E-02  1.197543E-01  9.674674E+00
     2.8500   -4.976064E-02  1.211884E-01  9.847896E+00
     2.9000   -6.944032E-02  1.228398E-01  1.002556E+01
     2.9500   -8.781841E-02  1.245149E-01  1.020760E+01
     3.0000   -1.038762E-01  1.260464E-01  1.039341E+01
     3.0500   -1.152020E-01  1.261386E-01  1.057608E+01
     3.1000   -1.227549E-01  1.261534E-01  1.076293E+01
     3.1500   -1.258123E-01  1.259248E-01  1.095330E+01
     3.2000   -1.239409E-01  1.253600E-01  1.114618E+01
     3.2500   -1.169213E-01  1.241238E-01  1.133791E+01
     3.3000   -1.053489E-01  1.226137E-01  1.153268E+01
     3.3500   -8.953579E-02  1.206096E-01  1.172978E+01
     3.4000   -7.039608E-02  1.179853E-01  1.192705E+01
     3.4500   -4.934546E-02  1.148643E-01  1.212232E+01
     3.5000   -2.762371E-02  1.113533E-01  1.231568E+01
     3.5500   -6.493166E-03  1.075580E-01  1.250596E+01
     3.6000    1.300480E-02  1.036062E-01  1.269222E+01
     3.6500    2.985651E-02  9.953504E-02  1.287102E+01
     3.7000    4.394712E-02  9.561300E-02  1.304396E+01
     3.7500    5.529476E-02  9.201119E-02  1.321107E+01
     3.8000    6.416914E-02  8.887309E-02  1.337310E+01
     3.8500    7.094916E-02  8.648191E-02  1.352847E+01
     3.9000    7.609669E-02  8.472182E-02  1.368202E+01
     3.9500    7.982055E-02  8.357918E-02  1.383613E+01
     4.0000    8.211926E-02  8.297892E-02  1.399310E+01
     4.0500    8.298499E-02  8.299553E-02  1.415310E+01
     4.1000    8.191962E-02  8.329359E-02  1.431905E+01
     4.1500    7.851071E-02  8.370731E-02  1.449138E+01
     4.2000    7.243316E-02  8.408452E-02  1.466988E+01
     4.2500    6.375237E-02  8.451234E-02  1.485329E+01
     4.3000    5.236524E-02  8.467789E-02  1.504125E+01
     4.3500    3.867419E-02  8.451807E-02  1.523269E+01
     4.4000    2.333110E-02  8.400462E-02  1.542653E+01
     4.4500    7.168316E-03  8.332607E-02  1.562183E+01
     4.5000   -9.001957E-03  8.232628E-02  1.581753E+01
     4.5500   -2.432984E-02  8.104478E-02  1.601287E+01
     4.6000   -3.808207E-02  7.953095E-02  1.620729E+01
     4.6500   -4.979224E-02  7.795417E-02  1.640082E+01
     4.7000   -5.900129E-02  7.625116E-02  1.659274E+01
     4.7500   -6.550471E-02  7.446915E-02  1.678303E+01
     4.8000   -6.924788E-02  7.264410E-02  1.697177E+01
     4.8500   -7.038788E-02  7.089019E-02  1.715965E+01
     4.9000   -6.899260E-02  6.914999E-02  1.734624E+01
     4.9500   -6.528289E-02  6.742974E-02  1.753178E+01
     5.0000   -5.953502E-02  6.572926E-02  1.771638E+01
     5.0500   -5.210884E-02  6.412712E-02  1.790098E+01
     5.1000   -4.331005E-02  6.254878E-02  1.808472E+01
     5.1500   -3.353048E-02  6.099697E-02  1.826754E+01
     5.2000   -2.317293E-02  5.948057E-02  1.844937E+01
     5.2500   -1.255740E-02  5.809160E-02  1.863167E+01
     5.3000   -2.070337E-03  5.677065E-02  1.881308E+01
     5.3500    7.982182E-03  5.553182E-02  1.899380E+01
     5.4000    1.734588E-02  5.438645E-02  1.917416E+01
     5.4500    2.593978E-02  5.339799E-02  1.935681E+01
     5.5000    3.344685E-02  5.249627E-02  1.954032E+01
     5.5500    3.967903E-02  5.166590E-02  1.972526E+01
     5.6000    4.445159E-02  5.088284E-02  1.991212E+01
     5.6500    4.766005E-02  5.015948E-02  2.010334E+01
     5.7000    4.903385E-02  4.940947E-02  2.029697E+01
     5.7500    4.847254E-02  4.860046E-02  2.049292E+01
     5.8000    4.596941E-02  4.770501E-02  2.069092E+01
     5.8500    4.165400E-02  4.675738E-02  2.089193E+01
     5.9000    3.571731E-02  4.569176E-02  2.109376E+01
     5.9500    2.851713E-02  4.451024E-02  2.129576E+01
     6.0000    2.049146E-02  4.322486E-02  2.149724E+01
     6.0500    1.211172E-02  4.201986E-02  2.169876E+01
     6.1000    3.772170E-03  4.076508E-02  2.189848E+01
     6.1500   -4.137387E-03  3.949011E-02  2.209611E+01
     6.2000   -1.131128E-02  3.822355E-02  2.229157E+01
     6.2500   -1.753409E-02  3.698987E-02  2.248500E+01
     6.3000   -2.267076E-02  3.580682E-02  2.267675E+01
     6.3500   -2.664732E-02  3.468389E-02  2.286732E+01
     6.4000   -2.943033E-02  3.362199E-02  2.305727E+01
     6.4500   -3.101194E-02  3.261443E-02  2.324717E+01
     6.5000   -3.140410E-02  3.164887E-02  2.343749E+01
     6.5500   -3.090560E-02  3.097990E-02  2.363122E+01
     6.6000   -2.926262E-02  3.031360E-02  2.382604E+01
     6.6500   -2.655674E-02  2.963572E-02  2.402182E+01
     6.7000   -2.292400E-02  2.893629E-02  2.421830E+01
     6.7500   -1.855171E-02  2.821025E-02  2.441508E+01
     6.8000   -1.366608E-02  2.745726E-02  2.461177E+01
     6.8500   -8.513765E-03  2.668088E-02  2.480797E+01
     6.9000   -3.341157E-03  2.588752E-02  2.500332E+01
     6.9500    1.624414E-03  2.508523E-02  2.519754E+01
     7.0000    6.188760E-03  2.428261E-02  2.539045E+01
     7.0500    1.032571E-02  2.360639E-02  2.558546E+01
     7.1000    1.380747E-02  2.293513E-02  2.577877E+01
     7.1500    1.655221E-02  2.227657E-02  2.597033E+01
     7.2000    1.852065E-02  2.163756E-02  2.616013E+01
     7.2500    1.971072E-02  2.102414E-02  2.634820E+01
     7.3000    2.015079E-02  2.044166E-02  2.653464E+01
     7.3500    1.989229E-02  1.989486E-02  2.671961E+01
     7.4000    1.900204E-02  1.938770E-02  2.690333E+01
     7.4500    1.755504E-02  1.892309E-02  2.708612E+01
     7.5000    1.562855E-02  1.850250E-02  2.726838E+01
     7.5500    1.329859E-02  1.813715E-02  2.745128E+01
     7.6000    1.065007E-02  1.782059E-02  2.763380E+01
     7.6500    7.757085E-03  1.755181E-02  2.781656E+01
     7.7000    4.690242E-03  1.732676E-02  2.800022E+01
     7.7500    1.522785E-03  1.713866E-02  2.818537E+01
     7.8000   -1.663365E-03  1.697876E-02  2.837246E+01
     7.8500   -4.773880E-03  1.683727E-02  2.856181E+01
     7.9000   -7.702178E-03  1.670431E-02  2.875356E+01
     7.9500   -1.033391E-02  1.657084E-02  2.894770E+01
     8.0000   -1.255501E-02  1.642920E-02  2.914412E+01
     8.0500   -1.429555E-02  1.631633E-02  2.934215E+01
     8.1000   -1.545528E-02  1.619359E-02  2.954200E+01
     8.1500   -1.597505E-02  1.605788E-02  2.974352E+01
     8.2000   -1.582536E-02  1.590712E-02  2.994656E+01
     8.2500   -1.500923E-02  1.573989E-02  3.015102E+01
     8.3000   -1.356264E-02  1.555502E-02  3.035683E+01
     8.3500   -1.155323E-02  1.535123E-02  3.056394E+01
     8.4000   -9.077554E-03  1.512693E-02  3.077231E+01
     8.4500   -6.257363E-03  1.488016E-02  3.098191E+01
     8.5000   -3.234536E-03  1.460864E-02  3.119266E+01
     8.5500   -1.562938E-04  1.438904E-02  3.140506E+01
     8.6000    2.843172E-03  1.414423E-02  3.161832E+01
     8.6500    5.609524E-03  1.387243E-02  3.183221E+01
     8.7000    8.002067E-03  1.357265E-02  3.204646E+01
     8.7500    9.904988E-03  1.324509E-02  3.226070E+01
     8.8000    1.123711E-02  1.289126E-02  3.247456E+01
     8.8500    1.195840E-02  1.251414E-02  3.268759E+01
     8.9000    1.207185E-02  1.211806E-02  3.289937E+01
     8.9500    1.162033E-02  1.170849E-02  3.310952E+01
     9.0000    1.067879E-02  1.129170E-02  3.331771E+01
     9.0500    9.405152E-03  1.095507E-02  3.352514E+01
     9.1000    7.818877E-03  1.062339E-02  3.373037E+01
     9.1500    6.019657E-03  1.030212E-02  3.393349E+01
     9.2000    4.101137E-03  9.995612E-03  3.413474E+01
     9.2500    2.146729E-03  9.706749E-03  3.433452E+01
     9.3000    2.286715E-04  9.436749E-03  3.453328E+01
     9.3500   -1.590588E-03  9.185159E-03  3.473157E+01
     9.4000   -3.256049E-03  8.950058E-03  3.492987E+01
     9.4500   -4.718221E-03  8.728413E-03  3.512862E+01
     9.5000   -5.932565E-03  8.516525E-03  3.532816E+01
     9.5500   -6.908873E-03  8.361076E-03  3.553005E+01
     9.6000   -7.575065E-03  8.208425E-03  3.573291E+01
     9.6500   -7.908146E-03  8.055609E-03  3.593668E+01
     9.7000   -7.899670E-03  7.900327E-03  3.614122E+01
     9.7500   -7.557796E-03  7.741021E-03  3.634632E+01
     9.8000   -6.907731E-03  7.576866E-03  3.655174E+01
     9.8500   -5.990393E-03  7.407700E-03  3.675722E+01
     9.9000   -4.859521E-03  7.233909E-03  3.696252E+01
     9.9500   -3.577671E-03  7.056309E-03  3.716739E+01
    10.0000   -2.211680E-03  6.876027E-03  3.737164E+01
    10.0500   -8.249860E-04  6.727222E-03  3.757617E+01
    10.1000    5.314945E-04  6.577974E-03  3.778000E+01
    10.1500    1.801083E-03  6.429391E-03  3.798304E+01
    10.2000    2.935326E-03  6.282607E-03  3.818525E+01
    10.2500    3.895637E-03  6.138751E-03  3.838660E+01
    10.3000    4.654051E-03  5.998891E-03  3.858712E+01
    10.3500    5.193153E-03  5.863989E-03  3.878690E+01
    10.4000    5.505333E-03  5.734820E-03  3.898606E+01
    10.4500    5.591587E-03  5.611909E-03  3.918478E+01
    10.5000    5.460170E-03  5.495458E-03  3.938330E+01
    10.5500    5.125385E-03  5.385300E-03  3.958186E+01
    10.6000    4.606710E-03  5.280882E-03  3.978074E+01
    10.6500    3.928348E-03  5.181294E-03  3.998019E+01
    10.7000    3.119081E-03  5.085333E-03  4.018041E+01
    10.7500    2.212194E-03  4.991617E-03  4.038156E+01
    10.8000    1.245138E-03  4.898703E-03  4.058371E+01
    10.8500    2.586545E-04  4.805234E-03  4.078685E+01
    10.9000   -7.048113E-04  4.710056E-03  4.099091E+01
    10.9500   -1.603341E-03  4.612317E-03  4.119574E+01
    11.0000   -2.398179E-03  4.511521E-03  4.140115E+01
    11.0500   -3.085741E-03  4.445664E-03  4.160788E+01
    11.1000   -3.620868E-03  4.377182E-03  4.181484E+01
    11.1500   -3.983456E-03  4.306260E-03  4.202184E+01
    11.2000   -4.162819E-03  4.233341E-03  4.222872E+01
    11.2500   -4.157871E-03  4.159051E-03  4.243533E+01
    11.3000   -3.976489E-03  4.084123E-03  4.264159E+01
    11.3500   -3.634238E-03  4.009302E-03  4.284749E+01
    11.4000   -3.152748E-03  3.935260E-03  4.305308E+01
    11.4500   -2.558050E-03  3.862513E-03  4.325844E+01
    11.5000   -1.879087E-03  3.791368E-03  4.346375E+01
    11.5500   -1.146527E-03  3.721890E-03  4.366915E+01
    11.6000   -3.918417E-04  3.653909E-03  4.387485E+01
    11.6500    3.534770E-04  3.587054E-03  4.408100E+01
    11.7000    1.058726E-03  3.520809E-03  4.428773E+01
    11.7500    1.694966E-03  3.454586E-03  4.449512E+01
    11.8000    2.236204E-03  3.387795E-03  4.470322E+01
    11.8500    2.660707E-03  3.319905E-03  4.491200E+01
    11.9000    2.952296E-03  3.250487E-03  4.512141E+01
    11.9500    3.101412E-03  3.179237E-03  4.533137E+01
    12.0000    3.105778E-03  3.105976E-03  4.554179E+01
    12.0500    3.005927E-03  3.069317E-03  4.575668E+01
    12.1000    2.768161E-03  3.030418E-03  4.597219E+01
    12.1500    2.406278E-03  2.989098E-03  4.618818E+01
    12.2000    1.940578E-03  2.945260E-03  4.640456E+01
    12.2500    1.396645E-03  2.898868E-03  4.662119E+01
    12.3000    8.037993E-04  2.849936E-03  4.683797E+01
    12.3500    1.933106E-04  2.798520E-03  4.705476E+01
    12.4000   -4.034869E-04  2.744723E-03  4.727143E+01
    12.4500   -9.570826E-04  2.688708E-03  4.748784E+01
    12.5000   -1.441543E-03  2.630706E-03  4.770382E+01
    12.5500   -1.835989E-03  2.571031E-03  4.791924E+01
    12.6000   -2.125655E-03  2.510076E-03  4.813392E+01
    12.6500   -2.302429E-03  2.448306E-03  4.834775E+01
    12.7000   -2.364823E-03  2.386242E-03  4.856060E+01
    12.7500   -2.317407E-03  2.324427E-03  4.877243E+01
    12.8000   -2.169836E-03  2.263393E-03  4.898321E+01
    12.8500   -1.935640E-03  2.203621E-03  4.919300E+01
    12.9000   -1.630964E-03  2.145503E-03  4.940190E+01
    12.9500   -1.273424E-03  2.089319E-03  4.961006E+01
    13.0000   -8.811846E-04  2.035211E-03  4.981770E+01
    13.0500   -4.759832E-04  1.995465E-03  5.002463E+01
    13.1000   -6.670181E-05  1.957275E-03  5.023140E+01
    13.1500    3.299794E-04  1.920527E-03  5.043816E+01
    13.2000    6.984431E-04  1.885058E-03  5.064505E+01
    13.2500    1.024574E-03  1.850667E-03  5.085219E+01
    13.3000    1.296185E-03  1.817124E-03  5.105970E+01
    13.3500    1.503425E-03  1.784172E-03  5.126766E+01
    13.4000    1.639165E-03  1.751538E-03  5.147613E+01
    13.4500    1.699340E-03  1.718938E-03  5.168513E+01
    13.5000    1.683228E-03  1.686099E-03  5.189465E+01
    13.5500    1.593624E-03  1.652774E-03  5.210462E+01
    13.6000    1.436829E-03  1.618765E-03  5.231495E+01
    13.6500    1.222415E-03  1.583948E-03  5.252548E+01
    13.7000    9.627087E-04  1.548284E-03  5.273605E+01
    13.7500    6.720175E-04  1.511830E-03  5.294645E+01
    13.8000    3.656606E-04  1.474731E-03  5.315651E+01
    13.8500    5.892686E-05  1.437206E-03  5.336606E+01
    13.9000   -2.338972E-04  1.399519E-03  5.357499E+01
    13.9500   -5.003070E-04  1.361948E-03  5.378323E+01
    14.0000   -7.300924E-04  1.324747E-03  5.399078E+01
    14.0500   -9.276411E-04  1.301080E-03  5.420081E+01
    14.1000   -1.077070E-03  1.277472E-03  5.441015E+01
    14.1500   -1.174082E-03  1.254090E-03  5.461874E+01
    14.2000   -1.217040E-03  1.231106E-03  5.482656E+01
    14.2500   -1.206828E-03  1.208704E-03  5.503359E+01
    14.3000   -1.146576E-03  1.187079E-03  5.523985E+01
    14.3500   -1.041267E-03  1.166434E-03  5.544538E+01
    14.4000   -8.972738E-04  1.146968E-03  5.565032E+01
    14.4500   -7.218874E-04  1.128850E-03  5.585483E+01
    14.5000   -5.229156E-04  1.112191E-03  5.605919E+01
    14.5500   -3.084116E-04  1.097023E-03  5.626369E+01
    14.6000   -8.654992E-05  1.083276E-03  5.646869E+01
    14.6500    1.343926E-04  1.070777E-03  5.667451E+01
    14.7000    3.460390E-04  1.059266E-03  5.688145E+01
    14.7500    5.399983E-04  1.048421E-03  5.708974E+01
    14.8000    7.081102E-04  1.037896E-03  5.729951E+01
    14.8500    8.428584E-04  1.027358E-03  5.751080E+01
    14.9000    9.378974E-04  1.016513E-03  5.772359E+01
    14.9500    9.885902E-04  1.005128E-03  5.793781E+01
    15.0000    9.924512E-04  9.930221E-04  5.815337E+01
    15.0500    9.562616E-04  9.865896E-04  5.836806E+01
    15.1000    8.750669E-04  9.788604E-04  5.858414E+01
    15.1500    7.527683E-04  9.696296E-04  5.880141E+01
    15.2000    5.958648E-04  9.587465E-04  5.901960E+01
    15.2500    4.131038E-04  9.461209E-04  5.923841E+01
    15.3000    2.148885E-04  9.317273E-04  5.945753E+01
    15.3500    1.249355E-05  9.156094E-04  5.967661E+01
    15.4000   -1.828271E-04  8.978810E-04  5.989532E+01
    15.4500   -3.607333E-04  8.787249E-04  6.011328E+01
    15.5000   -5.125770E-04  8.583866E-04  6.033019E+01
    15.5500   -6.319658E-04  8.371635E-04  6.054575E+01
    15.6000   -7.150439E-04  8.153890E-04  6.075971E+01
    15.6500   -7.604782E-04  7.934122E-04  6.097192E+01
    15.7000   -7.691848E-04  7.715761E-04  6.118231E+01
    15.7500   -7.438801E-04  7.501942E-04  6.139089E+01
    15.8000   -6.885589E-04  7.295314E-04  6.159780E+01
    15.8500   -6.079964E-04  7.097889E-04  6.180323E+01
    15.9000   -5.073465E-04  6.910959E-04  6.200749E+01
    15.9500   -3.918653E-04  6.735095E-04  6.221088E+01
    16.0000   -2.667545E-04  6.570196E-04  6.241377E+01
    16.0500   -1.403093E-04  6.449018E-04  6.261253E+01
    16.1000   -1.273966E-05  6.338241E-04  6.281175E+01
    16.1500    1.116007E-04  6.235879E-04  6.301179E+01
    16.2000    2.283369E-04  6.139658E-04  6.321291E+01
    16.2500    3.331476E-04  6.047178E-04  6.341531E+01
    16.3000    4.219251E-04  5.956058E-04  6.361908E+01
    16.3500    4.910074E-04  5.864057E-04  6.382421E+01
    16.4000    5.374538E-04  5.769172E-04  6.403063E+01
    16.4500    5.593231E-04  5.669735E-04  6.423819E+01
    16.5000    5.559083E-04  5.564471E-04  6.444666E+01
    16.5500    5.278818E-04  5.452561E-04  6.465577E+01
    16.6000    4.773151E-04  5.333664E-04  6.486522E+01
    16.6500    4.075571E-04  5.207917E-04  6.507466E+01
    16.7000    3.229772E-04  5.075910E-04  6.528376E+01
    16.7500    2.286050E-04  4.938631E-04  6.549219E+01
    16.8000    1.297171E-04  4.797391E-04  6.569965E+01
    16.8500    3.142673E-05  4.653736E-04  6.590586E+01
    16.9000   -6.167074E-05  4.509353E-04  6.611064E+01
    16.9500   -1.457581E-04  4.365970E-04  6.631383E+01
    17.0000   -2.179410E-04  4.225260E-04  6.651539E+01
    17.0500   -2.792097E-04  4.115137E-04  6.671916E+01
    17.1000   -3.257496E-04  4.010359E-04  6.692148E+01
    17.1500   -3.569322E-04  3.911880E-04  6.712263E+01
    17.2000   -3.727100E-04  3.820248E-04  6.732296E+01
    17.2500   -3.734716E-04  3.735569E-04  6.752287E+01
    17.3000   -3.599381E-04  3.657523E-04  6.772278E+01
    17.3500   -3.331146E-04  3.585411E-04  6.792311E+01
    17.4000   -2.942924E-04  3.518234E-04  6.812422E+01
    17.4500   -2.450833E-04  3.454788E-04  6.832639E+01
    17.5000   -1.874590E-04  3.393768E-04  6.852984E+01
    17.5500   -1.237669E-04  3.333867E-04  6.873469E+01
    17.6000   -5.670022E-05  3.273860E-04  6.894097E+01
    17.6500    1.078865E-05  3.212669E-04  6.914863E+01
    17.7000    7.562972E-05  3.149403E-04  6.935755E+01
    17.7500    1.348195E-04  3.083383E-04  6.956757E+01
    17.8000    1.856245E-04  3.014152E-04  6.977849E+01
    17.8500    2.257797E-04  2.941466E-04  6.999009E+01
    17.9000    2.536547E-04  2.865284E-04  7.020211E+01
    17.9500    2.683686E-04  2.785744E-04  7.041431E+01
    18.0000    2.698384E-04  2.703149E-04  7.062645E+01
    18.0500    2.622238E-04  2.652388E-04  7.083676E+01
    18.1000    2.432180E-04  2.599587E-04  7.104667E+01
    18.1500    2.142608E-04  2.545295E-04  7.125604E+01
    18.2000    1.772153E-04  2.490106E-04  7.146475E+01
    18.2500    1.342143E-04  2.434628E-04  7.167274E+01
    18.3000    8.750828E-05  2.379447E-04  7.188002E+01
    18.3500    3.933004E-05  2.325090E-04  7.208666E+01
    18.4000   -8.210642E-06  2.271988E-04  7.229278E+01
    18.4500   -5.319877E-05  2.220443E-04  7.249857E+01
    18.5000   -9.395363E-05  2.170598E-04  7.270428E+01
    18.5500   -1.290448E-04  2.122431E-04  7.291018E+01
    18.6000   -1.572973E-04  2.075744E-04  7.311655E+01
    18.6500   -1.777978E-04  2.030184E-04  7.332366E+01
    18.7000   -1.899127E-04  1.985270E-04  7.353176E+01
    18.7500   -1.933197E-04  1.940436E-04  7.374103E+01
    18.8000   -1.880493E-04  1.895075E-04  7.395156E+01
    18.8500   -1.745242E-04  1.848595E-04  7.416340E+01
    18.9000   -1.535827E-04  1.800462E-04  7.437648E+01
    18.9500   -1.264703E-04  1.750245E-04  7.459069E+01
    19.0000   -9.478920E-05  1.697641E-04  7.480582E+01
    19.0500   -6.132691E-05  1.660602E-04  7.501996E+01
    19.1000   -2.645720E-05  1.620931E-04  7.523427E+01
    19.1500    7.918553E-06  1.578778E-04  7.544840E+01
    19.2000    4.001073E-05  1.534421E-04  7.566203E+01
    19.2500    6.827582E-05  1.488248E-04  7.587483E+01
    19.3000    9.151886E-05  1.440729E-04  7.608652E+01
    19.3500    1.089525E-04  1.392385E-04  7.629688E+01
    19.4000    1.202091E-04  1.343753E-04  7.650571E+01
    19.4500    1.253108E-04  1.295355E-04  7.671292E+01
    19.5000    1.246069E-04  1.247662E-04  7.691849E+01
    19.5500    1.186955E-04  1.201071E-04  7.712248E+01
    19.6000    1.083403E-04  1.155882E-04  7.732503E+01
    19.6500    9.439767E-05  1.112289E-04  7.752633E+01
    19.7000    7.775884E-05  1.070371E-04  7.772665E+01
    19.7500    5.931101E-05  1.030102E-04  7.792626E+01
    19.8000    3.991367E-05  9.913647E-05  7.812545E+01
    19.8500    2.038540E-05  9.539682E-05  7.832447E+01
    19.9000    1.494385E-06  9.176756E-05  7.852353E+01
    19.9500   -1.605297E-05  8.822289E-05  7.872279E+01
    20.0000   -3.162883E-05  8.473746E-05  7.892233E+01
