# # Once                                                         FEFF 10.0.0 
# # POT  SCF 100  9.0000   0, NO core-hole, FOLP (folp(0)= 1.150)
# # Abs   Z=30 Rmt= 1.375 Rnm= 1.520 K  shell
# #   RGRID 0.0100
# # Pot 1 Z= 6 Rmt= 0.897 Rnm= 1.122
# # Pot 2 Z= 6 Rmt= 0.924 Rnm= 1.165
# # Pot 3 Z= 1 Rmt= 0.551 Rnm= 0.959
# # Pot 4 Z=16 Rmt= 1.258 Rnm= 1.479
# # Gam_ch=1.897E+00 H-L exch Vi=-5.000E-01 Vr= 0.000E+00
# # Mu=-7.348E+00eV kf=1.973E+00 Vint=-1.290E+01eV Rs_int= 1.838
# # PATH  Rmax= 9.000,  Keep_limit= 0.00, Heap_limit 0.00  Pwcrit= 2.50%
#  S02=1.000  Temp=  10.00  Debye_temp= 315.00  Global_sig2= 0.00000
#  Energy zero shift, vr, vi    0.00000E+00   0.00000E+00
#  Curved wave amplitude ratio filter   4.000%
#     file         sig2 tot  cw amp ratio   deg  nlegs   reff  inp sig2
#           1       0.00294    100.00      1.00     2   2.3516
#           2       0.00302     99.13      1.00     2   2.3601
#           3       0.00301     99.08      1.00     2   2.3606
#           4       0.00309     98.58      1.00     2   2.3655
#           5       0.02669     14.60      1.00     2   3.0352
#           6       0.02821     14.46      1.00     2   3.0471
#           7       0.02352     12.79      1.00     2   3.2044
#           8       0.02248     12.59      1.00     2   3.2252
#           9       0.00569     43.12      1.00     2   3.2692
#          10       0.00627     42.70      1.00     2   3.2818
#          11       0.00645     41.74      1.00     2   3.3118
#          12       0.00566     41.31      1.00     2   3.3257
#          13       0.02520     10.81      1.00     2   3.4319
#          14       0.02559      9.80      1.00     2   3.5722
#          15       0.03552      9.11      1.00     2   3.6791
#          16       0.01375     18.56      2.00     3   3.7113
#          17       0.01335     19.47      2.00     3   3.7199
#          18       0.00408     50.01      2.00     3   3.7274
#          19       0.00425     49.60      2.00     3   3.7368
#          20       0.00429     49.45      2.00     3   3.7497
#          21       0.00406     49.77      2.00     3   3.7516
#          22       0.01156     13.98      2.00     3   3.7836
#          23       0.01119     14.09      2.00     3   3.8216
#          24       0.01262     11.23      2.00     3   3.8973
#          25       0.01614      9.58      2.00     3   3.9005
#          26       0.01647      9.55      2.00     3   3.9066
#          27       0.01482      9.14      2.00     3   3.9867
#          28       0.03938      7.45      1.00     2   3.9892
#          29       0.01469      9.16      2.00     3   3.9923
#          30       0.01300     11.05      2.00     3   3.9957
#          31       0.01042     24.94      1.00     2   4.0580
#          32       0.01509      8.58      2.00     3   4.1024
#          33       0.01835      6.93      1.00     2   4.1064
#          34       0.02437     12.00      1.00     4   4.1281
#          35       0.02504     11.79      1.00     4   4.1408
#          36       0.00974      4.57      2.00     4   4.1579
#          38       0.01536      6.68      1.00     2   4.1669
#          39       0.01519      8.38      2.00     3   4.1692
#          40       0.00446     17.56      1.00     4   4.1775
#          41       0.00448     19.12      1.00     4   4.1855
#          42       0.00447     17.91      1.00     4   4.1876
#          43       0.00455     18.71      1.00     4   4.1918
#          44       0.01870      4.83      2.00     3   4.1968
#          45       0.00433     11.22      2.00     3   4.2114
#          46       0.00414     11.61      2.00     3   4.2400
#          49       0.01039     22.08      1.00     2   4.2541
#          50       0.01295     22.76      2.00     3   4.2557
#          51       0.00438     11.99      2.00     3   4.2661
#          52       0.01206     25.73      2.00     3   4.2710
#          53       0.01862      4.63      2.00     3   4.2769
#          54       0.01859     10.19      1.00     4   4.2979
#          55       0.00434     12.96      2.00     3   4.3164
#          56       0.01855     10.12      1.00     4   4.3175
#          57       0.00422     13.44      2.00     3   4.3373
#          58       0.00421     13.24      2.00     3   4.3379
#          59       0.01048      5.23      2.00     4   4.3555
#          60       0.01136     27.64      1.00     4   4.3752
#          61       0.01156     20.87      1.00     4   4.4050
#          62       0.01695      6.36      2.00     4   4.4117
#          63       0.01925     12.78      2.00     3   4.4152
#          65       0.01070      6.39      2.00     4   4.4216
#          66       0.00616     22.63      2.00     3   4.4280
#          67       0.01311     10.00      2.00     3   4.4327
#          68       0.02028      4.56      2.00     3   4.4488
#          69       0.01241     10.60      2.00     3   4.4640
#          70       0.01927      4.48      2.00     3   4.4867
#          71       0.01716      6.08      2.00     4   4.4916
#          72       0.01846      8.38      1.00     4   4.5254
#          73       0.00610     25.89      2.00     3   4.5409
#          74       0.00945      4.17      2.00     4   4.5678
#          75       0.00959     22.78      2.00     4   4.5682
#          76       0.00961     18.36      2.00     4   4.5821
#          77       0.01720      9.66      2.00     4   4.5909
#          78       0.00941      4.32      2.00     4   4.5926
#          79       0.01717      8.46      2.00     4   4.5981
#          80       0.00588     18.53      2.00     3   4.6136
#          81       0.01208      7.79      2.00     3   4.6307
#          82       0.02870      5.06      1.00     2   4.6478
#          83       0.02112      5.84      2.00     4   4.6639
#          84       0.01839      7.52      1.00     4   4.6657
#          85       0.02110      8.99      2.00     3   4.6683
#          86       0.02459      5.20      2.00     3   4.6884
#          87       0.00549     17.08      1.00     2   4.6916
#          88       0.01048     17.24      2.00     4   4.6936
#          90       0.02074      5.76      2.00     4   4.7005
#          91       0.00587     12.51      1.00     4   4.7032
#          92       0.00581     19.32      2.00     3   4.7088
#          93       0.00473      4.35      2.00     4   4.7117
#          95       0.00546     16.86      1.00     2   4.7147
#          96       0.00466      6.04      2.00     4   4.7171
#          97       0.00603     12.29      1.00     4   4.7202
#          98       0.00455      6.86      2.00     4   4.7206
#          99       0.00603     12.27      1.00     4   4.7211
#         100       0.01129      8.30      2.00     3   4.7218
#         101       0.00458      6.61      2.00     4   4.7261
#         103       0.01001     18.81      2.00     4   4.7260
#         104       0.01861      4.33      2.00     3   4.7309
#         105       0.00618     12.15      1.00     4   4.7310
#         106       0.00556     60.44      2.00     3   4.7389
#         108       0.01408      4.48      1.00     4   4.7612
#         109       0.03633      7.67      1.00     4   4.7724
#         111       0.00544     55.04      2.00     3   4.7783
#         113       0.01174      9.92      2.00     4   4.7852
#         114       0.00622     66.57      1.00     4   4.7861
#         115       0.00657      7.96      1.00     4   4.7980
#         116       0.01951     14.32      2.00     5   4.8046
#         117       0.01909     12.64      2.00     5   4.8132
#         120       0.00655     16.56      1.00     4   4.8278
#         121       0.00943     44.78      2.00     5   4.8302
#         122       0.00614     59.46      1.00     4   4.8418
#         123       0.00953     35.37      2.00     5   4.8430
#         124       0.02550      4.55      1.00     2   4.8438
#         127       0.01234      8.77      2.00     4   4.8575
#         129       0.00539      9.15      2.00     4   4.8830
#         130       0.00756      5.31      2.00     3   4.8950
#         131       0.01992      4.42      1.00     2   4.8977
#         132       0.01847     11.76      2.00     3   4.8994
#         133       0.00739      5.24      2.00     3   4.9109
#         134       0.00488     29.49      2.00     3   4.9152
#         135       0.01536      4.38      2.00     5   4.9151
#         136       0.00485     31.25      2.00     3   4.9207
#         137       0.02403      4.36      1.00     2   4.9247
#         138       0.01221      9.67      2.00     4   4.9491
#         139       0.01226     10.56      2.00     4   4.9552
#         140       0.00456     56.69      2.00     4   4.9624
#         141       0.02289      4.27      1.00     2   4.9641
#         142       0.00891      5.02      2.00     3   4.9747
#         143       0.00541     14.77      2.00     4   4.9788
#         144       0.00507      9.59      2.00     4   4.9836
#         145       0.00452     55.50      2.00     4   4.9843
#         146       0.01494      4.76      2.00     5   4.9902
#         147       0.01662     10.59      2.00     5   4.9908
#         148       0.00503     14.15      2.00     4   4.9956
#         149       0.01535      5.00      2.00     5   4.9976
#         150       0.01503      8.95      2.00     4   5.0007
#         152       0.01387     11.20      2.00     4   5.0087
#         153       0.02335      6.32      2.00     3   5.0117
#         156       0.00956     14.77      2.00     5   5.0200
#         158       0.00963     18.21      2.00     5   5.0231
#         159       0.00877      8.00      2.00     3   5.0240
#         161       0.01496     15.80      2.00     3   5.0256
#         163       0.01599      6.46      2.00     3   5.0465
#         164       0.00865      7.89      2.00     3   5.0466
#         166       0.00800      5.01      2.00     3   5.0615
#         167       0.00922     19.21      2.00     4   5.0712
#         168       0.01928      4.03      1.00     2   5.0754
#         169       0.04433      6.19      1.00     4   5.0826
#         170       0.01804     10.58      2.00     5   5.0892
#         171       0.00675      9.03      1.00     4   5.0942
#         172       0.01737     10.66      2.00     3   5.0954
#         173       0.02265      7.93      2.00     3   5.1032
#         174       0.00684      8.97      1.00     4   5.1081
#         175       0.00910     18.07      2.00     4   5.1101
#         178       0.00526     18.01      1.00     4   5.1267
#         180       0.02212      9.23      2.00     3   5.1291
#         181       0.00880      6.45      2.00     3   5.1384
#         182       0.00535     15.86      1.00     4   5.1387
#         183       0.00686      8.98      1.00     4   5.1393
#         184       0.01705      7.59      1.00     4   5.1509
#         185       0.00645      9.07      1.00     4   5.1517
#         186       0.01298     15.68      1.00     4   5.1536
#         188       0.02188      9.47      2.00     3   5.1554
#         189       0.01579      7.15      2.00     3   5.1594
#         190       0.00558      4.05      1.00     4   5.1635
#         192       0.01473      7.68      2.00     3   5.1721
#         194       0.01028     17.98      2.00     4   5.1856
#         195       0.00473     42.54      2.00     4   5.1970
#         196       0.01681      8.17      2.00     3   5.1982
#         197       0.01570      5.02      1.00     4   5.1996
#         198       0.00468     42.58      2.00     4   5.2042
#         199       0.01687      7.45      2.00     3   5.2061
#         200       0.01451     14.00      2.00     3   5.2124
#         202       0.00881      5.69      2.00     3   5.2193
#         203       0.00675      5.66      2.00     3   5.2209
#         204       0.05040     11.99      1.00     6   5.2211
#         205       0.01281     12.46      2.00     5   5.2275
#         206       0.02152     11.56      2.00     3   5.2277
#         207       0.05074     11.78      1.00     6   5.2344
#         208       0.01254     16.11      2.00     5   5.2359
#         209       0.01169      9.49      2.00     5   5.2402
#         210       0.02168     12.55      2.00     3   5.2423
#         211       0.00495     99.53      2.00     5   5.2443
#         212       0.02611      4.82      2.00     3   5.2448
#         213       0.00678      5.52      2.00     4   5.2475
#         215       0.01738      9.65      2.00     6   5.2511
#         216       0.00663      5.67      2.00     4   5.2526
#         217       0.00574     17.06      2.00     5   5.2530
#         218       0.01238     11.35      2.00     4   5.2532
#         219       0.02670      4.27      2.00     4   5.2566
#         221       0.01816     10.40      2.00     6   5.2596
#         222       0.01258      8.84      2.00     4   5.2633
#         223       0.00551     30.71      2.00     5   5.2657
#         224       0.00493     95.96      2.00     5   5.2678
#         225       0.01314     10.09      2.00     4   5.2694
#         226       0.00981      4.86      1.00     6   5.2698
#         228       0.01615      9.01      2.00     3   5.2731
#         229       0.01204     11.06      2.00     4   5.2742
#         230       0.01500      8.35      2.00     3   5.2754
#         231       0.02277      5.93      2.00     4   5.2779
#         234       0.00950      8.30      1.00     6   5.2806
#         235       0.00996     16.18      1.00     6   5.2809
#         236       0.01079     16.44      2.00     4   5.2829
#         237       0.00955      6.55      1.00     6   5.2854
#         238       0.00992     20.13      1.00     6   5.2851
#         239       0.02259      5.99      2.00     4   5.2901
#         240       0.01178      5.62      2.00     4   5.2911
#         241       0.01149      8.54      2.00     4   5.2981
#         242       0.02370      4.03      2.00     4   5.2983
#         243       0.01153     15.49      2.00     4   5.3000
#         244       0.01285     28.87      2.00     5   5.3004
#         245       0.02290      5.92      2.00     4   5.3026
#         246       0.02559      5.65      2.00     3   5.3215
#         247       0.01597      8.66      2.00     3   5.3225
#         248       0.02410     11.10      1.00     4   5.3293
#         249       0.02397      5.78      1.00     4   5.3335
#         252       0.01247     27.36      2.00     5   5.3377
#         254       0.01576      4.17      2.00     6   5.3410
#         255       0.02418      9.46      1.00     4   5.3424
#         256       0.02415      6.18      1.00     4   5.3466
#         257       0.01708      6.93      1.00     4   5.3470
#         258       0.02235     20.18      2.00     5   5.3490
#         259       0.01291     13.47      1.00     4   5.3495
#         260       0.01592      4.68      2.00     4   5.3513
#         261       0.01991      5.50      2.00     4   5.3535
#         262       0.01243     10.78      2.00     4   5.3548
#         263       0.02381      4.14      1.00     4   5.3626
#         265       0.02241     22.55      2.00     5   5.3644
#         266       0.01239      4.79      2.00     3   5.3662
#         267       0.01259     10.59      2.00     4   5.3670
#         269       0.01206      5.32      2.00     3   5.3744
#         271       0.01249     10.55      2.00     4   5.3822
#         272       0.02448      4.09      2.00     4   5.3828
#         273       0.01604     13.28      2.00     4   5.3878
#         274       0.01601      9.70      2.00     4   5.3894
#         275       0.01973      5.52      2.00     4   5.3923
#         276       0.01258      9.92      2.00     5   5.3931
#         277       0.01269     12.99      2.00     4   5.3956
#         278       0.02771      6.99      2.00     4   5.4007
#         279       0.01097      5.39      2.00     5   5.4038
#         280       0.02943      5.11      2.00     4   5.4072
#         281       0.01597     13.97      2.00     4   5.4095
#         282       0.01647      4.55      2.00     4   5.4104
#         283       0.01596      8.60      2.00     4   5.4105
#         284       0.00474     49.76      2.00     5   5.4102
#         285       0.00662     10.35      2.00     3   5.4107
#         286       0.01140      9.50      2.00     4   5.4110
#         287       0.01140     16.31      2.00     4   5.4125
#         288       0.01150      4.90      2.00     5   5.4130
#         289       0.01344     28.22      2.00     5   5.4142
#         291       0.01128     10.78      2.00     4   5.4172
#         292       0.01995      5.22      2.00     5   5.4168
#         293       0.01645      6.97      2.00     4   5.4188
#         294       0.00482     46.21      2.00     5   5.4206
#         295       0.01143     13.08      2.00     4   5.4216
#         296       0.01521     11.04      2.00     3   5.4249
#         297       0.00807      4.88      2.00     4   5.4254
#         298       0.01135     12.49      2.00     4   5.4298
#         299       0.02114      5.07      2.00     5   5.4302
#         300       0.01474      9.62      1.00     4   5.4325
#         301       0.01499      4.69      1.00     4   5.4322
#         302       0.01512      5.99      1.00     4   5.4332
#         303       0.00487     10.40      2.00     5   5.4335
#         305       0.01511      4.53      2.00     4   5.4438
#         307       0.01464      4.04      1.00     4   5.4465
#         308       0.01075      8.22      2.00     5   5.4466
#         309       0.01254      9.98      2.00     4   5.4483
#         310       0.01119      6.76      2.00     3   5.4489
#         312       0.01610      5.21      2.00     6   5.4489
#         313       0.00614     12.15      2.00     3   5.4500
#         314       0.01191      6.75      2.00     5   5.4557
#         316       0.02243      5.04      2.00     3   5.4668
#         317       0.00667     10.74      2.00     3   5.4690
#         318       0.02324     28.20      1.00     6   5.4685
#         319       0.02035      4.97      2.00     4   5.4692
#         320       0.01773      4.28      2.00     4   5.4721
#         321       0.00643     10.61      2.00     3   5.4748
#         323       0.01498     10.60      2.00     3   5.4758
#         324       0.01469      5.12      1.00     4   5.4755
#         325       0.02114      4.07      2.00     4   5.4760
#         326       0.01045      7.87      2.00     5   5.4768
#         327       0.01009      8.08      2.00     5   5.4802
#         328       0.01115      6.89      2.00     3   5.4816
#         329       0.01153     10.07      2.00     4   5.4848
#         331       0.01470      9.10      1.00     4   5.4888
#         332       0.01505      5.65      1.00     4   5.4897
#         333       0.01130     13.08      2.00     4   5.4961
#         334       0.02356     21.44      1.00     6   5.4983
#         335       0.01255     13.02      2.00     4   5.4993
#         336       0.02130      6.77      2.00     6   5.5051
#         337       0.04571      6.78      2.00     6   5.5052
#         339       0.02610      6.55      2.00     5   5.5081
#         341       0.02092      9.28      2.00     5   5.5108
#         342       0.01353     26.28      2.00     5   5.5119
#         344       0.01704      6.37      2.00     6   5.5151
#         345       0.01254     15.03      2.00     5   5.5209
#         346       0.01120      7.11      2.00     5   5.5213
#         347       0.01158     27.68      2.00     5   5.5214
#         348       0.01076     29.16      2.00     5   5.5236
#         349       0.01842      8.78      2.00     5   5.5260
#         350       0.00782     12.53      2.00     5   5.5294
#         351       0.00768     12.50      2.00     5   5.5361
#         352       0.01169      9.12      2.00     5   5.5376
#         353       0.01263      9.28      2.00     4   5.5410
#         355       0.01124     12.45      2.00     4   5.5452
#         356       0.01114      9.40      2.00     5   5.5475
#         357       0.01289      6.65      2.00     4   5.5501
#         360       0.00771     18.84      2.00     5   5.5523
#         361       0.02468      4.93      2.00     4   5.5554
#         362       0.02393      6.05      2.00     4   5.5560
#         363       0.01241      7.54      2.00     4   5.5569
#         364       0.01838      9.21      2.00     5   5.5574
#         366       0.01669      4.33      2.00     4   5.5631
#         367       0.00798     18.74      2.00     5   5.5631
#         368       0.01173     10.63      2.00     4   5.5636
#         369       0.01179      6.34      2.00     4   5.5656
#         371       0.02130      4.04      2.00     4   5.5676
#         372       0.01167     11.86      2.00     4   5.5686
#         373       0.02059      4.75      2.00     4   5.5692
#         374       0.01178      5.30      2.00     4   5.5706
#         375       0.01179      5.59      2.00     4   5.5722
#         376       0.00815     13.77      1.00     4   5.5742
#         377       0.00792     19.10      2.00     5   5.5772
#         378       0.00783     19.59      2.00     5   5.5776
#         379       0.01126      8.65      2.00     4   5.5811
#         380       0.00546     12.66      2.00     4   5.5827
#         381       0.05055      6.51      2.00     6   5.5839
#         383       0.01930      4.70      2.00     5   5.5856
#         384       0.02226      6.47      2.00     6   5.5851
#         385       0.01147      8.44      2.00     5   5.5905
#         386       0.01163      6.12      2.00     4   5.5979
#         387       0.00554     14.94      2.00     4   5.6010
#         388       0.01090     10.18      2.00     3   5.6019
#         390       0.01859      4.64      2.00     5   5.6060
#         391       0.00524     14.80      2.00     4   5.6068
#         393       0.01080      5.45      2.00     4   5.6084
#         394       0.01054      8.38      2.00     5   5.6085
#         395       0.01077      8.55      2.00     4   5.6090
#         396       0.01069     18.09      2.00     4   5.6095
#         397       0.01130     19.14      2.00     5   5.6108
#         398       0.01123     16.60      2.00     5   5.6129
#         399       0.00650     12.11      2.00     4   5.6208
#         401       0.01326      6.30      2.00     4   5.6271
#         403       0.00890      7.41      2.00     4   5.6298
#         404       0.01125     19.64      2.00     5   5.6322
#         405       0.01183      6.80      2.00     5   5.6333
#         406       0.01156     22.10      2.00     5   5.6342
#         407       0.01117     15.85      2.00     5   5.6342
#         408       0.01238     16.02      2.00     5   5.6339
#         409       0.01084     10.33      2.00     3   5.6362
#         410       0.01062     28.48      2.00     5   5.6364
#         411       0.00745      9.34      2.00     4   5.6419
#         412       0.01178      9.51      2.00     5   5.6416
#         413       0.00871     12.40      2.00     5   5.6438
#         415       0.01060      5.95      2.00     4   5.6466
#         416       0.01073      4.25      2.00     4   5.6476
#         417       0.00986      7.32      2.00     4   5.6473
#         418       0.01005      8.48      2.00     5   5.6476
#         419       0.02280      4.05      2.00     3   5.6485
#         420       0.01690      9.85      2.00     5   5.6483
#         421       0.01142     14.86      2.00     4   5.6491
#         422       0.01067      8.57      2.00     4   5.6488
#         423       0.01058     18.04      2.00     4   5.6492
#         424       0.01187     10.51      2.00     5   5.6504
#         425       0.01187     10.40      2.00     5   5.6510
#         426       0.02253      8.88      2.00     5   5.6538
#         427       0.01151      5.11      2.00     5   5.6544
#         428       0.01174      8.89      2.00     5   5.6543
#         430       0.01105     17.70      2.00     5   5.6556
#         431       0.01126     19.98      2.00     5   5.6562
#         432       0.01116     28.22      2.00     5   5.6567
#         434       0.01692      4.20      2.00     5   5.6572
#         435       0.01416     18.66      2.00     5   5.6611
#         436       0.01926     22.85      2.00     6   5.6615
#         437       0.00551     11.76      2.00     4   5.6661
#         439       0.01101      8.97      2.00     4   5.6671
#         441       0.01148      8.50      2.00     5   5.6681
#         443       0.01105     14.62      2.00     5   5.6700
#         444       0.00999      7.27      2.00     4   5.6719
#         445       0.01133      8.09      2.00     4   5.6725
#         446       0.01587      5.08      2.00     5   5.6726
#         447       0.01198     18.62      2.00     6   5.6739
#         449       0.01977     18.58      2.00     6   5.6753
#         450       0.00757     10.04      2.00     4   5.6773
#         451       0.00889      7.31      2.00     4   5.6773
#         453       0.01207     16.06      2.00     6   5.6824
#         454       0.07610      9.47      2.00     6   5.6845
#         455       0.02089      9.62      2.00     6   5.6843
#         456       0.00668      9.87      2.00     4   5.6858
#         457       0.01133      8.71      2.00     4   5.6876
#         458       0.01422     19.42      2.00     5   5.6903
#         460       0.08110      8.44      2.00     6   5.6911
#         461       0.02130      8.51      2.00     6   5.6914
#         462       0.00627     44.06      1.00     6   5.6937
#         463       0.01025      4.62      2.00     5   5.6969
#         464       0.01162     10.99      2.00     5   5.6979
#         466       0.01837      8.36      2.00     5   5.6988
#         467       0.01134     14.36      2.00     4   5.6997
#         468       0.01111     17.05      2.00     5   5.6993
#         469       0.00638     42.93      1.00     6   5.7024
#         470       0.00613     15.60      1.00     6   5.7036
#         471       0.01176     10.90      2.00     5   5.7064
#         472       0.01180     10.09      2.00     5   5.7065
#         473       0.01217      8.47      2.00     5   5.7065
#         474       0.00615     10.33      1.00     6   5.7079
#         475       0.00900     12.39      2.00     5   5.7088
#         476       0.01079     17.86      2.00     5   5.7091
#         478       0.01091     15.43      2.00     5   5.7112
#         479       0.01112     26.78      2.00     5   5.7128
#         480       0.01122     18.60      2.00     5   5.7124
#         481       0.01355      6.75      2.00     4   5.7133
#         482       0.01107     10.58      2.00     5   5.7144
#         484       0.01887      4.32      2.00     5   5.7213
#         485       0.01163      7.36      2.00     5   5.7223
#         486       0.01819      6.68      2.00     5   5.7236
#         490       0.01762      6.41      2.00     5   5.7275
#         493       0.01762      4.57      2.00     5   5.7306
#         494       0.01053      6.16      2.00     4   5.7416
#         497       0.01068      7.01      2.00     5   5.7530
#         498       0.01061     12.42      2.00     5   5.7550
#         499       0.03134      6.16      2.00     6   5.7571
#         500       0.06482      6.16      2.00     6   5.7568
#         501       0.01692     23.99      2.00     6   5.7586
#         502       0.02827      5.57      2.00     5   5.7613
#         503       0.02212      7.70      2.00     5   5.7638
#         504       0.01649     24.34      2.00     6   5.7636
#         505       0.01191      4.32      2.00     3   5.7659
#         509       0.00822     14.05      1.00     4   5.7701
#         510       0.01226     18.33      2.00     5   5.7717
#         511       0.01176      7.63      2.00     4   5.7735
#         512       0.01198     16.09      2.00     5   5.7746
#         513       0.01622      6.96      2.00     5   5.7744
#         515       0.01210      7.71      2.00     5   5.7766
#         516       0.01306      4.11      2.00     4   5.7813
#         517       0.01179      4.60      2.00     3   5.7833
#         518       0.02549      4.42      2.00     4   5.7835
#         520       0.02171      4.22      2.00     4   5.7869
#         521       0.00974      8.40      1.00     4   5.7865
#         523       0.01827     17.41      2.00     6   5.7869
#         525       0.01225     13.90      2.00     5   5.7871
#         526       0.01162     16.49      2.00     5   5.7872
#         527       0.01222      8.69      2.00     5   5.7892
#         528       0.01394      5.29      2.00     5   5.7906
#         529       0.01808      8.39      2.00     5   5.7904
#         531       0.01599      4.50      2.00     5   5.7943
#         532       0.03233      6.07      2.00     6   5.7938
#         533       0.06052      6.06      2.00     6   5.7941
#         534       0.01172      7.95      2.00     4   5.7963
#         535       0.01166      9.92      2.00     5   5.8017
#         537       0.01078     18.12      2.00     5   5.8042
#         539       0.00994      8.84      1.00     4   5.8096
#         540       0.01220      8.02      2.00     5   5.8095
#         541       0.01113      9.21      2.00     5   5.8112
#         542       0.01317      4.04      2.00     4   5.8135
#         543       0.01749      6.66      2.00     5   5.8148
#         545       0.01742      8.03      2.00     5   5.8177
#         548       0.01756      6.34      2.00     5   5.8192
#         549       0.01226      4.92      2.00     5   5.8188
#         551       0.01841     19.14      2.00     6   5.8193
#         552       0.01204      4.26      2.00     5   5.8202
#         555       0.01171      6.97      2.00     5   5.8217
#         556       0.01608      4.00      2.00     5   5.8225
#         557       0.02316      7.20      2.00     5   5.8242
#         558       0.00978     12.74      2.00     4   5.8254
#         562       0.01736      4.28      2.00     5   5.8268
#         564       0.01367      5.14      2.00     5   5.8305
#         565       0.01236     11.13      2.00     5   5.8318
#         566       0.01212     15.32      2.00     5   5.8320
#         567       0.00996      7.11      2.00     5   5.8319
#         568       0.01549      6.51      2.00     5   5.8324
#         569       0.01574      5.59      2.00     5   5.8323
#         570       0.00992     10.30      2.00     5   5.8325
#         571       0.00977     23.88      2.00     5   5.8330
#         572       0.01621      4.28      2.00     5   5.8330
#         573       0.00950     28.76      2.00     5   5.8337
#         575       0.01594     12.68      2.00     5   5.8354
#         577       0.01589      7.85      2.00     5   5.8365
#         578       0.02361      4.01      2.00     3   5.8370
#         582       0.00976     13.48      2.00     4   5.8422
#         583       0.01633      4.84      2.00     5   5.8423
#         585       0.01603     11.21      2.00     5   5.8460
#         587       0.01602      8.24      2.00     5   5.8476
#         588       0.01065      8.32      2.00     5   5.8490
#         589       0.01056     13.10      2.00     5   5.8504
#         590       0.01126     12.26      2.00     5   5.8506
#         592       0.00994      6.01      2.00     5   5.8537
#         594       0.01060      7.28      2.00     5   5.8540
#         595       0.01760      4.70      1.00     6   5.8545
#         596       0.00974     24.69      2.00     5   5.8552
#         597       0.00987     10.82      2.00     5   5.8548
#         598       0.01089      9.89      2.00     5   5.8557
#         599       0.01026      8.59      2.00     5   5.8556
#         600       0.00969      8.08      2.00     5   5.8561
#         601       0.01590      6.09      2.00     5   5.8567
#         602       0.01032      6.62      2.00     5   5.8657
#         606       0.01022     10.95      2.00     5   5.8672
#         607       0.01046      8.40      2.00     5   5.8673
#         609       0.01990      4.43      2.00     5   5.8708
#         610       0.01225      9.17      2.00     5   5.8713
#         611       0.01155     15.11      2.00     5   5.8715
#         612       0.01590      5.98      2.00     5   5.8717
#         613       0.01355     23.44      2.00     6   5.8723
#         614       0.00965     28.66      2.00     5   5.8731
#         615       0.02253      4.23      2.00     5   5.8747
#         617       0.01695     20.13      2.00     6   5.8786
#         618       0.02100      6.45      2.00     6   5.8781
#         619       0.01534      9.93      2.00     6   5.8785
#         620       0.01883      5.20      2.00     5   5.8788
#         621       0.01208     19.40      1.00     6   5.8793
#         622       0.01222     18.72      1.00     6   5.8791
#         623       0.01084      9.66      2.00     5   5.8798
#         624       0.00971      8.15      2.00     5   5.8798
#         625       0.01627     16.14      2.00     6   5.8796
#         626       0.01616     16.04      2.00     6   5.8796
#         628       0.00965     24.55      1.00     6   5.8809
#         629       0.01762      8.54      2.00     6   5.8808
#         631       0.01412      8.17      2.00     4   5.8830
#         632       0.02237      4.90      2.00     5   5.8832
#         633       0.01400      7.41      2.00     5   5.8904
#         634       0.01379     15.17      2.00     5   5.8907
#         635       0.01288      8.26      1.00     6   5.8909
#         636       0.01386      9.34      2.00     5   5.8913
#         637       0.01967     44.66      2.00     6   5.8914
#         638       0.01104      8.35      1.00     6   5.8913
#         639       0.01125     14.76      1.00     6   5.8936
#         640       0.01316      5.48      2.00     5   5.8960
#         642       0.03330     16.42      2.00     7   5.8980
#         643       0.05741     16.54      2.00     7   5.8983
#         644       0.01653      6.53      2.00     5   5.8991
#         645       0.01301      5.80      2.00     5   5.9005
#         646       0.01393      8.26      2.00     4   5.9017
#         647       0.01531      4.87      2.00     5   5.9016
#         648       0.01386      6.97      2.00     5   5.9015
#         649       0.02243      4.82      2.00     5   5.9021
#         652       0.02197      5.15      2.00     5   5.9054
#         653       0.06036     14.70      2.00     7   5.9062
#         654       0.03273     14.47      2.00     7   5.9065
#         657       0.01637      4.18      2.00     5   5.9128
#         658       0.01381      5.71      2.00     5   5.9130
#         659       0.01380      8.85      2.00     5   5.9134
#         660       0.01406      6.64      2.00     5   5.9135
#         663       0.01376     15.08      2.00     5   5.9147
#         664       0.01375      9.59      2.00     5   5.9156
#         665       0.02041     42.27      2.00     6   5.9210
#         666       0.01417     11.34      2.00     6   5.9207
#         667       0.01163      9.60      1.00     6   5.9212
#         668       0.01267     10.22      1.00     6   5.9207
#         669       0.01105     16.01      1.00     6   5.9232
#         670       0.01902     50.40      2.00     7   5.9235
#         671       0.01843      6.16      2.00     7   5.9238
#         673       0.02469      8.28      2.00     6   5.9285
#         674       0.01355     12.31      2.00     5   5.9314
#         675       0.02597      4.61      2.00     4   5.9323
#         676       0.01616     15.70      2.00     6   5.9341
#         677       0.01155     17.88      1.00     6   5.9351
#         678       0.01209     16.98      1.00     6   5.9349
#         680       0.01647     17.78      2.00     6   5.9353
#         682       0.01855      6.36      2.00     7   5.9359
#         683       0.01919     39.73      2.00     7   5.9362
#         684       0.01115     12.99      2.00     5   5.9372
#         685       0.00984     23.25      1.00     6   5.9367
#         687       0.01373     23.39      2.00     6   5.9378
#         689       0.01522      9.27      2.00     5   5.9395
#         690       0.01180      7.83      2.00     5   5.9395
#         691       0.01461      6.44      2.00     5   5.9413
#         693       0.01205     35.26      2.00     5   5.9442
#         694       0.02191      5.80      2.00     5   5.9475
#         695       0.00969      7.13      2.00     4   5.9505
#         696       0.01845      4.91      2.00     5   5.9505
#         697       0.01842     14.33      2.00     6   5.9504
#         698       0.05004      8.58      2.00     6   5.9511
#         700       0.01731      6.49      2.00     6   5.9530
#         701       0.01061      8.92      2.00     5   5.9543
#         702       0.00965      7.89      2.00     4   5.9567
#         703       0.01156      4.04      2.00     5   5.9669
#         705       0.01058      8.58      2.00     5   5.9711
#         706       0.01541      8.26      2.00     5   5.9717
#         707       0.01133      7.19      2.00     5   5.9727
#         708       0.01126      4.19      2.00     5   5.9729
#         710       0.01198     23.77      2.00     6   5.9763
#         712       0.01008      8.41      2.00     5   5.9789
#         713       0.01024     26.73      2.00     6   5.9785
#         715       0.01447      6.21      2.00     5   5.9807
#         718       0.00953      7.75      2.00     4   5.9849
#         719       0.02154      5.64      2.00     5   5.9856
#         720       0.01316     10.53      2.00     6   5.9854
#         721       0.01782      4.74      2.00     5   5.9876
#         722       0.03133     10.63      2.00     5   5.9923
#         723       0.01353     10.21      2.00     6   5.9925
#         725       0.02107      6.22      2.00     5   5.9949
#         726       0.00959     12.76      2.00     5   5.9977
#         727       0.01580      4.54      2.00     5   5.9990
#         729       0.00865      9.49      1.00     6   6.0035
#         730       0.02584      7.95      2.00     6   6.0077
#         731       0.04855      5.24      2.00     7   6.0074
#         732       0.01137      4.84      2.00     5   6.0082
#         733       0.01094      8.66      2.00     5   6.0083
#         734       0.02562      5.01      2.00     7   6.0086
#         735       0.01119      6.48      2.00     5   6.0092
#         736       0.01823      7.53      2.00     5   6.0095
#         738       0.01057     22.64      2.00     5   6.0100
#         741       0.01732      7.66      2.00     5   6.0105
#         742       0.00865      9.54      1.00     6   6.0105
#         743       0.01011      7.02      2.00     5   6.0119
#         745       0.01154      5.20      2.00     5   6.0121
#         746       0.01397      4.59      2.00     5   6.0124
#         748       0.01042      9.63      2.00     5   6.0139
#         749       0.01061     24.87      2.00     5   6.0156
#         750       0.00865      9.36      1.00     6   6.0151
#         751       0.01016      5.56      2.00     5   6.0166
#         752       0.01847      5.20      2.00     5   6.0171
#         753       0.02350      4.03      2.00     5   6.0175
#         754       0.00878      9.41      1.00     6   6.0180
#         755       0.00957     13.16      2.00     5   6.0203
#         756       0.01011      6.79      2.00     5   6.0285
#         757       0.00867      7.43      2.00     4   6.0314
#         759       0.00641     14.99      2.00     5   6.0377
#         760       0.01065      4.73      2.00     5   6.0374
#         761       0.01839      6.10      2.00     5   6.0384
#         762       0.03592      4.44      2.00     4   6.0392
#         763       0.00643     18.11      2.00     5   6.0389
#         764       0.01717      7.60      2.00     5   6.0410
#         765       0.01840     14.24      2.00     6   6.0420
#         766       0.05196      9.45      2.00     6   6.0420
#         767       0.02394      6.85      2.00     6   6.0424
#         768       0.01679      6.12      2.00     6   6.0445
#         769       0.02351      4.99      2.00     5   6.0447
#         770       0.01057      4.84      2.00     5   6.0452
#         771       0.01744     16.39      2.00     6   6.0484
#         772       0.02155      6.31      2.00     6   6.0481
#         773       0.01690     10.47      2.00     6   6.0486
#         774       0.01725      7.00      2.00     5   6.0497
#         775       0.01774      8.19      2.00     6   6.0498
#         776       0.01801      8.04      2.00     6   6.0506
#         778       0.01572      5.28      2.00     5   6.0552
#         780       0.01083     14.74      2.00     6   6.0554
#         781       0.01050     17.82      2.00     6   6.0556
#         782       0.01283     43.41      2.00     5   6.0569
#         783       0.00775      4.24      1.00     4   6.0573
#         784       0.01098     43.18      2.00     6   6.0572
#         785       0.01124     15.39      2.00     6   6.0581
#         786       0.02228      4.74      2.00     5   6.0603
#         787       0.01118     14.83      2.00     6   6.0601
#         789       0.00773      4.22      1.00     4   6.0627
#         790       0.01819      6.69      2.00     6   6.0627
#         791       0.02002      4.33      2.00     5   6.0636
#         792       0.00617     17.03      2.00     5   6.0649
#         793       0.01904      5.68      2.00     6   6.0663
#         794       0.01701      9.66      2.00     6   6.0667
#         795       0.01554      8.72      2.00     5   6.0679
#         796       0.00984     14.27      2.00     5   6.0677
#         798       0.01132     15.32      2.00     6   6.0690
#         799       0.01130     14.69      2.00     6   6.0710
#         801       0.01757      6.63      2.00     6   6.0716
#         802       0.01161      5.63      2.00     6   6.0718
#         803       0.01196     20.14      2.00     6   6.0721
#         804       0.01695      9.86      2.00     6   6.0735
#         805       0.01025     27.79      2.00     6   6.0743
#         807       0.00999      8.30      2.00     5   6.0747
#         808       0.00980     14.86      2.00     5   6.0751
#         809       0.01430      4.45      2.00     5   6.0753
#         810       0.02945      9.53      2.00     5   6.0767
#         811       0.01155      7.53      2.00     6   6.0765
#         813       0.01093     13.55      2.00     6   6.0773
#         814       0.01078     19.68      2.00     6   6.0769
#         816       0.01170      4.63      2.00     6   6.0778
#         817       0.01013     18.23      2.00     6   6.0775
#         819       0.01377     17.81      2.00     6   6.0791
#         820       0.01133     44.15      2.00     6   6.0792
#         821       0.01112      4.44      2.00     6   6.0796
#         823       0.01081     12.84      2.00     6   6.0827
#         824       0.02218      5.07      2.00     5   6.0832
#         825       0.01670      4.18      2.00     4   6.0837
#         827       0.01083     16.71      2.00     6   6.0844
#         828       0.01078     13.68      2.00     6   6.0847
#         829       0.00844      5.82      2.00     5   6.0879
#         831       0.01277     10.15      2.00     6   6.0886
#         833       0.01087     18.29      2.00     6   6.0889
#         834       0.01789      4.93      2.00     6   6.0905
#         835       0.02181      8.24      2.00     6   6.0905
#         836       0.01337     21.28      2.00     6   6.0911
#         837       0.02393      5.42      2.00     7   6.0910
#         838       0.00640     14.09      2.00     5   6.0921
#         839       0.01118      5.50      2.00     6   6.0923
#         841       0.02166      8.33      2.00     6   6.0936
#         842       0.02132      7.97      2.00     6   6.0941
#         843       0.05206      9.05      2.00     6   6.0944
#         844       0.02045      4.89      2.00     5   6.0973
#         845       0.01763      7.81      2.00     6   6.0975
#         846       0.01900      9.34      2.00     6   6.0975
#         847       0.00963      7.61      2.00     4   6.0984
#         848       0.01777      5.81      2.00     6   6.0985
#         849       0.02137      7.28      2.00     6   6.0985
#         850       0.01081     17.66      2.00     6   6.0981
#         851       0.01715      6.65      2.00     5   6.0998
#         853       0.02026      7.01      2.00     6   6.1019
#         854       0.02050      9.39      2.00     6   6.1016
#         856       0.05289     11.05      2.00     6   6.1016
#         857       0.00860      5.72      2.00     5   6.1023
#         858       0.00839      5.57      2.00     5   6.1032
#         859       0.00834      5.72      2.00     5   6.1032
#         860       0.01679      7.76      2.00     6   6.1032
#         862       0.02627      5.74      2.00     5   6.1046
#         863       0.01073     12.34      2.00     6   6.1048
#         865       0.01749      8.70      2.00     6   6.1061
#         866       0.01877     10.86      2.00     6   6.1061
#         867       0.01037     15.72      2.00     5   6.1072
#         868       0.01628      7.26      2.00     6   6.1071
#         869       0.01764      4.23      2.00     6   6.1075
#         872       0.01070     14.11      2.00     6   6.1088
#         873       0.01057      6.23      2.00     6   6.1092
#         874       0.00870      5.51      2.00     5   6.1098
#         875       0.00858      5.67      2.00     5   6.1098
#         879       0.01753      5.62      2.00     7   6.1129
#         880       0.01809     16.96      2.00     7   6.1133
#         882       0.01643      7.98      2.00     6   6.1141
#         883       0.01011     14.35      2.00     6   6.1138
#         884       0.01025     13.04      2.00     6   6.1138
#         885       0.01014     12.90      2.00     6   6.1144
#         886       0.01010     15.70      2.00     6   6.1144
#         887       0.01024     31.34      2.00     6   6.1149
#         888       0.00994     24.89      2.00     6   6.1149
#         889       0.01070     15.50      2.00     6   6.1160
#         890       0.01194     17.78      2.00     6   6.1160
#         891       0.01798     20.93      2.00     7   6.1165
#         892       0.01775      5.43      2.00     7   6.1168
#         893       0.01802      4.49      2.00     5   6.1172
#         894       0.01811      6.20      2.00     5   6.1181
#         896       0.00740      4.23      1.00     4   6.1194
#         898       0.01085      5.68      2.00     5   6.1211
#         899       0.02525     13.87      2.00     5   6.1212
#         901       0.01792      4.05      2.00     5   6.1233
#         903       0.01020      6.47      2.00     6   6.1230
#         905       0.01009     12.71      2.00     6   6.1250
#         906       0.01032     13.61      2.00     6   6.1250
#         907       0.01743     10.52      2.00     6   6.1252
#         908       0.01031     16.18      2.00     5   6.1257
#         910       0.00808      4.21      1.00     4   6.1283
#         911       0.01065     16.88      2.00     6   6.1282
#         912       0.01203     18.12      2.00     6   6.1282
#         913       0.01701     11.14      2.00     6   6.1281
#         915       0.00663     16.21      2.00     5   6.1297
#         919       0.01846      4.39      2.00     5   6.1324
#         921       0.01053      4.97      2.00     6   6.1324
#         922       0.01258      8.24      2.00     6   6.1323
#         923       0.01049      8.17      2.00     6   6.1323
#         925       0.01018      4.17      2.00     6   6.1349
#         926       0.01042      5.12      2.00     6   6.1349
#         928       0.01016      8.69      2.00     6   6.1358
#         929       0.01001     15.17      2.00     6   6.1373
#         930       0.01025     17.52      2.00     6   6.1373
#         931       0.01006     13.69      2.00     6   6.1371
#         932       0.01031     12.43      2.00     6   6.1371
#         933       0.01003     12.06      2.00     6   6.1383
#         934       0.01004     15.76      2.00     6   6.1383
#         935       0.00990     24.67      2.00     6   6.1387
#         936       0.01021     31.77      2.00     6   6.1387
#         937       0.01981      5.98      2.00     5   6.1394
#         938       0.01693      4.59      2.00     5   6.1398
#         943       0.01382      4.50      2.00     4   6.1448
#         944       0.01754      4.19      2.00     5   6.1447
#         947       0.01624      4.59      2.00     5   6.1523
#         948       0.01410      9.11      2.00     5   6.1548
#         949       0.02531      4.19      2.00     5   6.1560
#         950       0.02229      4.11      2.00     5   6.1576
#         953       0.01572      5.13      2.00     7   6.1587
#         954       0.01077      4.61      2.00     5   6.1620
#         955       0.00969     14.16      2.00     5   6.1627
#         958       0.01751     11.90      2.00     6   6.1644
#         959       0.01337      4.05      2.00     6   6.1642
#         960       0.04595     17.65      2.00     6   6.1648
#         961       0.01569      4.97      2.00     7   6.1650
#         962       0.01861      7.59      2.00     6   6.1654
#         963       0.01258      4.42      2.00     6   6.1661
#         966       0.01832     10.70      2.00     6   6.1706
#         967       0.01785     13.08      2.00     6   6.1706
#         968       0.01793      4.15      2.00     6   6.1711
#         969       0.01795      5.08      2.00     6   6.1711
#         970       0.00847      4.19      1.00     4   6.1721
#         971       0.00973     12.51      2.00     5   6.1740
#         972       0.01908      8.91      2.00     6   6.1791
#         973       0.03185      7.43      2.00     6   6.1799
#         974       0.00830      4.16      1.00     4   6.1806
#         975       0.00783     21.54      2.00     5   6.1807
#         976       0.01898      8.79      2.00     6   6.1804
#         977       0.02536      4.10      2.00     5   6.1811
#         978       0.02876     12.14      2.00     7   6.1827
#         979       0.01459     11.47      2.00     5   6.1843
#         982       0.01914      4.78      2.00     6   6.1877
#         984       0.03140      9.62      2.00     5   6.1883
#         985       0.02007      5.48      2.00     5   6.1908
#         987       0.02598      7.05      2.00     5   6.1961
#         989       0.00977      4.08      2.00     5   6.1963
#         990       0.02034     12.87      2.00     6   6.2015
#         993       0.01812      7.34      2.00     6   6.2023
#         994       0.04551     16.74      2.00     6   6.2024
#         995       0.01671     11.36      2.00     6   6.2034
#         997       0.01291      4.29      2.00     6   6.2050
#        1001       0.00592     16.59      1.00     4   6.2085
#        1002       0.01787     10.29      2.00     6   6.2083
#        1003       0.01754     12.68      2.00     6   6.2083
#        1004       0.01759      4.97      2.00     6   6.2086
#        1005       0.01751      4.07      2.00     6   6.2086
#        1006       0.01805     16.13      2.00     6   6.2096
#        1007       0.01824      4.42      2.00     5   6.2146
#        1009       0.01843      8.70      2.00     6   6.2165
#        1010       0.03066      7.28      2.00     6   6.2167
#        1011       0.01942      5.57      2.00     6   6.2185
#        1012       0.01800      4.44      2.00     5   6.2201
#        1013       0.01046     24.65      1.00     6   6.2216
#        1014       0.01187      6.55      2.00     5   6.2222
#        1015       0.02287      8.27      2.00     5   6.2221
#        1016       0.00667     18.80      2.00     5   6.2248
#        1017       0.01867      6.24      2.00     6   6.2255
#        1020       0.01833      4.25      2.00     5   6.2277
#        1021       0.00619     15.95      1.00     4   6.2308
#        1023       0.01194      6.03      2.00     5   6.2317
#        1024       0.02131     11.70      2.00     6   6.2326
#        1025       0.01047     22.35      1.00     6   6.2336
#        1026       0.01808      5.38      2.00     5   6.2343
#        1027       0.01168      5.03      2.00     5   6.2349
#        1031       0.01843      8.94      2.00     6   6.2410
#        1034       0.01680     13.74      2.00     6   6.2422
#        1035       0.03445      7.74      1.00     6   6.2438
#        1038       0.02301      5.45      2.00     6   6.2451
#        1039       0.01792      4.15      2.00     5   6.2463
#        1040       0.02857      9.67      2.00     6   6.2465
#        1041       0.03076      9.93      2.00     5   6.2469
#        1043       0.02014      8.58      2.00     6   6.2476
#        1045       0.02345      8.40      2.00     5   6.2484
#        1046       0.02652     15.95      1.00     6   6.2491
#        1048       0.01949      6.57      2.00     5   6.2524
#        1050       0.01088      7.70      2.00     5   6.2543
#        1052       0.01575     81.23      2.00     5   6.2558
#        1053       0.01776      7.15      2.00     6   6.2556
#        1056       0.01079      6.36      1.00     6   6.2589
#        1060       0.02328      6.45      2.00     6   6.2621
#        1061       0.01087      4.34      1.00     6   6.2646
#        1065       0.01039      7.41      2.00     6   6.2659
#        1066       0.00817      4.11      1.00     4   6.2674
#        1067       0.01839      6.87      2.00     5   6.2676
#        1069       0.01038      7.28      2.00     6   6.2699
#        1071       0.01288      4.40      2.00     5   6.2729
#        1074       0.00970      8.42      2.00     3   6.2775
#        1075       0.01230      4.45      2.00     4   6.2772
#        1077       0.01929      6.68      2.00     6   6.2785
#        1078       0.01905     10.66      2.00     6   6.2786
#        1080       0.04353     16.69      2.00     6   6.2791
#        1082       0.00876      4.06      1.00     4   6.2813
#        1083       0.00979     22.47      2.00     6   6.2811
#        1084       0.00921      7.50      2.00     4   6.2820
#        1085       0.01896      9.66      2.00     6   6.2837
#        1086       0.01815     10.74      2.00     6   6.2837
#        1090       0.01862      4.79      2.00     6   6.2848
#        1092       0.02219      4.11      2.00     6   6.2870
#        1093       0.01141      9.33      2.00     6   6.2900
#        1096       0.01108     11.21      2.00     6   6.2902
#        1097       0.01695      7.60      2.00     5   6.2911
#        1099       0.00985     20.93      2.00     6   6.2912
#        1101       0.01004     30.29      2.00     6   6.2919
#        1102       0.01648      4.61      2.00     5   6.2922
#        1103       0.02010      7.61      2.00     6   6.2929
#        1104       0.01283      4.63      2.00     5   6.2943
#        1105       0.01521     75.78      2.00     5   6.2944
#        1110       0.01149      8.43      2.00     6   6.2972
#        1112       0.01369      4.69      2.00     6   6.2977
#        1113       0.01071     11.10      2.00     6   6.2974
#        1115       0.01706      6.99      2.00     5   6.2992
#        1116       0.01012     32.35      2.00     6   6.2991
#        1118       0.01640      4.52      2.00     5   6.3007
#        1119       0.02289      4.03      2.00     6   6.3002
#        1120       0.01702     13.15      2.00     6   6.3014
#        1122       0.01599    109.30      1.00     6   6.3030
#        1123       0.01875      8.68      2.00     6   6.3042
#        1126       0.01003      7.34      2.00     6   6.3052
#        1127       0.00975      8.62      2.00     6   6.3051
#        1128       0.02619      5.76      2.00     7   6.3076
#        1129       0.02501     12.32      2.00     5   6.3079
#        1130       0.02429      5.52      2.00     7   6.3080
#        1131       0.02402      4.45      2.00     7   6.3080
#        1132       0.01535      4.68      2.00     5   6.3084
#        1133       0.04821      4.61      2.00     7   6.3083
#        1134       0.01007      6.38      2.00     6   6.3090
#        1135       0.00829      4.03      1.00     4   6.3104
#        1136       0.00977      6.17      2.00     6   6.3105
#        1139       0.00828      4.05      1.00     4   6.3141
#        1140       0.01371     23.45      1.00     6   6.3142
#        1141       0.00824      4.04      1.00     4   6.3146
#        1142       0.00818      4.02      1.00     4   6.3153
#        1144       0.01529      4.61      2.00     5   6.3167
#        1145       0.03017      4.07      2.00     4   6.3170
#        1147       0.01464      4.26      2.00     5   6.3183
#        1149       0.00913      7.56      2.00     4   6.3207
#        1150       0.01882     18.43      2.00     7   6.3204
#        1151       0.02390      9.78      2.00     5   6.3209
#        1152       0.02422     12.25      2.00     7   6.3208
#        1153       0.02890     19.29      2.00     7   6.3208
#        1154       0.05342     13.98      2.00     7   6.3211
#        1155       0.01895      6.00      2.00     7   6.3208
#        1157       0.01788      7.51      2.00     7   6.3230
#        1159       0.00951     15.34      2.00     5   6.3292
#        1160       0.02419     13.25      2.00     7   6.3292
#        1161       0.01874     20.68      2.00     7   6.3289
#        1162       0.02905     16.96      2.00     7   6.3292
#        1163       0.05465     18.15      2.00     7   6.3289
#        1164       0.01872      6.52      2.00     7   6.3294
#        1165       0.01727      7.82      2.00     7   6.3314
#        1166       0.01228      4.26      2.00     4   6.3330
#        1168       0.01587     10.71      2.00     7   6.3335
#        1170       0.01891     16.74      2.00     7   6.3336
#        1172       0.02418     10.42      2.00     5   6.3355
#        1173       0.01768      8.45      2.00     7   6.3357
#        1174       0.01232      5.19      2.00     5   6.3362
#        1175       0.03004      7.26      2.00     5   6.3368
#        1177       0.01767     12.36      2.00     7   6.3377
#        1178       0.01126     27.40      2.00     7   6.3372
#        1179       0.01388     12.43      2.00     7   6.3377
#        1180       0.01103     25.04      2.00     7   6.3374
#        1181       0.01434      9.70      2.00     7   6.3378
#        1182       0.01018     59.74      2.00     7   6.3391
#        1183       0.01412      6.24      1.00     6   6.3406
#        1185       0.01424     36.45      1.00     6   6.3438
#        1186       0.01241      4.50      2.00     7   6.3459
#        1187       0.01479      4.79      2.00     7   6.3466
#        1188       0.01138     21.39      2.00     7   6.3463
#        1189       0.02152      9.44      2.00     6   6.3464
#        1190       0.02115      4.66      2.00     6   6.3467
#        1192       0.01361     38.73      2.00     7   6.3463
#        1193       0.01569     37.92      2.00     7   6.3463
#        1194       0.04365     11.48      2.00     6   6.3467
#        1197       0.01563      4.74      2.00     6   6.3480
#        1198       0.01073     27.89      2.00     7   6.3485
#        1199       0.01418      6.10      1.00     6   6.3488
#        1200       0.02686      7.30      2.00     7   6.3484
#        1203       0.00953      8.04      2.00     5   6.3549
#        1207       0.02990      9.04      2.00     6   6.3562
#        1208       0.01555     99.27      1.00     6   6.3580
#        1210       0.01807      4.52      2.00     6   6.3588
#        1211       0.01491      8.37      2.00     7   6.3586
#        1212       0.01186     23.09      2.00     7   6.3591
#        1213       0.01367     38.74      2.00     7   6.3589
#        1214       0.01187      7.25      2.00     7   6.3586
#        1215       0.01624     38.12      2.00     7   6.3589
#        1216       0.01482     12.30      2.00     7   6.3600
#        1217       0.01066     33.76      2.00     7   6.3611
#        1218       0.01131     27.07      2.00     7   6.3608
#        1219       0.01859     15.59      2.00     7   6.3612
#        1220       0.01391     16.48      2.00     7   6.3612
#        1221       0.01069     23.21      2.00     7   6.3610
#        1223       0.01846      5.46      2.00     6   6.3627
#        1224       0.02279     10.38      2.00     6   6.3623
#        1225       0.01029     60.27      2.00     7   6.3626
#        1226       0.02262      6.38      2.00     6   6.3649
#        1228       0.01699      8.22      2.00     5   6.3663
#        1229       0.04393     11.18      2.00     6   6.3664
#        1230       0.01639      4.45      2.00     5   6.3668
#        1234       0.02020      9.72      2.00     6   6.3674
#        1235       0.02124      4.72      2.00     6   6.3676
#        1236       0.01121      8.15      2.00     5   6.3684
#        1238       0.02178      4.84      2.00     6   6.3689
#        1239       0.01551      4.85      2.00     6   6.3690
#        1241       0.01833      7.44      2.00     5   6.3709
#        1242       0.02809      4.73      2.00     6   6.3713
#        1244       0.01540     16.94      2.00     6   6.3737
#        1245       0.01462      4.03      2.00     5   6.3745
#        1247       0.01969      9.68      2.00     6   6.3759
#        1249       0.02786      5.58      2.00     7   6.3762
#        1250       0.01940      6.05      2.00     6   6.3765
#        1251       0.04308     15.39      2.00     6   6.3764
#        1255       0.02165      4.34      2.00     6   6.3799
#        1256       0.02075      7.87      2.00     6   6.3795
#        1257       0.01905      8.80      2.00     6   6.3812
#        1258       0.01813      9.35      2.00     6   6.3812
#        1259       0.01512      4.55      2.00     5   6.3824
#        1260       0.01877      4.46      2.00     6   6.3828
#        1264       0.02789      4.22      2.00     6   6.3833
#        1265       0.02771      4.37      2.00     6   6.3840
#        1266       0.00946     14.64      2.00     5   6.3843
#        1268       0.00963      9.38      2.00     5   6.3852
#        1269       0.02479      5.88      2.00     6   6.3866
#        1270       0.02027      5.86      2.00     6   6.3871
#        1271       0.01716      4.49      2.00     6   6.3883
#        1272       0.02013      6.91      2.00     6   6.3894
#        1274       0.02226      8.90      2.00     6   6.3910
#        1275       0.01791      4.78      2.00     6   6.3929
#        1276       0.01708      5.41      2.00     6   6.3934
#        1277       0.01637      5.71      2.00     6   6.3936
#        1278       0.02147     26.03      2.00     7   6.3936
#        1279       0.01714      7.87      2.00     7   6.3934
#        1280       0.02166     14.67      2.00     7   6.3939
#        1281       0.02248      4.97      2.00     7   6.3939
#        1282       0.04565     32.22      2.00     7   6.3940
#        1283       0.01029      5.08      2.00     6   6.3944
#        1284       0.01547     11.36      2.00     6   6.3944
#        1285       0.01580      8.93      2.00     7   6.3953
#        1286       0.01955     15.80      2.00     6   6.3956
#        1287       0.08877      5.83      2.00     6   6.3959
#        1288       0.02656      5.84      2.00     6   6.3981
#        1289       0.01032     24.79      2.00     6   6.3992
#        1290       0.00973      6.41      2.00     3   6.4006
#        1292       0.02079      7.23      2.00     6   6.4050
#        1293       0.01823      6.01      2.00     6   6.4084
#        1294       0.01646      6.28      2.00     6   6.4084
#        1295       0.01649      5.05      2.00     6   6.4087
#        1296       0.01027      4.82      2.00     6   6.4096
#        1297       0.01553     10.23      2.00     6   6.4096
#        1298       0.00826     11.63      2.00     5   6.4118
#        1300       0.01081      6.67      2.00     5   6.4141
#        1301       0.02741      5.67      2.00     5   6.4144
#        1303       0.01769      7.90      2.00     5   6.4157
#        1304       0.03114      7.88      2.00     5   6.4155
#        1305       0.01635      4.27      2.00     5   6.4161
#        1306       0.01103      8.28      2.00     4   6.4181
#        1307       0.02024      5.72      2.00     6   6.4193
#        1309       0.02306      9.95      1.00     6   6.4225
#        1312       0.01735      6.60      2.00     6   6.4245
#        1313       0.02359      5.84      1.00     6   6.4265
#        1314       0.00865     15.61      2.00     5   6.4278
#        1316       0.04601     30.67      2.00     7   6.4300
#        1317       0.02020     24.94      2.00     7   6.4310
#        1318       0.01682      7.58      2.00     7   6.4308
#        1319       0.01499      4.40      2.00     5   6.4313
#        1320       0.02369      5.71      2.00     7   6.4312
#        1321       0.02171     14.32      2.00     7   6.4312
#        1322       0.00704     31.99      2.00     5   6.4321
#        1323       0.01570      8.75      2.00     7   6.4326
#        1324       0.01088      6.74      2.00     5   6.4334
#        1326       0.02302      8.74      1.00     6   6.4356
#        1327       0.00718     32.94      2.00     5   6.4368
#        1329       0.01745      6.36      2.00     6   6.4376
#        1330       0.01332      8.17      2.00     5   6.4398
#        1331       0.02380      6.17      1.00     6   6.4396
#        1332       0.03452      7.08      1.00     6   6.4400
#        1333       0.02406      4.94      2.00     7   6.4419
#        1334       0.02982      8.52      2.00     6   6.4425
#        1335       0.03441     23.06      2.00     7   6.4422
#        1337       0.02634     13.74      1.00     6   6.4450
#        1338       0.01654      7.78      2.00     5   6.4462
#        1339       0.00974     14.76      2.00     6   6.4462
#        1340       0.02961     10.77      2.00     6   6.4478
#        1341       0.01498      4.10      2.00     5   6.4499
#        1342       0.01800      5.31      2.00     6   6.4502
#        1344       0.01495      4.55      2.00     5   6.4547
#        1345       0.00979     13.12      2.00     6   6.4559
#        1348       0.02454      4.25      2.00     7   6.4568
#        1350       0.03433     25.68      2.00     7   6.4577
#        1351       0.02501      5.55      2.00     7   6.4580
#        1352       0.01554      4.58      2.00     5   6.4591
#        1353       0.00727      8.05      2.00     4   6.4595
#        1355       0.02289      6.12      2.00     6   6.4599
#        1357       0.03896     11.12      2.00     6   6.4604
#        1359       0.01742      4.57      2.00     5   6.4611
#        1361       0.01641      4.39      2.00     6   6.4618
#        1362       0.01535     17.85      2.00     6   6.4651
#        1363       0.00971      5.61      2.00     6   6.4664
#        1364       0.01940      5.03      2.00     5   6.4673
#        1366       0.01699      4.38      2.00     5   6.4692
#        1367       0.01790     14.58      2.00     6   6.4712
#        1370       0.02252     10.88      2.00     6   6.4752
#        1372       0.02196      4.22      2.00     6   6.4757
#        1373       0.01791      4.60      2.00     6   6.4755
#        1376       0.02727      6.36      2.00     6   6.4777
#        1377       0.00718     83.98      2.00     6   6.4793
#        1378       0.01706      5.03      2.00     6   6.4804
#        1379       0.02634     12.71      2.00     6   6.4810
#        1380       0.01638      6.74      2.00     6   6.4815
#        1381       0.02875      9.68      2.00     6   6.4824
#        1382       0.01697      4.92      2.00     6   6.4830
#        1383       0.01633      5.87      2.00     6   6.4835
#        1384       0.01537      4.32      2.00     5   6.4847
#        1387       0.01734     11.15      2.00     7   6.4865
#        1388       0.01934     15.36      2.00     7   6.4864
#        1389       0.02672      4.48      2.00     6   6.4885
#        1390       0.01810      8.41      2.00     7   6.4885
#        1391       0.01808      5.49      2.00     6   6.4890
#        1394       0.02052     13.43      2.00     6   6.4911
#        1397       0.02558      8.14      2.00     6   6.4936
#        1398       0.01742      5.13      2.00     6   6.4939
#        1402       0.01039     33.98      2.00     6   6.4948
#        1405       0.01736      4.54      2.00     6   6.4961
#        1406       0.01460      7.31      2.00     6   6.4971
#        1408       0.02454      4.80      2.00     6   6.4989
#        1409       0.01842      4.60      2.00     7   6.4992
#        1410       0.01713      4.08      2.00     6   6.4998
#        1411       0.01452      6.30      2.00     6   6.4997
#        1412       0.00801     21.56      2.00     6   6.4997
#        1413       0.00740     83.59      2.00     6   6.5004
#        1414       0.02661      6.05      2.00     6   6.5008
#        1415       0.01705      4.89      2.00     6   6.5016
#        1416       0.02668     13.22      2.00     6   6.5027
#        1417       0.01367      8.59      2.00     7   6.5025
#        1418       0.03148      4.83      2.00     6   6.5033
#        1419       0.01634      7.02      2.00     6   6.5031
#        1420       0.01167     12.98      2.00     7   6.5032
#        1421       0.01111     14.52      2.00     7   6.5034
#        1422       0.01219      7.21      2.00     5   6.5040
#        1424       0.02194      9.87      2.00     6   6.5040
#        1425       0.03028      8.68      2.00     6   6.5036
#        1426       0.01349      5.02      2.00     7   6.5037
#        1429       0.01627      5.68      2.00     6   6.5051
#        1430       0.01690      4.74      2.00     6   6.5047
#        1431       0.00996     54.78      2.00     7   6.5051
#        1432       0.01201      9.02      2.00     5   6.5055
#        1433       0.01699      4.36      2.00     6   6.5058
#        1436       0.01774      5.12      2.00     6   6.5055
#        1437       0.01688      6.27      2.00     7   6.5062
#        1438       0.01625      6.09      2.00     6   6.5065
#        1439       0.02272     23.51      2.00     7   6.5072
#        1440       0.01770      7.38      2.00     7   6.5073
#        1441       0.01956     16.53      2.00     6   6.5079
#        1442       0.02135     12.53      2.00     7   6.5077
#        1443       0.04219     31.67      2.00     7   6.5077
#        1445       0.01934      4.31      2.00     7   6.5085
#        1446       0.01659      8.44      2.00     7   6.5090
#        1447       0.02207      9.46      2.00     7   6.5098
#        1449       0.03003      7.17      2.00     6   6.5118
#        1450       0.00776     31.26      2.00     6   6.5116
#        1453       0.01647      4.52      2.00     6   6.5127
#        1455       0.01168     13.32      2.00     7   6.5135
#        1456       0.01149     14.52      2.00     7   6.5137
#        1457       0.01353      6.60      2.00     7   6.5141
#        1459       0.02454      8.91      2.00     7   6.5142
#        1460       0.01691      6.56      2.00     7   6.5138
#        1461       0.02261      6.21      2.00     6   6.5148
#        1462       0.02078     13.24      2.00     6   6.5146
#        1463       0.01739      5.25      2.00     6   6.5153
#        1464       0.00994     49.43      2.00     7   6.5154
#        1466       0.02012      7.52      2.00     6   6.5164
#        1467       0.01494     16.01      2.00     6   6.5169
#        1468       0.01676      4.16      2.00     6   6.5169
#        1470       0.01731      4.33      2.00     6   6.5175
#        1472       0.01456      7.59      2.00     6   6.5183
#        1474       0.01870      9.57      2.00     5   6.5197
#        1477       0.01633      5.26      2.00     6   6.5215
#        1478       0.01447      6.05      2.00     6   6.5211
#        1479       0.01897      6.82      2.00     6   6.5211
#        1480       0.01809      5.95      2.00     6   6.5211
#        1481       0.01632      6.38      2.00     6   6.5211
#        1482       0.01599      4.68      2.00     6   6.5233
#        1483       0.02233      6.03      2.00     6   6.5230
#        1484       0.02028     12.59      2.00     6   6.5228
#        1485       0.02280      9.25      2.00     7   6.5231
#        1487       0.02121      4.58      1.00     6   6.5241
#        1488       0.01344     19.71      2.00     6   6.5246
#        1489       0.01976      7.41      2.00     6   6.5247
#        1493       0.01672      5.06      2.00     6   6.5258
#        1494       0.01636      6.22      2.00     6   6.5263
#        1495       0.01860      6.19      1.00     6   6.5263
#        1496       0.01236      4.24      2.00     7   6.5265
#        1497       0.01072      5.80      2.00     7   6.5265
#        1498       0.01182      9.59      2.00     5   6.5268
#        1500       0.01660      6.91      2.00     6   6.5269
#        1502       0.01131     16.76      2.00     7   6.5268
#        1503       0.02492      8.77      2.00     7   6.5270
#        1504       0.01893      9.49      1.00     6   6.5274
#        1505       0.01510      4.08      2.00     6   6.5289
#        1507       0.01025     18.29      2.00     7   6.5290
#        1509       0.01478     10.75      2.00     7   6.5307
#        1511       0.01139      4.02      2.00     7   6.5318
#        1513       0.01127     17.46      2.00     7   6.5319
#        1518       0.01032     12.51      2.00     7   6.5341
#        1520       0.01118     11.50      2.00     7   6.5347
#        1522       0.01301      8.17      2.00     5   6.5363
#        1523       0.01105     14.78      2.00     7   6.5360
#        1525       0.01585      5.13      2.00     6   6.5389
#        1526       0.01100     12.99      2.00     7   6.5393
#        1527       0.01593      5.59      2.00     6   6.5393
#        1531       0.00845     11.13      2.00     5   6.5409
#        1533       0.01587      7.02      2.00     6   6.5413
#        1536       0.00953      9.65      2.00     3   6.5415
#        1537       0.02292      7.55      2.00     5   6.5418
#        1538       0.01589      6.84      2.00     6   6.5417
#        1540       0.03734     10.62      2.00     6   6.5418
#        1541       0.02150      6.24      2.00     5   6.5421
#        1542       0.01580      5.95      2.00     6   6.5424
#        1543       0.01594      6.64      2.00     6   6.5425
#        1544       0.01129     10.53      2.00     7   6.5428
#        1545       0.01681      4.25      2.00     6   6.5432
#        1547       0.01650      4.13      2.00     5   6.5438
#        1549       0.01160      4.43      2.00     5   6.5449
#        1550       0.01835      4.37      2.00     6   6.5445
#        1551       0.01671      4.21      2.00     7   6.5454
#        1555       0.02840      4.31      2.00     6   6.5504
#        1556       0.01794      6.55      2.00     6   6.5523
#        1558       0.01162      6.01      2.00     5   6.5531
#        1565       0.00696      5.69      2.00     4   6.5568
#        1568       0.01096      5.68      2.00     7   6.5582
#        1569       0.01498      4.30      2.00     5   6.5587
#        1570       0.01101      7.18      2.00     7   6.5584
#        1572       0.00711      7.09      2.00     4   6.5601
#        1574       0.01240      6.86      2.00     5   6.5623
#        1576       0.02642      6.82      2.00     5   6.5627
#        1577       0.00858     10.87      2.00     5   6.5627
#        1578       0.01085     12.32      2.00     7   6.5631
#        1579       0.01188      9.13      2.00     5   6.5638
#        1580       0.01065     11.93      2.00     7   6.5642
#        1581       0.01052     27.41      2.00     7   6.5646
#        1583       0.01693      5.34      2.00     6   6.5650
#        1586       0.01251     15.46      2.00     7   6.5661
#        1587       0.01108      5.52      2.00     7   6.5667
#        1593       0.01217      4.30      2.00     7   6.5693
#        1596       0.01640      4.36      2.00     7   6.5702
#        1597       0.03695      8.82      2.00     7   6.5703
#        1598       0.02137     10.31      2.00     7   6.5699
#        1599       0.01784      9.20      2.00     5   6.5707
#        1600       0.01838      5.30      1.00     6   6.5709
#        1601       0.01251     14.49      2.00     7   6.5710
#        1602       0.01844      4.65      2.00     6   6.5716
#        1603       0.01481      5.68      2.00     7   6.5716
#        1604       0.01083     12.25      2.00     7   6.5719
#        1605       0.01694      5.35      2.00     6   6.5728
#        1606       0.01063     12.15      2.00     7   6.5725
#        1607       0.01050      4.14      2.00     7   6.5728
#        1608       0.01700      9.06      2.00     7   6.5725
#        1609       0.01057     26.08      2.00     7   6.5730
#        1611       0.01799     10.85      2.00     7   6.5734
#        1612       0.01490      4.54      2.00     5   6.5737
#        1614       0.01628      4.68      2.00     7   6.5737
#        1615       0.02095      6.34      2.00     5   6.5748
#        1617       0.01034     13.91      2.00     7   6.5752
#        1618       0.01587      5.93      2.00     7   6.5751
#        1620       0.01669      4.18      2.00     5   6.5765
#        1624       0.01036     10.38      2.00     7   6.5800
#        1625       0.01676      4.30      2.00     6   6.5803
#        1628       0.01657      4.49      2.00     6   6.5818
#        1629       0.01622      5.53      2.00     6   6.5821
#        1630       0.01933      5.85      1.00     6   6.5829
#        1631       0.01657      6.52      2.00     6   6.5833
#        1633       0.01795      9.00      1.00     6   6.5837
#        1637       0.01565      4.22      2.00     6   6.5851
#        1642       0.00856     30.23      2.00     6   6.5881
#        1643       0.02229      5.78      2.00     6   6.5891
#        1644       0.02122     13.45      2.00     6   6.5893
#        1646       0.02125      7.27      2.00     6   6.5910
#        1647       0.00689      4.93      2.00     5   6.5916
#        1648       0.02736      4.73      2.00     6   6.5922
#        1649       0.01796      4.77      2.00     6   6.5925
#        1650       0.01961      4.18      2.00     6   6.5927
#        1651       0.01003     10.47      2.00     4   6.5936
#        1652       0.01684      4.28      2.00     6   6.5940
#        1653       0.01569      4.51      2.00     6   6.5945
#        1655       0.02025     13.42      2.00     6   6.5947
#        1656       0.01582      5.16      2.00     6   6.5955
#        1658       0.01571      6.57      2.00     6   6.5972
#        1659       0.01586      6.34      2.00     6   6.5978
#        1660       0.01584      6.31      2.00     6   6.5985
#        1661       0.01567      5.31      2.00     6   6.5981
#        1662       0.00727      4.88      2.00     5   6.6005
#        1663       0.04549      7.43      2.00     7   6.6010
#        1664       0.10704      7.67      2.00     7   6.6015
#        1667       0.02125     11.39      2.00     7   6.6041
#        1669       0.03951      4.33      2.00     7   6.6037
#        1670       0.07465     10.72      2.00     7   6.6041
#        1671       0.01157      8.88      2.00     5   6.6042
#        1672       0.02295     21.42      2.00     7   6.6049
#        1673       0.04129     29.58      2.00     7   6.6053
#        1674       0.01747      6.80      2.00     7   6.6051
#        1676       0.03658     10.47      2.00     7   6.6063
#        1677       0.01702      7.89      2.00     7   6.6067
#        1678       0.00918      7.55      2.00     6   6.6089
#        1679       0.03339      7.83      2.00     5   6.6114
#        1681       0.01306     25.59      2.00     6   6.6111
#        1683       0.02498     17.06      2.00     7   6.6138
#        1685       0.02922      6.88      2.00     7   6.6142
#        1686       0.02130      9.85      2.00     7   6.6143
#        1687       0.02015      5.85      2.00     7   6.6150
#        1688       0.02277     33.10      2.00     7   6.6147
#        1689       0.01999      5.05      1.00     7   6.6169
#        1690       0.02816     10.06      2.00     7   6.6165
#        1691       0.02222     10.71      2.00     7   6.6165
#        1692       0.01999      5.05      1.00     7   6.6169
#        1693       0.02239     14.21      2.00     7   6.6169
#        1694       0.00746      5.18      2.00     5   6.6177
#        1696       0.02154     33.00      2.00     7   6.6191
#        1697       0.01093      5.59      2.00     4   6.6196
#        1698       0.01397      4.02      2.00     5   6.6212
#        1699       0.01402      4.23      2.00     5   6.6212
#        1701       0.01328      7.02      2.00     7   6.6225
#        1702       0.01273     10.76      2.00     6   6.6243
#        1703       0.00725      5.14      2.00     5   6.6262
#        1704       0.00874     28.75      2.00     6   6.6263
#        1705       0.01944      6.33      2.00     7   6.6287
#        1706       0.01301      6.75      2.00     7   6.6293
#        1707       0.02139      4.46      2.00     7   6.6292
#        1709       0.01317      4.11      2.00     5   6.6311
#        1710       0.02882      9.05      2.00     7   6.6309
#        1711       0.03220      9.32      2.00     6   6.6342
#        1712       0.02183      4.57      2.00     6   6.6342
#        1713       0.02426      4.44      2.00     6   6.6342
#        1714       0.01883      6.11      2.00     7   6.6342
#        1715       0.02063      6.17      2.00     6   6.6344
#        1716       0.02102      4.53      2.00     7   6.6346
#        1719       0.02188      5.41      2.00     6   6.6382
#        1720       0.02030     12.84      2.00     6   6.6384
#        1722       0.02148      7.02      2.00     6   6.6400
#        1723       0.04316     10.69      2.00     7   6.6404
#        1724       0.01764      5.83      2.00     6   6.6409
#        1725       0.02900      8.18      2.00     7   6.6407
#        1726       0.01651      7.92      2.00     5   6.6416
#        1728       0.00700     16.45      1.00     6   6.6429
#        1730       0.02765      4.67      2.00     6   6.6455
#        1731       0.01931      5.53      2.00     7   6.6458
#        1734       0.00665      5.74      2.00     4   6.6475
#        1735       0.01953      6.90      2.00     6   6.6495
#        1737       0.01933      5.53      2.00     6   6.6502
#        1738       0.02186      5.08      2.00     6   6.6502
#        1739       0.02402      4.99      2.00     6   6.6502
#        1741       0.00952      9.91      2.00     5   6.6553
#        1742       0.01693      5.31      2.00     6   6.6558
#        1743       0.00695     14.57      1.00     6   6.6556
#        1744       0.01272     14.51      2.00     6   6.6553
#        1745       0.01051     12.00      2.00     7   6.6564
#        1746       0.01717     19.00      2.00     7   6.6564
#        1748       0.02862     10.37      2.00     6   6.6568
#        1751       0.01787      6.39      2.00     6   6.6584
#        1752       0.02944      6.48      2.00     6   6.6586
#        1754       0.01763      4.06      2.00     6   6.6588
#        1755       0.01790      5.62      2.00     6   6.6605
#        1756       0.01508      8.79      2.00     6   6.6608
#        1758       0.02885     11.43      2.00     6   6.6618
#        1759       0.01797      7.01      2.00     6   6.6635
#        1760       0.01512      6.75      2.00     6   6.6635
#        1761       0.02933      5.49      2.00     6   6.6636
#        1762       0.01720      4.17      2.00     6   6.6638
#        1763       0.01882      4.48      2.00     6   6.6642
#        1764       0.01793      5.76      2.00     6   6.6655
#        1765       0.02021      7.38      2.00     6   6.6671
#        1766       0.03428     12.33      2.00     6   6.6671
#        1767       0.01286     24.28      2.00     6   6.6678
#        1768       0.00728      5.63      2.00     5   6.6680
#        1769       0.02644     17.73      2.00     6   6.6698
#        1771       0.01054      4.51      2.00     7   6.6702
#        1772       0.01059     10.99      2.00     7   6.6705
#        1773       0.01775     17.00      2.00     7   6.6705
#        1775       0.02124      6.30      2.00     7   6.6711
#        1776       0.01106      4.06      2.00     7   6.6711
#        1778       0.00688      6.38      2.00     4   6.6734
#        1779       0.01514      7.85      2.00     6   6.6734
#        1780       0.02678      7.84      2.00     5   6.6754
#        1781       0.01022     10.51      2.00     6   6.6760
#        1782       0.01516      6.59      2.00     6   6.6760
#        1783       0.02090      8.49      2.00     6   6.6767
#        1784       0.02404      8.38      2.00     7   6.6787
#        1785       0.00739      5.55      2.00     5   6.6819
#        1788       0.01784      9.52      2.00     7   6.6840
#        1789       0.02432      7.65      2.00     7   6.6849
#        1790       0.01719      5.59      2.00     7   6.6853
#        1792       0.00660      4.27      2.00     4   6.6875
#        1793       0.02498      6.36      2.00     5   6.6883
#        1794       0.01652      4.60      2.00     6   6.6890
#        1798       0.02035      7.02      2.00     6   6.6927
#        1799       0.01891      4.29      2.00     6   6.6939
#        1800       0.00677      6.10      2.00     4   6.6939
#        1802       0.01253     10.16      2.00     6   6.6943
#        1804       0.01839      9.05      2.00     5   6.6967
#        1806       0.00715      5.76      2.00     5   6.6974
#        1807       0.00685      4.47      2.00     4   6.6982
#        1808       0.00719      5.76      2.00     5   6.6979
#        1809       0.00720      5.68      2.00     5   6.6985
#        1810       0.02272      8.27      2.00     7   6.6993
#        1812       0.02081      5.78      2.00     6   6.7014
#        1814       0.02000      8.91      2.00     6   6.7021
#        1815       0.00964     27.60      2.00     6   6.7025
#        1817       0.01755      4.76      2.00     6   6.7027
#        1818       0.01526      5.94      2.00     6   6.7032
#        1819       0.00715      5.65      2.00     5   6.7034
#        1820       0.01522      6.52      2.00     6   6.7038
#        1821       0.01740      8.46      2.00     7   6.7038
#        1822       0.02047     18.14      2.00     6   6.7043
#        1824       0.02379      7.61      2.00     7   6.7041
#        1825       0.02984     20.33      2.00     7   6.7040
#        1826       0.01804     12.12      2.00     7   6.7057
#        1827       0.03055     17.88      2.00     7   6.7058
#        1828       0.01728      7.39      2.00     7   6.7060
#        1830       0.01727      5.34      2.00     7   6.7063
#        1831       0.01794     10.60      2.00     7   6.7077
#        1833       0.01452      8.29      2.00     6   6.7093
#        1834       0.01077     68.86      2.00     6   6.7139
#        1835       0.03069     12.63      2.00     5   6.7150
#        1839       0.01780      4.97      2.00     6   6.7183
#        1840       0.01519      6.67      2.00     6   6.7183
#        1841       0.01460      5.09      2.00     6   6.7188
#        1843       0.01520      6.39      2.00     6   6.7187
#        1844       0.01455      5.75      2.00     6   6.7188
#        1846       0.01063     68.72      2.00     6   6.7203
#        1847       0.01281      4.22      2.00     6   6.7203
#        1848       0.03091     12.10      2.00     5   6.7223
#        1851       0.01760      8.69      2.00     7   6.7252
#        1853       0.03098     20.77      2.00     7   6.7254
#        1854       0.03699      7.57      2.00     7   6.7262
#        1855       0.01616      4.20      2.00     6   6.7266
#        1856       0.01789      4.42      2.00     7   6.7266
#        1857       0.01753      5.72      2.00     7   6.7266
#        1858       0.02000      5.75      2.00     7   6.7271
#        1859       0.02122      8.21      2.00     7   6.7271
#        1860       0.01832     12.51      2.00     7   6.7271
#        1861       0.03173     17.12      2.00     7   6.7272
#        1862       0.02472     18.12      2.00     7   6.7268
#        1863       0.02695      7.23      2.00     7   6.7273
#        1864       0.02264     26.70      2.00     7   6.7274
#        1865       0.01757      6.71      2.00     7   6.7277
#        1866       0.01692      7.04      2.00     7   6.7274
#        1867       0.02245      7.39      2.00     5   6.7284
#        1868       0.00695      6.94      2.00     5   6.7289
#        1869       0.02046      5.22      2.00     7   6.7288
#        1870       0.01810     10.18      2.00     7   6.7291
#        1872       0.02840      9.93      2.00     7   6.7293
#        1873       0.02252     10.88      2.00     7   6.7293
#        1874       0.02263     11.77      2.00     7   6.7296
#        1875       0.01961     10.26      2.00     7   6.7298
#        1876       0.01889      9.17      2.00     5   6.7310
#        1878       0.02239      6.31      2.00     7   6.7309
#        1879       0.02132     32.03      2.00     7   6.7318
#        1880       0.03650     10.49      2.00     7   6.7346
#        1881       0.01835      5.66      2.00     7   6.7351
#        1882       0.01758      5.96      2.00     7   6.7349
#        1883       0.01016      9.15      2.00     5   6.7355
#        1884       0.01228     12.17      2.00     6   6.7353
#        1885       0.00643      4.07      2.00     3   6.7358
#        1886       0.00796     13.72      2.00     5   6.7370
#        1887       0.02009      6.95      2.00     7   6.7371
#        1888       0.01453      7.32      2.00     7   6.7368
#        1891       0.02795      9.73      2.00     7   6.7398
#        1892       0.01141      7.86      2.00     5   6.7401
#        1893       0.01458      4.88      2.00     6   6.7406
#        1895       0.02133      4.53      2.00     6   6.7407
#        1896       0.01402      7.46      2.00     6   6.7407
#        1897       0.01450      5.90      2.00     6   6.7409
#        1900       0.06199     10.99      2.00     7   6.7416
#        1901       0.03459     11.11      2.00     7   6.7416
#        1902       0.01883      6.64      2.00     7   6.7419
#        1903       0.01697      5.91      2.00     6   6.7421
#        1905       0.02096      5.59      2.00     6   6.7421
#        1906       0.02215      5.78      2.00     6   6.7422
#        1907       0.01711      4.76      2.00     6   6.7424
#        1908       0.02079      8.93      2.00     6   6.7420
#        1909       0.01539      5.57      2.00     6   6.7425
#        1910       0.01793      4.28      2.00     7   6.7430
#        1911       0.01784     15.26      2.00     6   6.7439
#        1912       0.01533      6.45      2.00     6   6.7437
#        1913       0.01732      4.72      2.00     7   6.7439
#        1914       0.01810      7.64      2.00     7   6.7440
#        1915       0.01808      7.68      2.00     7   6.7436
#        1916       0.01622     28.99      2.00     7   6.7437
#        1917       0.01938     18.06      2.00     6   6.7441
#        1918       0.02971     10.86      2.00     7   6.7445
#        1920       0.01121      8.18      2.00     5   6.7467
#        1922       0.04906     10.62      2.00     7   6.7471
#        1923       0.03634     10.25      2.00     7   6.7472
#        1924       0.02389      7.61      2.00     7   6.7473
#        1925       0.01719      8.98      2.00     7   6.7476
#        1927       0.01906     10.04      2.00     7   6.7478
#        1928       0.02295     20.20      2.00     7   6.7486
#        1929       0.02389      8.70      2.00     7   6.7488
#        1930       0.01940      6.47      2.00     7   6.7491
#        1931       0.01967      7.64      2.00     7   6.7491
#        1932       0.01761      9.60      2.00     7   6.7492
#        1933       0.02264     22.82      2.00     7   6.7494
#        1934       0.01789      5.78      2.00     7   6.7492
#        1937       0.01926      6.61      2.00     7   6.7497
#        1939       0.02111     12.05      2.00     7   6.7497
#        1941       0.01752     12.14      2.00     7   6.7499
#        1942       0.01607      4.13      2.00     6   6.7504
#        1943       0.02095     10.13      2.00     7   6.7505
#        1944       0.01535     11.25      2.00     7   6.7511
#        1945       0.01800     31.83      2.00     7   6.7516
#        1946       0.01601     35.62      2.00     7   6.7519
#        1948       0.02443      5.43      2.00     7   6.7540
#        1949       0.01917     14.38      2.00     7   6.7544
#        1950       0.02942     21.63      2.00     7   6.7544
#        1951       0.02291     12.19      2.00     7   6.7544
#        1954       0.01731      8.24      2.00     7   6.7564
#        1955       0.02654      6.64      2.00     7   6.7566
#        1956       0.01732      4.99      2.00     6   6.7576
#        1957       0.01533      6.58      2.00     6   6.7576
#        1960       0.01536      6.18      2.00     6   6.7582
#        1961       0.02156      5.28      2.00     7   6.7582
#        1962       0.02276      7.31      2.00     7   6.7583
#        1963       0.01150      4.83      2.00     6   6.7596
#        1964       0.02131     14.12      2.00     7   6.7599
#        1965       0.02768      4.80      2.00     7   6.7614
#        1966       0.02255      6.40      2.00     7   6.7614
#        1967       0.01662      4.82      2.00     7   6.7614
#        1968       0.02355      9.88      2.00     7   6.7610
#        1969       0.01087    191.20      2.00     7   6.7611
#        1971       0.01797     10.09      2.00     7   6.7624
#        1972       0.02082      8.85      2.00     6   6.7626
#        1973       0.01818      5.42      2.00     7   6.7629
#        1974       0.02597      6.01      2.00     7   6.7634
#        1975       0.02463      8.16      2.00     7   6.7634
#        1976       0.01953      6.19      2.00     7   6.7633
#        1977       0.01679      6.05      2.00     7   6.7636
#        1978       0.01409      5.99      2.00     6   6.7651
#        1979       0.01775     11.60      2.00     7   6.7655
#        1980       0.02049     16.80      2.00     7   6.7656
#        1982       0.01780     11.39      2.00     7   6.7659
#        1983       0.02109      6.96      2.00     6   6.7673
#        1984       0.01164     36.42      2.00     7   6.7692
#        1985       0.01593     18.41      2.00     6   6.7701
#        1986       0.01253     10.20      2.00     6   6.7705
#        1988       0.01779      7.19      2.00     7   6.7712
#        1989       0.03986      5.70      2.00     6   6.7728
#        1990       0.01680      4.49      2.00     7   6.7744
#        1991       0.00597      4.75      2.00     3   6.7765
#        1993       0.01689      6.26      2.00     7   6.7784
#        1994       0.01692      6.07      2.00     7   6.7786
#        1995       0.01139     64.35      2.00     7   6.7817
#        1996       0.02138      7.30      2.00     6   6.7825
#        1998       0.02440      5.44      2.00     7   6.7832
#        1999       0.02956     22.34      2.00     7   6.7835
#        2000       0.02334      9.18      2.00     7   6.7835
#        2001       0.01930     13.90      2.00     7   6.7837
#        2002       0.01079    185.50      2.00     7   6.7839
#        2003       0.02953     13.87      2.00     6   6.7855
#        2004       0.02721      6.05      2.00     7   6.7857
#        2005       0.02271      7.77      2.00     7   6.7867
#        2006       0.00785     12.15      2.00     6   6.7874
#        2007       0.01123     19.56      2.00     6   6.7874
#        2008       0.00720      6.34      2.00     5   6.7881
#        2009       0.00715      6.22      2.00     5   6.7881
#        2010       0.02931     12.32      2.00     5   6.7900
#        2011       0.01549     18.16      2.00     6   6.7903
#        2012       0.02571      8.40      2.00     7   6.7902
#        2013       0.02174     13.40      2.00     7   6.7902
#        2014       0.02159      5.27      2.00     7   6.7904
#        2016       0.02329     12.77      2.00     7   6.7908
#        2017       0.02585      7.45      2.00     5   6.7914
#        2018       0.02317      6.30      2.00     7   6.7912
#        2019       0.02875      4.72      2.00     7   6.7912
#        2020       0.01724      5.86      2.00     7   6.7913
#        2021       0.01799      6.72      2.00     7   6.7923
#        2023       0.02067      5.25      2.00     6   6.7928
#        2024       0.02224      5.50      2.00     6   6.7930
#        2025       0.02663      5.39      2.00     7   6.7926
#        2026       0.02529      8.01      2.00     7   6.7926
#        2027       0.01965      7.25      2.00     7   6.7928
#        2028       0.01478      4.48      2.00     6   6.7934
#        2029       0.01662      7.19      2.00     7   6.7933
#        2031       0.00582      8.33      2.00     4   6.7946
#        2032       0.01823     14.76      2.00     6   6.7946
#        2033       0.02024     19.53      2.00     7   6.7948
#        2034       0.01033     25.12      2.00     6   6.7990
#        2035       0.01772      8.05      2.00     7   6.7989
#        2036       0.00604      6.65      2.00     4   6.7994
#        2037       0.01795      7.90      2.00     7   6.7994
#        2038       0.01760      7.38      2.00     7   6.7998
#        2039       0.03018     11.87      2.00     7   6.7999
#        2041       0.00766      6.90      2.00     4   6.8003
#        2042       0.01744      5.12      2.00     7   6.8000
#        2044       0.01495      7.30      2.00     7   6.8019
#        2045       0.02826      7.42      2.00     7   6.8020
#        2046       0.02920      5.33      2.00     6   6.8022
#        2047       0.02308      5.38      2.00     6   6.8034
#        2048       0.02270     17.64      2.00     7   6.8043
#        2049       0.02198     19.91      2.00     7   6.8046
#        2050       0.01941      6.80      2.00     7   6.8047
#        2051       0.01907      6.44      2.00     7   6.8046
#        2052       0.01970      7.90      2.00     7   6.8047
#        2053       0.01743      5.46      2.00     7   6.8044
#        2054       0.02371      7.63      2.00     7   6.8045
#        2057       0.01755      8.93      2.00     7   6.8054
#        2058       0.02105     11.26      2.00     7   6.8058
#        2059       0.02162     21.29      2.00     7   6.8056
#        2060       0.02123      5.25      2.00     6   6.8061
#        2061       0.01431      9.54      2.00     6   6.8064
#        2064       0.01711     11.35      2.00     7   6.8060
#        2065       0.02083      9.04      2.00     7   6.8061
#        2066       0.02280     14.89      2.00     6   6.8073
#        2067       0.01549     10.66      2.00     7   6.8073
#        2068       0.01903      6.63      2.00     7   6.8072
#        2069       0.01786      4.24      2.00     7   6.8073
#        2070       0.01832     30.23      2.00     7   6.8076
#        2071       0.01670      7.12      2.00     7   6.8080
#        2072       0.01671      6.87      2.00     7   6.8083
#        2074       0.01807      4.20      2.00     7   6.8087
#        2075       0.01283      8.90      2.00     6   6.8098
#        2076       0.00796     12.45      2.00     6   6.8102
#        2077       0.01111     19.39      2.00     6   6.8102
#        2078       0.01596      4.25      2.00     7   6.8099
#        2079       0.01662      4.09      2.00     6   6.8106
#        2081       0.02151      5.70      2.00     7   6.8129
#        2082       0.02592     10.49      2.00     6   6.8143
#        2084       0.01842     14.82      2.00     6   6.8162
#        2085       0.01230      9.09      2.00     6   6.8162
#        2086       0.02705      6.08      2.00     7   6.8165
#        2087       0.03177      7.54      2.00     7   6.8165
#        2088       0.04899      7.69      2.00     7   6.8173
#        2090       0.01600     54.75      2.00     7   6.8173
#        2091       0.02270      5.04      2.00     7   6.8176
#        2092       0.02242      4.34      2.00     7   6.8179
#        2093       0.02057      5.32      2.00     7   6.8177
#        2094       0.01800      9.27      2.00     7   6.8181
#        2096       0.02725      4.60      2.00     7   6.8192
#        2097       0.02746      6.52      2.00     7   6.8198
#        2098       0.03102      7.32      2.00     7   6.8204
#        2099       0.04592      7.41      2.00     7   6.8212
#        2100       0.01731     10.88      2.00     7   6.8212
#        2101       0.01776     10.61      2.00     7   6.8218
#        2103       0.01218     10.96      2.00     6   6.8231
#        2104       0.00820      7.21      2.00     6   6.8231
#        2105       0.02286      4.63      2.00     7   6.8231
#        2106       0.00584      8.88      2.00     4   6.8238
#        2109       0.01578      4.05      2.00     6   6.8249
#        2112       0.00610      6.03      2.00     5   6.8294
#        2113       0.00682      6.07      2.00     5   6.8301
#        2115       0.01841      8.65      2.00     7   6.8345
#        2116       0.00613      5.87      2.00     4   6.8352
#        2119       0.01667      6.19      2.00     6   6.8371
#        2120       0.02892     11.63      2.00     5   6.8386
#        2121       0.00763      6.17      2.00     4   6.8403
#        2124       0.00562     14.86      2.00     5   6.8418
#        2125       0.01574      4.07      2.00     6   6.8420
#        2127       0.01853      8.57      2.00     7   6.8429
#        2129       0.01490      7.85      2.00     6   6.8436
#        2132       0.00617      6.00      2.00     5   6.8469
#        2134       0.01585      7.39      2.00     7   6.8475
#        2135       0.01581      5.02      2.00     7   6.8475
#        2136       0.01742      5.04      2.00     7   6.8479
#        2139       0.01590      7.90      2.00     7   6.8494
#        2140       0.01584      5.26      2.00     7   6.8494
#        2141       0.01904     13.50      2.00     7   6.8505
#        2142       0.01577      4.40      2.00     7   6.8507
#  1621/2000 paths used
#  -----------------------------------------------------------------------
#       k          chi          mag           phase @#
     0.0000    1.047589E+00  8.534919E+00  1.230518E-01
     0.0500    1.266067E+00  8.363152E+00  1.519707E-01
     0.1000    1.472915E+00  8.192575E+00  1.807695E-01
     0.1500    2.027441E+00  7.714304E+00  2.659395E-01
     0.2000    2.484898E+00  7.246228E+00  3.500267E-01
     0.2500    3.072383E+00  6.566302E+00  4.869148E-01
     0.3000    3.438996E+00  5.911678E+00  6.208532E-01
     0.3500    3.721619E+00  5.167961E+00  8.039940E-01
     0.4000    3.713022E+00  4.465024E+00  9.819453E-01
     0.4500    3.545960E+00  3.793932E+00  1.207245E+00
     0.5000    3.138378E+00  3.171303E+00  1.426573E+00
     0.5500    2.625239E+00  2.646144E+00  1.696580E+00
     0.6000    2.002461E+00  2.167713E+00  1.963791E+00
     0.6500    1.361261E+00  1.811570E+00  2.291372E+00
     0.7000    7.399958E-01  1.494803E+00  2.623705E+00
     0.7500    1.616111E-01  1.296848E+00  3.016650E+00
     0.8000   -3.016943E-01  1.127591E+00  3.412449E+00
     0.8500   -6.742987E-01  1.053206E+00  3.836396E+00
     0.9000   -8.795633E-01  9.860500E-01  4.243358E+00
     0.9500   -9.675995E-01  9.703437E-01  4.637164E+00
     1.0000   -8.980245E-01  9.386263E-01  5.007591E+00
     1.0500   -7.400688E-01  9.268838E-01  5.358472E+00
     1.1000   -4.952431E-01  8.892529E-01  5.692512E+00
     1.1500   -2.311476E-01  8.543754E-01  6.009226E+00
     1.2000    2.474033E-02  7.945724E-01  6.314327E+00
     1.2500    2.318792E-01  7.343014E-01  6.604466E+00
     1.3000    3.699334E-01  6.554694E-01  6.882867E+00
     1.3500    4.402645E-01  5.789871E-01  7.147121E+00
     1.4000    4.411837E-01  4.927322E-01  7.392474E+00
     1.4500    4.031687E-01  4.146379E-01  7.618231E+00
     1.5000    3.359914E-01  3.363511E-01  7.807730E+00
     1.5500    2.709776E-01  2.727255E-01  7.967259E+00
     1.6000    2.126743E-01  2.175573E-01  8.066250E+00
     1.6500    1.714451E-01  1.788898E-01  8.143491E+00
     1.7000    1.439122E-01  1.515261E-01  8.172336E+00
     1.7500    1.230928E-01  1.321374E-01  8.226123E+00
     1.8000    1.049913E-01  1.152302E-01  8.278727E+00
     1.8500    8.527267E-02  9.672292E-02  8.345498E+00
     1.9000    7.197428E-02  8.131518E-02  8.338011E+00
     1.9500    5.027223E-02  5.199511E-02  8.112129E+00
     2.0000    6.336717E-02  6.541542E-02  8.104885E+00
     2.0500    6.824079E-02  6.936102E-02  8.033950E+00
     2.1000    7.743303E-02  7.896727E-02  8.051426E+00
     2.1500    8.383591E-02  8.763882E-02  8.149652E+00
     2.2000    8.405302E-02  9.188817E-02  8.269935E+00
     2.2500    7.400802E-02  8.844880E-02  8.433488E+00
     2.3000    6.315735E-02  8.325856E-02  8.563664E+00
     2.3500    5.565158E-02  7.828185E-02  8.633982E+00
     2.4000    5.457210E-02  7.741056E-02  8.642398E+00
     2.4500    5.204395E-02  7.735381E-02  8.686786E+00
     2.5000    5.191137E-02  8.114183E-02  8.730591E+00
     2.5500    5.194536E-02  8.885827E-02  8.800408E+00
     2.6000    4.881316E-02  9.933280E-02  8.911070E+00
     2.6500    3.794814E-02  1.062079E-01  9.059402E+00
     2.7000    2.240895E-02  1.136025E-01  9.226218E+00
     2.7500    1.965434E-03  1.209305E-01  9.408525E+00
     2.8000   -2.258221E-02  1.276999E-01  9.602551E+00
     2.8500   -4.725381E-02  1.301356E-01  9.796384E+00
     2.9000   -7.123667E-02  1.319973E-01  9.994838E+00
     2.9500   -9.279165E-02  1.330894E-01  1.019628E+01
     3.0000   -1.102443E-01  1.333268E-01  1.039830E+01
     3.0500   -1.210655E-01  1.316175E-01  1.059242E+01
     3.1000   -1.267857E-01  1.296344E-01  1.078555E+01
     3.1500   -1.274214E-01  1.274427E-01  1.097730E+01
     3.2000   -1.232731E-01  1.251150E-01  1.116738E+01
     3.2500   -1.147363E-01  1.224244E-01  1.135185E+01
     3.3000   -1.028689E-01  1.199963E-01  1.153643E+01
     3.3500   -8.792063E-02  1.176404E-01  1.172228E+01
     3.4000   -7.038074E-02  1.151531E-01  1.190880E+01
     3.4500   -5.126479E-02  1.126451E-01  1.209389E+01
     3.5000   -3.112410E-02  1.100835E-01  1.227973E+01
     3.5500   -1.076460E-02  1.074100E-01  1.246598E+01
     3.6000    8.947886E-03  1.045894E-01  1.265203E+01
     3.6500    2.691967E-02  1.015809E-01  1.283458E+01
     3.7000    4.270440E-02  9.845105E-02  1.301504E+01
     3.7500    5.582784E-02  9.527787E-02  1.319242E+01
     3.8000    6.609775E-02  9.217251E-02  1.336602E+01
     3.8500    7.361043E-02  8.944952E-02  1.353291E+01
     3.9000    7.869625E-02  8.703372E-02  1.369588E+01
     3.9500    8.169438E-02  8.503773E-02  1.385583E+01
     4.0000    8.290584E-02  8.353545E-02  1.401431E+01
     4.0500    8.265750E-02  8.270668E-02  1.417165E+01
     4.1000    8.080653E-02  8.235562E-02  1.433143E+01
     4.1500    7.715953E-02  8.239351E-02  1.449552E+01
     4.2000    7.142274E-02  8.268863E-02  1.466529E+01
     4.2500    6.351345E-02  8.325744E-02  1.484024E+01
     4.3000    5.311228E-02  8.379806E-02  1.502149E+01
     4.3500    4.031240E-02  8.416989E-02  1.520852E+01
     4.4000    2.550660E-02  8.426031E-02  1.540043E+01
     4.4500    9.398590E-03  8.418094E-02  1.559608E+01
     4.5000   -7.207073E-03  8.369903E-02  1.579418E+01
     4.5500   -2.332280E-02  8.279797E-02  1.599351E+01
     4.6000   -3.799537E-02  8.149483E-02  1.619299E+01
     4.6500   -5.056821E-02  7.998231E-02  1.639241E+01
     4.7000   -6.036201E-02  7.817545E-02  1.659016E+01
     4.7500   -6.707213E-02  7.614779E-02  1.678554E+01
     4.8000   -7.065841E-02  7.397687E-02  1.697810E+01
     4.8500   -7.137735E-02  7.181475E-02  1.716833E+01
     4.9000   -6.944824E-02  6.965267E-02  1.735539E+01
     4.9500   -6.526102E-02  6.754391E-02  1.753949E+01
     5.0000   -5.922242E-02  6.552591E-02  1.772098E+01
     5.0500   -5.174689E-02  6.369574E-02  1.790129E+01
     5.1000   -4.314065E-02  6.200211E-02  1.808003E+01
     5.1500   -3.371758E-02  6.044092E-02  1.825775E+01
     5.2000   -2.377147E-02  5.900139E-02  1.843488E+01
     5.2500   -1.351708E-02  5.775127E-02  1.861331E+01
     5.3000   -3.257318E-03  5.660135E-02  1.879198E+01
     5.3500    6.734964E-03  5.553760E-02  1.897112E+01
     5.4000    1.619366E-02  5.454883E-02  1.915096E+01
     5.4500    2.500363E-02  5.369151E-02  1.933397E+01
     5.5000    3.278866E-02  5.288240E-02  1.951834E+01
     5.5500    3.931010E-02  5.210769E-02  1.970430E+01
     5.6000    4.435121E-02  5.135117E-02  1.989209E+01
     5.6500    4.780220E-02  5.063831E-02  2.008408E+01
     5.7000    4.938810E-02  4.989134E-02  2.027820E+01
     5.7500    4.901581E-02  4.908750E-02  2.047440E+01
     5.8000    4.668067E-02  4.820552E-02  2.067254E+01
     5.8500    4.250707E-02  4.728545E-02  2.087379E+01
     5.9000    3.666112E-02  4.625493E-02  2.107611E+01
     5.9500    2.947885E-02  4.511036E-02  2.127897E+01
     6.0000    2.138420E-02  4.385605E-02  2.148181E+01
     6.0500    1.285306E-02  4.267864E-02  2.168524E+01
     6.1000    4.295341E-03  4.142972E-02  2.188728E+01
     6.1500   -3.861245E-03  4.013439E-02  2.208751E+01
     6.2000   -1.126682E-02  3.882011E-02  2.228562E+01
     6.2500   -1.766722E-02  3.751384E-02  2.248152E+01
     6.3000   -2.290407E-02  3.623915E-02  2.267531E+01
     6.3500   -2.690047E-02  3.501376E-02  2.286730E+01
     6.4000   -2.963918E-02  3.384779E-02  2.305795E+01
     6.4500   -3.114085E-02  3.274315E-02  2.324781E+01
     6.5000   -3.144886E-02  3.169417E-02  2.343745E+01
     6.5500   -3.090067E-02  3.097208E-02  2.362987E+01
     6.6000   -2.924418E-02  3.027107E-02  2.382316E+01
     6.6500   -2.655975E-02  2.957425E-02  2.401738E+01
     6.7000   -2.297362E-02  2.886754E-02  2.421237E+01
     6.7500   -1.866050E-02  2.814146E-02  2.440779E+01
     6.8000   -1.383617E-02  2.739205E-02  2.460322E+01
     6.8500   -8.741002E-03  2.662087E-02  2.479818E+01
     6.9000   -3.618339E-03  2.583419E-02  2.499222E+01
     6.9500    1.307197E-03  2.504168E-02  2.518497E+01
     7.0000    5.846585E-03  2.425469E-02  2.537619E+01
     7.0500    9.980807E-03  2.360145E-02  2.556937E+01
     7.1000    1.349244E-02  2.296440E-02  2.576075E+01
     7.1500    1.630881E-02  2.235338E-02  2.595046E+01
     7.2000    1.839381E-02  2.177524E-02  2.613877E+01
     7.2500    1.973823E-02  2.123348E-02  2.632601E+01
     7.3000    2.035170E-02  2.072852E-02  2.651257E+01
     7.3500    2.025801E-02  2.025824E-02  2.669880E+01
     7.4000    1.949359E-02  1.981895E-02  2.688499E+01
     7.4500    1.810828E-02  1.940628E-02  2.707135E+01
     7.5000    1.616658E-02  1.901598E-02  2.725805E+01
     7.5500    1.374557E-02  1.865404E-02  2.744591E+01
     7.6000    1.094988E-02  1.831473E-02  2.763349E+01
     7.6500    7.883905E-03  1.799891E-02  2.782094E+01
     7.7000    4.652770E-03  1.770718E-02  2.800845E+01
     7.7500    1.359932E-03  1.743947E-02  2.819627E+01
     7.8000   -1.893808E-03  1.719475E-02  2.838470E+01
     7.8500   -5.010125E-03  1.697078E-02  2.857402E+01
     7.9000   -7.892686E-03  1.676411E-02  2.876454E+01
     7.9500   -1.044736E-02  1.657025E-02  2.895652E+01
     8.0000   -1.258396E-02  1.638394E-02  2.915015E+01
     8.0500   -1.424638E-02  1.623460E-02  2.934502E+01
     8.1000   -1.535484E-02  1.609035E-02  2.954160E+01
     8.1500   -1.585797E-02  1.594605E-02  2.973998E+01
     8.2000   -1.572543E-02  1.579674E-02  2.994018E+01
     8.2500   -1.495297E-02  1.563790E-02  3.014219E+01
     8.3000   -1.356613E-02  1.546548E-02  3.034595E+01
     8.3500   -1.162198E-02  1.527598E-02  3.055138E+01
     8.4000   -9.208306E-03  1.506635E-02  3.075837E+01
     8.4500   -6.440492E-03  1.483397E-02  3.096681E+01
     8.5000   -3.456048E-03  1.457653E-02  3.117655E+01
     8.5500   -4.006831E-04  1.437412E-02  3.138805E+01
     8.6000    2.596744E-03  1.414748E-02  3.160052E+01
     8.6500    5.383769E-03  1.389522E-02  3.181380E+01
     8.7000    7.819640E-03  1.361636E-02  3.202765E+01
     8.7500    9.785422E-03  1.331054E-02  3.224183E+01
     8.8000    1.119310E-02  1.297820E-02  3.245603E+01
     8.8500    1.199254E-02  1.262077E-02  3.266987E+01
     8.9000    1.217500E-02  1.224079E-02  3.288299E+01
     8.9500    1.177259E-02  1.184192E-02  3.309498E+01
     9.0000    1.085326E-02  1.142887E-02  3.330545E+01
     9.0500    9.577964E-03  1.109294E-02  3.351549E+01
     9.1000    7.965222E-03  1.075380E-02  3.372342E+01
     9.1500    6.124010E-03  1.041728E-02  3.392910E+01
     9.2000    4.160141E-03  1.008903E-02  3.413249E+01
     9.2500    2.168788E-03  9.774024E-03  3.433376E+01
     9.3000    2.304246E-04  9.476099E-03  3.453320E+01
     9.3500   -1.589808E-03  9.197609E-03  3.473124E+01
     9.4000   -3.240088E-03  8.939224E-03  3.492842E+01
     9.4500   -4.678611E-03  8.699928E-03  3.512532E+01
     9.5000   -5.870485E-03  8.477221E-03  3.532247E+01
     9.5500   -6.835261E-03  8.319060E-03  3.552180E+01
     9.6000   -7.505506E-03  8.170295E-03  3.572213E+01
     9.6500   -7.859264E-03  8.026831E-03  3.592363E+01
     9.7000   -7.884809E-03  7.884825E-03  3.612631E+01
     9.7500   -7.584018E-03  7.741034E-03  3.633007E+01
     9.8000   -6.974739E-03  7.593057E-03  3.653467E+01
     9.8500   -6.091349E-03  7.439455E-03  3.673981E+01
     9.9000   -4.983160E-03  7.279750E-03  3.694516E+01
     9.9500   -3.710861E-03  7.114331E-03  3.715038E+01
    10.0000   -2.341643E-03  6.944291E-03  3.735517E+01
    10.0500   -9.424501E-04  6.801275E-03  3.756009E+01
    10.1000    4.340446E-04  6.656586E-03  3.776436E+01
    10.1500    1.729039E-03  6.511783E-03  3.796786E+01
    10.2000    2.892281E-03  6.368401E-03  3.817054E+01
    10.2500    3.883597E-03  6.227812E-03  3.837244E+01
    10.3000    4.673326E-03  6.091116E-03  3.857363E+01
    10.3500    5.241981E-03  5.959082E-03  3.877426E+01
    10.4000    5.579489E-03  5.832114E-03  3.897450E+01
    10.4500    5.684318E-03  5.710272E-03  3.917453E+01
    10.5000    5.562716E-03  5.593304E-03  3.937454E+01
    10.5500    5.228104E-03  5.480712E-03  3.957470E+01
    10.6000    4.700615E-03  5.371817E-03  3.977516E+01
    10.6500    4.006625E-03  5.265834E-03  3.997605E+01
    10.7000    3.178160E-03  5.161936E-03  4.017744E+01
    10.7500    2.252032E-03  5.059313E-03  4.037939E+01
    10.8000    1.268632E-03  4.957217E-03  4.058191E+01
    10.8500    2.703679E-04  4.854999E-03  4.078499E+01
    10.9000   -7.001874E-04  4.752133E-03  4.098858E+01
    10.9500   -1.602339E-03  4.648233E-03  4.119264E+01
    11.0000   -2.399316E-03  4.543052E-03  4.139710E+01
    11.0500   -3.089994E-03  4.475112E-03  4.160286E+01
    11.1000   -3.630132E-03  4.406194E-03  4.180891E+01
    11.1500   -4.000087E-03  4.336223E-03  4.201517E+01
    11.2000   -4.188525E-03  4.265241E-03  4.222155E+01
    11.2500   -4.192818E-03  4.193389E-03  4.242800E+01
    11.3000   -4.018874E-03  4.120879E-03  4.263446E+01
    11.3500   -3.680455E-03  4.047962E-03  4.284091E+01
    11.4000   -3.198096E-03  3.974893E-03  4.304734E+01
    11.4500   -2.597762E-03  3.901891E-03  4.325377E+01
    11.5000   -1.909397E-03  3.829108E-03  4.346025E+01
    11.5500   -1.165487E-03  3.756607E-03  4.366684E+01
    11.6000   -3.996715E-04  3.684352E-03  4.387361E+01
    11.6500    3.545573E-04  3.612217E-03  4.408061E+01
    11.7000    1.065114E-03  3.540000E-03  4.428791E+01
    11.7500    1.702555E-03  3.467453E-03  4.449555E+01
    11.8000    2.241296E-03  3.394314E-03  4.470353E+01
    11.8500    2.660753E-03  3.320339E-03  4.491185E+01
    11.9000    2.946331E-03  3.245329E-03  4.512047E+01
    11.9500    3.090149E-03  3.169148E-03  4.532934E+01
    12.0000    3.091397E-03  3.091730E-03  4.553841E+01
    12.0500    2.993094E-03  3.053326E-03  4.575205E+01
    12.1000    2.759628E-03  3.013181E-03  4.596627E+01
    12.1500    2.404454E-03  2.970992E-03  4.618091E+01
    12.2000    1.947462E-03  2.926640E-03  4.639583E+01
    12.2500    1.413719E-03  2.880188E-03  4.661083E+01
    12.3000    8.317453E-04  2.831849E-03  4.682578E+01
    12.3500    2.315615E-04  2.781942E-03  4.704056E+01
    12.4000   -3.572214E-04  2.730835E-03  4.725508E+01
    12.4500   -9.070585E-04  2.678887E-03  4.746931E+01
    12.5000   -1.393748E-03  2.626398E-03  4.768328E+01
    12.5500   -1.797323E-03  2.573572E-03  4.789702E+01
    12.6000   -2.102616E-03  2.520501E-03  4.811058E+01
    12.6500   -2.299619E-03  2.467174E-03  4.832402E+01
    12.7000   -2.383696E-03  2.413503E-03  4.853736E+01
    12.7500   -2.355680E-03  2.359366E-03  4.875059E+01
    12.8000   -2.221801E-03  2.304658E-03  4.896365E+01
    12.8500   -1.993342E-03  2.249344E-03  4.917643E+01
    12.9000   -1.685953E-03  2.193489E-03  4.938881E+01
    12.9500   -1.318588E-03  2.137286E-03  4.960063E+01
    13.0000   -9.121479E-04  2.081047E-03  4.981176E+01
    13.0500   -4.933768E-04  2.038538E-03  5.002103E+01
    13.1000   -7.118162E-05  1.996540E-03  5.022982E+01
    13.1500    3.359480E-04  1.955188E-03  5.043816E+01
    13.2000    7.112520E-04  1.914601E-03  5.064609E+01
    13.2500    1.040286E-03  1.874870E-03  5.085367E+01
    13.3000    1.311327E-03  1.836047E-03  5.106098E+01
    13.3500    1.515622E-03  1.798141E-03  5.126810E+01
    13.4000    1.647503E-03  1.761112E-03  5.147513E+01
    13.4500    1.704425E-03  1.724874E-03  5.168214E+01
    13.5000    1.686939E-03  1.689307E-03  5.188923E+01
    13.5500    1.598615E-03  1.654274E-03  5.209642E+01
    13.6000    1.445876E-03  1.619640E-03  5.230374E+01
    13.6500    1.237728E-03  1.585289E-03  5.251120E+01
    13.7000    9.853437E-04  1.551138E-03  5.271876E+01
    13.7500    7.015018E-04  1.517144E-03  5.292639E+01
    13.8000    3.999229E-04  1.483300E-03  5.313408E+01
    13.8500    9.455799E-05  1.449623E-03  5.334180E+01
    13.9000   -2.010957E-04  1.416141E-03  5.354956E+01
    13.9500   -4.745897E-04  1.382869E-03  5.375739E+01
    14.0000   -7.150015E-04  1.349799E-03  5.396533E+01
    14.0500   -9.259120E-04  1.330570E-03  5.417671E+01
    14.1000   -1.089507E-03  1.310905E-03  5.438818E+01
    14.1500   -1.199525E-03  1.290769E-03  5.459962E+01
    14.2000   -1.252503E-03  1.270167E-03  5.481090E+01
    14.2500   -1.247952E-03  1.249162E-03  5.502188E+01
    14.3000   -1.188315E-03  1.227880E-03  5.523242E+01
    14.3500   -1.078668E-03  1.206505E-03  5.544238E+01
    14.4000   -9.262284E-04  1.185268E-03  5.565168E+01
    14.4500   -7.397120E-04  1.164419E-03  5.586032E+01
    14.5000   -5.286877E-04  1.144191E-03  5.606835E+01
    14.5500   -3.030099E-04  1.124775E-03  5.627590E+01
    14.6000   -7.240785E-05  1.106291E-03  5.648317E+01
    14.6500    1.537719E-04  1.088775E-03  5.669038E+01
    14.7000    3.667205E-04  1.072185E-03  5.689775E+01
    14.7500    5.582991E-04  1.056412E-03  5.710548E+01
    14.8000    7.212134E-04  1.041313E-03  5.731376E+01
    14.8500    8.492571E-04  1.026732E-03  5.752268E+01
    14.9000    9.375950E-04  1.012526E-03  5.773233E+01
    14.9500    9.830295E-04  9.985746E-04  5.794278E+01
    15.0000    9.841884E-04  9.847788E-04  5.815410E+01
    15.0500    9.484345E-04  9.774121E-04  5.836357E+01
    15.1000    8.710879E-04  9.697169E-04  5.857440E+01
    15.1500    7.553541E-04  9.614467E-04  5.878653E+01
    15.2000    6.065018E-04  9.523733E-04  5.899988E+01
    15.2500    4.317319E-04  9.422951E-04  5.921432E+01
    15.3000    2.398663E-04  9.310458E-04  5.942969E+01
    15.3500    4.085867E-05  9.185028E-04  5.964576E+01
    15.4000   -1.548485E-04  9.045960E-04  5.986229E+01
    15.4500   -3.370616E-04  8.893136E-04  6.007899E+01
    15.5000   -4.965890E-04  8.727055E-04  6.029558E+01
    15.5500   -6.259130E-04  8.548824E-04  6.051175E+01
    15.6000   -7.196931E-04  8.360092E-04  6.072723E+01
    15.6500   -7.750369E-04  8.162950E-04  6.094176E+01
    15.7000   -7.915173E-04  7.959793E-04  6.115512E+01
    15.7500   -7.709573E-04  7.753167E-04  6.136715E+01
    15.8000   -7.170407E-04  7.545618E-04  6.157774E+01
    15.8500   -6.348238E-04  7.339557E-04  6.178683E+01
    15.9000   -5.302253E-04  7.137161E-04  6.199445E+01
    15.9500   -4.095545E-04  6.940296E-04  6.220066E+01
    16.0000   -2.791187E-04  6.750471E-04  6.240558E+01
    16.0500   -1.484717E-04  6.600452E-04  6.260497E+01
    16.1000   -1.820961E-05  6.461065E-04  6.280367E+01
    16.1500    1.072446E-04  6.332268E-04  6.300204E+01
    16.2000    2.238776E-04  6.213447E-04  6.320045E+01
    16.2500    3.280420E-04  6.103480E-04  6.339928E+01
    16.3000    4.164398E-04  6.000820E-04  6.359884E+01
    16.3500    4.861591E-04  5.903609E-04  6.379940E+01
    16.4000    5.347740E-04  5.809797E-04  6.400113E+01
    16.4500    5.605023E-04  5.717280E-04  6.420416E+01
    16.5000    5.623937E-04  5.624033E-04  6.440849E+01
    16.5500    5.405120E-04  5.528224E-04  6.461408E+01
    16.6000    4.960658E-04  5.428315E-04  6.482078E+01
    16.6500    4.314501E-04  5.323126E-04  6.502841E+01
    16.7000    3.501734E-04  5.211877E-04  6.523671E+01
    16.7500    2.566662E-04  5.094198E-04  6.544541E+01
    16.8000    1.559867E-04  4.970122E-04  6.565420E+01
    16.8500    5.345544E-05  4.840060E-04  6.586278E+01
    16.9000   -4.573637E-05  4.704772E-04  6.607081E+01
    16.9500   -1.369001E-04  4.565322E-04  6.627800E+01
    17.0000   -2.161593E-04  4.423037E-04  6.648406E+01
    17.0500   -2.837710E-04  4.306771E-04  6.669279E+01
    17.1000   -3.350822E-04  4.190908E-04  6.689998E+01
    17.1500   -3.690985E-04  4.077024E-04  6.710556E+01
    17.2000   -3.857873E-04  3.966604E-04  6.730956E+01
    17.2500   -3.858949E-04  3.860943E-04  6.751210E+01
    17.3000   -3.707366E-04  3.761058E-04  6.771341E+01
    17.3500   -3.419981E-04  3.667616E-04  6.791382E+01
    17.4000   -3.015808E-04  3.580891E-04  6.811370E+01
    17.4500   -2.515066E-04  3.500745E-04  6.831349E+01
    17.5000   -1.938837E-04  3.426650E-04  6.851362E+01
    17.5500   -1.309154E-04  3.357733E-04  6.871452E+01
    17.6000   -6.492947E-05  3.292858E-04  6.891655E+01
    17.6500    1.602741E-06  3.230709E-04  6.912000E+01
    17.7000    6.608287E-05  3.169896E-04  6.932505E+01
    17.7500    1.258535E-04  3.109040E-04  6.953180E+01
    17.8000    1.783210E-04  3.046864E-04  6.974024E+01
    17.8500    2.211231E-04  2.982252E-04  6.995029E+01
    17.9000    2.523182E-04  2.914304E-04  7.016177E+01
    17.9500    2.705684E-04  2.842366E-04  7.037446E+01
    18.0000    2.752837E-04  2.766045E-04  7.058807E+01
    18.0500    2.703699E-04  2.721633E-04  7.080070E+01
    18.1000    2.530442E-04  2.672782E-04  7.101366E+01
    18.1500    2.245938E-04  2.619730E-04  7.122660E+01
    18.2000    1.869440E-04  2.562931E-04  7.143916E+01
    18.2500    1.424824E-04  2.503021E-04  7.165105E+01
    18.3000    9.384664E-05  2.440780E-04  7.186197E+01
    18.3500    4.370562E-05  2.377081E-04  7.207172E+01
    18.4000   -5.436716E-06  2.312846E-04  7.228014E+01
    18.4500   -5.139243E-05  2.248982E-04  7.248718E+01
    18.5000   -9.238208E-05  2.186328E-04  7.269288E+01
    18.5500   -1.270670E-04  2.125597E-04  7.289738E+01
    18.6000   -1.545308E-04  2.067326E-04  7.310091E+01
    18.6500   -1.742271E-04  2.011839E-04  7.330380E+01
    18.7000   -1.859147E-04  1.959225E-04  7.350642E+01
    18.7500   -1.896012E-04  1.909338E-04  7.370921E+01
    18.8000   -1.855069E-04  1.861814E-04  7.391258E+01
    18.8500   -1.740557E-04  1.816113E-04  7.411689E+01
    18.9000   -1.558887E-04  1.771565E-04  7.432247E+01
    18.9500   -1.318870E-04  1.727436E-04  7.452953E+01
    19.0000   -1.031892E-04  1.682987E-04  7.473821E+01
    19.0500   -7.229432E-05  1.655771E-04  7.494639E+01
    19.1000   -3.903537E-05  1.627254E-04  7.515598E+01
    19.1500   -5.012065E-06  1.596973E-04  7.536683E+01
    19.2000    2.809145E-05  1.564582E-04  7.557875E+01
    19.2500    5.862163E-05  1.529863E-04  7.579146E+01
    19.3000    8.507978E-05  1.492727E-04  7.600468E+01
    19.3500    1.062386E-04  1.453215E-04  7.621810E+01
    19.4000    1.212348E-04  1.411480E-04  7.643138E+01
    19.4500    1.296260E-04  1.367777E-04  7.664422E+01
    19.5000    1.314047E-04  1.322440E-04  7.685630E+01
    19.5500    1.269700E-04  1.275863E-04  7.706735E+01
    19.6000    1.170631E-04  1.228477E-04  7.727712E+01
    19.6500    1.026779E-04  1.180728E-04  7.748539E+01
    19.7000    8.495887E-05  1.133055E-04  7.769202E+01
    19.7500    6.510094E-05  1.085873E-04  7.789691E+01
    19.8000    4.426104E-05  1.039552E-04  7.810000E+01
    19.8500    2.349017E-05  9.944022E-05  7.830134E+01
    19.9000    3.688715E-06  9.506657E-05  7.850101E+01
    19.9500   -1.441509E-05  9.085068E-05  7.869916E+01
    20.0000   -3.026771E-05  8.680095E-05  7.889600E+01
