# # Once                                                         FEFF 10.0.0 
# # POT  SCF 100  9.0000   0, NO core-hole, FOLP (folp(0)= 1.150)
# # Abs   Z=30 Rmt= 1.375 Rnm= 1.520 K  shell
# #   RGRID 0.0100
# # Pot 1 Z= 6 Rmt= 0.897 Rnm= 1.122
# # Pot 2 Z= 6 Rmt= 0.924 Rnm= 1.165
# # Pot 3 Z= 1 Rmt= 0.551 Rnm= 0.959
# # Pot 4 Z=16 Rmt= 1.258 Rnm= 1.479
# # Gam_ch=1.897E+00 H-L exch Vi=-5.000E-01 Vr= 0.000E+00
# # Mu=-7.348E+00eV kf=1.973E+00 Vint=-1.290E+01eV Rs_int= 1.838
# # PATH  Rmax= 9.000,  Keep_limit= 0.00, Heap_limit 0.00  Pwcrit= 2.50%
#  S02=1.000  Temp=  10.00  Debye_temp= 315.00  Global_sig2= 0.00000
#  Energy zero shift, vr, vi    0.00000E+00   0.00000E+00
#  Curved wave amplitude ratio filter   4.000%
#     file         sig2 tot  cw amp ratio   deg  nlegs   reff  inp sig2
#           1       0.00294    100.00      1.00     2   2.3516
#           2       0.00302     99.13      1.00     2   2.3601
#           3       0.00301     99.08      1.00     2   2.3606
#           4       0.00309     98.58      1.00     2   2.3655
#           5       0.02669     14.60      1.00     2   3.0352
#           6       0.02821     14.46      1.00     2   3.0471
#           7       0.02352     12.79      1.00     2   3.2044
#           8       0.02248     12.59      1.00     2   3.2252
#           9       0.00569     43.12      1.00     2   3.2692
#          10       0.00627     42.70      1.00     2   3.2818
#          11       0.00645     41.74      1.00     2   3.3118
#          12       0.00566     41.31      1.00     2   3.3257
#          13       0.02520     10.81      1.00     2   3.4319
#          14       0.02559      9.80      1.00     2   3.5722
#          15       0.03552      9.11      1.00     2   3.6791
#          16       0.01375     18.56      2.00     3   3.7113
#          17       0.01335     19.47      2.00     3   3.7199
#          18       0.00408     50.01      2.00     3   3.7274
#          19       0.00425     49.60      2.00     3   3.7368
#          20       0.00429     49.45      2.00     3   3.7497
#          21       0.00406     49.77      2.00     3   3.7516
#          22       0.01156     13.98      2.00     3   3.7836
#          23       0.01119     14.09      2.00     3   3.8216
#          24       0.01262     11.23      2.00     3   3.8973
#          25       0.01614      9.58      2.00     3   3.9005
#          26       0.01647      9.55      2.00     3   3.9066
#          27       0.01482      9.14      2.00     3   3.9867
#          28       0.03938      7.45      1.00     2   3.9892
#          29       0.01469      9.16      2.00     3   3.9923
#          30       0.01300     11.05      2.00     3   3.9957
#          31       0.01042     24.94      1.00     2   4.0580
#          32       0.01509      8.58      2.00     3   4.1024
#          33       0.01835      6.93      1.00     2   4.1064
#          34       0.02437     12.00      1.00     4   4.1281
#          35       0.02504     11.79      1.00     4   4.1408
#          36       0.00974      4.57      2.00     4   4.1579
#          38       0.01536      6.68      1.00     2   4.1669
#          39       0.01519      8.38      2.00     3   4.1692
#          40       0.00446     17.56      1.00     4   4.1775
#          41       0.00448     19.12      1.00     4   4.1855
#          42       0.00447     17.91      1.00     4   4.1876
#          43       0.00455     18.71      1.00     4   4.1918
#          44       0.01870      4.83      2.00     3   4.1968
#          45       0.00433     11.22      2.00     3   4.2114
#          46       0.00414     11.61      2.00     3   4.2400
#          49       0.01039     22.08      1.00     2   4.2541
#          50       0.01295     22.76      2.00     3   4.2557
#          51       0.00438     11.99      2.00     3   4.2661
#          52       0.01206     25.73      2.00     3   4.2710
#          53       0.01862      4.63      2.00     3   4.2769
#          54       0.01859     10.19      1.00     4   4.2979
#          55       0.00434     12.96      2.00     3   4.3164
#          56       0.01855     10.12      1.00     4   4.3175
#          57       0.00422     13.44      2.00     3   4.3373
#          58       0.00421     13.24      2.00     3   4.3379
#          59       0.01048      5.23      2.00     4   4.3555
#          60       0.01136     27.64      1.00     4   4.3752
#          61       0.01156     20.87      1.00     4   4.4050
#          62       0.01695      6.36      2.00     4   4.4117
#          63       0.01925     12.78      2.00     3   4.4152
#          65       0.01070      6.39      2.00     4   4.4216
#          66       0.00616     22.63      2.00     3   4.4280
#          67       0.01311     10.00      2.00     3   4.4327
#          68       0.02028      4.56      2.00     3   4.4488
#          69       0.01241     10.60      2.00     3   4.4640
#          70       0.01927      4.48      2.00     3   4.4867
#          71       0.01716      6.08      2.00     4   4.4916
#          72       0.01846      8.38      1.00     4   4.5254
#          73       0.00610     25.89      2.00     3   4.5409
#          74       0.00945      4.17      2.00     4   4.5678
#          75       0.00959     22.78      2.00     4   4.5682
#          76       0.00961     18.36      2.00     4   4.5821
#          77       0.01720      9.66      2.00     4   4.5909
#          78       0.00941      4.32      2.00     4   4.5926
#          79       0.01717      8.46      2.00     4   4.5981
#          80       0.00588     18.53      2.00     3   4.6136
#          81       0.01208      7.79      2.00     3   4.6307
#          82       0.02870      5.06      1.00     2   4.6478
#          83       0.02112      5.84      2.00     4   4.6639
#          84       0.01839      7.52      1.00     4   4.6657
#          85       0.02110      8.99      2.00     3   4.6683
#          86       0.02459      5.20      2.00     3   4.6884
#          87       0.00549     17.08      1.00     2   4.6916
#          88       0.01048     17.24      2.00     4   4.6936
#          90       0.02074      5.76      2.00     4   4.7005
#          91       0.00587     12.51      1.00     4   4.7032
#          92       0.00581     19.32      2.00     3   4.7088
#          93       0.00473      4.35      2.00     4   4.7117
#          95       0.00546     16.86      1.00     2   4.7147
#          96       0.00466      6.04      2.00     4   4.7171
#          97       0.00603     12.29      1.00     4   4.7202
#          98       0.00455      6.86      2.00     4   4.7206
#          99       0.00603     12.27      1.00     4   4.7211
#         100       0.01129      8.30      2.00     3   4.7218
#         101       0.00458      6.61      2.00     4   4.7261
#         103       0.01001     18.81      2.00     4   4.7260
#         104       0.01861      4.33      2.00     3   4.7309
#         105       0.00618     12.15      1.00     4   4.7310
#         106       0.00556     60.44      2.00     3   4.7389
#         108       0.01408      4.48      1.00     4   4.7612
#         109       0.03633      7.67      1.00     4   4.7724
#         111       0.00544     55.04      2.00     3   4.7783
#         113       0.01174      9.92      2.00     4   4.7852
#         114       0.00622     66.57      1.00     4   4.7861
#         115       0.00657      7.96      1.00     4   4.7980
#         116       0.01951     14.32      2.00     5   4.8046
#         117       0.01909     12.64      2.00     5   4.8132
#         120       0.00655     16.56      1.00     4   4.8278
#         121       0.00943     44.78      2.00     5   4.8302
#         122       0.00614     59.46      1.00     4   4.8418
#         123       0.00953     35.37      2.00     5   4.8430
#         124       0.02550      4.55      1.00     2   4.8438
#         127       0.01234      8.77      2.00     4   4.8575
#         129       0.00539      9.15      2.00     4   4.8830
#         130       0.00756      5.31      2.00     3   4.8950
#         131       0.01992      4.42      1.00     2   4.8977
#         132       0.01847     11.76      2.00     3   4.8994
#         133       0.00739      5.24      2.00     3   4.9109
#         134       0.00488     29.49      2.00     3   4.9152
#         135       0.01536      4.38      2.00     5   4.9151
#         136       0.00485     31.25      2.00     3   4.9207
#         137       0.02403      4.36      1.00     2   4.9247
#         138       0.01221      9.67      2.00     4   4.9491
#         139       0.01226     10.56      2.00     4   4.9552
#         140       0.00456     56.69      2.00     4   4.9624
#         141       0.02289      4.27      1.00     2   4.9641
#         142       0.00891      5.02      2.00     3   4.9747
#         143       0.00541     14.77      2.00     4   4.9788
#         144       0.00507      9.59      2.00     4   4.9836
#         145       0.00452     55.50      2.00     4   4.9843
#         146       0.01494      4.76      2.00     5   4.9902
#         147       0.01662     10.59      2.00     5   4.9908
#         148       0.00503     14.15      2.00     4   4.9956
#         149       0.01535      5.00      2.00     5   4.9976
#         150       0.01503      8.95      2.00     4   5.0007
#         152       0.01387     11.20      2.00     4   5.0087
#         153       0.02335      6.32      2.00     3   5.0117
#         156       0.00956     14.77      2.00     5   5.0200
#         158       0.00963     18.21      2.00     5   5.0231
#         159       0.00877      8.00      2.00     3   5.0240
#         161       0.01496     15.80      2.00     3   5.0256
#         163       0.01599      6.46      2.00     3   5.0465
#         164       0.00865      7.89      2.00     3   5.0466
#         166       0.00800      5.01      2.00     3   5.0615
#         167       0.00922     19.21      2.00     4   5.0712
#         168       0.01928      4.03      1.00     2   5.0754
#         169       0.04433      6.19      1.00     4   5.0826
#         170       0.01804     10.58      2.00     5   5.0892
#         171       0.00675      9.03      1.00     4   5.0942
#         172       0.01737     10.66      2.00     3   5.0954
#         173       0.02265      7.93      2.00     3   5.1032
#         174       0.00684      8.97      1.00     4   5.1081
#         175       0.00910     18.07      2.00     4   5.1101
#         178       0.00526     18.01      1.00     4   5.1267
#         180       0.02212      9.23      2.00     3   5.1291
#         181       0.00880      6.45      2.00     3   5.1384
#         182       0.00535     15.86      1.00     4   5.1387
#         183       0.00686      8.98      1.00     4   5.1393
#         184       0.01705      7.59      1.00     4   5.1509
#         185       0.00645      9.07      1.00     4   5.1517
#         186       0.01298     15.68      1.00     4   5.1536
#         188       0.02188      9.47      2.00     3   5.1554
#         189       0.01579      7.15      2.00     3   5.1594
#         190       0.00558      4.05      1.00     4   5.1635
#         192       0.01473      7.68      2.00     3   5.1721
#         194       0.01028     17.98      2.00     4   5.1856
#         195       0.00473     42.54      2.00     4   5.1970
#         196       0.01681      8.17      2.00     3   5.1982
#         197       0.01570      5.02      1.00     4   5.1996
#         198       0.00468     42.58      2.00     4   5.2042
#         199       0.01687      7.45      2.00     3   5.2061
#         200       0.01451     14.00      2.00     3   5.2124
#         202       0.00881      5.69      2.00     3   5.2193
#         203       0.00675      5.66      2.00     3   5.2209
#         204       0.05040     11.99      1.00     6   5.2211
#         205       0.01281     12.46      2.00     5   5.2275
#         206       0.02152     11.56      2.00     3   5.2277
#         207       0.05074     11.78      1.00     6   5.2344
#         208       0.01254     16.11      2.00     5   5.2359
#         209       0.01169      9.49      2.00     5   5.2402
#         210       0.02168     12.55      2.00     3   5.2423
#         211       0.00495     99.53      2.00     5   5.2443
#         212       0.02611      4.82      2.00     3   5.2448
#         213       0.00678      5.52      2.00     4   5.2475
#         215       0.01738      9.65      2.00     6   5.2511
#         216       0.00663      5.67      2.00     4   5.2526
#         217       0.00574     17.06      2.00     5   5.2530
#         218       0.01238     11.35      2.00     4   5.2532
#         219       0.02670      4.27      2.00     4   5.2566
#         221       0.01816     10.40      2.00     6   5.2596
#         222       0.01258      8.84      2.00     4   5.2633
#         223       0.00551     30.71      2.00     5   5.2657
#         224       0.00493     95.96      2.00     5   5.2678
#         225       0.01314     10.09      2.00     4   5.2694
#         226       0.00981      4.86      1.00     6   5.2698
#         228       0.01615      9.01      2.00     3   5.2731
#         229       0.01204     11.06      2.00     4   5.2742
#         230       0.01500      8.35      2.00     3   5.2754
#         231       0.02277      5.93      2.00     4   5.2779
#         234       0.00950      8.30      1.00     6   5.2806
#         235       0.00996     16.18      1.00     6   5.2809
#         236       0.01079     16.44      2.00     4   5.2829
#         237       0.00955      6.55      1.00     6   5.2854
#         238       0.00992     20.13      1.00     6   5.2851
#         239       0.02259      5.99      2.00     4   5.2901
#         240       0.01178      5.62      2.00     4   5.2911
#         241       0.01149      8.54      2.00     4   5.2981
#         242       0.02370      4.03      2.00     4   5.2983
#         243       0.01153     15.49      2.00     4   5.3000
#         244       0.01285     28.87      2.00     5   5.3004
#         245       0.02290      5.92      2.00     4   5.3026
#         246       0.02559      5.65      2.00     3   5.3215
#         247       0.01597      8.66      2.00     3   5.3225
#         248       0.02410     11.10      1.00     4   5.3293
#         249       0.02397      5.78      1.00     4   5.3335
#         252       0.01247     27.36      2.00     5   5.3377
#         254       0.01576      4.17      2.00     6   5.3410
#         255       0.02418      9.46      1.00     4   5.3424
#         256       0.02415      6.18      1.00     4   5.3466
#         257       0.01708      6.93      1.00     4   5.3470
#         258       0.02235     20.18      2.00     5   5.3490
#         259       0.01291     13.47      1.00     4   5.3495
#         260       0.01592      4.68      2.00     4   5.3513
#         261       0.01991      5.50      2.00     4   5.3535
#         262       0.01243     10.78      2.00     4   5.3548
#         263       0.02381      4.14      1.00     4   5.3626
#         265       0.02241     22.55      2.00     5   5.3644
#         266       0.01239      4.79      2.00     3   5.3662
#         267       0.01259     10.59      2.00     4   5.3670
#         269       0.01206      5.32      2.00     3   5.3744
#         271       0.01249     10.55      2.00     4   5.3822
#         272       0.02448      4.09      2.00     4   5.3828
#         273       0.01604     13.28      2.00     4   5.3878
#         274       0.01601      9.70      2.00     4   5.3894
#         275       0.01973      5.52      2.00     4   5.3923
#         276       0.01258      9.92      2.00     5   5.3931
#         277       0.01269     12.99      2.00     4   5.3956
#         278       0.02771      6.99      2.00     4   5.4007
#         279       0.01097      5.39      2.00     5   5.4038
#         280       0.02943      5.11      2.00     4   5.4072
#         281       0.01597     13.97      2.00     4   5.4095
#         282       0.01647      4.55      2.00     4   5.4104
#         283       0.01596      8.60      2.00     4   5.4105
#         284       0.00474     49.76      2.00     5   5.4102
#         285       0.00662     10.35      2.00     3   5.4107
#         286       0.01140      9.50      2.00     4   5.4110
#         287       0.01140     16.31      2.00     4   5.4125
#         288       0.01150      4.90      2.00     5   5.4130
#         289       0.01344     28.22      2.00     5   5.4142
#         291       0.01128     10.78      2.00     4   5.4172
#         292       0.01995      5.22      2.00     5   5.4168
#         293       0.01645      6.97      2.00     4   5.4188
#         294       0.00482     46.21      2.00     5   5.4206
#         295       0.01143     13.08      2.00     4   5.4216
#         296       0.01521     11.04      2.00     3   5.4249
#         297       0.00807      4.88      2.00     4   5.4254
#         298       0.01135     12.49      2.00     4   5.4298
#         299       0.02114      5.07      2.00     5   5.4302
#         300       0.01474      9.62      1.00     4   5.4325
#         301       0.01499      4.69      1.00     4   5.4322
#         302       0.01512      5.99      1.00     4   5.4332
#         303       0.00487     10.40      2.00     5   5.4335
#         305       0.01511      4.53      2.00     4   5.4438
#         307       0.01464      4.04      1.00     4   5.4465
#         308       0.01075      8.22      2.00     5   5.4466
#         309       0.01254      9.98      2.00     4   5.4483
#         310       0.01119      6.76      2.00     3   5.4489
#         312       0.01610      5.21      2.00     6   5.4489
#         313       0.00614     12.15      2.00     3   5.4500
#         314       0.01191      6.75      2.00     5   5.4557
#         316       0.02243      5.04      2.00     3   5.4668
#         317       0.00667     10.74      2.00     3   5.4690
#         318       0.02324     28.20      1.00     6   5.4685
#         319       0.02035      4.97      2.00     4   5.4692
#         320       0.01773      4.28      2.00     4   5.4721
#         321       0.00643     10.61      2.00     3   5.4748
#         323       0.01498     10.60      2.00     3   5.4758
#         324       0.01469      5.12      1.00     4   5.4755
#         325       0.02114      4.07      2.00     4   5.4760
#         326       0.01045      7.87      2.00     5   5.4768
#         327       0.01009      8.08      2.00     5   5.4802
#         328       0.01115      6.89      2.00     3   5.4816
#         329       0.01153     10.07      2.00     4   5.4848
#         331       0.01470      9.10      1.00     4   5.4888
#         332       0.01505      5.65      1.00     4   5.4897
#         333       0.01130     13.08      2.00     4   5.4961
#         334       0.02356     21.44      1.00     6   5.4983
#         335       0.01255     13.02      2.00     4   5.4993
#         336       0.02130      6.77      2.00     6   5.5051
#         337       0.04571      6.78      2.00     6   5.5052
#         339       0.02610      6.55      2.00     5   5.5081
#         341       0.02092      9.28      2.00     5   5.5108
#         342       0.01353     26.28      2.00     5   5.5119
#         344       0.01704      6.37      2.00     6   5.5151
#         345       0.01254     15.03      2.00     5   5.5209
#         346       0.01120      7.11      2.00     5   5.5213
#         347       0.01158     27.68      2.00     5   5.5214
#         348       0.01076     29.16      2.00     5   5.5236
#         349       0.01842      8.78      2.00     5   5.5260
#         350       0.00782     12.53      2.00     5   5.5294
#         351       0.00768     12.50      2.00     5   5.5361
#         352       0.01169      9.12      2.00     5   5.5376
#         353       0.01263      9.28      2.00     4   5.5410
#         355       0.01124     12.45      2.00     4   5.5452
#         356       0.01114      9.40      2.00     5   5.5475
#         357       0.01289      6.65      2.00     4   5.5501
#         360       0.00771     18.84      2.00     5   5.5523
#         361       0.02468      4.93      2.00     4   5.5554
#         362       0.02393      6.05      2.00     4   5.5560
#         363       0.01241      7.54      2.00     4   5.5569
#         364       0.01838      9.21      2.00     5   5.5574
#         366       0.01669      4.33      2.00     4   5.5631
#         367       0.00798     18.74      2.00     5   5.5631
#         368       0.01173     10.63      2.00     4   5.5636
#         369       0.01179      6.34      2.00     4   5.5656
#         371       0.02130      4.04      2.00     4   5.5676
#         372       0.01167     11.86      2.00     4   5.5686
#         373       0.02059      4.75      2.00     4   5.5692
#         374       0.01178      5.30      2.00     4   5.5706
#         375       0.01179      5.59      2.00     4   5.5722
#         376       0.00815     13.77      1.00     4   5.5742
#         377       0.00792     19.10      2.00     5   5.5772
#         378       0.00783     19.59      2.00     5   5.5776
#         379       0.01126      8.65      2.00     4   5.5811
#         380       0.00546     12.66      2.00     4   5.5827
#         381       0.05055      6.51      2.00     6   5.5839
#         383       0.01930      4.70      2.00     5   5.5856
#         384       0.02226      6.47      2.00     6   5.5851
#         385       0.01147      8.44      2.00     5   5.5905
#         386       0.01163      6.12      2.00     4   5.5979
#         387       0.00554     14.94      2.00     4   5.6010
#         388       0.01090     10.18      2.00     3   5.6019
#         390       0.01859      4.64      2.00     5   5.6060
#         391       0.00524     14.80      2.00     4   5.6068
#         393       0.01080      5.45      2.00     4   5.6084
#         394       0.01054      8.38      2.00     5   5.6085
#         395       0.01077      8.55      2.00     4   5.6090
#         396       0.01069     18.09      2.00     4   5.6095
#         397       0.01130     19.14      2.00     5   5.6108
#         398       0.01123     16.60      2.00     5   5.6129
#         399       0.00650     12.11      2.00     4   5.6208
#         401       0.01326      6.30      2.00     4   5.6271
#         403       0.00890      7.41      2.00     4   5.6298
#         404       0.01125     19.64      2.00     5   5.6322
#         405       0.01183      6.80      2.00     5   5.6333
#         406       0.01156     22.10      2.00     5   5.6342
#         407       0.01117     15.85      2.00     5   5.6342
#         408       0.01238     16.02      2.00     5   5.6339
#         409       0.01084     10.33      2.00     3   5.6362
#         410       0.01062     28.48      2.00     5   5.6364
#         411       0.00745      9.34      2.00     4   5.6419
#         412       0.01178      9.51      2.00     5   5.6416
#         413       0.00871     12.40      2.00     5   5.6438
#         415       0.01060      5.95      2.00     4   5.6466
#         416       0.01073      4.25      2.00     4   5.6476
#         417       0.00986      7.32      2.00     4   5.6473
#         418       0.01005      8.48      2.00     5   5.6476
#         419       0.02280      4.05      2.00     3   5.6485
#         420       0.01690      9.85      2.00     5   5.6483
#         421       0.01142     14.86      2.00     4   5.6491
#         422       0.01067      8.57      2.00     4   5.6488
#         423       0.01058     18.04      2.00     4   5.6492
#         424       0.01187     10.51      2.00     5   5.6504
#         425       0.01187     10.40      2.00     5   5.6510
#         426       0.02253      8.88      2.00     5   5.6538
#         427       0.01151      5.11      2.00     5   5.6544
#         428       0.01174      8.89      2.00     5   5.6543
#         430       0.01105     17.70      2.00     5   5.6556
#         431       0.01126     19.98      2.00     5   5.6562
#         432       0.01116     28.22      2.00     5   5.6567
#         434       0.01692      4.20      2.00     5   5.6572
#         435       0.01416     18.66      2.00     5   5.6611
#         436       0.01926     22.85      2.00     6   5.6615
#         437       0.00551     11.76      2.00     4   5.6661
#         439       0.01101      8.97      2.00     4   5.6671
#         441       0.01148      8.50      2.00     5   5.6681
#         443       0.01105     14.62      2.00     5   5.6700
#         444       0.00999      7.27      2.00     4   5.6719
#         445       0.01133      8.09      2.00     4   5.6725
#         446       0.01587      5.08      2.00     5   5.6726
#         447       0.01198     18.62      2.00     6   5.6739
#         449       0.01977     18.58      2.00     6   5.6753
#         450       0.00757     10.04      2.00     4   5.6773
#         451       0.00889      7.31      2.00     4   5.6773
#         453       0.01207     16.06      2.00     6   5.6824
#         454       0.07610      9.47      2.00     6   5.6845
#         455       0.02089      9.62      2.00     6   5.6843
#         456       0.00668      9.87      2.00     4   5.6858
#         457       0.01133      8.71      2.00     4   5.6876
#         458       0.01422     19.42      2.00     5   5.6903
#         460       0.08110      8.44      2.00     6   5.6911
#         461       0.02130      8.51      2.00     6   5.6914
#         462       0.00627     44.06      1.00     6   5.6937
#         463       0.01025      4.62      2.00     5   5.6969
#         464       0.01162     10.99      2.00     5   5.6979
#         466       0.01837      8.36      2.00     5   5.6988
#         467       0.01134     14.36      2.00     4   5.6997
#         468       0.01111     17.05      2.00     5   5.6993
#         469       0.00638     42.93      1.00     6   5.7024
#         470       0.00613     15.60      1.00     6   5.7036
#         471       0.01176     10.90      2.00     5   5.7064
#         472       0.01180     10.09      2.00     5   5.7065
#         473       0.01217      8.47      2.00     5   5.7065
#         474       0.00615     10.33      1.00     6   5.7079
#         475       0.00900     12.39      2.00     5   5.7088
#         476       0.01079     17.86      2.00     5   5.7091
#         478       0.01091     15.43      2.00     5   5.7112
#         479       0.01112     26.78      2.00     5   5.7128
#         480       0.01122     18.60      2.00     5   5.7124
#         481       0.01355      6.75      2.00     4   5.7133
#         482       0.01107     10.58      2.00     5   5.7144
#         484       0.01887      4.32      2.00     5   5.7213
#         485       0.01163      7.36      2.00     5   5.7223
#         486       0.01819      6.68      2.00     5   5.7236
#         490       0.01762      6.41      2.00     5   5.7275
#         493       0.01762      4.57      2.00     5   5.7306
#         494       0.01053      6.16      2.00     4   5.7416
#         497       0.01068      7.01      2.00     5   5.7530
#         498       0.01061     12.42      2.00     5   5.7550
#         499       0.03134      6.16      2.00     6   5.7571
#         500       0.06482      6.16      2.00     6   5.7568
#         501       0.01692     23.99      2.00     6   5.7586
#         502       0.02827      5.57      2.00     5   5.7613
#         503       0.02212      7.70      2.00     5   5.7638
#         504       0.01649     24.34      2.00     6   5.7636
#         505       0.01191      4.32      2.00     3   5.7659
#         509       0.00822     14.05      1.00     4   5.7701
#         510       0.01226     18.33      2.00     5   5.7717
#         511       0.01176      7.63      2.00     4   5.7735
#         512       0.01198     16.09      2.00     5   5.7746
#         513       0.01622      6.96      2.00     5   5.7744
#         515       0.01210      7.71      2.00     5   5.7766
#         516       0.01306      4.11      2.00     4   5.7813
#         517       0.01179      4.60      2.00     3   5.7833
#         518       0.02549      4.42      2.00     4   5.7835
#         520       0.02171      4.22      2.00     4   5.7869
#         521       0.00974      8.40      1.00     4   5.7865
#         523       0.01827     17.41      2.00     6   5.7869
#         525       0.01225     13.90      2.00     5   5.7871
#         526       0.01162     16.49      2.00     5   5.7872
#         527       0.01222      8.69      2.00     5   5.7892
#         528       0.01394      5.29      2.00     5   5.7906
#         529       0.01808      8.39      2.00     5   5.7904
#         531       0.01599      4.50      2.00     5   5.7943
#         532       0.03233      6.07      2.00     6   5.7938
#         533       0.06052      6.06      2.00     6   5.7941
#         534       0.01172      7.95      2.00     4   5.7963
#         535       0.01166      9.92      2.00     5   5.8017
#         537       0.01078     18.12      2.00     5   5.8042
#         539       0.00994      8.84      1.00     4   5.8096
#         540       0.01220      8.02      2.00     5   5.8095
#         541       0.01113      9.21      2.00     5   5.8112
#         542       0.01317      4.04      2.00     4   5.8135
#         543       0.01749      6.66      2.00     5   5.8148
#         545       0.01742      8.03      2.00     5   5.8177
#         548       0.01756      6.34      2.00     5   5.8192
#         549       0.01226      4.92      2.00     5   5.8188
#         551       0.01841     19.14      2.00     6   5.8193
#         552       0.01204      4.26      2.00     5   5.8202
#         555       0.01171      6.97      2.00     5   5.8217
#         556       0.01608      4.00      2.00     5   5.8225
#         557       0.02316      7.20      2.00     5   5.8242
#         558       0.00978     12.74      2.00     4   5.8254
#         562       0.01736      4.28      2.00     5   5.8268
#         564       0.01367      5.14      2.00     5   5.8305
#         565       0.01236     11.13      2.00     5   5.8318
#         566       0.01212     15.32      2.00     5   5.8320
#         567       0.00996      7.11      2.00     5   5.8319
#         568       0.01549      6.51      2.00     5   5.8324
#         569       0.01574      5.59      2.00     5   5.8323
#         570       0.00992     10.30      2.00     5   5.8325
#         571       0.00977     23.88      2.00     5   5.8330
#         572       0.01621      4.28      2.00     5   5.8330
#         573       0.00950     28.76      2.00     5   5.8337
#         575       0.01594     12.68      2.00     5   5.8354
#         577       0.01589      7.85      2.00     5   5.8365
#         578       0.02361      4.01      2.00     3   5.8370
#         582       0.00976     13.48      2.00     4   5.8422
#         583       0.01633      4.84      2.00     5   5.8423
#         585       0.01603     11.21      2.00     5   5.8460
#         587       0.01602      8.24      2.00     5   5.8476
#         588       0.01065      8.32      2.00     5   5.8490
#         589       0.01056     13.10      2.00     5   5.8504
#         590       0.01126     12.26      2.00     5   5.8506
#         592       0.00994      6.01      2.00     5   5.8537
#         594       0.01060      7.28      2.00     5   5.8540
#         595       0.01760      4.70      1.00     6   5.8545
#         596       0.00974     24.69      2.00     5   5.8552
#         597       0.00987     10.82      2.00     5   5.8548
#         598       0.01089      9.89      2.00     5   5.8557
#         599       0.01026      8.59      2.00     5   5.8556
#         600       0.00969      8.08      2.00     5   5.8561
#         601       0.01590      6.09      2.00     5   5.8567
#         602       0.01032      6.62      2.00     5   5.8657
#         606       0.01022     10.95      2.00     5   5.8672
#         607       0.01046      8.40      2.00     5   5.8673
#         609       0.01990      4.43      2.00     5   5.8708
#         610       0.01225      9.17      2.00     5   5.8713
#         611       0.01155     15.11      2.00     5   5.8715
#         612       0.01590      5.98      2.00     5   5.8717
#         613       0.01355     23.44      2.00     6   5.8723
#         614       0.00965     28.66      2.00     5   5.8731
#         615       0.02253      4.23      2.00     5   5.8747
#         617       0.01695     20.13      2.00     6   5.8786
#         618       0.02100      6.45      2.00     6   5.8781
#         619       0.01534      9.93      2.00     6   5.8785
#         620       0.01883      5.20      2.00     5   5.8788
#         621       0.01208     19.40      1.00     6   5.8793
#         622       0.01222     18.72      1.00     6   5.8791
#         623       0.01084      9.66      2.00     5   5.8798
#         624       0.00971      8.15      2.00     5   5.8798
#         625       0.01627     16.14      2.00     6   5.8796
#         626       0.01616     16.04      2.00     6   5.8796
#         628       0.00965     24.55      1.00     6   5.8809
#         629       0.01762      8.54      2.00     6   5.8808
#         631       0.01412      8.17      2.00     4   5.8830
#         632       0.02237      4.90      2.00     5   5.8832
#         633       0.01400      7.41      2.00     5   5.8904
#         634       0.01379     15.17      2.00     5   5.8907
#         635       0.01288      8.26      1.00     6   5.8909
#         636       0.01386      9.34      2.00     5   5.8913
#         637       0.01967     44.66      2.00     6   5.8914
#         638       0.01104      8.35      1.00     6   5.8913
#         639       0.01125     14.76      1.00     6   5.8936
#         640       0.01316      5.48      2.00     5   5.8960
#         642       0.03330     16.42      2.00     7   5.8980
#         643       0.05741     16.54      2.00     7   5.8983
#         644       0.01653      6.53      2.00     5   5.8991
#         645       0.01301      5.80      2.00     5   5.9005
#         646       0.01393      8.26      2.00     4   5.9017
#         647       0.01531      4.87      2.00     5   5.9016
#         648       0.01386      6.97      2.00     5   5.9015
#         649       0.02243      4.82      2.00     5   5.9021
#         652       0.02197      5.15      2.00     5   5.9054
#         653       0.06036     14.70      2.00     7   5.9062
#         654       0.03273     14.47      2.00     7   5.9065
#         657       0.01637      4.18      2.00     5   5.9128
#         658       0.01381      5.71      2.00     5   5.9130
#         659       0.01380      8.85      2.00     5   5.9134
#         660       0.01406      6.64      2.00     5   5.9135
#         663       0.01376     15.08      2.00     5   5.9147
#         664       0.01375      9.59      2.00     5   5.9156
#         665       0.02041     42.27      2.00     6   5.9210
#         666       0.01417     11.34      2.00     6   5.9207
#         667       0.01163      9.60      1.00     6   5.9212
#         668       0.01267     10.22      1.00     6   5.9207
#         669       0.01105     16.01      1.00     6   5.9232
#         670       0.01902     50.40      2.00     7   5.9235
#         671       0.01843      6.16      2.00     7   5.9238
#         673       0.02469      8.28      2.00     6   5.9285
#         674       0.01355     12.31      2.00     5   5.9314
#         675       0.02597      4.61      2.00     4   5.9323
#         676       0.01616     15.70      2.00     6   5.9341
#         677       0.01155     17.88      1.00     6   5.9351
#         678       0.01209     16.98      1.00     6   5.9349
#         680       0.01647     17.78      2.00     6   5.9353
#         682       0.01855      6.36      2.00     7   5.9359
#         683       0.01919     39.73      2.00     7   5.9362
#         684       0.01115     12.99      2.00     5   5.9372
#         685       0.00984     23.25      1.00     6   5.9367
#         687       0.01373     23.39      2.00     6   5.9378
#         689       0.01522      9.27      2.00     5   5.9395
#         690       0.01180      7.83      2.00     5   5.9395
#         691       0.01461      6.44      2.00     5   5.9413
#         693       0.01205     35.26      2.00     5   5.9442
#         694       0.02191      5.80      2.00     5   5.9475
#         695       0.00969      7.13      2.00     4   5.9505
#         696       0.01845      4.91      2.00     5   5.9505
#         697       0.01842     14.33      2.00     6   5.9504
#         698       0.05004      8.58      2.00     6   5.9511
#         700       0.01731      6.49      2.00     6   5.9530
#         701       0.01061      8.92      2.00     5   5.9543
#         702       0.00965      7.89      2.00     4   5.9567
#         703       0.01156      4.04      2.00     5   5.9669
#         705       0.01058      8.58      2.00     5   5.9711
#         706       0.01541      8.26      2.00     5   5.9717
#         707       0.01133      7.19      2.00     5   5.9727
#         708       0.01126      4.19      2.00     5   5.9729
#         710       0.01198     23.77      2.00     6   5.9763
#         712       0.01008      8.41      2.00     5   5.9789
#         713       0.01024     26.73      2.00     6   5.9785
#         715       0.01447      6.21      2.00     5   5.9807
#         718       0.00953      7.75      2.00     4   5.9849
#         719       0.02154      5.64      2.00     5   5.9856
#         720       0.01316     10.53      2.00     6   5.9854
#         721       0.01782      4.74      2.00     5   5.9876
#         722       0.03133     10.63      2.00     5   5.9923
#         723       0.01353     10.21      2.00     6   5.9925
#         725       0.02107      6.22      2.00     5   5.9949
#         726       0.00959     12.76      2.00     5   5.9977
#         727       0.01580      4.54      2.00     5   5.9990
#         729       0.00865      9.49      1.00     6   6.0035
#         730       0.02584      7.95      2.00     6   6.0077
#         731       0.04855      5.24      2.00     7   6.0074
#         732       0.01137      4.84      2.00     5   6.0082
#         733       0.01094      8.66      2.00     5   6.0083
#         734       0.02562      5.01      2.00     7   6.0086
#         735       0.01119      6.48      2.00     5   6.0092
#         736       0.01823      7.53      2.00     5   6.0095
#         738       0.01057     22.64      2.00     5   6.0100
#         741       0.01732      7.66      2.00     5   6.0105
#         742       0.00865      9.54      1.00     6   6.0105
#         743       0.01011      7.02      2.00     5   6.0119
#         745       0.01154      5.20      2.00     5   6.0121
#         746       0.01397      4.59      2.00     5   6.0124
#         748       0.01042      9.63      2.00     5   6.0139
#         749       0.01061     24.87      2.00     5   6.0156
#         750       0.00865      9.36      1.00     6   6.0151
#         751       0.01016      5.56      2.00     5   6.0166
#         752       0.01847      5.20      2.00     5   6.0171
#         753       0.02350      4.03      2.00     5   6.0175
#         754       0.00878      9.41      1.00     6   6.0180
#         755       0.00957     13.16      2.00     5   6.0203
#         756       0.01011      6.79      2.00     5   6.0285
#         757       0.00867      7.43      2.00     4   6.0314
#         759       0.00641     14.99      2.00     5   6.0377
#         760       0.01065      4.73      2.00     5   6.0374
#         761       0.01839      6.10      2.00     5   6.0384
#         762       0.03592      4.44      2.00     4   6.0392
#         763       0.00643     18.11      2.00     5   6.0389
#         764       0.01717      7.60      2.00     5   6.0410
#         765       0.01840     14.24      2.00     6   6.0420
#         766       0.05196      9.45      2.00     6   6.0420
#         767       0.02394      6.85      2.00     6   6.0424
#         768       0.01679      6.12      2.00     6   6.0445
#         769       0.02351      4.99      2.00     5   6.0447
#         770       0.01057      4.84      2.00     5   6.0452
#         771       0.01744     16.39      2.00     6   6.0484
#         772       0.02155      6.31      2.00     6   6.0481
#         773       0.01690     10.47      2.00     6   6.0486
#         774       0.01725      7.00      2.00     5   6.0497
#         775       0.01774      8.19      2.00     6   6.0498
#         776       0.01801      8.04      2.00     6   6.0506
#         778       0.01572      5.28      2.00     5   6.0552
#         780       0.01083     14.74      2.00     6   6.0554
#         781       0.01050     17.82      2.00     6   6.0556
#         782       0.01283     43.41      2.00     5   6.0569
#         783       0.00775      4.24      1.00     4   6.0573
#         784       0.01098     43.18      2.00     6   6.0572
#         785       0.01124     15.39      2.00     6   6.0581
#         786       0.02228      4.74      2.00     5   6.0603
#         787       0.01118     14.83      2.00     6   6.0601
#         789       0.00773      4.22      1.00     4   6.0627
#         790       0.01819      6.69      2.00     6   6.0627
#         791       0.02002      4.33      2.00     5   6.0636
#         792       0.00617     17.03      2.00     5   6.0649
#         793       0.01904      5.68      2.00     6   6.0663
#         794       0.01701      9.66      2.00     6   6.0667
#         795       0.01554      8.72      2.00     5   6.0679
#         796       0.00984     14.27      2.00     5   6.0677
#         798       0.01132     15.32      2.00     6   6.0690
#         799       0.01130     14.69      2.00     6   6.0710
#         801       0.01757      6.63      2.00     6   6.0716
#         802       0.01161      5.63      2.00     6   6.0718
#         803       0.01196     20.14      2.00     6   6.0721
#         804       0.01695      9.86      2.00     6   6.0735
#         805       0.01025     27.79      2.00     6   6.0743
#         807       0.00999      8.30      2.00     5   6.0747
#         808       0.00980     14.86      2.00     5   6.0751
#         809       0.01430      4.45      2.00     5   6.0753
#         810       0.02945      9.53      2.00     5   6.0767
#         811       0.01155      7.53      2.00     6   6.0765
#         813       0.01093     13.55      2.00     6   6.0773
#         814       0.01078     19.68      2.00     6   6.0769
#         816       0.01170      4.63      2.00     6   6.0778
#         817       0.01013     18.23      2.00     6   6.0775
#         819       0.01377     17.81      2.00     6   6.0791
#         820       0.01133     44.15      2.00     6   6.0792
#         821       0.01112      4.44      2.00     6   6.0796
#         823       0.01081     12.84      2.00     6   6.0827
#         824       0.02218      5.07      2.00     5   6.0832
#         825       0.01670      4.18      2.00     4   6.0837
#         827       0.01083     16.71      2.00     6   6.0844
#         828       0.01078     13.68      2.00     6   6.0847
#         829       0.00844      5.82      2.00     5   6.0879
#         831       0.01277     10.15      2.00     6   6.0886
#         833       0.01087     18.29      2.00     6   6.0889
#         834       0.01789      4.93      2.00     6   6.0905
#         835       0.02181      8.24      2.00     6   6.0905
#         836       0.01337     21.28      2.00     6   6.0911
#         837       0.02393      5.42      2.00     7   6.0910
#         838       0.00640     14.09      2.00     5   6.0921
#         839       0.01118      5.50      2.00     6   6.0923
#         841       0.02166      8.33      2.00     6   6.0936
#         842       0.02132      7.97      2.00     6   6.0941
#         843       0.05206      9.05      2.00     6   6.0944
#         844       0.02045      4.89      2.00     5   6.0973
#         845       0.01763      7.81      2.00     6   6.0975
#         846       0.01900      9.34      2.00     6   6.0975
#         847       0.00963      7.61      2.00     4   6.0984
#         848       0.01777      5.81      2.00     6   6.0985
#         849       0.02137      7.28      2.00     6   6.0985
#         850       0.01081     17.66      2.00     6   6.0981
#         851       0.01715      6.65      2.00     5   6.0998
#         853       0.02026      7.01      2.00     6   6.1019
#         854       0.02050      9.39      2.00     6   6.1016
#         856       0.05289     11.05      2.00     6   6.1016
#         857       0.00860      5.72      2.00     5   6.1023
#         858       0.00839      5.57      2.00     5   6.1032
#         859       0.00834      5.72      2.00     5   6.1032
#         860       0.01679      7.76      2.00     6   6.1032
#         862       0.02627      5.74      2.00     5   6.1046
#         863       0.01073     12.34      2.00     6   6.1048
#         865       0.01749      8.70      2.00     6   6.1061
#         866       0.01877     10.86      2.00     6   6.1061
#         867       0.01037     15.72      2.00     5   6.1072
#         868       0.01628      7.26      2.00     6   6.1071
#         869       0.01764      4.23      2.00     6   6.1075
#         872       0.01070     14.11      2.00     6   6.1088
#         873       0.01057      6.23      2.00     6   6.1092
#         874       0.00870      5.51      2.00     5   6.1098
#         875       0.00858      5.67      2.00     5   6.1098
#         879       0.01753      5.62      2.00     7   6.1129
#         880       0.01809     16.96      2.00     7   6.1133
#         882       0.01643      7.98      2.00     6   6.1141
#         883       0.01011     14.35      2.00     6   6.1138
#         884       0.01025     13.04      2.00     6   6.1138
#         885       0.01014     12.90      2.00     6   6.1144
#         886       0.01010     15.70      2.00     6   6.1144
#         887       0.01024     31.34      2.00     6   6.1149
#         888       0.00994     24.89      2.00     6   6.1149
#         889       0.01070     15.50      2.00     6   6.1160
#         890       0.01194     17.78      2.00     6   6.1160
#         891       0.01798     20.93      2.00     7   6.1165
#         892       0.01775      5.43      2.00     7   6.1168
#         893       0.01802      4.49      2.00     5   6.1172
#         894       0.01811      6.20      2.00     5   6.1181
#         896       0.00740      4.23      1.00     4   6.1194
#         898       0.01085      5.68      2.00     5   6.1211
#         899       0.02525     13.87      2.00     5   6.1212
#         901       0.01792      4.05      2.00     5   6.1233
#         903       0.01020      6.47      2.00     6   6.1230
#         905       0.01009     12.71      2.00     6   6.1250
#         906       0.01032     13.61      2.00     6   6.1250
#         907       0.01743     10.52      2.00     6   6.1252
#         908       0.01031     16.18      2.00     5   6.1257
#         910       0.00808      4.21      1.00     4   6.1283
#         911       0.01065     16.88      2.00     6   6.1282
#         912       0.01203     18.12      2.00     6   6.1282
#         913       0.01701     11.14      2.00     6   6.1281
#         915       0.00663     16.21      2.00     5   6.1297
#         919       0.01846      4.39      2.00     5   6.1324
#         921       0.01053      4.97      2.00     6   6.1324
#         922       0.01258      8.24      2.00     6   6.1323
#         923       0.01049      8.17      2.00     6   6.1323
#         925       0.01018      4.17      2.00     6   6.1349
#         926       0.01042      5.12      2.00     6   6.1349
#         928       0.01016      8.69      2.00     6   6.1358
#         929       0.01001     15.17      2.00     6   6.1373
#         930       0.01025     17.52      2.00     6   6.1373
#         931       0.01006     13.69      2.00     6   6.1371
#         932       0.01031     12.43      2.00     6   6.1371
#         933       0.01003     12.06      2.00     6   6.1383
#         934       0.01004     15.76      2.00     6   6.1383
#         935       0.00990     24.67      2.00     6   6.1387
#         936       0.01021     31.77      2.00     6   6.1387
#         937       0.01981      5.98      2.00     5   6.1394
#         938       0.01693      4.59      2.00     5   6.1398
#         943       0.01382      4.50      2.00     4   6.1448
#         944       0.01754      4.19      2.00     5   6.1447
#         947       0.01624      4.59      2.00     5   6.1523
#         948       0.01410      9.11      2.00     5   6.1548
#         949       0.02531      4.19      2.00     5   6.1560
#         950       0.02229      4.11      2.00     5   6.1576
#         953       0.01572      5.13      2.00     7   6.1587
#         954       0.01077      4.61      2.00     5   6.1620
#         955       0.00969     14.16      2.00     5   6.1627
#         958       0.01751     11.90      2.00     6   6.1644
#         959       0.01337      4.05      2.00     6   6.1642
#         960       0.04595     17.65      2.00     6   6.1648
#         961       0.01569      4.97      2.00     7   6.1650
#         962       0.01861      7.59      2.00     6   6.1654
#         963       0.01258      4.42      2.00     6   6.1661
#         966       0.01832     10.70      2.00     6   6.1706
#         967       0.01785     13.08      2.00     6   6.1706
#         968       0.01793      4.15      2.00     6   6.1711
#         969       0.01795      5.08      2.00     6   6.1711
#         970       0.00847      4.19      1.00     4   6.1721
#         971       0.00973     12.51      2.00     5   6.1740
#         972       0.01908      8.91      2.00     6   6.1791
#         973       0.03185      7.43      2.00     6   6.1799
#         974       0.00830      4.16      1.00     4   6.1806
#         975       0.00783     21.54      2.00     5   6.1807
#         976       0.01898      8.79      2.00     6   6.1804
#         977       0.02536      4.10      2.00     5   6.1811
#         978       0.02876     12.14      2.00     7   6.1827
#         979       0.01459     11.47      2.00     5   6.1843
#         982       0.01914      4.78      2.00     6   6.1877
#         984       0.03140      9.62      2.00     5   6.1883
#         985       0.02007      5.48      2.00     5   6.1908
#         987       0.02598      7.05      2.00     5   6.1961
#         989       0.00977      4.08      2.00     5   6.1963
#         990       0.02034     12.87      2.00     6   6.2015
#         993       0.01812      7.34      2.00     6   6.2023
#         994       0.04551     16.74      2.00     6   6.2024
#         995       0.01671     11.36      2.00     6   6.2034
#         997       0.01291      4.29      2.00     6   6.2050
#        1001       0.00592     16.59      1.00     4   6.2085
#        1002       0.01787     10.29      2.00     6   6.2083
#        1003       0.01754     12.68      2.00     6   6.2083
#        1004       0.01759      4.97      2.00     6   6.2086
#        1005       0.01751      4.07      2.00     6   6.2086
#        1006       0.01805     16.13      2.00     6   6.2096
#        1007       0.01824      4.42      2.00     5   6.2146
#        1009       0.01843      8.70      2.00     6   6.2165
#        1010       0.03066      7.28      2.00     6   6.2167
#        1011       0.01942      5.57      2.00     6   6.2185
#        1012       0.01800      4.44      2.00     5   6.2201
#        1013       0.01046     24.65      1.00     6   6.2216
#        1014       0.01187      6.55      2.00     5   6.2222
#        1015       0.02287      8.27      2.00     5   6.2221
#        1016       0.00667     18.80      2.00     5   6.2248
#        1017       0.01867      6.24      2.00     6   6.2255
#        1020       0.01833      4.25      2.00     5   6.2277
#        1021       0.00619     15.95      1.00     4   6.2308
#        1023       0.01194      6.03      2.00     5   6.2317
#        1024       0.02131     11.70      2.00     6   6.2326
#        1025       0.01047     22.35      1.00     6   6.2336
#        1026       0.01808      5.38      2.00     5   6.2343
#        1027       0.01168      5.03      2.00     5   6.2349
#        1031       0.01843      8.94      2.00     6   6.2410
#        1034       0.01680     13.74      2.00     6   6.2422
#        1035       0.03445      7.74      1.00     6   6.2438
#        1038       0.02301      5.45      2.00     6   6.2451
#        1039       0.01792      4.15      2.00     5   6.2463
#        1040       0.02857      9.67      2.00     6   6.2465
#        1041       0.03076      9.93      2.00     5   6.2469
#        1043       0.02014      8.58      2.00     6   6.2476
#        1045       0.02345      8.40      2.00     5   6.2484
#        1046       0.02652     15.95      1.00     6   6.2491
#        1048       0.01949      6.57      2.00     5   6.2524
#        1050       0.01088      7.70      2.00     5   6.2543
#        1052       0.01575     81.23      2.00     5   6.2558
#        1053       0.01776      7.15      2.00     6   6.2556
#        1056       0.01079      6.36      1.00     6   6.2589
#        1060       0.02328      6.45      2.00     6   6.2621
#        1061       0.01087      4.34      1.00     6   6.2646
#        1065       0.01039      7.41      2.00     6   6.2659
#        1066       0.00817      4.11      1.00     4   6.2674
#        1067       0.01839      6.87      2.00     5   6.2676
#        1069       0.01038      7.28      2.00     6   6.2699
#        1071       0.01288      4.40      2.00     5   6.2729
#        1074       0.00970      8.42      2.00     3   6.2775
#        1075       0.01230      4.45      2.00     4   6.2772
#        1077       0.01929      6.68      2.00     6   6.2785
#        1078       0.01905     10.66      2.00     6   6.2786
#        1080       0.04353     16.69      2.00     6   6.2791
#        1082       0.00876      4.06      1.00     4   6.2813
#        1083       0.00979     22.47      2.00     6   6.2811
#        1084       0.00921      7.50      2.00     4   6.2820
#        1085       0.01896      9.66      2.00     6   6.2837
#        1086       0.01815     10.74      2.00     6   6.2837
#        1090       0.01862      4.79      2.00     6   6.2848
#        1092       0.02219      4.11      2.00     6   6.2870
#        1093       0.01141      9.33      2.00     6   6.2900
#        1096       0.01108     11.21      2.00     6   6.2902
#        1097       0.01695      7.60      2.00     5   6.2911
#        1099       0.00985     20.93      2.00     6   6.2912
#        1101       0.01004     30.29      2.00     6   6.2919
#        1102       0.01648      4.61      2.00     5   6.2922
#        1103       0.02010      7.61      2.00     6   6.2929
#        1104       0.01283      4.63      2.00     5   6.2943
#        1105       0.01521     75.78      2.00     5   6.2944
#        1110       0.01149      8.43      2.00     6   6.2972
#        1112       0.01369      4.69      2.00     6   6.2977
#        1113       0.01071     11.10      2.00     6   6.2974
#        1115       0.01706      6.99      2.00     5   6.2992
#        1116       0.01012     32.35      2.00     6   6.2991
#        1118       0.01640      4.52      2.00     5   6.3007
#        1119       0.02289      4.03      2.00     6   6.3002
#        1120       0.01702     13.15      2.00     6   6.3014
#        1122       0.01599    109.30      1.00     6   6.3030
#        1123       0.01875      8.68      2.00     6   6.3042
#        1126       0.01003      7.34      2.00     6   6.3052
#        1127       0.00975      8.62      2.00     6   6.3051
#        1128       0.02619      5.76      2.00     7   6.3076
#        1129       0.02501     12.32      2.00     5   6.3079
#        1130       0.02429      5.52      2.00     7   6.3080
#        1131       0.02402      4.45      2.00     7   6.3080
#        1132       0.01535      4.68      2.00     5   6.3084
#        1133       0.04821      4.61      2.00     7   6.3083
#        1134       0.01007      6.38      2.00     6   6.3090
#        1135       0.00829      4.03      1.00     4   6.3104
#        1136       0.00977      6.17      2.00     6   6.3105
#        1139       0.00828      4.05      1.00     4   6.3141
#        1140       0.01371     23.45      1.00     6   6.3142
#        1141       0.00824      4.04      1.00     4   6.3146
#        1142       0.00818      4.02      1.00     4   6.3153
#        1144       0.01529      4.61      2.00     5   6.3167
#        1145       0.03017      4.07      2.00     4   6.3170
#        1147       0.01464      4.26      2.00     5   6.3183
#        1149       0.00913      7.56      2.00     4   6.3207
#        1150       0.01882     18.43      2.00     7   6.3204
#        1151       0.02390      9.78      2.00     5   6.3209
#        1152       0.02422     12.25      2.00     7   6.3208
#        1153       0.02890     19.29      2.00     7   6.3208
#        1154       0.05342     13.98      2.00     7   6.3211
#        1155       0.01895      6.00      2.00     7   6.3208
#        1157       0.01788      7.51      2.00     7   6.3230
#        1159       0.00951     15.34      2.00     5   6.3292
#        1160       0.02419     13.25      2.00     7   6.3292
#        1161       0.01874     20.68      2.00     7   6.3289
#        1162       0.02905     16.96      2.00     7   6.3292
#        1163       0.05465     18.15      2.00     7   6.3289
#        1164       0.01872      6.52      2.00     7   6.3294
#        1165       0.01727      7.82      2.00     7   6.3314
#        1166       0.01228      4.26      2.00     4   6.3330
#        1168       0.01587     10.71      2.00     7   6.3335
#        1170       0.01891     16.74      2.00     7   6.3336
#        1172       0.02418     10.42      2.00     5   6.3355
#        1173       0.01768      8.45      2.00     7   6.3357
#        1174       0.01232      5.19      2.00     5   6.3362
#        1175       0.03004      7.26      2.00     5   6.3368
#        1177       0.01767     12.36      2.00     7   6.3377
#        1178       0.01126     27.40      2.00     7   6.3372
#        1179       0.01388     12.43      2.00     7   6.3377
#        1180       0.01103     25.04      2.00     7   6.3374
#        1181       0.01434      9.70      2.00     7   6.3378
#        1182       0.01018     59.74      2.00     7   6.3391
#        1183       0.01412      6.24      1.00     6   6.3406
#        1185       0.01424     36.45      1.00     6   6.3438
#        1186       0.01241      4.50      2.00     7   6.3459
#        1187       0.01479      4.79      2.00     7   6.3466
#        1188       0.01138     21.39      2.00     7   6.3463
#        1189       0.02152      9.44      2.00     6   6.3464
#        1190       0.02115      4.66      2.00     6   6.3467
#        1192       0.01361     38.73      2.00     7   6.3463
#        1193       0.01569     37.92      2.00     7   6.3463
#        1194       0.04365     11.48      2.00     6   6.3467
#        1197       0.01563      4.74      2.00     6   6.3480
#        1198       0.01073     27.89      2.00     7   6.3485
#        1199       0.01418      6.10      1.00     6   6.3488
#        1200       0.02686      7.30      2.00     7   6.3484
#        1203       0.00953      8.04      2.00     5   6.3549
#        1207       0.02990      9.04      2.00     6   6.3562
#        1208       0.01555     99.27      1.00     6   6.3580
#        1210       0.01807      4.52      2.00     6   6.3588
#        1211       0.01491      8.37      2.00     7   6.3586
#        1212       0.01186     23.09      2.00     7   6.3591
#        1213       0.01367     38.74      2.00     7   6.3589
#        1214       0.01187      7.25      2.00     7   6.3586
#        1215       0.01624     38.12      2.00     7   6.3589
#        1216       0.01482     12.30      2.00     7   6.3600
#        1217       0.01066     33.76      2.00     7   6.3611
#        1218       0.01131     27.07      2.00     7   6.3608
#        1219       0.01859     15.59      2.00     7   6.3612
#        1220       0.01391     16.48      2.00     7   6.3612
#        1221       0.01069     23.21      2.00     7   6.3610
#        1223       0.01846      5.46      2.00     6   6.3627
#        1224       0.02279     10.38      2.00     6   6.3623
#        1225       0.01029     60.27      2.00     7   6.3626
#        1226       0.02262      6.38      2.00     6   6.3649
#        1228       0.01699      8.22      2.00     5   6.3663
#        1229       0.04393     11.18      2.00     6   6.3664
#        1230       0.01639      4.45      2.00     5   6.3668
#        1234       0.02020      9.72      2.00     6   6.3674
#        1235       0.02124      4.72      2.00     6   6.3676
#        1236       0.01121      8.15      2.00     5   6.3684
#        1238       0.02178      4.84      2.00     6   6.3689
#        1239       0.01551      4.85      2.00     6   6.3690
#        1241       0.01833      7.44      2.00     5   6.3709
#        1242       0.02809      4.73      2.00     6   6.3713
#        1244       0.01540     16.94      2.00     6   6.3737
#        1245       0.01462      4.03      2.00     5   6.3745
#        1247       0.01969      9.68      2.00     6   6.3759
#        1249       0.02786      5.58      2.00     7   6.3762
#        1250       0.01940      6.05      2.00     6   6.3765
#        1251       0.04308     15.39      2.00     6   6.3764
#        1255       0.02165      4.34      2.00     6   6.3799
#        1256       0.02075      7.87      2.00     6   6.3795
#        1257       0.01905      8.80      2.00     6   6.3812
#        1258       0.01813      9.35      2.00     6   6.3812
#        1259       0.01512      4.55      2.00     5   6.3824
#        1260       0.01877      4.46      2.00     6   6.3828
#        1264       0.02789      4.22      2.00     6   6.3833
#        1265       0.02771      4.37      2.00     6   6.3840
#        1266       0.00946     14.64      2.00     5   6.3843
#        1268       0.00963      9.38      2.00     5   6.3852
#        1269       0.02479      5.88      2.00     6   6.3866
#        1270       0.02027      5.86      2.00     6   6.3871
#        1271       0.01716      4.49      2.00     6   6.3883
#        1272       0.02013      6.91      2.00     6   6.3894
#        1274       0.02226      8.90      2.00     6   6.3910
#        1275       0.01791      4.78      2.00     6   6.3929
#        1276       0.01708      5.41      2.00     6   6.3934
#        1277       0.01637      5.71      2.00     6   6.3936
#        1278       0.02147     26.03      2.00     7   6.3936
#        1279       0.01714      7.87      2.00     7   6.3934
#        1280       0.02166     14.67      2.00     7   6.3939
#        1281       0.02248      4.97      2.00     7   6.3939
#        1282       0.04565     32.22      2.00     7   6.3940
#        1283       0.01029      5.08      2.00     6   6.3944
#        1284       0.01547     11.36      2.00     6   6.3944
#        1285       0.01580      8.93      2.00     7   6.3953
#        1286       0.01955     15.80      2.00     6   6.3956
#        1287       0.08877      5.83      2.00     6   6.3959
#        1288       0.02656      5.84      2.00     6   6.3981
#        1289       0.01032     24.79      2.00     6   6.3992
#        1290       0.00973      6.41      2.00     3   6.4006
#        1292       0.02079      7.23      2.00     6   6.4050
#        1293       0.01823      6.01      2.00     6   6.4084
#        1294       0.01646      6.28      2.00     6   6.4084
#        1295       0.01649      5.05      2.00     6   6.4087
#        1296       0.01027      4.82      2.00     6   6.4096
#        1297       0.01553     10.23      2.00     6   6.4096
#        1298       0.00826     11.63      2.00     5   6.4118
#        1300       0.01081      6.67      2.00     5   6.4141
#        1301       0.02741      5.67      2.00     5   6.4144
#        1303       0.01769      7.90      2.00     5   6.4157
#        1304       0.03114      7.88      2.00     5   6.4155
#        1305       0.01635      4.27      2.00     5   6.4161
#        1306       0.01103      8.28      2.00     4   6.4181
#        1307       0.02024      5.72      2.00     6   6.4193
#        1309       0.02306      9.95      1.00     6   6.4225
#        1312       0.01735      6.60      2.00     6   6.4245
#        1313       0.02359      5.84      1.00     6   6.4265
#        1314       0.00865     15.61      2.00     5   6.4278
#        1316       0.04601     30.67      2.00     7   6.4300
#        1317       0.02020     24.94      2.00     7   6.4310
#        1318       0.01682      7.58      2.00     7   6.4308
#        1319       0.01499      4.40      2.00     5   6.4313
#        1320       0.02369      5.71      2.00     7   6.4312
#        1321       0.02171     14.32      2.00     7   6.4312
#        1322       0.00704     31.99      2.00     5   6.4321
#        1323       0.01570      8.75      2.00     7   6.4326
#        1324       0.01088      6.74      2.00     5   6.4334
#        1326       0.02302      8.74      1.00     6   6.4356
#        1327       0.00718     32.94      2.00     5   6.4368
#        1329       0.01745      6.36      2.00     6   6.4376
#        1330       0.01332      8.17      2.00     5   6.4398
#        1331       0.02380      6.17      1.00     6   6.4396
#        1332       0.03452      7.08      1.00     6   6.4400
#        1333       0.02406      4.94      2.00     7   6.4419
#        1334       0.02982      8.52      2.00     6   6.4425
#        1335       0.03441     23.06      2.00     7   6.4422
#        1337       0.02634     13.74      1.00     6   6.4450
#        1338       0.01654      7.78      2.00     5   6.4462
#        1339       0.00974     14.76      2.00     6   6.4462
#        1340       0.02961     10.77      2.00     6   6.4478
#        1341       0.01498      4.10      2.00     5   6.4499
#        1342       0.01800      5.31      2.00     6   6.4502
#        1344       0.01495      4.55      2.00     5   6.4547
#        1345       0.00979     13.12      2.00     6   6.4559
#        1348       0.02454      4.25      2.00     7   6.4568
#        1350       0.03433     25.68      2.00     7   6.4577
#        1351       0.02501      5.55      2.00     7   6.4580
#        1352       0.01554      4.58      2.00     5   6.4591
#        1353       0.00727      8.05      2.00     4   6.4595
#        1355       0.02289      6.12      2.00     6   6.4599
#        1357       0.03896     11.12      2.00     6   6.4604
#        1359       0.01742      4.57      2.00     5   6.4611
#        1361       0.01641      4.39      2.00     6   6.4618
#        1362       0.01535     17.85      2.00     6   6.4651
#        1363       0.00971      5.61      2.00     6   6.4664
#        1364       0.01940      5.03      2.00     5   6.4673
#        1366       0.01699      4.38      2.00     5   6.4692
#        1367       0.01790     14.58      2.00     6   6.4712
#        1370       0.02252     10.88      2.00     6   6.4752
#        1372       0.02196      4.22      2.00     6   6.4757
#        1373       0.01791      4.60      2.00     6   6.4755
#        1376       0.02727      6.36      2.00     6   6.4777
#        1377       0.00718     83.98      2.00     6   6.4793
#        1378       0.01706      5.03      2.00     6   6.4804
#        1379       0.02634     12.71      2.00     6   6.4810
#        1380       0.01638      6.74      2.00     6   6.4815
#        1381       0.02875      9.68      2.00     6   6.4824
#        1382       0.01697      4.92      2.00     6   6.4830
#        1383       0.01633      5.87      2.00     6   6.4835
#        1384       0.01537      4.32      2.00     5   6.4847
#        1387       0.01734     11.15      2.00     7   6.4865
#        1388       0.01934     15.36      2.00     7   6.4864
#        1389       0.02672      4.48      2.00     6   6.4885
#        1390       0.01810      8.41      2.00     7   6.4885
#        1391       0.01808      5.49      2.00     6   6.4890
#        1394       0.02052     13.43      2.00     6   6.4911
#        1397       0.02558      8.14      2.00     6   6.4936
#        1398       0.01742      5.13      2.00     6   6.4939
#        1402       0.01039     33.98      2.00     6   6.4948
#        1405       0.01736      4.54      2.00     6   6.4961
#        1406       0.01460      7.31      2.00     6   6.4971
#        1408       0.02454      4.80      2.00     6   6.4989
#        1409       0.01842      4.60      2.00     7   6.4992
#        1410       0.01713      4.08      2.00     6   6.4998
#        1411       0.01452      6.30      2.00     6   6.4997
#        1412       0.00801     21.56      2.00     6   6.4997
#        1413       0.00740     83.59      2.00     6   6.5004
#        1414       0.02661      6.05      2.00     6   6.5008
#        1415       0.01705      4.89      2.00     6   6.5016
#        1416       0.02668     13.22      2.00     6   6.5027
#        1417       0.01367      8.59      2.00     7   6.5025
#        1418       0.03148      4.83      2.00     6   6.5033
#        1419       0.01634      7.02      2.00     6   6.5031
#        1420       0.01167     12.98      2.00     7   6.5032
#        1421       0.01111     14.52      2.00     7   6.5034
#        1422       0.01219      7.21      2.00     5   6.5040
#        1424       0.02194      9.87      2.00     6   6.5040
#        1425       0.03028      8.68      2.00     6   6.5036
#        1426       0.01349      5.02      2.00     7   6.5037
#        1429       0.01627      5.68      2.00     6   6.5051
#        1430       0.01690      4.74      2.00     6   6.5047
#        1431       0.00996     54.78      2.00     7   6.5051
#        1432       0.01201      9.02      2.00     5   6.5055
#        1433       0.01699      4.36      2.00     6   6.5058
#        1436       0.01774      5.12      2.00     6   6.5055
#        1437       0.01688      6.27      2.00     7   6.5062
#        1438       0.01625      6.09      2.00     6   6.5065
#        1439       0.02272     23.51      2.00     7   6.5072
#        1440       0.01770      7.38      2.00     7   6.5073
#        1441       0.01956     16.53      2.00     6   6.5079
#        1442       0.02135     12.53      2.00     7   6.5077
#        1443       0.04219     31.67      2.00     7   6.5077
#        1445       0.01934      4.31      2.00     7   6.5085
#        1446       0.01659      8.44      2.00     7   6.5090
#        1447       0.02207      9.46      2.00     7   6.5098
#        1449       0.03003      7.17      2.00     6   6.5118
#        1450       0.00776     31.26      2.00     6   6.5116
#        1453       0.01647      4.52      2.00     6   6.5127
#        1455       0.01168     13.32      2.00     7   6.5135
#        1456       0.01149     14.52      2.00     7   6.5137
#        1457       0.01353      6.60      2.00     7   6.5141
#        1459       0.02454      8.91      2.00     7   6.5142
#        1460       0.01691      6.56      2.00     7   6.5138
#        1461       0.02261      6.21      2.00     6   6.5148
#        1462       0.02078     13.24      2.00     6   6.5146
#        1463       0.01739      5.25      2.00     6   6.5153
#        1464       0.00994     49.43      2.00     7   6.5154
#        1466       0.02012      7.52      2.00     6   6.5164
#        1467       0.01494     16.01      2.00     6   6.5169
#        1468       0.01676      4.16      2.00     6   6.5169
#        1470       0.01731      4.33      2.00     6   6.5175
#        1472       0.01456      7.59      2.00     6   6.5183
#        1474       0.01870      9.57      2.00     5   6.5197
#        1477       0.01633      5.26      2.00     6   6.5215
#        1478       0.01447      6.05      2.00     6   6.5211
#        1479       0.01897      6.82      2.00     6   6.5211
#        1480       0.01809      5.95      2.00     6   6.5211
#        1481       0.01632      6.38      2.00     6   6.5211
#        1482       0.01599      4.68      2.00     6   6.5233
#        1483       0.02233      6.03      2.00     6   6.5230
#        1484       0.02028     12.59      2.00     6   6.5228
#        1485       0.02280      9.25      2.00     7   6.5231
#        1487       0.02121      4.58      1.00     6   6.5241
#        1488       0.01344     19.71      2.00     6   6.5246
#        1489       0.01976      7.41      2.00     6   6.5247
#        1493       0.01672      5.06      2.00     6   6.5258
#        1494       0.01636      6.22      2.00     6   6.5263
#        1495       0.01860      6.19      1.00     6   6.5263
#        1496       0.01236      4.24      2.00     7   6.5265
#        1497       0.01072      5.80      2.00     7   6.5265
#        1498       0.01182      9.59      2.00     5   6.5268
#        1500       0.01660      6.91      2.00     6   6.5269
#        1502       0.01131     16.76      2.00     7   6.5268
#        1503       0.02492      8.77      2.00     7   6.5270
#        1504       0.01893      9.49      1.00     6   6.5274
#        1505       0.01510      4.08      2.00     6   6.5289
#        1507       0.01025     18.29      2.00     7   6.5290
#        1509       0.01478     10.75      2.00     7   6.5307
#        1511       0.01139      4.02      2.00     7   6.5318
#        1513       0.01127     17.46      2.00     7   6.5319
#        1518       0.01032     12.51      2.00     7   6.5341
#        1520       0.01118     11.50      2.00     7   6.5347
#        1522       0.01301      8.17      2.00     5   6.5363
#        1523       0.01105     14.78      2.00     7   6.5360
#        1525       0.01585      5.13      2.00     6   6.5389
#        1526       0.01100     12.99      2.00     7   6.5393
#        1527       0.01593      5.59      2.00     6   6.5393
#        1531       0.00845     11.13      2.00     5   6.5409
#        1533       0.01587      7.02      2.00     6   6.5413
#        1536       0.00953      9.65      2.00     3   6.5415
#        1537       0.02292      7.55      2.00     5   6.5418
#        1538       0.01589      6.84      2.00     6   6.5417
#        1540       0.03734     10.62      2.00     6   6.5418
#        1541       0.02150      6.24      2.00     5   6.5421
#        1542       0.01580      5.95      2.00     6   6.5424
#        1543       0.01594      6.64      2.00     6   6.5425
#        1544       0.01129     10.53      2.00     7   6.5428
#        1545       0.01681      4.25      2.00     6   6.5432
#        1547       0.01650      4.13      2.00     5   6.5438
#        1549       0.01160      4.43      2.00     5   6.5449
#        1550       0.01835      4.37      2.00     6   6.5445
#        1551       0.01671      4.21      2.00     7   6.5454
#        1555       0.02840      4.31      2.00     6   6.5504
#        1556       0.01794      6.55      2.00     6   6.5523
#        1558       0.01162      6.01      2.00     5   6.5531
#        1565       0.00696      5.69      2.00     4   6.5568
#        1568       0.01096      5.68      2.00     7   6.5582
#        1569       0.01498      4.30      2.00     5   6.5587
#        1570       0.01101      7.18      2.00     7   6.5584
#        1572       0.00711      7.09      2.00     4   6.5601
#        1574       0.01240      6.86      2.00     5   6.5623
#        1576       0.02642      6.82      2.00     5   6.5627
#        1577       0.00858     10.87      2.00     5   6.5627
#        1578       0.01085     12.32      2.00     7   6.5631
#        1579       0.01188      9.13      2.00     5   6.5638
#        1580       0.01065     11.93      2.00     7   6.5642
#        1581       0.01052     27.41      2.00     7   6.5646
#        1583       0.01693      5.34      2.00     6   6.5650
#        1586       0.01251     15.46      2.00     7   6.5661
#        1587       0.01108      5.52      2.00     7   6.5667
#        1593       0.01217      4.30      2.00     7   6.5693
#        1596       0.01640      4.36      2.00     7   6.5702
#        1597       0.03695      8.82      2.00     7   6.5703
#        1598       0.02137     10.31      2.00     7   6.5699
#        1599       0.01784      9.20      2.00     5   6.5707
#        1600       0.01838      5.30      1.00     6   6.5709
#        1601       0.01251     14.49      2.00     7   6.5710
#        1602       0.01844      4.65      2.00     6   6.5716
#        1603       0.01481      5.68      2.00     7   6.5716
#        1604       0.01083     12.25      2.00     7   6.5719
#        1605       0.01694      5.35      2.00     6   6.5728
#        1606       0.01063     12.15      2.00     7   6.5725
#        1607       0.01050      4.14      2.00     7   6.5728
#        1608       0.01700      9.06      2.00     7   6.5725
#        1609       0.01057     26.08      2.00     7   6.5730
#        1611       0.01799     10.85      2.00     7   6.5734
#        1612       0.01490      4.54      2.00     5   6.5737
#        1614       0.01628      4.68      2.00     7   6.5737
#        1615       0.02095      6.34      2.00     5   6.5748
#        1617       0.01034     13.91      2.00     7   6.5752
#        1618       0.01587      5.93      2.00     7   6.5751
#        1620       0.01669      4.18      2.00     5   6.5765
#        1624       0.01036     10.38      2.00     7   6.5800
#        1625       0.01676      4.30      2.00     6   6.5803
#        1628       0.01657      4.49      2.00     6   6.5818
#        1629       0.01622      5.53      2.00     6   6.5821
#        1630       0.01933      5.85      1.00     6   6.5829
#        1631       0.01657      6.52      2.00     6   6.5833
#        1633       0.01795      9.00      1.00     6   6.5837
#        1637       0.01565      4.22      2.00     6   6.5851
#        1642       0.00856     30.23      2.00     6   6.5881
#        1643       0.02229      5.78      2.00     6   6.5891
#        1644       0.02122     13.45      2.00     6   6.5893
#        1646       0.02125      7.27      2.00     6   6.5910
#        1647       0.00689      4.93      2.00     5   6.5916
#        1648       0.02736      4.73      2.00     6   6.5922
#        1649       0.01796      4.77      2.00     6   6.5925
#        1650       0.01961      4.18      2.00     6   6.5927
#        1651       0.01003     10.47      2.00     4   6.5936
#        1652       0.01684      4.28      2.00     6   6.5940
#        1653       0.01569      4.51      2.00     6   6.5945
#        1655       0.02025     13.42      2.00     6   6.5947
#        1656       0.01582      5.16      2.00     6   6.5955
#        1658       0.01571      6.57      2.00     6   6.5972
#        1659       0.01586      6.34      2.00     6   6.5978
#        1660       0.01584      6.31      2.00     6   6.5985
#        1661       0.01567      5.31      2.00     6   6.5981
#        1662       0.00727      4.88      2.00     5   6.6005
#        1663       0.04549      7.43      2.00     7   6.6010
#        1664       0.10704      7.67      2.00     7   6.6015
#        1667       0.02125     11.39      2.00     7   6.6041
#        1669       0.03951      4.33      2.00     7   6.6037
#        1670       0.07465     10.72      2.00     7   6.6041
#        1671       0.01157      8.88      2.00     5   6.6042
#        1672       0.02295     21.42      2.00     7   6.6049
#        1673       0.04129     29.58      2.00     7   6.6053
#        1674       0.01747      6.80      2.00     7   6.6051
#        1676       0.03658     10.47      2.00     7   6.6063
#        1677       0.01702      7.89      2.00     7   6.6067
#        1678       0.00918      7.55      2.00     6   6.6089
#        1679       0.03339      7.83      2.00     5   6.6114
#        1681       0.01306     25.59      2.00     6   6.6111
#        1683       0.02498     17.06      2.00     7   6.6138
#        1685       0.02922      6.88      2.00     7   6.6142
#        1686       0.02130      9.85      2.00     7   6.6143
#        1687       0.02015      5.85      2.00     7   6.6150
#        1688       0.02277     33.10      2.00     7   6.6147
#        1689       0.01999      5.05      1.00     7   6.6169
#        1690       0.02816     10.06      2.00     7   6.6165
#        1691       0.02222     10.71      2.00     7   6.6165
#        1692       0.01999      5.05      1.00     7   6.6169
#        1693       0.02239     14.21      2.00     7   6.6169
#        1694       0.00746      5.18      2.00     5   6.6177
#        1696       0.02154     33.00      2.00     7   6.6191
#        1697       0.01093      5.59      2.00     4   6.6196
#        1698       0.01397      4.02      2.00     5   6.6212
#        1699       0.01402      4.23      2.00     5   6.6212
#        1701       0.01328      7.02      2.00     7   6.6225
#        1702       0.01273     10.76      2.00     6   6.6243
#        1703       0.00725      5.14      2.00     5   6.6262
#        1704       0.00874     28.75      2.00     6   6.6263
#        1705       0.01944      6.33      2.00     7   6.6287
#        1706       0.01301      6.75      2.00     7   6.6293
#        1707       0.02139      4.46      2.00     7   6.6292
#        1709       0.01317      4.11      2.00     5   6.6311
#        1710       0.02882      9.05      2.00     7   6.6309
#        1711       0.03220      9.32      2.00     6   6.6342
#        1712       0.02183      4.57      2.00     6   6.6342
#        1713       0.02426      4.44      2.00     6   6.6342
#        1714       0.01883      6.11      2.00     7   6.6342
#        1715       0.02063      6.17      2.00     6   6.6344
#        1716       0.02102      4.53      2.00     7   6.6346
#        1719       0.02188      5.41      2.00     6   6.6382
#        1720       0.02030     12.84      2.00     6   6.6384
#        1722       0.02148      7.02      2.00     6   6.6400
#        1723       0.04316     10.69      2.00     7   6.6404
#        1724       0.01764      5.83      2.00     6   6.6409
#        1725       0.02900      8.18      2.00     7   6.6407
#        1726       0.01651      7.92      2.00     5   6.6416
#        1728       0.00700     16.45      1.00     6   6.6429
#        1730       0.02765      4.67      2.00     6   6.6455
#        1731       0.01931      5.53      2.00     7   6.6458
#        1734       0.00665      5.74      2.00     4   6.6475
#        1735       0.01953      6.90      2.00     6   6.6495
#        1737       0.01933      5.53      2.00     6   6.6502
#        1738       0.02186      5.08      2.00     6   6.6502
#        1739       0.02402      4.99      2.00     6   6.6502
#        1741       0.00952      9.91      2.00     5   6.6553
#        1742       0.01693      5.31      2.00     6   6.6558
#        1743       0.00695     14.57      1.00     6   6.6556
#        1744       0.01272     14.51      2.00     6   6.6553
#        1745       0.01051     12.00      2.00     7   6.6564
#        1746       0.01717     19.00      2.00     7   6.6564
#        1748       0.02862     10.37      2.00     6   6.6568
#        1751       0.01787      6.39      2.00     6   6.6584
#        1752       0.02944      6.48      2.00     6   6.6586
#        1754       0.01763      4.06      2.00     6   6.6588
#        1755       0.01790      5.62      2.00     6   6.6605
#        1756       0.01508      8.79      2.00     6   6.6608
#        1758       0.02885     11.43      2.00     6   6.6618
#        1759       0.01797      7.01      2.00     6   6.6635
#        1760       0.01512      6.75      2.00     6   6.6635
#        1761       0.02933      5.49      2.00     6   6.6636
#        1762       0.01720      4.17      2.00     6   6.6638
#        1763       0.01882      4.48      2.00     6   6.6642
#        1764       0.01793      5.76      2.00     6   6.6655
#        1765       0.02021      7.38      2.00     6   6.6671
#        1766       0.03428     12.33      2.00     6   6.6671
#        1767       0.01286     24.28      2.00     6   6.6678
#        1768       0.00728      5.63      2.00     5   6.6680
#        1769       0.02644     17.73      2.00     6   6.6698
#        1771       0.01054      4.51      2.00     7   6.6702
#        1772       0.01059     10.99      2.00     7   6.6705
#        1773       0.01775     17.00      2.00     7   6.6705
#        1775       0.02124      6.30      2.00     7   6.6711
#        1776       0.01106      4.06      2.00     7   6.6711
#        1778       0.00688      6.38      2.00     4   6.6734
#        1779       0.01514      7.85      2.00     6   6.6734
#        1780       0.02678      7.84      2.00     5   6.6754
#        1781       0.01022     10.51      2.00     6   6.6760
#        1782       0.01516      6.59      2.00     6   6.6760
#        1783       0.02090      8.49      2.00     6   6.6767
#        1784       0.02404      8.38      2.00     7   6.6787
#        1785       0.00739      5.55      2.00     5   6.6819
#        1788       0.01784      9.52      2.00     7   6.6840
#        1789       0.02432      7.65      2.00     7   6.6849
#        1790       0.01719      5.59      2.00     7   6.6853
#        1792       0.00660      4.27      2.00     4   6.6875
#        1793       0.02498      6.36      2.00     5   6.6883
#        1794       0.01652      4.60      2.00     6   6.6890
#        1798       0.02035      7.02      2.00     6   6.6927
#        1799       0.01891      4.29      2.00     6   6.6939
#        1800       0.00677      6.10      2.00     4   6.6939
#        1802       0.01253     10.16      2.00     6   6.6943
#        1804       0.01839      9.05      2.00     5   6.6967
#        1806       0.00715      5.76      2.00     5   6.6974
#        1807       0.00685      4.47      2.00     4   6.6982
#        1808       0.00719      5.76      2.00     5   6.6979
#        1809       0.00720      5.68      2.00     5   6.6985
#        1810       0.02272      8.27      2.00     7   6.6993
#        1812       0.02081      5.78      2.00     6   6.7014
#        1814       0.02000      8.91      2.00     6   6.7021
#        1815       0.00964     27.60      2.00     6   6.7025
#        1817       0.01755      4.76      2.00     6   6.7027
#        1818       0.01526      5.94      2.00     6   6.7032
#        1819       0.00715      5.65      2.00     5   6.7034
#        1820       0.01522      6.52      2.00     6   6.7038
#        1821       0.01740      8.46      2.00     7   6.7038
#        1822       0.02047     18.14      2.00     6   6.7043
#        1824       0.02379      7.61      2.00     7   6.7041
#        1825       0.02984     20.33      2.00     7   6.7040
#        1826       0.01804     12.12      2.00     7   6.7057
#        1827       0.03055     17.88      2.00     7   6.7058
#        1828       0.01728      7.39      2.00     7   6.7060
#        1830       0.01727      5.34      2.00     7   6.7063
#        1831       0.01794     10.60      2.00     7   6.7077
#        1833       0.01452      8.29      2.00     6   6.7093
#        1834       0.01077     68.86      2.00     6   6.7139
#        1835       0.03069     12.63      2.00     5   6.7150
#        1839       0.01780      4.97      2.00     6   6.7183
#        1840       0.01519      6.67      2.00     6   6.7183
#        1841       0.01460      5.09      2.00     6   6.7188
#        1843       0.01520      6.39      2.00     6   6.7187
#        1844       0.01455      5.75      2.00     6   6.7188
#        1846       0.01063     68.72      2.00     6   6.7203
#        1847       0.01281      4.22      2.00     6   6.7203
#        1848       0.03091     12.10      2.00     5   6.7223
#        1851       0.01760      8.69      2.00     7   6.7252
#        1853       0.03098     20.77      2.00     7   6.7254
#        1854       0.03699      7.57      2.00     7   6.7262
#        1855       0.01616      4.20      2.00     6   6.7266
#        1856       0.01789      4.42      2.00     7   6.7266
#        1857       0.01753      5.72      2.00     7   6.7266
#        1858       0.02000      5.75      2.00     7   6.7271
#        1859       0.02122      8.21      2.00     7   6.7271
#        1860       0.01832     12.51      2.00     7   6.7271
#        1861       0.03173     17.12      2.00     7   6.7272
#        1862       0.02472     18.12      2.00     7   6.7268
#        1863       0.02695      7.23      2.00     7   6.7273
#        1864       0.02264     26.70      2.00     7   6.7274
#        1865       0.01757      6.71      2.00     7   6.7277
#        1866       0.01692      7.04      2.00     7   6.7274
#        1867       0.02245      7.39      2.00     5   6.7284
#        1868       0.00695      6.94      2.00     5   6.7289
#        1869       0.02046      5.22      2.00     7   6.7288
#        1870       0.01810     10.18      2.00     7   6.7291
#        1872       0.02840      9.93      2.00     7   6.7293
#        1873       0.02252     10.88      2.00     7   6.7293
#        1874       0.02263     11.77      2.00     7   6.7296
#        1875       0.01961     10.26      2.00     7   6.7298
#        1876       0.01889      9.17      2.00     5   6.7310
#        1878       0.02239      6.31      2.00     7   6.7309
#        1879       0.02132     32.03      2.00     7   6.7318
#        1880       0.03650     10.49      2.00     7   6.7346
#        1881       0.01835      5.66      2.00     7   6.7351
#        1882       0.01758      5.96      2.00     7   6.7349
#        1883       0.01016      9.15      2.00     5   6.7355
#        1884       0.01228     12.17      2.00     6   6.7353
#        1885       0.00643      4.07      2.00     3   6.7358
#        1886       0.00796     13.72      2.00     5   6.7370
#        1887       0.02009      6.95      2.00     7   6.7371
#        1888       0.01453      7.32      2.00     7   6.7368
#        1891       0.02795      9.73      2.00     7   6.7398
#        1892       0.01141      7.86      2.00     5   6.7401
#        1893       0.01458      4.88      2.00     6   6.7406
#        1895       0.02133      4.53      2.00     6   6.7407
#        1896       0.01402      7.46      2.00     6   6.7407
#        1897       0.01450      5.90      2.00     6   6.7409
#        1900       0.06199     10.99      2.00     7   6.7416
#        1901       0.03459     11.11      2.00     7   6.7416
#        1902       0.01883      6.64      2.00     7   6.7419
#        1903       0.01697      5.91      2.00     6   6.7421
#        1905       0.02096      5.59      2.00     6   6.7421
#        1906       0.02215      5.78      2.00     6   6.7422
#        1907       0.01711      4.76      2.00     6   6.7424
#        1908       0.02079      8.93      2.00     6   6.7420
#        1909       0.01539      5.57      2.00     6   6.7425
#        1910       0.01793      4.28      2.00     7   6.7430
#        1911       0.01784     15.26      2.00     6   6.7439
#        1912       0.01533      6.45      2.00     6   6.7437
#        1913       0.01732      4.72      2.00     7   6.7439
#        1914       0.01810      7.64      2.00     7   6.7440
#        1915       0.01808      7.68      2.00     7   6.7436
#        1916       0.01622     28.99      2.00     7   6.7437
#        1917       0.01938     18.06      2.00     6   6.7441
#        1918       0.02971     10.86      2.00     7   6.7445
#        1920       0.01121      8.18      2.00     5   6.7467
#        1922       0.04906     10.62      2.00     7   6.7471
#        1923       0.03634     10.25      2.00     7   6.7472
#        1924       0.02389      7.61      2.00     7   6.7473
#        1925       0.01719      8.98      2.00     7   6.7476
#        1927       0.01906     10.04      2.00     7   6.7478
#        1928       0.02295     20.20      2.00     7   6.7486
#        1929       0.02389      8.70      2.00     7   6.7488
#        1930       0.01940      6.47      2.00     7   6.7491
#        1931       0.01967      7.64      2.00     7   6.7491
#        1932       0.01761      9.60      2.00     7   6.7492
#        1933       0.02264     22.82      2.00     7   6.7494
#        1934       0.01789      5.78      2.00     7   6.7492
#        1937       0.01926      6.61      2.00     7   6.7497
#        1939       0.02111     12.05      2.00     7   6.7497
#        1941       0.01752     12.14      2.00     7   6.7499
#        1942       0.01607      4.13      2.00     6   6.7504
#        1943       0.02095     10.13      2.00     7   6.7505
#        1944       0.01535     11.25      2.00     7   6.7511
#        1945       0.01800     31.83      2.00     7   6.7516
#        1946       0.01601     35.62      2.00     7   6.7519
#        1948       0.02443      5.43      2.00     7   6.7540
#        1949       0.01917     14.38      2.00     7   6.7544
#        1950       0.02942     21.63      2.00     7   6.7544
#        1951       0.02291     12.19      2.00     7   6.7544
#        1954       0.01731      8.24      2.00     7   6.7564
#        1955       0.02654      6.64      2.00     7   6.7566
#        1956       0.01732      4.99      2.00     6   6.7576
#        1957       0.01533      6.58      2.00     6   6.7576
#        1960       0.01536      6.18      2.00     6   6.7582
#        1961       0.02156      5.28      2.00     7   6.7582
#        1962       0.02276      7.31      2.00     7   6.7583
#        1963       0.01150      4.83      2.00     6   6.7596
#        1964       0.02131     14.12      2.00     7   6.7599
#        1965       0.02768      4.80      2.00     7   6.7614
#        1966       0.02255      6.40      2.00     7   6.7614
#        1967       0.01662      4.82      2.00     7   6.7614
#        1968       0.02355      9.88      2.00     7   6.7610
#        1969       0.01087    191.20      2.00     7   6.7611
#        1971       0.01797     10.09      2.00     7   6.7624
#        1972       0.02082      8.85      2.00     6   6.7626
#        1973       0.01818      5.42      2.00     7   6.7629
#        1974       0.02597      6.01      2.00     7   6.7634
#        1975       0.02463      8.16      2.00     7   6.7634
#        1976       0.01953      6.19      2.00     7   6.7633
#        1977       0.01679      6.05      2.00     7   6.7636
#        1978       0.01409      5.99      2.00     6   6.7651
#        1979       0.01775     11.60      2.00     7   6.7655
#        1980       0.02049     16.80      2.00     7   6.7656
#        1982       0.01780     11.39      2.00     7   6.7659
#        1983       0.02109      6.96      2.00     6   6.7673
#        1984       0.01164     36.42      2.00     7   6.7692
#        1985       0.01593     18.41      2.00     6   6.7701
#        1986       0.01253     10.20      2.00     6   6.7705
#        1988       0.01779      7.19      2.00     7   6.7712
#        1989       0.03986      5.70      2.00     6   6.7728
#        1990       0.01680      4.49      2.00     7   6.7744
#        1991       0.00597      4.75      2.00     3   6.7765
#        1993       0.01689      6.26      2.00     7   6.7784
#        1994       0.01692      6.07      2.00     7   6.7786
#        1995       0.01139     64.35      2.00     7   6.7817
#        1996       0.02138      7.30      2.00     6   6.7825
#        1998       0.02440      5.44      2.00     7   6.7832
#        1999       0.02956     22.34      2.00     7   6.7835
#        2000       0.02334      9.18      2.00     7   6.7835
#        2001       0.01930     13.90      2.00     7   6.7837
#        2002       0.01079    185.50      2.00     7   6.7839
#        2003       0.02953     13.87      2.00     6   6.7855
#        2004       0.02721      6.05      2.00     7   6.7857
#        2005       0.02271      7.77      2.00     7   6.7867
#        2006       0.00785     12.15      2.00     6   6.7874
#        2007       0.01123     19.56      2.00     6   6.7874
#        2008       0.00720      6.34      2.00     5   6.7881
#        2009       0.00715      6.22      2.00     5   6.7881
#        2010       0.02931     12.32      2.00     5   6.7900
#        2011       0.01549     18.16      2.00     6   6.7903
#        2012       0.02571      8.40      2.00     7   6.7902
#        2013       0.02174     13.40      2.00     7   6.7902
#        2014       0.02159      5.27      2.00     7   6.7904
#        2016       0.02329     12.77      2.00     7   6.7908
#        2017       0.02585      7.45      2.00     5   6.7914
#        2018       0.02317      6.30      2.00     7   6.7912
#        2019       0.02875      4.72      2.00     7   6.7912
#        2020       0.01724      5.86      2.00     7   6.7913
#        2021       0.01799      6.72      2.00     7   6.7923
#        2023       0.02067      5.25      2.00     6   6.7928
#        2024       0.02224      5.50      2.00     6   6.7930
#        2025       0.02663      5.39      2.00     7   6.7926
#        2026       0.02529      8.01      2.00     7   6.7926
#        2027       0.01965      7.25      2.00     7   6.7928
#        2028       0.01478      4.48      2.00     6   6.7934
#        2029       0.01662      7.19      2.00     7   6.7933
#        2031       0.00582      8.33      2.00     4   6.7946
#        2032       0.01823     14.76      2.00     6   6.7946
#        2033       0.02024     19.53      2.00     7   6.7948
#        2034       0.01033     25.12      2.00     6   6.7990
#        2035       0.01772      8.05      2.00     7   6.7989
#        2036       0.00604      6.65      2.00     4   6.7994
#        2037       0.01795      7.90      2.00     7   6.7994
#        2038       0.01760      7.38      2.00     7   6.7998
#        2039       0.03018     11.87      2.00     7   6.7999
#        2041       0.00766      6.90      2.00     4   6.8003
#        2042       0.01744      5.12      2.00     7   6.8000
#        2044       0.01495      7.30      2.00     7   6.8019
#        2045       0.02826      7.42      2.00     7   6.8020
#        2046       0.02920      5.33      2.00     6   6.8022
#        2047       0.02308      5.38      2.00     6   6.8034
#        2048       0.02270     17.64      2.00     7   6.8043
#        2049       0.02198     19.91      2.00     7   6.8046
#        2050       0.01941      6.80      2.00     7   6.8047
#        2051       0.01907      6.44      2.00     7   6.8046
#        2052       0.01970      7.90      2.00     7   6.8047
#        2053       0.01743      5.46      2.00     7   6.8044
#        2054       0.02371      7.63      2.00     7   6.8045
#        2057       0.01755      8.93      2.00     7   6.8054
#        2058       0.02105     11.26      2.00     7   6.8058
#        2059       0.02162     21.29      2.00     7   6.8056
#        2060       0.02123      5.25      2.00     6   6.8061
#        2061       0.01431      9.54      2.00     6   6.8064
#        2064       0.01711     11.35      2.00     7   6.8060
#        2065       0.02083      9.04      2.00     7   6.8061
#        2066       0.02280     14.89      2.00     6   6.8073
#        2067       0.01549     10.66      2.00     7   6.8073
#        2068       0.01903      6.63      2.00     7   6.8072
#        2069       0.01786      4.24      2.00     7   6.8073
#        2070       0.01832     30.23      2.00     7   6.8076
#        2071       0.01670      7.12      2.00     7   6.8080
#        2072       0.01671      6.87      2.00     7   6.8083
#        2074       0.01807      4.20      2.00     7   6.8087
#        2075       0.01283      8.90      2.00     6   6.8098
#        2076       0.00796     12.45      2.00     6   6.8102
#        2077       0.01111     19.39      2.00     6   6.8102
#        2078       0.01596      4.25      2.00     7   6.8099
#        2079       0.01662      4.09      2.00     6   6.8106
#        2081       0.02151      5.70      2.00     7   6.8129
#        2082       0.02592     10.49      2.00     6   6.8143
#        2084       0.01842     14.82      2.00     6   6.8162
#        2085       0.01230      9.09      2.00     6   6.8162
#        2086       0.02705      6.08      2.00     7   6.8165
#        2087       0.03177      7.54      2.00     7   6.8165
#        2088       0.04899      7.69      2.00     7   6.8173
#        2090       0.01600     54.75      2.00     7   6.8173
#        2091       0.02270      5.04      2.00     7   6.8176
#        2092       0.02242      4.34      2.00     7   6.8179
#        2093       0.02057      5.32      2.00     7   6.8177
#        2094       0.01800      9.27      2.00     7   6.8181
#        2096       0.02725      4.60      2.00     7   6.8192
#        2097       0.02746      6.52      2.00     7   6.8198
#        2098       0.03102      7.32      2.00     7   6.8204
#        2099       0.04592      7.41      2.00     7   6.8212
#        2100       0.01731     10.88      2.00     7   6.8212
#        2101       0.01776     10.61      2.00     7   6.8218
#        2103       0.01218     10.96      2.00     6   6.8231
#        2104       0.00820      7.21      2.00     6   6.8231
#        2105       0.02286      4.63      2.00     7   6.8231
#        2106       0.00584      8.88      2.00     4   6.8238
#        2109       0.01578      4.05      2.00     6   6.8249
#        2112       0.00610      6.03      2.00     5   6.8294
#        2113       0.00682      6.07      2.00     5   6.8301
#        2115       0.01841      8.65      2.00     7   6.8345
#        2116       0.00613      5.87      2.00     4   6.8352
#        2119       0.01667      6.19      2.00     6   6.8371
#        2120       0.02892     11.63      2.00     5   6.8386
#        2121       0.00763      6.17      2.00     4   6.8403
#        2124       0.00562     14.86      2.00     5   6.8418
#        2125       0.01574      4.07      2.00     6   6.8420
#        2127       0.01853      8.57      2.00     7   6.8429
#        2129       0.01490      7.85      2.00     6   6.8436
#        2132       0.00617      6.00      2.00     5   6.8469
#        2134       0.01585      7.39      2.00     7   6.8475
#        2135       0.01581      5.02      2.00     7   6.8475
#        2136       0.01742      5.04      2.00     7   6.8479
#        2139       0.01590      7.90      2.00     7   6.8494
#        2140       0.01584      5.26      2.00     7   6.8494
#        2141       0.01904     13.50      2.00     7   6.8505
#        2142       0.01577      4.40      2.00     7   6.8507
#  1621/2000 paths used
#  xsedge+50, used to normalize mu           1.0000E+00
#  -----------------------------------------------------------------------
#  omega    e    k    mu    mu0     chi     @#
    9663.659     -7.348   0.000  4.71800E-04  1.53390E-04  1.04759E+00
    9663.669     -7.338   0.050  5.42950E-04  1.57530E-04  1.26607E+00
    9663.697     -7.310   0.100  6.10763E-04  1.61671E-04  1.47292E+00
    9663.745     -7.262   0.150  7.94568E-04  1.73695E-04  2.02744E+00
    9663.812     -7.195   0.200  9.49999E-04  1.85719E-04  2.48490E+00
    9663.897     -7.110   0.250  1.15307E-03  2.02088E-04  3.07238E+00
    9664.002     -7.005   0.300  1.28964E-03  2.18457E-04  3.43900E+00
    9664.126     -6.881   0.350  1.40060E-03  2.33225E-04  3.72162E+00
    9664.269     -6.738   0.400  1.42083E-03  2.47993E-04  3.71302E+00
    9664.431     -6.576   0.450  1.38573E-03  2.58608E-04  3.54596E+00
    9664.612     -6.395   0.500  1.27303E-03  2.69223E-04  3.13838E+00
    9664.812     -6.195   0.550  1.11947E-03  2.76226E-04  2.62524E+00
    9665.031     -5.976   0.600  9.29142E-04  2.83229E-04  2.00246E+00
    9665.269     -5.738   0.650  7.27142E-04  2.87516E-04  1.36126E+00
    9665.526     -5.481   0.700  5.31081E-04  2.91803E-04  7.39996E-01
    9665.802     -5.205   0.750  3.46090E-04  2.93954E-04  1.61611E-01
    9666.098     -4.909   0.800  1.99001E-04  2.96104E-04 -3.01694E-01
    9666.412     -4.595   0.850  8.07561E-05  2.96501E-04 -6.74299E-01
    9666.745     -4.262   0.900  1.71531E-05  2.96898E-04 -8.79563E-01
    9667.098     -3.909   0.950 -9.04464E-06  2.95865E-04 -9.67599E-01
    9667.469     -3.538   1.000  1.44781E-05  2.94832E-04 -8.98024E-01
    9667.860     -3.147   1.050  6.44110E-05  2.92689E-04 -7.40069E-01
    9668.269     -2.738   1.100  1.39635E-04  2.90545E-04 -4.95243E-01
    9668.698     -2.309   1.150  2.18162E-04  2.87608E-04 -2.31148E-01
    9669.146     -1.861   1.200  2.91998E-04  2.84671E-04  2.47403E-02
    9669.612     -1.395   1.250  3.48840E-04  2.81226E-04  2.31879E-01
    9670.098     -0.909   1.300  3.83960E-04  2.77782E-04  3.69933E-01
    9670.603     -0.404   1.350  3.98394E-04  2.74079E-04  4.40265E-01
    9671.127      0.120   1.400  3.92897E-04  2.70376E-04  4.41184E-01
    9671.670      0.663   1.450  3.76733E-04  2.66610E-04  4.03169E-01
    9672.232      1.225   1.500  3.53084E-04  2.62843E-04  3.35991E-01
    9672.813      1.806   1.550  3.30760E-04  2.59162E-04  2.70978E-01
    9673.413      2.406   1.600  3.10746E-04  2.55480E-04  2.12674E-01
    9674.032      3.025   1.650  2.95837E-04  2.51982E-04  1.71445E-01
    9674.670      3.663   1.700  2.84712E-04  2.48485E-04  1.43912E-01
    9675.327      4.320   1.750  2.75765E-04  2.45238E-04  1.23093E-01
    9676.004      4.996   1.800  2.67638E-04  2.41991E-04  1.04991E-01
    9676.699      5.692   1.850  2.59578E-04  2.39034E-04  8.52727E-02
    9677.413      6.406   1.900  2.53176E-04  2.36077E-04  7.19743E-02
    9678.147      7.140   1.950  2.45189E-04  2.33395E-04  5.02722E-02
    9678.899      7.892   2.000  2.45390E-04  2.30712E-04  6.33672E-02
    9679.671      8.664   2.050  2.44120E-04  2.28493E-04  6.82408E-02
    9680.461      9.454   2.100  2.43801E-04  2.26274E-04  7.74330E-02
    9681.271     10.264   2.150  2.42810E-04  2.24056E-04  8.38359E-02
    9682.100     11.092   2.200  2.40418E-04  2.21837E-04  8.40530E-02
    9682.947     11.940   2.250  2.38185E-04  2.21902E-04  7.40080E-02
    9683.814     12.807   2.300  2.35797E-04  2.21968E-04  6.31574E-02
    9684.700     13.693   2.350  2.34160E-04  2.22033E-04  5.56516E-02
    9685.605     14.598   2.400  2.33933E-04  2.22098E-04  5.45721E-02
    9686.529     15.522   2.450  2.33505E-04  2.22242E-04  5.20440E-02
    9687.472     16.465   2.500  2.33597E-04  2.22387E-04  5.19114E-02
    9688.434     17.427   2.550  2.33725E-04  2.22531E-04  5.19454E-02
    9689.415     18.408   2.600  2.33172E-04  2.22675E-04  4.88132E-02
    9690.415     19.408   2.650  2.30475E-04  2.22328E-04  3.79481E-02
    9691.434     20.427   2.700  2.26783E-04  2.21980E-04  2.24090E-02
    9692.472     21.465   2.750  2.22053E-04  2.21632E-04  1.96543E-03
    9693.530     22.522   2.800  2.16461E-04  2.21285E-04 -2.25822E-02
    9694.606     23.599   2.850  2.11110E-04  2.21215E-04 -4.72538E-02
    9695.701     24.694   2.900  2.05894E-04  2.21145E-04 -7.12367E-02
    9696.816     25.809   2.950  2.01188E-04  2.21075E-04 -9.27917E-02
    9697.949     26.942   3.000  1.97351E-04  2.21005E-04 -1.10244E-01
    9699.102     28.095   3.050  1.95132E-04  2.21178E-04 -1.21065E-01
    9700.273     29.266   3.100  1.94000E-04  2.21351E-04 -1.26786E-01
    9701.464     30.457   3.150  1.93962E-04  2.21524E-04 -1.27421E-01
    9702.673     31.666   3.200  1.94960E-04  2.21697E-04 -1.23273E-01
    9703.902     32.895   3.250  1.97084E-04  2.22060E-04 -1.14736E-01
    9705.150     34.143   3.300  1.99949E-04  2.22423E-04 -1.02869E-01
    9706.417     35.410   3.350  2.03508E-04  2.22786E-04 -8.79206E-02
    9707.703     36.696   3.400  2.07661E-04  2.23148E-04 -7.03807E-02
    9709.008     38.000   3.450  2.12313E-04  2.23639E-04 -5.12648E-02
    9710.332     39.324   3.500  2.17226E-04  2.24130E-04 -3.11241E-02
    9711.675     40.667   3.550  2.22223E-04  2.24620E-04 -1.07646E-02
    9713.037     42.030   3.600  2.27111E-04  2.25111E-04  8.94789E-03
    9714.418     43.411   3.650  2.31693E-04  2.25652E-04  2.69197E-02
    9715.818     44.811   3.700  2.35814E-04  2.26193E-04  4.27044E-02
    9717.237     46.230   3.750  2.39360E-04  2.26734E-04  5.58278E-02
    9718.675     47.668   3.800  2.42280E-04  2.27275E-04  6.60978E-02
    9720.133     49.126   3.850  2.44553E-04  2.27786E-04  7.36104E-02
    9721.609     50.602   3.900  2.46281E-04  2.28298E-04  7.86963E-02
    9723.105     52.097   3.950  2.47539E-04  2.28810E-04  8.16944E-02
    9724.619     53.612   4.000  2.48390E-04  2.29321E-04  8.29058E-02
    9726.153     55.145   4.050  2.48791E-04  2.29733E-04  8.26575E-02
    9727.705     56.698   4.100  2.48822E-04  2.30145E-04  8.08065E-02
    9729.277     58.270   4.150  2.48434E-04  2.30557E-04  7.71595E-02
    9730.867     59.860   4.200  2.47557E-04  2.30969E-04  7.14227E-02
    9732.477     61.470   4.250  2.46003E-04  2.31231E-04  6.35134E-02
    9734.106     63.099   4.300  2.43864E-04  2.31494E-04  5.31123E-02
    9735.754     64.747   4.350  2.41158E-04  2.31756E-04  4.03124E-02
    9737.421     66.413   4.400  2.37975E-04  2.32018E-04  2.55066E-02
    9739.106     68.099   4.450  2.34299E-04  2.32103E-04  9.39859E-03
    9740.811     69.804   4.500  2.30504E-04  2.32188E-04 -7.20707E-03
    9742.535     71.528   4.550  2.26820E-04  2.32274E-04 -2.33228E-02
    9744.279     73.271   4.600  2.23471E-04  2.32359E-04 -3.79954E-02
    9746.041     75.034   4.650  2.20450E-04  2.32274E-04 -5.05682E-02
    9747.822     76.815   4.700  2.18082E-04  2.32189E-04 -6.03620E-02
    9749.622     78.615   4.750  2.16436E-04  2.32105E-04 -6.70721E-02
    9751.441     80.434   4.800  2.15521E-04  2.32020E-04 -7.06584E-02
    9753.280     82.272   4.850  2.15149E-04  2.31798E-04 -7.13773E-02
    9755.137     84.130   4.900  2.15395E-04  2.31576E-04 -6.94482E-02
    9757.013     86.006   4.950  2.16165E-04  2.31354E-04 -6.52610E-02
    9758.909     87.902   5.000  2.17363E-04  2.31132E-04 -5.92224E-02
    9760.823     89.816   5.050  2.18810E-04  2.30824E-04 -5.17469E-02
    9762.757     91.750   5.100  2.20515E-04  2.30516E-04 -4.31406E-02
    9764.710     93.702   5.150  2.22403E-04  2.30209E-04 -3.37176E-02
    9766.681     95.674   5.200  2.24405E-04  2.29901E-04 -2.37715E-02
    9768.672     97.665   5.250  2.26445E-04  2.29566E-04 -1.35171E-02
    9770.682     99.675   5.300  2.28479E-04  2.29230E-04 -3.25732E-03
    9772.711    101.703   5.350  2.30445E-04  2.28894E-04  6.73496E-03
    9774.758    103.751   5.400  2.32281E-04  2.28559E-04  1.61937E-02
    9776.825    105.818   5.450  2.33991E-04  2.28249E-04  2.50036E-02
    9778.911    107.904   5.500  2.35460E-04  2.27940E-04  3.27887E-02
    9781.016    110.009   5.550  2.36636E-04  2.27631E-04  3.93101E-02
    9783.140    112.133   5.600  2.37469E-04  2.27322E-04  4.43512E-02
    9785.283    114.276   5.650  2.38003E-04  2.27075E-04  4.78022E-02
    9787.446    116.439   5.700  2.38110E-04  2.26828E-04  4.93881E-02
    9789.627    118.620   5.750  2.37769E-04  2.26581E-04  4.90158E-02
    9791.827    120.820   5.800  2.36981E-04  2.26334E-04  4.66807E-02
    9794.046    123.039   5.850  2.35873E-04  2.26182E-04  4.25071E-02
    9796.285    125.278   5.900  2.34385E-04  2.26029E-04  3.66611E-02
    9798.542    127.535   5.950  2.32593E-04  2.25876E-04  2.94788E-02
    9800.819    129.812   6.000  2.30594E-04  2.25723E-04  2.13842E-02
    9803.114    132.107   6.050  2.28640E-04  2.25712E-04  1.28531E-02
    9805.429    134.422   6.100  2.26680E-04  2.25701E-04  4.29534E-03
    9807.762    136.755   6.150  2.24809E-04  2.25689E-04 -3.86124E-03
    9810.115    139.108   6.200  2.23108E-04  2.25678E-04 -1.12668E-02
    9812.487    141.480   6.250  2.21636E-04  2.25666E-04 -1.76672E-02
    9814.878    143.870   6.300  2.20428E-04  2.25655E-04 -2.29041E-02
    9817.287    146.280   6.350  2.19503E-04  2.25644E-04 -2.69005E-02
    9819.716    148.709   6.400  2.18865E-04  2.25632E-04 -2.96392E-02
    9822.164    151.157   6.450  2.18508E-04  2.25621E-04 -3.11409E-02
    9824.631    153.624   6.500  2.18424E-04  2.25610E-04 -3.14489E-02
    9827.117    156.110   6.550  2.18602E-04  2.25665E-04 -3.09007E-02
    9829.622    158.615   6.600  2.19034E-04  2.25720E-04 -2.92442E-02
    9832.146    161.139   6.650  2.19700E-04  2.25775E-04 -2.65597E-02
    9834.689    163.682   6.700  2.20574E-04  2.25830E-04 -2.29736E-02
    9837.252    166.245   6.750  2.21614E-04  2.25885E-04 -1.86605E-02
    9839.833    168.826   6.800  2.22773E-04  2.25940E-04 -1.38362E-02
    9842.433    171.426   6.850  2.23994E-04  2.25995E-04 -8.74100E-03
    9845.053    174.045   6.900  2.25222E-04  2.26051E-04 -3.61834E-03
    9847.691    176.684   6.950  2.26405E-04  2.26106E-04  1.30720E-03
    9850.348    179.341   7.000  2.27501E-04  2.26161E-04  5.84659E-03
    9853.025    182.018   7.050  2.28362E-04  2.26075E-04  9.98081E-03
    9855.721    184.713   7.100  2.29079E-04  2.25990E-04  1.34924E-02
    9858.435    187.428   7.150  2.29636E-04  2.25904E-04  1.63088E-02
    9861.169    190.162   7.200  2.30025E-04  2.25819E-04  1.83938E-02
    9863.922    192.914   7.250  2.30244E-04  2.25733E-04  1.97382E-02
    9866.693    195.686   7.300  2.30296E-04  2.25648E-04  2.03517E-02
    9869.484    198.477   7.350  2.30186E-04  2.25562E-04  2.02580E-02
    9872.294    201.287   7.400  2.29923E-04  2.25477E-04  1.94936E-02
    9875.123    204.116   7.450  2.29519E-04  2.25391E-04  1.81083E-02
    9877.971    206.964   7.500  2.28988E-04  2.25306E-04  1.61666E-02
    9880.838    209.831   7.550  2.28155E-04  2.25028E-04  1.37456E-02
    9883.724    212.717   7.600  2.27238E-04  2.24751E-04  1.09499E-02
    9886.629    215.622   7.650  2.26262E-04  2.24474E-04  7.88390E-03
    9889.553    218.546   7.700  2.25250E-04  2.24197E-04  4.65277E-03
    9892.496    221.489   7.750  2.24227E-04  2.23920E-04  1.35993E-03
    9895.459    224.452   7.800  2.23216E-04  2.23643E-04 -1.89381E-03
    9898.440    227.433   7.850  2.22237E-04  2.23366E-04 -5.01012E-03
    9901.440    230.433   7.900  2.21314E-04  2.23089E-04 -7.89269E-03
    9904.460    233.453   7.950  2.20466E-04  2.22812E-04 -1.04474E-02
    9907.498    236.491   8.000  2.19714E-04  2.22534E-04 -1.25840E-02
    9910.556    239.549   8.050  2.19023E-04  2.22211E-04 -1.42464E-02
    9913.632    242.625   8.100  2.18458E-04  2.21887E-04 -1.53548E-02
    9916.728    245.721   8.150  2.18028E-04  2.21563E-04 -1.58580E-02
    9919.843    248.835   8.200  2.17740E-04  2.21239E-04 -1.57254E-02
    9922.976    251.969   8.250  2.17594E-04  2.20915E-04 -1.49530E-02
    9926.129    255.122   8.300  2.17583E-04  2.20591E-04 -1.35661E-02
    9929.301    258.294   8.350  2.17695E-04  2.20268E-04 -1.16220E-02
    9932.492    261.485   8.400  2.17909E-04  2.19944E-04 -9.20831E-03
    9935.702    264.695   8.450  2.18199E-04  2.19620E-04 -6.44049E-03
    9938.931    267.923   8.500  2.18535E-04  2.19296E-04 -3.45605E-03
    9942.179    271.171   8.550  2.18986E-04  2.19074E-04 -4.00683E-04
    9945.446    274.439   8.600  2.19422E-04  2.18851E-04  2.59674E-03
    9948.732    277.725   8.650  2.19810E-04  2.18629E-04  5.38377E-03
    9952.037    281.030   8.700  2.20121E-04  2.18407E-04  7.81964E-03
    9955.361    284.354   8.750  2.20327E-04  2.18184E-04  9.78542E-03
    9958.704    287.697   8.800  2.20409E-04  2.17962E-04  1.11931E-02
    9962.067    291.060   8.850  2.20359E-04  2.17740E-04  1.19925E-02
    9965.448    294.441   8.900  2.20173E-04  2.17517E-04  1.21750E-02
    9968.849    297.841   8.950  2.19860E-04  2.17295E-04  1.17726E-02
    9972.268    301.261   9.000  2.19435E-04  2.17073E-04  1.08533E-02
    9975.706    304.699   9.050  2.19040E-04  2.16957E-04  9.57796E-03
    9979.164    308.157   9.100  2.18573E-04  2.16842E-04  7.96522E-03
    9982.641    311.634   9.150  2.18057E-04  2.16726E-04  6.12401E-03
    9986.136    315.129   9.200  2.17514E-04  2.16611E-04  4.16014E-03
    9989.651    318.644   9.250  2.16966E-04  2.16496E-04  2.16879E-03
    9993.185    322.178   9.300  2.16430E-04  2.16380E-04  2.30425E-04
    9996.738    325.730   9.350  2.15920E-04  2.16265E-04 -1.58981E-03
   10000.309    329.302   9.400  2.15448E-04  2.16149E-04 -3.24009E-03
   10003.900    332.893   9.450  2.15021E-04  2.16034E-04 -4.67861E-03
   10007.510    336.503   9.500  2.14649E-04  2.15918E-04 -5.87049E-03
   10011.139    340.132   9.550  2.14309E-04  2.15786E-04 -6.83526E-03
   10014.787    343.780   9.600  2.14033E-04  2.15653E-04 -7.50551E-03
   10018.455    347.447   9.650  2.13825E-04  2.15521E-04 -7.85926E-03
   10022.141    351.134   9.700  2.13688E-04  2.15388E-04 -7.88481E-03
   10025.846    354.839   9.750  2.13622E-04  2.15256E-04 -7.58402E-03
   10029.570    358.563   9.800  2.13621E-04  2.15123E-04 -6.97474E-03
   10033.313    362.306   9.850  2.13680E-04  2.14991E-04 -6.09135E-03
   10037.076    366.069   9.900  2.13787E-04  2.14858E-04 -4.98316E-03
   10040.857    369.850   9.950  2.13928E-04  2.14726E-04 -3.71086E-03
   10044.658    373.651  10.000  2.14090E-04  2.14593E-04 -2.34164E-03
   10048.477    377.470  10.050  2.14134E-04  2.14336E-04 -9.42450E-04
   10052.316    381.309  10.100  2.14172E-04  2.14079E-04  4.34045E-04
   10056.173    385.166  10.150  2.14192E-04  2.13822E-04  1.72904E-03
   10060.050    389.043  10.200  2.14183E-04  2.13566E-04  2.89228E-03
   10063.946    392.939  10.250  2.14137E-04  2.13309E-04  3.88360E-03
   10067.860    396.853  10.300  2.14048E-04  2.13052E-04  4.67333E-03
   10071.794    400.787  10.350  2.13911E-04  2.12795E-04  5.24198E-03
   10075.747    404.740  10.400  2.13724E-04  2.12538E-04  5.57949E-03
   10079.719    408.712  10.450  2.13488E-04  2.12281E-04  5.68432E-03
   10083.710    412.703  10.500  2.13204E-04  2.12024E-04  5.56272E-03
   10087.720    416.713  10.550  2.12875E-04  2.11767E-04  5.22810E-03
   10091.749    420.742  10.600  2.12505E-04  2.11511E-04  4.70061E-03
   10095.797    424.790  10.650  2.12100E-04  2.11254E-04  4.00662E-03
   10099.864    428.857  10.700  2.11667E-04  2.10997E-04  3.17816E-03
   10103.951    432.943  10.750  2.11214E-04  2.10740E-04  2.25203E-03
   10108.056    437.049  10.800  2.10750E-04  2.10483E-04  1.26863E-03
   10112.180    441.173  10.850  2.10283E-04  2.10226E-04  2.70368E-04
   10116.323    445.316  10.900  2.09822E-04  2.09969E-04 -7.00187E-04
   10120.486    449.479  10.950  2.09377E-04  2.09713E-04 -1.60234E-03
   10124.667    453.660  11.000  2.08953E-04  2.09456E-04 -2.39932E-03
   10128.868    457.861  11.050  2.08597E-04  2.09243E-04 -3.08999E-03
   10133.087    462.080  11.100  2.08272E-04  2.09031E-04 -3.63013E-03
   10137.326    466.319  11.150  2.07983E-04  2.08819E-04 -4.00009E-03
   10141.584    470.577  11.200  2.07732E-04  2.08606E-04 -4.18853E-03
   10145.860    474.853  11.250  2.07520E-04  2.08394E-04 -4.19282E-03
   10150.156    479.149  11.300  2.07345E-04  2.08182E-04 -4.01887E-03
   10154.471    483.464  11.350  2.07203E-04  2.07969E-04 -3.68046E-03
   10158.805    487.798  11.400  2.07092E-04  2.07757E-04 -3.19810E-03
   10163.158    492.151  11.450  2.07005E-04  2.07544E-04 -2.59776E-03
   10167.530    496.523  11.500  2.06936E-04  2.07332E-04 -1.90940E-03
   10171.921    500.914  11.550  2.06878E-04  2.07120E-04 -1.16549E-03
   10176.331    505.324  11.600  2.06825E-04  2.06907E-04 -3.99672E-04
   10180.760    509.753  11.650  2.06768E-04  2.06695E-04  3.54557E-04
   10185.208    514.201  11.700  2.06703E-04  2.06483E-04  1.06511E-03
   10189.675    518.668  11.750  2.06622E-04  2.06270E-04  1.70255E-03
   10194.161    523.154  11.800  2.06521E-04  2.06058E-04  2.24130E-03
   10198.667    527.660  11.850  2.06394E-04  2.05846E-04  2.66075E-03
   10203.191    532.184  11.900  2.06240E-04  2.05633E-04  2.94633E-03
   10207.735    536.727  11.950  2.06057E-04  2.05421E-04  3.09015E-03
   10212.297    541.290  12.000  2.05844E-04  2.05209E-04  3.09140E-03
   10216.878    545.871  12.050  2.05604E-04  2.04989E-04  2.99309E-03
   10221.479    550.472  12.100  2.05335E-04  2.04769E-04  2.75963E-03
   10226.099    555.092  12.150  2.05042E-04  2.04549E-04  2.40445E-03
   10230.737    559.730  12.200  2.04728E-04  2.04329E-04  1.94746E-03
   10235.395    564.388  12.250  2.04398E-04  2.04109E-04  1.41372E-03
   10240.072    569.065  12.300  2.04059E-04  2.03889E-04  8.31745E-04
   10244.768    573.760  12.350  2.03717E-04  2.03670E-04  2.31562E-04
   10249.482    578.475  12.400  2.03377E-04  2.03450E-04 -3.57221E-04
   10254.216    583.209  12.450  2.03045E-04  2.03230E-04 -9.07059E-04
   10258.969    587.962  12.500  2.02726E-04  2.03010E-04 -1.39375E-03
   10263.741    592.734  12.550  2.02425E-04  2.02790E-04 -1.79732E-03
   10268.532    597.525  12.600  2.02143E-04  2.02570E-04 -2.10262E-03
   10273.342    602.335  12.650  2.01884E-04  2.02350E-04 -2.29962E-03
   10278.172    607.164  12.700  2.01647E-04  2.02130E-04 -2.38370E-03
   10283.020    612.013  12.750  2.01434E-04  2.01911E-04 -2.35568E-03
   10287.887    616.880  12.800  2.01241E-04  2.01691E-04 -2.22180E-03
   10292.773    621.766  12.850  2.01068E-04  2.01471E-04 -1.99334E-03
   10297.679    626.672  12.900  2.00911E-04  2.01251E-04 -1.68595E-03
   10302.603    631.596  12.950  2.00765E-04  2.01031E-04 -1.31859E-03
   10307.547    636.539  13.000  2.00628E-04  2.00811E-04 -9.12148E-04
   10312.509    641.502  13.050  2.00419E-04  2.00519E-04 -4.93377E-04
   10317.491    646.484  13.100  2.00212E-04  2.00226E-04 -7.11816E-05
   10322.491    651.484  13.150  2.00001E-04  1.99933E-04  3.35948E-04
   10327.511    656.504  13.200  1.99783E-04  1.99641E-04  7.11252E-04
   10332.550    661.542  13.250  1.99556E-04  1.99348E-04  1.04029E-03
   10337.607    666.600  13.300  1.99317E-04  1.99055E-04  1.31133E-03
   10342.684    671.677  13.350  1.99065E-04  1.98763E-04  1.51562E-03
   10347.780    676.773  13.400  1.98798E-04  1.98470E-04  1.64750E-03
   10352.895    681.888  13.450  1.98516E-04  1.98177E-04  1.70443E-03
   10358.029    687.022  13.500  1.98219E-04  1.97885E-04  1.68694E-03
   10363.182    692.175  13.550  1.97909E-04  1.97592E-04  1.59861E-03
   10368.354    697.347  13.600  1.97585E-04  1.97299E-04  1.44588E-03
   10373.545    702.538  13.650  1.97251E-04  1.97007E-04  1.23773E-03
   10378.755    707.748  13.700  1.96908E-04  1.96714E-04  9.85344E-04
   10383.984    712.977  13.750  1.96559E-04  1.96421E-04  7.01502E-04
   10389.233    718.226  13.800  1.96207E-04  1.96129E-04  3.99923E-04
   10394.500    723.493  13.850  1.95855E-04  1.95836E-04  9.45580E-05
   10399.786    728.779  13.900  1.95504E-04  1.95543E-04 -2.01096E-04
   10405.092    734.085  13.950  1.95158E-04  1.95251E-04 -4.74590E-04
   10410.416    739.409  14.000  1.94818E-04  1.94958E-04 -7.15001E-04
   10415.760    744.753  14.050  1.94547E-04  1.94728E-04 -9.25912E-04
   10421.122    750.115  14.100  1.94286E-04  1.94498E-04 -1.08951E-03
   10426.504    755.497  14.150  1.94035E-04  1.94268E-04 -1.19953E-03
   10431.904    760.897  14.200  1.93795E-04  1.94038E-04 -1.25250E-03
   10437.324    766.317  14.250  1.93566E-04  1.93808E-04 -1.24795E-03
   10442.763    771.756  14.300  1.93348E-04  1.93578E-04 -1.18831E-03
   10448.221    777.214  14.350  1.93139E-04  1.93348E-04 -1.07867E-03
   10453.698    782.690  14.400  1.92939E-04  1.93118E-04 -9.26228E-04
   10459.193    788.186  14.450  1.92745E-04  1.92888E-04 -7.39712E-04
   10464.708    793.701  14.500  1.92556E-04  1.92658E-04 -5.28688E-04
   10470.242    799.235  14.550  1.92370E-04  1.92428E-04 -3.03010E-04
   10475.795    804.788  14.600  1.92184E-04  1.92198E-04 -7.24079E-05
   10481.368    810.360  14.650  1.91998E-04  1.91968E-04  1.53772E-04
   10486.959    815.952  14.700  1.91809E-04  1.91738E-04  3.66721E-04
   10492.569    821.562  14.750  1.91616E-04  1.91508E-04  5.58299E-04
   10498.198    827.191  14.800  1.91417E-04  1.91279E-04  7.21213E-04
   10503.846    832.839  14.850  1.91211E-04  1.91049E-04  8.49257E-04
   10509.514    838.507  14.900  1.90998E-04  1.90819E-04  9.37595E-04
   10515.200    844.193  14.950  1.90777E-04  1.90589E-04  9.83030E-04
   10520.906    849.899  15.000  1.90547E-04  1.90359E-04  9.84188E-04
   10526.630    855.623  15.050  1.90246E-04  1.90065E-04  9.48434E-04
   10532.374    861.367  15.100  1.89938E-04  1.89772E-04  8.71088E-04
   10538.136    867.129  15.150  1.89623E-04  1.89479E-04  7.55354E-04
   10543.918    872.911  15.200  1.89301E-04  1.89186E-04  6.06502E-04
   10549.719    878.712  15.250  1.88974E-04  1.88893E-04  4.31732E-04
   10555.538    884.531  15.300  1.88645E-04  1.88599E-04  2.39866E-04
   10561.377    890.370  15.350  1.88314E-04  1.88306E-04  4.08587E-05
   10567.235    896.228  15.400  1.87984E-04  1.88013E-04 -1.54848E-04
   10573.112    902.105  15.450  1.87656E-04  1.87720E-04 -3.37062E-04
   10579.008    908.001  15.500  1.87333E-04  1.87427E-04 -4.96589E-04
   10584.923    913.916  15.550  1.87016E-04  1.87133E-04 -6.25913E-04
   10590.857    919.850  15.600  1.86705E-04  1.86840E-04 -7.19693E-04
   10596.810    925.803  15.650  1.86402E-04  1.86547E-04 -7.75037E-04
   10602.782    931.775  15.700  1.86106E-04  1.86254E-04 -7.91517E-04
   10608.773    937.766  15.750  1.85817E-04  1.85961E-04 -7.70957E-04
   10614.784    943.777  15.800  1.85534E-04  1.85667E-04 -7.17041E-04
   10620.813    949.806  15.850  1.85256E-04  1.85374E-04 -6.34824E-04
   10626.861    955.854  15.900  1.84983E-04  1.85081E-04 -5.30225E-04
   10632.929    961.922  15.950  1.84712E-04  1.84788E-04 -4.09555E-04
   10639.015    968.008  16.000  1.84443E-04  1.84495E-04 -2.79119E-04
   10645.121    974.114  16.050  1.84188E-04  1.84216E-04 -1.48472E-04
   10651.245    980.238  16.100  1.83934E-04  1.83937E-04 -1.82096E-05
   10657.389    986.382  16.150  1.83678E-04  1.83658E-04  1.07245E-04
   10663.551    992.544  16.200  1.83421E-04  1.83379E-04  2.23878E-04
   10669.733    998.726  16.250  1.83161E-04  1.83101E-04  3.28042E-04
   10675.934   1004.927  16.300  1.82898E-04  1.82822E-04  4.16440E-04
   10682.154   1011.147  16.350  1.82632E-04  1.82543E-04  4.86159E-04
   10688.393   1017.385  16.400  1.82362E-04  1.82264E-04  5.34774E-04
   10694.650   1023.643  16.450  1.82088E-04  1.81985E-04  5.60502E-04
   10700.927   1029.920  16.500  1.81809E-04  1.81707E-04  5.62394E-04
   10707.223   1036.216  16.550  1.81526E-04  1.81428E-04  5.40512E-04
   10713.538   1042.531  16.600  1.81239E-04  1.81149E-04  4.96066E-04
   10719.873   1048.865  16.650  1.80948E-04  1.80870E-04  4.31450E-04
   10726.226   1055.219  16.700  1.80655E-04  1.80591E-04  3.50173E-04
   10732.598   1061.591  16.750  1.80359E-04  1.80312E-04  2.56666E-04
   10738.989   1067.982  16.800  1.80062E-04  1.80034E-04  1.55987E-04
   10745.399   1074.392  16.850  1.79764E-04  1.79755E-04  5.34554E-05
   10751.829   1080.822  16.900  1.79468E-04  1.79476E-04 -4.57364E-05
   10758.277   1087.270  16.950  1.79173E-04  1.79197E-04 -1.36900E-04
   10764.745   1093.738  17.000  1.78880E-04  1.78918E-04 -2.16159E-04
   10771.231   1100.224  17.050  1.78593E-04  1.78643E-04 -2.83771E-04
   10777.737   1106.730  17.100  1.78309E-04  1.78369E-04 -3.35082E-04
   10784.261   1113.254  17.150  1.78028E-04  1.78094E-04 -3.69099E-04
   10790.805   1119.798  17.200  1.77750E-04  1.77819E-04 -3.85787E-04
   10797.368   1126.361  17.250  1.77475E-04  1.77544E-04 -3.85895E-04
   10803.949   1132.942  17.300  1.77203E-04  1.77269E-04 -3.70737E-04
   10810.550   1139.543  17.350  1.76933E-04  1.76994E-04 -3.41998E-04
   10817.170   1146.163  17.400  1.76666E-04  1.76719E-04 -3.01581E-04
   10823.809   1152.802  17.450  1.76400E-04  1.76444E-04 -2.51507E-04
   10830.467   1159.460  17.500  1.76135E-04  1.76169E-04 -1.93884E-04
   10837.144   1166.137  17.550  1.75871E-04  1.75894E-04 -1.30915E-04
   10843.840   1172.833  17.600  1.75608E-04  1.75619E-04 -6.49295E-05
   10850.555   1179.548  17.650  1.75345E-04  1.75344E-04  1.60274E-06
   10857.289   1186.282  17.700  1.75081E-04  1.75069E-04  6.60829E-05
   10864.042   1193.035  17.750  1.74817E-04  1.74794E-04  1.25853E-04
   10870.815   1199.808  17.800  1.74551E-04  1.74520E-04  1.78321E-04
   10877.606   1206.599  17.850  1.74283E-04  1.74245E-04  2.21123E-04
   10884.416   1213.409  17.900  1.74014E-04  1.73970E-04  2.52318E-04
   10891.246   1220.239  17.950  1.73742E-04  1.73695E-04  2.70568E-04
   10898.094   1227.087  18.000  1.73468E-04  1.73420E-04  2.75284E-04
   10904.962   1233.954  18.050  1.73158E-04  1.73111E-04  2.70370E-04
   10911.848   1240.841  18.100  1.72846E-04  1.72802E-04  2.53044E-04
   10918.754   1247.747  18.150  1.72532E-04  1.72493E-04  2.24594E-04
   10925.678   1254.671  18.200  1.72217E-04  1.72184E-04  1.86944E-04
   10932.622   1261.615  18.250  1.71900E-04  1.71876E-04  1.42482E-04
   10939.585   1268.578  18.300  1.71583E-04  1.71567E-04  9.38466E-05
   10946.567   1275.560  18.350  1.71265E-04  1.71258E-04  4.37056E-05
   10953.567   1282.560  18.400  1.70948E-04  1.70949E-04 -5.43672E-06
   10960.587   1289.580  18.450  1.70631E-04  1.70640E-04 -5.13924E-05
   10967.626   1296.619  18.500  1.70316E-04  1.70331E-04 -9.23821E-05
   10974.684   1303.677  18.550  1.70001E-04  1.70023E-04 -1.27067E-04
   10981.761   1310.754  18.600  1.69687E-04  1.69714E-04 -1.54531E-04
   10988.857   1317.850  18.650  1.69375E-04  1.69405E-04 -1.74227E-04
   10995.973   1324.965  18.700  1.69065E-04  1.69096E-04 -1.85915E-04
   11003.107   1332.100  18.750  1.68755E-04  1.68787E-04 -1.89601E-04
   11010.260   1339.253  18.800  1.68447E-04  1.68478E-04 -1.85507E-04
   11017.432   1346.425  18.850  1.68140E-04  1.68169E-04 -1.74056E-04
   11024.624   1353.617  18.900  1.67834E-04  1.67861E-04 -1.55889E-04
   11031.834   1360.827  18.950  1.67530E-04  1.67552E-04 -1.31887E-04
   11039.064   1368.056  19.000  1.67226E-04  1.67243E-04 -1.03189E-04
   11046.312   1375.305  19.050  1.66956E-04  1.66968E-04 -7.22943E-05
   11053.580   1382.572  19.100  1.66687E-04  1.66693E-04 -3.90354E-05
   11060.866   1389.859  19.150  1.66418E-04  1.66418E-04 -5.01207E-06
   11068.172   1397.165  19.200  1.66148E-04  1.66144E-04  2.80914E-05
   11075.497   1404.489  19.250  1.65878E-04  1.65869E-04  5.86216E-05
   11082.840   1411.833  19.300  1.65608E-04  1.65594E-04  8.50798E-05
   11090.203   1419.196  19.350  1.65337E-04  1.65319E-04  1.06239E-04
   11097.585   1426.578  19.400  1.65064E-04  1.65044E-04  1.21235E-04
   11104.986   1433.979  19.450  1.64791E-04  1.64769E-04  1.29626E-04
   11112.406   1441.399  19.500  1.64516E-04  1.64495E-04  1.31405E-04
   11119.845   1448.838  19.550  1.64241E-04  1.64220E-04  1.26970E-04
   11127.303   1456.296  19.600  1.63964E-04  1.63945E-04  1.17063E-04
   11134.780   1463.773  19.650  1.63687E-04  1.63670E-04  1.02678E-04
   11142.276   1471.269  19.700  1.63409E-04  1.63395E-04  8.49589E-05
   11149.791   1478.784  19.750  1.63131E-04  1.63121E-04  6.51009E-05
   11157.325   1486.318  19.800  1.62853E-04  1.62846E-04  4.42610E-05
   11164.879   1493.872  19.850  1.62575E-04  1.62571E-04  2.34902E-05
   11172.451   1501.444  19.900  1.62297E-04  1.62296E-04  3.68872E-06
   11180.042   1509.035  19.950  1.62019E-04  1.62021E-04 -1.44151E-05
   11187.653   1516.646  20.000  1.61742E-04  1.61746E-04 -3.02677E-05
