# # Once                                                         FEFF 10.0.0 
# # POT  SCF 100  9.0000   0, NO core-hole, FOLP (folp(0)= 1.150)
# # Abs   Z=30 Rmt= 1.376 Rnm= 1.519 K  shell
# #   RGRID 0.0100
# # Pot 1 Z= 6 Rmt= 0.899 Rnm= 1.121
# # Pot 2 Z= 6 Rmt= 0.929 Rnm= 1.164
# # Pot 3 Z= 1 Rmt= 0.557 Rnm= 0.934
# # Pot 4 Z=16 Rmt= 1.256 Rnm= 1.476
# # Gam_ch=1.897E+00 H-L exch Vi=-5.000E-01 Vr= 0.000E+00
# # Mu=-7.314E+00eV kf=2.004E+00 Vint=-1.347E+01eV Rs_int= 1.809
# # PATH  Rmax= 9.000,  Keep_limit= 0.00, Heap_limit 0.00  Pwcrit= 2.50%
#  S02=1.000  Temp=  10.00  Debye_temp= 315.00  Global_sig2= 0.00000
#  Energy zero shift, vr, vi    0.00000E+00   0.00000E+00
#  Curved wave amplitude ratio filter   4.000%
#     file         sig2 tot  cw amp ratio   deg  nlegs   reff  inp sig2
#           1       0.00295    100.00      1.00     2   2.3539
#           2       0.00303     99.46      1.00     2   2.3591
#           3       0.00299     99.41      1.00     2   2.3596
#           4       0.00302     99.19      1.00     2   2.3619
#           5       0.02498     13.99      1.00     2   3.0540
#           6       0.02810     13.44      1.00     2   3.1051
#           7       0.02584     13.12      1.00     2   3.1356
#           8       0.00572     47.02      1.00     2   3.1727
#           9       0.00559     45.51      1.00     2   3.2151
#          10       0.02458     12.21      1.00     2   3.2304
#          11       0.02596     12.14      1.00     2   3.2372
#          12       0.02466     11.91      1.00     2   3.2636
#          13       0.00640     41.86      1.00     2   3.3253
#          14       0.00572     41.58      1.00     2   3.3346
#          15       0.00398     49.19      2.00     3   3.6792
#          16       0.00395     49.22      2.00     3   3.6958
#          17       0.01214     13.58      2.00     3   3.7009
#          18       0.01213     18.12      2.00     3   3.7399
#          19       0.01246     11.83      2.00     3   3.7515
#          20       0.00429     47.91      2.00     3   3.7544
#          21       0.01389     16.32      2.00     3   3.7618
#          22       0.00411     47.53      2.00     3   3.7622
#          23       0.01195     12.07      2.00     3   3.7695
#          24       0.03738      8.31      1.00     2   3.7806
#          25       0.01202     11.60      2.00     3   3.7856
#          26       0.01582      8.79      2.00     3   3.9073
#          27       0.01652      8.62      2.00     3   3.9374
#          28       0.01497      8.61      2.00     3   3.9486
#          29       0.01470      8.37      2.00     3   3.9989
#          30       0.01493      8.35      2.00     3   4.0030
#          31       0.01474      8.37      2.00     3   4.0098
#          32       0.04040      7.18      1.00     2   4.0106
#          33       0.01900      4.85      2.00     3   4.0640
#          34       0.01870      4.68      2.00     3   4.1229
#          35       0.01690      6.70      1.00     2   4.1237
#          36       0.01050     24.18      1.00     2   4.1348
#          37       0.02166     10.40      1.00     4   4.1453
#          38       0.00927      4.92      2.00     4   4.1675
#          39       0.00445     18.31      1.00     4   4.1764
#          40       0.00450     15.74      1.00     4   4.1836
#          41       0.01614      6.45      1.00     2   4.1861
#          42       0.00442     18.91      1.00     4   4.1856
#          43       0.00452     15.44      1.00     4   4.1897
#          44       0.01027      4.14      2.00     4   4.1909
#          45       0.02551      9.85      1.00     4   4.1982
#          48       0.00431     10.84      2.00     3   4.2171
#          49       0.01780      9.32      1.00     4   4.2290
#          53       0.00420     11.65      2.00     3   4.2725
#          54       0.01192     20.90      2.00     3   4.2757
#          55       0.01081     22.15      1.00     2   4.2782
#          56       0.00425     11.80      2.00     3   4.2795
#          57       0.01681      5.97      2.00     4   4.2796
#          58       0.00411     11.78      2.00     3   4.2822
#          59       0.01235     22.87      2.00     3   4.3024
#          60       0.00438     12.39      2.00     3   4.3160
#          61       0.01793      8.61      1.00     4   4.3239
#          62       0.01838      8.51      1.00     4   4.3302
#          63       0.00446     12.89      2.00     3   4.3334
#          64       0.01664      5.69      2.00     4   4.3400
#          66       0.01801      8.38      1.00     4   4.3561
#          67       0.01144     22.42      1.00     4   4.4186
#          68       0.01067     18.04      1.00     4   4.4277
#          69       0.01279      9.49      2.00     3   4.4432
#          70       0.01850      4.16      2.00     3   4.4718
#          71       0.01264     10.20      2.00     3   4.4731
#          72       0.00618     21.81      2.00     3   4.4873
#          73       0.02008     10.97      2.00     3   4.5040
#          74       0.01954      4.06      2.00     3   4.5243
#          75       0.00580     24.93      2.00     3   4.5648
#          76       0.00960     20.10      2.00     4   4.5893
#          77       0.00943     16.50      2.00     4   4.5952
#          78       0.00549     18.10      1.00     2   4.6242
#          79       0.01587      7.29      2.00     4   4.6237
#          80       0.00577     18.64      2.00     3   4.6385
#          81       0.01736      8.01      2.00     4   4.6406
#          82       0.00532     17.81      1.00     2   4.6532
#          83       0.00565     66.38      2.00     3   4.6557
#          84       0.01951      5.20      2.00     4   4.6810
#          85       0.00751      6.11      2.00     3   4.6835
#          86       0.00621     70.75      1.00     4   4.6873
#          87       0.00757      6.05      2.00     3   4.6897
#          88       0.00548     63.45      2.00     3   4.6904
#          89       0.02182      8.41      2.00     3   4.6911
#          90       0.01215      7.23      2.00     3   4.6955
#          91       0.02453      4.79      2.00     3   4.6999
#          92       0.02772      4.81      1.00     2   4.7010
#          93       0.01016     15.25      2.00     4   4.7033
#          94       0.00590     10.86      1.00     4   4.7078
#          95       0.00475      4.06      2.00     4   4.7131
#          97       0.00456      4.06      2.00     4   4.7158
#          98       0.00607     10.74      1.00     4   4.7183
#         100       0.00599     10.73      1.00     4   4.7193
#         101       0.00471      5.70      2.00     4   4.7210
#         102       0.00478      4.99      2.00     4   4.7215
#         103       0.00585     18.91      2.00     3   4.7225
#         104       0.00604     10.68      1.00     4   4.7237
#         105       0.00606     67.09      1.00     4   4.7276
#         106       0.01016     16.69      2.00     4   4.7315
#         107       0.01074      7.98      2.00     3   4.7372
#         108       0.02103      4.85      2.00     4   4.7388
#         110       0.01404      4.34      1.00     4   4.7600
#         117       0.01767     10.56      2.00     5   4.8330
#         118       0.00657      8.39      1.00     4   4.8397
#         119       0.01547      9.56      2.00     5   4.8444
#         120       0.00946     36.10      2.00     5   4.8477
#         121       0.00626     14.75      1.00     4   4.8514
#         122       0.01960     11.02      2.00     5   4.8551
#         123       0.00927     29.29      2.00     5   4.8553
#         124       0.01210      8.75      2.00     4   4.8565
#         125       0.02578      4.41      1.00     2   4.8624
#         126       0.01458      9.55      2.00     5   4.8631
#         127       0.03893      6.30      1.00     4   4.8732
#         128       0.01494      9.32      2.00     5   4.8781
#         129       0.00478     26.12      2.00     3   4.8850
#         130       0.00474     28.28      2.00     3   4.8893
#         131       0.00450     52.57      2.00     4   4.9165
#         132       0.00530      9.96      2.00     4   4.9164
#         133       0.01249      7.85      2.00     4   4.9237
#         134       0.00444     54.41      2.00     4   4.9265
#         135       0.00909      8.07      2.00     3   4.9572
#         136       0.01791     10.23      2.00     3   4.9644
#         137       0.02168      4.18      1.00     2   4.9688
#         138       0.01153      8.55      2.00     4   4.9701
#         139       0.00691      4.99      2.00     3   4.9720
#         140       0.01218      9.26      2.00     4   4.9777
#         141       0.01959      4.14      1.00     2   4.9886
#         142       0.00964     19.29      2.00     4   4.9888
#         143       0.00507      9.58      2.00     4   4.9909
#         144       0.00551     14.16      2.00     4   4.9923
#         145       0.00618      8.17      1.00     4   4.9988
#         146       0.01446      4.15      2.00     5   5.0006
#         147       0.02118      4.11      1.00     2   5.0017
#         148       0.00893      7.35      2.00     3   5.0059
#         149       0.00777      4.72      2.00     3   5.0078
#         150       0.00486     13.23      2.00     4   5.0091
#         152       0.00877      7.49      2.00     3   5.0153
#         153       0.02313      6.68      2.00     3   5.0176
#         155       0.00961     15.90      2.00     5   5.0184
#         156       0.00958     12.79      2.00     5   5.0228
#         157       0.01284     10.06      2.00     4   5.0238
#         158       0.01538      4.20      2.00     5   5.0258
#         159       0.02055      4.05      1.00     2   5.0285
#         160       0.02025      4.05      1.00     2   5.0306
#         161       0.00862      7.20      2.00     3   5.0361
#         162       0.00995     18.67      2.00     4   5.0374
#         163       0.00648      8.25      1.00     4   5.0376
#         164       0.01514      8.23      2.00     4   5.0479
#         165       0.00953     18.25      2.00     4   5.0526
#         166       0.00957     18.03      2.00     4   5.0733
#         167       0.01588      5.98      2.00     3   5.0928
#         169       0.04888      5.38      1.00     4   5.1040
#         170       0.01499     14.49      2.00     3   5.1097
#         171       0.02286      7.60      2.00     3   5.1157
#         172       0.01718      9.77      2.00     3   5.1169
#         173       0.00528     13.97      1.00     4   5.1253
#         176       0.00531     11.66      1.00     4   5.1458
#         177       0.00706      8.18      1.00     4   5.1497
#         178       0.01660      8.70      2.00     3   5.1517
#         179       0.02129      8.94      2.00     3   5.1615
#         180       0.00467     38.10      2.00     4   5.1622
#         181       0.00661      8.11      1.00     4   5.1625
#         182       0.00561      4.01      1.00     4   5.1667
#         183       0.02126      9.64      2.00     3   5.1696
#         184       0.00461     39.18      2.00     4   5.1710
#         185       0.02129     10.18      2.00     3   5.1778
#         186       0.01567      6.58      2.00     3   5.1822
#         187       0.01620      9.07      2.00     3   5.1832
#         188       0.01284     10.93      2.00     4   5.1839
#         189       0.01630      8.45      2.00     3   5.1891
#         190       0.02111      9.65      2.00     3   5.1935
#         191       0.00484     87.82      2.00     5   5.1937
#         192       0.01615      8.62      2.00     3   5.2019
#         193       0.00479     88.28      2.00     5   5.2083
#         194       0.01335     27.25      2.00     5   5.2154
#         195       0.01608      6.01      1.00     4   5.2278
#         196       0.01339     13.97      1.00     4   5.2307
#         197       0.01276     10.39      2.00     4   5.2345
#         198       0.01440     13.07      2.00     3   5.2384
#         199       0.01471      7.28      2.00     3   5.2398
#         200       0.01250     10.26      2.00     4   5.2448
#         201       0.01194     13.04      2.00     5   5.2567
#         203       0.01241     10.35      2.00     4   5.2609
#         204       0.01686      7.73      2.00     6   5.2606
#         205       0.01344     26.58      2.00     5   5.2660
#         206       0.02002      4.93      2.00     4   5.2681
#         207       0.00547     15.92      2.00     5   5.2688
#         209       0.02760      4.64      2.00     3   5.2698
#         211       0.01290     10.92      2.00     5   5.2762
#         212       0.00954      5.88      1.00     6   5.2767
#         213       0.00989     15.74      1.00     6   5.2768
#         214       0.00554     25.73      2.00     5   5.2789
#         217       0.00915      6.70      1.00     6   5.2810
#         218       0.01242      8.45      2.00     4   5.2810
#         219       0.01305     25.72      2.00     5   5.2820
#         220       0.00964     12.71      1.00     6   5.2828
#         222       0.01795      7.96      2.00     6   5.2842
#         223       0.01189      8.10      2.00     5   5.2856
#         225       0.01304     26.19      2.00     5   5.2981
#         226       0.01454      7.81      2.00     3   5.3004
#         229       0.02154      5.24      2.00     4   5.3076
#         230       0.00667      6.76      2.00     3   5.3090
#         231       0.01284      8.65      2.00     4   5.3169
#         233       0.02013      4.70      2.00     4   5.3225
#         234       0.01544     11.12      2.00     3   5.3265
#         235       0.02400      7.35      1.00     4   5.3271
#         236       0.02301      5.11      2.00     4   5.3327
#         238       0.01473      9.43      1.00     4   5.3342
#         239       0.01500      5.33      1.00     4   5.3347
#         241       0.01484      5.90      1.00     4   5.3358
#         242       0.02385      6.57      1.00     4   5.3375
#         243       0.01972      4.77      2.00     4   5.3408
#         245       0.01167      5.71      2.00     3   5.3431
#         247       0.01593      9.82      2.00     4   5.3445
#         248       0.01593     11.15      2.00     4   5.3461
#         249       0.01587     11.18      2.00     4   5.3512
#         252       0.01972      4.72      2.00     4   5.3516
#         253       0.02400      5.64      1.00     4   5.3542
#         254       0.02406      6.68      1.00     4   5.3564
#         255       0.01150      7.21      2.00     4   5.3562
#         256       0.01578     10.37      2.00     4   5.3570
#         259       0.01153     14.31      2.00     4   5.3609
#         262       0.02057     16.26      2.00     5   5.3688
#         263       0.01232      9.72      2.00     4   5.3702
#         264       0.01513     10.90      2.00     3   5.3716
#         265       0.01670      5.97      1.00     4   5.3714
#         266       0.02038      5.61      2.00     6   5.3726
#         267       0.04171      5.60      2.00     6   5.3730
#         268       0.01119      6.33      2.00     3   5.3740
#         269       0.01137      5.68      2.00     3   5.3741
#         270       0.01321     12.03      1.00     4   5.3736
#         271       0.01142     12.71      2.00     4   5.3747
#         272       0.01472      5.37      1.00     4   5.3754
#         273       0.01461      9.26      1.00     4   5.3759
#         274       0.01468      5.12      1.00     4   5.3764
#         276       0.01116      5.93      2.00     3   5.3875
#         278       0.02353      5.10      2.00     4   5.3917
#         280       0.00625     11.85      2.00     3   5.3936
#         281       0.02690      5.14      2.00     3   5.3959
#         282       0.02245     17.63      2.00     5   5.3956
#         283       0.01233      9.26      2.00     4   5.4035
#         284       0.01125     12.75      2.00     4   5.4056
#         285       0.01256      8.26      2.00     5   5.4052
#         286       0.00475     38.91      2.00     5   5.4071
#         287       0.01646      4.72      2.00     4   5.4094
#         288       0.01119     12.36      2.00     4   5.4113
#         289       0.02604      4.55      2.00     4   5.4131
#         290       0.02423      4.92      2.00     3   5.4147
#         291       0.01053      4.40      2.00     5   5.4144
#         292       0.00643     14.19      2.00     3   5.4192
#         293       0.01591      4.13      2.00     4   5.4194
#         294       0.00485      5.34      2.00     5   5.4200
#         295       0.00478     34.98      2.00     5   5.4230
#         296       0.01112     12.32      2.00     4   5.4247
#         297       0.01154      4.21      2.00     5   5.4274
#         298       0.01868      4.45      2.00     5   5.4291
#         299       0.02042      5.35      2.00     6   5.4325
#         300       0.03849      5.33      2.00     6   5.4335
#         301       0.01107     14.65      2.00     4   5.4356
#         302       0.01627      6.33      2.00     4   5.4355
#         303       0.01109      8.22      2.00     4   5.4367
#         304       0.00491      9.76      2.00     5   5.4366
#         305       0.01087      6.80      2.00     5   5.4447
#         306       0.01042      6.98      2.00     5   5.4514
#         307       0.00649      9.66      2.00     3   5.4564
#         308       0.01458      4.07      2.00     4   5.4614
#         309       0.01267     11.45      2.00     4   5.4621
#         310       0.02877      5.79      2.00     4   5.4647
#         311       0.01135      9.05      2.00     4   5.4643
#         312       0.01191      5.86      2.00     5   5.4770
#         313       0.00642     10.45      2.00     3   5.4783
#         315       0.01079      6.86      2.00     5   5.4809
#         317       0.02108      4.20      2.00     5   5.4844
#         319       0.01121      6.84      2.00     5   5.4952
#         320       0.02665      5.37      2.00     4   5.4975
#         321       0.01091      7.23      2.00     5   5.4970
#         322       0.01446      4.61      1.00     4   5.4976
#         324       0.00749     15.42      2.00     5   5.5052
#         325       0.01108      8.65      2.00     4   5.5059
#         326       0.02339     20.00      1.00     6   5.5119
#         327       0.02021      4.31      2.00     5   5.5169
#         328       0.00753     15.88      2.00     5   5.5182
#         329       0.01095      9.53      2.00     3   5.5189
#         330       0.02174     16.19      1.00     6   5.5208
#         331       0.01207     11.45      2.00     4   5.5250
#         333       0.01081      6.49      2.00     4   5.5261
#         334       0.01079      7.82      2.00     4   5.5266
#         335       0.01071     16.47      2.00     4   5.5267
#         336       0.01067      6.93      2.00     5   5.5269
#         340       0.00888      6.97      2.00     4   5.5324
#         341       0.02412      4.88      2.00     3   5.5340
#         342       0.02460      4.77      2.00     3   5.5341
#         343       0.00674     13.97      2.00     4   5.5346
#         344       0.01163      6.73      2.00     4   5.5359
#         345       0.01751      7.39      2.00     5   5.5363
#         346       0.01158      8.12      2.00     4   5.5368
#         347       0.01160      8.29      2.00     4   5.5369
#         348       0.01156      7.25      2.00     4   5.5420
#         350       0.01150     14.13      2.00     4   5.5504
#         351       0.01185      9.44      2.00     5   5.5516
#         352       0.01189      9.98      2.00     5   5.5540
#         353       0.01070      9.62      2.00     3   5.5578
#         354       0.01115     17.91      2.00     5   5.5576
#         355       0.01114     26.12      2.00     5   5.5582
#         356       0.01105     18.93      2.00     5   5.5582
#         357       0.01066      6.38      2.00     4   5.5614
#         358       0.01067      6.94      2.00     4   5.5610
#         359       0.01054     16.67      2.00     4   5.5621
#         360       0.01157      8.13      2.00     4   5.5635
#         361       0.01781      7.86      2.00     5   5.5663
#         363       0.01068      7.73      2.00     5   5.5678
#         364       0.01117     14.92      2.00     5   5.5674
#         365       0.01119     15.90      2.00     5   5.5684
#         366       0.00864      6.90      2.00     4   5.5690
#         367       0.00662     10.40      2.00     4   5.5743
#         368       0.01112     16.24      2.00     5   5.5740
#         371       0.01115      6.60      2.00     5   5.5775
#         372       0.02550      4.37      2.00     4   5.5784
#         373       0.00797     16.54      2.00     5   5.5788
#         374       0.01108     15.67      2.00     5   5.5792
#         375       0.01092      5.72      2.00     5   5.5799
#         376       0.01226     11.66      2.00     5   5.5803
#         377       0.01160     21.14      2.00     5   5.5806
#         378       0.01076     24.83      2.00     5   5.5832
#         379       0.01184      7.70      2.00     5   5.5862
#         380       0.01250      6.84      2.00     4   5.5879
#         382       0.02524      5.57      2.00     4   5.5895
#         383       0.00794     16.40      2.00     5   5.5900
#         384       0.01173      9.19      2.00     5   5.5917
#         385       0.01084      6.90      2.00     5   5.5920
#         386       0.01131     13.89      2.00     4   5.5950
#         387       0.01175      9.07      2.00     5   5.5953
#         388       0.02551      4.96      2.00     5   5.5970
#         389       0.01090     17.19      2.00     5   5.5987
#         390       0.01091     17.56      2.00     5   5.5982
#         391       0.02665      5.34      2.00     4   5.5991
#         392       0.01104     25.64      2.00     5   5.5993
#         393       0.02226      7.44      2.00     5   5.5999
#         394       0.01136      5.81      2.00     4   5.6039
#         397       0.01099      6.61      2.00     5   5.6081
#         398       0.01125      6.21      2.00     4   5.6102
#         399       0.00542     13.88      2.00     4   5.6124
#         400       0.01114      8.08      2.00     4   5.6133
#         402       0.00527     10.73      2.00     4   5.6214
#         404       0.01122      6.61      2.00     4   5.6236
#         405       0.01180      6.47      2.00     5   5.6335
#         406       0.01119      6.48      2.00     4   5.6348
#         407       0.00541     12.58      2.00     4   5.6355
#         408       0.00885     12.10      1.00     4   5.6492
#         410       0.01161      8.34      2.00     5   5.6568
#         411       0.01115     17.81      2.00     5   5.6579
#         412       0.01174     13.10      2.00     5   5.6580
#         413       0.01045     23.85      2.00     5   5.6602
#         414       0.01140      4.18      2.00     5   5.6670
#         415       0.01316      5.74      2.00     4   5.6690
#         416       0.01048      5.66      2.00     4   5.6750
#         418       0.01091      8.12      2.00     4   5.6826
#         419       0.01874     17.69      2.00     6   5.6826
#         420       0.01003      6.54      2.00     4   5.6845
#         421       0.01190     14.04      2.00     6   5.6843
#         422       0.00728      8.72      2.00     4   5.6849
#         423       0.01876     14.66      2.00     6   5.6883
#         424       0.00625     33.81      1.00     6   5.6889
#         426       0.00685      7.65      2.00     4   5.6938
#         428       0.00914      6.49      2.00     4   5.6965
#         429       0.00593      8.72      1.00     6   5.6980
#         430       0.00641     31.94      1.00     6   5.7002
#         431       0.01419     15.26      2.00     5   5.7041
#         432       0.01235     12.75      2.00     6   5.7053
#         433       0.00619     12.22      1.00     6   5.7065
#         435       0.01458      4.78      2.00     5   5.7076
#         436       0.01153      7.09      2.00     5   5.7087
#         439       0.01114     12.90      2.00     5   5.7134
#         440       0.01598      4.16      2.00     5   5.7140
#         441       0.01333     15.86      2.00     5   5.7155
#         442       0.06572      6.41      2.00     6   5.7150
#         444       0.02107      6.43      2.00     6   5.7169
#         447       0.00962      7.08      1.00     4   5.7191
#         449       0.01734      7.75      2.00     5   5.7209
#         450       0.01087     14.40      2.00     5   5.7222
#         451       0.01843     18.96      2.00     6   5.7219
#         453       0.01108      9.09      2.00     5   5.7233
#         455       0.02314      6.94      2.00     5   5.7249
#         458       0.01170      6.38      2.00     4   5.7269
#         459       0.01345      6.07      2.00     4   5.7279
#         462       0.01135      7.25      2.00     5   5.7315
#         463       0.00554      7.50      2.00     4   5.7337
#         464       0.07935      6.91      2.00     6   5.7338
#         465       0.02079      7.01      2.00     6   5.7339
#         467       0.01073     16.24      2.00     5   5.7344
#         471       0.01162      6.83      2.00     4   5.7393
#         474       0.00965      7.38      1.00     4   5.7482
#         476       0.01269     11.80      2.00     5   5.7490
#         477       0.01207     13.53      2.00     5   5.7490
#         478       0.01592      5.90      2.00     5   5.7491
#         479       0.01551      5.16      2.00     5   5.7487
#         481       0.00941     24.77      2.00     5   5.7506
#         482       0.01102      8.88      2.00     5   5.7513
#         483       0.01841      6.77      2.00     5   5.7533
#         485       0.01042      5.61      2.00     4   5.7547
#         486       0.01499      4.61      2.00     5   5.7547
#         490       0.01682     18.86      2.00     6   5.7627
#         491       0.01606      4.05      2.00     5   5.7641
#         492       0.01592      4.80      2.00     4   5.7677
#         493       0.01438      4.60      2.00     5   5.7714
#         494       0.01348     18.49      2.00     6   5.7724
#         495       0.05479      4.84      2.00     6   5.7723
#         496       0.01213     10.20      2.00     5   5.7729
#         497       0.02899      4.81      2.00     6   5.7741
#         498       0.01208      9.11      2.00     5   5.7781
#         500       0.01302     19.12      2.00     6   5.7787
#         501       0.00967     10.50      2.00     4   5.7797
#         502       0.01602     13.28      2.00     6   5.7802
#         503       0.01651     14.45      2.00     6   5.7807
#         504       0.01199     17.51      1.00     6   5.7805
#         505       0.01255     17.08      1.00     6   5.7806
#         506       0.00955     21.57      1.00     6   5.7822
#         507       0.01507      5.13      2.00     5   5.7829
#         509       0.01216     11.58      2.00     5   5.7836
#         510       0.01238     12.24      2.00     5   5.7838
#         511       0.01518      5.24      2.00     5   5.7839
#         512       0.01215      5.18      2.00     5   5.7847
#         513       0.02778      4.52      2.00     5   5.7843
#         514       0.00942     25.04      2.00     5   5.7855
#         515       0.01058      6.03      2.00     5   5.7853
#         516       0.02295      6.37      2.00     5   5.7865
#         517       0.00987      7.06      2.00     5   5.7869
#         518       0.00968     19.35      2.00     5   5.7874
#         519       0.00985      8.18      2.00     5   5.7874
#         520       0.01819      5.21      2.00     5   5.7885
#         521       0.01049     11.07      2.00     5   5.7901
#         522       0.01446      4.53      2.00     5   5.7912
#         524       0.01780      4.98      2.00     5   5.7927
#         525       0.01187     15.05      2.00     5   5.7925
#         526       0.00960     11.38      2.00     4   5.7939
#         527       0.02350      7.05      2.00     6   5.7941
#         528       0.00855     12.46      1.00     4   5.7950
#         531       0.01771     13.43      2.00     6   5.7964
#         532       0.01214      7.97      2.00     5   5.7967
#         533       0.00982      7.98      2.00     5   5.7971
#         534       0.01216      9.62      2.00     5   5.7977
#         535       0.00981      7.40      2.00     5   5.7975
#         536       0.00961     20.82      2.00     5   5.7982
#         539       0.01756      6.91      2.00     5   5.8088
#         540       0.01222      7.01      2.00     5   5.8144
#         542       0.01154      8.25      2.00     5   5.8156
#         544       0.01177     13.66      2.00     5   5.8168
#         545       0.01075     15.69      2.00     5   5.8179
#         546       0.01556     13.05      2.00     6   5.8201
#         547       0.01571     12.97      2.00     6   5.8212
#         548       0.01230     16.45      1.00     6   5.8210
#         549       0.01207     16.39      1.00     6   5.8209
#         550       0.00956     21.13      1.00     6   5.8227
#         552       0.01838     14.73      2.00     6   5.8248
#         553       0.01116      7.76      2.00     5   5.8254
#         555       0.01668      5.55      2.00     5   5.8304
#         557       0.01592      8.42      2.00     5   5.8319
#         558       0.01422      7.23      2.00     4   5.8329
#         560       0.01584      7.82      2.00     5   5.8376
#         561       0.01369     13.05      2.00     5   5.8407
#         563       0.01736      6.59      2.00     5   5.8417
#         564       0.01683      5.13      2.00     5   5.8420
#         566       0.02304      5.91      2.00     5   5.8451
#         570       0.01594      6.97      2.00     5   5.8509
#         572       0.01402      7.36      2.00     4   5.8523
#         573       0.01595      7.88      2.00     5   5.8525
#         574       0.02284      6.80      2.00     6   5.8525
#         575       0.01713      4.05      1.00     6   5.8533
#         576       0.01362     13.26      2.00     5   5.8566
#         577       0.01501      5.85      2.00     5   5.8597
#         579       0.01051     11.30      2.00     5   5.8632
#         580       0.01593      5.34      2.00     5   5.8630
#         581       0.01936      4.49      2.00     5   5.8642
#         582       0.02193      5.24      2.00     5   5.8640
#         583       0.01062      6.94      2.00     5   5.8642
#         584       0.01026      8.23      2.00     5   5.8646
#         585       0.01624      4.03      2.00     5   5.8650
#         586       0.01331      4.35      2.00     5   5.8700
#         588       0.01060      6.63      2.00     5   5.8748
#         589       0.01005      9.60      2.00     5   5.8799
#         590       0.01070      7.99      2.00     5   5.8811
#         591       0.01017      5.54      2.00     5   5.8810
#         592       0.01028      7.20      2.00     5   5.8830
#         594       0.01116     10.49      2.00     5   5.8912
#         595       0.01058      8.08      2.00     5   5.8919
#         596       0.01775      4.36      2.00     5   5.8957
#         599       0.01324      4.49      2.00     5   5.8989
#         601       0.01052      7.91      2.00     5   5.9054
#         603       0.01537      5.39      2.00     5   5.9078
#         605       0.01052      7.85      2.00     5   5.9120
#         606       0.02220      4.78      2.00     5   5.9135
#         608       0.01997      4.23      2.00     5   5.9172
#         609       0.01358      4.04      2.00     5   5.9176
#         610       0.00959      5.46      2.00     4   5.9193
#         611       0.01375      6.42      2.00     5   5.9202
#         613       0.01491      5.43      2.00     5   5.9231
#         616       0.04976     10.81      2.00     7   5.9243
#         617       0.01379      7.62      2.00     5   5.9252
#         618       0.01336      4.27      2.00     5   5.9249
#         619       0.00955      6.10      2.00     4   5.9254
#         620       0.03033     10.58      2.00     7   5.9261
#         622       0.02185      4.81      2.00     5   5.9298
#         624       0.01925      4.23      2.00     5   5.9326
#         625       0.01076      5.97      1.00     6   5.9323
#         626       0.01258      6.32      1.00     6   5.9327
#         627       0.02004     33.36      2.00     6   5.9330
#         628       0.01727      6.61      2.00     5   5.9337
#         629       0.01125     12.01      1.00     6   5.9357
#         631       0.01788      4.98      2.00     7   5.9409
#         632       0.01908     35.22      2.00     7   5.9410
#         633       0.01454      8.92      2.00     6   5.9427
#         634       0.01497      5.21      2.00     5   5.9443
#         635       0.01809     32.24      2.00     6   5.9445
#         636       0.01149      6.80      1.00     6   5.9448
#         637       0.01202      7.96      1.00     6   5.9446
#         638       0.01935      4.16      2.00     5   5.9451
#         639       0.01087     12.63      1.00     6   5.9468
#         640       0.01782      5.00      2.00     7   5.9466
#         641       0.02184      4.69      2.00     5   5.9469
#         644       0.05860     11.15      2.00     7   5.9482
#         645       0.03340     11.05      2.00     7   5.9483
#         646       0.01865     28.61      2.00     7   5.9484
#         647       0.02044      4.78      2.00     6   5.9494
#         648       0.01511      7.41      2.00     6   5.9491
#         649       0.01748     14.69      2.00     6   5.9497
#         650       0.01149      6.57      2.00     5   5.9502
#         651       0.00948     10.21      2.00     5   5.9509
#         652       0.01104     10.87      2.00     5   5.9525
#         653       0.01810      6.55      2.00     6   5.9524
#         654       0.01724      6.32      2.00     5   5.9534
#         655       0.00944     10.86      2.00     5   5.9627
#         657       0.01148      6.29      2.00     5   5.9680
#         659       0.01182      5.09      2.00     5   5.9783
#         660       0.01121      6.41      2.00     5   5.9782
#         661       0.01712      6.34      2.00     5   5.9791
#         662       0.01063     16.64      2.00     5   5.9799
#         663       0.01708      6.27      2.00     5   5.9818
#         664       0.01148      5.48      2.00     5   5.9825
#         665       0.01157      6.13      2.00     5   5.9826
#         666       0.01051     18.72      2.00     5   5.9843
#         669       0.01532      7.72      2.00     5   5.9846
#         670       0.01501      8.12      2.00     5   5.9902
#         672       0.00973      7.06      2.00     5   5.9910
#         674       0.01458      6.98      2.00     5   5.9955
#         676       0.01309      8.18      2.00     6   5.9954
#         678       0.00854      7.71      1.00     6   5.9989
#         679       0.01222     30.79      2.00     5   6.0017
#         681       0.00872      7.52      1.00     6   6.0080
#         685       0.01141     12.76      2.00     6   6.0098
#         686       0.01074     13.88      2.00     6   6.0098
#         687       0.01197     18.07      2.00     6   6.0097
#         688       0.00845      7.72      1.00     6   6.0117
#         689       0.01083     33.37      2.00     6   6.0114
#         691       0.01018     22.21      2.00     6   6.0123
#         692       0.01370      8.24      2.00     6   6.0153
#         693       0.01851     10.40      2.00     6   6.0167
#         694       0.01013      6.18      2.00     5   6.0170
#         695       0.00877      7.42      1.00     6   6.0176
#         696       0.01472     10.22      2.00     5   6.0184
#         697       0.01097     13.35      2.00     6   6.0197
#         698       0.01103     13.79      2.00     6   6.0198
#         699       0.01734      4.69      2.00     6   6.0197
#         700       0.01076     35.51      2.00     6   6.0216
#         701       0.01016      5.16      2.00     5   6.0275
#         702       0.01069     11.05      2.00     6   6.0284
#         703       0.01070     11.01      2.00     6   6.0317
#         704       0.00976     11.51      2.00     5   6.0331
#         705       0.01791      7.36      2.00     6   6.0334
#         706       0.00960      7.21      2.00     4   6.0337
#         708       0.00644     15.83      2.00     5   6.0415
#         709       0.00994      5.82      2.00     5   6.0413
#         711       0.00971     12.04      2.00     5   6.0427
#         712       0.01061     11.03      2.00     6   6.0443
#         713       0.01152      5.63      2.00     5   6.0489
#         715       0.01065     10.65      2.00     6   6.0506
#         716       0.01120     12.56      2.00     6   6.0546
#         719       0.01031     12.72      2.00     5   6.0569
#         720       0.02934      8.12      2.00     5   6.0574
#         722       0.01118     12.38      2.00     6   6.0598
#         723       0.02098      5.04      2.00     5   6.0603
#         725       0.04675      7.36      2.00     6   6.0614
#         726       0.01721      6.65      2.00     6   6.0621
#         728       0.01739     10.90      2.00     6   6.0633
#         729       0.01003     11.87      2.00     6   6.0641
#         730       0.01017     10.96      2.00     6   6.0641
#         731       0.01013     24.45      2.00     6   6.0646
#         732       0.00983     20.26      2.00     6   6.0646
#         733       0.01002     12.40      2.00     6   6.0646
#         734       0.01000     11.09      2.00     6   6.0646
#         735       0.01633      4.28      2.00     6   6.0655
#         737       0.01905      6.34      2.00     5   6.0690
#         738       0.01816      6.07      2.00     5   6.0696
#         739       0.01829      5.83      2.00     6   6.0700
#         740       0.01726     12.50      2.00     6   6.0708
#         741       0.02109      4.86      2.00     6   6.0709
#         742       0.01667      7.78      2.00     6   6.0711
#         744       0.01691      7.49      2.00     6   6.0726
#         745       0.01799      6.24      2.00     6   6.0731
#         747       0.01123     11.60      2.00     6   6.0739
#         750       0.01124     12.02      2.00     6   6.0749
#         751       0.01021     13.14      2.00     5   6.0757
#         754       0.00897      7.61      2.00     4   6.0787
#         757       0.00999     12.31      2.00     6   6.0788
#         758       0.00997     10.77      2.00     6   6.0788
#         759       0.00997     12.15      2.00     6   6.0793
#         760       0.01000     10.89      2.00     6   6.0793
#         761       0.01008     25.29      2.00     6   6.0799
#         762       0.01920      6.41      2.00     6   6.0798
#         763       0.00977     20.54      2.00     6   6.0799
#         764       0.01227     36.55      2.00     5   6.0816
#         765       0.01875     10.28      2.00     6   6.0820
#         766       0.04628     15.33      2.00     6   6.0822
#         771       0.01134      6.35      2.00     6   6.0839
#         772       0.01802      7.12      2.00     6   6.0839
#         774       0.01082     15.57      2.00     6   6.0842
#         775       0.01146     15.50      2.00     6   6.0855
#         776       0.01125      4.58      2.00     6   6.0855
#         779       0.01884      9.26      2.00     6   6.0863
#         780       0.01793     11.03      2.00     6   6.0863
#         782       0.02522      4.17      2.00     6   6.0863
#         783       0.01313     15.68      2.00     6   6.0868
#         784       0.01026     22.22      2.00     6   6.0878
#         785       0.01712      7.21      2.00     6   6.0887
#         786       0.01990      7.46      2.00     6   6.0928
#         787       0.01117      4.30      2.00     6   6.0946
#         789       0.01778      7.84      2.00     6   6.0966
#         791       0.00619     10.89      2.00     5   6.1020
#         793       0.01202      8.15      2.00     6   6.1022
#         794       0.01060     14.32      2.00     6   6.1022
#         795       0.01930      4.22      2.00     5   6.1036
#         796       0.01932      4.59      2.00     6   6.1036
#         797       0.01064     13.94      2.00     6   6.1037
#         799       0.01293     17.31      2.00     6   6.1045
#         802       0.02529      5.38      2.00     5   6.1106
#         803       0.01745      4.39      2.00     7   6.1116
#         804       0.01077     14.18      2.00     6   6.1120
#         805       0.01797     15.93      2.00     7   6.1117
#         806       0.00878      4.80      2.00     5   6.1136
#         807       0.01747      4.45      2.00     7   6.1141
#         808       0.04725      8.76      2.00     6   6.1151
#         810       0.01855      4.77      2.00     5   6.1154
#         811       0.01751     12.88      2.00     7   6.1159
#         812       0.01905      5.47      2.00     6   6.1169
#         813       0.01895      7.42      2.00     6   6.1170
#         814       0.01789      5.47      2.00     6   6.1204
#         815       0.01709      4.61      2.00     6   6.1208
#         816       0.01991      5.46      2.00     6   6.1208
#         817       0.00932      7.01      2.00     4   6.1228
#         818       0.00836      4.75      2.00     5   6.1240
#         819       0.02099      4.16      2.00     5   6.1268
#         821       0.01687      6.68      2.00     6   6.1286
#         822       0.01775      8.35      2.00     6   6.1286
#         823       0.01766      8.02      2.00     6   6.1284
#         826       0.04633     14.93      2.00     6   6.1304
#         827       0.01988      9.77      2.00     6   6.1307
#         832       0.01938      6.05      2.00     6   6.1328
#         834       0.01050     12.59      2.00     6   6.1332
#         835       0.01196     14.08      2.00     6   6.1332
#         837       0.01896      8.76      2.00     6   6.1364
#         838       0.01818     10.12      2.00     6   6.1364
#         846       0.01001      5.43      2.00     6   6.1378
#         847       0.00578     16.30      1.00     4   6.1387
#         849       0.01581      6.14      2.00     6   6.1405
#         850       0.02161      6.37      2.00     6   6.1409
#         851       0.02191      6.02      2.00     6   6.1406
#         852       0.02142      5.91      2.00     6   6.1412
#         853       0.05250      7.30      2.00     6   6.1411
#         854       0.00629     12.15      2.00     5   6.1420
#         855       0.01775      5.14      2.00     5   6.1418
#         856       0.00987     10.95      2.00     6   6.1425
#         857       0.01024     11.96      2.00     6   6.1425
#         858       0.01062     13.19      2.00     6   6.1430
#         859       0.01180     14.15      2.00     6   6.1430
#         860       0.02023      7.02      2.00     6   6.1438
#         862       0.01776      5.93      2.00     6   6.1451
#         863       0.01917      7.19      2.00     6   6.1451
#         864       0.02981      7.97      2.00     5   6.1461
#         865       0.01913      9.66      2.00     6   6.1459
#         866       0.04397     14.58      2.00     6   6.1461
#         868       0.01810      7.30      2.00     6   6.1461
#         873       0.00997     12.28      2.00     6   6.1498
#         874       0.01894      5.98      2.00     6   6.1497
#         875       0.01023     14.16      2.00     6   6.1498
#         876       0.01778      7.75      2.00     6   6.1497
#         879       0.01015      6.98      2.00     6   6.1509
#         880       0.00691     14.57      2.00     5   6.1529
#         881       0.01855      8.62      2.00     6   6.1526
#         882       0.01785     10.20      2.00     6   6.1526
#         887       0.01642      5.60      2.00     6   6.1550
#         888       0.01558      4.02      2.00     7   6.1555
#         889       0.00821     19.16      2.00     5   6.1565
#         890       0.01961      7.17      2.00     6   6.1574
#         892       0.00637      7.81      2.00     5   6.1613
#         893       0.00963     10.15      2.00     5   6.1615
#         895       0.01892      5.88      2.00     6   6.1622
#         897       0.01159      4.51      2.00     5   6.1637
#         899       0.00581     15.95      1.00     4   6.1657
#         900       0.04348     14.47      2.00     6   6.1658
#         901       0.01884      9.45      2.00     6   6.1666
#         907       0.01854      8.59      2.00     6   6.1691
#         908       0.01786      9.88      2.00     6   6.1691
#         909       0.01606     77.61      2.00     5   6.1702
#         911       0.01828      4.03      2.00     6   6.1698
#         912       0.01967      6.84      2.00     6   6.1746
#         913       0.01145      4.40      2.00     5   6.1758
#         916       0.00962      8.57      2.00     5   6.1801
#         918       0.01908      4.90      2.00     5   6.1858
#         922       0.02844      5.64      2.00     6   6.1978
#         923       0.00866     15.82      2.00     5   6.1980
#         927       0.01620    100.70      1.00     6   6.2018
#         930       0.01553     75.12      2.00     5   6.2029
#         931       0.00840     14.55      2.00     5   6.2043
#         933       0.00920      6.99      2.00     4   6.2045
#         935       0.02615     11.12      2.00     5   6.2056
#         937       0.01519      9.69      2.00     5   6.2079
#         938       0.02488      6.01      2.00     5   6.2088
#         939       0.03049      7.74      2.00     5   6.2100
#         941       0.02031      4.49      2.00     5   6.2123
#         942       0.01184      4.53      2.00     5   6.2143
#         946       0.01182      4.98      2.00     5   6.2199
#         948       0.01669     12.72      2.00     6   6.2201
#         949       0.01041     17.80      1.00     6   6.2204
#         950       0.01058      5.97      2.00     3   6.2247
#         954       0.01930      4.43      2.00     6   6.2307
#         955       0.00904      7.10      2.00     4   6.2311
#         956       0.01187      4.50      2.00     5   6.2334
#         958       0.00945     14.35      2.00     5   6.2361
#         961       0.01075      4.41      1.00     6   6.2380
#         962       0.02076      5.80      2.00     5   6.2386
#         963       0.00678     16.13      2.00     5   6.2392
#         964       0.01571     96.49      1.00     6   6.2401
#         965       0.01042     15.28      1.00     6   6.2407
#         967       0.02072     10.07      2.00     6   6.2430
#         970       0.01698      7.06      2.00     5   6.2451
#         972       0.01653      4.01      2.00     5   6.2456
#         973       0.01744     11.33      2.00     6   6.2459
#         974       0.03152      5.47      2.00     6   6.2532
#         975       0.02388      7.04      2.00     5   6.2548
#         976       0.01033      6.49      2.00     6   6.2549
#         979       0.01129      8.16      2.00     6   6.2555
#         980       0.01087      8.94      2.00     6   6.2554
#         981       0.01864      9.18      2.00     6   6.2556
#         983       0.01004      6.36      2.00     3   6.2573
#         985       0.01008     21.92      2.00     6   6.2571
#         988       0.01826      4.40      2.00     5   6.2586
#         991       0.01542      4.12      2.00     5   6.2610
#         992       0.02097      4.57      2.00     5   6.2610
#         994       0.01080      5.55      1.00     6   6.2621
#         995       0.02367      7.50      2.00     5   6.2629
#         999       0.01116      8.32      2.00     6   6.2643
#        1000       0.01108      8.53      2.00     6   6.2644
#        1001       0.01000     23.45      2.00     6   6.2661
#        1002       0.00928     14.12      2.00     5   6.2683
#        1003       0.03085      8.34      2.00     5   6.2688
#        1005       0.01042      6.18      2.00     6   6.2697
#        1006       0.02358      7.85      2.00     5   6.2711
#        1010       0.01884      5.34      2.00     5   6.2754
#        1014       0.01750      7.30      2.00     5   6.2765
#        1016       0.02281      7.39      2.00     6   6.2771
#        1018       0.04345      9.75      2.00     6   6.2773
#        1020       0.00977     16.86      2.00     6   6.2788
#        1022       0.01754      6.87      2.00     5   6.2823
#        1025       0.02419      7.47      2.00     5   6.2867
#        1026       0.01372      5.70      2.00     7   6.2867
#        1027       0.01435      4.69      2.00     7   6.2871
#        1028       0.01116     20.82      2.00     7   6.2870
#        1029       0.01079     20.49      2.00     7   6.2870
#        1031       0.01020     43.91      2.00     7   6.2886
#        1032       0.01520      4.08      2.00     5   6.2917
#        1033       0.00971      6.07      2.00     6   6.2937
#        1035       0.00978     15.24      2.00     6   6.2939
#        1036       0.01700      6.98      2.00     5   6.2953
#        1039       0.01511      4.07      2.00     5   6.2976
#        1041       0.01336      6.15      2.00     7   6.3007
#        1042       0.01355      6.04      2.00     7   6.3018
#        1043       0.01105     20.70      2.00     7   6.3015
#        1044       0.01099     20.11      2.00     7   6.3016
#        1045       0.01012     45.37      2.00     7   6.3033
#        1046       0.01011      5.72      2.00     6   6.3040
#        1050       0.00977      7.41      2.00     6   6.3074
#        1051       0.02150     11.32      2.00     7   6.3084
#        1052       0.02269     20.93      2.00     7   6.3087
#        1053       0.04552     26.52      2.00     7   6.3088
#        1054       0.01754      6.14      2.00     7   6.3087
#        1055       0.01007      6.05      2.00     6   6.3105
#        1056       0.01615      6.88      2.00     7   6.3103
#        1057       0.01500      4.05      2.00     5   6.3108
#        1058       0.01090      6.63      2.00     5   6.3117
#        1060       0.03245      5.34      1.00     6   6.3208
#        1061       0.00903      7.99      2.00     3   6.3237
#        1062       0.02923      6.95      2.00     6   6.3237
#        1064       0.02737     12.37      1.00     6   6.3267
#        1065       0.02379      6.15      2.00     6   6.3278
#        1068       0.04205      9.43      2.00     6   6.3274
#        1072       0.02560     10.08      2.00     5   6.3338
#        1073       0.01837      5.73      2.00     5   6.3358
#        1075       0.02322      6.61      2.00     6   6.3382
#        1077       0.04089      9.23      2.00     6   6.3383
#        1079       0.04984     12.86      2.00     7   6.3480
#        1081       0.00928      8.84      2.00     4   6.3496
#        1082       0.02253      9.84      2.00     7   6.3498
#        1083       0.01771     15.01      2.00     7   6.3499
#        1084       0.02593     12.04      2.00     7   6.3498
#        1085       0.01833      4.12      2.00     7   6.3501
#        1086       0.01679      5.20      2.00     7   6.3521
#        1088       0.04027      9.40      2.00     6   6.3533
#        1089       0.02282      6.15      2.00     6   6.3541
#        1090       0.01382     20.70      1.00     6   6.3541
#        1094       0.04472     25.97      2.00     7   6.3590
#        1095       0.02176     10.67      2.00     7   6.3594
#        1096       0.02362     19.85      2.00     7   6.3593
#        1097       0.01728      5.93      2.00     7   6.3593
#        1099       0.01642      6.59      2.00     7   6.3609
#        1100       0.01076     14.86      2.00     7   6.3614
#        1102       0.01446      4.12      2.00     7   6.3620
#        1103       0.01381     28.71      2.00     7   6.3621
#        1104       0.01591     28.10      2.00     7   6.3621
#        1105       0.01066     22.74      2.00     7   6.3648
#        1106       0.01363     29.06      1.00     6   6.3682
#        1107       0.01889     13.11      2.00     7   6.3692
#        1109       0.02483      8.68      2.00     7   6.3695
#        1110       0.02934     13.14      2.00     7   6.3695
#        1111       0.05419     10.75      2.00     7   6.3694
#        1113       0.01479      6.10      2.00     7   6.3702
#        1114       0.01696     10.87      2.00     6   6.3709
#        1115       0.01331     28.18      2.00     7   6.3721
#        1116       0.01151      5.50      2.00     7   6.3721
#        1117       0.01791      5.24      2.00     7   6.3721
#        1118       0.01507     27.81      2.00     7   6.3721
#        1119       0.01185     15.74      2.00     7   6.3723
#        1120       0.02900      7.53      2.00     6   6.3740
#        1121       0.01068     25.55      2.00     7   6.3744
#        1122       0.02121     10.76      2.00     7   6.3745
#        1123       0.02311     19.60      2.00     7   6.3754
#        1124       0.04304     25.06      2.00     7   6.3756
#        1125       0.01707      5.74      2.00     7   6.3753
#        1126       0.01797      4.06      2.00     6   6.3770
#        1127       0.01616      6.51      2.00     7   6.3771
#        1128       0.01511      7.81      2.00     7   6.3782
#        1129       0.00954      7.12      2.00     5   6.3862
#        1130       0.04270     25.64      2.00     7   6.3906
#        1131       0.02761      4.88      2.00     7   6.3906
#        1132       0.02271     19.37      2.00     7   6.3914
#        1133       0.02119     10.25      2.00     7   6.3917
#        1134       0.01717      5.84      2.00     7   6.3915
#        1135       0.01061      7.07      2.00     5   6.3927
#        1136       0.01618      6.67      2.00     7   6.3932
#        1137       0.01799      6.13      2.00     5   6.3958
#        1138       0.01266      4.94      2.00     4   6.3975
#        1139       0.00713     26.85      2.00     5   6.3995
#        1142       0.00690     28.32      2.00     5   6.4018
#        1143       0.01146      4.25      2.00     4   6.4027
#        1144       0.02679      4.10      2.00     7   6.4028
#        1145       0.00941      8.07      2.00     5   6.4094
#        1147       0.02216      7.80      2.00     6   6.4099
#        1152       0.02198      4.94      2.00     6   6.4128
#        1153       0.01028      4.21      2.00     6   6.4137
#        1154       0.01535      8.96      2.00     6   6.4137
#        1157       0.02311      6.29      1.00     6   6.4204
#        1158       0.01751      8.49      2.00     5   6.4214
#        1161       0.02075      6.05      2.00     6   6.4220
#        1166       0.01524      8.11      2.00     6   6.4231
#        1167       0.01004      6.30      2.00     3   6.4248
#        1168       0.01736      5.19      2.00     6   6.4256
#        1171       0.01989      5.63      2.00     6   6.4284
#        1172       0.01912      4.86      1.00     6   6.4280
#        1173       0.01650      5.71      2.00     6   6.4286
#        1174       0.01685      4.67      2.00     6   6.4286
#        1175       0.01659      5.96      2.00     6   6.4291
#        1176       0.01787      8.12      1.00     6   6.4291
#        1177       0.01932      5.34      1.00     6   6.4291
#        1178       0.02347      5.72      1.00     6   6.4308
#        1179       0.02024      4.36      2.00     6   6.4313
#        1180       0.00724     68.64      2.00     6   6.4310
#        1181       0.00993     21.96      2.00     6   6.4308
#        1186       0.02794      8.59      2.00     6   6.4378
#        1187       0.01628      4.82      2.00     6   6.4383
#        1188       0.01690      4.05      2.00     6   6.4383
#        1189       0.01552     13.06      2.00     6   6.4381
#        1190       0.00698     71.22      2.00     6   6.4390
#        1191       0.01695      4.08      2.00     6   6.4388
#        1192       0.01629      5.09      2.00     6   6.4394
#        1193       0.02731      9.59      2.00     6   6.4394
#        1194       0.01594      4.87      2.00     6   6.4407
#        1195       0.01593      5.01      2.00     6   6.4413
#        1197       0.01586      6.21      2.00     6   6.4427
#        1198       0.01587      6.10      2.00     6   6.4429
#        1199       0.00970      9.87      2.00     6   6.4433
#        1200       0.01581      5.82      2.00     6   6.4443
#        1201       0.01592      5.56      2.00     6   6.4440
#        1203       0.02633      9.60      2.00     6   6.4446
#        1204       0.01685      4.19      2.00     6   6.4450
#        1205       0.01622      5.29      2.00     6   6.4457
#        1208       0.01067      7.39      2.00     5   6.4473
#        1210       0.02433      4.39      2.00     6   6.4476
#        1211       0.02366      5.03      1.00     6   6.4476
#        1212       0.01741      4.68      2.00     6   6.4486
#        1213       0.01942      4.40      2.00     6   6.4485
#        1215       0.02160      6.58      2.00     6   6.4492
#        1216       0.02342      5.79      1.00     6   6.4496
#        1217       0.01685      4.12      2.00     6   6.4498
#        1219       0.02719      8.99      2.00     6   6.4502
#        1220       0.01620      5.09      2.00     6   6.4509
#        1221       0.01730      4.03      2.00     6   6.4516
#        1222       0.01636      4.44      2.00     6   6.4521
#        1224       0.01448      5.28      2.00     6   6.4537
#        1225       0.01707      4.02      2.00     6   6.4542
#        1227       0.01450      5.60      2.00     6   6.4546
#        1230       0.01722      4.15      2.00     6   6.4570
#        1231       0.01946     12.70      2.00     6   6.4569
#        1232       0.00970      8.60      2.00     6   6.4573
#        1233       0.01441      5.81      2.00     6   6.4601
#        1236       0.03168     16.28      2.00     7   6.4619
#        1237       0.01361      7.30      2.00     5   6.4629
#        1238       0.02833      8.49      2.00     6   6.4633
#        1240       0.03375      5.32      1.00     6   6.4645
#        1242       0.01170      7.27      2.00     5   6.4653
#        1243       0.01796      4.32      2.00     6   6.4656
#        1244       0.01438      5.57      2.00     6   6.4655
#        1246       0.01781      8.30      2.00     5   6.4667
#        1247       0.03116      6.43      2.00     6   6.4668
#        1248       0.01176      7.90      2.00     5   6.4672
#        1249       0.02120      5.14      2.00     5   6.4673
#        1250       0.02023      4.66      2.00     5   6.4673
#        1252       0.02300      5.13      2.00     6   6.4679
#        1253       0.01794      4.51      2.00     6   6.4679
#        1254       0.02193     11.21      2.00     6   6.4680
#        1255       0.01644      4.82      2.00     6   6.4679
#        1258       0.00974      4.78      2.00     6   6.4689
#        1259       0.01883      4.89      1.00     6   6.4688
#        1260       0.01646      4.39      2.00     6   6.4692
#        1261       0.02697     10.70      1.00     6   6.4690
#        1262       0.01653      5.64      2.00     6   6.4699
#        1263       0.02054      6.11      2.00     6   6.4696
#        1264       0.01652      5.53      2.00     6   6.4703
#        1265       0.01808      7.95      1.00     6   6.4710
#        1266       0.00872     10.17      2.00     5   6.4718
#        1267       0.02876      6.49      2.00     5   6.4788
#        1270       0.02127      4.85      2.00     5   6.4808
#        1271       0.01578      4.70      2.00     6   6.4811
#        1272       0.01214      8.44      2.00     5   6.4817
#        1273       0.01580      4.62      2.00     6   6.4817
#        1275       0.01579      5.94      2.00     6   6.4837
#        1276       0.01578      5.92      2.00     6   6.4837
#        1277       0.00757      8.63      2.00     5   6.4845
#        1278       0.01566      5.53      2.00     6   6.4843
#        1279       0.01566      5.41      2.00     6   6.4849
#        1280       0.01462     13.69      2.00     6   6.4869
#        1282       0.03444     17.59      2.00     7   6.4889
#        1284       0.01132      4.30      2.00     4   6.4945
#        1286       0.01780     11.75      2.00     6   6.4945
#        1287       0.00708      4.86      2.00     4   6.4964
#        1290       0.02126      8.36      2.00     6   6.4966
#        1293       0.02269      4.95      2.00     6   6.4989
#        1294       0.02116     11.36      2.00     6   6.4988
#        1295       0.02689      4.89      2.00     6   6.4989
#        1296       0.01729      7.93      2.00     7   6.4986
#        1298       0.02084      6.03      2.00     6   6.5005
#        1300       0.01151     10.76      2.00     7   6.5004
#        1301       0.01146     10.89      2.00     7   6.5005
#        1302       0.01798      6.18      2.00     7   6.5006
#        1303       0.00990     35.90      2.00     7   6.5022
#        1304       0.02975      4.40      2.00     6   6.5024
#        1305       0.00881     26.64      2.00     6   6.5033
#        1306       0.02218      4.91      2.00     6   6.5047
#        1307       0.02090     10.93      2.00     6   6.5045
#        1308       0.00836     19.45      2.00     6   6.5053
#        1309       0.02019      6.01      2.00     6   6.5064
#        1310       0.00914      6.49      2.00     4   6.5073
#        1312       0.01044     27.57      2.00     6   6.5091
#        1316       0.01173      8.26      2.00     5   6.5129
#        1317       0.01314     22.25      2.00     6   6.5133
#        1320       0.01126     13.56      2.00     7   6.5133
#        1323       0.01020     11.73      2.00     7   6.5160
#        1324       0.01171     10.11      2.00     7   6.5163
#        1326       0.01136     10.67      2.00     7   6.5162
#        1327       0.02193      4.85      2.00     6   6.5180
#        1328       0.02148     10.94      2.00     6   6.5181
#        1329       0.00989     31.41      2.00     7   6.5179
#        1330       0.02065      5.97      2.00     6   6.5198
#        1331       0.00919      9.66      2.00     5   6.5204
#        1334       0.02084      6.99      2.00     7   6.5223
#        1335       0.01701      6.79      2.00     5   6.5229
#        1338       0.00787     25.49      2.00     6   6.5258
#        1340       0.00876      9.69      2.00     5   6.5278
#        1341       0.01043      4.17      2.00     7   6.5279
#        1343       0.02888      5.76      2.00     6   6.5287
#        1346       0.02122      7.48      2.00     6   6.5299
#        1349       0.01099     12.52      2.00     7   6.5297
#        1351       0.01766      5.32      2.00     6   6.5311
#        1352       0.01916     12.96      2.00     6   6.5310
#        1353       0.01031     14.88      2.00     7   6.5320
#        1354       0.01609      4.68      2.00     6   6.5321
#        1355       0.01084     10.84      2.00     7   6.5328
#        1356       0.00712      7.52      2.00     4   6.5392
#        1357       0.01103     11.41      2.00     7   6.5396
#        1359       0.01715      4.87      2.00     7   6.5402
#        1360       0.01018      4.42      2.00     4   6.5404
#        1361       0.01307     15.61      2.00     6   6.5406
#        1365       0.01744      4.59      2.00     6   6.5452
#        1366       0.01616      4.98      2.00     6   6.5452
#        1368       0.00895      9.49      2.00     5   6.5486
#        1369       0.01198      8.93      2.00     5   6.5495
#        1370       0.01363      7.11      2.00     5   6.5503
#        1371       0.01277     21.51      2.00     6   6.5501
#        1373       0.00929     25.58      2.00     6   6.5519
#        1379       0.01818      5.30      2.00     6   6.5559
#        1382       0.02657      5.98      2.00     6   6.5579
#        1383       0.02061     10.36      2.00     6   6.5580
#        1385       0.01041     19.31      2.00     7   6.5606
#        1386       0.01491     12.97      2.00     6   6.5623
#        1387       0.01245     11.35      2.00     7   6.5624
#        1391       0.00885     25.29      2.00     6   6.5651
#        1393       0.01074      5.87      2.00     5   6.5668
#        1394       0.01154      5.34      2.00     5   6.5670
#        1397       0.01224     11.50      2.00     7   6.5706
#        1398       0.01048     18.17      2.00     7   6.5711
#        1399       0.01209      7.74      2.00     5   6.5716
#        1400       0.01030      8.96      2.00     7   6.5716
#        1401       0.01694      4.44      2.00     6   6.5732
#        1404       0.03466      6.76      2.00     7   6.5744
#        1406       0.01036     10.84      2.00     7   6.5773
#        1407       0.02278      6.56      2.00     7   6.5774
#        1411       0.02523      6.19      2.00     7   6.5816
#        1414       0.00904     24.88      2.00     6   6.5858
#        1415       0.01673      4.29      2.00     6   6.5861
#        1416       0.01116      4.40      2.00     5   6.5895
#        1417       0.01637      7.13      2.00     7   6.5894
#        1419       0.01937      5.44      2.00     6   6.5909
#        1421       0.01649      4.12      2.00     7   6.5920
#        1426       0.02654      5.86      2.00     5   6.6072
#        1433       0.01805      7.44      2.00     5   6.6138
#        1439       0.02052      5.98      2.00     6   6.6194
#        1443       0.02076      7.15      2.00     6   6.6199
#        1444       0.01993     10.35      2.00     6   6.6204
#        1445       0.01515      5.02      2.00     6   6.6210
#        1446       0.01513      5.21      2.00     6   6.6215
#        1447       0.01933     14.42      2.00     6   6.6216
#        1448       0.02339      6.10      2.00     5   6.6241
#        1449       0.00710      4.20      2.00     5   6.6264
#        1450       0.00781      5.02      2.00     4   6.6286
#        1451       0.02940      5.99      2.00     6   6.6292
#        1454       0.02863      7.10      2.00     6   6.6301
#        1456       0.02917      7.24      2.00     6   6.6302
#        1457       0.01779      4.19      2.00     6   6.6308
#        1458       0.00715      4.17      2.00     5   6.6321
#        1459       0.01781      4.40      2.00     6   6.6318
#        1460       0.01774      4.77      2.00     6   6.6318
#        1463       0.00737      4.26      2.00     5   6.6334
#        1464       0.03261      6.56      2.00     5   6.6337
#        1468       0.01774      4.03      2.00     6   6.6351
#        1469       0.01510      5.34      2.00     6   6.6354
#        1470       0.01510      5.46      2.00     6   6.6351
#        1471       0.02897      6.41      2.00     6   6.6352
#        1473       0.00702      4.25      2.00     5   6.6361
#        1474       0.01774      4.60      2.00     6   6.6370
#        1475       0.01169      4.94      2.00     4   6.6378
#        1476       0.00688     11.71      1.00     6   6.6379
#        1477       0.00716      4.24      2.00     5   6.6387
#        1479       0.00701      4.22      2.00     5   6.6441
#        1480       0.02159      4.77      2.00     6   6.6438
#        1481       0.02204      4.87      2.00     6   6.6437
#        1482       0.01839      6.08      2.00     7   6.6450
#        1483       0.01760     12.71      2.00     6   6.6453
#        1484       0.01795      6.34      2.00     7   6.6473
#        1485       0.01932      5.07      2.00     7   6.6506
#        1486       0.01748      7.62      2.00     7   6.6509
#        1487       0.02358     17.69      2.00     7   6.6510
#        1488       0.01944      5.42      2.00     7   6.6516
#        1489       0.02147      9.91      2.00     7   6.6515
#        1490       0.02140      9.80      2.00     7   6.6515
#        1491       0.01789      7.88      2.00     7   6.6515
#        1492       0.02252     18.73      2.00     7   6.6514
#        1493       0.01815      7.50      2.00     5   6.6529
#        1494       0.02149      8.73      2.00     7   6.6525
#        1495       0.01784     25.68      2.00     7   6.6531
#        1496       0.01526      9.11      2.00     7   6.6531
#        1497       0.01007     10.79      2.00     5   6.6540
#        1499       0.02027      6.37      2.00     6   6.6543
#        1501       0.02108      5.88      2.00     6   6.6547
#        1504       0.01515      5.00      2.00     6   6.6565
#        1505       0.01515      5.09      2.00     6   6.6560
#        1507       0.01955      4.61      2.00     6   6.6568
#        1510       0.01954     14.56      2.00     6   6.6571
#        1511       0.01522      6.00      2.00     6   6.6590
#        1512       0.01726      4.41      2.00     6   6.6602
#        1513       0.00702     10.07      1.00     6   6.6603
#        1514       0.03024     13.96      2.00     7   6.6607
#        1515       0.01702      5.85      2.00     7   6.6607
#        1516       0.02554      5.74      2.00     7   6.6609
#        1517       0.01731      6.11      2.00     7   6.6618
#        1518       0.03028     14.84      2.00     7   6.6617
#        1521       0.01780      8.21      2.00     7   6.6623
#        1523       0.01816      8.54      2.00     7   6.6636
#        1524       0.01786      8.66      2.00     7   6.6633
#        1526       0.01502      5.72      2.00     6   6.6643
#        1527       0.01228      9.02      2.00     6   6.6641
#        1528       0.01662      6.83      2.00     5   6.6658
#        1529       0.03133     11.61      2.00     5   6.6663
#        1532       0.01766      9.68      2.00     7   6.6667
#        1533       0.01811      9.54      2.00     7   6.6669
#        1534       0.01704      6.26      2.00     7   6.6673
#        1535       0.02940     15.07      2.00     7   6.6674
#        1536       0.01782      8.94      2.00     7   6.6691
#        1539       0.01510      5.34      2.00     6   6.6699
#        1540       0.01511      5.37      2.00     6   6.6699
#        1543       0.01054      8.99      2.00     7   6.6721
#        1544       0.02956     14.58      2.00     7   6.6724
#        1545       0.01721      6.01      2.00     7   6.6726
#        1546       0.01695     13.96      2.00     7   6.6721
#        1547       0.02675      4.59      2.00     7   6.6729
#        1548       0.01451      4.24      2.00     6   6.6732
#        1549       0.01448      4.45      2.00     6   6.6736
#        1550       0.02083      6.26      2.00     7   6.6735
#        1551       0.02442     11.53      2.00     7   6.6733
#        1552       0.01964      4.30      2.00     7   6.6737
#        1553       0.02279     22.14      2.00     7   6.6738
#        1554       0.01778      8.61      2.00     7   6.6743
#        1555       0.00756      4.45      2.00     5   6.6756
#        1556       0.01988      7.13      2.00     7   6.6758
#        1557       0.02737      6.94      2.00     7   6.6762
#        1558       0.02235      7.60      2.00     7   6.6762
#        1559       0.00756      5.29      2.00     4   6.6766
#        1560       0.01062     55.13      2.00     6   6.6767
#        1561       0.02205      9.76      2.00     7   6.6765
#        1562       0.00729      4.44      2.00     5   6.6778
#        1563       0.02156     24.46      2.00     7   6.6791
#        1564       0.01223     11.73      2.00     6   6.6793
#        1565       0.02920      6.35      2.00     7   6.6795
#        1566       0.01955      4.20      2.00     6   6.6805
#        1572       0.01921      5.54      2.00     6   6.6831
#        1574       0.01444      4.59      2.00     6   6.6832
#        1575       0.01029      8.13      2.00     7   6.6831
#        1576       0.01653     12.44      2.00     7   6.6831
#        1577       0.01047     56.59      2.00     6   6.6835
#        1578       0.01444      4.48      2.00     6   6.6838
#        1579       0.01526      5.32      2.00     6   6.6838
#        1580       0.01707      4.05      2.00     6   6.6846
#        1581       0.01825      5.89      2.00     7   6.6850
#        1582       0.02116      4.62      2.00     6   6.6883
#        1583       0.02181      4.65      2.00     6   6.6884
#        1584       0.01805      5.82      2.00     7   6.6885
#        1585       0.09835      5.10      2.00     7   6.6896
#        1586       0.01765     12.48      2.00     6   6.6901
#        1587       0.04431      4.92      2.00     7   6.6900
#        1589       0.01901      4.93      2.00     7   6.6911
#        1590       0.01746      7.39      2.00     7   6.6914
#        1591       0.02309     17.38      2.00     7   6.6916
#        1592       0.01910      4.93      2.00     7   6.6917
#        1593       0.01767      7.24      2.00     7   6.6920
#        1594       0.02266     17.00      2.00     7   6.6919
#        1595       0.00744      4.62      2.00     5   6.6925
#        1596       0.01974      5.31      2.00     6   6.6921
#        1597       0.02097      9.50      2.00     7   6.6926
#        1598       0.08133      7.51      2.00     7   6.6925
#        1600       0.02148      9.50      2.00     7   6.6927
#        1601       0.01528      8.64      2.00     7   6.6933
#        1602       0.02083      8.48      2.00     7   6.6937
#        1603       0.01785     25.18      2.00     7   6.6944
#        1604       0.00753      4.61      2.00     5   6.6952
#        1605       0.03881      7.32      2.00     7   6.6959
#        1606       0.03002     11.49      2.00     5   6.6977
#        1607       0.01651     15.71      2.00     6   6.6984
#        1608       0.02619      6.53      2.00     5   6.6990
#        1609       0.02032      5.12      2.00     6   6.6988
#        1610       0.02941     11.28      2.00     5   6.7016
#        1613       0.01767      8.12      2.00     7   6.7039
#        1614       0.02025      5.49      2.00     6   6.7052
#        1615       0.01024     10.25      2.00     6   6.7057
#        1617       0.01797      9.30      2.00     7   6.7071
#        1618       0.01775      9.28      2.00     7   6.7071
#        1619       0.01065    147.90      2.00     7   6.7082
#        1620       0.02087      6.92      2.00     6   6.7092
#        1621       0.01106      6.64      2.00     5   6.7110
#        1622       0.00679      6.18      2.00     4   6.7114
#        1623       0.01110      6.83      2.00     5   6.7117
#        1624       0.02903     11.24      2.00     5   6.7145
#        1626       0.02053      5.50      2.00     6   6.7187
#        1627       0.01053    149.70      2.00     7   6.7208
#        1629       0.03515      6.32      2.00     7   6.7265
#        1630       0.01754      4.33      2.00     7   6.7268
#        1631       0.01990      4.49      2.00     7   6.7294
#        1632       0.02060      5.10      2.00     6   6.7297
#        1633       0.01655     45.14      2.00     7   6.7299
#        1634       0.01473      7.16      2.00     6   6.7408
#        1635       0.03004      9.21      2.00     6   6.7422
#        1636       0.00763      9.72      2.00     6   6.7425
#        1637       0.01099     15.99      2.00     6   6.7425
#        1638       0.02766     13.81      2.00     6   6.7452
#        1639       0.00766     10.20      2.00     6   6.7490
#        1640       0.01090     16.16      2.00     6   6.7490
#        1641       0.01643     14.68      2.00     6   6.7490
#        1642       0.01951      4.31      2.00     7   6.7492
#        1643       0.03443      8.08      2.00     7   6.7499
#        1644       0.01732      4.36      2.00     7   6.7499
#        1645       0.01816      4.10      2.00     7   6.7501
#        1646       0.02185     18.84      2.00     7   6.7510
#        1647       0.02028      5.68      2.00     7   6.7511
#        1648       0.02575      4.94      2.00     7   6.7513
#        1649       0.02344     12.92      2.00     7   6.7512
#        1650       0.01983      5.30      2.00     7   6.7522
#        1651       0.00599      4.80      2.00     3   6.7534
#        1652       0.02258      8.21      2.00     7   6.7533
#        1653       0.01940      7.15      2.00     7   6.7536
#        1654       0.02695      7.07      2.00     7   6.7534
#        1655       0.02222      7.86      2.00     7   6.7534
#        1656       0.02336      6.01      2.00     5   6.7551
#        1657       0.02098     23.40      2.00     7   6.7556
#        1658       0.01604     14.72      2.00     6   6.7573
#        1659       0.01524      6.78      2.00     6   6.7642
#        1660       0.01596     14.71      2.00     6   6.7734
#        1661       0.01525     25.54      2.00     7   6.7735
#        1663       0.01388      5.67      2.00     6   6.7777
#        1664       0.01215      9.17      2.00     6   6.7782
#        1665       0.02077      7.00      2.00     6   6.7780
#        1666       0.01648     43.11      2.00     7   6.7805
#        1667       0.02071      7.85      2.00     6   6.7827
#        1668       0.01112     32.55      2.00     7   6.7833
#        1669       0.01180      7.31      2.00     6   6.7869
#        1671       0.01314      4.70      2.00     6   6.7896
#        1672       0.00601      9.22      2.00     4   6.7906
#        1673       0.01630     21.88      2.00     7   6.7906
#        1676       0.01609     42.37      2.00     7   6.7945
#        1677       0.01147     48.83      2.00     7   6.7957
#        1678       0.01922      9.86      2.00     7   6.7967
#        1680       0.00619      5.63      2.00     3   6.7976
#        1681       0.02946     15.45      2.00     7   6.7974
#        1682       0.02295      8.55      2.00     7   6.7974
#        1684       0.02233      5.39      2.00     7   6.7979
#        1686       0.01660      6.79      2.00     7   6.8000
#        1687       0.02543      4.74      2.00     7   6.8001
#        1688       0.02156      9.73      2.00     7   6.8008
#        1691       0.02313      4.31      2.00     7   6.8019
#        1692       0.02301      7.23      2.00     7   6.8017
#        1693       0.02148      5.89      2.00     7   6.8029
#        1695       0.01678      4.54      2.00     7   6.8046
#        1697       0.01422      5.37      2.00     5   6.8060
#        1698       0.01969      4.47      2.00     7   6.8060
#        1699       0.02617      4.27      2.00     7   6.8067
#        1700       0.02493      5.79      2.00     7   6.8067
#        1701       0.01794      4.03      2.00     7   6.8064
#        1702       0.02254      4.63      2.00     7   6.8073
#        1703       0.01848      9.66      2.00     7   6.8088
#        1705       0.02770     15.96      2.00     7   6.8086
#        1706       0.02279      6.84      2.00     7   6.8086
#        1708       0.02053     12.96      2.00     7   6.8093
#        1709       0.01435      5.53      2.00     5   6.8104
#        1710       0.02581      4.36      2.00     7   6.8109
#        1711       0.01602     42.75      2.00     7   6.8106
#        1712       0.01780      5.38      2.00     7   6.8117
#        1715       0.02021      9.43      2.00     7   6.8122
#        1716       0.06308      7.55      2.00     7   6.8135
#        1718       0.01952      6.34      1.00     6   6.8140
#        1719       0.03562      7.64      2.00     7   6.8141
#        1720       0.01537      6.67      2.00     6   6.8148
#        1721       0.00584      7.25      2.00     4   6.8149
#        1722       0.01308      7.69      2.00     6   6.8153
#        1723       0.00826      5.24      2.00     6   6.8153
#        1725       0.02307      5.64      2.00     7   6.8153
#        1726       0.01744      4.94      2.00     7   6.8154
#        1727       0.01946      5.08      2.00     7   6.8156
#        1728       0.02156      4.40      2.00     7   6.8164
#        1731       0.01713      4.03      2.00     7   6.8167
#        1732       0.02211      9.24      2.00     7   6.8165
#        1733       0.02758      7.57      2.00     5   6.8172
#        1734       0.02546      6.19      2.00     5   6.8172
#        1735       0.02756      6.39      2.00     5   6.8177
#        1736       0.04961      7.32      2.00     7   6.8175
#        1737       0.01990     14.45      2.00     7   6.8176
#        1738       0.03724      7.02      2.00     7   6.8182
#        1739       0.02725      6.60      2.00     5   6.8188
#        1740       0.01645      5.24      2.00     7   6.8187
#        1741       0.01490      7.93      2.00     6   6.8202
#        1742       0.01687      4.41      2.00     7   6.8201
#        1743       0.01687      4.65      2.00     7   6.8203
#        1744       0.01443      5.61      2.00     6   6.8218
#        1745       0.01497      6.61      2.00     6   6.8227
#        1746       0.02072      4.02      2.00     6   6.8244
#        1747       0.00893     10.67      2.00     5   6.8258
#        1748       0.01058      8.20      2.00     6   6.8268
#        1749       0.01954      6.58      2.00     5   6.8265
#        1750       0.01750      5.61      2.00     7   6.8265
#        1751       0.01960      5.95      2.00     5   6.8275
#        1752       0.02660      5.52      2.00     7   6.8274
#        1754       0.00617     11.18      2.00     4   6.8292
#        1755       0.01960      6.26      2.00     5   6.8291
#        1756       0.02188     15.79      2.00     7   6.8303
#        1758       0.02771     10.90      2.00     6   6.8313
#        1760       0.01653      5.29      2.00     7   6.8318
#        1761       0.01653      4.86      2.00     7   6.8321
#        1762       0.01944      6.34      2.00     5   6.8323
#        1763       0.01479      5.97      2.00     6   6.8343
#        1764       0.01254      8.95      2.00     6   6.8369
#        1765       0.00830      6.07      2.00     6   6.8369
#        1766       0.01413      5.27      2.00     5   6.8375
#        1767       0.02047      7.57      2.00     6   6.8371
#        1768       0.01434      8.04      1.00     6   6.8376
#        1770       0.01497      6.42      2.00     6   6.8388
#        1774       0.02938     11.00      2.00     5   6.8410
#        1775       0.00596      8.36      2.00     4   6.8413
#        1778       0.01445      7.79      1.00     6   6.8419
#        1779       0.02646      5.03      2.00     7   6.8419
#        1780       0.02735      4.66      2.00     7   6.8423
#        1781       0.02606      5.20      2.00     7   6.8423
#        1782       0.02545     10.96      2.00     7   6.8424
#        1783       0.02423     12.71      2.00     7   6.8423
#        1784       0.01575      6.27      2.00     7   6.8428
#        1785       0.01570      4.45      2.00     7   6.8428
#        1786       0.01960      6.61      1.00     6   6.8433
#        1787       0.02928      5.35      2.00     7   6.8439
#        1788       0.02739      6.07      2.00     7   6.8439
#        1789       0.01988      8.54      2.00     7   6.8439
#        1790       0.02007      8.67      2.00     7   6.8439
#        1792       0.01900     23.61      2.00     7   6.8455
#        1798       0.02823     20.72      2.00     6   6.8487
#        1801       0.02988     15.97      2.00     6   6.8492
#        1802       0.01684      4.95      2.00     6   6.8502
#        1803       0.02892     16.74      2.00     6   6.8503
#        1804       0.02636      6.29      2.00     5   6.8507
#        1805       0.01562      5.68      2.00     7   6.8507
#        1807       0.02648      7.37      2.00     5   6.8512
#        1808       0.01842      6.55      2.00     7   6.8512
#        1809       0.00565     13.00      2.00     5   6.8521
#        1810       0.02630      6.19      2.00     5   6.8517
#        1811       0.02025      7.24      2.00     6   6.8533
#        1812       0.01829      6.34      2.00     7   6.8560
#        1813       0.01113      8.04      2.00     5   6.8577
#        1814       0.01954     13.98      2.00     6   6.8590
#        1816       0.01951     14.87      2.00     6   6.8606
#        1818       0.01945     15.28      2.00     6   6.8637
#        1821       0.02015      7.20      2.00     6   6.8641
#        1822       0.02257     11.68      2.00     6   6.8661
#        1824       0.01989      9.52      2.00     7   6.8662
#        1825       0.01766      9.44      2.00     7   6.8679
#        1828       0.00627      7.70      2.00     4   6.8689
#        1829       0.01936     14.64      2.00     6   6.8695
#        1830       0.02526      8.18      2.00     6   6.8706
#        1831       0.01795      4.04      2.00     7   6.8714
#        1832       0.01971      8.62      2.00     7   6.8713
#        1833       0.00580     15.62      2.00     5   6.8729
#        1834       0.01766      9.03      2.00     7   6.8731
#        1836       0.01422      7.58      1.00     6   6.8747
#        1837       0.01999      8.91      2.00     6   6.8746
#        1838       0.01231      7.26      2.00     6   6.8753
#        1839       0.01911     12.18      2.00     6   6.8753
#        1841       0.02581      4.52      2.00     7   6.8770
#        1842       0.02587      4.76      2.00     7   6.8770
#        1843       0.02439     10.78      2.00     7   6.8769
#        1844       0.02484     11.45      2.00     7   6.8771
#        1846       0.02706      5.30      2.00     7   6.8787
#        1847       0.02830      5.60      2.00     7   6.8788
#        1848       0.01971      8.53      2.00     7   6.8787
#        1849       0.02046      8.55      2.00     7   6.8788
#        1851       0.11007      6.45      2.00     7   6.8799
#        1852       0.02020      4.05      2.00     7   6.8807
#        1855       0.01903     23.87      2.00     7   6.8805
#        1856       0.01980      6.84      2.00     7   6.8818
#        1857       0.03956      6.33      2.00     7   6.8819
#        1858       0.02023     18.12      2.00     7   6.8823
#        1859       0.01993      7.18      2.00     7   6.8823
#        1860       0.01440      7.64      1.00     6   6.8830
#        1863       0.02812     10.66      2.00     5   6.8841
#        1865       0.01878     10.47      2.00     7   6.8860
#        1866       0.02051      9.76      2.00     7   6.8859
#        1867       0.03161     15.31      2.00     7   6.8856
#        1870       0.01106      7.91      2.00     5   6.8866
#        1871       0.01212      6.61      2.00     6   6.8869
#        1872       0.02784     15.69      2.00     6   6.8879
#        1873       0.03308      9.66      2.00     6   6.8882
#        1874       0.01681      4.16      2.00     7   6.8879
#        1875       0.01096      7.85      2.00     5   6.8885
#        1876       0.02729     20.10      2.00     6   6.8884
#        1878       0.02792     15.34      2.00     6   6.8889
#        1879       0.01978      9.58      2.00     6   6.8889
#        1880       0.02320     19.65      2.00     6   6.8892
#        1881       0.02834     13.04      2.00     6   6.8904
#        1883       0.02058      7.63      2.00     7   6.8900
#        1886       0.01966      9.04      2.00     7   6.8910
#        1887       0.02020      4.08      2.00     7   6.8915
#        1888       0.01764      7.95      2.00     7   6.8916
#        1889       0.01989      7.36      2.00     7   6.8921
#        1890       0.01766      8.47      2.00     7   6.8926
#        1891       0.01964      7.18      2.00     7   6.8926
#        1892       0.01999     19.35      2.00     7   6.8932
#        1893       0.01647      6.61      2.00     7   6.8961
#        1894       0.01611      6.69      2.00     7   6.8959
#        1895       0.01579      4.04      2.00     7   6.8967
#        1898       0.01100      7.80      2.00     5   6.9000
#        1899       0.00643      9.29      2.00     4   6.9021
#        1903       0.00707     21.85      2.00     5   6.9061
#        1904       0.01630      6.96      2.00     7   6.9060
#        1905       0.01644      4.69      2.00     7   6.9060
#        1906       0.01646      4.47      2.00     7   6.9060
#        1907       0.01639      6.95      2.00     7   6.9060
#        1908       0.01852      8.93      2.00     7   6.9094
#        1910       0.01801      4.18      2.00     7   6.9098
#        1911       0.02877     14.02      2.00     7   6.9100
#        1914       0.02774      5.83      2.00     7   6.9110
#        1915       0.01694      4.05      2.00     7   6.9127
#        1916       0.02192     15.39      2.00     7   6.9133
#        1922       0.02305     19.74      2.00     6   6.9201
#        1923       0.01067     55.57      2.00     7   6.9196
#        1924       0.02682     12.17      2.00     6   6.9203
#        1926       0.04220      5.60      2.00     7   6.9217
#        1927       0.01761      8.06      2.00     7   6.9220
#        1928       0.02185     19.20      2.00     6   6.9238
#        1929       0.02978      5.43      2.00     7   6.9236
#        1934       0.02651      5.28      2.00     7   6.9264
#        1935       0.01579      4.58      2.00     7   6.9263
#        1941       0.01627      4.41      2.00     7   6.9315
#        1942       0.00728     26.37      2.00     5   6.9337
#        1943       0.01044     12.43      2.00     7   6.9344
#        1944       0.03630      6.54      2.00     7   6.9348
#        1945       0.08242      6.44      2.00     7   6.9351
#        1946       0.01679     12.44      2.00     7   6.9356
#        1947       0.01533      4.85      2.00     7   6.9356
#        1949       0.02220     19.17      2.00     6   6.9372
#        1950       0.01095     50.75      2.00     7   6.9375
#        1952       0.03678      6.03      2.00     7   6.9382
#        1954       0.05931      6.24      2.00     7   6.9385
#        1961       0.01632      4.06      2.00     7   6.9448
#        1962       0.02442     11.07      2.00     6   6.9456
#        1964       0.01632      4.30      2.00     7   6.9458
#        1966       0.01182      6.34      2.00     6   6.9478
#        1969       0.01455      4.84      2.00     7   6.9492
#        1970       0.01455      4.78      2.00     7   6.9494
#        1973       0.01528      4.76      2.00     7   6.9505
#        1975       0.01531      4.66      2.00     7   6.9510
#        1976       0.01720     12.61      2.00     7   6.9516
#        1978       0.01999      6.39      2.00     6   6.9523
#        1979       0.01218      7.88      2.00     6   6.9524
#        1980       0.01833     13.30      2.00     6   6.9524
#        1981       0.01094     18.73      2.00     7   6.9534
#        1983       0.02372      9.45      2.00     6   6.9535
#        1984       0.01218      6.51      2.00     6   6.9535
#        1995       0.01901     10.70      2.00     7   6.9586
#        1996       0.01529     12.22      2.00     7   6.9592
#        1997       0.02312      7.99      2.00     7   6.9605
#        1998       0.01110      5.09      2.00     4   6.9628
#        1999       0.01451      4.80      2.00     7   6.9644
#        2000       0.01451      4.80      2.00     7   6.9643
#        2002       0.01286      4.29      2.00     6   6.9665
#        2004       0.01689      4.50      2.00     7   6.9674
#        2007       0.02007      4.01      2.00     7   6.9681
#        2011       0.01149      5.72      2.00     6   6.9718
#        2012       0.01583      4.34      2.00     7   6.9715
#        2019       0.02261      9.36      2.00     7   6.9753
#        2020       0.01675      4.50      2.00     7   6.9764
#        2022       0.02201     11.18      2.00     6   6.9765
#        2024       0.01599      4.30      2.00     7   6.9797
#        2028       0.00655      4.51      2.00     4   6.9860
#        2029       0.01330      9.76      2.00     6   6.9882
#        2035       0.01293      9.81      2.00     6   6.9935
#        2036       0.01491     12.22      2.00     7   6.9934
#        2037       0.01251      4.58      2.00     6   6.9946
#        2040       0.02753      6.21      2.00     6   7.0055
#        2047       0.01329      6.97      2.00     5   7.0096
#        2048       0.01714      4.45      2.00     6   7.0099
#        2049       0.01582     12.42      2.00     7   7.0095
#        2050       0.01786     11.73      2.00     7   7.0098
#        2052       0.01545      4.85      2.00     6   7.0142
#        2053       0.02643      8.07      2.00     6   7.0144
#        2054       0.00893      6.26      2.00     5   7.0154
#        2055       0.00894      6.18      2.00     5   7.0154
#        2056       0.01773      6.30      2.00     7   7.0162
#        2057       0.00668     11.39      2.00     5   7.0176
#        2058       0.00669     11.61      2.00     5   7.0176
#        2060       0.02687      6.58      2.00     6   7.0188
#        2061       0.00916     15.51      2.00     7   7.0197
#        2062       0.01391     29.31      2.00     7   7.0197
#        2063       0.01582      5.39      2.00     6   7.0205
#        2064       0.01782      7.42      2.00     7   7.0206
#        2066       0.01340      8.10      2.00     6   7.0227
#        2068       0.00909     15.45      2.00     7   7.0307
#        2069       0.01345     29.13      2.00     7   7.0307
#        2070       0.01374      6.94      2.00     5   7.0334
#        2071       0.01239     10.25      2.00     6   7.0346
#        2072       0.01323      8.85      2.00     6   7.0346
#        2073       0.01237      9.91      2.00     6   7.0370
#        2074       0.01335      9.08      2.00     6   7.0370
#        2075       0.01325      7.00      2.00     5   7.0373
#        2077       0.02569     10.25      2.00     6   7.0406
#        2078       0.01298     10.57      2.00     6   7.0406
#        2079       0.01315     10.77      2.00     6   7.0406
#        2081       0.02473     11.68      2.00     6   7.0412
#        2082       0.01287     10.58      2.00     6   7.0412
#        2083       0.01310     11.19      2.00     6   7.0412
#        2084       0.01312     11.19      2.00     6   7.0412
#        2085       0.01927     19.08      2.00     6   7.0412
#        2086       0.01313     13.16      2.00     6   7.0412
#        2087       0.01789     13.82      2.00     7   7.0414
#        2088       0.01375      6.77      2.00     7   7.0414
#        2089       0.02102     12.20      2.00     6   7.0418
#        2091       0.00869      6.18      2.00     5   7.0443
#        2092       0.00869      6.12      2.00     5   7.0443
#        2094       0.01529     10.05      2.00     7   7.0458
#        2096       0.00939     14.56      2.00     6   7.0469
#        2097       0.00717     35.02      2.00     6   7.0491
#        2098       0.00653      8.66      2.00     5   7.0495
#        2099       0.00654      8.92      2.00     5   7.0495
#        2100       0.01230     10.95      2.00     6   7.0493
#        2101       0.01240      9.96      2.00     6   7.0504
#        2102       0.00658      7.45      2.00     5   7.0510
#        2103       0.01244     10.51      2.00     6   7.0514
#        2104       0.01231     10.58      2.00     6   7.0545
#        2107       0.01559     10.63      2.00     7   7.0577
#        2108       0.01696      4.32      2.00     6   7.0605
#        2109       0.01986      6.97      2.00     6   7.0626
#        2111       0.01987     19.85      2.00     6   7.0650
#        2112       0.01380     14.52      2.00     7   7.0662
#        2113       0.01335     28.75      2.00     7   7.0662
#        2114       0.01658      4.29      2.00     6   7.0673
#        2115       0.01194      9.63      2.00     6   7.0670
#        2116       0.01257      8.58      2.00     6   7.0670
#        2117       0.01962      6.62      2.00     6   7.0683
#        2118       0.01343     27.78      2.00     7   7.0685
#        2119       0.01374      6.80      2.00     5   7.0703
#        2120       0.01215     10.03      2.00     6   7.0706
#        2121       0.01298      8.68      2.00     6   7.0706
#        2122       0.02547     28.64      2.00     7   7.0722
#        2123       0.02579     28.59      2.00     7   7.0722
#        2125       0.02759      5.41      2.00     7   7.0731
#        2126       0.01954     39.33      2.00     7   7.0727
#        2127       0.01948     32.29      2.00     7   7.0727
#        2128       0.02461     28.92      2.00     7   7.0727
#        2129       0.02488     30.39      2.00     7   7.0727
#        2130       0.02398     10.67      2.00     6   7.0735
#        2131       0.01270     10.20      2.00     6   7.0735
#        2132       0.01297     10.62      2.00     6   7.0735
#        2134       0.02915      4.76      2.00     7   7.0732
#        2135       0.02386     10.07      2.00     6   7.0739
#        2136       0.01267     10.24      2.00     6   7.0739
#        2137       0.01295     10.47      2.00     6   7.0739
#        2138       0.01298     10.91      2.00     6   7.0746
#        2139       0.01908     19.07      2.00     6   7.0746
#  1534/2000 paths used
#  -----------------------------------------------------------------------
#       k          chi          mag           phase @#
     0.0000    6.147937E+00  6.147991E+00  1.574989E+00
     0.0500    6.037646E+00  6.043073E+00  1.613178E+00
     0.1000    5.920029E+00  5.939383E+00  1.651548E+00
     0.1500    5.544232E+00  5.650966E+00  1.765463E+00
     0.2000    5.116646E+00  5.373005E+00  1.880947E+00
     0.2500    4.363945E+00  4.963946E+00  2.067562E+00
     0.3000    3.540230E+00  4.580119E+00  2.258106E+00
     0.3500    2.438258E+00  4.146842E+00  2.513034E+00
     0.4000    1.349345E+00  3.751400E+00  2.773656E+00
     0.4500    1.897886E-01  3.374995E+00  3.085329E+00
     0.5000   -7.786169E-01  3.036061E+00  3.400947E+00
     0.5500   -1.563708E+00  2.748842E+00  3.746713E+00
     0.6000   -2.016903E+00  2.481419E+00  4.090540E+00
     0.6500   -2.179528E+00  2.261732E+00  4.441952E+00
     0.7000   -2.033232E+00  2.038764E+00  4.786073E+00
     0.7500   -1.693761E+00  1.847043E+00  5.122661E+00
     0.8000   -1.213429E+00  1.639527E+00  5.449953E+00
     0.8500   -7.208019E-01  1.450475E+00  5.763114E+00
     0.9000   -2.691503E-01  1.247297E+00  6.065688E+00
     0.9500    7.520022E-02  1.065971E+00  6.353790E+00
     1.0000    2.964497E-01  8.784978E-01  6.627393E+00
     1.0500    4.001544E-01  7.109909E-01  6.880969E+00
     1.1000    4.018348E-01  5.482508E-01  7.105818E+00
     1.1500    3.454522E-01  4.086271E-01  7.290493E+00
     1.2000    2.557702E-01  2.859747E-01  7.390229E+00
     1.2500    1.713497E-01  1.968987E-01  7.338880E+00
     1.3000    1.094182E-01  1.555234E-01  7.063563E+00
     1.3500    8.447784E-02  1.679561E-01  6.810224E+00
     1.4000    9.474970E-02  2.036119E-01  6.767209E+00
     1.4500    1.336290E-01  2.395090E-01  6.875073E+00
     1.5000    1.834188E-01  2.645274E-01  7.049359E+00
     1.5500    2.320429E-01  2.782199E-01  7.269552E+00
     1.6000    2.608329E-01  2.777989E-01  7.502685E+00
     1.6500    2.649632E-01  2.661928E-01  7.757827E+00
     1.7000    2.405475E-01  2.434977E-01  8.009805E+00
     1.7500    1.947873E-01  2.129049E-01  8.269512E+00
     1.8000    1.373204E-01  1.751176E-01  8.523435E+00
     1.8500    8.342435E-02  1.359939E-01  8.764367E+00
     1.9000    4.048065E-02  9.246933E-02  8.971657E+00
     1.9500    3.638753E-02  5.646841E-02  8.724556E+00
     2.0000    1.581876E-02  2.312230E-02  8.671362E+00
     2.0500    2.926408E-02  2.996230E-02  7.637675E+00
     2.1000    5.148472E-02  5.402018E-02  7.546387E+00
     2.1500    7.319524E-02  7.451579E-02  7.665438E+00
     2.2000    9.044121E-02  9.052846E-02  7.810074E+00
     2.2500    9.700839E-02  9.857561E-02  8.032537E+00
     2.3000    9.603914E-02  1.032061E-01  8.228849E+00
     2.3500    9.158539E-02  1.070703E-01  8.398501E+00
     2.4000    8.532594E-02  1.116434E-01  8.554866E+00
     2.4500    7.207190E-02  1.094461E-01  8.705934E+00
     2.5000    6.019009E-02  1.085301E-01  8.836903E+00
     2.5500    4.952766E-02  1.097597E-01  8.956627E+00
     2.6000    3.876286E-02  1.134523E-01  9.076088E+00
     2.6500    2.252291E-02  1.154757E-01  9.228475E+00
     2.7000    4.712008E-03  1.184474E-01  9.384986E+00
     2.7500   -1.500116E-02  1.221349E-01  9.547913E+00
     2.8000   -3.649934E-02  1.262281E-01  9.718121E+00
     2.8500   -5.707090E-02  1.270474E-01  9.890658E+00
     2.9000   -7.690653E-02  1.282601E-01  1.006780E+01
     2.9500   -9.517316E-02  1.295702E-01  1.024975E+01
     3.0000   -1.107577E-01  1.307291E-01  1.043553E+01
     3.0500   -1.211622E-01  1.302444E-01  1.061992E+01
     3.1000   -1.273972E-01  1.296790E-01  1.080770E+01
     3.1500   -1.288825E-01  1.288830E-01  1.099847E+01
     3.2000   -1.253037E-01  1.277454E-01  1.119140E+01
     3.2500   -1.164541E-01  1.258029E-01  1.138352E+01
     3.3000   -1.032516E-01  1.236209E-01  1.157782E+01
     3.3500   -8.616385E-02  1.209865E-01  1.177378E+01
     3.4000   -6.621949E-02  1.177662E-01  1.196921E+01
     3.4500   -4.483056E-02  1.140433E-01  1.216237E+01
     3.5000   -2.331921E-02  1.100060E-01  1.235277E+01
     3.5500   -2.876763E-03  1.057680E-01  1.253917E+01
     3.6000    1.557528E-02  1.014784E-01  1.272046E+01
     3.6500    3.125402E-02  9.713826E-02  1.289395E+01
     3.7000    4.415848E-02  9.308617E-02  1.306063E+01
     3.7500    5.449477E-02  8.951264E-02  1.322091E+01
     3.8000    6.268446E-02  8.656624E-02  1.337613E+01
     3.8500    6.910868E-02  8.442573E-02  1.352529E+01
     3.9000    7.427328E-02  8.303221E-02  1.367371E+01
     3.9500    7.833606E-02  8.233080E-02  1.382438E+01
     4.0000    8.117670E-02  8.219088E-02  1.397991E+01
     4.0500    8.262536E-02  8.262562E-02  1.413969E+01
     4.1000    8.210179E-02  8.329820E-02  1.430686E+01
     4.1500    7.908376E-02  8.401647E-02  1.448154E+01
     4.2000    7.317423E-02  8.461024E-02  1.466313E+01
     4.2500    6.444861E-02  8.517807E-02  1.484981E+01
     4.3000    5.281320E-02  8.541150E-02  1.504134E+01
     4.3500    3.872795E-02  8.525025E-02  1.523639E+01
     4.4000    2.292976E-02  8.467184E-02  1.543373E+01
     4.4500    6.329481E-03  8.387421E-02  1.563243E+01
     4.5000   -1.017122E-02  8.269119E-02  1.583128E+01
     4.5500   -2.564573E-02  8.117333E-02  1.602941E+01
     4.6000   -3.931882E-02  7.938284E-02  1.622615E+01
     4.6500   -5.073080E-02  7.749437E-02  1.642167E+01
     4.7000   -5.944312E-02  7.546427E-02  1.661503E+01
     4.7500   -6.530899E-02  7.335072E-02  1.680611E+01
     4.8000   -6.834864E-02  7.119837E-02  1.699488E+01
     4.8500   -6.878745E-02  6.910965E-02  1.718216E+01
     4.9000   -6.677433E-02  6.703693E-02  1.736730E+01
     4.9500   -6.261044E-02  6.499400E-02  1.755042E+01
     5.0000   -5.664203E-02  6.298939E-02  1.773155E+01
     5.0500   -4.927214E-02  6.111379E-02  1.791179E+01
     5.1000   -4.083412E-02  5.930132E-02  1.809002E+01
     5.1500   -3.171395E-02  5.756570E-02  1.826609E+01
     5.2000   -2.227457E-02  5.592762E-02  1.843992E+01
     5.2500   -1.275613E-02  5.449247E-02  1.861327E+01
     5.3000   -3.438901E-03  5.320795E-02  1.878488E+01
     5.3500    5.498195E-03  5.209728E-02  1.895529E+01
     5.4000    1.393472E-02  5.117529E-02  1.912533E+01
     5.4500    2.191312E-02  5.050746E-02  1.929833E+01
     5.5000    2.920800E-02  5.000627E-02  1.947331E+01
     5.5500    3.566749E-02  4.963718E-02  1.965129E+01
     5.6000    4.108324E-02  4.935274E-02  1.983305E+01
     5.6500    4.528073E-02  4.914226E-02  2.002128E+01
     5.7000    4.785361E-02  4.889278E-02  2.021381E+01
     5.7500    4.854951E-02  4.855194E-02  2.041036E+01
     5.8000    4.721187E-02  4.807718E-02  2.061037E+01
     5.8500    4.385052E-02  4.749526E-02  2.081466E+01
     5.9000    3.856156E-02  4.673188E-02  2.102065E+01
     5.9500    3.166785E-02  4.578818E-02  2.122742E+01
     6.0000    2.362005E-02  4.467818E-02  2.143411E+01
     6.0500    1.493912E-02  4.359252E-02  2.164136E+01
     6.1000    6.094323E-03  4.240274E-02  2.184692E+01
     6.1500   -2.436228E-03  4.114397E-02  2.205040E+01
     6.2000   -1.026094E-02  3.985020E-02  2.225157E+01
     6.2500   -1.709047E-02  3.855115E-02  2.245045E+01
     6.3000   -2.273438E-02  3.726996E-02  2.264720E+01
     6.3500   -2.708587E-02  3.602210E-02  2.284212E+01
     6.4000   -3.010289E-02  3.481554E-02  2.303558E+01
     6.4500   -3.179214E-02  3.365199E-02  2.322793E+01
     6.5000   -3.219919E-02  3.252880E-02  2.341947E+01
     6.5500   -3.168014E-02  3.172125E-02  2.361286E+01
     6.6000   -3.001667E-02  3.093445E-02  2.380614E+01
     6.6500   -2.732387E-02  3.016256E-02  2.399927E+01
     6.7000   -2.375508E-02  2.940307E-02  2.419214E+01
     6.7500   -1.949343E-02  2.865658E-02  2.438465E+01
     6.8000   -1.473906E-02  2.792585E-02  2.457674E+01
     6.8500   -9.695872E-03  2.721432E-02  2.476846E+01
     6.9000   -4.560858E-03  2.652460E-02  2.495993E+01
     6.9500    4.818075E-04  2.585733E-02  2.515138E+01
     7.0000    5.262513E-03  2.521050E-02  2.534303E+01
     7.0500    9.760261E-03  2.472339E-02  2.553857E+01
     7.1000    1.372507E-02  2.423609E-02  2.573476E+01
     7.1500    1.701163E-02  2.374114E-02  2.593158E+01
     7.2000    1.950030E-02  2.323196E-02  2.612887E+01
     7.2500    2.110807E-02  2.270402E-02  2.632636E+01
     7.3000    2.179833E-02  2.215579E-02  2.652366E+01
     7.3500    2.158601E-02  2.158907E-02  2.672037E+01
     7.4000    2.053618E-02  2.100892E-02  2.691608E+01
     7.4500    1.875555E-02  2.042297E-02  2.711043E+01
     7.5000    1.637892E-02  1.984041E-02  2.730319E+01
     7.5500    1.354774E-02  1.930424E-02  2.749641E+01
     7.6000    1.040178E-02  1.878745E-02  2.768759E+01
     7.6500    7.082845E-03  1.829924E-02  2.787690E+01
     7.7000    3.713973E-03  1.784626E-02  2.806469E+01
     7.7500    3.990262E-04  1.743204E-02  2.825144E+01
     7.8000   -2.773618E-03  1.705694E-02  2.843767E+01
     7.8500   -5.725796E-03  1.671862E-02  2.862389E+01
     7.9000   -8.385171E-03  1.641274E-02  2.881056E+01
     7.9500   -1.068330E-02  1.613395E-02  2.899804E+01
     8.0000   -1.255652E-02  1.587661E-02  2.918658E+01
     8.0500   -1.398331E-02  1.567142E-02  2.937671E+01
     8.1000   -1.489357E-02  1.548376E-02  2.956814E+01
     8.1500   -1.525524E-02  1.530931E-02  2.976106E+01
     8.2000   -1.505180E-02  1.514410E-02  2.995559E+01
     8.2500   -1.428469E-02  1.498421E-02  3.015189E+01
     8.3000   -1.297516E-02  1.482548E-02  3.035009E+01
     8.3500   -1.116601E-02  1.466334E-02  3.055032E+01
     8.4000   -8.923131E-03  1.449262E-02  3.075265E+01
     8.4500   -6.336511E-03  1.430773E-02  3.095713E+01
     8.5000   -3.519715E-03  1.410294E-02  3.116369E+01
     8.5500   -5.989877E-04  1.394987E-02  3.137297E+01
     8.6000    2.304976E-03  1.377066E-02  3.158410E+01
     8.6500    5.040599E-03  1.356057E-02  3.179678E+01
     8.7000    7.460314E-03  1.331618E-02  3.201061E+01
     8.7500    9.434298E-03  1.303576E-02  3.222511E+01
     8.8000    1.086374E-02  1.271957E-02  3.243974E+01
     8.8500    1.169105E-02  1.236986E-02  3.265390E+01
     8.9000    1.190500E-02  1.199084E-02  3.286700E+01
     8.9500    1.153963E-02  1.158836E-02  3.307846E+01
     9.0000    1.066724E-02  1.116956E-02  3.328776E+01
     9.0500    9.447965E-03  1.082262E-02  3.349623E+01
     9.1000    7.907393E-03  1.047341E-02  3.370187E+01
     9.1500    6.154328E-03  1.012955E-02  3.390453E+01
     9.2000    4.290573E-03  9.797986E-03  3.410425E+01
     9.2500    2.404077E-03  9.484519E-03  3.430125E+01
     9.3000    5.660897E-04  9.193468E-03  3.449591E+01
     9.3500   -1.168175E-03  8.927462E-03  3.468875E+01
     9.4000   -2.756529E-03  8.687408E-03  3.488040E+01
     9.4500   -4.165832E-03  8.472613E-03  3.507154E+01
     9.5000   -5.368291E-03  8.281012E-03  3.526282E+01
     9.5500   -6.385746E-03  8.156723E-03  3.545680E+01
     9.6000   -7.152689E-03  8.048719E-03  3.565196E+01
     9.6500   -7.644272E-03  7.953191E-03  3.584869E+01
     9.7000   -7.840326E-03  7.866171E-03  3.604723E+01
     9.7500   -7.728270E-03  7.783723E-03  3.624775E+01
     9.8000   -7.306259E-03  7.702088E-03  3.645031E+01
     9.8500   -6.586004E-03  7.617800E-03  3.665485E+01
     9.9000   -5.594712E-03  7.527783E-03  3.686126E+01
     9.9500   -4.375645E-03  7.429445E-03  3.706934E+01
    10.0000   -2.986973E-03  7.320759E-03  3.727883E+01
    10.0500   -1.501912E-03  7.232462E-03  3.748993E+01
    10.1000    1.987323E-05  7.133233E-03  3.770190E+01
    10.1500    1.500435E-03  7.022579E-03  3.791443E+01
    10.2000    2.864604E-03  6.900587E-03  3.812719E+01
    10.2500    4.045749E-03  6.767903E-03  3.833985E+01
    10.3000    4.990678E-03  6.625690E-03  3.855207E+01
    10.3500    5.663046E-03  6.475537E-03  3.876358E+01
    10.4000    6.044889E-03  6.319347E-03  3.897411E+01
    10.4500    6.136211E-03  6.159208E-03  3.918347E+01
    10.5000    5.952945E-03  5.997247E-03  3.939153E+01
    10.5500    5.523767E-03  5.835491E-03  3.959824E+01
    10.6000    4.886428E-03  5.675753E-03  3.980361E+01
    10.6500    4.084156E-03  5.519538E-03  4.000772E+01
    10.7000    3.162560E-03  5.367989E-03  4.021070E+01
    10.7500    2.167234E-03  5.221870E-03  4.041273E+01
    10.8000    1.142076E-03  5.081579E-03  4.061402E+01
    10.8500    1.281844E-04  4.947193E-03  4.081479E+01
    10.9000   -8.368551E-04  4.818513E-03  4.101526E+01
    10.9500   -1.719480E-03  4.695126E-03  4.121566E+01
    11.0000   -2.490598E-03  4.576462E-03  4.141616E+01
    11.0500   -3.156856E-03  4.500345E-03  4.161816E+01
    11.1000   -3.677506E-03  4.428371E-03  4.182061E+01
    11.1500   -4.035936E-03  4.359738E-03  4.202366E+01
    11.2000   -4.221076E-03  4.293576E-03  4.222747E+01
    11.2500   -4.228094E-03  4.228994E-03  4.243212E+01
    11.3000   -4.059023E-03  4.165110E-03  4.263768E+01
    11.3500   -3.723188E-03  4.101095E-03  4.284416E+01
    11.4000   -3.237282E-03  4.036192E-03  4.305156E+01
    11.4500   -2.624997E-03  3.969737E-03  4.325981E+01
    11.5000   -1.916149E-03  3.901168E-03  4.346886E+01
    11.5500   -1.145313E-03  3.830026E-03  4.367862E+01
    11.6000   -3.500513E-04  3.755958E-03  4.388896E+01
    11.6500    4.311629E-04  3.678714E-03  4.409977E+01
    11.7000    1.161180E-03  3.598158E-03  4.431089E+01
    11.7500    1.806404E-03  3.514274E-03  4.452216E+01
    11.8000    2.338830E-03  3.427174E-03  4.473339E+01
    11.8500    2.737713E-03  3.337111E-03  4.494438E+01
    11.9000    2.990679E-03  3.244476E-03  4.515493E+01
    11.9500    3.094148E-03  3.149791E-03  4.536485E+01
    12.0000    3.053028E-03  3.053692E-03  4.557395E+01
    12.0500    2.910902E-03  2.991394E-03  4.578560E+01
    12.1000    2.646146E-03  2.929063E-03  4.599623E+01
    12.1500    2.277899E-03  2.867349E-03  4.620583E+01
    12.2000    1.828499E-03  2.806849E-03  4.641441E+01
    12.2500    1.321957E-03  2.748087E-03  4.662204E+01
    12.3000    7.826427E-04  2.691493E-03  4.682884E+01
    12.3500    2.342249E-04  2.637387E-03  4.703496E+01
    12.4000   -3.010874E-04  2.585968E-03  4.724059E+01
    12.4500   -8.030447E-04  2.537304E-03  4.744592E+01
    12.5000   -1.253660E-03  2.491326E-03  4.765120E+01
    12.5500   -1.637403E-03  2.447839E-03  4.785664E+01
    12.6000   -1.941385E-03  2.406528E-03  4.806246E+01
    12.6500   -2.155601E-03  2.366986E-03  4.826885E+01
    12.7000   -2.273254E-03  2.328741E-03  4.847595E+01
    12.7500   -2.291158E-03  2.291293E-03  4.868387E+01
    12.8000   -2.210117E-03  2.254141E-03  4.889265E+01
    12.8500   -2.035199E-03  2.216821E-03  4.910230E+01
    12.9000   -1.775801E-03  2.178930E-03  4.931277E+01
    12.9500   -1.445402E-03  2.140139E-03  4.952401E+01
    13.0000   -1.060991E-03  2.100206E-03  4.973589E+01
    13.0500   -6.470808E-04  2.071445E-03  4.994778E+01
    13.1000   -2.148182E-04  2.041157E-03  5.016004E+01
    13.1500    2.146191E-04  2.009325E-03  5.037250E+01
    13.2000    6.206354E-04  1.976027E-03  5.058497E+01
    13.2500    9.845026E-04  1.941430E-03  5.079730E+01
    13.3000    1.290464E-03  1.905780E-03  5.100934E+01
    13.3500    1.526535E-03  1.869376E-03  5.122098E+01
    13.4000    1.684930E-03  1.832545E-03  5.143216E+01
    13.4500    1.762116E-03  1.795599E-03  5.164286E+01
    13.5000    1.758564E-03  1.758813E-03  5.185312E+01
    13.5500    1.678301E-03  1.722391E-03  5.206303E+01
    13.6000    1.528389E-03  1.686450E-03  5.227269E+01
    13.6500    1.318401E-03  1.651022E-03  5.248222E+01
    13.7000    1.059937E-03  1.616062E-03  5.269173E+01
    13.7500    7.661592E-04  1.581468E-03  5.290133E+01
    13.8000    4.513025E-04  1.547112E-03  5.311106E+01
    13.8500    1.301097E-04  1.512866E-03  5.332097E+01
    13.9000   -1.828125E-04  1.478624E-03  5.353103E+01
    13.9500   -4.736907E-04  1.444320E-03  5.374123E+01
    14.0000   -7.302692E-04  1.409924E-03  5.395153E+01
    14.0500   -9.554365E-04  1.391268E-03  5.416407E+01
    14.1000   -1.132050E-03  1.372426E-03  5.437702E+01
    14.1500   -1.252948E-03  1.353287E-03  5.459037E+01
    14.2000   -1.313656E-03  1.333744E-03  5.480409E+01
    14.2500   -1.312629E-03  1.313694E-03  5.501815E+01
    14.3000   -1.251363E-03  1.293048E-03  5.523248E+01
    14.3500   -1.134347E-03  1.271735E-03  5.544699E+01
    14.4000   -9.688344E-04  1.249714E-03  5.566157E+01
    14.4500   -7.644275E-04  1.226984E-03  5.587608E+01
    14.5000   -5.324813E-04  1.203589E-03  5.609038E+01
    14.5500   -2.853664E-04  1.179622E-03  5.630433E+01
    14.6000   -3.566698E-05  1.155219E-03  5.651779E+01
    14.6500    2.046006E-04  1.130549E-03  5.673065E+01
    14.7000    4.246603E-04  1.105800E-03  5.694282E+01
    14.7500    6.154776E-04  1.081158E-03  5.715429E+01
    14.8000    7.700659E-04  1.056800E-03  5.736506E+01
    14.8500    8.836087E-04  1.032870E-03  5.757516E+01
    14.9000    9.534392E-04  1.009483E-03  5.778468E+01
    14.9500    9.789253E-04  9.867153E-04  5.799372E+01
    15.0000    9.612991E-04  9.646138E-04  5.820239E+01
    15.0500    9.097924E-04  9.487948E-04  5.840719E+01
    15.1000    8.229557E-04  9.338946E-04  5.861185E+01
    15.1500    7.052510E-04  9.198754E-04  5.881660E+01
    15.2000    5.620055E-04  9.066506E-04  5.902168E+01
    15.2500    3.993029E-04  8.940897E-04  5.922730E+01
    15.3000    2.238836E-04  8.820243E-04  5.943362E+01
    15.3500    4.302040E-05  8.702576E-04  5.964081E+01
    15.4000   -1.356604E-04  8.585747E-04  5.984893E+01
    15.4500   -3.044372E-04  8.467562E-04  6.005803E+01
    15.5000   -4.558387E-04  8.345919E-04  6.026806E+01
    15.5500   -5.830630E-04  8.218949E-04  6.047893E+01
    15.6000   -6.804320E-04  8.085142E-04  6.069047E+01
    15.6500   -7.438224E-04  7.943456E-04  6.090248E+01
    15.7000   -7.710075E-04  7.793389E-04  6.111470E+01
    15.7500   -7.618483E-04  7.635014E-04  6.132687E+01
    15.8000   -7.182949E-04  7.468973E-04  6.153870E+01
    15.8500   -6.441872E-04  7.296435E-04  6.174989E+01
    15.9000   -5.448813E-04  7.119013E-04  6.196021E+01
    15.9500   -4.267555E-04  6.938662E-04  6.216942E+01
    16.0000   -2.966655E-04  6.757551E-04  6.237735E+01
    16.0500   -1.642607E-04  6.608397E-04  6.258066E+01
    16.1000   -3.176069E-05  6.462466E-04  6.278269E+01
    16.1500    9.550527E-05  6.321583E-04  6.298351E+01
    16.2000    2.129876E-04  6.187308E-04  6.318327E+01
    16.2500    3.169687E-04  6.060843E-04  6.338219E+01
    16.3000    4.045282E-04  5.942943E-04  6.358055E+01
    16.3500    4.734576E-04  5.833866E-04  6.377868E+01
    16.4000    5.221631E-04  5.733340E-04  6.397695E+01
    16.4500    5.495950E-04  5.640584E-04  6.417570E+01
    16.5000    5.552276E-04  5.554354E-04  6.437529E+01
    16.5500    5.391007E-04  5.473036E-04  6.457600E+01
    16.6000    5.019095E-04  5.394768E-04  6.477804E+01
    16.6500    4.451154E-04  5.317572E-04  6.498155E+01
    16.7000    3.710374E-04  5.239493E-04  6.518656E+01
    16.7500    2.828842E-04  5.158729E-04  6.539304E+01
    16.8000    1.846934E-04  5.073736E-04  6.560087E+01
    16.8500    8.116357E-05  4.983307E-04  6.580985E+01
    16.9000   -2.261524E-05  4.886627E-04  6.601974E+01
    16.9500   -1.215056E-04  4.783295E-04  6.623028E+01
    17.0000   -2.106986E-04  4.673316E-04  6.644117E+01
    17.0500   -2.892430E-04  4.587108E-04  6.665572E+01
    17.1000   -3.511999E-04  4.495510E-04  6.687007E+01
    17.1500   -3.941521E-04  4.399317E-04  6.708399E+01
    17.2000   -4.169042E-04  4.299513E-04  6.729726E+01
    17.2500   -4.194702E-04  4.197203E-04  6.750972E+01
    17.3000   -4.029572E-04  4.093544E-04  6.772126E+01
    17.3500   -3.693731E-04  3.989673E-04  6.793183E+01
    17.4000   -3.213933E-04  3.886637E-04  6.814143E+01
    17.4500   -2.621213E-04  3.785339E-04  6.835014E+01
    17.5000   -1.948703E-04  3.686492E-04  6.855808E+01
    17.5500   -1.229858E-04  3.590580E-04  6.876544E+01
    17.6000   -4.971452E-05  3.497846E-04  6.897243E+01
    17.6500    2.188490E-05  3.408288E-04  6.917929E+01
    17.7000    8.900010E-05  3.321677E-04  6.938629E+01
    17.7500    1.491086E-04  3.237580E-04  6.959366E+01
    17.8000    2.000211E-04  3.155409E-04  6.980162E+01
    17.8500    2.399346E-04  3.074462E-04  7.001036E+01
    17.9000    2.674978E-04  2.993978E-04  7.022001E+01
    17.9500    2.818859E-04  2.913194E-04  7.043066E+01
    18.0000    2.828706E-04  2.831387E-04  7.064231E+01
    18.0500    2.741962E-04  2.780895E-04  7.085336E+01
    18.1000    2.534096E-04  2.728077E-04  7.106521E+01
    18.1500    2.217945E-04  2.672527E-04  7.127769E+01
    18.2000    1.812264E-04  2.613998E-04  7.149058E+01
    18.2500    1.340611E-04  2.552415E-04  7.170364E+01
    18.3000    8.297383E-05  2.487871E-04  7.191660E+01
    18.3500    3.076576E-05  2.420621E-04  7.212919E+01
    18.4000   -1.984080E-05  2.351068E-04  7.234112E+01
    18.4500   -6.639301E-05  2.279734E-04  7.255214E+01
    18.5000   -1.068628E-04  2.207234E-04  7.276202E+01
    18.5500   -1.397504E-04  2.134245E-04  7.297055E+01
    18.6000   -1.641291E-04  2.061461E-04  7.317758E+01
    18.6500   -1.796322E-04  1.989566E-04  7.338303E+01
    18.7000   -1.863928E-04  1.919189E-04  7.358687E+01
    18.7500   -1.849519E-04  1.850874E-04  7.378916E+01
    18.8000   -1.761516E-04  1.785056E-04  7.399001E+01
    18.8500   -1.610314E-04  1.722037E-04  7.418962E+01
    18.9000   -1.407397E-04  1.661974E-04  7.438824E+01
    18.9500   -1.164666E-04  1.604882E-04  7.458617E+01
    19.0000   -8.940122E-05  1.550637E-04  7.478373E+01
    19.0500   -6.176251E-05  1.516696E-04  7.497882E+01
    19.1000   -3.298657E-05  1.485304E-04  7.517427E+01
    19.1500   -4.048590E-06  1.456056E-04  7.537041E+01
    19.2000    2.406879E-05  1.428481E-04  7.556752E+01
    19.2500    5.038343E-05  1.402077E-04  7.576579E+01
    19.3000    7.393768E-05  1.376337E-04  7.596535E+01
    19.3500    9.383831E-05  1.350783E-04  7.616622E+01
    19.4000    1.093086E-04  1.324986E-04  7.636839E+01
    19.4500    1.197456E-04  1.298586E-04  7.657176E+01
    19.5000    1.247737E-04  1.271304E-04  7.677617E+01
    19.5500    1.242853E-04  1.242949E-04  7.698145E+01
    19.6000    1.184610E-04  1.213421E-04  7.718737E+01
    19.6500    1.077650E-04  1.182711E-04  7.739370E+01
    19.7000    9.291349E-05  1.150886E-04  7.760022E+01
    19.7500    7.482091E-05  1.118088E-04  7.780670E+01
    19.8000    5.452979E-05  1.084507E-04  7.801297E+01
    19.8500    3.313375E-05  1.050369E-04  7.821889E+01
    19.9000    1.170347E-05  1.015913E-04  7.842436E+01
    19.9500   -8.776190E-06  9.813664E-05  7.862936E+01
    20.0000   -2.745228E-05  9.469282E-05  7.883395E+01
