# # Once                                                         FEFF 10.0.0 
# # POT  SCF 100  9.0000   0, NO core-hole, FOLP (folp(0)= 1.150)
# # Abs   Z=30 Rmt= 1.378 Rnm= 1.522 K  shell
# #   RGRID 0.0100
# # Pot 1 Z= 6 Rmt= 0.897 Rnm= 1.122
# # Pot 2 Z= 6 Rmt= 0.924 Rnm= 1.165
# # Pot 3 Z= 1 Rmt= 0.551 Rnm= 0.958
# # Pot 4 Z=16 Rmt= 1.260 Rnm= 1.480
# # Gam_ch=1.897E+00 H-L exch Vi=-5.000E-01 Vr= 0.000E+00
# # Mu=-7.338E+00eV kf=1.973E+00 Vint=-1.292E+01eV Rs_int= 1.838
# # PATH  Rmax= 9.000,  Keep_limit= 0.00, Heap_limit 0.00  Pwcrit= 2.50%
#  S02=1.000  Temp=  10.00  Debye_temp= 315.00  Global_sig2= 0.00000
#  Energy zero shift, vr, vi    0.00000E+00   0.00000E+00
#  Curved wave amplitude ratio filter   4.000%
#     file         sig2 tot  cw amp ratio   deg  nlegs   reff  inp sig2
#           1       0.00300    100.00      1.00     2   2.3545
#           2       0.00303     99.39      1.00     2   2.3604
#           3       0.00309     98.61      1.00     2   2.3680
#           4       0.00313     98.40      1.00     2   2.3701
#           5       0.02601     14.98      1.00     2   3.0049
#           6       0.02652     12.98      1.00     2   3.1873
#           7       0.03254     12.95      1.00     2   3.1905
#           8       0.02936     12.68      1.00     2   3.2173
#           9       0.03078     12.30      1.00     2   3.2580
#          10       0.00608     42.69      1.00     2   3.2862
#          11       0.00653     42.04      1.00     2   3.3062
#          12       0.00602     41.94      1.00     2   3.3097
#          13       0.00592     39.56      1.00     2   3.3875
#          14       0.03444     11.06      1.00     2   3.4029
#          15       0.01312     20.40      2.00     3   3.7021
#          16       0.01066     30.99      1.00     2   3.7329
#          17       0.00420     49.87      2.00     3   3.7359
#          18       0.00419     49.78      2.00     3   3.7456
#          19       0.00437     49.19      2.00     3   3.7513
#          20       0.00425     48.62      2.00     3   3.7906
#          21       0.01416     14.07      2.00     3   3.8096
#          22       0.01480     12.98      2.00     3   3.8184
#          23       0.01295     15.86      2.00     3   3.8334
#          24       0.03839      8.22      1.00     2   3.8373
#          25       0.01106     28.05      1.00     2   3.8820
#          26       0.01611      9.55      2.00     3   3.8910
#          27       0.01627      9.15      2.00     3   3.9798
#          28       0.01674      9.16      2.00     3   3.9885
#          29       0.01794     21.52      2.00     3   4.0081
#          30       0.01703      9.01      2.00     3   4.0120
#          31       0.01994      7.15      1.00     2   4.0561
#          32       0.03624      6.98      1.00     2   4.0966
#          33       0.02419     12.28      1.00     4   4.0979
#          34       0.00956      4.74      2.00     4   4.1472
#          35       0.00448     17.98      1.00     4   4.1815
#          36       0.00451     18.63      1.00     4   4.1856
#          37       0.01907     17.32      2.00     3   4.1890
#          38       0.01161     22.98      1.00     2   4.1940
#          39       0.00455     15.53      1.00     4   4.1936
#          40       0.00458     17.99      1.00     4   4.1964
#          41       0.03688      6.51      1.00     2   4.2105
#          42       0.01344     21.68      2.00     3   4.2278
#          43       0.00426     11.25      2.00     3   4.2329
#          44       0.00999      4.99      2.00     4   4.2365
#          45       0.01504      6.38      1.00     2   4.2447
#          47       0.00431     11.73      2.00     3   4.2532
#          48       0.01286      6.33      1.00     2   4.2581
#          49       0.00426     11.69      2.00     3   4.2625
#          50       0.01214      6.30      1.00     2   4.2652
#          51       0.00625     25.56      2.00     3   4.2673
#          53       0.00461     11.49      2.00     3   4.2739
#          54       0.02339     10.53      1.00     4   4.2793
#          55       0.03294     11.06      1.00     4   4.2834
#          56       0.02588     10.12      1.00     4   4.3095
#          57       0.00906     21.34      1.00     2   4.3156
#          58       0.01098     28.48      2.00     3   4.3224
#          59       0.01112     27.17      2.00     3   4.3305
#          60       0.02735      9.72      1.00     4   4.3505
#          61       0.00630     22.97      2.00     3   4.3540
#          62       0.01158     23.39      2.00     3   4.3628
#          63       0.00436     14.13      2.00     3   4.3625
#          64       0.00435     14.11      2.00     3   4.3671
#          65       0.01141     35.64      1.00     4   4.3796
#          66       0.03412      5.86      1.00     2   4.3887
#          67       0.01145     18.26      1.00     4   4.3995
#          68       0.01124     32.35      1.00     4   4.4030
#          69       0.02052      4.64      2.00     3   4.4101
#          70       0.01349      9.33      2.00     3   4.4158
#          71       0.00588     18.64      2.00     3   4.4490
#          72       0.01094     23.91      1.00     4   4.4808
#          73       0.03594      9.37      1.00     4   4.4959
#          74       0.01195     12.21      2.00     3   4.4997
#          75       0.01259     11.54      2.00     3   4.5040
#          76       0.01174     12.13      2.00     3   4.5075
#          77       0.02088     11.82      2.00     3   4.5182
#          78       0.00601     18.54      2.00     3   4.5255
#          79       0.01129      8.38      2.00     4   4.5425
#          80       0.00614     21.37      2.00     3   4.5489
#          81       0.02137     11.13      2.00     3   4.5624
#          82       0.00953     30.00      2.00     4   4.5647
#          83       0.01381      6.02      2.00     3   4.5687
#          84       0.00598     28.69      2.00     3   4.5693
#          85       0.00951     28.72      2.00     4   4.5722
#          86       0.01699      7.97      2.00     4   4.5817
#          87       0.02905      4.13      2.00     3   4.5833
#          88       0.00969     15.68      2.00     4   4.5874
#          89       0.01815      4.13      2.00     3   4.5968
#          90       0.01768      4.07      2.00     3   4.6177
#          91       0.00957     23.42      2.00     4   4.6221
#          92       0.01317      6.42      2.00     3   4.6234
#          93       0.02125      6.03      2.00     4   4.6236
#          95       0.01951      5.06      1.00     2   4.6496
#          96       0.01176      8.70      2.00     4   4.6609
#          97       0.01085     16.04      2.00     4   4.6729
#          98       0.00602     18.90      2.00     3   4.6810
#          99       0.02034     11.41      2.00     3   4.6819
#         100       0.01726      9.69      2.00     4   4.6902
#         101       0.01776      9.98      2.00     4   4.6989
#         102       0.00600     12.36      1.00     4   4.7089
#         104       0.01646      8.48      2.00     4   4.7148
#         105       0.00524     12.87      2.00     4   4.7170
#         106       0.00606     12.21      1.00     4   4.7208
#         108       0.00470      7.94      2.00     4   4.7246
#         109       0.00471      7.96      2.00     4   4.7285
#         111       0.01095      8.73      2.00     3   4.7351
#         112       0.00619     12.02      1.00     4   4.7361
#         113       0.02374      5.16      2.00     3   4.7383
#         115       0.01554     20.52      2.00     3   4.7390
#         116       0.00555     19.81      2.00     3   4.7391
#         117       0.00625     11.96      1.00     4   4.7402
#         118       0.01410      6.49      1.00     4   4.7414
#         119       0.02936      4.81      1.00     2   4.7445
#         120       0.01407      6.43      1.00     4   4.7498
#         121       0.01888      7.90      2.00     3   4.7526
#         122       0.01413      5.72      1.00     4   4.7633
#         123       0.01167      7.09      2.00     3   4.7652
#         124       0.00998     19.16      2.00     4   4.7658
#         125       0.00956     20.70      2.00     4   4.7664
#         126       0.00945     20.98      2.00     4   4.7721
#         129       0.01802      4.48      2.00     3   4.7812
#         130       0.01964      4.71      1.00     2   4.7831
#         131       0.02510      5.22      2.00     3   4.7892
#         132       0.00539     10.07      2.00     4   4.7899
#         133       0.02691      5.68      2.00     4   4.7934
#         134       0.01858     12.14      2.00     5   4.7953
#         135       0.01227     16.61      2.00     5   4.7951
#         136       0.01299      6.82      2.00     4   4.7995
#         137       0.00639      7.36      1.00     4   4.8016
#         139       0.01969      5.36      2.00     4   4.8087
#         140       0.00670     21.07      1.00     4   4.8229
#         141       0.00633      4.54      1.00     4   4.8259
#         142       0.01599      5.99      1.00     4   4.8259
#         143       0.01340     23.06      1.00     4   4.8284
#         145       0.01689      4.81      2.00     3   4.8296
#         146       0.00941     57.27      2.00     5   4.8293
#         147       0.02005      5.21      2.00     4   4.8305
#         149       0.00934     53.93      2.00     5   4.8389
#         150       0.00961     30.37      2.00     5   4.8445
#         151       0.01271      7.24      2.00     4   4.8539
#         152       0.02022      5.08      2.00     4   4.8546
#         155       0.02463      5.41      2.00     3   4.8792
#         156       0.01561     18.57      2.00     3   4.8803
#         158       0.00936     43.30      2.00     5   4.8839
#         159       0.02314      4.21      2.00     4   4.8910
#         160       0.02136      8.65      2.00     4   4.8961
#         161       0.02019     14.18      2.00     5   4.9029
#         162       0.00650      9.09      1.00     4   4.9038
#         163       0.02350      4.40      1.00     2   4.9104
#         164       0.01380     11.35      2.00     5   4.9109
#         165       0.02102     14.47      2.00     5   4.9118
#         166       0.01221      9.54      2.00     4   4.9173
#         167       0.01862     12.72      2.00     5   4.9267
#         168       0.01679      5.22      2.00     3   4.9308
#         169       0.04512      6.87      1.00     4   4.9307
#         170       0.00555      9.73      2.00     4   4.9520
#         171       0.01209     10.10      2.00     4   4.9651
#         172       0.01653      6.21      1.00     4   4.9751
#         173       0.01364     20.31      1.00     4   4.9774
#         176       0.00513     11.67      2.00     4   4.9834
#         177       0.01481      4.55      2.00     5   4.9832
#         178       0.01339     12.37      2.00     4   4.9888
#         179       0.02750      5.01      2.00     4   4.9888
#         180       0.01055      9.14      2.00     5   4.9922
#         181       0.00509     17.28      2.00     4   4.9927
#         182       0.01207      8.16      2.00     4   4.9948
#         183       0.00509      9.96      2.00     4   4.9974
#         184       0.01189     10.88      2.00     4   5.0063
#         185       0.00960     24.31      2.00     5   5.0081
#         186       0.02491      5.30      2.00     4   5.0142
#         187       0.00524     17.75      2.00     4   5.0144
#         188       0.00961     24.68      2.00     5   5.0144
#         189       0.01946     10.39      2.00     3   5.0158
#         192       0.00967     20.86      2.00     5   5.0251
#         193       0.00832      4.93      2.00     3   5.0287
#         195       0.00965     12.06      2.00     5   5.0325
#         196       0.00504      9.89      2.00     4   5.0359
#         197       0.01382      6.43      2.00     3   5.0498
#         199       0.01464      8.24      2.00     4   5.0526
#         200       0.01930      4.08      1.00     2   5.0565
#         201       0.02368      7.02      2.00     3   5.0564
#         202       0.01511      5.18      2.00     5   5.0680
#         203       0.00711      4.97      2.00     3   5.0704
#         205       0.01598      5.28      2.00     5   5.0721
#         207       0.02253      7.47      2.00     4   5.0761
#         208       0.01646      6.39      2.00     4   5.0953
#         210       0.01267      5.56      2.00     4   5.0969
#         211       0.01125      9.38      2.00     5   5.0968
#         212       0.01650      5.17      2.00     5   5.0969
#         213       0.02279      7.12      2.00     5   5.1012
#         214       0.06719     16.96      2.00     5   5.1011
#         215       0.01755      5.51      2.00     4   5.1031
#         216       0.02045     13.52      2.00     5   5.1036
#         217       0.00698      8.97      1.00     4   5.1113
#         218       0.01381      6.53      2.00     5   5.1179
#         219       0.01412      8.68      2.00     4   5.1201
#         221       0.01412      6.88      2.00     3   5.1281
#         222       0.01176      7.82      2.00     4   5.1320
#         223       0.00711      8.86      1.00     4   5.1326
#         224       0.02239      8.67      2.00     3   5.1343
#         225       0.00705      8.98      1.00     4   5.1367
#         226       0.01168      4.88      2.00     4   5.1373
#         227       0.01169     14.68      2.00     4   5.1392
#         228       0.01622      6.10      2.00     3   5.1478
#         229       0.01608      5.17      1.00     4   5.1493
#         230       0.01421      8.54      2.00     4   5.1538
#         231       0.01520     10.40      2.00     3   5.1595
#         233       0.00727      5.24      2.00     3   5.1621
#         234       0.00563      4.61      1.00     4   5.1625
#         235       0.00576      5.30      1.00     4   5.1652
#         237       0.00569      4.69      1.00     4   5.1689
#         238       0.01277      6.33      2.00     4   5.1724
#         239       0.01519     15.08      2.00     3   5.1730
#         242       0.02553      4.68      2.00     4   5.1872
#         243       0.01567      7.54      2.00     3   5.1898
#         244       0.03830      5.74      1.00     4   5.1896
#         245       0.05062     12.16      1.00     6   5.1909
#         246       0.00700      8.88      1.00     4   5.2131
#         247       0.01186      6.60      2.00     4   5.2177
#         248       0.01254     17.55      2.00     5   5.2187
#         249       0.01169      5.74      2.00     4   5.2240
#         250       0.01171     15.28      2.00     4   5.2252
#         252       0.01689      9.22      2.00     6   5.2404
#         253       0.00589     10.97      2.00     5   5.2513
#         254       0.01736      5.42      2.00     5   5.2593
#         255       0.00570     10.16      2.00     5   5.2618
#         256       0.01381     13.35      2.00     3   5.2668
#         257       0.00551     36.94      2.00     5   5.2680
#         258       0.02253      6.02      2.00     4   5.2722
#         259       0.01273     13.48      2.00     4   5.2733
#         260       0.00935      4.32      1.00     6   5.2736
#         261       0.00982     25.13      1.00     6   5.2748
#         263       0.00995     26.11      1.00     6   5.2790
#         264       0.02440      6.62      2.00     5   5.2820
#         265       0.06922     13.71      2.00     5   5.2819
#         266       0.02118     11.63      2.00     5   5.2843
#         267       0.00913      7.53      1.00     6   5.2857
#         268       0.01764      6.26      1.00     4   5.2870
#         269       0.00977     21.02      1.00     6   5.2869
#         270       0.01770      4.89      2.00     4   5.2891
#         271       0.00961      8.58      1.00     6   5.2895
#         272       0.01392     15.46      1.00     4   5.2896
#         273       0.00998     13.55      1.00     6   5.2896
#         274       0.01507      8.65      2.00     3   5.2972
#         275       0.01444      7.53      2.00     3   5.3047
#         276       0.02575      5.99      2.00     3   5.3067
#         277       0.00570     19.92      2.00     5   5.3069
#         278       0.01961      4.33      2.00     4   5.3161
#         279       0.01212     10.10      2.00     5   5.3203
#         280       0.02187     19.16      2.00     5   5.3210
#         281       0.01310      8.61      2.00     5   5.3258
#         282       0.01264      8.99      2.00     4   5.3277
#         284       0.01782     10.36      2.00     6   5.3298
#         285       0.01356      7.20      2.00     5   5.3338
#         287       0.01933     10.81      2.00     6   5.3388
#         288       0.01697      4.79      2.00     4   5.3444
#         289       0.01441      4.30      2.00     4   5.3500
#         290       0.01257     12.31      2.00     5   5.3497
#         291       0.01271     13.17      2.00     4   5.3522
#         293       0.01987      4.02      2.00     4   5.3540
#         294       0.02401      5.09      1.00     4   5.3582
#         295       0.01100      8.03      2.00     5   5.3602
#         296       0.01204      9.20      2.00     5   5.3603
#         297       0.01185     35.70      2.00     5   5.3607
#         300       0.01994     10.83      2.00     6   5.3615
#         301       0.01097     34.10      2.00     5   5.3627
#         303       0.02681      7.68      2.00     4   5.3653
#         305       0.01313      9.23      2.00     4   5.3707
#         306       0.01122     11.38      2.00     4   5.3748
#         307       0.02289      5.48      2.00     4   5.3796
#         308       0.01219     11.69      2.00     4   5.3834
#         310       0.01968      5.36      2.00     5   5.3846
#         311       0.02333      5.36      2.00     4   5.3874
#         312       0.01077      5.50      2.00     5   5.3886
#         313       0.02733      4.12      2.00     3   5.3983
#         315       0.00692      7.38      2.00     3   5.4022
#         316       0.02215      5.60      2.00     4   5.4023
#         317       0.02757      4.46      2.00     3   5.4032
#         318       0.02404      5.78      2.00     4   5.4061
#         319       0.01648     12.59      2.00     5   5.4072
#         320       0.01574      6.82      1.00     4   5.4087
#         321       0.02222     11.51      2.00     5   5.4106
#         322       0.01206     12.51      1.00     4   5.4112
#         323       0.01176      4.99      2.00     4   5.4121
#         324       0.01221     10.90      2.00     4   5.4132
#         325       0.01655      8.16      2.00     4   5.4137
#         326       0.01649      4.03      2.00     5   5.4144
#         327       0.02301     24.46      2.00     5   5.4158
#         328       0.01145      7.49      2.00     4   5.4191
#         329       0.01148     15.66      2.00     4   5.4212
#         331       0.01920      4.04      2.00     4   5.4233
#         332       0.02249     23.44      2.00     5   5.4239
#         334       0.00488      6.49      2.00     5   5.4333
#         335       0.00491      8.54      2.00     5   5.4331
#         336       0.01036      8.70      2.00     5   5.4339
#         338       0.00496     13.40      2.00     5   5.4378
#         339       0.01129     10.09      2.00     4   5.4390
#         340       0.00496      6.71      2.00     5   5.4389
#         341       0.01125     16.45      2.00     4   5.4416
#         343       0.01091      7.55      2.00     5   5.4469
#         344       0.01187     32.03      2.00     5   5.4473
#         345       0.01223     10.42      2.00     5   5.4470
#         346       0.02488      5.58      2.00     4   5.4497
#         347       0.01093     32.37      2.00     5   5.4493
#         349       0.01195      9.77      2.00     5   5.4514
#         350       0.01427      4.03      2.00     4   5.4522
#         351       0.01146      8.96      2.00     4   5.4551
#         352       0.02145     20.45      2.00     5   5.4561
#         354       0.00639      8.23      2.00     3   5.4588
#         355       0.02884      4.32      2.00     3   5.4589
#         356       0.01475      4.49      2.00     4   5.4589
#         357       0.01644      5.07      2.00     4   5.4597
#         358       0.00649     11.80      2.00     3   5.4622
#         360       0.00659     11.18      2.00     3   5.4722
#         361       0.01481      5.57      1.00     4   5.4721
#         362       0.02067      7.99      2.00     6   5.4721
#         364       0.02345     35.59      1.00     6   5.4730
#         365       0.00649     10.94      2.00     3   5.4767
#         366       0.01066      6.80      2.00     4   5.4815
#         367       0.01130      4.80      2.00     5   5.4818
#         368       0.01546      4.46      2.00     4   5.4876
#         370       0.01173      9.90      2.00     4   5.4908
#         371       0.01973      8.87      2.00     6   5.4925
#         372       0.02329     18.64      1.00     6   5.4927
#         373       0.02039      8.25      2.00     6   5.4952
#         374       0.02306     32.47      1.00     6   5.4963
#         375       0.01231      4.39      2.00     5   5.4973
#         376       0.01213      5.80      2.00     4   5.4995
#         378       0.03253      5.55      2.00     3   5.5070
#         379       0.01818      8.17      2.00     5   5.5090
#         380       0.01277     10.09      2.00     4   5.5148
#         381       0.01242     13.08      2.00     4   5.5204
#         382       0.01345     12.86      2.00     5   5.5236
#         383       0.01154      6.82      2.00     5   5.5232
#         384       0.01147      8.82      2.00     4   5.5237
#         386       0.01114     10.03      2.00     4   5.5242
#         387       0.01712     11.35      2.00     5   5.5246
#         388       0.01242     12.50      2.00     4   5.5279
#         389       0.01105      9.51      2.00     5   5.5284
#         390       0.02284     10.27      2.00     5   5.5300
#         392       0.01343      5.06      2.00     5   5.5312
#         393       0.01692      4.05      2.00     5   5.5321
#         395       0.01062     21.69      2.00     5   5.5445
#         396       0.03323      7.25      2.00     4   5.5449
#         397       0.01580      4.78      2.00     4   5.5509
#         398       0.02019      4.36      2.00     4   5.5515
#         399       0.01458      4.17      1.00     4   5.5528
#         400       0.01435      4.13      2.00     5   5.5528
#         401       0.01076      6.57      2.00     4   5.5564
#         402       0.02745      4.72      2.00     4   5.5574
#         403       0.00792     18.79      2.00     5   5.5610
#         404       0.01256      6.02      2.00     4   5.5640
#         405       0.02043      4.54      2.00     5   5.5660
#         406       0.02367      5.16      2.00     4   5.5695
#         407       0.00794     19.08      2.00     5   5.5726
#         408       0.02884      4.26      2.00     5   5.5735
#         409       0.02236     24.30      1.00     6   5.5741
#         410       0.00799     18.64      2.00     5   5.5777
#         411       0.01630      4.41      2.00     4   5.5790
#         412       0.01617      7.95      2.00     5   5.5787
#         413       0.01243      7.08      2.00     4   5.5830
#         414       0.01937      7.81      2.00     5   5.5848
#         415       0.03045      4.10      2.00     4   5.5854
#         416       0.02132      4.06      2.00     4   5.5856
#         417       0.01748      4.05      2.00     4   5.5870
#         419       0.01057     12.60      2.00     5   5.5889
#         422       0.01800     10.33      2.00     5   5.5931
#         424       0.02198      4.31      2.00     5   5.5952
#         427       0.01769      9.89      2.00     5   5.5973
#         428       0.01821     10.24      2.00     5   5.6009
#         429       0.01250      4.40      2.00     4   5.6092
#         430       0.02854     10.81      2.00     5   5.6112
#         431       0.03186      4.57      2.00     4   5.6124
#         432       0.02335      8.53      2.00     5   5.6137
#         433       0.00544     14.70      2.00     4   5.6142
#         435       0.00810     19.71      2.00     5   5.6161
#         436       0.01098     12.85      2.00     5   5.6165
#         437       0.01223      5.41      2.00     4   5.6172
#         438       0.01070     20.49      2.00     5   5.6208
#         440       0.00535     13.92      2.00     4   5.6286
#         443       0.02286      4.12      2.00     5   5.6353
#         444       0.01689     25.75      2.00     6   5.6359
#         445       0.01770      5.80      2.00     6   5.6355
#         446       0.07275      8.41      2.00     6   5.6354
#         448       0.01260      8.33      2.00     5   5.6366
#         449       0.01186     10.91      2.00     5   5.6371
#         450       0.02260      9.93      2.00     6   5.6380
#         451       0.00715     11.52      2.00     4   5.6406
#         452       0.02260      4.57      2.00     4   5.6403
#         453       0.01141      6.43      2.00     5   5.6423
#         454       0.01159     24.43      2.00     5   5.6422
#         455       0.01232     12.80      2.00     5   5.6419
#         456       0.01313      8.07      2.00     5   5.6435
#         457       0.01182      4.16      2.00     5   5.6443
#         458       0.01069     28.88      2.00     5   5.6445
#         460       0.00957      7.32      2.00     4   5.6466
#         461       0.01157      5.63      2.00     5   5.6480
#         462       0.01179      7.43      2.00     4   5.6490
#         463       0.02039      4.01      2.00     4   5.6527
#         464       0.00537     12.65      2.00     4   5.6536
#         465       0.01911      7.84      2.00     5   5.6537
#         466       0.02761      5.61      2.00     5   5.6554
#         467       0.02264      8.68      2.00     5   5.6579
#         468       0.01866     29.22      2.00     6   5.6581
#         469       0.01151      8.71      2.00     5   5.6590
#         470       0.01118      8.95      2.00     4   5.6600
#         471       0.01074      4.59      2.00     5   5.6599
#         472       0.01067     12.87      2.00     5   5.6611
#         473       0.01931      5.11      2.00     5   5.6617
#         475       0.01151      5.52      2.00     5   5.6623
#         476       0.01239     16.77      2.00     5   5.6624
#         477       0.01127     20.05      2.00     5   5.6625
#         478       0.01215     18.97      2.00     6   5.6638
#         479       0.00954      7.29      2.00     4   5.6641
#         481       0.01040     27.98      2.00     5   5.6649
#         482       0.01521      6.67      2.00     6   5.6658
#         483       0.01859     28.08      2.00     6   5.6655
#         484       0.00744     10.61      2.00     4   5.6667
#         485       0.01440     13.14      2.00     5   5.6664
#         488       0.01825      4.87      2.00     5   5.6695
#         492       0.01091     11.65      2.00     5   5.6736
#         493       0.01514      6.48      2.00     6   5.6741
#         494       0.07962      7.96      2.00     6   5.6748
#         495       0.02163      8.00      2.00     6   5.6749
#         496       0.01029      7.18      2.00     4   5.6764
#         497       0.00709     10.26      2.00     4   5.6777
#         499       0.01968     15.82      2.00     6   5.6806
#         500       0.01644      7.39      2.00     5   5.6818
#         501       0.01177      7.15      2.00     5   5.6826
#         502       0.01400     19.40      2.00     5   5.6865
#         504       0.01418     15.14      2.00     5   5.6896
#         505       0.01085      9.14      2.00     4   5.6902
#         506       0.01037      5.50      2.00     5   5.6909
#         507       0.01156      4.33      2.00     5   5.6922
#         508       0.01179     12.35      2.00     5   5.6926
#         510       0.01126     18.01      2.00     5   5.6953
#         511       0.00568      8.02      2.00     4   5.6964
#         512       0.01116      4.80      2.00     5   5.6959
#         514       0.01087     12.81      2.00     5   5.6971
#         516       0.00577      7.88      1.00     6   5.6977
#         518       0.00585      6.84      1.00     6   5.7010
#         521       0.01392     12.44      2.00     5   5.7052
#         523       0.01317      6.42      2.00     4   5.7077
#         525       0.00954     12.85      1.00     4   5.7104
#         526       0.00611     12.11      1.00     6   5.7099
#         527       0.01704      4.70      2.00     5   5.7126
#         528       0.00630     17.60      1.00     6   5.7131
#         529       0.01906      6.62      2.00     5   5.7138
#         530       0.01912      6.94      2.00     5   5.7138
#         531       0.01069      6.48      2.00     4   5.7146
#         532       0.01864     23.15      2.00     6   5.7154
#         533       0.01887      5.42      2.00     5   5.7165
#         534       0.03033      6.31      2.00     6   5.7168
#         535       0.06585      6.32      2.00     6   5.7166
#         538       0.01517      5.72      2.00     6   5.7192
#         539       0.01108     11.50      2.00     5   5.7230
#         540       0.01798      5.16      2.00     5   5.7239
#         543       0.03392      4.93      2.00     3   5.7423
#         544       0.01365      6.82      2.00     4   5.7423
#         545       0.01275     19.30      2.00     5   5.7445
#         546       0.00716      5.18      2.00     4   5.7479
#         547       0.01229     16.28      2.00     6   5.7528
#         549       0.01866      5.76      2.00     6   5.7539
#         550       0.01442      8.79      2.00     6   5.7539
#         551       0.01735     23.10      2.00     6   5.7542
#         552       0.00952      6.97      2.00     4   5.7555
#         553       0.01784      9.23      2.00     6   5.7562
#         554       0.00700      6.45      2.00     4   5.7576
#         555       0.01824      4.06      2.00     4   5.7604
#         556       0.01257     12.80      2.00     6   5.7617
#         560       0.01822     16.05      2.00     6   5.7661
#         561       0.01372     17.37      2.00     5   5.7670
#         562       0.03486      6.38      2.00     4   5.7709
#         564       0.01029      6.12      2.00     4   5.7739
#         566       0.01128      7.74      2.00     5   5.7740
#         567       0.01229      8.28      2.00     5   5.7740
#         568       0.02971     10.37      2.00     5   5.7749
#         569       0.01073     19.35      2.00     5   5.7765
#         570       0.01100     14.80      2.00     5   5.7761
#         571       0.02289      7.60      2.00     5   5.7773
#         572       0.01759      8.81      2.00     5   5.7804
#         573       0.07264      9.38      2.00     6   5.7824
#         574       0.01045     24.00      2.00     5   5.7827
#         575       0.01125     11.11      2.00     5   5.7835
#         576       0.01286     10.87      2.00     6   5.7835
#         577       0.02076      9.56      2.00     6   5.7835
#         578       0.02343      7.97      2.00     5   5.7855
#         580       0.01119     11.68      2.00     5   5.7881
#         581       0.00556      4.08      2.00     4   5.7896
#         582       0.01733      4.05      2.00     5   5.7895
#         583       0.07704      9.61      2.00     6   5.7915
#         585       0.02087      9.82      2.00     6   5.7923
#         589       0.01574      4.34      2.00     5   5.8030
#         590       0.01232      4.18      2.00     4   5.8043
#         591       0.01620      4.83      2.00     5   5.8046
#         593       0.02304      6.78      2.00     5   5.8053
#         594       0.01230      9.39      2.00     5   5.8069
#         595       0.06686      8.34      2.00     6   5.8069
#         596       0.02108      8.42      2.00     6   5.8081
#         597       0.01793      8.44      2.00     5   5.8090
#         598       0.01139     10.47      2.00     6   5.8099
#         599       0.02223      4.05      2.00     5   5.8096
#         601       0.01000     28.41      2.00     6   5.8124
#         602       0.01225      6.06      2.00     5   5.8146
#         603       0.01830      7.81      2.00     5   5.8166
#         605       0.01624      7.47      2.00     6   5.8210
#         606       0.01074      6.92      2.00     5   5.8221
#         607       0.00939      8.19      2.00     4   5.8245
#         608       0.01071     13.10      2.00     5   5.8243
#         610       0.01746      6.78      2.00     5   5.8282
#         612       0.00787     14.30      1.00     4   5.8323
#         614       0.01124     10.53      2.00     5   5.8322
#         615       0.01071     18.03      2.00     5   5.8347
#         616       0.01746      6.39      2.00     5   5.8348
#         617       0.02653     17.68      2.00     5   5.8345
#         618       0.01690      6.59      1.00     6   5.8347
#         621       0.01900     12.86      2.00     5   5.8379
#         623       0.01791      4.13      2.00     5   5.8425
#         624       0.01703      6.53      1.00     6   5.8432
#         625       0.02603      5.29      2.00     5   5.8457
#         627       0.01089     13.84      2.00     5   5.8468
#         628       0.02105      7.13      2.00     5   5.8482
#         629       0.01833     10.00      2.00     5   5.8498
#         630       0.01102      8.27      2.00     5   5.8505
#         631       0.01075      4.54      2.00     5   5.8515
#         633       0.01029      6.93      2.00     5   5.8553
#         634       0.01705      5.87      1.00     6   5.8566
#         635       0.01164      4.80      2.00     5   5.8583
#         636       0.01773      5.81      2.00     5   5.8582
#         638       0.01603      7.06      2.00     5   5.8588
#         639       0.01837      5.61      2.00     5   5.8585
#         640       0.01065      5.89      2.00     5   5.8588
#         642       0.01855      4.99      2.00     5   5.8592
#         643       0.01816     19.10      2.00     6   5.8591
#         644       0.01847     20.89      2.00     6   5.8598
#         647       0.01038      7.49      2.00     5   5.8624
#         648       0.01595      4.64      2.00     5   5.8628
#         649       0.01913      6.28      2.00     5   5.8627
#         650       0.01738      5.50      2.00     5   5.8650
#         651       0.02241      5.24      2.00     5   5.8651
#         652       0.01028     11.93      2.00     5   5.8651
#         654       0.01872     21.24      2.00     6   5.8655
#         658       0.01025      7.56      2.00     5   5.8686
#         659       0.01716      7.30      2.00     5   5.8698
#         660       0.01080     26.63      2.00     5   5.8702
#         661       0.02263      6.59      2.00     5   5.8744
#         662       0.01049      8.35      2.00     5   5.8744
#         665       0.01701      4.32      2.00     5   5.8786
#         666       0.01160     15.76      2.00     5   5.8791
#         667       0.01152      9.31      2.00     6   5.8828
#         669       0.01051      8.74      2.00     5   5.8841
#         670       0.01009     27.99      2.00     6   5.8852
#         671       0.01038     13.01      2.00     5   5.8867
#         672       0.03655      5.91      2.00     6   5.8865
#         673       0.10643      5.97      2.00     6   5.8864
#         675       0.05876     14.05      2.00     7   5.8883
#         676       0.03194     13.77      2.00     7   5.8885
#         679       0.01648      6.56      2.00     5   5.8925
#         680       0.01842     10.92      2.00     6   5.8925
#         681       0.01600      4.76      2.00     5   5.8940
#         683       0.01948     40.77      2.00     6   5.8950
#         684       0.01858      6.76      2.00     6   5.8949
#         686       0.01383      4.44      2.00     5   5.8997
#         687       0.05406      5.64      2.00     6   5.9007
#         688       0.03061      5.61      2.00     6   5.9020
#         689       0.02282      4.09      2.00     4   5.9034
#         692       0.01022      9.71      2.00     5   5.9082
#         693       0.01055      8.11      2.00     5   5.9082
#         694       0.01376      5.48      2.00     5   5.9089
#         697       0.01216      7.93      2.00     5   5.9143
#         698       0.01390      6.38      2.00     5   5.9144
#         699       0.02027     40.93      2.00     6   5.9161
#         700       0.01485     12.74      2.00     6   5.9159
#         701       0.01136     10.25      1.00     6   5.9159
#         702       0.01266     11.30      1.00     6   5.9160
#         703       0.00965      7.96      2.00     4   5.9166
#         705       0.01387      9.42      2.00     5   5.9172
#         707       0.01079     16.51      1.00     6   5.9185
#         708       0.01912     41.67      2.00     6   5.9192
#         709       0.01078      6.62      1.00     6   5.9189
#         710       0.01260      4.98      1.00     6   5.9189
#         711       0.03084      6.11      2.00     6   5.9189
#         712       0.03214      5.88      1.00     6   5.9190
#         713       0.01152     14.54      1.00     6   5.9212
#         714       0.02861     10.38      2.00     6   5.9214
#         715       0.02147     11.97      2.00     6   5.9213
#         717       0.01804      4.88      2.00     7   5.9218
#         719       0.05496      5.46      2.00     6   5.9226
#         720       0.01901     63.72      2.00     7   5.9227
#         721       0.01699      7.32      2.00     6   5.9234
#         722       0.02747     23.05      1.00     6   5.9238
#         723       0.03325      5.46      2.00     6   5.9238
#         726       0.01647      6.41      2.00     5   5.9278
#         727       0.01902      6.09      2.00     6   5.9277
#         728       0.01119     12.40      2.00     5   5.9310
#         729       0.01804      5.57      2.00     7   5.9311
#         730       0.01887     59.93      2.00     7   5.9322
#         731       0.01836      9.07      2.00     5   5.9333
#         732       0.01832      5.96      2.00     7   5.9376
#         733       0.01933     33.85      2.00     7   5.9378
#         734       0.01532     10.31      2.00     5   5.9402
#         735       0.01862      4.92      2.00     5   5.9459
#         736       0.01834     11.57      2.00     6   5.9469
#         737       0.05594      5.32      2.00     6   5.9471
#         738       0.03455      5.32      2.00     6   5.9480
#         739       0.01806      6.48      2.00     6   5.9492
#         740       0.02642      8.94      2.00     5   5.9529
#         741       0.01384      7.60      2.00     5   5.9559
#         742       0.01021      8.76      2.00     5   5.9599
#         743       0.01634      8.26      2.00     6   5.9605
#         744       0.01516      9.95      2.00     5   5.9633
#         746       0.01107     13.13      2.00     5   5.9655
#         748       0.01531      7.70      2.00     5   5.9687
#         751       0.01314     10.54      2.00     6   5.9735
#         753       0.02691     16.06      2.00     5   5.9756
#         754       0.01799      7.17      2.00     7   5.9759
#         756       0.01887     47.94      2.00     7   5.9772
#         759       0.08686      8.32      2.00     6   5.9890
#         760       0.01901      4.08      2.00     5   5.9903
#         761       0.02347      8.33      2.00     6   5.9915
#         764       0.05542     16.33      2.00     7   5.9951
#         765       0.03392     16.28      2.00     7   5.9962
#         767       0.01857     40.41      2.00     6   5.9971
#         768       0.01127      7.74      1.00     6   5.9972
#         769       0.01265      7.35      1.00     6   5.9968
#         770       0.01120     14.62      1.00     6   5.9994
#         772       0.05821     16.64      2.00     7   6.0043
#         773       0.03507     16.67      2.00     7   6.0052
#         774       0.01037     11.54      2.00     3   6.0083
#         775       0.00867      9.32      1.00     6   6.0085
#         776       0.01085      6.72      2.00     5   6.0100
#         777       0.01781     17.96      2.00     6   6.0106
#         778       0.00870      9.37      1.00     6   6.0107
#         779       0.02050      5.72      2.00     6   6.0103
#         780       0.01575      9.48      2.00     6   6.0107
#         782       0.01132      7.67      2.00     5   6.0112
#         785       0.01798      8.06      2.00     6   6.0128
#         787       0.00886      9.40      1.00     6   6.0192
#         788       0.05131     14.71      2.00     7   6.0188
#         789       0.03166     14.54      2.00     7   6.0200
#         790       0.00886      9.20      1.00     6   6.0228
#         793       0.01016      7.22      2.00     5   6.0276
#         794       0.01020      5.17      2.00     5   6.0283
#         795       0.01758      8.72      2.00     6   6.0329
#         798       0.02746      6.93      2.00     4   6.0443
#         799       0.01490      8.73      2.00     5   6.0446
#         800       0.01182     23.42      2.00     6   6.0453
#         803       0.01024     28.04      2.00     6   6.0475
#         804       0.00996      7.45      2.00     5   6.0520
#         805       0.01024      5.64      2.00     5   6.0531
#         806       0.00996      5.90      2.00     4   6.0539
#         807       0.02263      5.21      2.00     5   6.0541
#         809       0.01859     14.37      2.00     6   6.0582
#         810       0.05380      9.75      2.00     6   6.0581
#         811       0.01509     12.50      2.00     6   6.0580
#         812       0.02388      6.80      2.00     6   6.0583
#         813       0.00634     17.37      2.00     5   6.0593
#         814       0.01048      4.72      2.00     5   6.0589
#         815       0.01638      5.89      2.00     6   6.0607
#         816       0.01368     10.03      2.00     6   6.0620
#         819       0.01201     34.22      2.00     5   6.0653
#         820       0.03328      6.16      1.00     6   6.0682
#         821       0.01013      6.25      2.00     5   6.0695
#         822       0.02952      9.86      2.00     6   6.0705
#         823       0.02116      9.68      2.00     6   6.0704
#         824       0.01444      9.61      2.00     6   6.0725
#         825       0.02793     20.36      1.00     6   6.0728
#         826       0.01086     20.01      2.00     6   6.0768
#         827       0.00631     16.11      2.00     5   6.0783
#         828       0.01530     11.28      2.00     5   6.0787
#         829       0.01391     17.55      2.00     6   6.0789
#         831       0.01066     13.94      2.00     6   6.0802
#         833       0.02001      9.99      2.00     6   6.0819
#         835       0.05566     11.99      2.00     6   6.0818
#         836       0.03902      5.22      2.00     6   6.0819
#         837       0.11131      5.26      2.00     6   6.0818
#         838       0.01781      6.27      2.00     6   6.0823
#         839       0.01957      6.67      2.00     6   6.0820
#         840       0.02080      6.80      2.00     6   6.0823
#         841       0.01125      5.63      2.00     6   6.0822
#         844       0.01474     10.12      2.00     7   6.0851
#         848       0.01286     11.36      2.00     6   6.0858
#         849       0.01679     17.96      2.00     7   6.0856
#         850       0.01349     47.30      2.00     5   6.0860
#         851       0.01095     17.06      2.00     6   6.0859
#         853       0.04645      8.00      2.00     6   6.0869
#         854       0.01132     12.73      2.00     4   6.0874
#         855       0.00889      5.11      2.00     4   6.0875
#         856       0.01807     12.36      2.00     6   6.0878
#         857       0.01715      9.24      2.00     7   6.0877
#         858       0.01270     22.75      2.00     6   6.0883
#         859       0.01756      9.16      2.00     6   6.0885
#         860       0.01875     11.60      2.00     6   6.0885
#         861       0.01063     15.62      2.00     6   6.0884
#         863       0.00620     14.96      2.00     5   6.0895
#         864       0.01078     20.16      2.00     6   6.0907
#         865       0.01698      5.97      2.00     6   6.0904
#         866       0.01762      4.33      2.00     6   6.0911
#         868       0.00909      6.07      2.00     5   6.0924
#         869       0.01383     17.52      2.00     6   6.0927
#         870       0.01122      6.01      2.00     6   6.0931
#         871       0.01462      9.36      2.00     6   6.0932
#         873       0.01118      5.05      2.00     6   6.0952
#         874       0.00776      4.18      1.00     4   6.0958
#         875       0.00861      5.55      2.00     5   6.0963
#         876       0.00851      5.72      2.00     5   6.0963
#         877       0.01658      8.33      2.00     6   6.0984
#         878       0.00649     10.05      2.00     5   6.0994
#         879       0.01683     14.90      2.00     6   6.0995
#         880       0.02192      6.34      2.00     6   6.0993
#         881       0.01662     10.68      2.00     6   6.0992
#         882       0.00872      5.53      2.00     5   6.1000
#         883       0.00860      5.69      2.00     5   6.1000
#         884       0.01784      4.96      2.00     7   6.1003
#         885       0.01777     27.29      2.00     7   6.1014
#         886       0.01813      7.86      2.00     6   6.1018
#         888       0.00970      7.64      2.00     4   6.1035
#         889       0.01085     17.10      2.00     6   6.1041
#         890       0.00833      4.15      1.00     4   6.1055
#         893       0.08060      5.51      2.00     6   6.1071
#         895       0.01386     18.06      2.00     6   6.1076
#         896       0.01125      6.73      2.00     6   6.1075
#         897       0.01801     27.79      2.00     7   6.1078
#         898       0.03204      9.36      2.00     5   6.1088
#         899       0.01022     27.51      2.00     6   6.1100
#         900       0.03558      5.45      2.00     6   6.1097
#         902       0.03572      4.07      2.00     5   6.1104
#         904       0.02187      6.01      2.00     5   6.1113
#         905       0.01190     14.61      2.00     6   6.1161
#         906       0.01764      6.44      2.00     7   6.1172
#         907       0.01773     23.33      2.00     7   6.1184
#         908       0.00947      7.53      2.00     4   6.1203
#         911       0.00896      5.40      2.00     5   6.1215
#         912       0.00894      5.57      2.00     5   6.1215
#         913       0.00998     10.48      2.00     6   6.1233
#         914       0.01026      8.76      2.00     6   6.1233
#         917       0.01053     12.71      2.00     6   6.1255
#         918       0.01185     16.19      2.00     6   6.1255
#         919       0.01756      5.16      2.00     7   6.1255
#         920       0.01816     13.73      2.00     7   6.1257
#         921       0.01135      7.62      2.00     6   6.1289
#         922       0.01798      7.19      2.00     6   6.1285
#         923       0.01813      6.98      2.00     5   6.1294
#         925       0.01071     19.78      2.00     6   6.1292
#         927       0.01334     19.72      2.00     6   6.1314
#         929       0.01068     16.62      2.00     6   6.1316
#         930       0.01211     17.41      2.00     6   6.1316
#         934       0.00990     11.50      2.00     6   6.1330
#         935       0.01019     10.47      2.00     6   6.1330
#         936       0.01019      4.94      2.00     6   6.1360
#         937       0.01030      5.85      2.00     6   6.1360
#         940       0.01011      4.66      2.00     6   6.1377
#         941       0.01020      9.59      2.00     6   6.1377
#         942       0.01084     18.02      2.00     6   6.1384
#         943       0.01847      4.38      2.00     5   6.1400
#         944       0.01005     15.85      2.00     6   6.1404
#         945       0.03234      7.54      2.00     6   6.1403
#         946       0.01032     18.80      2.00     6   6.1404
#         949       0.01835      5.75      2.00     5   6.1453
#         950       0.01919      5.73      2.00     6   6.1449
#         951       0.00774      4.19      1.00     4   6.1459
#         953       0.02013      6.49      2.00     6   6.1460
#         954       0.02126      8.34      2.00     6   6.1456
#         955       0.01799      5.61      2.00     5   6.1479
#         956       0.01903      4.64      2.00     5   6.1475
#         957       0.03027      6.96      2.00     6   6.1480
#         958       0.02480      6.31      2.00     5   6.1494
#         959       0.00825      4.17      1.00     4   6.1519
#         960       0.01823      7.14      2.00     6   6.1518
#         961       0.01213      4.80      2.00     5   6.1535
#         962       0.01553      4.28      2.00     7   6.1543
#         963       0.00793      4.16      1.00     4   6.1570
#         964       0.01888      4.62      2.00     5   6.1575
#         965       0.00882      5.30      2.00     5   6.1586
#         966       0.00873      5.43      2.00     5   6.1586
#         968       0.01912      5.73      2.00     7   6.1600
#         969       0.01261      5.02      2.00     5   6.1608
#         971       0.02401      5.55      2.00     7   6.1613
#         972       0.01840      4.08      2.00     5   6.1624
#         973       0.01304      7.91      2.00     5   6.1638
#         974       0.01985      5.81      2.00     7   6.1643
#         975       0.02422      5.66      2.00     7   6.1654
#         977       0.01550      5.67      2.00     7   6.1671
#         978       0.02791      4.58      2.00     7   6.1673
#         979       0.02578      5.69      2.00     7   6.1681
#         980       0.02399      5.90      2.00     7   6.1677
#         981       0.05265      4.52      2.00     7   6.1676
#         982       0.01043     10.48      2.00     3   6.1683
#         984       0.09235      7.22      2.00     6   6.1691
#         985       0.01569      4.67      2.00     7   6.1691
#         986       0.01068     16.00      2.00     6   6.1700
#         987       0.01187     17.78      2.00     6   6.1700
#         989       0.00774      4.12      1.00     4   6.1706
#         991       0.02486      7.24      2.00     6   6.1715
#         992       0.01881      5.45      2.00     5   6.1747
#         996       0.01020      6.57      2.00     6   6.1770
#         997       0.01531     11.99      2.00     6   6.1771
#         998       0.00871      4.08      1.00     4   6.1776
#        1000       0.01006     13.72      2.00     6   6.1792
#        1001       0.01031     14.91      2.00     6   6.1792
#        1002       0.00966      4.07      1.00     4   6.1797
#        1005       0.00940      6.67      2.00     5   6.1810
#        1006       0.01730      7.91      2.00     6   6.1835
#        1007       0.01889      4.80      2.00     5   6.1883
#        1008       0.02283      8.02      2.00     6   6.1887
#        1009       0.02285      6.05      2.00     6   6.1884
#        1010       0.02329      7.17      2.00     6   6.1885
#        1012       0.02235      8.05      2.00     6   6.1895
#        1013       0.01891     16.84      2.00     6   6.1896
#        1014       0.01527     10.44      2.00     7   6.1898
#        1015       0.04671      5.72      2.00     7   6.1895
#        1017       0.01713     17.63      2.00     7   6.1901
#        1018       0.03305      5.58      2.00     7   6.1903
#        1019       0.01751      8.77      2.00     7   6.1921
#        1020       0.01797      4.16      2.00     6   6.1924
#        1024       0.09662      8.32      2.00     7   6.1941
#        1025       0.04058      7.84      2.00     7   6.1942
#        1026       0.01785      5.64      2.00     6   6.1958
#        1027       0.01922      6.41      2.00     6   6.1958
#        1028       0.02383      5.28      2.00     6   6.1961
#        1029       0.02401      8.29      2.00     6   6.1965
#        1031       0.03787      6.19      2.00     7   6.1966
#        1032       0.07207     15.35      2.00     7   6.1965
#        1033       0.00985      4.68      2.00     5   6.1974
#        1034       0.00666     16.86      2.00     5   6.1973
#        1036       0.03843      4.15      2.00     4   6.1977
#        1038       0.03348      7.66      2.00     5   6.1981
#        1039       0.02313      8.26      2.00     6   6.1985
#        1040       0.03664     14.93      2.00     7   6.1991
#        1043       0.01826      4.94      2.00     6   6.2039
#        1044       0.02038     13.87      2.00     6   6.2047
#        1046       0.02934      8.98      2.00     5   6.2085
#        1047       0.04786      8.69      2.00     6   6.2122
#        1048       0.01767      4.70      2.00     6   6.2129
#        1049       0.02046      7.51      2.00     6   6.2131
#        1050       0.02085      7.16      2.00     6   6.2129
#        1051       0.02033      7.05      2.00     6   6.2134
#        1054       0.01745      6.95      2.00     6   6.2199
#        1055       0.01852      8.51      2.00     6   6.2199
#        1059       0.01863      6.13      2.00     5   6.2234
#        1060       0.01672     10.60      2.00     6   6.2249
#        1061       0.02711      4.18      2.00     6   6.2250
#        1062       0.02274      7.97      2.00     6   6.2254
#        1063       0.02095     11.18      2.00     6   6.2258
#        1064       0.02555      7.56      2.00     5   6.2274
#        1065       0.02603      7.61      2.00     6   6.2275
#        1066       0.01896     10.26      2.00     6   6.2283
#        1068       0.01973     13.26      2.00     6   6.2300
#        1070       0.02297      4.98      2.00     6   6.2303
#        1071       0.01612      6.70      2.00     6   6.2311
#        1073       0.01742      7.24      2.00     6   6.2326
#        1074       0.01660      4.55      2.00     6   6.2328
#        1075       0.01915     15.01      2.00     6   6.2347
#        1078       0.01898      5.62      2.00     5   6.2408
#        1083       0.01975      5.98      2.00     6   6.2471
#        1084       0.02172      8.66      2.00     6   6.2469
#        1085       0.01670      5.45      2.00     6   6.2482
#        1086       0.01672      4.72      2.00     6   6.2481
#        1089       0.03014      6.69      2.00     6   6.2492
#        1090       0.01156     11.34      2.00     4   6.2501
#        1091       0.01204     10.76      2.00     5   6.2518
#        1092       0.02889      9.32      2.00     5   6.2526
#        1093       0.04616      4.49      2.00     7   6.2530
#        1094       0.02446      5.68      2.00     7   6.2538
#        1095       0.02427      4.38      2.00     7   6.2538
#        1096       0.02208      4.18      2.00     6   6.2543
#        1097       0.01314      8.37      2.00     5   6.2554
#        1098       0.01898      5.16      2.00     5   6.2551
#        1099       0.00726     19.81      2.00     5   6.2558
#        1100       0.01072      7.43      1.00     6   6.2581
#        1101       0.01022      7.79      2.00     6   6.2599
#        1103       0.01079      5.17      1.00     6   6.2606
#        1104       0.01021      7.15      2.00     6   6.2619
#        1105       0.01083      5.84      1.00     6   6.2635
#        1106       0.01085      4.73      1.00     6   6.2643
#        1107       0.02905      6.53      2.00     6   6.2654
#        1109       0.01806      4.26      2.00     6   6.2677
#        1110       0.02719     13.12      2.00     5   6.2686
#        1111       0.01452     11.15      2.00     5   6.2693
#        1112       0.01716      7.22      2.00     5   6.2695
#        1113       0.01044      8.99      2.00     6   6.2704
#        1116       0.01939      5.56      2.00     6   6.2716
#        1118       0.01290      8.44      2.00     5   6.2742
#        1119       0.01050      6.74      2.00     6   6.2739
#        1121       0.01638     14.16      2.00     6   6.2821
#        1122       0.01566     10.89      2.00     6   6.2827
#        1123       0.01871      6.85      2.00     5   6.2829
#        1125       0.01810      5.75      2.00     6   6.2874
#        1126       0.01550      9.31      2.00     6   6.2876
#        1127       0.00787      6.16      2.00     4   6.2917
#        1128       0.01030      5.75      2.00     6   6.2947
#        1131       0.01748      5.12      2.00     5   6.2961
#        1133       0.03117     10.20      2.00     5   6.2979
#        1135       0.01718      7.24      2.00     6   6.2995
#        1138       0.01033      4.64      2.00     6   6.3012
#        1141       0.00964      5.50      2.00     6   6.3045
#        1142       0.00964      5.20      2.00     6   6.3050
#        1143       0.00974     15.62      2.00     6   6.3061
#        1146       0.01892     12.13      2.00     6   6.3064
#        1147       0.03954      7.54      2.00     6   6.3089
#        1149       0.00985      9.52      2.00     6   6.3102
#        1150       0.01668      8.75      2.00     6   6.3107
#        1151       0.02792      4.15      2.00     6   6.3108
#        1152       0.01012      7.77      2.00     6   6.3113
#        1153       0.00980      7.97      2.00     6   6.3112
#        1154       0.02444     13.93      2.00     7   6.3120
#        1155       0.01889     21.79      2.00     7   6.3118
#        1156       0.02855     15.95      2.00     7   6.3120
#        1157       0.05728     19.60      2.00     7   6.3118
#        1158       0.01810      6.63      2.00     7   6.3117
#        1159       0.02636      6.87      2.00     6   6.3131
#        1160       0.01682      7.85      2.00     7   6.3143
#        1161       0.01722      6.62      2.00     6   6.3149
#        1162       0.01911      8.35      2.00     6   6.3161
#        1163       0.01247     13.11      1.00     6   6.3171
#        1164       0.02208      5.92      2.00     6   6.3170
#        1167       0.01739      6.48      2.00     6   6.3186
#        1168       0.01655      4.91      2.00     6   6.3193
#        1169       0.01019      7.04      2.00     6   6.3195
#        1170       0.02263      6.03      2.00     6   6.3195
#        1171       0.01950     15.54      2.00     6   6.3206
#        1173       0.00899      5.06      2.00     3   6.3245
#        1174       0.02864      6.65      2.00     6   6.3250
#        1177       0.01938      4.36      2.00     5   6.3296
#        1178       0.03129      4.64      2.00     6   6.3298
#        1182       0.01665      4.79      2.00     6   6.3341
#        1184       0.01665      5.59      2.00     6   6.3346
#        1187       0.01484     43.01      1.00     6   6.3396
#        1188       0.00717      7.00      2.00     4   6.3418
#        1189       0.01264     14.30      1.00     6   6.3421
#        1191       0.01131     18.73      2.00     7   6.3443
#        1192       0.02564     21.04      2.00     6   6.3439
#        1194       0.01361     33.79      2.00     7   6.3447
#        1196       0.01551     30.68      2.00     7   6.3447
#        1198       0.02903      6.45      2.00     6   6.3467
#        1199       0.01063     23.40      2.00     7   6.3468
#        1202       0.01332      8.38      2.00     5   6.3525
#        1203       0.02761      9.09      2.00     7   6.3527
#        1205       0.01224      4.30      2.00     4   6.3548
#        1206       0.00835      4.01      1.00     4   6.3549
#        1207       0.01138     19.94      2.00     7   6.3548
#        1208       0.01334     36.20      2.00     7   6.3551
#        1210       0.01532     33.69      2.00     7   6.3551
#        1211       0.01068     24.80      2.00     7   6.3571
#        1215       0.01099     22.88      2.00     7   6.3610
#        1216       0.01468      9.49      2.00     7   6.3610
#        1217       0.01396     37.19      2.00     7   6.3612
#        1218       0.01146      8.71      2.00     7   6.3611
#        1219       0.01631     36.78      2.00     7   6.3612
#        1220       0.02326     11.68      2.00     5   6.3624
#        1222       0.01850      6.59      2.00     5   6.3626
#        1223       0.01859      6.45      2.00     5   6.3626
#        1224       0.01060     35.67      2.00     7   6.3636
#        1226       0.02118      4.12      2.00     6   6.3645
#        1227       0.02765      4.07      2.00     6   6.3654
#        1231       0.01831      6.34      2.00     6   6.3668
#        1233       0.01733      7.00      2.00     6   6.3692
#        1234       0.02117     14.02      2.00     6   6.3688
#        1235       0.02935      6.32      2.00     6   6.3700
#        1236       0.01526     14.22      2.00     6   6.3701
#        1239       0.02792      4.92      2.00     7   6.3721
#        1243       0.00980      9.98      2.00     5   6.3740
#        1245       0.01085      7.40      2.00     5   6.3745
#        1246       0.10386      7.73      2.00     7   6.3750
#        1247       0.04306      7.36      2.00     7   6.3751
#        1248       0.02733      8.35      2.00     7   6.3758
#        1249       0.07772     13.25      2.00     7   6.3773
#        1251       0.04017      5.37      2.00     7   6.3774
#        1252       0.03759     12.91      2.00     7   6.3797
#        1253       0.03559      6.30      1.00     6   6.3800
#        1254       0.03154      8.58      2.00     6   6.3826
#        1255       0.02101      8.70      2.00     6   6.3842
#        1256       0.02847     15.58      1.00     6   6.3851
#        1257       0.01069      7.41      2.00     3   6.3861
#        1258       0.01176      5.08      2.00     4   6.3884
#        1259       0.00929      6.96      2.00     5   6.3885
#        1260       0.01023      5.64      2.00     6   6.3898
#        1261       0.01539     12.67      2.00     6   6.3898
#        1263       0.01869      7.64      2.00     5   6.3928
#        1265       0.02840      7.53      2.00     6   6.3938
#        1266       0.02051      4.49      2.00     6   6.3936
#        1267       0.01139      8.18      2.00     5   6.3956
#        1268       0.02244      7.60      2.00     6   6.3955
#        1270       0.01413      6.06      2.00     7   6.3989
#        1271       0.01613      5.33      2.00     6   6.3990
#        1272       0.01024      5.61      2.00     6   6.3992
#        1273       0.01553     12.39      2.00     6   6.3992
#        1274       0.02718      6.00      2.00     5   6.3997
#        1275       0.01355     38.83      2.00     7   6.4002
#        1276       0.01223      4.12      2.00     7   6.3999
#        1277       0.01526     36.96      2.00     7   6.4002
#        1279       0.01862      6.68      2.00     5   6.4002
#        1280       0.01188     21.61      2.00     7   6.4003
#        1281       0.02053      6.88      2.00     6   6.4016
#        1282       0.01074     30.06      2.00     7   6.4024
#        1283       0.01142      5.66      2.00     4   6.4046
#        1286       0.02083      8.35      2.00     6   6.4052
#        1289       0.01681     11.26      2.00     7   6.4137
#        1290       0.01739     16.88      2.00     7   6.4136
#        1292       0.01032      4.49      2.00     6   6.4138
#        1293       0.01563      9.40      2.00     6   6.4138
#        1294       0.03376     21.76      2.00     7   6.4142
#        1295       0.02358      4.78      2.00     7   6.4140
#        1296       0.00893      5.70      2.00     3   6.4143
#        1297       0.02002      5.63      2.00     6   6.4161
#        1298       0.01781      8.33      2.00     7   6.4159
#        1301       0.02026      4.83      2.00     6   6.4178
#        1302       0.04806      9.56      2.00     7   6.4180
#        1303       0.01985      4.80      2.00     7   6.4188
#        1304       0.02406      9.95      2.00     7   6.4191
#        1305       0.01877     13.33      2.00     7   6.4189
#        1306       0.02902     18.99      2.00     7   6.4191
#        1307       0.01368     24.19      1.00     6   6.4202
#        1308       0.02853      9.06      2.00     6   6.4207
#        1309       0.03081      4.48      2.00     6   6.4207
#        1310       0.01875      6.76      2.00     7   6.4212
#        1311       0.01795      5.12      2.00     6   6.4232
#        1313       0.01889     11.66      2.00     7   6.4268
#        1314       0.04884      7.93      2.00     7   6.4264
#        1315       0.02071      4.44      2.00     7   6.4267
#        1316       0.02486      9.13      2.00     7   6.4272
#        1317       0.03015     19.59      2.00     7   6.4272
#        1318       0.01934      6.70      2.00     7   6.4293
#        1319       0.00725      7.61      2.00     4   6.4335
#        1320       0.01689     12.52      2.00     6   6.4336
#        1321       0.01201      4.24      2.00     4   6.4340
#        1325       0.05000     13.80      2.00     7   6.4418
#        1326       0.02342     11.39      2.00     7   6.4431
#        1327       0.01845     16.47      2.00     7   6.4427
#        1328       0.02710     16.83      2.00     7   6.4431
#        1329       0.01904      5.38      2.00     7   6.4431
#        1332       0.01820      5.96      2.00     6   6.4455
#        1333       0.01755      6.97      2.00     7   6.4453
#        1334       0.01033      5.52      2.00     6   6.4476
#        1335       0.01552     11.24      2.00     6   6.4476
#        1336       0.02106     13.63      2.00     6   6.4475
#        1339       0.01075      6.72      2.00     5   6.4503
#        1340       0.02345      5.21      1.00     6   6.4513
#        1342       0.02616      4.67      2.00     7   6.4532
#        1343       0.02382     10.09      2.00     7   6.4533
#        1344       0.02001     22.40      2.00     7   6.4536
#        1345       0.02173      9.73      2.00     7   6.4537
#        1346       0.02343     41.85      2.00     7   6.4541
#        1347       0.02604      6.35      2.00     7   6.4543
#        1348       0.02733      8.80      2.00     7   6.4558
#        1349       0.02215      9.23      2.00     7   6.4558
#        1350       0.02031      9.76      2.00     7   6.4557
#        1352       0.02291     18.87      2.00     7   6.4561
#        1354       0.01065      9.94      2.00     5   6.4575
#        1355       0.00962      7.91      2.00     5   6.4584
#        1356       0.02510      8.83      2.00     6   6.4583
#        1357       0.02189     38.69      2.00     7   6.4582
#        1360       0.02236      4.89      2.00     6   6.4632
#        1362       0.01861      4.92      2.00     6   6.4640
#        1363       0.02213      9.41      2.00     6   6.4637
#        1367       0.02320      6.17      2.00     6   6.4662
#        1369       0.01031     26.43      2.00     6   6.4683
#        1370       0.01618      5.00      2.00     6   6.4702
#        1372       0.02317      5.04      2.00     6   6.4723
#        1373       0.00978      5.03      2.00     6   6.4725
#        1374       0.00982      6.24      2.00     6   6.4726
#        1375       0.02839      4.59      2.00     6   6.4729
#        1376       0.01865      4.23      2.00     5   6.4739
#        1377       0.02903     11.46      2.00     6   6.4765
#        1378       0.02194      9.63      2.00     7   6.4777
#        1379       0.01794      5.52      2.00     6   6.4790
#        1380       0.01068      8.37      2.00     5   6.4802
#        1381       0.01828      4.06      2.00     5   6.4809
#        1382       0.02900      4.76      2.00     6   6.4808
#        1383       0.01549     18.18      2.00     6   6.4818
#        1385       0.02030      7.28      2.00     6   6.4843
#        1386       0.02445      8.99      2.00     7   6.4843
#        1387       0.01765      4.63      2.00     7   6.4841
#        1391       0.02097      4.34      2.00     6   6.4905
#        1392       0.03351     10.09      2.00     6   6.4913
#        1393       0.00841      5.96      2.00     4   6.4929
#        1394       0.02686     19.39      2.00     6   6.4936
#        1395       0.01982      5.14      2.00     6   6.4949
#        1397       0.02736      4.17      2.00     6   6.4956
#        1400       0.06647      5.61      2.00     6   6.4991
#        1401       0.01955      6.87      2.00     6   6.4992
#        1402       0.01706      5.91      2.00     7   6.4999
#        1403       0.06027     13.88      2.00     7   6.5001
#        1405       0.03137     13.95      2.00     7   6.5006
#        1406       0.02651      5.77      2.00     6   6.5016
#        1407       0.03183      6.92      1.00     6   6.5018
#        1408       0.04858     13.60      2.00     7   6.5035
#        1409       0.02718      8.09      2.00     6   6.5043
#        1410       0.03659     13.01      2.00     7   6.5040
#        1413       0.04103      6.66      2.00     6   6.5050
#        1415       0.01282     21.42      2.00     6   6.5055
#        1416       0.02204      4.31      2.00     6   6.5062
#        1417       0.01758      4.26      2.00     6   6.5064
#        1418       0.02256     11.17      2.00     6   6.5063
#        1419       0.01374      8.43      2.00     5   6.5065
#        1420       0.02886      8.21      2.00     6   6.5068
#        1421       0.02459     12.68      1.00     6   6.5068
#        1423       0.02593      5.39      2.00     6   6.5076
#        1424       0.01507      6.42      2.00     7   6.5077
#        1425       0.02600      5.97      2.00     7   6.5084
#        1426       0.02566      6.32      2.00     6   6.5088
#        1427       0.01693      4.02      2.00     6   6.5095
#        1428       0.00828     35.72      2.00     6   6.5094
#        1429       0.03508     27.55      2.00     7   6.5092
#        1430       0.01505     15.28      2.00     6   6.5112
#        1431       0.01685      4.12      2.00     6   6.5115
#        1433       0.02154      7.74      2.00     6   6.5121
#        1434       0.00826     15.25      2.00     6   6.5136
#        1435       0.01775      4.33      2.00     6   6.5142
#        1436       0.01706      4.96      2.00     6   6.5145
#        1437       0.01630      5.44      2.00     6   6.5146
#        1441       0.02579      5.76      2.00     7   6.5161
#        1442       0.01966     15.80      2.00     6   6.5168
#        1443       0.03435     26.42      2.00     7   6.5172
#        1446       0.00690      5.48      2.00     4   6.5210
#        1447       0.01866     15.24      2.00     6   6.5229
#        1449       0.01517      4.51      2.00     6   6.5244
#        1450       0.01442     10.66      2.00     7   6.5243
#        1456       0.01123      6.49      2.00     7   6.5263
#        1458       0.01140     17.43      2.00     7   6.5265
#        1459       0.01127     18.21      2.00     7   6.5266
#        1460       0.01527      4.10      2.00     7   6.5270
#        1461       0.01084      6.50      2.00     5   6.5279
#        1462       0.02229      4.35      2.00     6   6.5284
#        1463       0.01023     11.54      2.00     7   6.5287
#        1464       0.01017     12.06      2.00     7   6.5286
#        1465       0.01639      4.91      2.00     6   6.5296
#        1466       0.03425      6.79      2.00     6   6.5297
#        1467       0.01801      5.40      2.00     6   6.5296
#        1468       0.01638      5.78      2.00     6   6.5296
#        1469       0.01446      8.30      2.00     7   6.5299
#        1470       0.01185      5.47      2.00     7   6.5309
#        1472       0.01039      5.08      2.00     7   6.5310
#        1473       0.01080      6.16      2.00     7   6.5309
#        1474       0.01133     15.30      2.00     7   6.5310
#        1475       0.02022      5.80      1.00     6   6.5311
#        1476       0.01053     37.35      2.00     6   6.5311
#        1477       0.03577      7.42      2.00     5   6.5321
#        1478       0.02101     10.39      2.00     6   6.5321
#        1481       0.01740      6.21      2.00     6   6.5324
#        1483       0.01113     19.21      2.00     7   6.5323
#        1485       0.01074      4.83      2.00     7   6.5329
#        1486       0.01022     20.74      2.00     7   6.5334
#        1489       0.01783      5.27      2.00     6   6.5347
#        1490       0.01606      6.21      2.00     6   6.5346
#        1491       0.01034     16.26      2.00     7   6.5345
#        1493       0.01178      4.97      2.00     5   6.5357
#        1495       0.01684      4.15      2.00     7   6.5362
#        1497       0.02002     16.52      2.00     6   6.5372
#        1502       0.02060      5.34      2.00     7   6.5395
#        1503       0.02650      5.19      2.00     7   6.5400
#        1504       0.01976     18.24      2.00     7   6.5403
#        1505       0.02425     11.62      2.00     7   6.5401
#        1506       0.02341     37.68      2.00     7   6.5406
#        1507       0.02187      9.43      2.00     7   6.5404
#        1508       0.01100     14.96      2.00     7   6.5414
#        1510       0.02796      8.95      2.00     7   6.5424
#        1511       0.02257      9.51      2.00     7   6.5424
#        1512       0.01996      9.81      2.00     7   6.5423
#        1513       0.02296     17.06      2.00     7   6.5427
#        1515       0.01201      6.24      2.00     5   6.5438
#        1516       0.01608     10.89      2.00     7   6.5443
#        1518       0.01896     14.22      2.00     7   6.5446
#        1522       0.02183     36.60      2.00     7   6.5447
#        1523       0.01031     11.35      2.00     5   6.5454
#        1525       0.01105      6.63      2.00     7   6.5453
#        1528       0.01812      8.32      2.00     7   6.5469
#        1529       0.02407      5.13      2.00     7   6.5481
#        1530       0.01116     14.32      2.00     7   6.5492
#        1531       0.03291     23.13      2.00     7   6.5494
#        1532       0.01612      5.29      2.00     6   6.5500
#        1533       0.01809      5.96      2.00     6   6.5497
#        1534       0.01611      6.43      2.00     6   6.5497
#        1535       0.01178      9.05      2.00     5   6.5521
#        1536       0.00797     23.65      2.00     6   6.5522
#        1538       0.02921      5.29      2.00     6   6.5527
#        1539       0.02023      5.29      1.00     6   6.5534
#        1542       0.01199      6.91      2.00     4   6.5544
#        1543       0.01912      4.10      2.00     6   6.5544
#        1545       0.01220     11.60      2.00     5   6.5556
#        1553       0.01242     13.20      2.00     7   6.5614
#        1557       0.00717      6.97      2.00     4   6.5636
#        1559       0.01713      4.34      2.00     6   6.5650
#        1560       0.01218      7.36      2.00     5   6.5654
#        1561       0.01290      8.01      2.00     5   6.5654
#        1562       0.01821      4.68      2.00     6   6.5656
#        1563       0.01254     11.38      2.00     7   6.5657
#        1565       0.01689      5.63      2.00     6   6.5659
#        1568       0.01879      5.70      1.00     6   6.5676
#        1569       0.02963     11.11      2.00     6   6.5680
#        1572       0.01007      4.39      2.00     7   6.5686
#        1573       0.01014      7.74      2.00     7   6.5689
#        1574       0.01207      9.49      2.00     5   6.5701
#        1575       0.01699      5.18      2.00     6   6.5714
#        1577       0.01175      4.11      2.00     7   6.5724
#        1578       0.01019      6.54      2.00     7   6.5730
#        1579       0.01236     15.88      2.00     7   6.5731
#        1581       0.02940      6.52      2.00     6   6.5763
#        1583       0.01218      4.73      2.00     7   6.5762
#        1584       0.02320      6.64      2.00     6   6.5764
#        1585       0.01691      5.53      2.00     6   6.5767
#        1586       0.01253     14.69      2.00     7   6.5767
#        1587       0.01864      4.32      2.00     7   6.5774
#        1589       0.01582      4.53      2.00     6   6.5800
#        1590       0.01577      4.27      2.00     6   6.5801
#        1592       0.01597      4.03      2.00     6   6.5804
#        1593       0.01046      4.92      2.00     7   6.5811
#        1594       0.01758      7.42      2.00     5   6.5826
#        1595       0.01037     12.16      2.00     7   6.5822
#        1596       0.01062      4.53      2.00     7   6.5828
#        1598       0.01709      6.61      2.00     7   6.5843
#        1599       0.01049     14.95      2.00     7   6.5855
#        1600       0.01682      4.24      2.00     6   6.5864
#        1601       0.01425      4.41      2.00     5   6.5882
#        1602       0.01427      4.47      2.00     5   6.5882
#        1603       0.01735      6.78      2.00     7   6.5883
#        1605       0.02119      6.28      2.00     7   6.5902
#        1606       0.01175      5.77      2.00     5   6.5905
#        1607       0.01752      6.82      2.00     6   6.5914
#        1609       0.01707      6.39      2.00     6   6.5934
#        1610       0.02189      4.09      2.00     7   6.5948
#        1611       0.02281      4.75      2.00     7   6.5952
#        1615       0.02051      5.80      2.00     7   6.5957
#        1616       0.01688      6.34      2.00     6   6.5972
#        1617       0.03034      6.07      2.00     7   6.5977
#        1618       0.02930      4.63      2.00     6   6.5983
#        1619       0.03433      5.82      2.00     5   6.5999
#        1620       0.00666      6.02      2.00     4   6.6019
#        1623       0.00729      4.95      2.00     5   6.6076
#        1625       0.02055      6.44      2.00     6   6.6078
#        1626       0.03292      9.97      2.00     6   6.6080
#        1627       0.02204      4.34      2.00     6   6.6080
#        1628       0.02483      4.21      2.00     6   6.6080
#        1629       0.00663      4.84      2.00     5   6.6097
#        1632       0.01690     11.18      2.00     6   6.6115
#        1634       0.01763      6.70      2.00     7   6.6124
#        1636       0.01972      4.28      2.00     6   6.6134
#        1637       0.01550      6.74      2.00     7   6.6130
#        1638       0.00737      4.92      2.00     5   6.6136
#        1639       0.01767      4.48      2.00     6   6.6136
#        1640       0.02597      4.88      2.00     6   6.6135
#        1643       0.01977     13.37      2.00     6   6.6160
#        1645       0.01690      5.54      2.00     6   6.6163
#        1646       0.03885     10.28      2.00     7   6.6166
#        1647       0.00732      4.95      2.00     5   6.6170
#        1649       0.02286      4.04      2.00     6   6.6170
#        1650       0.01366      6.74      2.00     6   6.6169
#        1652       0.06514     12.53      2.00     7   6.6176
#        1653       0.03237     12.62      2.00     7   6.6179
#        1654       0.03242     18.71      2.00     7   6.6191
#        1655       0.01627      4.39      2.00     6   6.6198
#        1657       0.02676      4.02      2.00     6   6.6209
#        1658       0.01784      4.98      2.00     6   6.6213
#        1660       0.02818      7.92      2.00     7   6.6216
#        1661       0.04430     10.71      2.00     7   6.6214
#        1663       0.05108     12.16      2.00     7   6.6230
#        1664       0.03729     11.67      2.00     7   6.6233
#        1667       0.02051     12.84      2.00     6   6.6235
#        1670       0.01134      4.57      2.00     6   6.6268
#        1672       0.00724      4.88      2.00     5   6.6306
#        1678       0.01435     15.27      2.00     6   6.6365
#        1680       0.02766      6.11      2.00     7   6.6375
#        1681       0.03375      8.50      2.00     6   6.6378
#        1682       0.01796      4.04      2.00     7   6.6388
#        1684       0.02166     23.93      2.00     7   6.6400
#        1686       0.01563      5.33      2.00     7   6.6413
#        1687       0.00752      4.79      2.00     5   6.6419
#        1688       0.01238      6.48      2.00     6   6.6423
#        1690       0.00765      4.78      2.00     5   6.6440
#        1695       0.01792      4.10      2.00     6   6.6477
#        1696       0.01318     15.55      2.00     6   6.6493
#        1697       0.01155      6.66      2.00     6   6.6529
#        1700       0.01795     11.81      2.00     6   6.6547
#        1701       0.01053     13.20      2.00     7   6.6544
#        1702       0.01700     21.26      2.00     7   6.6544
#        1705       0.02230      8.25      2.00     7   6.6590
#        1708       0.01683      4.24      2.00     6   6.6616
#        1709       0.02556      8.10      2.00     7   6.6636
#        1710       0.02624      6.67      2.00     5   6.6642
#        1712       0.01050      4.72      2.00     5   6.6648
#        1714       0.02444      7.74      2.00     7   6.6658
#        1715       0.01045     12.82      2.00     7   6.6659
#        1716       0.01687     20.51      2.00     7   6.6659
#        1717       0.02482      7.77      2.00     7   6.6669
#        1719       0.01908      4.04      2.00     6   6.6682
#        1720       0.02914     11.63      2.00     6   6.6700
#        1721       0.01058      4.62      2.00     7   6.6707
#        1722       0.01065     10.23      2.00     7   6.6709
#        1723       0.01758     15.74      2.00     7   6.6709
#        1725       0.01288      5.99      2.00     6   6.6729
#        1727       0.01367      5.53      2.00     6   6.6753
#        1728       0.00976      4.62      2.00     4   6.6761
#        1729       0.02536      7.79      2.00     5   6.6762
#        1730       0.01192      5.27      2.00     5   6.6768
#        1731       0.01197      5.60      2.00     5   6.6768
#        1732       0.02150      6.08      2.00     7   6.6770
#        1733       0.02551      4.80      2.00     6   6.6786
#        1736       0.00749      5.56      2.00     4   6.6800
#        1740       0.02206      4.99      2.00     7   6.6827
#        1741       0.01220      4.20      2.00     3   6.6831
#        1745       0.02128      5.70      2.00     7   6.6830
#        1746       0.01891     13.62      2.00     7   6.6844
#        1747       0.02974      6.18      2.00     7   6.6851
#        1752       0.02830     11.33      2.00     7   6.6864
#        1753       0.02356      7.94      2.00     7   6.6883
#        1754       0.01870      4.17      2.00     6   6.6887
#        1755       0.02499      7.01      2.00     5   6.6894
#        1756       0.02797     10.87      2.00     7   6.6906
#        1757       0.01445      6.03      2.00     6   6.6913
#        1758       0.01886      4.12      2.00     6   6.6925
#        1759       0.01183      7.00      2.00     6   6.6927
#        1763       0.02857     11.23      2.00     7   6.6943
#        1764       0.02568      7.47      2.00     7   6.6957
#        1766       0.01567      5.66      2.00     7   6.6978
#        1768       0.00677      5.80      2.00     5   6.6979
#        1769       0.01207      4.47      2.00     5   6.6986
#        1770       0.01213      4.82      2.00     5   6.6986
#        1771       0.01871      6.32      2.00     5   6.7020
#        1773       0.01899      4.29      2.00     6   6.7021
#        1774       0.02131      5.50      2.00     6   6.7026
#        1775       0.02408      5.47      2.00     6   6.7026
#        1776       0.03463      6.03      2.00     6   6.7034
#        1778       0.01571      7.91      2.00     5   6.7047
#        1779       0.04484     12.36      2.00     7   6.7042
#        1780       0.02755      8.28      2.00     5   6.7065
#        1781       0.05323      9.95      2.00     7   6.7067
#        1782       0.03040      4.54      2.00     7   6.7066
#        1784       0.01041     10.06      2.00     6   6.7074
#        1785       0.01003      4.48      2.00     7   6.7082
#        1786       0.03723     10.16      2.00     7   6.7091
#        1788       0.01043     12.09      2.00     7   6.7094
#        1789       0.01670     18.88      2.00     7   6.7094
#        1790       0.01799      4.18      2.00     7   6.7095
#        1791       0.01877      4.60      2.00     6   6.7101
#        1792       0.02130      5.27      2.00     6   6.7105
#        1793       0.02332      5.22      2.00     6   6.7105
#        1794       0.01575      5.22      2.00     7   6.7118
#        1795       0.02817      6.39      2.00     7   6.7139
#        1796       0.01614      4.48      2.00     6   6.7155
#        1797       0.02298      4.95      2.00     6   6.7162
#        1798       0.02183     22.58      2.00     7   6.7162
#        1799       0.00736      5.97      2.00     5   6.7170
#        1801       0.01213      4.06      2.00     5   6.7185
#        1802       0.01623      4.72      2.00     6   6.7195
#        1804       0.01019     14.89      2.00     6   6.7220
#        1805       0.02306      4.76      2.00     6   6.7225
#        1806       0.01763      4.43      2.00     7   6.7247
#        1807       0.00737      5.93      2.00     5   6.7275
#        1809       0.02412      7.64      2.00     7   6.7283
#        1810       0.04334      9.48      2.00     7   6.7288
#        1811       0.01253     11.08      2.00     6   6.7294
#        1812       0.02910      8.86      2.00     7   6.7299
#        1813       0.01802      6.07      2.00     7   6.7301
#        1814       0.03484     11.87      2.00     7   6.7302
#        1815       0.01767      5.85      2.00     7   6.7303
#        1818       0.00751      5.87      2.00     5   6.7326
#        1819       0.01967      7.61      2.00     7   6.7327
#        1822       0.01229     18.20      2.00     6   6.7340
#        1823       0.02320     14.19      2.00     6   6.7339
#        1824       0.02006      5.43      2.00     7   6.7343
#        1825       0.02454     14.39      2.00     7   6.7349
#        1827       0.00748      5.88      2.00     5   6.7351
#        1828       0.02786      6.05      2.00     7   6.7353
#        1829       0.02277     29.02      2.00     7   6.7356
#        1830       0.02153      8.27      2.00     7   6.7352
#        1831       0.01610     38.06      2.00     7   6.7354
#        1832       0.02656      7.19      2.00     7   6.7360
#        1833       0.03067      9.19      2.00     7   6.7369
#        1834       0.02856      8.97      2.00     7   6.7375
#        1835       0.01757      4.88      2.00     7   6.7376
#        1836       0.02265      9.87      2.00     7   6.7375
#        1837       0.01971      9.75      2.00     7   6.7379
#        1838       0.02330     13.16      2.00     7   6.7378
#        1839       0.02064      4.01      2.00     7   6.7397
#        1840       0.02370      7.43      2.00     6   6.7402
#        1841       0.01394      9.23      2.00     6   6.7400
#        1842       0.02143     32.38      2.00     7   6.7400
#        1843       0.03255      6.23      2.00     7   6.7410
#        1844       0.00699      6.26      2.00     4   6.7410
#        1845       0.01795     12.74      2.00     6   6.7414
#        1846       0.01725      8.92      2.00     7   6.7412
#        1848       0.01898      5.22      2.00     6   6.7423
#        1849       0.02171      4.61      2.00     6   6.7423
#        1850       0.02345      4.52      2.00     6   6.7423
#        1854       0.01019     12.60      2.00     6   6.7470
#        1855       0.01694      5.01      2.00     6   6.7474
#        1857       0.04797      6.32      2.00     7   6.7484
#        1858       0.12682      6.53      2.00     7   6.7487
#        1862       0.04031      9.88      2.00     7   6.7510
#        1863       0.04551      4.04      2.00     7   6.7509
#        1865       0.09966      9.94      2.00     7   6.7513
#        1866       0.02658      8.10      2.00     7   6.7523
#        1868       0.03950      9.72      2.00     7   6.7535
#        1870       0.01755      4.26      2.00     7   6.7542
#        1871       0.04453      5.95      2.00     7   6.7543
#        1872       0.03240      5.80      2.00     7   6.7548
#        1874       0.02090      8.75      2.00     6   6.7555
#        1875       0.01923      5.63      2.00     7   6.7555
#        1876       0.02733      7.40      2.00     7   6.7553
#        1877       0.02205     24.17      2.00     7   6.7557
#        1878       0.02005      7.60      2.00     7   6.7556
#        1879       0.02478     18.78      2.00     7   6.7554
#        1880       0.01938     13.91      2.00     7   6.7565
#        1881       0.02866      4.86      2.00     7   6.7572
#        1882       0.02335      5.59      2.00     7   6.7569
#        1884       0.01376      8.62      2.00     6   6.7575
#        1885       0.02071     10.72      2.00     7   6.7581
#        1886       0.01944     10.20      2.00     7   6.7578
#        1887       0.02688      9.90      2.00     7   6.7579
#        1888       0.02169     10.91      2.00     7   6.7579
#        1890       0.01960     12.77      2.00     7   6.7593
#        1891       0.02481      4.15      2.00     7   6.7594
#        1892       0.01231      9.56      2.00     6   6.7599
#        1893       0.02979     15.49      2.00     7   6.7598
#        1894       0.02187     15.69      2.00     7   6.7598
#        1895       0.02090     31.14      2.00     7   6.7604
#        1896       0.04348      5.65      2.00     7   6.7621
#        1897       0.02620      7.16      2.00     7   6.7618
#        1899       0.03402      5.59      2.00     7   6.7625
#        1900       0.02126     12.84      2.00     7   6.7626
#        1901       0.01098      5.29      2.00     4   6.7653
#        1902       0.02402      4.86      2.00     7   6.7650
#        1904       0.02183      4.62      2.00     7   6.7651
#        1905       0.01954      4.30      2.00     7   6.7665
#        1906       0.01157      6.76      2.00     7   6.7668
#        1907       0.02442      7.44      2.00     7   6.7670
#        1908       0.02595      6.73      2.00     7   6.7670
#        1910       0.01888      4.33      1.00     6   6.7690
#        1911       0.02093     13.34      2.00     7   6.7690
#        1912       0.01477      4.95      2.00     6   6.7698
#        1913       0.01838      4.04      2.00     6   6.7698
#        1914       0.01409      5.26      2.00     6   6.7696
#        1915       0.01575      5.79      2.00     7   6.7700
#        1917       0.01211     15.30      2.00     6   6.7710
#        1920       0.01799      5.11      2.00     7   6.7747
#        1921       0.03437      7.86      2.00     7   6.7756
#        1923       0.01807      4.74      2.00     7   6.7759
#        1924       0.01744      5.84      2.00     7   6.7759
#        1925       0.01451      8.58      2.00     6   6.7775
#        1926       0.01137     14.20      2.00     7   6.7780
#        1927       0.01998      5.89      2.00     7   6.7781
#        1928       0.02209      7.94      2.00     7   6.7792
#        1929       0.01905     13.46      2.00     7   6.7794
#        1930       0.02350      5.36      2.00     7   6.7795
#        1931       0.02911     22.10      2.00     7   6.7797
#        1932       0.02376      7.95      2.00     7   6.7797
#        1933       0.02298      6.10      2.00     7   6.7809
#        1934       0.02489      5.78      2.00     7   6.7820
#        1935       0.01924     13.12      2.00     7   6.7826
#        1936       0.02458      4.51      2.00     7   6.7827
#        1937       0.02939     17.66      2.00     7   6.7830
#        1938       0.02202     14.20      2.00     7   6.7830
#        1939       0.02023      7.39      2.00     5   6.7835
#        1940       0.02111      6.28      2.00     7   6.7839
#        1942       0.02559      8.88      2.00     7   6.7841
#        1943       0.02162     12.99      2.00     7   6.7841
#        1944       0.02614      6.83      2.00     7   6.7850
#        1945       0.01147     75.78      2.00     7   6.7847
#        1946       0.02062      8.95      2.00     6   6.7858
#        1947       0.02361      6.23      2.00     7   6.7858
#        1948       0.02851      4.66      2.00     7   6.7858
#        1949       0.01692      6.35      2.00     7   6.7856
#        1950       0.02332     14.22      2.00     7   6.7857
#        1951       0.01712      8.78      2.00     7   6.7855
#        1953       0.02103     13.06      2.00     7   6.7880
#        1954       0.02630      5.12      2.00     7   6.7885
#        1955       0.02510      7.82      2.00     7   6.7885
#        1956       0.01639      7.69      2.00     7   6.7882
#        1957       0.01804      7.30      2.00     7   6.7884
#        1958       0.01990      7.67      2.00     7   6.7883
#        1959       0.02135      5.74      2.00     6   6.7889
#        1960       0.02131     11.34      2.00     6   6.7888
#        1962       0.02291      5.47      2.00     7   6.7889
#        1963       0.02674      4.05      2.00     7   6.7892
#        1964       0.02164      5.13      2.00     7   6.7892
#        1965       0.01059      9.53      2.00     6   6.7897
#        1967       0.02408      7.77      2.00     7   6.7905
#        1968       0.02563      6.35      2.00     7   6.7905
#        1970       0.01918      4.89      2.00     7   6.7901
#        1971       0.01981     20.44      2.00     7   6.7909
#        1972       0.01562      4.20      2.00     6   6.7914
#        1973       0.01705      4.55      2.00     7   6.7912
#        1974       0.02084     14.65      2.00     7   6.7925
#        1975       0.01767      8.07      2.00     7   6.7956
#        1976       0.04175      9.66      2.00     7   6.7982
#        1977       0.01794      5.73      2.00     7   6.7987
#        1978       0.01713      5.92      2.00     7   6.7993
#        1979       0.03389     16.31      2.00     7   6.8005
#        1980       0.03711     10.79      2.00     6   6.8034
#        1981       0.01646      7.53      2.00     7   6.8033
#        1982       0.01647      7.18      2.00     7   6.8036
#        1984       0.03277     16.93      2.00     6   6.8059
#        1986       0.03921      7.60      2.00     7   6.8069
#        1987       0.04454      6.28      2.00     7   6.8087
#        1988       0.03208      6.12      2.00     7   6.8095
#        1989       0.03014      7.59      2.00     7   6.8093
#        1990       0.03315      5.93      2.00     7   6.8093
#        1991       0.02555      6.32      2.00     7   6.8092
#        1992       0.01758      6.45      2.00     6   6.8101
#        1993       0.02833      4.72      2.00     7   6.8118
#        1994       0.02738      7.92      2.00     5   6.8139
#        1995       0.04303      5.98      2.00     7   6.8161
#        1996       0.03230      5.90      2.00     7   6.8169
#        1997       0.01724      6.29      2.00     7   6.8173
#        1998       0.01254     11.76      2.00     6   6.8191
#        1999       0.00826      7.64      2.00     6   6.8191
#        2000       0.02354      4.71      2.00     7   6.8193
#        2001       0.02465      6.15      2.00     5   6.8210
#        2002       0.01164     42.49      2.00     7   6.8232
#        2003       0.01261      7.69      2.00     6   6.8244
#        2004       0.01260      4.23      2.00     5   6.8279
#        2006       0.01566      5.11      2.00     5   6.8306
#        2008       0.01833      7.95      2.00     7   6.8339
#        2009       0.01603      8.93      2.00     7   6.8351
#        2010       0.01597      6.40      2.00     7   6.8351
#        2011       0.01669      8.33      2.00     7   6.8366
#        2012       0.02051     14.62      2.00     7   6.8374
#        2013       0.01926      5.76      2.00     7   6.8375
#        2014       0.03237     22.14      2.00     7   6.8377
#        2015       0.01805      4.85      2.00     7   6.8375
#        2017       0.01592      8.81      2.00     7   6.8395
#        2018       0.01585      6.21      2.00     7   6.8395
#        2019       0.01722      6.06      2.00     7   6.8400
#        2020       0.01468      9.72      2.00     6   6.8407
#        2021       0.01188      6.86      2.00     6   6.8412
#        2022       0.01833      8.32      2.00     7   6.8411
#        2024       0.01622     20.04      2.00     7   6.8420
#        2027       0.01672      6.34      2.00     7   6.8467
#        2028       0.01860      8.14      2.00     7   6.8467
#        2030       0.01352      6.76      2.00     6   6.8489
#        2031       0.01666     16.82      2.00     7   6.8493
#        2033       0.01194      8.30      2.00     6   6.8509
#        2034       0.01595      8.85      2.00     7   6.8507
#        2035       0.01590      6.76      2.00     7   6.8507
#        2037       0.01551      4.68      2.00     7   6.8545
#        2039       0.00610      5.84      2.00     5   6.8556
#        2040       0.01442      4.64      2.00     5   6.8570
#        2041       0.01600      6.68      2.00     7   6.8589
#        2042       0.01597      4.46      2.00     7   6.8589
#        2043       0.01588      4.34      2.00     7   6.8596
#        2044       0.02201      6.94      2.00     7   6.8596
#        2045       0.02365      4.84      2.00     7   6.8600
#        2046       0.01874     12.95      2.00     7   6.8604
#        2047       0.02849     19.93      2.00     7   6.8603
#        2048       0.02286     10.49      2.00     7   6.8603
#        2049       0.01715      4.87      2.00     7   6.8612
#        2051       0.01273      9.25      2.00     6   6.8615
#        2052       0.00830      6.63      2.00     6   6.8615
#        2053       0.00849      6.30      2.00     6   6.8615
#        2054       0.02587      6.08      2.00     7   6.8625
#        2055       0.03641      7.38      2.00     6   6.8639
#        2056       0.02216      5.43      2.00     7   6.8658
#        2057       0.02061     12.72      2.00     7   6.8654
#        2058       0.01585     27.36      2.00     7   6.8661
#        2060       0.02188      5.24      2.00     7   6.8671
#        2061       0.02058      5.33      2.00     7   6.8670
#        2062       0.02595      4.26      2.00     7   6.8673
#        2063       0.02187      5.66      2.00     7   6.8673
#        2064       0.01690      4.43      2.00     7   6.8674
#        2065       0.02317      8.95      2.00     7   6.8670
#        2066       0.01049      4.86      2.00     4   6.8674
#        2068       0.02154     12.01      2.00     6   6.8684
#        2069       0.04659     11.84      2.00     7   6.8680
#        2070       0.01670      6.13      2.00     6   6.8695
#        2071       0.02819      6.83      2.00     7   6.8693
#        2072       0.02494      5.50      2.00     7   6.8694
#        2073       0.02355      7.66      2.00     7   6.8694
#        2074       0.01802      5.13      2.00     7   6.8691
#        2075       0.01954      5.98      2.00     7   6.8695
#        2077       0.02394      5.24      2.00     7   6.8695
#        2078       0.01673      5.80      2.00     7   6.8696
#        2079       0.02927      7.29      2.00     7   6.8695
#        2080       0.05330      8.88      2.00     7   6.8703
#        2081       0.02987      4.05      2.00     7   6.8702
#        2083       0.02189     21.48      2.00     7   6.8721
#        2084       0.02042     16.86      2.00     7   6.8717
#        2087       0.03642      9.09      2.00     7   6.8726
#        2088       0.09093      9.77      2.00     7   6.8738
#        2089       0.03465      9.88      2.00     7   6.8737
#        2091       0.02730      6.92      2.00     7   6.8758
#        2092       0.03520     14.19      2.00     7   6.8758
#        2093       0.02119     28.56      2.00     7   6.8762
#        2094       0.01784      4.20      2.00     7   6.8765
#        2095       0.00637      5.19      2.00     5   6.8772
#        2096       0.01776      6.87      2.00     7   6.8773
#        2097       0.01708      4.37      2.00     6   6.8777
#        2098       0.01946     32.00      2.00     7   6.8782
#        2099       0.06283      9.46      2.00     7   6.8789
#        2100       0.03773      9.14      2.00     7   6.8788
#        2101       0.01602      4.78      2.00     7   6.8790
#        2102       0.02238      5.70      2.00     7   6.8795
#        2103       0.01709      4.12      2.00     7   6.8802
#        2104       0.01841      4.27      2.00     7   6.8811
#        2106       0.02567      6.58      2.00     7   6.8812
#        2107       0.01050      4.46      2.00     6   6.8829
#        2108       0.01943     12.96      2.00     7   6.8834
#        2109       0.01682      5.82      2.00     7   6.8845
#        2110       0.01684      5.86      2.00     7   6.8845
#        2111       0.01219      7.75      2.00     6   6.8850
#        2112       0.02875     13.27      2.00     6   6.8870
#        2113       0.01836      8.69      2.00     7   6.8873
#        2116       0.01234      4.13      2.00     6   6.8970
#        2119       0.01238      8.86      2.00     6   6.9001
#        2121       0.04593      5.23      2.00     6   6.9004
#        2122       0.01797      6.11      2.00     7   6.9025
#        2123       0.02546      5.23      2.00     6   6.9056
#        2124       0.01221     13.15      2.00     7   6.9052
#        2125       0.02831      5.22      2.00     6   6.9061
#        2130       0.01807      4.23      2.00     7   6.9102
#        2134       0.01574      4.95      2.00     5   6.9148
#        2138       0.01729      4.93      2.00     7   6.9172
#        2139       0.01415      6.25      2.00     6   6.9179
#        2140       0.01588      4.41      2.00     7   6.9177
#        2141       0.00894      9.79      2.00     5   6.9185
#        2144       0.02399      5.91      2.00     7   6.9188
#        2145       0.01064      4.36      2.00     6   6.9192
#        2146       0.01082      5.96      2.00     6   6.9192
#        2147       0.01582     13.42      2.00     6   6.9199
#        2148       0.01950     14.19      2.00     7   6.9198
#        2149       0.04955      7.69      2.00     7   6.9212
#        2150       0.03143      7.55      2.00     7   6.9213
#        2152       0.02843      9.35      2.00     7   6.9227
#        2153       0.01798      5.97      2.00     7   6.9238
#        2154       0.02599      4.37      2.00     7   6.9238
#        2155       0.01320      5.33      2.00     6   6.9251
#        2156       0.01316      5.86      2.00     6   6.9251
#        2157       0.03197      4.80      2.00     7   6.9250
#        2158       0.02956     12.38      2.00     6   6.9254
#        2159       0.02916      8.84      2.00     7   6.9261
#        2160       0.01330      5.19      2.00     6   6.9266
#        2161       0.01324      5.71      2.00     6   6.9266
#        2163       0.02261      5.67      2.00     7   6.9277
#        2164       0.04789      7.33      2.00     7   6.9278
#        2165       0.06449      4.34      2.00     7   6.9275
#        2166       0.02674      4.80      2.00     7   6.9274
#        2167       0.05134      4.53      2.00     7   6.9275
#        2168       0.02604      8.18      2.00     7   6.9277
#        2169       0.02399     16.40      2.00     6   6.9279
#        2170       0.02830      7.21      2.00     7   6.9279
#        2171       0.02468     13.43      2.00     6   6.9284
#        2172       0.01811      4.63      2.00     7   6.9284
#        2173       0.00689      4.37      2.00     5   6.9297
#        2174       0.00691      4.40      2.00     5   6.9297
#        2175       0.02691     16.27      2.00     6   6.9299
#        2176       0.04061     19.74      2.00     7   6.9299
#        2177       0.02378      5.38      2.00     7   6.9299
#  1645/2000 paths used
#  -----------------------------------------------------------------------
#       k          chi          mag           phase @#
     0.0000    1.075357E+01  1.138491E+01  1.905384E+00
     0.0500    1.042881E+01  1.120429E+01  1.945033E+00
     0.1000    1.009337E+01  1.102460E+01  1.984765E+00
     0.1500    9.073417E+00  1.052050E+01  2.101500E+00
     0.2000    7.990819E+00  1.002331E+01  2.218910E+00
     0.2500    6.239298E+00  9.304080E+00  2.406578E+00
     0.3000    4.459556E+00  8.593769E+00  2.595995E+00
     0.3500    2.278172E+00  7.801133E+00  2.845243E+00
     0.4000    3.235948E-01  7.018289E+00  3.095469E+00
     0.4500   -1.537319E+00  6.264158E+00  3.389540E+00
     0.5000   -2.843187E+00  5.517522E+00  3.682952E+00
     0.5500   -3.696848E+00  4.870555E+00  4.003399E+00
     0.6000   -3.892905E+00  4.214326E+00  4.319303E+00
     0.6500   -3.680920E+00  3.689138E+00  4.645629E+00
     0.7000   -3.043816E+00  3.141207E+00  4.962052E+00
     0.7500   -2.298276E+00  2.720852E+00  5.277199E+00
     0.8000   -1.479263E+00  2.277182E+00  5.576124E+00
     0.8500   -7.823750E-01  1.943724E+00  5.868924E+00
     0.9000   -2.312056E-01  1.596911E+00  6.137892E+00
     0.9500    1.579157E-01  1.335129E+00  6.401740E+00
     1.0000    3.665397E-01  1.073586E+00  6.631608E+00
     1.0500    4.796293E-01  8.806051E-01  6.859168E+00
     1.1000    4.802315E-01  6.979807E-01  7.041956E+00
     1.1500    4.513442E-01  5.583308E-01  7.224582E+00
     1.2000    3.806547E-01  4.355660E-01  7.346418E+00
     1.2500    3.129867E-01  3.390197E-01  7.459539E+00
     1.3000    2.467046E-01  2.645516E-01  7.484567E+00
     1.3500    1.947899E-01  2.105094E-01  7.465081E+00
     1.4000    1.612570E-01  1.819806E-01  7.372094E+00
     1.4500    1.445140E-01  1.719625E-01  7.281170E+00
     1.5000    1.470193E-01  1.794616E-01  7.243242E+00
     1.5500    1.601224E-01  1.902673E-01  7.283360E+00
     1.6000    1.797432E-01  2.015307E-01  7.384692E+00
     1.6500    1.963747E-01  2.071178E-01  7.530488E+00
     1.7000    2.040625E-01  2.063863E-01  7.703778E+00
     1.7500    1.988787E-01  1.990122E-01  7.890618E+00
     1.8000    1.789668E-01  1.837949E-01  8.083698E+00
     1.8500    1.505271E-01  1.643531E-01  8.267093E+00
     1.9000    1.186068E-01  1.416118E-01  8.431996E+00
     1.9500    7.889292E-02  1.026484E-01  8.548168E+00
     2.0000    6.931508E-02  9.846258E-02  8.643801E+00
     2.0500    5.319139E-02  8.206109E-02  8.719570E+00
     2.1000    4.553407E-02  7.037662E-02  8.721127E+00
     2.1500    4.357181E-02  6.419797E-02  8.678773E+00
     2.2000    4.394198E-02  6.138332E-02  8.626920E+00
     2.2500    3.829900E-02  5.473146E-02  8.649714E+00
     2.3000    3.745412E-02  5.124950E-02  8.605257E+00
     2.3500    4.090955E-02  5.248480E-02  8.530982E+00
     2.4000    4.753300E-02  5.872754E-02  8.481679E+00
     2.4500    5.204717E-02  6.495246E-02  8.495293E+00
     2.5000    5.645541E-02  7.418825E-02  8.559963E+00
     2.5500    5.810363E-02  8.503669E-02  8.672536E+00
     2.6000    5.488056E-02  9.636543E-02  8.818875E+00
     2.6500    4.395387E-02  1.038444E-01  8.987730E+00
     2.7000    2.807527E-02  1.111670E-01  9.169463E+00
     2.7500    7.584032E-03  1.180538E-01  9.360492E+00
     2.8000   -1.647031E-02  1.243212E-01  9.557651E+00
     2.8500   -4.073924E-02  1.271899E-01  9.750827E+00
     2.9000   -6.458252E-02  1.294964E-01  9.946900E+00
     2.9500   -8.651934E-02  1.312627E-01  1.014444E+01
     3.0000   -1.052920E-01  1.325626E-01  1.034260E+01
     3.0500   -1.187785E-01  1.325059E-01  1.053636E+01
     3.1000   -1.276643E-01  1.322317E-01  1.073198E+01
     3.1500   -1.313482E-01  1.316383E-01  1.092918E+01
     3.2000   -1.295635E-01  1.306942E-01  1.112721E+01
     3.2500   -1.222536E-01  1.291660E-01  1.132421E+01
     3.3000   -1.101278E-01  1.274438E-01  1.152296E+01
     3.3500   -9.357240E-02  1.253326E-01  1.172344E+01
     3.4000   -7.347495E-02  1.226800E-01  1.192422E+01
     3.4500   -5.121638E-02  1.194778E-01  1.212335E+01
     3.5000   -2.817222E-02  1.159290E-01  1.232090E+01
     3.5500   -5.646580E-03  1.121005E-01  1.251598E+01
     3.6000    1.522680E-02  1.080852E-01  1.270772E+01
     3.6500    3.329170E-02  1.038687E-01  1.289265E+01
     3.7000    4.834016E-02  9.972481E-02  1.307243E+01
     3.7500    6.027631E-02  9.580315E-02  1.324685E+01
     3.8000    6.929002E-02  9.224204E-02  1.341621E+01
     3.8500    7.570612E-02  8.929967E-02  1.357815E+01
     3.9000    8.003830E-02  8.690438E-02  1.373699E+01
     3.9500    8.259260E-02  8.508226E-02  1.389466E+01
     4.0000    8.350677E-02  8.380184E-02  1.405323E+01
     4.0500    8.291538E-02  8.314976E-02  1.421227E+01
     4.1000    8.053343E-02  8.287166E-02  1.437528E+01
     4.1500    7.609977E-02  8.283824E-02  1.454330E+01
     4.2000    6.937050E-02  8.291297E-02  1.471679E+01
     4.2500    6.043868E-02  8.315581E-02  1.489429E+01
     4.3000    4.916440E-02  8.330280E-02  1.507667E+01
     4.3500    3.581717E-02  8.326656E-02  1.526330E+01
     4.4000    2.089500E-02  8.298288E-02  1.545342E+01
     4.4500    5.141990E-03  8.260181E-02  1.564567E+01
     4.5000   -1.076719E-02  8.193026E-02  1.583976E+01
     4.5500   -2.600239E-02  8.096804E-02  1.603490E+01
     4.6000   -3.978308E-02  7.973122E-02  1.623037E+01
     4.6500   -5.157908E-02  7.841923E-02  1.642577E+01
     4.7000   -6.082640E-02  7.688156E-02  1.662068E+01
     4.7500   -6.718690E-02  7.514606E-02  1.681435E+01
     4.8000   -7.056499E-02  7.327163E-02  1.700611E+01
     4.8500   -7.118833E-02  7.142581E-02  1.719719E+01
     4.9000   -6.912474E-02  6.952677E-02  1.738635E+01
     4.9500   -6.469152E-02  6.760743E-02  1.757353E+01
     5.0000   -5.827387E-02  6.569609E-02  1.775870E+01
     5.0500   -5.029941E-02  6.389034E-02  1.794318E+01
     5.1000   -4.115078E-02  6.214330E-02  1.812582E+01
     5.1500   -3.123521E-02  6.047206E-02  1.830677E+01
     5.2000   -2.092911E-02  5.889106E-02  1.848623E+01
     5.2500   -1.048074E-02  5.748357E-02  1.866620E+01
     5.3000   -2.286180E-04  5.618691E-02  1.884549E+01
     5.3500    9.572679E-03  5.500325E-02  1.902449E+01
     5.4000    1.870081E-02  5.393060E-02  1.920367E+01
     5.4500    2.709329E-02  5.302137E-02  1.938589E+01
     5.5000    3.441070E-02  5.218790E-02  1.956953E+01
     5.5500    4.044198E-02  5.140798E-02  1.975498E+01
     5.6000    4.498309E-02  5.065562E-02  1.994257E+01
     5.6500    4.792236E-02  4.994598E-02  2.013472E+01
     5.7000    4.898904E-02  4.919343E-02  2.032917E+01
     5.7500    4.810485E-02  4.837317E-02  2.052573E+01
     5.8000    4.529261E-02  4.746560E-02  2.072411E+01
     5.8500    4.070776E-02  4.651565E-02  2.092542E+01
     5.9000    3.455833E-02  4.545669E-02  2.112745E+01
     5.9500    2.720840E-02  4.429264E-02  2.132967E+01
     6.0000    1.909063E-02  4.303461E-02  2.153152E+01
     6.0500    1.065324E-02  4.187276E-02  2.173390E+01
     6.1000    2.286142E-03  4.065975E-02  2.193489E+01
     6.1500   -5.621677E-03  3.941876E-02  2.213425E+01
     6.2000   -1.275624E-02  3.817229E-02  2.233188E+01
     6.2500   -1.888713E-02  3.693992E-02  2.252784E+01
     6.3000   -2.386312E-02  3.573644E-02  2.272233E+01
     6.3500   -2.759934E-02  3.457068E-02  2.291569E+01
     6.4000   -3.006218E-02  3.344512E-02  2.310829E+01
     6.4500   -3.125699E-02  3.235645E-02  2.330051E+01
     6.5000   -3.122181E-02  3.129686E-02  2.349267E+01
     6.5500   -3.028745E-02  3.052781E-02  2.368751E+01
     6.6000   -2.824073E-02  2.975888E-02  2.388274E+01
     6.6500   -2.520291E-02  2.897967E-02  2.407820E+01
     6.7000   -2.134331E-02  2.818331E-02  2.427357E+01
     6.7500   -1.687272E-02  2.736761E-02  2.446842E+01
     6.8000   -1.202866E-02  2.653545E-02  2.466227E+01
     6.8500   -7.054586E-03  2.569462E-02  2.485461E+01
     6.9000   -2.177490E-03  2.485694E-02  2.504503E+01
     6.9500    2.411182E-03  2.403679E-02  2.523322E+01
     7.0000    6.567200E-03  2.324939E-02  2.541911E+01
     7.0500    1.031256E-02  2.261686E-02  2.560620E+01
     7.1000    1.347900E-02  2.203191E-02  2.579107E+01
     7.1500    1.603500E-02  2.150566E-02  2.597420E+01
     7.2000    1.797119E-02  2.104431E-02  2.615631E+01
     7.2500    1.928570E-02  2.064824E-02  2.633822E+01
     7.3000    1.997394E-02  2.031209E-02  2.652081E+01
     7.3500    2.002557E-02  2.002559E-02  2.670484E+01
     7.4000    1.942901E-02  1.977506E-02  2.689089E+01
     7.4500    1.818145E-02  1.954522E-02  2.707931E+01
     7.5000    1.630124E-02  1.932108E-02  2.727019E+01
     7.5500    1.384944E-02  1.910894E-02  2.746364E+01
     7.6000    1.091068E-02  1.889083E-02  2.765859E+01
     7.6500    7.601105E-03  1.866101E-02  2.785481E+01
     7.7000    4.060474E-03  1.841587E-02  2.805202E+01
     7.7500    4.433254E-04  1.815397E-02  2.824991E+01
     7.8000   -3.092129E-03  1.787595E-02  2.844819E+01
     7.8500   -6.395547E-03  1.758417E-02  2.864658E+01
     7.9000   -9.334441E-03  1.728224E-02  2.884491E+01
     7.9500   -1.180112E-02  1.697446E-02  2.904307E+01
     8.0000   -1.371594E-02  1.666508E-02  2.924107E+01
     8.0500   -1.507009E-02  1.640530E-02  2.943888E+01
     8.1000   -1.580619E-02  1.615517E-02  2.963690E+01
     8.1500   -1.591418E-02  1.591493E-02  2.983541E+01
     8.2000   -1.540213E-02  1.568317E-02  3.003473E+01
     8.2500   -1.429622E-02  1.545694E-02  3.023514E+01
     8.3000   -1.264211E-02  1.523211E-02  3.043688E+01
     8.3500   -1.050700E-02  1.500379E-02  3.064012E+01
     8.4000   -7.980993E-03  1.476681E-02  3.084493E+01
     8.4500   -5.176567E-03  1.451618E-02  3.105129E+01
     8.5000   -2.225231E-03  1.424755E-02  3.125910E+01
     8.5500    7.440781E-04  1.404025E-02  3.146895E+01
     8.6000    3.605292E-03  1.381248E-02  3.168000E+01
     8.6500    6.215778E-03  1.356183E-02  3.189204E+01
     8.7000    8.446014E-03  1.328690E-02  3.210480E+01
     8.7500    1.018981E-02  1.298734E-02  3.231797E+01
     8.8000    1.137278E-02  1.266384E-02  3.253125E+01
     8.8500    1.195780E-02  1.231799E-02  3.274430E+01
     8.9000    1.194692E-02  1.195228E-02  3.295680E+01
     8.9500    1.137939E-02  1.156985E-02  3.316842E+01
     9.0000    1.032619E-02  1.117446E-02  3.337888E+01
     9.0500    8.942187E-03  1.085582E-02  3.358957E+01
     9.1000    7.246197E-03  1.053101E-02  3.379868E+01
     9.1500    5.346661E-03  1.020395E-02  3.400600E+01
     9.2000    3.351072E-03  9.878604E-03  3.421143E+01
     9.2500    1.358746E-03  9.558748E-03  3.441489E+01
     9.3000   -5.443340E-04  9.247825E-03  3.461641E+01
     9.3500   -2.288334E-03  8.948762E-03  3.481611E+01
     9.4000   -3.820171E-03  8.663821E-03  3.501416E+01
     9.4500   -5.102364E-03  8.394484E-03  3.521084E+01
     9.5000   -6.110823E-03  8.141387E-03  3.540647E+01
     9.5500   -6.882563E-03  7.955203E-03  3.560300E+01
     9.6000   -7.366416E-03  7.784096E-03  3.579924E+01
     9.6500   -7.559554E-03  7.626665E-03  3.599556E+01
     9.7000   -7.465733E-03  7.481023E-03  3.619226E+01
     9.7500   -7.095659E-03  7.344975E-03  3.638961E+01
     9.8000   -6.467786E-03  7.216194E-03  3.658779E+01
     9.8500   -5.609105E-03  7.092387E-03  3.678689E+01
     9.9000   -4.555520E-03  6.971436E-03  3.698697E+01
     9.9500   -3.351447E-03  6.851503E-03  3.718799E+01
    10.0000   -2.048494E-03  6.731097E-03  3.738987E+01
    10.0500   -7.003660E-04  6.637694E-03  3.759340E+01
    10.1000    6.439251E-04  6.542094E-03  3.779770E+01
    10.1500    1.925875E-03  6.443619E-03  3.800263E+01
    10.2000    3.090112E-03  6.341885E-03  3.820805E+01
    10.2500    4.087590E-03  6.236766E-03  3.841383E+01
    10.3000    4.878326E-03  6.128353E-03  3.861981E+01
    10.3500    5.433461E-03  6.016907E-03  3.882589E+01
    10.4000    5.736479E-03  5.902813E-03  3.903195E+01
    10.4500    5.783575E-03  5.786537E-03  3.923791E+01
    10.5000    5.583205E-03  5.668589E-03  3.944369E+01
    10.5500    5.154948E-03  5.549488E-03  3.964926E+01
    10.6000    4.527835E-03  5.429733E-03  3.985457E+01
    10.6500    3.738328E-03  5.309786E-03  4.005963E+01
    10.7000    2.828107E-03  5.190051E-03  4.026442E+01
    10.7500    1.841838E-03  5.070864E-03  4.046898E+01
    10.8000    8.250132E-04  4.952490E-03  4.067334E+01
    10.8500   -1.780295E-04  4.835113E-03  4.087753E+01
    10.9000   -1.125862E-03  4.718845E-03  4.108162E+01
    10.9500   -1.981467E-03  4.603728E-03  4.128565E+01
    11.0000   -2.713466E-03  4.489737E-03  4.148968E+01
    11.0500   -3.328856E-03  4.414979E-03  4.169482E+01
    11.1000   -3.785943E-03  4.341624E-03  4.190000E+01
    11.1500   -4.070971E-03  4.269600E-03  4.210528E+01
    11.2000   -4.177490E-03  4.198799E-03  4.231071E+01
    11.2500   -4.106397E-03  4.129081E-03  4.251637E+01
    11.3000   -3.865738E-03  4.060275E-03  4.272231E+01
    11.3500   -3.470257E-03  3.992178E-03  4.292859E+01
    11.4000   -2.940735E-03  3.924549E-03  4.313527E+01
    11.4500   -2.303126E-03  3.857107E-03  4.334240E+01
    11.5000   -1.587523E-03  3.789531E-03  4.355004E+01
    11.5500   -8.269660E-04  3.721468E-03  4.375821E+01
    11.6000   -5.610056E-05  3.652538E-03  4.396694E+01
    11.6500    6.903159E-04  3.582364E-03  4.417621E+01
    11.7000    1.379026E-03  3.510589E-03  4.438599E+01
    11.7500    1.979949E-03  3.436909E-03  4.459623E+01
    11.8000    2.467807E-03  3.361098E-03  4.480682E+01
    11.8500    2.823577E-03  3.283029E-03  4.501767E+01
    11.9000    3.035583E-03  3.202691E-03  4.522863E+01
    11.9500    3.100109E-03  3.120194E-03  4.543957E+01
    12.0000    3.021426E-03  3.035766E-03  4.565033E+01
    12.0500    2.842495E-03  2.986971E-03  4.586539E+01
    12.1000    2.537657E-03  2.936272E-03  4.608024E+01
    12.1500    2.126453E-03  2.883949E-03  4.629476E+01
    12.2000    1.633124E-03  2.830358E-03  4.650884E+01
    12.2500    1.084889E-03  2.775909E-03  4.672236E+01
    12.3000    5.101488E-04  2.721042E-03  4.693529E+01
    12.3500   -6.318987E-05  2.666193E-03  4.714759E+01
    12.4000   -6.091338E-04  2.611767E-03  4.735928E+01
    12.4500   -1.104690E-03  2.558112E-03  4.757042E+01
    12.5000   -1.530604E-03  2.505495E-03  4.778109E+01
    12.5500   -1.871779E-03  2.454089E-03  4.799140E+01
    12.6000   -2.117463E-03  2.403964E-03  4.820148E+01
    12.6500   -2.261280E-03  2.355089E-03  4.841149E+01
    12.7000   -2.301168E-03  2.307335E-03  4.862155E+01
    12.7500   -2.239287E-03  2.260500E-03  4.883179E+01
    12.8000   -2.081878E-03  2.214324E-03  4.904230E+01
    12.8500   -1.839054E-03  2.168517E-03  4.925315E+01
    12.9000   -1.524463E-03  2.122792E-03  4.946436E+01
    12.9500   -1.154767E-03  2.076884E-03  4.967591E+01
    13.0000   -7.489006E-04  2.030579E-03  4.988775E+01
    13.0500   -3.313174E-04  1.996197E-03  5.009874E+01
    13.1000    8.705083E-05  1.961107E-03  5.030989E+01
    13.1500    4.867757E-04  1.925279E-03  5.052109E+01
    13.2000    8.499242E-04  1.888747E-03  5.073224E+01
    13.2500    1.161028E-03  1.851600E-03  5.094323E+01
    13.3000    1.407851E-03  1.813965E-03  5.115397E+01
    13.3500    1.581892E-03  1.775997E-03  5.136438E+01
    13.4000    1.678615E-03  1.737864E-03  5.157441E+01
    13.4500    1.697414E-03  1.699735E-03  5.178401E+01
    13.5000    1.641351E-03  1.661767E-03  5.199319E+01
    13.5500    1.516726E-03  1.624102E-03  5.220194E+01
    13.6000    1.332533E-03  1.586858E-03  5.241029E+01
    13.6500    1.099840E-03  1.550130E-03  5.261827E+01
    13.7000    8.311634E-04  1.513985E-03  5.282592E+01
    13.7500    5.398292E-04  1.478468E-03  5.303331E+01
    13.8000    2.393779E-04  1.443599E-03  5.324049E+01
    13.8500   -5.699327E-05  1.409378E-03  5.344752E+01
    13.9000   -3.369299E-04  1.375787E-03  5.365449E+01
    13.9500   -5.893570E-04  1.342791E-03  5.386145E+01
    14.0000   -8.048465E-04  1.310340E-03  5.406848E+01
    14.0500   -9.883564E-04  1.291926E-03  5.427816E+01
    14.1000   -1.123942E-03  1.273799E-03  5.448792E+01
    14.1500   -1.206999E-03  1.255940E-03  5.469779E+01
    14.2000   -1.235295E-03  1.238335E-03  5.490779E+01
    14.2500   -1.209003E-03  1.220964E-03  5.511796E+01
    14.3000   -1.130634E-03  1.203805E-03  5.532833E+01
    14.3500   -1.004875E-03  1.186824E-03  5.553893E+01
    14.4000   -8.383606E-04  1.169980E-03  5.574981E+01
    14.4500   -6.393664E-04  1.153219E-03  5.596100E+01
    14.5000   -4.174546E-04  1.136478E-03  5.617254E+01
    14.5500   -1.830644E-04  1.119687E-03  5.638443E+01
    14.6000    5.294404E-05  1.102775E-03  5.659670E+01
    14.6500    2.797823E-04  1.085674E-03  5.680931E+01
    14.7000    4.872471E-04  1.068326E-03  5.702226E+01
    14.7500    6.662249E-04  1.050685E-03  5.723549E+01
    14.8000    8.091544E-04  1.032723E-03  5.744897E+01
    14.8500    9.104063E-04  1.014430E-03  5.766264E+01
    14.9000    9.665494E-04  9.958132E-04  5.787643E+01
    14.9500    9.764786E-04  9.768935E-04  5.809032E+01
    15.0000    9.413987E-04  9.577024E-04  5.830425E+01
    15.0500    8.710049E-04  9.438605E-04  5.851495E+01
    15.1000    7.640962E-04  9.297238E-04  5.872560E+01
    15.1500    6.266534E-04  9.153311E-04  5.893618E+01
    15.2000    4.658932E-04  9.007254E-04  5.914663E+01
    15.2500    2.898611E-04  8.859502E-04  5.935695E+01
    15.3000    1.070068E-04  8.710477E-04  5.956710E+01
    15.3500   -7.423545E-05  8.560574E-04  5.977709E+01
    15.4000   -2.458401E-04  8.410156E-04  5.998691E+01
    15.4500   -4.005423E-04  8.259546E-04  6.019656E+01
    15.5000   -5.321340E-04  8.109031E-04  6.040606E+01
    15.5500   -6.356936E-04  7.958852E-04  6.061543E+01
    15.6000   -7.077442E-04  7.809194E-04  6.082470E+01
    15.6500   -7.463358E-04  7.660171E-04  6.103388E+01
    15.7000   -7.510592E-04  7.511812E-04  6.124303E+01
    15.7500   -7.229958E-04  7.364048E-04  6.145218E+01
    15.8000   -6.646153E-04  7.216713E-04  6.166137E+01
    15.8500   -5.796285E-04  7.069553E-04  6.187063E+01
    15.9000   -4.727997E-04  6.922252E-04  6.207997E+01
    15.9500   -3.497213E-04  6.774471E-04  6.228941E+01
    16.0000   -2.165510E-04  6.625893E-04  6.249891E+01
    16.0500   -8.251954E-05  6.506146E-04  6.270468E+01
    16.1000    5.015529E-05  6.385581E-04  6.291048E+01
    16.1500    1.757762E-04  6.264131E-04  6.311628E+01
    16.2000    2.891520E-04  6.141800E-04  6.332204E+01
    16.2500    3.858303E-04  6.018654E-04  6.352773E+01
    16.3000    4.622858E-04  5.894815E-04  6.373330E+01
    16.3500    5.160518E-04  5.770451E-04  6.393872E+01
    16.4000    5.457901E-04  5.645751E-04  6.414396E+01
    16.4500    5.512972E-04  5.520912E-04  6.434901E+01
    16.5000    5.334551E-04  5.396120E-04  6.455386E+01
    16.5500    4.941313E-04  5.271539E-04  6.475848E+01
    16.6000    4.360415E-04  5.147300E-04  6.496289E+01
    16.6500    3.625837E-04  5.023499E-04  6.516708E+01
    16.7000    2.776540E-04  4.900206E-04  6.537105E+01
    16.7500    1.854504E-04  4.777470E-04  6.557479E+01
    16.8000    9.027363E-05  4.655336E-04  6.577830E+01
    16.8500   -3.669311E-06  4.533862E-04  6.598154E+01
    16.9000   -9.245146E-05  4.413126E-04  6.618450E+01
    16.9500   -1.725923E-04  4.293247E-04  6.638716E+01
    17.0000   -2.411956E-04  4.174380E-04  6.658948E+01
    17.0500   -2.991517E-04  4.084812E-04  6.679521E+01
    17.1000   -3.421240E-04  3.997365E-04  6.700068E+01
    17.1500   -3.690410E-04  3.912132E-04  6.720596E+01
    17.2000   -3.795269E-04  3.829152E-04  6.741111E+01
    17.2500   -3.738686E-04  3.748399E-04  6.761625E+01
    17.3000   -3.529652E-04  3.669773E-04  6.782147E+01
    17.3500   -3.182650E-04  3.593092E-04  6.802689E+01
    17.4000   -2.716958E-04  3.518101E-04  6.823262E+01
    17.4500   -2.155892E-04  3.444473E-04  6.843875E+01
    17.5000   -1.525974E-04  3.371822E-04  6.864540E+01
    17.5500   -8.560138E-05  3.299723E-04  6.885262E+01
    17.6000   -1.760550E-05  3.227733E-04  6.906047E+01
    17.6500    4.838122E-05  3.155411E-04  6.926897E+01
    17.7000    1.094763E-04  3.082343E-04  6.947814E+01
    17.7500    1.630617E-04  3.008161E-04  6.968793E+01
    17.8000    2.069203E-04  2.932559E-04  6.989830E+01
    17.8500    2.393582E-04  2.855308E-04  7.010918E+01
    17.9000    2.593013E-04  2.776258E-04  7.032048E+01
    17.9500    2.663549E-04  2.695347E-04  7.053208E+01
    18.0000    2.608191E-04  2.612590E-04  7.074388E+01
    18.0500    2.470547E-04  2.562353E-04  7.095433E+01
    18.1000    2.227809E-04  2.510177E-04  7.116472E+01
    18.1500    1.895889E-04  2.456295E-04  7.137489E+01
    18.2000    1.494617E-04  2.401004E-04  7.158470E+01
    18.2500    1.046330E-04  2.344649E-04  7.179405E+01
    18.3000    5.743936E-05  2.287603E-04  7.200283E+01
    18.3500    1.017862E-05  2.230246E-04  7.221098E+01
    18.4000   -3.501297E-05  2.172948E-04  7.241847E+01
    18.4500   -7.625750E-05  2.116052E-04  7.262530E+01
    18.5000   -1.120023E-04  2.059857E-04  7.283152E+01
    18.5500   -1.410575E-04  2.004604E-04  7.303718E+01
    18.6000   -1.626083E-04  1.950469E-04  7.324238E+01
    18.6500   -1.762075E-04  1.897556E-04  7.344726E+01
    18.7000   -1.817548E-04  1.845897E-04  7.365194E+01
    18.7500   -1.794688E-04  1.795452E-04  7.385659E+01
    18.8000   -1.698564E-04  1.746118E-04  7.406135E+01
    18.8500   -1.536799E-04  1.697739E-04  7.426637E+01
    18.9000   -1.319241E-04  1.650114E-04  7.447179E+01
    18.9500   -1.057601E-04  1.603017E-04  7.467773E+01
    19.0000   -7.650415E-05  1.556203E-04  7.488429E+01
    19.0500   -4.643791E-05  1.527220E-04  7.508926E+01
    19.1000   -1.544258E-05  1.498303E-04  7.529497E+01
    19.1500    1.514221E-05  1.469219E-04  7.550147E+01
    19.2000    4.399626E-05  1.439736E-04  7.570878E+01
    19.2500    6.987875E-05  1.409637E-04  7.591689E+01
    19.3000    9.169104E-05  1.378728E-04  7.612577E+01
    19.3500    1.085378E-04  1.346842E-04  7.633536E+01
    19.4000    1.197807E-04  1.313845E-04  7.654558E+01
    19.4500    1.250800E-04  1.279641E-04  7.675630E+01
    19.5000    1.244172E-04  1.244173E-04  7.696741E+01
    19.5500    1.180977E-04  1.207428E-04  7.717872E+01
    19.6000    1.067291E-04  1.169436E-04  7.739008E+01
    19.6500    9.117771E-05  1.130271E-04  7.760129E+01
    19.7000    7.250437E-05  1.090050E-04  7.781213E+01
    19.7500    5.188673E-05  1.048932E-04  7.802237E+01
    19.8000    3.053370E-05  1.007114E-04  7.823179E+01
    19.8500    9.600778E-06  9.648278E-05  7.844014E+01
    19.9000   -9.885617E-06  9.223301E-05  7.864720E+01
    19.9500   -2.708765E-05  8.798979E-05  7.885275E+01
    20.0000   -4.139427E-05  8.378168E-05  7.905658E+01
