# # Once                                                         FEFF 10.0.0 
# # POT  SCF 100  9.0000   0, NO core-hole, FOLP (folp(0)= 1.150)
# # Abs   Z=30 Rmt= 1.376 Rnm= 1.518 K  shell
# #   RGRID 0.0100
# # Pot 1 Z= 6 Rmt= 0.895 Rnm= 1.120
# # Pot 2 Z= 6 Rmt= 0.924 Rnm= 1.163
# # Pot 3 Z= 1 Rmt= 0.548 Rnm= 0.951
# # Pot 4 Z=16 Rmt= 1.257 Rnm= 1.479
# # Gam_ch=1.897E+00 H-L exch Vi=-5.000E-01 Vr= 0.000E+00
# # Mu=-7.352E+00eV kf=1.983E+00 Vint=-1.312E+01eV Rs_int= 1.828
# # PATH  Rmax= 9.000,  Keep_limit= 0.00, Heap_limit 0.00  Pwcrit= 2.50%
#  S02=1.000  Temp=  10.00  Debye_temp= 315.00  Global_sig2= 0.00000
#  Energy zero shift, vr, vi    0.00000E+00   0.00000E+00
#  Curved wave amplitude ratio filter   4.000%
#     file         sig2 tot  cw amp ratio   deg  nlegs   reff  inp sig2
#           1       0.00293    100.00      1.00     2   2.3440
#           2       0.00308     97.92      1.00     2   2.3644
#           3       0.00303     97.87      1.00     2   2.3648
#           4       0.00317     96.52      1.00     2   2.3784
#           5       0.02056     17.32      1.00     2   2.8048
#           6       0.02972     15.70      1.00     2   2.9211
#           7       0.00574     48.46      1.00     2   3.1138
#           8       0.02860     13.41      1.00     2   3.1169
#           9       0.02403     12.66      1.00     2   3.1915
#          10       0.00572     45.09      1.00     2   3.2053
#          11       0.00575     44.42      1.00     2   3.2245
#          12       0.03064     12.30      1.00     2   3.2299
#          13       0.02591     11.62      1.00     2   3.3065
#          14       0.00617     41.00      1.00     2   3.3298
#          15       0.02955     10.09      1.00     2   3.5016
#          16       0.01022     23.89      2.00     3   3.5059
#          17       0.00925     35.62      1.00     2   3.5231
#          18       0.00396     50.29      2.00     3   3.6519
#          19       0.00399     50.27      2.00     3   3.6871
#          20       0.00408     49.14      2.00     3   3.7078
#          21       0.03566      8.75      1.00     2   3.7099
#          22       0.01173     13.36      2.00     3   3.7547
#          23       0.01456     12.56      2.00     3   3.7639
#          24       0.01560     27.08      2.00     3   3.7679
#          25       0.00429     47.37      2.00     3   3.7688
#          26       0.01383     16.51      2.00     3   3.7699
#          27       0.01378      9.67      2.00     3   3.7842
#          28       0.01265     11.61      2.00     3   3.8125
#          29       0.01460     14.17      2.00     3   3.8542
#          30       0.01767     13.58      1.00     4   3.8980
#          31       0.01668      8.90      2.00     3   3.9485
#          32       0.01483      8.81      2.00     3   3.9800
#          33       0.03679      7.33      1.00     2   3.9850
#          34       0.01680      8.86      2.00     3   3.9884
#          35       0.02763     12.99      1.00     4   4.0127
#          36       0.01946      5.37      2.00     3   4.0310
#          37       0.01506      8.51      2.00     3   4.0400
#          39       0.01049     24.29      1.00     2   4.0952
#          40       0.00587     29.17      2.00     3   4.1211
#          41       0.01890      4.82      2.00     3   4.1269
#          42       0.01537      8.11      2.00     3   4.1379
#          43       0.01586      7.68      2.00     3   4.1389
#          44       0.00437     19.81      1.00     4   4.1690
#          45       0.00439     21.10      1.00     4   4.1900
#          46       0.00448     19.09      1.00     4   4.1910
#          47       0.01089      5.32      1.00     4   4.2068
#          48       0.00455     16.43      1.00     4   4.2078
#          49       0.01120      6.39      1.00     2   4.2090
#          51       0.02500     10.42      1.00     4   4.2099
#          52       0.01500      6.35      1.00     2   4.2177
#          55       0.01785      6.85      2.00     4   4.2463
#          56       0.01046     29.73      2.00     3   4.2538
#          57       0.00443     11.83      2.00     3   4.2657
#          58       0.00419     11.48      2.00     3   4.2767
#          59       0.00435     11.26      2.00     3   4.2835
#          60       0.01819      9.58      1.00     4   4.2848
#          61       0.00423     12.24      2.00     3   4.2866
#          62       0.00429     11.45      2.00     3   4.2951
#          63       0.01041      4.04      2.00     4   4.2957
#          64       0.01101     38.17      1.00     4   4.2987
#          65       0.01921     12.42      2.00     3   4.3008
#          67       0.01186     24.22      2.00     3   4.3204
#          68       0.02715      9.24      1.00     4   4.3226
#          69       0.00545     18.64      2.00     3   4.3316
#          70       0.02624      4.66      2.00     3   4.3368
#          71       0.00434     13.23      2.00     3   4.3412
#          72       0.01687      6.16      2.00     4   4.3426
#          73       0.01053      7.97      2.00     4   4.3659
#          74       0.01574      4.24      2.00     4   4.3837
#          75       0.01193      8.98      2.00     4   4.3923
#          76       0.01817      8.64      1.00     4   4.4005
#          77       0.01136     25.64      1.00     4   4.4231
#          78       0.01950      5.56      1.00     2   4.4464
#          79       0.01937     12.19      2.00     3   4.4492
#          80       0.00603     19.42      1.00     2   4.4645
#          81       0.00611     21.25      2.00     3   4.4722
#          82       0.01129     11.24      2.00     3   4.4725
#          83       0.00939      5.59      2.00     4   4.4905
#          84       0.01245     10.63      2.00     3   4.4954
#          85       0.00932     28.77      2.00     4   4.5173
#          86       0.01479     22.55      2.00     3   4.5327
#          87       0.00538     58.60      2.00     3   4.5446
#          88       0.02385      6.35      2.00     4   4.5456
#          89       0.01907      4.12      2.00     3   4.5473
#          90       0.02295      4.43      2.00     3   4.5708
#          91       0.03025      5.14      1.00     2   4.5857
#          92       0.01775      7.25      1.00     4   4.5946
#          93       0.00962     22.49      2.00     4   4.5980
#          94       0.01496      6.77      2.00     5   4.5989
#          95       0.01225     18.63      2.00     5   4.5991
#          97       0.00476     14.96      2.00     4   4.6030
#          98       0.00830      9.39      1.00     4   4.6148
#          99       0.01386      5.86      1.00     4   4.6166
#         100       0.01290     25.29      1.00     4   4.6190
#         101       0.00587     61.10      1.00     4   4.6247
#         102       0.00669      6.59      2.00     3   4.6301
#         103       0.01730     10.03      2.00     4   4.6467
#         104       0.00597     17.69      2.00     3   4.6477
#         105       0.01719      8.76      2.00     4   4.6500
#         106       0.02100      4.47      2.00     4   4.6526
#         107       0.01901      9.79      2.00     4   4.6570
#         108       0.02540      5.14      2.00     3   4.6677
#         109       0.02960      4.91      1.00     2   4.6690
#         110       0.00549     17.24      1.00     2   4.6720
#         111       0.01645      4.54      2.00     3   4.6762
#         112       0.01288      6.40      2.00     4   4.6797
#         113       0.01218      7.16      2.00     3   4.6829
#         114       0.00586     11.98      1.00     4   4.6879
#         115       0.00849      6.07      2.00     3   4.6929
#         116       0.00835     10.83      2.00     3   4.7062
#         117       0.00565     63.70      2.00     3   4.7069
#         118       0.00463      4.82      2.00     4   4.7087
#         119       0.00493      4.15      2.00     4   4.7083
#         120       0.00607     10.26      1.00     4   4.7191
#         121       0.00473      6.51      2.00     4   4.7224
#         122       0.00616     11.48      1.00     4   4.7287
#         124       0.00606     11.47      1.00     4   4.7296
#         125       0.00915     19.87      2.00     4   4.7357
#         126       0.01390      5.38      1.00     4   4.7360
#         127       0.00621     69.75      1.00     4   4.7418
#         128       0.00790      6.00      2.00     3   4.7430
#         131       0.00975      6.52      2.00     5   4.7449
#         132       0.00634     11.15      1.00     4   4.7568
#         133       0.01001     17.86      2.00     4   4.7594
#         134       0.02073      5.18      2.00     4   4.7605
#         135       0.01417      4.83      1.00     4   4.7730
#         137       0.02353      5.93      2.00     4   4.7775
#         139       0.00918     55.64      2.00     5   4.7805
#         140       0.00851     20.92      2.00     4   4.7863
#         143       0.03691      7.04      1.00     4   4.8032
#         144       0.00482     21.69      2.00     3   4.8091
#         145       0.01954      4.90      2.00     4   4.8125
#         147       0.01176      9.01      2.00     4   4.8262
#         148       0.00748      5.44      2.00     3   4.8316
#         149       0.00952      8.32      2.00     5   4.8478
#         151       0.00635      7.01      1.00     4   4.8492
#         152       0.01416     10.72      2.00     5   4.8566
#         153       0.02078     14.30      2.00     5   4.8573
#         154       0.05965     20.37      2.00     5   4.8596
#         155       0.01939      7.57      2.00     5   4.8614
#         156       0.00950     41.73      2.00     5   4.8621
#         157       0.01979     12.65      2.00     5   4.8631
#         158       0.01939     15.08      2.00     5   4.8638
#         160       0.00453     40.12      2.00     4   4.8892
#         162       0.01444      8.11      2.00     4   4.8988
#         164       0.01607     10.10      2.00     5   4.9065
#         165       0.01339      5.91      2.00     3   4.9072
#         166       0.00546      8.27      2.00     4   4.9112
#         167       0.01237      7.88      2.00     4   4.9123
#         168       0.00487     27.21      2.00     3   4.9150
#         170       0.01735      7.36      2.00     3   4.9285
#         171       0.01859     10.87      2.00     3   4.9286
#         172       0.01123     13.15      2.00     4   4.9367
#         173       0.00622      8.68      1.00     4   4.9394
#         175       0.01977      4.24      1.00     2   4.9450
#         176       0.01905     12.79      2.00     5   4.9473
#         177       0.00459     54.72      2.00     4   4.9499
#         178       0.02223      5.82      2.00     3   4.9788
#         179       0.01234      4.99      2.00     4   4.9835
#         180       0.01134      9.21      2.00     4   4.9884
#         181       0.03690     12.84      1.00     6   4.9912
#         182       0.01134      4.25      2.00     4   4.9920
#         183       0.01134     13.49      2.00     4   4.9935
#         184       0.00946     21.62      2.00     5   4.9992
#         185       0.02166      4.11      1.00     2   5.0045
#         187       0.00870      7.81      2.00     3   5.0095
#         188       0.01119     29.01      2.00     5   5.0168
#         189       0.00512      8.74      2.00     4   5.0247
#         193       0.00665      8.77      1.00     4   5.0303
#         194       0.00968     18.22      2.00     5   5.0371
#         195       0.01552      4.67      2.00     5   5.0381
#         196       0.02368      5.93      2.00     3   5.0390
#         197       0.00927     19.18      2.00     4   5.0444
#         198       0.01826      4.03      1.00     2   5.0449
#         199       0.01800      4.98      2.00     4   5.0452
#         200       0.00642      8.57      1.00     4   5.0507
#         201       0.00904      5.49      2.00     3   5.0583
#         202       0.01523      8.04      2.00     4   5.0600
#         203       0.00907      7.04      2.00     3   5.0647
#         204       0.01478     15.15      2.00     3   5.0677
#         205       0.01530      4.82      2.00     3   5.0717
#         206       0.01856      6.13      2.00     4   5.0718
#         209       0.00683      5.47      2.00     3   5.0762
#         210       0.01650      4.66      2.00     5   5.0760
#         211       0.02542      5.23      1.00     4   5.0785
#         212       0.01609      5.94      2.00     3   5.0828
#         213       0.00467     32.95      2.00     4   5.0827
#         214       0.01019     18.52      2.00     4   5.0995
#         215       0.07181     12.07      1.00     6   5.1044
#         217       0.02151      6.97      2.00     3   5.1179
#         218       0.01259     13.48      2.00     4   5.1306
#         219       0.01445      5.29      2.00     6   5.1370
#         221       0.01254     16.88      2.00     4   5.1384
#         222       0.01869      4.71      2.00     4   5.1403
#         223       0.00759      4.94      2.00     3   5.1488
#         224       0.02163      9.40      2.00     4   5.1487
#         225       0.01150     13.27      2.00     4   5.1518
#         226       0.00536      6.94      1.00     4   5.1537
#         227       0.00538     13.38      1.00     4   5.1580
#         228       0.00698      8.39      1.00     4   5.1592
#         229       0.01529     10.12      2.00     3   5.1607
#         231       0.00482     78.30      2.00     5   5.1628
#         232       0.01834      4.88      2.00     4   5.1668
#         233       0.01626      6.17      2.00     5   5.1784
#         234       0.01693      5.38      2.00     5   5.1807
#         235       0.02155      9.29      2.00     3   5.1867
#         237       0.02238      6.25      2.00     4   5.1885
#         238       0.01599      6.69      1.00     4   5.1882
#         239       0.01398      4.48      2.00     4   5.1884
#         240       0.00474     40.60      2.00     4   5.1901
#         241       0.01285     15.00      1.00     4   5.1905
#         242       0.01657      8.55      2.00     3   5.1967
#         244       0.00583     11.60      2.00     5   5.2009
#         245       0.02070      9.96      2.00     3   5.2022
#         246       0.01031      8.17      2.00     5   5.2128
#         247       0.01142     38.10      2.00     5   5.2145
#         248       0.01154      8.31      2.00     5   5.2146
#         249       0.01090     34.14      2.00     5   5.2169
#         250       0.01522     11.03      2.00     3   5.2177
#         251       0.01459      7.23      2.00     3   5.2199
#         252       0.02136     10.16      2.00     3   5.2226
#         254       0.00492     95.63      2.00     5   5.2250
#         255       0.01642      8.96      2.00     3   5.2327
#         256       0.02113     12.37      2.00     5   5.2323
#         257       0.01548     13.31      2.00     5   5.2332
#         259       0.01244     11.09      2.00     4   5.2370
#         262       0.00974     23.64      1.00     6   5.2624
#         263       0.01173      8.81      2.00     5   5.2653
#         266       0.01291     28.36      2.00     5   5.2719
#         267       0.01442      8.87      1.00     4   5.2731
#         268       0.01495      7.29      1.00     4   5.2766
#         269       0.01342      6.09      2.00     5   5.2777
#         270       0.01247     13.01      2.00     5   5.2817
#         271       0.00904      6.69      2.00     5   5.2813
#         274       0.00957      5.43      1.00     6   5.2832
#         275       0.03071      6.71      2.00     3   5.2845
#         277       0.03068      9.39      2.00     4   5.2854
#         278       0.01279     10.51      2.00     4   5.2850
#         280       0.01742      4.10      2.00     4   5.2863
#         281       0.00569     15.10      2.00     5   5.2883
#         282       0.01273     10.87      2.00     5   5.2893
#         283       0.01289     10.51      2.00     4   5.2949
#         284       0.01254      7.88      2.00     4   5.2986
#         285       0.02721      4.96      2.00     5   5.2995
#         286       0.02180      4.77      1.00     6   5.2999
#         287       0.00932      5.70      1.00     6   5.3009
#         288       0.00999     18.69      1.00     6   5.3011
#         289       0.01118      9.14      2.00     3   5.3015
#         291       0.02612      4.30      2.00     3   5.3022
#         292       0.01856      9.26      2.00     6   5.3022
#         293       0.01319      9.07      2.00     4   5.3056
#         295       0.01604     12.71      2.00     4   5.3181
#         296       0.01587      4.68      2.00     4   5.3217
#         297       0.01982      5.16      2.00     4   5.3230
#         298       0.00650     14.51      2.00     3   5.3275
#         299       0.01357     27.56      2.00     5   5.3298
#         301       0.02286      5.12      2.00     4   5.3316
#         302       0.00898      9.30      2.00     5   5.3315
#         305       0.01171      5.18      2.00     4   5.3339
#         306       0.02286      5.55      2.00     4   5.3367
#         308       0.02296      5.39      2.00     4   5.3389
#         309       0.02284      6.91      2.00     6   5.3394
#         310       0.02010      9.87      2.00     6   5.3392
#         311       0.05938      6.95      2.00     6   5.3395
#         312       0.01140      8.76      2.00     4   5.3412
#         313       0.01144      7.49      2.00     4   5.3424
#         314       0.01146     14.56      2.00     4   5.3427
#         315       0.02234     24.30      2.00     5   5.3473
#         317       0.02403      7.12      1.00     4   5.3595
#         318       0.01150     10.60      2.00     3   5.3610
#         319       0.01403     27.33      2.00     5   5.3651
#         320       0.01017      6.89      2.00     4   5.3656
#         321       0.02417      6.16      1.00     4   5.3690
#         322       0.02411      7.48      1.00     4   5.3700
#         325       0.00667     11.63      2.00     3   5.3767
#         326       0.01608     10.19      2.00     4   5.3790
#         327       0.01539     11.02      2.00     3   5.3800
#         328       0.01605     11.77      2.00     4   5.3801
#         330       0.01115     13.78      2.00     4   5.3816
#         331       0.02036      4.90      2.00     4   5.3830
#         332       0.01160      5.68      2.00     3   5.3849
#         333       0.01477      9.53      1.00     4   5.3866
#         334       0.01494      5.27      1.00     4   5.3890
#         335       0.01165      5.49      2.00     4   5.3891
#         337       0.01510      5.91      1.00     4   5.3901
#         339       0.02032      7.72      2.00     6   5.3913
#         340       0.02590      5.51      2.00     5   5.3925
#         341       0.02267     36.18      1.00     6   5.3921
#         342       0.02463     10.93      2.00     5   5.3943
#         343       0.02274      9.00      2.00     5   5.3966
#         344       0.01943      4.59      2.00     4   5.3984
#         345       0.01598      4.33      2.00     4   5.4020
#         348       0.01118      4.09      2.00     4   5.4109
#         349       0.00475      9.50      2.00     5   5.4115
#         350       0.02245     20.15      2.00     5   5.4137
#         352       0.01553      8.17      2.00     5   5.4145
#         353       0.01054     17.04      2.00     4   5.4164
#         355       0.01061     12.83      2.00     4   5.4174
#         357       0.01135     12.92      2.00     4   5.4198
#         358       0.01137      6.37      2.00     3   5.4203
#         360       0.02127      4.45      2.00     4   5.4254
#         361       0.01054     21.73      2.00     5   5.4275
#         362       0.00478     25.55      2.00     5   5.4273
#         363       0.01294      4.05      2.00     4   5.4296
#         364       0.00484     40.55      2.00     5   5.4331
#         365       0.04500      6.24      2.00     6   5.4359
#         366       0.02070      6.22      2.00     6   5.4367
#         367       0.01149     14.75      2.00     4   5.4411
#         368       0.00648     12.41      2.00     3   5.4445
#         369       0.01261     11.97      2.00     4   5.4447
#         370       0.02298      4.53      2.00     3   5.4473
#         371       0.01652      4.06      2.00     4   5.4528
#         372       0.01144     12.96      2.00     4   5.4551
#         373       0.00693     15.04      2.00     4   5.4578
#         374       0.01933      7.38      2.00     5   5.4574
#         375       0.06690      7.55      2.00     6   5.4576
#         376       0.01157     12.48      2.00     4   5.4588
#         377       0.01600     26.83      2.00     6   5.4593
#         378       0.01631      5.74      2.00     6   5.4594
#         379       0.02245     10.07      2.00     6   5.4617
#         380       0.01121      9.79      2.00     4   5.4628
#         384       0.01173      4.31      2.00     5   5.4648
#         385       0.01007     11.87      2.00     5   5.4754
#         386       0.00729     16.79      2.00     5   5.4775
#         387       0.00904      7.56      2.00     4   5.4782
#         388       0.00657     10.26      2.00     3   5.4793
#         389       0.01067      7.39      2.00     5   5.4800
#         390       0.02968      4.20      2.00     4   5.4817
#         392       0.01698      8.53      2.00     6   5.4853
#         393       0.01156     14.36      2.00     5   5.4874
#         394       0.01149     14.66      2.00     5   5.4910
#         396       0.01040     14.58      2.00     5   5.4946
#         397       0.01082     25.96      2.00     5   5.4965
#         398       0.01124     22.22      2.00     5   5.4975
#         399       0.01218      6.04      2.00     5   5.4990
#         400       0.02071      4.43      2.00     5   5.5000
#         401       0.01864      6.78      2.00     5   5.5043
#         402       0.01861      8.11      2.00     5   5.5039
#         403       0.01616      4.98      2.00     5   5.5052
#         404       0.01308      5.71      2.00     5   5.5097
#         405       0.00754     17.54      2.00     5   5.5122
#         407       0.02325     24.77      1.00     6   5.5163
#         411       0.00790     11.70      2.00     5   5.5276
#         412       0.00761     17.08      2.00     5   5.5340
#         414       0.01138      7.47      2.00     5   5.5379
#         415       0.01137     16.56      2.00     5   5.5389
#         416       0.01958      4.73      2.00     5   5.5407
#         417       0.02489      5.74      2.00     5   5.5422
#         418       0.01307      4.76      2.00     4   5.5432
#         421       0.01110     10.18      2.00     5   5.5450
#         422       0.02100      8.50      2.00     5   5.5445
#         423       0.00905      7.40      2.00     4   5.5492
#         424       0.01813      4.47      2.00     5   5.5506
#         426       0.00540     13.01      2.00     4   5.5532
#         427       0.02080      4.17      2.00     4   5.5528
#         428       0.01342     21.36      2.00     6   5.5549
#         429       0.01338      5.76      1.00     4   5.5581
#         430       0.00995      8.16      1.00     4   5.5598
#         431       0.01089      6.42      2.00     5   5.5655
#         432       0.01182     12.82      2.00     5   5.5652
#         433       0.01778      9.14      2.00     5   5.5659
#         434       0.01162     24.68      2.00     5   5.5655
#         435       0.01175      7.01      2.00     4   5.5671
#         436       0.01074     26.72      2.00     5   5.5675
#         437       0.01171      8.90      2.00     4   5.5676
#         438       0.01090      9.65      2.00     3   5.5700
#         439       0.02498      4.88      2.00     4   5.5699
#         440       0.00707     10.76      2.00     4   5.5696
#         441       0.01920      4.41      2.00     5   5.5745
#         442       0.01072     17.03      2.00     4   5.5767
#         443       0.01086      6.46      2.00     4   5.5771
#         444       0.01082      7.97      2.00     4   5.5777
#         445       0.01055      7.54      2.00     5   5.5809
#         446       0.00856     11.60      2.00     5   5.5828
#         448       0.01408     10.54      2.00     5   5.5864
#         449       0.01312      7.43      2.00     5   5.5890
#         450       0.01802      8.77      2.00     5   5.5887
#         451       0.00902      7.17      2.00     4   5.5893
#         453       0.01060      9.96      2.00     5   5.5914
#         457       0.00798     17.39      2.00     5   5.5982
#         458       0.01203      8.07      2.00     5   5.5993
#         459       0.02433      4.54      2.00     3   5.6005
#         460       0.01127     16.06      2.00     5   5.6020
#         461       0.00683     12.08      2.00     4   5.6029
#         462       0.01130     17.23      2.00     5   5.6025
#         464       0.01148     14.43      2.00     4   5.6049
#         465       0.01186      9.74      2.00     5   5.6056
#         466       0.01189     10.16      2.00     5   5.6075
#         467       0.01227      6.78      2.00     4   5.6083
#         468       0.00544     10.75      2.00     4   5.6089
#         469       0.01809     26.92      2.00     6   5.6107
#         470       0.01116     27.26      2.00     5   5.6116
#         471       0.01105     18.49      2.00     5   5.6120
#         472       0.01125     19.64      2.00     5   5.6126
#         473       0.01091     10.90      2.00     5   5.6125
#         474       0.00850     12.52      1.00     4   5.6146
#         475       0.01499      6.46      2.00     6   5.6159
#         476       0.01130      8.02      2.00     4   5.6202
#         477       0.01756      4.21      2.00     4   5.6231
#         478       0.02117      5.14      2.00     5   5.6244
#         479       0.00548     13.28      2.00     4   5.6265
#         482       0.01143      6.18      2.00     4   5.6279
#         483       0.02561     18.48      2.00     5   5.6285
#         484       0.01283      7.36      2.00     5   5.6296
#         485       0.01079      8.61      2.00     5   5.6376
#         486       0.08411      6.40      2.00     6   5.6373
#         487       0.01233      7.55      2.00     5   5.6378
#         488       0.01154     20.95      2.00     5   5.6382
#         489       0.01451      9.48      2.00     5   5.6378
#         490       0.01118      7.08      2.00     5   5.6387
#         491       0.03121      6.30      2.00     6   5.6391
#         492       0.00949     26.83      2.00     5   5.6399
#         495       0.01111      7.61      2.00     4   5.6461
#         497       0.01322      5.92      2.00     4   5.6589
#         498       0.01379      7.92      2.00     5   5.6591
#         500       0.01134      7.00      2.00     4   5.6633
#         504       0.01656      5.57      2.00     5   5.6678
#         506       0.02050      7.11      2.00     5   5.6687
#         507       0.00546     11.06      2.00     4   5.6739
#         508       0.00882      8.32      2.00     4   5.6748
#         509       0.01186      5.93      2.00     5   5.6756
#         510       0.01045      5.67      2.00     4   5.6778
#         511       0.02380      6.09      2.00     5   5.6798
#         512       0.00571      5.25      1.00     6   5.6828
#         513       0.02677      5.18      2.00     4   5.6849
#         514       0.01681      8.93      2.00     5   5.6879
#         517       0.01160      8.92      2.00     5   5.6899
#         518       0.01886     21.33      2.00     6   5.6913
#         519       0.04697      7.66      2.00     7   5.6922
#         520       0.02558      7.25      2.00     7   5.6920
#         521       0.00729      9.07      2.00     4   5.6946
#         523       0.01057     10.60      2.00     6   5.6947
#         524       0.02253      7.99      2.00     5   5.6949
#         528       0.00987     27.33      2.00     6   5.6988
#         529       0.01178      5.41      2.00     4   5.6999
#         530       0.01240      4.94      2.00     5   5.7005
#         531       0.00618     28.47      1.00     6   5.7009
#         532       0.00987      9.17      2.00     4   5.7056
#         533       0.00982      6.74      2.00     4   5.7082
#         534       0.00643     38.13      1.00     6   5.7082
#         535       0.02837      6.74      2.00     6   5.7083
#         536       0.01797     10.39      2.00     5   5.7094
#         537       0.02081      4.41      2.00     5   5.7102
#         538       0.02784      5.44      1.00     6   5.7101
#         539       0.01418     16.46      2.00     5   5.7109
#         540       0.02179     13.82      2.00     6   5.7106
#         541       0.02631     10.33      2.00     6   5.7124
#         542       0.01380     12.70      2.00     5   5.7141
#         543       0.01828      4.90      2.00     5   5.7142
#         544       0.02644     24.03      1.00     6   5.7148
#         545       0.01622     25.36      2.00     6   5.7177
#         546       0.01496     22.09      2.00     6   5.7179
#         547       0.01212     17.05      1.00     6   5.7179
#         548       0.01166     19.95      1.00     6   5.7183
#         549       0.01088     13.23      2.00     5   5.7197
#         550       0.01130      7.24      2.00     5   5.7194
#         551       0.00967     22.37      1.00     6   5.7200
#         553       0.00606      9.08      1.00     6   5.7273
#         554       0.01206     13.89      2.00     6   5.7284
#         556       0.07414      9.18      2.00     6   5.7393
#         557       0.01111     10.02      2.00     5   5.7405
#         558       0.02044      9.41      2.00     6   5.7401
#         559       0.01148      7.30      2.00     5   5.7407
#         561       0.01065     16.61      2.00     5   5.7429
#         562       0.07496      8.15      2.00     6   5.7430
#         563       0.02061      8.27      2.00     6   5.7432
#         565       0.01844      7.39      2.00     5   5.7457
#         567       0.08032      8.98      2.00     6   5.7487
#         570       0.02173      8.96      2.00     6   5.7529
#         571       0.01711     21.73      2.00     6   5.7551
#         572       0.01414      7.32      2.00     4   5.7558
#         573       0.02759      8.64      2.00     6   5.7572
#         574       0.01182      6.91      2.00     4   5.7579
#         577       0.01272      8.12      2.00     6   5.7596
#         578       0.00976     15.93      2.00     5   5.7610
#         579       0.01414      4.98      2.00     5   5.7613
#         580       0.00988     10.57      2.00     5   5.7619
#         584       0.00963      7.50      1.00     4   5.7668
#         585       0.01799     11.41      2.00     5   5.7676
#         586       0.01577      4.32      2.00     5   5.7700
#         590       0.01816      9.85      2.00     6   5.7732
#         591       0.01649      8.71      2.00     5   5.7737
#         592       0.00972      7.75      2.00     5   5.7747
#         594       0.01780      5.79      2.00     5   5.7759
#         595       0.01881      6.38      2.00     6   5.7756
#         599       0.01054     11.63      2.00     5   5.7817
#         600       0.01071      6.14      2.00     5   5.7814
#         601       0.01762      5.51      2.00     5   5.7825
#         604       0.01420      4.49      2.00     5   5.7927
#         605       0.01620      6.90      2.00     5   5.7998
#         606       0.04693      7.64      2.00     5   5.7994
#         607       0.01229     12.23      2.00     5   5.8001
#         608       0.01189     14.27      2.00     5   5.8001
#         609       0.01543      6.10      2.00     5   5.8002
#         610       0.01607      5.34      2.00     5   5.8009
#         612       0.01013      6.15      2.00     5   5.8020
#         613       0.00943     26.43      2.00     5   5.8016
#         616       0.01223     11.80      2.00     5   5.8034
#         618       0.01667      6.28      2.00     5   5.8094
#         620       0.01223      8.85      2.00     5   5.8101
#         621       0.01222     10.97      2.00     5   5.8106
#         622       0.01359     12.70      2.00     5   5.8112
#         623       0.01879     37.19      2.00     6   5.8125
#         624       0.00975     11.38      2.00     4   5.8130
#         625       0.01358     21.11      2.00     6   5.8130
#         629       0.01526      4.78      2.00     5   5.8154
#         631       0.01624      6.25      2.00     5   5.8168
#         632       0.00976     21.33      2.00     5   5.8197
#         633       0.00997      7.54      2.00     5   5.8201
#         634       0.00994      8.96      2.00     5   5.8207
#         635       0.01630      4.19      2.00     5   5.8259
#         637       0.01835     19.36      2.00     6   5.8291
#         638       0.01664      5.32      1.00     6   5.8294
#         641       0.00958      7.62      2.00     5   5.8331
#         642       0.01184     18.86      1.00     6   5.8350
#         643       0.01217     18.42      1.00     6   5.8350
#         644       0.01595     15.20      2.00     6   5.8350
#         645       0.01659     14.24      2.00     6   5.8358
#         646       0.00957     23.19      1.00     6   5.8365
#         648       0.01945      5.96      2.00     7   5.8380
#         649       0.01140     14.44      2.00     5   5.8399
#         650       0.00964      4.99      2.00     4   5.8433
#         652       0.00976     13.80      2.00     3   5.8477
#         654       0.01802      4.36      2.00     5   5.8515
#         656       0.01857     17.17      2.00     6   5.8527
#         657       0.05922      5.18      2.00     6   5.8535
#         658       0.03276      5.18      2.00     6   5.8537
#         659       0.01597      8.71      2.00     5   5.8561
#         660       0.02431      7.71      2.00     6   5.8599
#         661       0.01490     10.23      2.00     5   5.8605
#         662       0.01607      7.95      2.00     5   5.8622
#         663       0.01425      7.69      2.00     4   5.8632
#         664       0.01603      9.15      2.00     5   5.8633
#         666       0.01729      4.81      1.00     6   5.8663
#         667       0.07476      5.89      2.00     6   5.8692
#         668       0.01353      9.81      2.00     6   5.8696
#         669       0.01378     14.17      2.00     5   5.8698
#         673       0.01392      8.41      2.00     5   5.8733
#         674       0.03411      5.81      2.00     6   5.8733
#         676       0.01855     59.33      2.00     7   5.8740
#         678       0.01628     13.72      2.00     6   5.8799
#         679       0.01512      4.25      2.00     6   5.8795
#         680       0.04649     18.21      2.00     6   5.8795
#         681       0.01422     13.49      2.00     6   5.8797
#         683       0.01255      4.74      2.00     6   5.8816
#         685       0.01678      8.39      2.00     6   5.8831
#         686       0.01128     11.03      2.00     5   5.8838
#         688       0.01060      6.81      2.00     5   5.8859
#         692       0.01022     16.10      2.00     4   5.8875
#         693       0.01628      5.16      2.00     6   5.8886
#         694       0.01626      4.46      2.00     6   5.8886
#         695       0.01654     12.22      2.00     6   5.8896
#         696       0.01666     15.64      2.00     6   5.8896
#         698       0.01686      6.47      2.00     5   5.8922
#         699       0.01695     10.30      2.00     6   5.8945
#         700       0.01028      7.90      2.00     5   5.8951
#         702       0.01073      8.78      2.00     5   5.9030
#         703       0.01080     10.66      2.00     5   5.9027
#         704       0.01479     19.55      2.00     6   5.9032
#         705       0.01053     14.77      2.00     5   5.9044
#         706       0.01317      4.75      2.00     5   5.9051
#         708       0.02253      4.18      2.00     5   5.9102
#         710       0.01466      6.08      2.00     5   5.9151
#         712       0.01044      7.56      2.00     5   5.9197
#         713       0.01693     17.64      2.00     6   5.9195
#         714       0.01974      5.49      2.00     6   5.9192
#         715       0.01489      8.48      2.00     6   5.9195
#         716       0.01877      4.67      2.00     5   5.9200
#         717       0.02180      5.47      2.00     5   5.9202
#         718       0.01056      4.78      2.00     5   5.9213
#         719       0.01762      7.51      2.00     6   5.9215
#         720       0.00958      9.01      2.00     5   5.9234
#         724       0.01594      9.40      2.00     6   5.9310
#         725       0.01383      6.40      2.00     5   5.9339
#         728       0.01066      8.55      2.00     5   5.9384
#         729       0.01218      6.85      1.00     6   5.9422
#         730       0.01942     38.33      2.00     6   5.9425
#         731       0.01075      6.87      1.00     6   5.9425
#         732       0.01126     13.00      1.00     6   5.9445
#         733       0.00981      6.19      2.00     5   5.9453
#         736       0.00967      6.08      2.00     4   5.9479
#         738       0.05620     15.70      2.00     7   5.9500
#         739       0.03447     15.78      2.00     7   5.9507
#         740       0.07239      8.48      2.00     7   5.9531
#         742       0.00981     12.07      2.00     5   5.9545
#         743       0.01836      5.55      2.00     7   5.9551
#         744       0.03481      7.89      2.00     7   5.9549
#         745       0.06635     16.31      2.00     7   5.9554
#         746       0.01916     44.32      2.00     7   5.9554
#         747       0.05675     13.87      2.00     7   5.9561
#         748       0.03370     13.77      2.00     7   5.9564
#         750       0.03383      6.55      2.00     7   5.9572
#         753       0.01379      4.38      2.00     5   5.9597
#         754       0.03506     15.79      2.00     7   5.9596
#         757       0.01380     11.07      2.00     5   5.9687
#         758       0.01559      5.54      2.00     5   5.9697
#         760       0.00604     17.32      1.00     4   5.9754
#         761       0.02421      4.35      2.00     3   5.9768
#         762       0.02224      4.93      2.00     5   5.9769
#         763       0.01046     13.26      2.00     5   5.9792
#         764       0.02010      4.37      2.00     5   5.9798
#         766       0.01106      6.04      2.00     6   5.9822
#         767       0.00958     11.37      2.00     5   5.9828
#         768       0.01190      8.24      2.00     6   5.9824
#         769       0.01042     16.18      2.00     6   5.9828
#         770       0.01121     29.35      2.00     6   5.9845
#         771       0.01724      7.07      2.00     5   5.9853
#         772       0.01526      8.52      2.00     5   5.9885
#         773       0.01156     31.05      2.00     5   5.9917
#         774       0.01987      6.52      2.00     6   5.9922
#         775       0.00839      8.99      1.00     6   5.9941
#         778       0.01058     13.45      2.00     6   6.0014
#         779       0.01810      5.09      2.00     5   6.0030
#         781       0.01180     21.18      2.00     6   6.0045
#         783       0.01790     12.01      2.00     6   6.0053
#         784       0.01010     23.98      2.00     6   6.0065
#         785       0.01753      5.46      2.00     6   6.0076
#         786       0.01117      5.46      2.00     5   6.0082
#         787       0.01738      6.73      2.00     5   6.0078
#         788       0.01798      4.14      2.00     5   6.0083
#         789       0.01073      7.12      2.00     5   6.0083
#         790       0.01050     18.99      2.00     5   6.0098
#         791       0.02392      5.22      2.00     4   6.0100
#         793       0.01133      6.47      2.00     5   6.0153
#         794       0.00835      9.25      1.00     6   6.0156
#         795       0.04949      4.19      2.00     7   6.0162
#         796       0.00859      8.71      1.00     6   6.0172
#         797       0.02586      4.20      2.00     7   6.0172
#         800       0.01704      6.66      2.00     5   6.0217
#         801       0.02915      9.35      2.00     5   6.0216
#         802       0.01062     18.14      2.00     6   6.0230
#         803       0.01660      4.56      2.00     5   6.0237
#         805       0.02109      5.72      2.00     5   6.0239
#         806       0.01725      4.14      2.00     5   6.0246
#         809       0.01039     10.69      2.00     6   6.0291
#         810       0.02089      5.82      2.00     6   6.0297
#         812       0.04664     12.09      2.00     6   6.0299
#         813       0.01886     14.12      2.00     6   6.0303
#         814       0.01048     10.94      2.00     6   6.0311
#         815       0.01450      4.96      2.00     6   6.0320
#         817       0.00994     10.06      2.00     6   6.0327
#         818       0.02094      6.33      2.00     6   6.0325
#         819       0.01014     10.50      2.00     6   6.0327
#         821       0.01625      4.32      2.00     5   6.0347
#         822       0.00977     20.52      2.00     6   6.0346
#         823       0.01005     24.21      2.00     6   6.0346
#         824       0.00988     11.09      2.00     6   6.0355
#         825       0.00992     13.70      2.00     6   6.0355
#         826       0.00882      8.27      1.00     6   6.0373
#         827       0.00955      7.27      2.00     4   6.0381
#         828       0.01360      8.87      2.00     6   6.0383
#         829       0.01569      4.69      2.00     5   6.0387
#         830       0.03004     14.03      2.00     7   6.0403
#         833       0.01080     14.29      2.00     6   6.0431
#         834       0.01046     15.69      2.00     6   6.0431
#         837       0.01067     37.93      2.00     6   6.0446
#         839       0.01014      6.37      2.00     5   6.0473
#         841       0.01817      6.93      2.00     5   6.0495
#         842       0.02009      4.53      2.00     6   6.0512
#         843       0.01020      5.10      2.00     5   6.0548
#         844       0.01418     79.15      2.00     5   6.0555
#         845       0.03249      8.05      2.00     6   6.0594
#         846       0.00984     12.71      2.00     5   6.0599
#         847       0.01081     12.19      2.00     6   6.0604
#         848       0.00695      6.91      2.00     4   6.0609
#         849       0.01843      4.56      2.00     5   6.0612
#         851       0.01080     12.23      2.00     6   6.0633
#         852       0.01703      8.43      2.00     6   6.0641
#         855       0.01167     11.68      2.00     6   6.0683
#         856       0.01481      8.43      2.00     6   6.0708
#         858       0.02383      5.26      2.00     5   6.0721
#         860       0.00977      8.91      2.00     6   6.0733
#         861       0.01003      7.06      2.00     6   6.0733
#         862       0.03612      4.58      2.00     4   6.0747
#         863       0.01838      5.44      2.00     5   6.0758
#         864       0.01125     11.65      2.00     6   6.0770
#         865       0.01801      4.41      2.00     5   6.0789
#         866       0.01828     11.82      2.00     6   6.0792
#         867       0.01605     11.95      2.00     6   6.0801
#         869       0.02092      9.11      2.00     6   6.0818
#         871       0.01115      8.84      2.00     6   6.0831
#         873       0.02547      7.80      2.00     6   6.0843
#         874       0.01132     13.24      2.00     6   6.0852
#         876       0.01131     13.65      2.00     6   6.0858
#         878       0.01704      7.55      2.00     6   6.0869
#         879       0.01036     14.18      2.00     5   6.0881
#         881       0.01056      4.13      2.00     6   6.0888
#         882       0.01882     13.23      2.00     6   6.0893
#         883       0.00640     11.44      2.00     5   6.0908
#         886       0.01606      5.55      2.00     4   6.0925
#         887       0.01762     23.61      2.00     7   6.0926
#         888       0.01763      6.13      2.00     6   6.0945
#         889       0.01020     27.99      2.00     6   6.0948
#         890       0.00990     22.72      2.00     6   6.0948
#         891       0.01011     13.58      2.00     6   6.0952
#         892       0.01017     12.32      2.00     6   6.0952
#         893       0.01010     14.23      2.00     6   6.0958
#         894       0.01020     12.39      2.00     6   6.0958
#         895       0.00879      7.23      2.00     4   6.0966
#         896       0.01896      5.00      2.00     6   6.0970
#         897       0.01663      5.18      2.00     6   6.1022
#         898       0.01661      4.32      2.00     6   6.1019
#         902       0.02326      8.48      2.00     7   6.1098
#         903       0.02095     16.50      2.00     7   6.1098
#         904       0.01898     28.97      2.00     7   6.1104
#         905       0.04750     30.54      2.00     7   6.1100
#         906       0.01582      8.06      2.00     7   6.1100
#         907       0.01467      8.83      2.00     7   6.1121
#         908       0.00629     12.67      2.00     5   6.1129
#         909       0.01163      4.55      2.00     5   6.1140
#         912       0.01836      5.82      2.00     6   6.1157
#         915       0.01079     15.20      2.00     6   6.1175
#         916       0.01121      6.36      2.00     6   6.1177
#         917       0.01084     17.34      2.00     6   6.1180
#         918       0.01338     15.91      2.00     6   6.1200
#         919       0.02867      8.47      2.00     5   6.1210
#         921       0.01876      8.06      2.00     6   6.1219
#         923       0.01939     13.42      2.00     6   6.1237
#         924       0.01780      4.93      2.00     7   6.1301
#         925       0.01810     19.73      2.00     7   6.1304
#         926       0.01663      6.09      2.00     4   6.1314
#         927       0.01660      8.81      2.00     5   6.1323
#         928       0.01661      8.63      2.00     5   6.1323
#         929       0.02433      5.13      2.00     5   6.1320
#         931       0.02501     21.49      2.00     6   6.1328
#         932       0.01756      8.93      2.00     6   6.1326
#         934       0.01870      6.98      2.00     6   6.1357
#         935       0.01463     99.75      1.00     6   6.1356
#         937       0.01754     11.11      2.00     6   6.1376
#         938       0.04525     16.64      2.00     6   6.1376
#         940       0.02437      8.15      2.00     6   6.1386
#         941       0.02400      4.47      2.00     6   6.1386
#         942       0.01250      4.03      2.00     6   6.1391
#         943       0.00804     20.88      2.00     5   6.1410
#         948       0.02373      4.66      2.00     6   6.1417
#         949       0.01839     10.03      2.00     6   6.1427
#         950       0.01781     11.99      2.00     6   6.1427
#         951       0.02284      7.91      2.00     6   6.1450
#         952       0.00884      4.96      2.00     5   6.1472
#         953       0.00875      5.09      2.00     5   6.1472
#         954       0.02011      4.35      2.00     5   6.1498
#         955       0.01933      8.09      2.00     6   6.1502
#         957       0.01063     13.67      2.00     6   6.1500
#         958       0.01201     15.83      2.00     6   6.1500
#         959       0.02212      7.03      2.00     6   6.1510
#         960       0.02697      8.19      2.00     6   6.1505
#         962       0.02231      4.11      2.00     6   6.1526
#         963       0.02141      7.01      2.00     6   6.1530
#         964       0.02168      6.85      2.00     6   6.1532
#         965       0.04845      7.74      2.00     6   6.1530
#         966       0.02141      8.18      2.00     6   6.1541
#         967       0.01131      4.75      2.00     5   6.1566
#         972       0.00999     11.48      2.00     6   6.1587
#         974       0.01025     12.04      2.00     6   6.1587
#         975       0.01016      5.56      2.00     6   6.1585
#         976       0.01753      6.51      2.00     6   6.1595
#         977       0.01892      7.80      2.00     6   6.1595
#         978       0.01463      4.42      2.00     5   6.1598
#         981       0.02505     12.61      2.00     5   6.1630
#         984       0.02290      4.03      2.00     6   6.1669
#         985       0.00779      4.03      1.00     4   6.1670
#         986       0.01887      4.56      2.00     5   6.1670
#         989       0.01237      6.93      2.00     5   6.1696
#         990       0.01612      6.12      2.00     6   6.1694
#         991       0.01923      5.24      2.00     5   6.1758
#         994       0.01195      5.95      2.00     6   6.1759
#         995       0.01326      6.65      2.00     6   6.1757
#         996       0.00902     14.48      2.00     5   6.1767
#         997       0.01079     11.54      2.00     6   6.1763
#         998       0.01001     23.43      2.00     6   6.1780
#        1001       0.01571      4.43      2.00     7   6.1810
#        1005       0.00963      5.76      2.00     5   6.1879
#        1009       0.00578     16.42      1.00     4   6.1892
#        1010       0.01833      8.24      2.00     6   6.1900
#        1011       0.00969     10.21      2.00     5   6.1909
#        1015       0.01904     10.52      2.00     6   6.1928
#        1017       0.04389     16.12      2.00     6   6.1936
#        1019       0.01945      6.54      2.00     6   6.1955
#        1023       0.01879      4.42      2.00     6   6.1995
#        1024       0.01912      9.42      2.00     6   6.2000
#        1025       0.01818     10.88      2.00     6   6.2000
#        1032       0.00833      6.80      2.00     5   6.2037
#        1033       0.01759      4.35      2.00     6   6.2041
#        1034       0.02034      7.58      2.00     6   6.2073
#        1035       0.00807      4.00      1.00     4   6.2084
#        1036       0.02022      6.75      2.00     5   6.2111
#        1039       0.01210      4.85      2.00     5   6.2145
#        1041       0.00797     13.15      2.00     5   6.2171
#        1042       0.02134      7.21      2.00     6   6.2179
#        1043       0.01597     80.36      2.00     5   6.2241
#        1044       0.01817      6.19      2.00     6   6.2240
#        1046       0.01787      4.06      2.00     6   6.2253
#        1049       0.01994      5.59      2.00     6   6.2278
#        1055       0.03880     15.13      2.00     6   6.2314
#        1056       0.02427      9.40      2.00     6   6.2316
#        1059       0.01954      8.67      2.00     6   6.2350
#        1060       0.01817      8.25      2.00     6   6.2350
#        1061       0.01930      4.30      2.00     6   6.2370
#        1066       0.01197      5.18      2.00     5   6.2411
#        1067       0.01364      7.82      2.00     5   6.2421
#        1068       0.01930     10.24      2.00     6   6.2420
#        1069       0.02101      6.12      2.00     6   6.2430
#        1070       0.01580      6.55      2.00     6   6.2448
#        1071       0.02223      6.70      2.00     6   6.2454
#        1072       0.01994     12.43      2.00     6   6.2450
#        1073       0.01878      7.37      2.00     6   6.2471
#        1074       0.01044     10.35      1.00     6   6.2490
#        1075       0.01480      7.38      2.00     6   6.2495
#        1077       0.02022     11.28      2.00     6   6.2525
#        1079       0.01037     18.33      1.00     6   6.2528
#        1080       0.00718      6.69      2.00     4   6.2534
#        1081       0.01632      4.09      2.00     5   6.2535
#        1082       0.01818      8.61      2.00     5   6.2544
#        1083       0.01419      9.28      2.00     7   6.2560
#        1084       0.01171     24.59      2.00     7   6.2560
#        1085       0.01709     19.10      2.00     7   6.2558
#        1086       0.01339     20.57      2.00     7   6.2558
#        1087       0.01088     19.80      2.00     7   6.2564
#        1088       0.00930      7.15      2.00     4   6.2580
#        1089       0.01017     44.88      2.00     7   6.2581
#        1090       0.01614    107.70      1.00     6   6.2590
#        1091       0.00868     15.51      2.00     5   6.2603
#        1100       0.01600      5.20      2.00     6   6.2655
#        1101       0.01495      4.28      2.00     5   6.2675
#        1104       0.00905     11.38      2.00     3   6.2719
#        1105       0.02075     10.36      2.00     7   6.2720
#        1107       0.01466      4.10      2.00     5   6.2739
#        1109       0.02782      9.04      2.00     7   6.2741
#        1110       0.01662     11.93      2.00     6   6.2789
#        1113       0.02329      7.78      2.00     5   6.2800
#        1114       0.03037      6.12      2.00     6   6.2799
#        1116       0.03228      6.46      1.00     6   6.2812
#        1117       0.07080      5.78      2.00     6   6.2820
#        1119       0.02195      9.42      2.00     7   6.2817
#        1121       0.01105      9.21      2.00     6   6.2833
#        1122       0.01084     10.15      2.00     6   6.2834
#        1123       0.02896      8.40      2.00     6   6.2835
#        1125       0.00944      5.01      2.00     6   6.2839
#        1126       0.02715      5.95      2.00     6   6.2843
#        1127       0.00997     25.67      2.00     6   6.2849
#        1128       0.02625     14.45      1.00     6   6.2857
#        1129       0.01958      5.35      2.00     6   6.2854
#        1131       0.01646      4.30      2.00     5   6.2896
#        1132       0.01675      7.49      2.00     5   6.2900
#        1134       0.03390      7.22      2.00     6   6.2913
#        1135       0.01055     15.50      2.00     7   6.2926
#        1136       0.00955     14.97      2.00     5   6.2929
#        1137       0.01041      6.93      2.00     6   6.2930
#        1139       0.01330      4.28      2.00     5   6.2936
#        1140       0.01336     27.54      2.00     7   6.2943
#        1142       0.01507     25.24      2.00     7   6.2943
#        1143       0.02534      8.10      2.00     5   6.2958
#        1144       0.01078      4.04      1.00     6   6.2954
#        1145       0.01054     20.91      2.00     7   6.2968
#        1146       0.00817     32.95      2.00     6   6.2972
#        1147       0.00975     12.44      2.00     6   6.2991
#        1150       0.01049      7.05      2.00     5   6.3016
#        1151       0.00985     17.81      2.00     6   6.3029
#        1152       0.01544      4.18      2.00     5   6.3032
#        1156       0.01534      4.36      2.00     5   6.3062
#        1158       0.01917     25.09      2.00     7   6.3062
#        1159       0.02065      8.45      2.00     6   6.3074
#        1160       0.02004      9.25      2.00     7   6.3080
#        1161       0.02276      8.52      2.00     7   6.3080
#        1162       0.02018      8.71      2.00     7   6.3086
#        1164       0.02468      8.04      2.00     7   6.3104
#        1165       0.02122      8.45      2.00     7   6.3104
#        1166       0.02264     18.59      2.00     7   6.3103
#        1168       0.02034      4.03      2.00     6   6.3122
#        1169       0.02172     37.07      2.00     7   6.3127
#        1170       0.01743      9.18      2.00     5   6.3130
#        1173       0.01809      6.16      2.00     5   6.3152
#        1174       0.02367      8.33      2.00     5   6.3159
#        1175       0.01402      6.73      2.00     7   6.3183
#        1176       0.01092     24.49      2.00     7   6.3182
#        1177       0.01077     23.80      2.00     7   6.3183
#        1178       0.00915     12.46      2.00     4   6.3191
#        1179       0.01788      9.70      2.00     7   6.3190
#        1180       0.01432      7.81      2.00     7   6.3190
#        1181       0.01009     52.10      2.00     7   6.3197
#        1182       0.00699     24.55      2.00     5   6.3200
#        1183       0.04301     13.96      2.00     7   6.3240
#        1184       0.01653      4.22      2.00     5   6.3249
#        1185       0.03021      5.69      2.00     5   6.3247
#        1186       0.05252     14.01      2.00     7   6.3249
#        1189       0.01005      6.06      2.00     6   6.3250
#        1191       0.01709      7.77      2.00     5   6.3259
#        1192       0.03507     13.29      2.00     7   6.3257
#        1193       0.02808      5.85      2.00     6   6.3263
#        1194       0.02823     14.03      2.00     7   6.3267
#        1195       0.02134      8.18      2.00     6   6.3303
#        1197       0.04323     10.71      2.00     6   6.3303
#        1198       0.02110      4.05      2.00     6   6.3310
#        1200       0.01573      4.14      2.00     6   6.3318
#        1201       0.00976      5.75      2.00     6   6.3342
#        1206       0.01534      4.30      2.00     5   6.3414
#        1207       0.01175      5.59      2.00     4   6.3423
#        1208       0.01002      4.98      2.00     6   6.3424
#        1209       0.01508     11.98      2.00     6   6.3424
#        1212       0.01233      4.33      2.00     4   6.3454
#        1213       0.01646     11.58      2.00     6   6.3457
#        1215       0.00851     14.34      2.00     5   6.3488
#        1219       0.01418      5.45      1.00     6   6.3531
#        1220       0.00996      8.73      2.00     3   6.3543
#        1224       0.01680     14.46      2.00     7   6.3585
#        1225       0.01547      9.34      2.00     7   6.3585
#        1226       0.02398      6.12      2.00     4   6.3593
#        1227       0.01758      7.23      2.00     7   6.3605
#        1228       0.01810      4.50      2.00     6   6.3609
#        1229       0.01375      6.61      2.00     7   6.3616
#        1230       0.02449      4.03      2.00     6   6.3643
#        1231       0.02128     23.66      2.00     7   6.3652
#        1232       0.04517     29.99      2.00     7   6.3652
#        1233       0.01718      7.15      2.00     7   6.3651
#        1234       0.02168     12.88      2.00     7   6.3659
#        1235       0.01576      4.88      2.00     6   6.3665
#        1236       0.01589      7.98      2.00     7   6.3666
#        1237       0.01593      4.44      2.00     6   6.3674
#        1238       0.01783      8.42      1.00     6   6.3684
#        1239       0.01322     20.13      1.00     6   6.3687
#        1240       0.01661      6.91      2.00     6   6.3693
#        1242       0.01103      9.21      2.00     5   6.3702
#        1243       0.01914      7.07      1.00     6   6.3702
#        1245       0.02956     18.64      2.00     7   6.3711
#        1246       0.01866      9.62      2.00     7   6.3712
#        1249       0.01963      5.91      2.00     7   6.3735
#        1250       0.03026     10.35      2.00     7   6.3752
#        1251       0.02916      6.82      2.00     5   6.3762
#        1252       0.02874     10.44      2.00     6   6.3771
#        1253       0.01504      4.42      2.00     7   6.3766
#        1254       0.01516      4.40      2.00     6   6.3775
#        1255       0.03186     19.72      2.00     7   6.3776
#        1257       0.03335     10.79      2.00     6   6.3780
#        1259       0.01554      5.69      2.00     6   6.3800
#        1261       0.01546      6.84      2.00     6   6.3807
#        1263       0.01110     18.14      2.00     7   6.3815
#        1264       0.01516      4.72      2.00     6   6.3815
#        1265       0.01557      6.18      2.00     6   6.3813
#        1266       0.01351     33.15      2.00     7   6.3816
#        1268       0.01561     32.23      2.00     7   6.3816
#        1269       0.01832     15.00      2.00     7   6.3823
#        1270       0.05121     11.58      2.00     7   6.3823
#        1271       0.02398     10.08      2.00     7   6.3826
#        1272       0.02893     15.95      2.00     7   6.3826
#        1273       0.01899      4.72      2.00     7   6.3826
#        1274       0.01555      6.76      2.00     6   6.3833
#        1275       0.01060     24.12      2.00     7   6.3836
#        1276       0.01813      6.11      2.00     7   6.3846
#        1278       0.02294      6.65      2.00     6   6.3881
#        1281       0.04061     10.31      2.00     6   6.3889
#        1283       0.02778      7.66      2.00     6   6.3916
#        1284       0.02343      8.62      2.00     7   6.3929
#        1285       0.01785      4.07      2.00     6   6.3938
#        1286       0.02255      8.86      2.00     7   6.3939
#        1287       0.02455      7.84      2.00     5   6.3951
#        1288       0.02626      6.25      2.00     7   6.3962
#        1290       0.02134      8.85      2.00     6   6.3986
#        1292       0.01863      4.67      2.00     6   6.3989
#        1293       0.00727     61.70      2.00     6   6.4001
#        1294       0.02281      5.62      2.00     6   6.4009
#        1297       0.01826      4.22      2.00     5   6.4089
#        1299       0.01647      5.29      2.00     6   6.4108
#        1301       0.02638     11.62      2.00     6   6.4117
#        1302       0.02725     10.44      2.00     6   6.4126
#        1304       0.03080      4.77      2.00     6   6.4149
#        1305       0.02388      5.68      2.00     5   6.4150
#        1306       0.00939      7.24      2.00     5   6.4151
#        1309       0.01227      5.96      2.00     7   6.4180
#        1310       0.02292      4.79      2.00     6   6.4191
#        1312       0.01745      4.22      2.00     6   6.4214
#        1313       0.02279     22.34      2.00     7   6.4230
#        1314       0.01763      6.83      2.00     7   6.4230
#        1315       0.02152     12.09      2.00     7   6.4230
#        1316       0.04302     29.15      2.00     7   6.4238
#        1317       0.01650      7.57      2.00     7   6.4245
#        1318       0.02228      4.37      2.00     7   6.4246
#        1319       0.02854      4.59      2.00     6   6.4250
#        1320       0.01467      5.91      2.00     6   6.4248
#        1322       0.02080      6.94      2.00     6   6.4266
#        1324       0.01028      4.68      2.00     6   6.4275
#        1325       0.01557     10.25      2.00     6   6.4275
#        1326       0.01672      5.34      2.00     7   6.4276
#        1328       0.02206      4.16      2.00     6   6.4285
#        1329       0.02524      5.19      2.00     6   6.4292
#        1330       0.01018     21.66      2.00     6   6.4307
#        1332       0.01523     14.29      2.00     6   6.4318
#        1333       0.00687     29.25      2.00     5   6.4322
#        1334       0.02847      4.03      2.00     6   6.4322
#        1336       0.01730      4.08      2.00     6   6.4357
#        1337       0.02170      7.40      2.00     6   6.4354
#        1338       0.01712      4.80      2.00     6   6.4359
#        1339       0.01638      4.96      2.00     6   6.4377
#        1340       0.02027      5.00      2.00     6   6.4382
#        1341       0.01915     14.08      2.00     6   6.4379
#        1342       0.02188      5.98      2.00     7   6.4384
#        1343       0.01068      8.91      2.00     5   6.4391
#        1344       0.03071     12.77      2.00     5   6.4394
#        1345       0.02700      5.73      2.00     7   6.4399
#        1346       0.03402     26.10      2.00     7   6.4407
#        1347       0.01111      6.49      2.00     5   6.4412
#        1350       0.01427     21.44      2.00     6   6.4476
#        1351       0.03067      7.04      2.00     5   6.4481
#        1353       0.01195     23.70      2.00     6   6.4503
#        1354       0.01648      4.37      2.00     6   6.4530
#        1355       0.02329      6.56      1.00     6   6.4532
#        1356       0.01754      5.15      2.00     6   6.4528
#        1357       0.01649      5.43      2.00     6   6.4528
#        1359       0.01943      5.95      1.00     6   6.4537
#        1362       0.01869      8.94      2.00     5   6.4564
#        1363       0.03694     29.31      2.00     7   6.4581
#        1366       0.02027      9.79      2.00     7   6.4583
#        1367       0.02621     20.44      2.00     7   6.4583
#        1368       0.01809      6.81      2.00     7   6.4587
#        1370       0.01122      8.67      2.00     4   6.4600
#        1371       0.01771      7.41      2.00     7   6.4604
#        1373       0.00967      7.01      2.00     6   6.4615
#        1375       0.02321      5.80      1.00     6   6.4622
#        1376       0.01750      5.45      2.00     6   6.4627
#        1377       0.02304      6.81      1.00     6   6.4633
#        1382       0.00977     10.65      2.00     6   6.4660
#        1383       0.00696     76.84      2.00     6   6.4671
#        1385       0.01206     11.96      2.00     5   6.4701
#        1386       0.01636      5.43      2.00     6   6.4718
#        1388       0.01639      5.78      2.00     6   6.4723
#        1389       0.02754      9.57      2.00     6   6.4722
#        1390       0.01701      4.54      2.00     6   6.4728
#        1391       0.01707      4.58      2.00     6   6.4727
#        1393       0.02667     10.84      2.00     6   6.4733
#        1395       0.01764      9.08      2.00     5   6.4747
#        1396       0.02157      5.21      2.00     6   6.4748
#        1399       0.02108     13.53      2.00     6   6.4752
#        1401       0.02774      5.50      2.00     7   6.4765
#        1402       0.01366      7.54      2.00     5   6.4771
#        1403       0.02226      6.63      2.00     6   6.4769
#        1405       0.02014      5.05      2.00     5   6.4781
#        1407       0.01795      8.90      1.00     6   6.4814
#        1408       0.01638      6.19      2.00     6   6.4818
#        1409       0.01889      5.21      1.00     6   6.4822
#        1410       0.01662      6.50      2.00     6   6.4824
#        1411       0.01673      5.03      2.00     6   6.4828
#        1412       0.01886      5.79      1.00     6   6.4833
#        1413       0.01622      7.06      2.00     5   6.4851
#        1414       0.01737      4.30      2.00     6   6.4852
#        1415       0.01739      4.52      2.00     6   6.4857
#        1417       0.03870     11.92      2.00     7   6.4878
#        1418       0.01459      5.87      2.00     6   6.4884
#        1419       0.03034      4.65      2.00     7   6.4883
#        1421       0.01461      6.28      2.00     6   6.4888
#        1424       0.05517      9.99      2.00     7   6.4901
#        1426       0.03628     10.20      2.00     7   6.4925
#        1431       0.01584      5.20      2.00     6   6.4952
#        1432       0.01595      5.38      2.00     6   6.4958
#        1433       0.01590      6.70      2.00     6   6.4963
#        1434       0.01591      6.60      2.00     6   6.4965
#        1435       0.01582      5.93      2.00     6   6.4984
#        1436       0.01601      6.24      2.00     6   6.4988
#        1437       0.01199      8.02      2.00     5   6.5010
#        1439       0.01077      6.16      2.00     5   6.5031
#        1440       0.02454      4.72      2.00     7   6.5067
#        1441       0.01700     10.78      2.00     6   6.5073
#        1442       0.01011     12.23      2.00     7   6.5073
#        1443       0.03439     21.73      2.00     7   6.5069
#        1444       0.01725      4.03      2.00     6   6.5081
#        1446       0.01531      4.82      2.00     6   6.5098
#        1447       0.01717      5.90      2.00     6   6.5101
#        1449       0.02055     12.49      2.00     6   6.5110
#        1450       0.01963      4.96      2.00     6   6.5116
#        1451       0.01919     16.28      2.00     6   6.5118
#        1452       0.01520      6.53      2.00     6   6.5127
#        1454       0.02230      5.72      2.00     6   6.5130
#        1455       0.02107     12.43      2.00     6   6.5130
#        1456       0.01408      5.63      2.00     7   6.5130
#        1457       0.02047      5.60      2.00     5   6.5135
#        1459       0.02054      6.81      2.00     6   6.5145
#        1463       0.01724      4.82      2.00     6   6.5207
#        1464       0.01217      7.24      2.00     7   6.5205
#        1465       0.01318      5.09      2.00     7   6.5205
#        1466       0.01299      4.09      2.00     7   6.5203
#        1468       0.01150     11.53      2.00     7   6.5209
#        1469       0.00992     25.19      2.00     7   6.5226
#        1470       0.02148     22.93      2.00     7   6.5233
#        1471       0.01730      6.14      2.00     6   6.5241
#        1472       0.01520      6.72      2.00     6   6.5241
#        1474       0.01522      5.72      2.00     6   6.5247
#        1475       0.01144     12.01      2.00     7   6.5263
#        1476       0.01332      4.55      2.00     7   6.5264
#        1477       0.01126     12.65      2.00     7   6.5264
#        1478       0.00855     10.54      2.00     5   6.5267
#        1481       0.00983     39.70      2.00     7   6.5279
#        1482       0.01442     56.96      2.00     7   6.5277
#        1483       0.01545      4.61      2.00     7   6.5290
#        1484       0.00899     10.29      2.00     3   6.5300
#        1486       0.01202      8.97      2.00     5   6.5331
#        1488       0.01997      5.22      2.00     6   6.5344
#        1489       0.02307      5.99      2.00     6   6.5348
#        1490       0.01772     14.39      2.00     6   6.5365
#        1491       0.01164      4.59      2.00     5   6.5373
#        1492       0.01816      4.69      2.00     6   6.5380
#        1495       0.01113      9.05      2.00     7   6.5395
#        1496       0.02054     11.76      2.00     6   6.5400
#        1499       0.01104      4.44      2.00     6   6.5441
#        1500       0.00816     18.66      2.00     6   6.5442
#        1502       0.00987      4.65      2.00     7   6.5475
#        1503       0.02250      5.51      2.00     6   6.5484
#        1504       0.02076     12.58      2.00     6   6.5484
#        1506       0.02101      6.70      2.00     6   6.5499
#        1507       0.01233      7.97      2.00     7   6.5502
#        1508       0.01194      4.04      2.00     6   6.5508
#        1509       0.00732      7.66      2.00     4   6.5528
#        1510       0.02894     11.45      2.00     6   6.5524
#        1512       0.00918     11.30      2.00     4   6.5543
#        1513       0.01784      4.82      2.00     6   6.5542
#        1514       0.00994      5.94      2.00     7   6.5552
#        1519       0.01095     11.60      2.00     7   6.5565
#        1522       0.01132     15.38      2.00     7   6.5570
#        1523       0.01688      5.72      2.00     7   6.5576
#        1526       0.01023     11.15      2.00     7   6.5590
#        1529       0.01620      5.68      2.00     6   6.5608
#        1531       0.00865     28.51      2.00     6   6.5616
#        1534       0.01296     24.83      2.00     6   6.5680
#        1535       0.01147      9.08      2.00     5   6.5692
#        1536       0.01321      8.01      2.00     6   6.5688
#        1538       0.01861      7.50      2.00     7   6.5706
#        1541       0.01895     12.17      2.00     7   6.5712
#        1543       0.01210      6.85      2.00     5   6.5726
#        1544       0.02063      4.07      1.00     6   6.5726
#        1545       0.01038     18.31      2.00     7   6.5727
#        1546       0.03661      7.86      2.00     7   6.5733
#        1550       0.01500      4.78      2.00     7   6.5748
#        1552       0.01054     22.16      2.00     7   6.5780
#        1553       0.01080     10.79      2.00     7   6.5784
#        1554       0.01550     13.57      2.00     6   6.5794
#        1555       0.01067     10.88      2.00     7   6.5790
#        1556       0.01699      6.48      2.00     7   6.5805
#        1558       0.01781     10.50      2.00     7   6.5811
#        1559       0.00908      9.95      2.00     5   6.5819
#        1560       0.01307     10.06      2.00     5   6.5826
#        1561       0.01909      9.65      2.00     6   6.5827
#        1562       0.01550      4.69      2.00     7   6.5838
#        1563       0.02984     15.69      2.00     7   6.5841
#        1565       0.01806      9.75      2.00     7   6.5843
#        1570       0.02332      6.64      2.00     5   6.5872
#        1571       0.02479      9.43      2.00     7   6.5877
#        1572       0.01916      8.73      2.00     7   6.5877
#        1574       0.02275     15.76      2.00     7   6.5879
#        1575       0.02259      7.19      2.00     7   6.5882
#        1576       0.01794      5.78      2.00     6   6.5889
#        1577       0.01258     12.86      2.00     7   6.5890
#        1579       0.01750      5.86      2.00     7   6.5898
#        1580       0.02152      4.79      2.00     7   6.5896
#        1582       0.02033     10.74      2.00     7   6.5898
#        1585       0.01727     11.32      2.00     7   6.5902
#        1586       0.02006      7.82      2.00     7   6.5900
#        1587       0.02277      4.07      2.00     7   6.5905
#        1588       0.01837      9.34      2.00     7   6.5907
#        1590       0.01754      9.66      2.00     7   6.5907
#        1592       0.02177     24.06      2.00     7   6.5911
#        1593       0.01800     27.88      2.00     7   6.5919
#        1595       0.01535     11.09      2.00     7   6.5928
#        1596       0.02227      7.62      2.00     7   6.5930
#        1597       0.01019     54.97      2.00     6   6.5936
#        1599       0.02019      6.81      2.00     7   6.5957
#        1606       0.01030      9.07      2.00     7   6.5978
#        1607       0.03743      7.41      2.00     7   6.5978
#        1608       0.03906      5.39      2.00     7   6.5984
#        1609       0.03459      5.21      2.00     7   6.5984
#        1610       0.01288      9.62      2.00     3   6.5990
#        1614       0.02491      7.15      2.00     7   6.5996
#        1615       0.02445      6.49      2.00     7   6.5997
#        1616       0.02948      7.41      2.00     7   6.6001
#        1617       0.02975      6.04      2.00     7   6.6001
#        1619       0.01785      9.61      2.00     7   6.6008
#        1620       0.01699      4.77      2.00     6   6.6020
#        1623       0.04058      5.91      2.00     7   6.6030
#        1625       0.01537     11.03      2.00     7   6.6042
#        1626       0.01780     10.17      2.00     7   6.6048
#        1628       0.01751      5.96      2.00     7   6.6051
#        1629       0.01028     11.93      2.00     7   6.6056
#        1630       0.01646     19.42      2.00     7   6.6056
#        1633       0.00738      4.82      2.00     5   6.6097
#        1635       0.00918     27.24      2.00     6   6.6168
#        1637       0.01166      4.96      2.00     5   6.6182
#        1638       0.01169      5.22      2.00     5   6.6182
#        1641       0.01341      6.41      2.00     7   6.6208
#        1642       0.00689      5.83      2.00     4   6.6217
#        1646       0.00672      6.24      2.00     3   6.6261
#        1647       0.01965      5.82      2.00     7   6.6259
#        1651       0.00764      4.72      2.00     5   6.6301
#        1653       0.00723      5.01      2.00     5   6.6306
#        1655       0.01840      6.97      2.00     7   6.6322
#        1658       0.01733      7.94      2.00     7   6.6319
#        1659       0.03267     16.84      2.00     7   6.6325
#        1660       0.01671      4.60      2.00     7   6.6326
#        1661       0.01849      9.60      2.00     7   6.6343
#        1662       0.01088      7.22      2.00     5   6.6347
#        1663       0.02068      5.44      2.00     6   6.6350
#        1664       0.02349      5.43      2.00     6   6.6350
#        1665       0.09874      6.38      2.00     7   6.6354
#        1666       0.04341      6.16      2.00     7   6.6352
#        1667       0.02877      4.55      2.00     7   6.6365
#        1668       0.01241     10.26      2.00     4   6.6369
#        1671       0.03229     10.72      2.00     7   6.6382
#        1672       0.01714      6.25      2.00     7   6.6380
#        1673       0.07505      9.28      2.00     7   6.6377
#        1674       0.01721      4.81      2.00     7   6.6386
#        1675       0.03676      9.07      2.00     7   6.6398
#        1676       0.01813      6.17      2.00     7   6.6403
#        1678       0.00711      4.57      2.00     5   6.6410
#        1679       0.00727      4.57      2.00     5   6.6414
#        1680       0.01346      9.34      2.00     6   6.6426
#        1681       0.02069     10.21      2.00     6   6.6444
#        1682       0.01106      4.54      2.00     6   6.6463
#        1684       0.02419      4.52      2.00     7   6.6464
#        1685       0.01450      4.46      2.00     6   6.6478
#        1686       0.01171     24.54      2.00     6   6.6493
#        1687       0.00713      4.91      2.00     5   6.6514
#        1689       0.02702      5.58      1.00     6   6.6517
#        1690       0.02332      5.76      2.00     6   6.6534
#        1692       0.02020      7.93      1.00     6   6.6552
#        1694       0.02353     13.78      2.00     7   6.6582
#        1695       0.02035      5.01      2.00     7   6.6585
#        1696       0.02474      5.55      2.00     7   6.6585
#        1697       0.02286     27.94      2.00     7   6.6588
#        1698       0.02088      8.02      2.00     7   6.6585
#        1699       0.00741      4.57      2.00     5   6.6594
#        1700       0.02870      6.72      2.00     6   6.6603
#        1702       0.02664      8.40      2.00     7   6.6605
#        1703       0.02237      9.04      2.00     7   6.6605
#        1705       0.02851      8.35      2.00     6   6.6609
#        1706       0.01948      8.53      2.00     7   6.6607
#        1707       0.02256     12.02      2.00     7   6.6608
#        1708       0.01782      4.88      2.00     6   6.6618
#        1709       0.01778      5.17      2.00     6   6.6624
#        1710       0.02044     21.24      2.00     6   6.6627
#        1711       0.01213     17.09      2.00     6   6.6630
#        1712       0.02150     28.66      2.00     7   6.6628
#        1713       0.00749      5.66      2.00     4   6.6642
#        1714       0.01809      8.16      2.00     5   6.6648
#        1715       0.00717      7.38      1.00     6   6.6645
#        1716       0.02013      4.08      2.00     5   6.6652
#        1717       0.02011      4.13      2.00     5   6.6652
#        1718       0.02389      7.35      2.00     7   6.6677
#        1721       0.02028      6.45      2.00     6   6.6703
#        1722       0.01742      4.25      2.00     6   6.6699
#        1723       0.00741      5.67      2.00     4   6.6707
#        1725       0.02027      7.90      2.00     6   6.6709
#        1726       0.01941     16.19      2.00     6   6.6714
#        1727       0.02775     11.78      2.00     5   6.6716
#        1728       0.01520      5.60      2.00     6   6.6718
#        1729       0.01517      5.84      2.00     6   6.6724
#        1730       0.02143      4.59      2.00     6   6.6724
#        1731       0.02313      4.97      2.00     7   6.6726
#        1732       0.02439      6.73      2.00     7   6.6728
#        1733       0.00723      4.51      2.00     5   6.6735
#        1734       0.01042    146.50      2.00     7   6.6737
#        1736       0.00684     12.12      1.00     6   6.6753
#        1737       0.01422      6.49      2.00     7   6.6760
#        1739       0.02070     11.56      2.00     7   6.6771
#        1740       0.01921     11.33      2.00     7   6.6781
#        1741       0.01194      9.74      2.00     6   6.6787
#        1742       0.02907     11.87      2.00     7   6.6798
#        1743       0.02110     16.01      2.00     7   6.6798
#        1744       0.02988      8.59      2.00     7   6.6824
#        1746       0.01885      5.83      2.00     7   6.6832
#        1750       0.01542      5.03      2.00     5   6.6843
#        1753       0.00733      5.38      2.00     5   6.6852
#        1754       0.02374      6.30      2.00     7   6.6849
#        1755       0.01762      4.42      2.00     6   6.6864
#        1756       0.01513      6.05      2.00     6   6.6864
#        1757       0.02468      5.45      2.00     6   6.6870
#        1759       0.01514      5.91      2.00     6   6.6866
#        1760       0.01415      6.03      2.00     5   6.6877
#        1761       0.02719      5.43      2.00     6   6.6878
#        1762       0.01533      4.59      2.00     6   6.6893
#        1763       0.01848      4.41      1.00     6   6.6907
#        1765       0.01059     10.41      2.00     7   6.6915
#        1766       0.01723     16.48      2.00     7   6.6915
#        1767       0.02918      7.47      2.00     7   6.6926
#        1768       0.01777      4.29      2.00     7   6.6945
#        1769       0.02960     16.34      2.00     7   6.6952
#        1770       0.01713      6.84      2.00     7   6.6952
#        1771       0.01721      7.21      2.00     7   6.6958
#        1772       0.02902     17.43      2.00     7   6.6958
#        1774       0.01518      5.80      2.00     6   6.6966
#        1775       0.01534      6.26      2.00     6   6.6969
#        1776       0.01778      9.60      2.00     7   6.6967
#        1777       0.02424      6.86      2.00     7   6.6973
#        1778       0.01781     10.20      2.00     7   6.6973
#        1779       0.02159      5.31      2.00     6   6.6981
#        1780       0.02187      5.42      2.00     6   6.6982
#        1781       0.01815      6.81      2.00     7   6.6988
#        1782       0.01764     14.07      2.00     6   6.6996
#        1783       0.01790      7.01      2.00     7   6.7007
#        1784       0.01930      4.69      2.00     6   6.7015
#        1785       0.02147      4.49      2.00     6   6.7016
#        1786       0.02349      4.42      2.00     6   6.7016
#        1787       0.01026     13.30      2.00     6   6.7023
#        1788       0.02572      7.70      2.00     5   6.7038
#        1789       0.02134     11.30      2.00     7   6.7048
#        1790       0.02150     11.21      2.00     7   6.7048
#        1791       0.01742      8.58      2.00     7   6.7052
#        1792       0.02286     19.91      2.00     7   6.7052
#        1793       0.01924      6.02      2.00     7   6.7058
#        1795       0.01762      8.94      2.00     7   6.7058
#        1796       0.02222     21.17      2.00     7   6.7058
#        1797       0.00613     10.31      2.00     4   6.7062
#        1798       0.01955      5.69      2.00     7   6.7060
#        1799       0.01786     29.12      2.00     7   6.7063
#        1800       0.01461      4.74      2.00     6   6.7066
#        1801       0.01457      5.02      2.00     6   6.7069
#        1802       0.02131      9.81      2.00     7   6.7067
#        1803       0.02621      7.30      2.00     5   6.7074
#        1804       0.01078     62.73      2.00     6   6.7074
#        1805       0.01529     10.30      2.00     7   6.7073
#        1806       0.02658      6.42      2.00     7   6.7072
#        1807       0.03071     10.47      2.00     6   6.7076
#        1808       0.01673      4.49      2.00     6   6.7085
#        1809       0.01391      4.65      2.00     5   6.7088
#        1811       0.02419     15.49      2.00     6   6.7099
#        1812       0.00609      8.24      2.00     4   6.7104
#        1813       0.03018     12.14      2.00     5   6.7140
#        1815       0.01129     10.35      2.00     7   6.7147
#        1816       0.00747      9.32      2.00     6   6.7148
#        1817       0.01071     16.52      2.00     6   6.7148
#        1818       0.02067      7.47      2.00     6   6.7155
#        1819       0.01794      9.59      2.00     7   6.7182
#        1820       0.00743      5.20      2.00     5   6.7196
#        1821       0.02518      4.85      2.00     7   6.7202
#        1822       0.01756     10.82      2.00     7   6.7213
#        1823       0.01786     10.69      2.00     7   6.7215
#        1824       0.04315      4.49      2.00     7   6.7220
#        1825       0.02052      5.97      2.00     6   6.7226
#        1826       0.01604      4.07      2.00     6   6.7238
#        1827       0.03917     19.66      2.00     7   6.7243
#        1828       0.01917      4.00      2.00     7   6.7249
#        1830       0.02742     11.59      2.00     5   6.7286
#        1831       0.02026     28.32      2.00     7   6.7283
#        1832       0.03231     12.41      2.00     7   6.7284
#        1834       0.02090     10.73      2.00     7   6.7307
#        1835       0.01900     28.54      2.00     7   6.7307
#        1836       0.00667      5.87      2.00     4   6.7313
#        1838       0.02458      7.10      2.00     7   6.7311
#        1839       0.02389      8.22      2.00     7   6.7314
#        1841       0.02321     21.96      2.00     7   6.7318
#        1842       0.01863      4.21      2.00     7   6.7330
#        1844       0.01900      9.97      2.00     7   6.7332
#        1845       0.02576      9.89      2.00     7   6.7335
#        1846       0.02031     10.99      2.00     7   6.7335
#        1847       0.01913     28.02      2.00     7   6.7353
#        1848       0.01439      7.50      2.00     6   6.7407
#        1849       0.01131      7.17      2.00     5   6.7412
#        1850       0.02187      4.74      2.00     6   6.7414
#        1852       0.01083    173.60      2.00     7   6.7422
#        1853       0.02821      9.18      2.00     7   6.7461
#        1854       0.02609      9.40      2.00     7   6.7470
#        1855       0.01960      6.13      2.00     5   6.7488
#        1856       0.03045     12.00      2.00     5   6.7499
#        1858       0.01101      9.73      2.00     5   6.7512
#        1860       0.04188      8.17      2.00     7   6.7523
#        1861       0.02914      8.17      2.00     7   6.7527
#        1862       0.01595     17.03      2.00     6   6.7543
#        1863       0.02078      5.94      2.00     6   6.7580
#        1864       0.00633      9.27      2.00     4   6.7583
#        1867       0.01525      5.72      2.00     6   6.7623
#        1868       0.05027      7.63      2.00     7   6.7619
#        1869       0.02202      7.61      2.00     7   6.7623
#        1874       0.01025      9.35      2.00     6   6.7672
#        1875       0.01371      6.26      2.00     6   6.7682
#        1876       0.01426      6.92      1.00     6   6.7678
#        1878       0.03501      6.29      2.00     7   6.7686
#        1879       0.01757      4.78      2.00     7   6.7689
#        1880       0.01158      7.73      2.00     6   6.7695
#        1881       0.01531     13.37      2.00     6   6.7706
#        1882       0.02034      4.48      2.00     7   6.7709
#        1886       0.01505      8.69      1.00     6   6.7752
#        1888       0.00777     10.99      2.00     6   6.7761
#        1889       0.01121     17.98      2.00     6   6.7761
#        1891       0.01958      5.52      2.00     6   6.7789
#        1892       0.06213      9.42      2.00     7   6.7812
#        1893       0.02589      6.71      2.00     7   6.7807
#        1894       0.03379      9.53      2.00     7   6.7812
#        1895       0.01178     11.04      2.00     5   6.7820
#        1896       0.02730     13.02      2.00     6   6.7822
#        1897       0.02641     20.91      2.00     6   6.7840
#        1898       0.01686      7.19      2.00     7   6.7847
#        1899       0.02198      5.33      2.00     7   6.7858
#        1900       0.02819     19.06      2.00     6   6.7875
#        1901       0.01217     11.18      2.00     6   6.7878
#        1902       0.01004      7.20      2.00     5   6.7883
#        1903       0.01584      4.50      2.00     6   6.7886
#        1904       0.04975      9.05      2.00     7   6.7881
#        1905       0.03637      8.73      2.00     7   6.7881
#        1907       0.01600     50.62      2.00     7   6.7891
#        1908       0.01811      6.91      2.00     7   6.7892
#        1909       0.00584     13.74      2.00     5   6.7905
#        1910       0.01636     13.38      2.00     7   6.7915
#        1911       0.01194     14.49      2.00     7   6.7922
#        1912       0.02324      4.94      2.00     7   6.7943
#        1914       0.01523      5.20      2.00     6   6.7952
#        1915       0.01654     14.48      2.00     6   6.7959
#        1916       0.01977      8.57      2.00     6   6.8010
#        1917       0.01393      6.66      2.00     6   6.8015
#        1918       0.00620      4.84      2.00     3   6.8020
#        1919       0.03997      5.01      2.00     6   6.8021
#        1920       0.02740     11.09      2.00     7   6.8028
#        1921       0.02380      4.55      2.00     7   6.8039
#        1922       0.01933     11.97      2.00     7   6.8042
#        1923       0.02947     18.09      2.00     7   6.8042
#        1924       0.02247     10.62      2.00     7   6.8042
#        1926       0.03604     10.92      2.00     7   6.8052
#        1927       0.02291      6.20      2.00     7   6.8062
#        1928       0.02690      5.62      2.00     7   6.8062
#        1929       0.03728      5.33      2.00     7   6.8077
#        1930       0.02837      5.37      2.00     7   6.8076
#        1931       0.01156     30.97      2.00     7   6.8077
#        1933       0.00714      5.46      2.00     4   6.8084
#        1934       0.01607     23.71      2.00     7   6.8088
#        1935       0.02344      4.83      2.00     7   6.8100
#        1937       0.02121     11.70      2.00     7   6.8111
#        1938       0.01655     15.76      2.00     6   6.8121
#        1939       0.01849      8.39      2.00     5   6.8124
#        1941       0.02212      5.18      2.00     7   6.8127
#        1943       0.01760      4.52      2.00     7   6.8127
#        1944       0.02226      7.99      2.00     7   6.8124
#        1945       0.02583      5.11      2.00     7   6.8130
#        1946       0.02436      6.80      2.00     7   6.8130
#        1947       0.01908      5.13      2.00     7   6.8129
#        1948       0.01682      5.07      2.00     7   6.8147
#        1949       0.02049     14.42      2.00     7   6.8150
#        1951       0.00706      6.62      2.00     5   6.8163
#        1953       0.01127      9.69      2.00     6   6.8185
#        1954       0.00753      6.33      2.00     4   6.8223
#        1955       0.01776      6.02      2.00     7   6.8224
#        1956       0.01499      7.39      2.00     6   6.8230
#        1957       0.01555      4.85      2.00     7   6.8243
#        1958       0.02784     11.93      2.00     6   6.8251
#        1961       0.01942     15.35      2.00     6   6.8290
#        1962       0.01695      5.23      2.00     7   6.8298
#        1963       0.01694      5.05      2.00     7   6.8300
#        1964       0.01951      9.30      2.00     6   6.8325
#        1966       0.00601      7.91      2.00     4   6.8337
#        1967       0.00741      6.28      2.00     4   6.8349
#        1969       0.02666      6.22      2.00     7   6.8360
#        1970       0.00617      9.55      2.00     4   6.8368
#        1971       0.00711      6.28      2.00     5   6.8370
#        1972       0.00709      6.14      2.00     5   6.8370
#        1973       0.02188      4.38      2.00     7   6.8379
#        1977       0.02070      4.51      2.00     7   6.8379
#        1978       0.00704     25.08      2.00     5   6.8384
#        1980       0.02170     17.54      2.00     7   6.8382
#        1981       0.02315      4.81      2.00     6   6.8391
#        1982       0.02903      4.72      2.00     6   6.8393
#        1983       0.02044      8.64      2.00     6   6.8402
#        1984       0.02757      5.63      2.00     7   6.8399
#        1985       0.01553     17.90      2.00     7   6.8424
#        1986       0.01191      8.88      2.00     7   6.8424
#        1989       0.01661     48.04      2.00     7   6.8470
#        1990       0.01353      7.83      2.00     5   6.8472
#        1991       0.01650      6.78      2.00     5   6.8481
#        1992       0.02509      4.61      2.00     7   6.8523
#        1993       0.01461      6.55      2.00     6   6.8526
#        1994       0.02343     13.04      2.00     6   6.8534
#        1996       0.01273      7.88      2.00     6   6.8541
#        1997       0.00834      5.23      2.00     6   6.8541
#        1998       0.02021      4.99      2.00     7   6.8546
#        2000       0.01964      5.09      2.00     7   6.8544
#        2001       0.02072     16.56      2.00     7   6.8564
#        2002       0.02682      4.66      2.00     7   6.8568
#        2003       0.01539      6.12      2.00     4   6.8572
#        2004       0.01997      7.60      2.00     7   6.8573
#        2005       0.01418      5.44      2.00     5   6.8577
#        2006       0.02746      4.53      2.00     7   6.8578
#        2011       0.01979      6.43      2.00     5   6.8613
#        2012       0.01290      4.97      2.00     6   6.8613
#        2013       0.01283      5.45      2.00     6   6.8613
#        2014       0.02684      4.15      2.00     7   6.8611
#        2015       0.02362      8.86      2.00     6   6.8619
#        2016       0.01956      7.30      1.00     6   6.8615
#        2017       0.03026      4.22      2.00     7   6.8623
#        2018       0.01974      6.81      2.00     5   6.8624
#        2019       0.01416      5.64      2.00     5   6.8623
#        2020       0.01201      7.82      2.00     6   6.8621
#        2021       0.01816     13.00      2.00     6   6.8621
#        2022       0.01521      6.25      2.00     4   6.8643
#        2023       0.01850      7.48      2.00     7   6.8656
#        2024       0.01604      7.24      2.00     7   6.8665
#        2025       0.01599      5.08      2.00     7   6.8665
#        2028       0.01637      4.88      2.00     7   6.8679
#        2030       0.00587     14.76      2.00     5   6.8686
#        2031       0.01600      6.59      2.00     7   6.8687
#        2032       0.02720      7.81      2.00     5   6.8690
#        2033       0.01722      6.12      2.00     7   6.8693
#        2034       0.03103      6.19      2.00     7   6.8689
#        2035       0.04343      6.34      2.00     7   6.8689
#        2037       0.02694      6.59      2.00     5   6.8713
#        2038       0.01586      4.47      2.00     7   6.8713
#        2040       0.01516      7.95      2.00     5   6.8719
#        2041       0.02724      6.82      2.00     5   6.8724
#        2043       0.01685      4.32      2.00     7   6.8747
#        2044       0.04415      6.04      2.00     7   6.8755
#        2045       0.03138      5.95      2.00     7   6.8755
#        2046       0.01671     45.24      2.00     7   6.8760
#        2047       0.01876     11.98      2.00     7   6.8770
#        2050       0.01559      7.19      2.00     6   6.8809
#        2052       0.01082      5.34      2.00     6   6.8817
#        2053       0.00654     11.43      2.00     5   6.8886
#        2054       0.00652     11.60      2.00     5   6.8886
#        2056       0.01580      4.78      2.00     7   6.8920
#        2057       0.01430      8.54      1.00     6   6.8926
#        2058       0.02311     22.11      2.00     6   6.8925
#        2059       0.04497      7.35      2.00     7   6.8930
#        2060       0.03039      7.26      2.00     7   6.8934
#        2061       0.02605      5.30      2.00     7   6.8934
#        2062       0.02503      6.03      2.00     7   6.8934
#        2063       0.02464     12.44      2.00     7   6.8933
#        2064       0.02387     14.67      2.00     7   6.8934
#        2066       0.02802      4.06      2.00     7   6.8945
#        2068       0.02713      6.10      2.00     7   6.8949
#        2069       0.02575      7.04      2.00     7   6.8949
#        2070       0.01992     10.01      2.00     7   6.8949
#        2071       0.01986     10.15      2.00     7   6.8949
#        2075       0.01974     15.40      2.00     6   6.8962
#        2077       0.01904     27.46      2.00     7   6.8964
#        2078       0.01578      7.60      2.00     5   6.8970
#        2079       0.01580      7.61      2.00     5   6.8970
#        2080       0.02886     11.50      2.00     5   6.8972
#        2081       0.01425      8.23      1.00     6   6.8972
#        2082       0.01914     11.93      2.00     7   6.8970
#        2083       0.01965     16.53      2.00     6   6.8973
#        2084       0.01776      7.82      2.00     7   6.8987
#        2086       0.02043      6.09      2.00     7   6.8985
#        2087       0.01964      6.26      2.00     7   6.8985
#        2088       0.02063      8.30      2.00     6   6.9002
#        2089       0.01118      8.50      2.00     5   6.9021
#        2090       0.04159      6.90      2.00     7   6.9027
#        2091       0.02332      6.76      2.00     7   6.9031
#        2093       0.01782      4.54      2.00     7   6.9033
#        2094       0.01927      9.08      2.00     7   6.9033
#        2095       0.02789     22.20      2.00     6   6.9039
#        2096       0.01790      4.32      2.00     7   6.9039
#        2097       0.01853     11.00      2.00     7   6.9039
#        2098       0.01771      9.64      2.00     7   6.9048
#        2099       0.01777      4.40      2.00     7   6.9048
#        2102       0.01767     10.36      2.00     7   6.9054
#        2103       0.02870     16.85      2.00     6   6.9062
#        2104       0.01697     13.22      2.00     7   6.9065
#        2105       0.02934     17.78      2.00     6   6.9073
#        2106       0.01974     10.40      2.00     6   6.9078
#        2107       0.01524      5.76      2.00     7   6.9074
#        2108       0.01271     10.79      2.00     6   6.9083
#        2111       0.00862      5.78      2.00     5   6.9090
#        2112       0.00861      5.71      2.00     5   6.9090
#        2117       0.03380     13.11      2.00     7   6.9104
#        2118       0.02014      4.83      2.00     7   6.9129
#        2119       0.02020      4.33      2.00     7   6.9129
#        2120       0.02097      7.90      2.00     7   6.9133
#        2121       0.01938      4.03      2.00     7   6.9133
#        2122       0.02014      9.32      2.00     7   6.9139
#        2124       0.02002     21.60      2.00     7   6.9144
#        2125       0.01997      8.02      2.00     7   6.9148
#        2126       0.01991      8.47      2.00     7   6.9154
#        2127       0.01596      6.65      2.00     6   6.9171
#        2128       0.01100      8.93      2.00     6   6.9182
#        2129       0.01154      9.55      2.00     6   6.9182
#        2130       0.02249      4.20      2.00     6   6.9189
#        2131       0.03118      4.23      2.00     6   6.9189
#        2132       0.01447      5.39      2.00     7   6.9188
#        2133       0.01449      5.05      2.00     7   6.9194
#        2134       0.01953      8.50      2.00     6   6.9218
#        2135       0.01395     12.98      2.00     6   6.9218
#        2136       0.01480      8.48      2.00     6   6.9218
#        2137       0.02354      6.62      2.00     6   6.9254
#        2138       0.01274      9.77      2.00     6   6.9254
#        2139       0.01196     11.66      2.00     6   6.9254
#        2142       0.00648      7.79      2.00     4   6.9269
#        2143       0.01269      7.49      2.00     6   6.9272
#        2144       0.01263     11.90      2.00     6   6.9273
#        2145       0.01260     14.26      2.00     6   6.9273
#        2146       0.01835     20.95      2.00     6   6.9273
#        2147       0.01308     11.49      2.00     6   6.9282
#        2148       0.02329     17.51      2.00     6   6.9282
#        2149       0.01261     13.33      2.00     6   6.9282
#        2150       0.00610      5.79      2.00     5   6.9298
#        2151       0.01638      5.43      2.00     7   6.9294
#        2152       0.01618      7.74      2.00     7   6.9296
#        2153       0.01639      4.88      2.00     7   6.9296
#        2154       0.01594      7.82      2.00     7   6.9294
#        2159       0.01820     10.40      2.00     7   6.9331
#        2160       0.02811     16.09      2.00     7   6.9331
#  1589/2000 paths used
#  -----------------------------------------------------------------------
#       k          chi          mag           phase @#
     0.0000    5.817537E+00  7.337409E+00  9.154875E-01
     0.0500    5.857384E+00  7.187478E+00  9.526306E-01
     0.1000    5.884454E+00  7.038923E+00  9.899304E-01
     0.1500    5.901177E+00  6.620232E+00  1.100392E+00
     0.2000    5.818490E+00  6.213446E+00  1.212328E+00
     0.2500    5.531041E+00  5.617033E+00  1.395591E+00
     0.3000    5.050772E+00  5.051175E+00  1.583423E+00
     0.3500    4.258550E+00  4.414405E+00  1.837313E+00
     0.4000    3.303569E+00  3.828087E+00  2.100451E+00
     0.4500    2.153798E+00  3.274548E+00  2.423779E+00
     0.5000    1.034799E+00  2.783527E+00  2.760690E+00
     0.5500   -3.852792E-03  2.396064E+00  3.143201E+00
     0.6000   -7.900829E-01  2.062115E+00  3.534788E+00
     0.6500   -1.314152E+00  1.834509E+00  3.940151E+00
     0.7000   -1.515794E+00  1.627753E+00  4.339335E+00
     0.7500   -1.487094E+00  1.487145E+00  4.720703E+00
     0.8000   -1.244367E+00  1.336943E+00  5.086712E+00
     0.8500   -9.213430E-01  1.216318E+00  5.423732E+00
     0.9000   -5.522342E-01  1.077706E+00  5.745189E+00
     0.9500   -2.272232E-01  9.586517E-01  6.043884E+00
     1.0000    3.643776E-02  8.261492E-01  6.327305E+00
     1.0500    2.129662E-01  7.077939E-01  6.588808E+00
     1.1000    3.045910E-01  5.854283E-01  6.830373E+00
     1.1500    3.296887E-01  4.762423E-01  7.047817E+00
     1.2000    3.017627E-01  3.721295E-01  7.228887E+00
     1.2500    2.487313E-01  2.831295E-01  7.355914E+00
     1.3000    1.874869E-01  2.092125E-01  7.394214E+00
     1.3500    1.373274E-01  1.616601E-01  7.298188E+00
     1.4000    1.067575E-01  1.447730E-01  7.112418E+00
     1.4500    1.014082E-01  1.558016E-01  6.991929E+00
     1.5000    1.151414E-01  1.753067E-01  6.999752E+00
     1.5500    1.440688E-01  1.948609E-01  7.115277E+00
     1.6000    1.716461E-01  2.055571E-01  7.271370E+00
     1.6500    1.930883E-01  2.078863E-01  7.474392E+00
     1.7000    1.979593E-01  2.012059E-01  7.674097E+00
     1.7500    1.864411E-01  1.865420E-01  7.886870E+00
     1.8000    1.599903E-01  1.644886E-01  8.088387E+00
     1.8500    1.283918E-01  1.408703E-01  8.278059E+00
     1.9000    9.497688E-02  1.115964E-01  8.406750E+00
     1.9500    5.772957E-02  6.907112E-02  8.435191E+00
     2.0000    5.688559E-02  6.743962E-02  8.421004E+00
     2.0500    5.012438E-02  5.621453E-02  8.323774E+00
     2.1000    5.255836E-02  5.492061E-02  8.148342E+00
     2.1500    6.038633E-02  6.140459E-02  8.036349E+00
     2.2000    7.018252E-02  7.104610E-02  8.010058E+00
     2.2500    7.361439E-02  7.515114E-02  8.056559E+00
     2.3000    7.931751E-02  8.217388E-02  8.118418E+00
     2.3500    8.669857E-02  9.234303E-02  8.205430E+00
     2.4000    9.385193E-02  1.054874E-01  8.328095E+00
     2.4500    9.120668E-02  1.126615E-01  8.481369E+00
     2.5000    8.408093E-02  1.197809E-01  8.646638E+00
     2.5500    7.175256E-02  1.265106E-01  8.821717E+00
     2.6000    5.416108E-02  1.324087E-01  9.003371E+00
     2.6500    3.141936E-02  1.358171E-01  9.191328E+00
     2.7000    5.963566E-03  1.387861E-01  9.381795E+00
     2.7500   -2.095274E-02  1.412831E-01  9.573630E+00
     2.8000   -4.793080E-02  1.433080E-01  9.765810E+00
     2.8500   -7.237502E-02  1.419412E-01  9.959840E+00
     2.9000   -9.319875E-02  1.402547E-01  1.015160E+01
     2.9500   -1.097737E-01  1.384012E-01  1.034075E+01
     3.0000   -1.218196E-01  1.365181E-01  1.052727E+01
     3.0500   -1.278432E-01  1.332183E-01  1.071054E+01
     3.1000   -1.295444E-01  1.302499E-01  1.089144E+01
     3.1500   -1.272803E-01  1.276439E-01  1.107108E+01
     3.2000   -1.213168E-01  1.253686E-01  1.125050E+01
     3.2500   -1.114902E-01  1.228534E-01  1.142906E+01
     3.3000   -9.865767E-02  1.207287E-01  1.160986E+01
     3.3500   -8.282826E-02  1.186902E-01  1.179398E+01
     3.4000   -6.438969E-02  1.164535E-01  1.198050E+01
     3.4500   -4.418009E-02  1.139452E-01  1.216820E+01
     3.5000   -2.309133E-02  1.112124E-01  1.235722E+01
     3.5500   -2.152978E-03  1.082050E-01  1.254647E+01
     3.6000    1.757854E-02  1.049304E-01  1.273469E+01
     3.6500    3.499406E-02  1.013358E-01  1.291896E+01
     3.7000    4.962089E-02  9.761234E-02  1.309963E+01
     3.7500    6.115729E-02  9.389914E-02  1.327568E+01
     3.8000    6.965089E-02  9.035708E-02  1.344653E+01
     3.8500    7.542005E-02  8.727528E-02  1.360985E+01
     3.9000    7.895220E-02  8.463425E-02  1.376865E+01
     3.9500    8.067437E-02  8.253487E-02  1.392444E+01
     4.0000    8.088283E-02  8.101816E-02  1.407936E+01
     4.0500    7.983811E-02  8.021412E-02  1.423403E+01
     4.1000    7.730697E-02  7.989022E-02  1.439216E+01
     4.1500    7.302879E-02  7.991900E-02  1.455546E+01
     4.2000    6.669823E-02  8.014728E-02  1.472491E+01
     4.2500    5.828293E-02  8.061655E-02  1.489988E+01
     4.3000    4.753252E-02  8.101260E-02  1.508095E+01
     4.3500    3.463401E-02  8.121449E-02  1.526740E+01
     4.4000    2.005099E-02  8.113189E-02  1.545824E+01
     4.4500    4.482055E-03  8.089578E-02  1.565253E+01
     4.5000   -1.128739E-02  8.030902E-02  1.584898E+01
     4.5500   -2.635670E-02  7.936861E-02  1.604647E+01
     4.6000   -3.988605E-02  7.809296E-02  1.624402E+01
     4.6500   -5.135023E-02  7.666228E-02  1.644193E+01
     4.7000   -6.013498E-02  7.497638E-02  1.663869E+01
     4.7500   -6.596999E-02  7.308883E-02  1.683374E+01
     4.8000   -6.880878E-02  7.105419E-02  1.702669E+01
     4.8500   -6.889713E-02  6.902239E-02  1.721851E+01
     4.9000   -6.637766E-02  6.693493E-02  1.740789E+01
     4.9500   -6.161898E-02  6.482957E-02  1.759479E+01
     5.0000   -5.504244E-02  6.273623E-02  1.777922E+01
     5.0500   -4.708243E-02  6.074733E-02  1.796276E+01
     5.1000   -3.814069E-02  5.881231E-02  1.814392E+01
     5.1500   -2.863199E-02  5.694768E-02  1.832275E+01
     5.2000   -1.893333E-02  5.516971E-02  1.849925E+01
     5.2500   -9.277009E-03  5.355607E-02  1.867546E+01
     5.3000    8.963664E-06  5.206133E-02  1.884973E+01
     5.3500    8.717423E-03  5.070133E-02  1.902235E+01
     5.4000    1.670079E-02  4.948969E-02  1.919377E+01
     5.4500    2.398496E-02  4.848640E-02  1.936702E+01
     5.5000    3.035559E-02  4.762836E-02  1.954060E+01
     5.5500    3.572145E-02  4.690357E-02  1.971532E+01
     5.6000    3.997689E-02  4.629007E-02  1.989196E+01
     5.6500    4.307001E-02  4.579815E-02  2.007345E+01
     5.7000    4.474246E-02  4.533958E-02  2.025788E+01
     5.7500    4.486216E-02  4.487620E-02  2.044537E+01
     5.8000    4.334566E-02  4.437183E-02  2.063583E+01
     5.8500    4.021270E-02  4.385156E-02  2.083061E+01
     5.9000    3.551239E-02  4.323598E-02  2.102735E+01
     5.9500    2.946432E-02  4.251414E-02  2.122544E+01
     6.0000    2.238778E-02  4.168538E-02  2.142419E+01
     6.0500    1.468646E-02  4.092133E-02  2.162406E+01
     6.1000    6.693193E-03  4.009447E-02  2.182343E+01
     6.1500   -1.209425E-03  3.922125E-02  2.202199E+01
     6.2000   -8.677145E-03  3.831962E-02  2.221957E+01
     6.2500   -1.542310E-02  3.740735E-02  2.241613E+01
     6.3000   -2.122594E-02  3.650029E-02  2.261175E+01
     6.3500   -2.592796E-02  3.561072E-02  2.280669E+01
     6.4000   -2.942631E-02  3.474601E-02  2.300127E+01
     6.4500   -3.166193E-02  3.390791E-02  2.319593E+01
     6.5000   -3.261072E-02  3.309241E-02  2.339111E+01
     6.5500   -3.256416E-02  3.257695E-02  2.358998E+01
     6.6000   -3.121940E-02  3.205150E-02  2.379031E+01
     6.6500   -2.863099E-02  3.150024E-02  2.399207E+01
     6.7000   -2.491919E-02  3.091001E-02  2.419507E+01
     6.7500   -2.027247E-02  3.027177E-02  2.439896E+01
     6.8000   -1.493917E-02  2.958129E-02  2.460334E+01
     6.8500   -9.208964E-03  2.883921E-02  2.480773E+01
     6.9000   -3.387519E-03  2.805054E-02  2.501168E+01
     6.9500    2.230739E-03  2.722377E-02  2.521477E+01
     7.0000    7.386659E-03  2.636964E-02  2.541666E+01
     7.0500    1.202447E-02  2.567562E-02  2.562013E+01
     7.1000    1.588284E-02  2.496600E-02  2.582228E+01
     7.1500    1.884690E-02  2.424936E-02  2.602296E+01
     7.2000    2.085869E-02  2.353343E-02  2.622213E+01
     7.2500    2.191180E-02  2.282477E-02  2.641975E+01
     7.3000    2.204370E-02  2.212875E-02  2.661583E+01
     7.3500    2.132721E-02  2.144964E-02  2.681043E+01
     7.4000    1.986204E-02  2.079088E-02  2.700358E+01
     7.4500    1.776667E-02  2.015536E-02  2.719533E+01
     7.5000    1.517064E-02  1.954562E-02  2.738577E+01
     7.5500    1.218917E-02  1.900758E-02  2.757817E+01
     7.6000    8.948087E-03  1.849214E-02  2.776924E+01
     7.6500    5.581909E-03  1.800251E-02  2.795907E+01
     7.7000    2.213645E-03  1.754157E-02  2.814780E+01
     7.7500   -1.048303E-03  1.711156E-02  2.833564E+01
     7.8000   -4.110995E-03  1.671382E-02  2.852285E+01
     7.8500   -6.895913E-03  1.634855E-02  2.870977E+01
     7.9000   -9.336811E-03  1.601470E-02  2.889677E+01
     7.9500   -1.137735E-02  1.570996E-02  2.908423E+01
     8.0000   -1.296939E-02  1.543083E-02  2.927251E+01
     8.0500   -1.410528E-02  1.520021E-02  2.946325E+01
     8.1000   -1.471800E-02  1.498721E-02  2.965531E+01
     8.1500   -1.478635E-02  1.478645E-02  2.984891E+01
     8.2000   -1.430404E-02  1.459232E-02  3.004423E+01
     8.2500   -1.328366E-02  1.439924E-02  3.024135E+01
     8.3000   -1.176003E-02  1.420191E-02  3.044029E+01
     8.3500   -9.792255E-03  1.399546E-02  3.064099E+01
     8.4000   -7.463773E-03  1.377564E-02  3.084334E+01
     8.4500   -4.880028E-03  1.353886E-02  3.104718E+01
     8.5000   -2.163595E-03  1.328239E-02  3.125231E+01
     8.5500    5.667207E-04  1.307170E-02  3.145929E+01
     8.6000    3.190657E-03  1.284137E-02  3.166702E+01
     8.6500    5.581981E-03  1.259092E-02  3.187524E+01
     8.7000    7.629126E-03  1.232051E-02  3.208368E+01
     8.7500    9.242981E-03  1.203105E-02  3.229205E+01
     8.8000    1.036285E-02  1.172409E-02  3.250005E+01
     8.8500    1.095994E-02  1.140189E-02  3.270739E+01
     8.9000    1.103787E-02  1.106731E-02  3.291376E+01
     8.9500    1.063026E-02  1.072379E-02  3.311889E+01
     9.0000    9.795713E-03  1.037517E-02  3.332252E+01
     9.0500    8.669141E-03  1.010566E-02  3.352645E+01
     9.1000    7.251834E-03  9.837986E-03  3.372871E+01
     9.1500    5.628031E-03  9.575884E-03  3.392927E+01
     9.2000    3.880923E-03  9.322862E-03  3.412817E+01
     9.2500    2.087806E-03  9.082005E-03  3.432556E+01
     9.3000    3.171467E-04  8.855761E-03  3.452170E+01
     9.3500   -1.372417E-03  8.645754E-03  3.471693E+01
     9.4000   -2.931470E-03  8.452656E-03  3.491169E+01
     9.4500   -4.318212E-03  8.276116E-03  3.510644E+01
     9.5000   -5.496604E-03  8.114771E-03  3.530168E+01
     9.5500   -6.481494E-03  8.010991E-03  3.550010E+01
     9.6000   -7.201005E-03  7.917269E-03  3.569967E+01
     9.6500   -7.628785E-03  7.830734E-03  3.590072E+01
     9.7000   -7.745799E-03  7.748199E-03  3.610342E+01
     9.7500   -7.543068E-03  7.666373E-03  3.630791E+01
     9.8000   -7.024585E-03  7.582069E-03  3.651418E+01
     9.8500   -6.209699E-03  7.492381E-03  3.672215E+01
     9.9000   -5.134322E-03  7.394847E-03  3.693165E+01
     9.9500   -3.850417E-03  7.287558E-03  3.714245E+01
    10.0000   -2.423579E-03  7.169234E-03  3.735426E+01
    10.0500   -9.301281E-04  7.068975E-03  3.756715E+01
    10.1000    5.659131E-04  6.958351E-03  3.778053E+01
    10.1500    1.987946E-03  6.837498E-03  3.799411E+01
    10.2000    3.265446E-03  6.707034E-03  3.820761E+01
    10.2500    4.338954E-03  6.567989E-03  3.842076E+01
    10.3000    5.163832E-03  6.421721E-03  3.863330E+01
    10.3500    5.712404E-03  6.269814E-03  3.884505E+01
    10.4000    5.974398E-03  6.113968E-03  3.905583E+01
    10.4500    5.955837E-03  5.955894E-03  3.926553E+01
    10.5000    5.676779E-03  5.797219E-03  3.947410E+01
    10.5500    5.168352E-03  5.639401E-03  3.968153E+01
    10.6000    4.469562E-03  5.483674E-03  3.988786E+01
    10.6500    3.624248E-03  5.331019E-03  4.009316E+01
    10.7000    2.678413E-03  5.182147E-03  4.029753E+01
    10.7500    1.678024E-03  5.037524E-03  4.050111E+01
    10.8000    6.672832E-04  4.897390E-03  4.070403E+01
    10.8500   -3.127241E-04  4.761802E-03  4.090643E+01
    10.9000   -1.225075E-03  4.630668E-03  4.110845E+01
    10.9500   -2.037825E-03  4.503781E-03  4.131024E+01
    11.0000   -2.724640E-03  4.380844E-03  4.151193E+01
    11.0500   -3.296558E-03  4.297635E-03  4.171496E+01
    11.1000   -3.715370E-03  4.218593E-03  4.191807E+01
    11.1500   -3.970163E-03  4.143187E-03  4.212148E+01
    11.2000   -4.055618E-03  4.070706E-03  4.232537E+01
    11.2500   -3.972333E-03  4.000327E-03  4.252988E+01
    11.3000   -3.727200E-03  3.931196E-03  4.273506E+01
    11.3500   -3.333641E-03  3.862503E-03  4.294096E+01
    11.4000   -2.811498E-03  3.793543E-03  4.314755E+01
    11.4500   -2.186437E-03  3.723759E-03  4.335475E+01
    11.5000   -1.488828E-03  3.652757E-03  4.356248E+01
    11.5500   -7.521645E-04  3.580303E-03  4.377064E+01
    11.6000   -1.119643E-05  3.506302E-03  4.397910E+01
    11.6500    7.000364E-04  3.430770E-03  4.418779E+01
    11.7000    1.350067E-03  3.353797E-03  4.439660E+01
    11.7500    1.911612E-03  3.275512E-03  4.460546E+01
    11.8000    2.362826E-03  3.196061E-03  4.481432E+01
    11.8500    2.688182E-03  3.115586E-03  4.502311E+01
    11.9000    2.878951E-03  3.034216E-03  4.523180E+01
    11.9500    2.933329E-03  2.952076E-03  4.544033E+01
    12.0000    2.856204E-03  2.869294E-03  4.564865E+01
    12.0500    2.688142E-03  2.819824E-03  4.585991E+01
    12.1000    2.407316E-03  2.770604E-03  4.607096E+01
    12.1500    2.030394E-03  2.721696E-03  4.628185E+01
    12.2000    1.577601E-03  2.673114E-03  4.649262E+01
    12.2500    1.071745E-03  2.624836E-03  4.670329E+01
    12.3000    5.371727E-04  2.576814E-03  4.691389E+01
    12.3500   -1.325629E-06  2.529000E-03  4.712441E+01
    12.4000   -5.196350E-04  2.481355E-03  4.733487E+01
    12.4500   -9.954102E-04  2.433859E-03  4.754523E+01
    12.5000   -1.409079E-03  2.386523E-03  4.775548E+01
    12.5500   -1.744682E-03  2.339381E-03  4.796561E+01
    12.6000   -1.990493E-03  2.292494E-03  4.817558E+01
    12.6500   -2.139375E-03  2.245932E-03  4.838541E+01
    12.7000   -2.188872E-03  2.199770E-03  4.859511E+01
    12.7500   -2.141053E-03  2.154071E-03  4.880468E+01
    12.8000   -2.002162E-03  2.108877E-03  4.901417E+01
    12.8500   -1.782111E-03  2.064203E-03  4.922363E+01
    12.9000   -1.493883E-03  2.020031E-03  4.943310E+01
    12.9500   -1.152863E-03  1.976311E-03  4.964265E+01
    13.0000   -7.761264E-04  1.932968E-03  4.985231E+01
    13.0500   -3.877889E-04  1.900946E-03  5.006004E+01
    13.1000    4.551173E-06  1.869943E-03  5.026792E+01
    13.1500    3.846067E-04  1.839752E-03  5.047609E+01
    13.2000    7.367463E-04  1.810089E-03  5.068467E+01
    13.2500    1.046517E-03  1.780647E-03  5.089372E+01
    13.3000    1.301310E-03  1.751145E-03  5.110320E+01
    13.3500    1.491083E-03  1.721379E-03  5.131306E+01
    13.4000    1.609023E-03  1.691245E-03  5.152318E+01
    13.4500    1.651973E-03  1.660745E-03  5.173346E+01
    13.5000    1.620557E-03  1.629970E-03  5.194380E+01
    13.5500    1.518950E-03  1.599067E-03  5.215417E+01
    13.6000    1.354405E-03  1.568196E-03  5.236457E+01
    13.6500    1.136623E-03  1.537476E-03  5.257508E+01
    13.7000    8.771379E-04  1.506954E-03  5.278581E+01
    13.7500    5.887768E-04  1.476575E-03  5.299693E+01
    13.8000    2.852176E-04  1.446184E-03  5.320855E+01
    13.8500   -1.941677E-05  1.415545E-03  5.342079E+01
    13.9000   -3.110287E-04  1.384377E-03  5.363368E+01
    13.9500   -5.761538E-04  1.352401E-03  5.384717E+01
    14.0000   -8.027206E-04  1.319394E-03  5.406112E+01
    14.0500   -9.927308E-04  1.298887E-03  5.427702E+01
    14.1000   -1.130188E-03  1.277539E-03  5.449284E+01
    14.1500   -1.210153E-03  1.255438E-03  5.470847E+01
    14.2000   -1.230883E-03  1.232685E-03  5.492380E+01
    14.2500   -1.193766E-03  1.209387E-03  5.513877E+01
    14.3000   -1.103079E-03  1.185653E-03  5.535329E+01
    14.3500   -9.655899E-04  1.161592E-03  5.556729E+01
    14.4000   -7.900500E-04  1.137315E-03  5.578072E+01
    14.4500   -5.866016E-04  1.112935E-03  5.599351E+01
    14.5000   -3.661496E-04  1.088570E-03  5.620562E+01
    14.5500   -1.397315E-04  1.064341E-03  5.641700E+01
    14.6000    8.206732E-05  1.040373E-03  5.662763E+01
    14.6500    2.896159E-04  1.016792E-03  5.683750E+01
    14.7000    4.746268E-04  9.937158E-04  5.704662E+01
    14.7500    6.304178E-04  9.712558E-04  5.725504E+01
    14.8000    7.520471E-04  9.495070E-04  5.746281E+01
    14.8500    8.363388E-04  9.285459E-04  5.767004E+01
    14.9000    8.818212E-04  9.084280E-04  5.787684E+01
    14.9500    8.886056E-04  8.891851E-04  5.808336E+01
    15.0000    8.582277E-04  8.708238E-04  5.828976E+01
    15.0500    8.001131E-04  8.590556E-04  5.849206E+01
    15.1000    7.117447E-04  8.483725E-04  5.869490E+01
    15.1500    5.966842E-04  8.385948E-04  5.889859E+01
    15.2000    4.593692E-04  8.294987E-04  5.910335E+01
    15.2500    3.051520E-04  8.208324E-04  5.930936E+01
    15.3000    1.402753E-04  8.123339E-04  5.951671E+01
    15.3500   -2.825977E-05  8.037483E-04  5.972543E+01
    15.4000   -1.929552E-04  7.948421E-04  5.993547E+01
    15.4500   -3.461979E-04  7.854146E-04  6.014673E+01
    15.5000   -4.807279E-04  7.753048E-04  6.035907E+01
    15.5500   -5.901380E-04  7.643943E-04  6.057229E+01
    15.6000   -6.693416E-04  7.526067E-04  6.078621E+01
    15.6500   -7.149515E-04  7.399051E-04  6.100061E+01
    15.7000   -7.255266E-04  7.262882E-04  6.121526E+01
    15.7500   -7.016595E-04  7.117857E-04  6.142994E+01
    15.8000   -6.459013E-04  6.964559E-04  6.164442E+01
    15.8500   -5.625327E-04  6.803832E-04  6.185848E+01
    15.9000   -4.572037E-04  6.636769E-04  6.207189E+01
    15.9500   -3.364792E-04  6.464703E-04  6.228443E+01
    16.0000   -2.073317E-04  6.289184E-04  6.249591E+01
    16.0500   -7.898801E-05  6.137650E-04  6.270280E+01
    16.1000    4.572182E-05  5.985946E-04  6.290831E+01
    16.1500    1.615722E-04  5.835929E-04  6.311238E+01
    16.2000    2.643144E-04  5.689355E-04  6.331501E+01
    16.2500    3.507545E-04  5.547789E-04  6.351630E+01
    16.3000    4.187239E-04  5.412509E-04  6.371639E+01
    16.3500    4.669738E-04  5.284426E-04  6.391552E+01
    16.4000    4.950325E-04  5.164034E-04  6.411395E+01
    16.4500    5.030654E-04  5.051391E-04  6.431201E+01
    16.5000    4.917661E-04  4.946137E-04  6.451001E+01
    16.5500    4.622936E-04  4.847548E-04  6.470826E+01
    16.6000    4.162527E-04  4.754612E-04  6.490704E+01
    16.6500    3.557030E-04  4.666123E-04  6.510657E+01
    16.7000    2.831705E-04  4.580780E-04  6.530703E+01
    16.7500    2.016388E-04  4.497282E-04  6.550852E+01
    16.8000    1.144973E-04  4.414405E-04  6.571107E+01
    16.8500    2.543662E-05  4.331067E-04  6.591468E+01
    16.9000   -6.170771E-05  4.246373E-04  6.611928E+01
    16.9500   -1.431531E-04  4.159633E-04  6.632478E+01
    17.0000   -2.153872E-04  4.070371E-04  6.653105E+01
    17.0500   -2.787332E-04  4.007173E-04  6.674268E+01
    17.1000   -3.276147E-04  3.940596E-04  6.695504E+01
    17.1500   -3.599678E-04  3.870445E-04  6.716797E+01
    17.2000   -3.746398E-04  3.796669E-04  6.738133E+01
    17.2500   -3.714553E-04  3.719334E-04  6.759495E+01
    17.3000   -3.512114E-04  3.638603E-04  6.780869E+01
    17.3500   -3.156037E-04  3.554722E-04  6.802240E+01
    17.4000   -2.670927E-04  3.468008E-04  6.823594E+01
    17.4500   -2.087212E-04  3.378836E-04  6.844918E+01
    17.5000   -1.439011E-04  3.287632E-04  6.866199E+01
    17.5500   -7.618530E-05  3.194865E-04  6.887426E+01
    17.6000   -9.044781E-06  3.101036E-04  6.908587E+01
    17.6500    5.433098E-05  3.006663E-04  6.929674E+01
    17.7000    1.111967E-04  2.912267E-04  6.950681E+01
    17.7500    1.593662E-04  2.818350E-04  6.971603E+01
    17.8000    1.972755E-04  2.725379E-04  6.992440E+01
    17.8500    2.239971E-04  2.633762E-04  7.013194E+01
    17.9000    2.392109E-04  2.543832E-04  7.033872E+01
    17.9500    2.431453E-04  2.455833E-04  7.054481E+01
    18.0000    2.364980E-04  2.369909E-04  7.075034E+01
    18.0500    2.232662E-04  2.315251E-04  7.095374E+01
    18.1000    2.016380E-04  2.262685E-04  7.115677E+01
    18.1500    1.728752E-04  2.212184E-04  7.135962E+01
    18.2000    1.384183E-04  2.163628E-04  7.156246E+01
    18.2500    9.983959E-05  2.116816E-04  7.176547E+01
    18.3000    5.880096E-05  2.071481E-04  7.196881E+01
    18.3500    1.701051E-05  2.027307E-04  7.217263E+01
    18.4000   -2.382512E-05  1.983951E-04  7.237701E+01
    18.4500   -6.205579E-05  1.941058E-04  7.258204E+01
    18.5000   -9.615024E-05  1.898281E-04  7.278777E+01
    18.5500   -1.247636E-04  1.855293E-04  7.299418E+01
    18.6000   -1.468056E-04  1.811807E-04  7.320125E+01
    18.6500   -1.615023E-04  1.767581E-04  7.340891E+01
    18.7000   -1.684458E-04  1.722429E-04  7.361706E+01
    18.7500   -1.676230E-04  1.676232E-04  7.382559E+01
    18.8000   -1.594191E-04  1.628939E-04  7.403435E+01
    18.8500   -1.445932E-04  1.580565E-04  7.424316E+01
    18.9000   -1.242241E-04  1.531198E-04  7.445187E+01
    18.9500   -9.963323E-05  1.480984E-04  7.466030E+01
    19.0000   -7.228939E-05  1.430123E-04  7.486829E+01
    19.0500   -4.445500E-05  1.395914E-04  7.507411E+01
    19.1000   -1.613875E-05  1.361306E-04  7.527939E+01
    19.1500    1.136596E-05  1.326527E-04  7.548401E+01
    19.2000    3.689972E-05  1.291821E-04  7.568790E+01
    19.2500    5.948835E-05  1.257432E-04  7.589102E+01
    19.3000    7.837345E-05  1.223592E-04  7.609340E+01
    19.3500    9.302288E-05  1.190502E-04  7.629509E+01
    19.4000    1.031244E-04  1.158318E-04  7.649622E+01
    19.4500    1.085678E-04  1.127142E-04  7.669693E+01
    19.5000    1.094207E-04  1.097016E-04  7.689744E+01
    19.5500    1.059049E-04  1.067914E-04  7.709797E+01
    19.6000    9.837470E-05  1.039754E-04  7.729874E+01
    19.6500    8.730068E-05  1.012394E-04  7.749998E+01
    19.7000    7.325672E-05  9.856497E-05  7.770193E+01
    19.7500    5.690895E-05  9.593014E-05  7.790475E+01
    19.8000    3.900253E-05  9.331113E-05  7.810859E+01
    19.8500    2.034309E-05  9.068354E-05  7.831356E+01
    19.9000    1.770391E-06  8.802379E-05  7.851970E+01
    19.9500   -1.587687E-05  8.531029E-05  7.872702E+01
    20.0000   -3.180396E-05  8.252452E-05  7.893544E+01
