# # Once                                                         FEFF 10.0.0 
# # POT  SCF 100  9.0000   0, NO core-hole, FOLP (folp(0)= 1.150)
# # Abs   Z=30 Rmt= 1.372 Rnm= 1.517 K  shell
# #   RGRID 0.0100
# # Pot 1 Z= 6 Rmt= 0.895 Rnm= 1.120
# # Pot 2 Z= 6 Rmt= 0.925 Rnm= 1.166
# # Pot 3 Z= 1 Rmt= 0.552 Rnm= 0.960
# # Pot 4 Z=16 Rmt= 1.258 Rnm= 1.478
# # Gam_ch=1.897E+00 H-L exch Vi=-5.000E-01 Vr= 0.000E+00
# # Mu=-7.370E+00eV kf=1.972E+00 Vint=-1.288E+01eV Rs_int= 1.839
# # PATH  Rmax= 9.000,  Keep_limit= 0.00, Heap_limit 0.00  Pwcrit= 2.50%
#  S02=1.000  Temp=  10.00  Debye_temp= 315.00  Global_sig2= 0.00000
#  Energy zero shift, vr, vi    0.00000E+00   0.00000E+00
#  Curved wave amplitude ratio filter   4.000%
#     file         sig2 tot  cw amp ratio   deg  nlegs   reff  inp sig2
#           1       0.00292    100.00      1.00     2   2.3485
#           2       0.00293     99.62      1.00     2   2.3522
#           3       0.00305     98.68      1.00     2   2.3614
#           4       0.00307     98.51      1.00     2   2.3630
#           5       0.02666     14.30      1.00     2   3.0594
#           6       0.02782     13.88      1.00     2   3.0971
#           7       0.02363     13.12      1.00     2   3.1694
#           8       0.02435     13.08      1.00     2   3.1728
#           9       0.00564     45.62      1.00     2   3.1915
#          10       0.00564     43.77      1.00     2   3.2446
#          11       0.02617     12.16      1.00     2   3.2696
#          12       0.00632     41.39      1.00     2   3.3176
#          13       0.00634     41.29      1.00     2   3.3208
#          14       0.02631     11.01      1.00     2   3.4039
#          15       0.00394     51.36      2.00     3   3.6822
#          16       0.00401     50.45      2.00     3   3.7120
#          17       0.01177     14.03      2.00     3   3.7284
#          18       0.01326     18.74      2.00     3   3.7349
#          19       0.01146     14.56      2.00     3   3.7533
#          20       0.00426     49.27      2.00     3   3.7536
#          21       0.01372     17.57      2.00     3   3.7555
#          22       0.00430     49.22      2.00     3   3.7551
#          23       0.01256     12.51      2.00     3   3.7773
#          24       0.03509      8.51      1.00     2   3.7787
#          25       0.01281     11.47      2.00     3   3.8710
#          26       0.01610      9.48      2.00     3   3.9166
#          27       0.03720      7.77      1.00     2   3.9181
#          28       0.01647      9.40      2.00     3   3.9346
#          29       0.01477      9.33      2.00     3   3.9644
#          30       0.01478      9.31      2.00     3   3.9646
#          31       0.01508      9.07      2.00     3   4.0140
#          32       0.01512      8.72      2.00     3   4.0840
#          33       0.01874      5.11      2.00     3   4.0994
#          34       0.00968     23.68      1.00     2   4.1331
#          35       0.01717      6.79      1.00     2   4.1356
#          36       0.02399     11.79      1.00     4   4.1522
#          37       0.01869      4.93      2.00     3   4.1648
#          38       0.00977      4.47      2.00     4   4.1709
#          39       0.00439     21.22      1.00     4   4.1730
#          40       0.00442     19.86      1.00     4   4.1795
#          41       0.01580      6.59      1.00     2   4.1838
#          42       0.00451     17.71      1.00     4   4.1895
#          43       0.00448     17.82      1.00     4   4.1895
#          44       0.01021      4.00      2.00     4   4.1898
#          45       0.02495     11.39      1.00     4   4.1901
#          46       0.01042     22.50      1.00     2   4.2155
#          49       0.00425     11.53      2.00     3   4.2311
#          50       0.00415     12.00      2.00     3   4.2503
#          51       0.00456     11.61      2.00     3   4.2618
#          52       0.01826     10.55      1.00     4   4.2620
#          53       0.01835     10.43      1.00     4   4.2654
#          54       0.01031      4.54      2.00     4   4.2681
#          55       0.00425     12.04      2.00     3   4.2723
#          56       0.01252     23.34      2.00     3   4.2732
#          57       0.01219     24.54      2.00     3   4.2989
#          58       0.01674      6.77      2.00     4   4.3143
#          59       0.00414     13.48      2.00     3   4.3253
#          60       0.00423     13.63      2.00     3   4.3369
#          61       0.01057      5.34      2.00     4   4.3385
#          62       0.01794      9.55      1.00     4   4.3632
#          63       0.01685      6.53      2.00     4   4.3797
#          64       0.01132     22.43      1.00     4   4.4108
#          65       0.01137     25.50      1.00     4   4.4140
#          66       0.01284     10.19      2.00     3   4.4504
#          67       0.01257     10.79      2.00     3   4.4727
#          68       0.01956      4.48      2.00     3   4.4759
#          69       0.00611     22.36      2.00     3   4.4857
#          70       0.01799      8.58      1.00     4   4.4975
#          71       0.01855     11.57      2.00     3   4.5023
#          72       0.01927      4.37      2.00     3   4.5191
#          73       0.00614     24.36      2.00     3   4.5242
#          74       0.00939      4.28      2.00     4   4.5511
#          75       0.00958     19.58      2.00     4   4.5880
#          76       0.00961     22.37      2.00     4   4.5878
#          77       0.02025      9.81      2.00     3   4.6134
#          78       0.01693      8.69      2.00     4   4.6135
#          79       0.00532     17.59      1.00     2   4.6312
#          80       0.01718      9.12      2.00     4   4.6342
#          81       0.02402      5.30      2.00     3   4.6447
#          82       0.00573     18.77      2.00     3   4.6474
#          83       0.00551     66.26      2.00     3   4.6676
#          84       0.00543     17.20      1.00     2   4.6709
#          85       0.00575     19.24      2.00     3   4.6846
#          86       0.02068      5.79      2.00     4   4.6905
#          87       0.01206      7.58      2.00     3   4.6912
#          88       0.01839      4.29      2.00     3   4.6974
#          89       0.00583     12.67      1.00     4   4.6970
#          90       0.00462      4.27      2.00     4   4.7007
#          91       0.00609     74.63      1.00     4   4.7041
#          92       0.00587     12.57      1.00     4   4.7044
#          93       0.02757      4.89      1.00     2   4.7061
#          94       0.01029     17.84      2.00     4   4.7092
#          95       0.00453      6.88      2.00     4   4.7099
#          97       0.01155      8.03      2.00     3   4.7130
#          98       0.00473      4.51      2.00     4   4.7136
#          99       0.00731      6.53      2.00     3   4.7152
#         100       0.00457      7.18      2.00     4   4.7152
#         101       0.00551     61.91      2.00     3   4.7158
#         102       0.00609     12.33      1.00     4   4.7227
#         104       0.00614     12.29      1.00     4   4.7260
#         105       0.01010     18.85      2.00     4   4.7333
#         106       0.02076      5.62      2.00     4   4.7336
#         107       0.00612     68.78      1.00     4   4.7606
#         108       0.01404      4.73      1.00     4   4.7616
#         113       0.02579      4.65      1.00     2   4.7981
#         117       0.01487     12.47      2.00     5   4.8211
#         119       0.01886     13.05      2.00     5   4.8281
#         120       0.00668     13.99      1.00     4   4.8330
#         121       0.00671      9.47      1.00     4   4.8383
#         122       0.01474     12.69      2.00     5   4.8458
#         123       0.00945     38.24      2.00     5   4.8468
#         125       0.00944     43.44      2.00     5   4.8483
#         126       0.01942     13.57      2.00     5   4.8487
#         127       0.01188      9.95      2.00     4   4.8548
#         128       0.00718      5.38      2.00     3   4.8668
#         129       0.03549      7.20      1.00     4   4.8714
#         130       0.01601     11.52      2.00     5   4.8709
#         131       0.00471     28.05      2.00     3   4.8761
#         132       0.00481     28.74      2.00     3   4.9034
#         133       0.00442     57.94      2.00     4   4.9126
#         134       0.00524      9.92      2.00     4   4.9201
#         135       0.01241      8.65      2.00     4   4.9204
#         136       0.01213     10.41      2.00     4   4.9221
#         137       0.01224      9.30      2.00     4   4.9415
#         138       0.02295      4.30      1.00     2   4.9476
#         139       0.00763      5.11      2.00     3   4.9480
#         140       0.00450     56.59      2.00     4   4.9483
#         141       0.00538     13.05      2.00     4   4.9602
#         142       0.02149      4.26      1.00     2   4.9639
#         143       0.01718     10.87      2.00     5   4.9647
#         144       0.01732     11.09      2.00     3   4.9661
#         145       0.00877      8.10      2.00     3   4.9771
#         146       0.01936      4.23      1.00     2   4.9809
#         147       0.00776      5.00      2.00     3   4.9847
#         148       0.00503     12.64      2.00     4   4.9934
#         149       0.00873      8.19      2.00     3   4.9965
#         150       0.00510     10.10      2.00     4   5.0000
#         151       0.01495      4.85      2.00     5   5.0053
#         153       0.04002      6.53      1.00     4   5.0113
#         155       0.00939     20.59      2.00     4   5.0136
#         156       0.00648      9.21      1.00     4   5.0159
#         159       0.01409     10.50      2.00     4   5.0217
#         160       0.00960     18.67      2.00     5   5.0221
#         161       0.01532      5.01      2.00     5   5.0224
#         162       0.00957     16.01      2.00     5   5.0240
#         163       0.00902      7.39      2.00     3   5.0256
#         164       0.02047      4.13      1.00     2   5.0267
#         167       0.02329      6.84      2.00     3   5.0329
#         168       0.00911     19.78      2.00     4   5.0414
#         169       0.01499      9.18      2.00     4   5.0438
#         170       0.01942      4.08      1.00     2   5.0482
#         171       0.01720     10.78      2.00     3   5.0533
#         172       0.01015     19.99      2.00     4   5.0620
#         174       0.00644      9.09      1.00     4   5.0719
#         175       0.02273      7.71      2.00     3   5.0732
#         177       0.01594      6.43      2.00     3   5.0949
#         179       0.01451     15.35      2.00     3   5.1048
#         180       0.00888      6.57      2.00     3   5.1134
#         181       0.00524     13.75      1.00     4   5.1211
#         183       0.00528     14.88      1.00     4   5.1359
#         184       0.01580      6.91      2.00     3   5.1385
#         185       0.00707      8.98      1.00     4   5.1442
#         186       0.02131      9.84      2.00     3   5.1448
#         187       0.02176      9.31      2.00     3   5.1457
#         188       0.00708      8.97      1.00     4   5.1489
#         190       0.01643      9.02      2.00     3   5.1576
#         191       0.00460     42.89      2.00     4   5.1584
#         192       0.01044     18.45      2.00     4   5.1582
#         194       0.01677      8.34      2.00     3   5.1773
#         195       0.02127     10.62      2.00     3   5.1770
#         196       0.01472     14.47      2.00     3   5.1797
#         197       0.00467     42.61      2.00     4   5.1832
#         198       0.01628      9.41      2.00     3   5.1894
#         199       0.00478    104.40      2.00     5   5.1949
#         200       0.01243     11.98      2.00     4   5.2046
#         201       0.02130     11.35      2.00     3   5.2214
#         202       0.01232     11.71      2.00     4   5.2245
#         203       0.01532      6.99      1.00     4   5.2261
#         204       0.00487    101.30      2.00     5   5.2281
#         205       0.01258     15.49      1.00     4   5.2286
#         206       0.01468      7.75      2.00     3   5.2335
#         207       0.01294     31.53      2.00     5   5.2411
#         208       0.04920     11.88      1.00     6   5.2450
#         209       0.01267     15.02      2.00     5   5.2503
#         210       0.01277     11.56      2.00     4   5.2535
#         211       0.01609      9.21      2.00     3   5.2544
#         213       0.01736     10.01      2.00     6   5.2641
#         214       0.01488      8.14      2.00     3   5.2656
#         217       0.01275     30.00      2.00     5   5.2693
#         218       0.00561     26.81      2.00     5   5.2690
#         220       0.00569     19.87      2.00     5   5.2727
#         221       0.01298     12.94      2.00     5   5.2730
#         223       0.00940      7.36      1.00     6   5.2825
#         224       0.00926      8.23      1.00     6   5.2824
#         225       0.00987     20.19      1.00     6   5.2827
#         226       0.00987     17.63      1.00     6   5.2828
#         228       0.05037     11.48      1.00     6   5.2831
#         229       0.01800     10.38      2.00     6   5.2830
#         230       0.01167      9.84      2.00     5   5.2892
#         232       0.01348     31.05      2.00     5   5.2900
#         233       0.01246      9.26      2.00     4   5.2929
#         234       0.01973      5.57      2.00     4   5.2981
#         235       0.02240      5.94      2.00     4   5.3072
#         236       0.01717      6.94      1.00     4   5.3085
#         237       0.01267     14.24      1.00     4   5.3111
#         242       0.01296      9.85      2.00     4   5.3187
#         243       0.01974      5.60      2.00     4   5.3244
#         244       0.02396      6.64      1.00     4   5.3256
#         245       0.02408      7.87      1.00     4   5.3273
#         246       0.02286      5.83      2.00     4   5.3284
#         247       0.01236     10.46      2.00     4   5.3284
#         248       0.02544      4.11      2.00     4   5.3352
#         249       0.01584     10.96      2.00     4   5.3385
#         250       0.01588     12.43      2.00     4   5.3397
#         253       0.01271     10.81      2.00     4   5.3422
#         254       0.02399      9.13      1.00     4   5.3428
#         255       0.01151      6.05      2.00     3   5.3441
#         256       0.02404      5.95      1.00     4   5.3439
#         257       0.01527     11.62      2.00     3   5.3474
#         258       0.02030      5.32      2.00     4   5.3477
#         260       0.01174      5.29      2.00     4   5.3490
#         261       0.02611      5.86      2.00     3   5.3512
#         262       0.01480      5.68      1.00     4   5.3514
#         263       0.01507      6.28      1.00     4   5.3521
#         264       0.01467     10.30      1.00     4   5.3529
#         265       0.01146      8.30      2.00     4   5.3550
#         266       0.01206      5.43      2.00     3   5.3557
#         267       0.01145     15.88      2.00     4   5.3574
#         268       0.01197      9.95      2.00     5   5.3581
#         271       0.01258     10.31      2.00     4   5.3620
#         272       0.01556      4.57      2.00     6   5.3616
#         273       0.02198     20.81      2.00     5   5.3664
#         274       0.01595      9.69      2.00     4   5.3755
#         275       0.01124      6.69      2.00     3   5.3756
#         276       0.01594     13.28      2.00     4   5.3757
#         277       0.01125     13.95      2.00     4   5.3806
#         279       0.01352     29.02      2.00     5   5.3871
#         281       0.02205      5.70      2.00     4   5.3899
#         282       0.02230     21.76      2.00     5   5.3921
#         283       0.01144      9.09      2.00     4   5.3937
#         284       0.00621     13.45      2.00     3   5.3961
#         285       0.01145     16.25      2.00     4   5.3971
#         286       0.01519     11.20      2.00     3   5.3982
#         287       0.01140     13.41      2.00     4   5.4006
#         288       0.00471     43.16      2.00     5   5.4034
#         289       0.02743      5.68      2.00     3   5.4049
#         290       0.01468      9.81      1.00     4   5.4068
#         291       0.01491      4.86      1.00     4   5.4070
#         292       0.04530      7.31      2.00     6   5.4070
#         293       0.02731      7.63      2.00     4   5.4079
#         294       0.02069      7.28      2.00     6   5.4079
#         295       0.01505      6.22      1.00     4   5.4087
#         296       0.01104      5.23      2.00     5   5.4107
#         297       0.01131     13.97      2.00     4   5.4121
#         298       0.01582      4.62      2.00     4   5.4123
#         299       0.01644      6.44      2.00     4   5.4136
#         300       0.00475     45.04      2.00     5   5.4158
#         301       0.02288      4.98      2.00     3   5.4182
#         302       0.01653      5.11      2.00     4   5.4218
#         303       0.00490      8.81      2.00     5   5.4293
#         305       0.02256      5.03      2.00     3   5.4314
#         306       0.01114      6.92      2.00     3   5.4321
#         307       0.01647      5.35      2.00     6   5.4322
#         308       0.00492      5.53      2.00     5   5.4344
#         309       0.01152      4.92      2.00     5   5.4347
#         310       0.01533      4.58      2.00     4   5.4359
#         311       0.02036      5.12      2.00     5   5.4390
#         312       0.02060      5.04      2.00     4   5.4438
#         313       0.01061      8.07      2.00     5   5.4496
#         315       0.00623     12.89      2.00     3   5.4565
#         316       0.01039      7.95      2.00     5   5.4570
#         317       0.01260     12.93      2.00     4   5.4574
#         318       0.01104      7.79      2.00     5   5.4577
#         319       0.02866      7.36      2.00     4   5.4601
#         320       0.01134     10.49      2.00     4   5.4638
#         321       0.04871      7.04      2.00     6   5.4723
#         322       0.02133      7.00      2.00     6   5.4734
#         324       0.00641     11.30      2.00     3   5.4767
#         325       0.01127     13.43      2.00     4   5.4770
#         326       0.02107      4.90      2.00     5   5.4784
#         327       0.01186      7.00      2.00     5   5.4781
#         329       0.01143     10.27      2.00     4   5.4798
#         330       0.01472      4.84      1.00     4   5.4830
#         332       0.01474      4.29      1.00     4   5.4862
#         333       0.01258     13.04      2.00     4   5.4884
#         334       0.00656     11.23      2.00     3   5.4963
#         336       0.01126      8.25      2.00     5   5.4985
#         337       0.02367      5.20      2.00     4   5.5009
#         338       0.02308     23.20      1.00     6   5.5040
#         339       0.00795     12.79      2.00     5   5.5043
#         340       0.00749     18.81      2.00     5   5.5067
#         341       0.02324     26.29      1.00     6   5.5072
#         342       0.00775     12.71      2.00     5   5.5089
#         345       0.01291      6.51      2.00     4   5.5224
#         346       0.01766      4.23      2.00     4   5.5241
#         347       0.02488      5.85      2.00     4   5.5250
#         348       0.01157      7.62      2.00     4   5.5250
#         349       0.01158      9.40      2.00     4   5.5259
#         351       0.02439      5.97      2.00     4   5.5308
#         352       0.01082     10.31      2.00     3   5.5340
#         354       0.01071      6.99      2.00     4   5.5379
#         355       0.02381      4.90      2.00     3   5.5380
#         356       0.01069      8.43      2.00     4   5.5383
#         357       0.00765     18.86      2.00     5   5.5394
#         358       0.01064     18.66      2.00     4   5.5395
#         359       0.00864      7.81      2.00     4   5.5400
#         360       0.00655     14.10      2.00     4   5.5437
#         361       0.01793      8.98      2.00     5   5.5436
#         362       0.01973      4.86      2.00     5   5.5506
#         363       0.01909      4.87      2.00     5   5.5501
#         364       0.01698      4.31      2.00     4   5.5508
#         365       0.00852     12.70      2.00     5   5.5528
#         366       0.01077      8.44      2.00     5   5.5529
#         367       0.01171      6.34      2.00     4   5.5539
#         368       0.01163     10.68      2.00     4   5.5534
#         369       0.02126      4.03      2.00     4   5.5558
#         371       0.01234      8.78      2.00     4   5.5588
#         372       0.01135      9.45      2.00     5   5.5615
#         373       0.01108     17.64      2.00     5   5.5615
#         374       0.01115     18.70      2.00     5   5.5624
#         376       0.01803      9.43      2.00     5   5.5659
#         377       0.01179     10.80      2.00     5   5.5698
#         378       0.01179     11.13      2.00     5   5.5693
#         379       0.01141     15.73      2.00     4   5.5705
#         380       0.01093     20.54      2.00     5   5.5743
#         381       0.01120     21.63      2.00     5   5.5748
#         382       0.01159      8.41      2.00     5   5.5747
#         383       0.01110     30.50      2.00     5   5.5760
#         384       0.01085     10.22      2.00     3   5.5777
#         386       0.01120      6.74      2.00     5   5.5784
#         387       0.01213     14.37      2.00     5   5.5787
#         388       0.01154     26.03      2.00     5   5.5789
#         389       0.00787     19.22      2.00     5   5.5801
#         390       0.01036      8.54      2.00     5   5.5806
#         391       0.01065     29.49      2.00     5   5.5812
#         392       0.01182      9.19      2.00     5   5.5836
#         393       0.00799     19.22      2.00     5   5.5833
#         394       0.00521     14.29      2.00     4   5.5840
#         395       0.01076      5.64      2.00     4   5.5855
#         396       0.01071      8.92      2.00     4   5.5864
#         397       0.01240      7.78      2.00     4   5.5865
#         398       0.01064     18.25      2.00     4   5.5863
#         400       0.01162      6.08      2.00     4   5.5883
#         401       0.01131      6.72      2.00     4   5.5891
#         402       0.02424      6.14      2.00     5   5.5952
#         403       0.00880      7.58      2.00     4   5.5968
#         404       0.02086      8.99      2.00     5   5.5977
#         405       0.01116     16.65      2.00     5   5.5988
#         406       0.01122     19.23      2.00     5   5.5983
#         407       0.01134      7.97      2.00     5   5.6018
#         409       0.00659     13.40      2.00     4   5.6059
#         411       0.01149     23.61      2.00     5   5.6175
#         412       0.01255     15.48      2.00     5   5.6172
#         413       0.01117      8.88      2.00     4   5.6191
#         414       0.01050     29.10      2.00     5   5.6199
#         415       0.01124      7.52      2.00     4   5.6206
#         416       0.02648      5.94      2.00     4   5.6218
#         417       0.00536     14.71      2.00     4   5.6217
#         418       0.01137     15.13      2.00     4   5.6226
#         419       0.01178     10.66      2.00     5   5.6254
#         420       0.01180     10.96      2.00     5   5.6252
#         421       0.00878     12.54      2.00     5   5.6257
#         423       0.01097     18.42      2.00     5   5.6303
#         424       0.01109     28.93      2.00     5   5.6311
#         425       0.01121     20.86      2.00     5   5.6313
#         426       0.00531     14.31      2.00     4   5.6322
#         427       0.01178      8.91      2.00     5   5.6371
#         428       0.01186      7.33      2.00     5   5.6455
#         430       0.02088      4.47      2.00     5   5.6479
#         431       0.01103      9.06      2.00     4   5.6488
#         432       0.01150      4.93      2.00     5   5.6487
#         433       0.00824     13.49      1.00     4   5.6506
#         436       0.00558     13.77      2.00     4   5.6556
#         437       0.01160      4.49      2.00     5   5.6553
#         439       0.01123      8.06      2.00     4   5.6646
#         440       0.00715     10.98      2.00     4   5.6661
#         441       0.01321      6.42      2.00     4   5.6679
#         443       0.02385      4.43      2.00     3   5.6729
#         444       0.00987      7.26      2.00     4   5.6806
#         445       0.01041      6.22      2.00     4   5.6811
#         446       0.01909     19.91      2.00     6   5.6812
#         447       0.01898     22.60      2.00     6   5.6810
#         448       0.00993      7.26      2.00     4   5.6822
#         449       0.00731     10.93      2.00     4   5.6838
#         450       0.00624     42.79      1.00     6   5.6856
#         451       0.01215     17.98      2.00     6   5.6863
#         453       0.00631     43.13      1.00     6   5.6956
#         455       0.01398     19.29      2.00     5   5.6964
#         456       0.01158      7.43      2.00     5   5.6984
#         457       0.01341      6.62      2.00     4   5.7016
#         458       0.01415     18.56      2.00     5   5.7016
#         459       0.01025      4.16      2.00     5   5.7014
#         460       0.01161     10.17      2.00     5   5.7024
#         461       0.00625     14.26      1.00     6   5.7049
#         463       0.01117     16.53      2.00     5   5.7058
#         464       0.02704      5.78      2.00     5   5.7064
#         465       0.07451      8.71      2.00     6   5.7063
#         466       0.02115      8.79      2.00     6   5.7067
#         467       0.00613     11.71      1.00     6   5.7070
#         468       0.01229     16.58      2.00     6   5.7073
#         469       0.01163      8.59      2.00     5   5.7075
#         471       0.02128      8.19      2.00     5   5.7090
#         472       0.01116     15.26      2.00     5   5.7100
#         474       0.01697      9.31      2.00     5   5.7181
#         475       0.01046      6.25      2.00     4   5.7199
#         476       0.01180      4.11      2.00     3   5.7204
#         477       0.01281      4.21      2.00     4   5.7216
#         478       0.02281      8.41      2.00     5   5.7230
#         484       0.01160      7.40      2.00     4   5.7259
#         485       0.00965      8.34      1.00     4   5.7262
#         487       0.01701      4.23      2.00     5   5.7265
#         490       0.07537      9.07      2.00     6   5.7272
#         491       0.02106      9.19      2.00     6   5.7274
#         492       0.00827     13.88      1.00     4   5.7309
#         493       0.01719     24.71      2.00     6   5.7318
#         494       0.01427      5.57      2.00     5   5.7329
#         495       0.01747     24.61      2.00     6   5.7368
#         496       0.01276      4.06      2.00     4   5.7385
#         497       0.01587      4.81      2.00     5   5.7389
#         499       0.01108      8.70      2.00     5   5.7404
#         501       0.01588      5.02      2.00     5   5.7425
#         502       0.01060     18.75      2.00     5   5.7429
#         505       0.01779      4.51      2.00     5   5.7446
#         506       0.01188      4.23      2.00     3   5.7501
#         507       0.01099     10.64      2.00     5   5.7527
#         509       0.01843      8.23      2.00     5   5.7533
#         510       0.01297      4.19      2.00     4   5.7577
#         511       0.01171      7.51      2.00     4   5.7587
#         512       0.01517      6.67      2.00     5   5.7603
#         513       0.01384      5.44      2.00     5   5.7602
#         514       0.01224     13.68      2.00     5   5.7608
#         515       0.01214     15.64      2.00     5   5.7610
#         516       0.01594      6.01      2.00     5   5.7612
#         518       0.00946     30.01      2.00     5   5.7626
#         521       0.02684      5.23      2.00     4   5.7653
#         522       0.01869      4.34      2.00     5   5.7648
#         523       0.00976      8.38      1.00     4   5.7657
#         524       0.01587      4.66      2.00     5   5.7655
#         525       0.01207      9.82      2.00     5   5.7699
#         526       0.01215     11.87      2.00     5   5.7709
#         527       0.01175      9.67      2.00     5   5.7776
#         530       0.00962     12.18      2.00     4   5.7790
#         531       0.01813      8.38      2.00     5   5.7793
#         532       0.01060     18.70      2.00     5   5.7803
#         533       0.01362     24.29      2.00     6   5.7807
#         534       0.01513      5.36      2.00     5   5.7810
#         535       0.00980      8.35      2.00     5   5.7828
#         536       0.00979      9.73      2.00     5   5.7832
#         537       0.03100      6.15      2.00     6   5.7837
#         538       0.06065      6.16      2.00     6   5.7833
#         539       0.01804      6.40      2.00     5   5.7842
#         541       0.00964     23.38      2.00     5   5.7845
#         543       0.01739      8.48      2.00     5   5.7856
#         544       0.01215     13.65      2.00     5   5.7860
#         545       0.01212      8.49      2.00     5   5.7864
#         547       0.01629      4.67      2.00     5   5.7877
#         548       0.01213     17.92      2.00     5   5.7886
#         549       0.01771      6.09      2.00     5   5.7896
#         550       0.01060      7.22      2.00     5   5.7893
#         551       0.02295      7.66      2.00     5   5.7906
#         552       0.01043     12.91      2.00     5   5.7918
#         555       0.01109      9.73      2.00     5   5.7947
#         556       0.01721      4.29      2.00     5   5.7949
#         557       0.01571     16.98      2.00     6   5.7968
#         558       0.01213     21.19      1.00     6   5.7973
#         559       0.01222      7.53      2.00     5   5.7975
#         560       0.01651     16.36      2.00     6   5.7977
#         561       0.01207     21.54      1.00     6   5.7974
#         564       0.00960     26.87      1.00     6   5.7991
#         566       0.01818     18.15      2.00     6   5.8024
#         570       0.01783      6.59      2.00     5   5.8060
#         571       0.00950      8.48      2.00     5   5.8064
#         572       0.01225      5.84      2.00     5   5.8072
#         573       0.01551      6.84      2.00     5   5.8083
#         575       0.01215     11.58      2.00     5   5.8088
#         576       0.01183     16.07      2.00     5   5.8090
#         578       0.01587      5.71      2.00     5   5.8094
#         579       0.01615      4.94      2.00     5   5.8096
#         580       0.00971     12.47      2.00     4   5.8102
#         581       0.01760      6.27      2.00     5   5.8110
#         582       0.00953     29.17      2.00     5   5.8106
#         585       0.01186     16.68      2.00     5   5.8164
#         586       0.00990      7.17      2.00     5   5.8180
#         587       0.00971     23.56      2.00     5   5.8188
#         588       0.00986     10.44      2.00     5   5.8189
#         591       0.01833     19.22      2.00     6   5.8265
#         592       0.03202      5.97      2.00     6   5.8268
#         593       0.06012      5.97      2.00     6   5.8266
#         594       0.02439      9.07      2.00     6   5.8269
#         596       0.01586      8.71      2.00     5   5.8292
#         597       0.01061      8.02      2.00     5   5.8296
#         598       0.01591      9.86      2.00     5   5.8304
#         600       0.01052     13.11      2.00     5   5.8330
#         601       0.01643      6.82      2.00     5   5.8330
#         603       0.01409      8.25      2.00     4   5.8381
#         604       0.00961      8.27      2.00     5   5.8383
#         605       0.01591     11.03      2.00     5   5.8432
#         606       0.01592      8.08      2.00     5   5.8429
#         607       0.01380      9.11      2.00     5   5.8428
#         608       0.01365     15.63      2.00     5   5.8436
#         609       0.01592      5.65      2.00     5   5.8495
#         611       0.02056      4.15      2.00     4   5.8536
#         612       0.01614     16.93      2.00     6   5.8532
#         613       0.01180     20.37      1.00     6   5.8539
#         614       0.01201     19.60      1.00     6   5.8537
#         615       0.01731      4.99      1.00     6   5.8548
#         616       0.01641     16.57      2.00     6   5.8543
#         617       0.01374     23.80      2.00     6   5.8546
#         618       0.00969     25.32      1.00     6   5.8554
#         619       0.01594      4.37      2.00     5   5.8561
#         621       0.01749      4.23      1.00     6   5.8584
#         623       0.01033      6.19      2.00     5   5.8628
#         624       0.01410      8.22      2.00     4   5.8657
#         625       0.01021     10.60      2.00     5   5.8662
#         626       0.01083      9.83      2.00     5   5.8681
#         627       0.01059      9.73      2.00     5   5.8713
#         628       0.01028      9.44      2.00     5   5.8717
#         629       0.01323      5.16      2.00     5   5.8719
#         630       0.01049      8.24      2.00     5   5.8736
#         631       0.01552      4.99      2.00     5   5.8746
#         632       0.01374     15.36      2.00     5   5.8743
#         633       0.01400      7.52      2.00     5   5.8745
#         634       0.01060      7.78      2.00     5   5.8754
#         635       0.01379      9.51      2.00     5   5.8762
#         637       0.02261      4.57      2.00     5   5.8767
#         638       0.01647      6.67      2.00     5   5.8777
#         639       0.01306      5.44      2.00     5   5.8791
#         640       0.01479      6.71      2.00     5   5.8842
#         641       0.02233      4.82      2.00     5   5.8844
#         643       0.01641      4.33      2.00     5   5.8851
#         645       0.02192      6.06      2.00     5   5.8890
#         647       0.01903      4.97      2.00     5   5.8911
#         648       0.01890      5.16      2.00     5   5.8918
#         651       0.01117     12.53      2.00     5   5.8917
#         652       0.02240      4.68      2.00     5   5.8961
#         653       0.02506      8.62      2.00     6   5.8958
#         659       0.01053      9.48      2.00     5   5.9028
#         662       0.01451      6.68      2.00     5   5.9121
#         664       0.00953      6.60      2.00     4   5.9126
#         665       0.01988      4.45      2.00     5   5.9130
#         667       0.02174      6.04      2.00     5   5.9174
#         669       0.02273      4.20      2.00     5   5.9185
#         670       0.01837      5.07      2.00     5   5.9192
#         671       0.01382      8.42      2.00     5   5.9190
#         672       0.01375      4.81      2.00     5   5.9194
#         673       0.01386      7.54      2.00     5   5.9205
#         674       0.05604     15.28      2.00     7   5.9209
#         675       0.03227     15.07      2.00     7   5.9213
#         677       0.01115     12.96      2.00     5   5.9244
#         678       0.02338      4.24      2.00     5   5.9244
#         679       0.01460     10.30      2.00     6   5.9258
#         680       0.01285      9.56      1.00     6   5.9260
#         681       0.01970     43.32      2.00     6   5.9262
#         682       0.01123      9.35      1.00     6   5.9262
#         683       0.01093     15.90      1.00     6   5.9286
#         684       0.01105      8.50      1.00     6   5.9310
#         685       0.01975     43.64      2.00     6   5.9315
#         686       0.01245      8.23      1.00     6   5.9313
#         687       0.01556      6.17      2.00     5   5.9322
#         689       0.01113     15.19      1.00     6   5.9338
#         691       0.02216      5.55      2.00     5   5.9372
#         692       0.00962      6.91      2.00     4   5.9381
#         693       0.01810      6.65      2.00     7   5.9396
#         694       0.01991      4.89      2.00     5   5.9402
#         695       0.01904     43.28      2.00     7   5.9400
#         699       0.01816      6.68      2.00     7   5.9414
#         700       0.01903     49.14      2.00     7   5.9416
#         701       0.05658     15.86      2.00     7   5.9417
#         702       0.03310     15.71      2.00     7   5.9419
#         703       0.01052      9.12      2.00     5   5.9445
#         704       0.01154      4.00      2.00     5   5.9478
#         705       0.02050      6.28      2.00     6   5.9478
#         706       0.01547     10.06      2.00     6   5.9475
#         707       0.01706     19.12      2.00     6   5.9480
#         708       0.00945     12.66      2.00     5   5.9490
#         709       0.01163      7.87      2.00     5   5.9490
#         710       0.01716      7.92      2.00     5   5.9491
#         712       0.01798      8.49      2.00     6   5.9503
#         715       0.01725      7.60      2.00     5   5.9664
#         717       0.01462     10.30      2.00     5   5.9683
#         718       0.01148      6.09      2.00     5   5.9693
#         719       0.01118      7.72      2.00     5   5.9695
#         720       0.01064     21.13      2.00     5   5.9711
#         722       0.01144      7.55      2.00     5   5.9781
#         723       0.01516      8.53      2.00     5   5.9786
#         725       0.01529      9.01      2.00     5   5.9816
#         726       0.00952     12.68      2.00     5   5.9830
#         727       0.01722      7.88      2.00     5   5.9857
#         730       0.01000      8.10      2.00     5   5.9948
#         731       0.01399      4.57      2.00     5   5.9964
#         732       0.01129      4.88      2.00     5   5.9964
#         733       0.01075      8.81      2.00     5   5.9967
#         734       0.00841     10.15      1.00     6   5.9974
#         735       0.01322     10.68      2.00     6   5.9974
#         736       0.01065     21.99      2.00     5   5.9982
#         738       0.02362      4.00      2.00     5   6.0019
#         739       0.01248     36.13      2.00     5   6.0032
#         741       0.01100     16.28      2.00     6   6.0058
#         742       0.01463      9.29      2.00     5   6.0063
#         744       0.01068     17.64      2.00     6   6.0059
#         745       0.00851      9.75      1.00     6   6.0069
#         746       0.01100     43.39      2.00     6   6.0076
#         749       0.01835     13.73      2.00     6   6.0133
#         750       0.02403      7.16      2.00     6   6.0136
#         751       0.01181     23.57      2.00     6   6.0133
#         752       0.05051      8.55      2.00     6   6.0134
#         753       0.01730     17.46      2.00     6   6.0153
#         754       0.02147      6.34      2.00     6   6.0151
#         755       0.01607     10.46      2.00     6   6.0153
#         756       0.01006     27.86      2.00     6   6.0156
#         757       0.01722      6.35      2.00     6   6.0159
#         758       0.00867      9.46      1.00     6   6.0161
#         760       0.01535      4.07      2.00     5   6.0175
#         761       0.00873      9.42      1.00     6   6.0176
#         762       0.01354     10.43      2.00     6   6.0179
#         763       0.01801      8.28      2.00     6   6.0178
#         764       0.01383     11.89      2.00     5   6.0198
#         765       0.01010      7.41      2.00     5   6.0208
#         766       0.01059      4.83      2.00     5   6.0223
#         767       0.01722      7.15      2.00     5   6.0271
#         768       0.01588      5.46      2.00     5   6.0279
#         770       0.01011      6.63      2.00     5   6.0286
#         771       0.00972     14.24      2.00     5   6.0303
#         772       0.01063     14.13      2.00     6   6.0327
#         773       0.01018      6.05      2.00     5   6.0336
#         774       0.02218      4.89      2.00     5   6.0335
#         775       0.01063     14.28      2.00     6   6.0344
#         776       0.05110      9.16      2.00     6   6.0344
#         777       0.01851     14.17      2.00     6   6.0345
#         778       0.02382      7.05      2.00     6   6.0348
#         779       0.02032      4.45      2.00     5   6.0368
#         780       0.01674      6.30      2.00     6   6.0372
#         781       0.00893      7.97      2.00     4   6.0394
#         782       0.01104      6.60      2.00     5   6.0390
#         783       0.01287     41.05      2.00     5   6.0396
#         784       0.00957      7.71      2.00     4   6.0412
#         785       0.01083     14.95      2.00     6   6.0413
#         787       0.01037     18.17      2.00     6   6.0415
#         788       0.01109     43.09      2.00     6   6.0431
#         790       0.01742      9.80      2.00     6   6.0437
#         793       0.01734      9.84      2.00     6   6.0481
#         794       0.00879      6.08      2.00     4   6.0490
#         795       0.01116     15.06      2.00     6   6.0522
#         797       0.01122     15.42      2.00     6   6.0531
#         798       0.01169      4.99      2.00     6   6.0532
#         799       0.00978     14.29      2.00     5   6.0537
#         800       0.00997      7.79      2.00     5   6.0539
#         801       0.01186     21.59      2.00     6   6.0534
#         802       0.01782      8.03      2.00     6   6.0544
#         803       0.01010     28.26      2.00     6   6.0558
#         804       0.00632     17.66      2.00     5   6.0577
#         805       0.02798     10.11      2.00     5   6.0590
#         807       0.01043      4.66      2.00     6   6.0605
#         808       0.02057      6.16      2.00     5   6.0616
#         809       0.01027     15.74      2.00     5   6.0612
#         812       0.00825      6.01      2.00     5   6.0642
#         813       0.01071     13.40      2.00     6   6.0644
#         814       0.01814      7.26      2.00     5   6.0651
#         815       0.00996     15.31      2.00     6   6.0651
#         816       0.01004     13.98      2.00     6   6.0651
#         818       0.00996     15.91      2.00     6   6.0655
#         819       0.01009     14.02      2.00     6   6.0655
#         820       0.01122     15.46      2.00     6   6.0658
#         821       0.01120     14.74      2.00     6   6.0663
#         822       0.01012     31.92      2.00     6   6.0667
#         823       0.00981     26.05      2.00     6   6.0667
#         824       0.01070     14.05      2.00     6   6.0672
#         825       0.01872      4.38      2.00     5   6.0704
#         826       0.01115      4.02      2.00     6   6.0731
#         828       0.00959      7.68      2.00     4   6.0752
#         829       0.00618     15.55      2.00     5   6.0748
#         831       0.01845      4.82      2.00     5   6.0762
#         833       0.01825      7.19      2.00     6   6.0801
#         835       0.01115      5.33      2.00     6   6.0847
#         837       0.01138      9.52      2.00     6   6.0863
#         838       0.01080     19.24      2.00     6   6.0866
#         840       0.01288     21.07      2.00     6   6.0890
#         841       0.00659     16.42      2.00     5   6.0899
#         842       0.01779      4.68      2.00     5   6.0898
#         843       0.01032     15.79      2.00     5   6.0900
#         844       0.01117      4.86      2.00     6   6.0897
#         845       0.01166      6.07      2.00     5   6.0903
#         846       0.02511      4.96      2.00     5   6.0920
#         849       0.01127      7.97      2.00     6   6.0930
#         850       0.01049      6.25      2.00     6   6.0929
#         851       0.01915      9.39      2.00     6   6.0925
#         852       0.01079     19.96      2.00     6   6.0932
#         853       0.01787      4.25      2.00     5   6.0951
#         854       0.01300     19.34      2.00     6   6.0955
#         855       0.01004     14.66      2.00     6   6.0978
#         856       0.01027     13.47      2.00     6   6.0978
#         857       0.01018     31.65      2.00     6   6.0986
#         858       0.00987     25.36      2.00     6   6.0986
#         859       0.01008     13.42      2.00     6   6.0988
#         860       0.01003     16.09      2.00     6   6.0988
#         862       0.00773      4.27      1.00     4   6.0992
#         863       0.01758     10.08      2.00     6   6.0994
#         864       0.00624     16.06      2.00     5   6.0997
#         865       0.02084      5.11      2.00     5   6.0998
#         867       0.01083     17.80      2.00     6   6.1034
#         868       0.01811      6.59      2.00     5   6.1043
#         869       0.01082     17.53      2.00     6   6.1053
#         870       0.04612     19.08      2.00     6   6.1063
#         871       0.01874      8.02      2.00     6   6.1067
#         872       0.01834     12.73      2.00     6   6.1069
#         873       0.01343      4.39      2.00     6   6.1067
#         874       0.01733     10.55      2.00     6   6.1070
#         877       0.01280      4.68      2.00     6   6.1086
#         878       0.01875      4.33      2.00     6   6.1113
#         879       0.01797      4.01      2.00     6   6.1113
#         880       0.01844     11.52      2.00     6   6.1117
#         881       0.01787     13.75      2.00     6   6.1117
#         882       0.01928      5.82      2.00     6   6.1120
#         883       0.01805      4.39      2.00     6   6.1130
#         884       0.02382      5.54      2.00     6   6.1130
#         885       0.00837      4.23      1.00     4   6.1137
#         886       0.01814      5.83      2.00     5   6.1136
#         887       0.01785      5.59      2.00     6   6.1137
#         888       0.02109      7.47      2.00     6   6.1137
#         889       0.02032      7.31      2.00     6   6.1149
#         890       0.02076      9.06      2.00     6   6.1147
#         892       0.05232     10.51      2.00     6   6.1145
#         893       0.01754      5.88      2.00     7   6.1151
#         894       0.01792     21.49      2.00     7   6.1153
#         895       0.01956      5.63      2.00     7   6.1155
#         896       0.01850      4.55      2.00     5   6.1157
#         897       0.02400      5.47      2.00     7   6.1156
#         898       0.00888      5.51      2.00     5   6.1165
#         899       0.00882      5.52      2.00     5   6.1165
#         900       0.00876      5.68      2.00     5   6.1165
#         901       0.00875      5.69      2.00     5   6.1165
#         903       0.01740      5.80      2.00     7   6.1168
#         904       0.01794     18.49      2.00     7   6.1172
#         908       0.01942      9.36      2.00     6   6.1198
#         909       0.01761      8.40      2.00     6   6.1197
#         910       0.01882     10.43      2.00     6   6.1197
#         911       0.01107      5.35      2.00     5   6.1210
#         912       0.01758      6.83      2.00     6   6.1218
#         913       0.01774      4.16      2.00     6   6.1231
#         916       0.02485      6.23      2.00     5   6.1258
#         917       0.02045      4.97      2.00     5   6.1270
#         918       0.01424     11.67      2.00     5   6.1288
#         919       0.01642      7.82      2.00     6   6.1289
#         921       0.01068     16.88      2.00     6   6.1324
#         922       0.01194     18.25      2.00     6   6.1324
#         924       0.04603     18.33      2.00     6   6.1339
#         925       0.01852      7.88      2.00     6   6.1341
#         926       0.01324      4.24      2.00     6   6.1344
#         927       0.01731     12.43      2.00     6   6.1347
#         929       0.01069     16.17      2.00     6   6.1359
#         930       0.01196     18.08      2.00     6   6.1359
#         932       0.01806      5.01      2.00     6   6.1362
#         933       0.02172      7.75      2.00     6   6.1362
#         935       0.01256      4.56      2.00     6   6.1362
#         936       0.02143      8.27      2.00     6   6.1367
#         937       0.02126      7.62      2.00     6   6.1370
#         938       0.05205      9.30      2.00     6   6.1368
#         940       0.01030      4.67      2.00     6   6.1374
#         942       0.01019      8.10      2.00     6   6.1384
#         944       0.01857      4.06      2.00     6   6.1390
#         945       0.01902      4.15      2.00     6   6.1388
#         948       0.01824     11.22      2.00     6   6.1400
#         949       0.01771     13.67      2.00     6   6.1400
#         950       0.01784      4.30      2.00     6   6.1398
#         951       0.01788      5.35      2.00     6   6.1398
#         952       0.01097      5.52      2.00     5   6.1409
#         953       0.01006     14.75      2.00     6   6.1418
#         955       0.01030     16.84      2.00     6   6.1418
#         956       0.01022      6.84      2.00     6   6.1419
#         957       0.01783      7.68      2.00     6   6.1422
#         958       0.01915      9.36      2.00     6   6.1422
#         960       0.00583     17.65      1.00     4   6.1438
#         961       0.01005     13.61      2.00     6   6.1443
#         963       0.01032     14.85      2.00     6   6.1443
#         965       0.03154      9.81      2.00     5   6.1463
#         966       0.02975      9.44      2.00     5   6.1473
#         967       0.01824      9.43      2.00     6   6.1473
#         968       0.01901      9.24      2.00     6   6.1480
#         969       0.00813      4.26      1.00     4   6.1484
#         971       0.01985      5.76      2.00     5   6.1489
#         973       0.01649      7.27      2.00     6   6.1517
#         974       0.00746      4.25      1.00     4   6.1521
#         975       0.01673      7.89      2.00     6   6.1525
#         976       0.01935      7.59      2.00     6   6.1551
#         977       0.01941     12.14      2.00     6   6.1552
#         978       0.04344     18.55      2.00     6   6.1556
#         979       0.01416      4.25      2.00     6   6.1553
#         981       0.01352      4.50      2.00     6   6.1570
#         982       0.02289      7.14      2.00     6   6.1574
#         983       0.01036      4.55      2.00     3   6.1579
#         984       0.00961     11.08      2.00     5   6.1575
#         985       0.01902     10.99      2.00     6   6.1602
#         986       0.01978      4.34      2.00     6   6.1606
#         987       0.01804     12.63      2.00     6   6.1602
#         989       0.00898      4.16      1.00     4   6.1607
#         991       0.01558      5.30      2.00     7   6.1610
#         993       0.00843     20.18      2.00     5   6.1615
#         994       0.01558      5.35      2.00     7   6.1613
#         995       0.00853      4.16      1.00     4   6.1623
#         996       0.01862      4.20      2.00     6   6.1619
#         997       0.01868      5.34      2.00     6   6.1619
#         998       0.00679     16.87      2.00     5   6.1649
#         999       0.02247      4.81      2.00     6   6.1655
#        1000       0.01967      8.89      2.00     6   6.1659
#        1001       0.02535      6.94      2.00     5   6.1662
#        1002       0.02013      8.78      2.00     6   6.1677
#        1003       0.01166      5.36      2.00     5   6.1699
#        1004       0.00965     11.90      2.00     5   6.1707
#        1005       0.01924      5.77      2.00     6   6.1781
#        1007       0.01562     89.12      2.00     5   6.1803
#        1009       0.00830      4.19      1.00     4   6.1833
#        1010       0.00601     16.89      1.00     4   6.1869
#        1011       0.01879      6.00      2.00     5   6.1879
#        1014       0.02507      4.14      2.00     5   6.1903
#        1016       0.00772      4.16      1.00     4   6.1925
#        1017       0.01803      6.51      2.00     6   6.1925
#        1018       0.02532      4.16      2.00     5   6.1938
#        1020       0.01794      5.56      2.00     5   6.1959
#        1022       0.02451     13.57      2.00     5   6.2003
#        1023       0.00690     18.36      2.00     5   6.2000
#        1026       0.03090      7.39      2.00     6   6.2059
#        1029       0.00904      7.61      2.00     4   6.2099
#        1030       0.01824      4.07      2.00     5   6.2095
#        1032       0.03093      9.81      2.00     5   6.2127
#        1034       0.01004      5.94      2.00     3   6.2163
#        1035       0.01047     20.47      1.00     6   6.2161
#        1036       0.01181      5.67      2.00     5   6.2167
#        1037       0.01580    123.60      1.00     6   6.2168
#        1038       0.01718      7.51      2.00     6   6.2216
#        1042       0.01750     15.77      2.00     6   6.2245
#        1044       0.01273      4.18      2.00     5   6.2254
#        1045       0.01850      8.94      2.00     6   6.2253
#        1046       0.01188      5.88      2.00     5   6.2262
#        1047       0.01823      4.13      2.00     5   6.2266
#        1048       0.02293      6.81      2.00     6   6.2265
#        1050       0.01046     21.52      1.00     6   6.2307
#        1052       0.00810     17.24      2.00     5   6.2313
#        1053       0.01861      6.40      2.00     5   6.2315
#        1054       0.01553     83.60      2.00     5   6.2318
#        1058       0.01430      4.31      2.00     5   6.2376
#        1059       0.02027     12.25      2.00     6   6.2374
#        1060       0.01457      4.53      2.00     5   6.2378
#        1061       0.02390      8.69      2.00     5   6.2379
#        1062       0.02340      8.33      2.00     5   6.2388
#        1063       0.01790      4.12      2.00     5   6.2383
#        1067       0.02028     12.72      2.00     6   6.2421
#        1076       0.00929     16.35      2.00     5   6.2463
#        1079       0.01065      6.14      1.00     6   6.2494
#        1080       0.01714      8.37      2.00     5   6.2508
#        1081       0.01712     14.45      2.00     6   6.2508
#        1084       0.01938     11.10      2.00     6   6.2513
#        1085       0.01132     10.57      2.00     6   6.2515
#        1086       0.03088      7.12      2.00     6   6.2511
#        1088       0.01942      6.91      2.00     6   6.2517
#        1090       0.01113     11.49      2.00     6   6.2517
#        1091       0.04291     17.23      2.00     6   6.2519
#        1092       0.01632      4.80      2.00     5   6.2525
#        1093       0.01422      4.13      2.00     6   6.2530
#        1094       0.01009     29.64      2.00     6   6.2534
#        1096       0.01906     10.04      2.00     6   6.2568
#        1097       0.01807     11.15      2.00     6   6.2568
#        1098       0.01065      5.14      1.00     6   6.2572
#        1100       0.01876      4.95      2.00     6   6.2576
#        1101       0.01974      4.07      2.00     6   6.2578
#        1104       0.01001      4.74      2.00     3   6.2587
#        1105       0.01202      5.25      2.00     5   6.2587
#        1107       0.01282      4.37      2.00     5   6.2601
#        1110       0.00916      7.51      2.00     4   6.2632
#        1111       0.01630      4.06      2.00     5   6.2637
#        1112       0.01041      7.73      2.00     6   6.2638
#        1113       0.02023      7.91      2.00     6   6.2647
#        1114       0.01516      4.91      2.00     5   6.2670
#        1115       0.01038      7.98      2.00     6   6.2670
#        1117       0.02454      9.21      2.00     5   6.2704
#        1118       0.01694      7.80      2.00     5   6.2703
#        1122       0.01644      4.71      2.00     5   6.2711
#        1124       0.02457     12.81      2.00     5   6.2753
#        1125       0.00974     19.98      2.00     6   6.2752
#        1127       0.01121      9.62      2.00     6   6.2763
#        1129       0.01083     11.68      2.00     6   6.2765
#        1130       0.01575    113.80      1.00     6   6.2767
#        1131       0.01010     30.19      2.00     6   6.2780
#        1136       0.01724      8.65      2.00     5   6.2827
#        1137       0.01637      4.73      2.00     5   6.2840
#        1139       0.00978     20.51      2.00     6   6.2862
#        1140       0.01532      4.78      2.00     5   6.2873
#        1141       0.01371      7.66      2.00     7   6.2875
#        1142       0.01120     28.68      2.00     7   6.2880
#        1143       0.01105     27.83      2.00     7   6.2882
#        1144       0.01797     11.18      2.00     7   6.2884
#        1145       0.01410      9.19      2.00     7   6.2884
#        1146       0.00786      4.13      1.00     4   6.2892
#        1147       0.01022     61.78      2.00     7   6.2899
#        1149       0.01458      4.40      2.00     5   6.2931
#        1153       0.04288     12.33      2.00     6   6.2973
#        1154       0.02222      9.31      2.00     6   6.2979
#        1156       0.01518      4.85      2.00     5   6.2982
#        1157       0.02097      4.71      2.00     6   6.2982
#        1158       0.01586      4.98      2.00     6   6.2996
#        1159       0.00802      4.09      1.00     4   6.3021
#        1160       0.00978      8.29      2.00     6   6.3022
#        1161       0.01017      5.99      2.00     3   6.3023
#        1162       0.00975      7.15      2.00     6   6.3060
#        1163       0.00943     15.64      2.00     5   6.3081
#        1164       0.02250      4.07      2.00     6   6.3084
#        1165       0.01007      7.29      2.00     6   6.3096
#        1166       0.01007      7.03      2.00     6   6.3097
#        1167       0.00828      4.09      1.00     4   6.3108
#        1168       0.01092      7.65      2.00     5   6.3138
#        1169       0.02426      9.68      2.00     5   6.3147
#        1172       0.04381     11.95      2.00     6   6.3170
#        1174       0.02129      9.93      2.00     6   6.3177
#        1178       0.02106      4.80      2.00     6   6.3181
#        1179       0.03094      7.17      1.00     6   6.3191
#        1180       0.01563      4.95      2.00     6   6.3193
#        1181       0.01461      9.43      2.00     7   6.3206
#        1182       0.00817      4.06      1.00     4   6.3215
#        1184       0.02779      9.30      2.00     6   6.3216
#        1185       0.01105     28.49      2.00     7   6.3211
#        1186       0.01078     26.18      2.00     7   6.3214
#        1187       0.01877     12.49      2.00     7   6.3217
#        1188       0.01400     12.34      2.00     7   6.3217
#        1189       0.01025     60.76      2.00     7   6.3229
#        1190       0.02570     15.88      1.00     6   6.3241
#        1192       0.00911      8.42      2.00     4   6.3253
#        1195       0.01840      6.97      2.00     5   6.3290
#        1196       0.04514     35.55      2.00     7   6.3338
#        1197       0.01406      6.18      1.00     6   6.3344
#        1198       0.02213     28.16      2.00     7   6.3344
#        1199       0.01706      8.67      2.00     7   6.3342
#        1200       0.02158     15.51      2.00     7   6.3347
#        1201       0.01602      9.80      2.00     7   6.3361
#        1202       0.01412      6.16      1.00     6   6.3418
#        1204       0.00729      5.02      2.00     4   6.3429
#        1205       0.02426     13.12      2.00     7   6.3435
#        1206       0.01887     20.05      2.00     7   6.3433
#        1207       0.02826     17.66      2.00     7   6.3435
#        1208       0.05433     17.05      2.00     7   6.3431
#        1209       0.01850      6.43      2.00     7   6.3435
#        1210       0.00917      5.20      2.00     4   6.3446
#        1211       0.01724      7.85      2.00     7   6.3459
#        1212       0.02034      4.34      2.00     6   6.3462
#        1214       0.02332      7.76      2.00     6   6.3467
#        1216       0.03984     12.06      2.00     6   6.3471
#        1217       0.01637      4.54      2.00     5   6.3475
#        1218       0.01741      8.45      2.00     5   6.3477
#        1220       0.01436     32.73      1.00     6   6.3484
#        1221       0.01635      4.77      2.00     6   6.3485
#        1222       0.01130      7.91      2.00     5   6.3508
#        1226       0.01413     25.52      1.00     6   6.3558
#        1229       0.01855      7.30      2.00     5   6.3612
#        1230       0.01470      7.67      2.00     7   6.3618
#        1231       0.01199      6.29      2.00     7   6.3619
#        1232       0.04580     33.82      2.00     7   6.3619
#        1233       0.01135     23.04      2.00     7   6.3622
#        1234       0.02124     27.38      2.00     7   6.3626
#        1235       0.01380     39.86      2.00     7   6.3622
#        1236       0.01694      8.38      2.00     7   6.3624
#        1237       0.01577     39.01      2.00     7   6.3622
#        1238       0.01510      4.64      2.00     5   6.3630
#        1239       0.02157     15.30      2.00     7   6.3630
#        1240       0.02293      5.16      2.00     7   6.3630
#        1241       0.01579      9.44      2.00     7   6.3641
#        1242       0.01052     33.13      2.00     7   6.3646
#        1243       0.01455      5.75      2.00     7   6.3657
#        1244       0.01107     22.29      2.00     7   6.3653
#        1246       0.01154      4.72      2.00     7   6.3656
#        1247       0.01890      5.99      2.00     7   6.3656
#        1248       0.02463     12.26      2.00     7   6.3662
#        1249       0.01874     18.29      2.00     7   6.3659
#        1250       0.02886     18.32      2.00     7   6.3662
#        1251       0.01388     39.77      2.00     7   6.3659
#        1252       0.05440     14.66      2.00     7   6.3660
#        1253       0.01576     38.55      2.00     7   6.3659
#        1254       0.01053     30.08      2.00     7   6.3681
#        1255       0.01778      7.51      2.00     7   6.3685
#        1257       0.01755     13.22      2.00     6   6.3723
#        1259       0.00816     14.31      2.00     5   6.3794
#        1260       0.01546     11.20      2.00     7   6.3819
#        1261       0.02112     14.56      2.00     7   6.3826
#        1263       0.01906     17.03      2.00     7   6.3824
#        1264       0.02644      6.06      2.00     7   6.3823
#        1266       0.02404      4.35      2.00     7   6.3822
#        1267       0.04862      4.53      2.00     7   6.3825
#        1268       0.02316     26.88      2.00     7   6.3831
#        1269       0.04241     35.00      2.00     7   6.3835
#        1270       0.01761      8.41      2.00     7   6.3833
#        1271       0.00970      8.98      2.00     5   6.3840
#        1272       0.01652      9.47      2.00     7   6.3850
#        1273       0.01788      8.60      2.00     7   6.3847
#        1274       0.02843      9.48      2.00     6   6.3859
#        1275       0.02672      6.83      2.00     7   6.3858
#        1276       0.01792      4.99      2.00     6   6.3884
#        1277       0.00708     31.72      2.00     5   6.3888
#        1278       0.01164      4.73      2.00     4   6.3918
#        1279       0.00975      8.20      2.00     5   6.3938
#        1280       0.02128      4.55      2.00     6   6.3959
#        1281       0.02758      4.39      2.00     6   6.4004
#        1282       0.03469      7.13      1.00     6   6.4015
#        1283       0.02911      8.87      2.00     6   6.4041
#        1284       0.02588     14.62      1.00     6   6.4068
#        1287       0.02175      4.05      2.00     6   6.4113
#        1289       0.01831      5.24      2.00     6   6.4119
#        1290       0.02192     10.21      2.00     6   6.4116
#        1291       0.02053      7.46      2.00     6   6.4131
#        1292       0.02197      6.45      2.00     6   6.4142
#        1293       0.01022      5.04      2.00     6   6.4146
#        1294       0.01540     10.65      2.00     6   6.4146
#        1295       0.01028      5.28      2.00     6   6.4159
#        1296       0.01544     11.28      2.00     6   6.4159
#        1297       0.02177      4.72      2.00     6   6.4162
#        1298       0.02075      7.72      2.00     6   6.4176
#        1299       0.02366      6.61      1.00     6   6.4188
#        1300       0.00783      5.39      2.00     4   6.4191
#        1301       0.00718     31.75      2.00     5   6.4195
#        1302       0.01736      6.14      2.00     6   6.4197
#        1303       0.02385      7.59      1.00     6   6.4207
#        1305       0.02811      4.53      2.00     6   6.4216
#        1307       0.02893     10.57      2.00     6   6.4214
#        1309       0.01780      5.36      2.00     6   6.4240
#        1312       0.01544      4.11      2.00     5   6.4244
#        1313       0.02003      5.74      2.00     6   6.4244
#        1314       0.00719     86.57      2.00     6   6.4253
#        1317       0.02020      5.65      2.00     6   6.4288
#        1318       0.02779     10.90      2.00     6   6.4317
#        1320       0.01682      5.15      2.00     6   6.4321
#        1321       0.04905      4.54      2.00     7   6.4322
#        1322       0.01691      5.18      2.00     6   6.4326
#        1323       0.02397      4.32      2.00     7   6.4326
#        1324       0.01618      6.17      2.00     6   6.4333
#        1325       0.02765     12.16      2.00     6   6.4330
#        1326       0.01625      6.51      2.00     6   6.4343
#        1329       0.02308      6.37      2.00     6   6.4353
#        1331       0.02326      8.55      1.00     6   6.4360
#        1332       0.03879     11.42      2.00     6   6.4359
#        1333       0.00800      6.08      2.00     4   6.4366
#        1334       0.01737      6.24      2.00     6   6.4365
#        1335       0.02006      5.70      2.00     5   6.4373
#        1336       0.02362      6.02      1.00     6   6.4369
#        1337       0.01665      4.49      2.00     6   6.4370
#        1339       0.01032     26.75      2.00     6   6.4376
#        1340       0.01805     14.18      2.00     6   6.4375
#        1341       0.01561     16.49      2.00     6   6.4379
#        1342       0.01489      4.01      2.00     5   6.4395
#        1343       0.01664      4.35      2.00     5   6.4391
#        1344       0.00968     11.89      2.00     6   6.4398
#        1345       0.01155      4.98      2.00     4   6.4406
#        1350       0.02591      4.11      2.00     6   6.4420
#        1351       0.01828     10.14      2.00     5   6.4424
#        1352       0.01712      4.28      2.00     6   6.4427
#        1353       0.02684      5.92      2.00     5   6.4440
#        1355       0.02397      5.64      2.00     6   6.4445
#        1356       0.01927      5.95      1.00     6   6.4445
#        1357       0.01720      4.84      2.00     6   6.4445
#        1358       0.01659      5.72      2.00     6   6.4450
#        1360       0.01911      6.55      1.00     6   6.4454
#        1361       0.01728      5.07      2.00     6   6.4453
#        1362       0.01625      7.09      2.00     6   6.4462
#        1363       0.01653      7.40      2.00     6   6.4466
#        1364       0.00992     10.78      2.00     5   6.4469
#        1365       0.01437      6.75      2.00     6   6.4479
#        1367       0.01857     10.21      1.00     6   6.4479
#        1368       0.02124      8.70      2.00     6   6.4479
#        1369       0.01925      5.16      2.00     5   6.4488
#        1370       0.01444      7.16      2.00     6   6.4485
#        1372       0.01696      4.42      2.00     5   6.4506
#        1373       0.01701      5.19      2.00     6   6.4506
#        1374       0.00972     12.71      2.00     6   6.4505
#        1375       0.01757      4.75      2.00     6   6.4504
#        1376       0.01629      5.80      2.00     6   6.4504
#        1379       0.01620     11.30      2.00     7   6.4513
#        1380       0.01912     16.25      2.00     7   6.4513
#        1381       0.01950     16.28      2.00     6   6.4529
#        1382       0.01794      8.61      2.00     7   6.4537
#        1384       0.01169      8.64      2.00     5   6.4548
#        1385       0.02283     10.70      2.00     6   6.4550
#        1387       0.02212      4.22      2.00     6   6.4552
#        1388       0.01795      4.89      2.00     6   6.4552
#        1389       0.01062      7.93      2.00     5   6.4561
#        1391       0.01542     17.47      2.00     6   6.4569
#        1393       0.01585      6.12      2.00     6   6.4577
#        1394       0.01570      5.91      2.00     6   6.4574
#        1395       0.02712      6.46      2.00     6   6.4577
#        1396       0.02347      5.16      2.00     7   6.4592
#        1397       0.03379     23.93      2.00     7   6.4596
#        1400       0.01580      7.65      2.00     6   6.4604
#        1401       0.01580      7.56      2.00     6   6.4606
#        1402       0.01592      7.14      2.00     6   6.4609
#        1403       0.01566      6.82      2.00     6   6.4607
#        1405       0.00902     14.40      2.00     5   6.4640
#        1406       0.00973      5.35      2.00     6   6.4646
#        1407       0.00734     84.55      2.00     6   6.4643
#        1408       0.01638      5.15      2.00     6   6.4661
#        1409       0.01783      5.87      2.00     6   6.4662
#        1410       0.01637      6.21      2.00     6   6.4662
#        1411       0.00973      4.45      2.00     6   6.4680
#        1412       0.01700      5.08      2.00     6   6.4680
#        1413       0.02912      9.75      2.00     6   6.4685
#        1415       0.02098      6.23      2.00     5   6.4689
#        1416       0.01631      6.74      2.00     6   6.4688
#        1417       0.02705     12.81      2.00     6   6.4690
#        1418       0.01625      5.88      2.00     6   6.4693
#        1419       0.01690      4.97      2.00     6   6.4695
#        1421       0.01648      4.24      2.00     5   6.4706
#        1423       0.01548      4.08      2.00     5   6.4725
#        1424       0.02238      6.56      2.00     6   6.4739
#        1425       0.02100     14.30      2.00     6   6.4737
#        1426       0.01231      4.30      2.00     4   6.4744
#        1427       0.01535      4.25      2.00     5   6.4749
#        1428       0.01506      4.16      2.00     5   6.4755
#        1429       0.01321      8.29      2.00     5   6.4755
#        1430       0.02018      7.90      2.00     6   6.4756
#        1431       0.01044     31.79      2.00     6   6.4756
#        1432       0.02122     13.12      2.00     7   6.4796
#        1433       0.02290     24.57      2.00     7   6.4801
#        1434       0.01762      7.79      2.00     7   6.4804
#        1436       0.04181     32.79      2.00     7   6.4807
#        1438       0.01707      4.19      2.00     6   6.4817
#        1439       0.01734      5.17      2.00     6   6.4815
#        1440       0.01728      4.59      2.00     6   6.4822
#        1441       0.01683      8.76      2.00     7   6.4819
#        1442       0.08709      5.66      2.00     6   6.4826
#        1443       0.02755      7.75      2.00     5   6.4836
#        1444       0.02385      5.15      2.00     6   6.4833
#        1445       0.01453      7.33      2.00     6   6.4844
#        1446       0.01445      6.32      2.00     6   6.4855
#        1447       0.02541      5.67      2.00     6   6.4854
#        1448       0.03421     24.99      2.00     7   6.4853
#        1449       0.02429      5.38      2.00     7   6.4851
#        1450       0.02095      9.52      2.00     6   6.4867
#        1452       0.01081      8.62      2.00     5   6.4882
#        1453       0.00883     11.64      2.00     5   6.4898
#        1454       0.01613      6.07      2.00     6   6.4893
#        1455       0.01694      4.69      2.00     6   6.4903
#        1456       0.01791      5.03      2.00     6   6.4900
#        1458       0.01181      9.52      2.00     5   6.4921
#        1459       0.01976     16.60      2.00     6   6.4927
#        1460       0.01786      9.79      2.00     5   6.4930
#        1462       0.02263      6.45      2.00     6   6.4939
#        1463       0.02055     13.68      2.00     6   6.4937
#        1466       0.01176      8.83      2.00     5   6.4958
#        1468       0.02010      7.72      2.00     6   6.4954
#        1469       0.01053      4.77      2.00     4   6.4961
#        1470       0.01312      4.95      2.00     7   6.4960
#        1471       0.01169     14.13      2.00     7   6.4965
#        1473       0.01157     14.79      2.00     7   6.4967
#        1474       0.02779      5.71      2.00     5   6.4979
#        1475       0.00992     45.64      2.00     7   6.4983
#        1477       0.01713      6.07      2.00     6   6.4994
#        1479       0.02496      8.84      2.00     6   6.5007
#        1482       0.01628      6.45      2.00     6   6.5008
#        1483       0.01666      5.30      2.00     6   6.5010
#        1484       0.01810      9.75      1.00     6   6.5016
#        1485       0.01653      7.18      2.00     6   6.5018
#        1486       0.01911      6.47      1.00     6   6.5020
#        1487       0.01621      5.29      2.00     6   6.5049
#        1489       0.01821      5.97      2.00     6   6.5047
#        1490       0.01620      6.38      2.00     6   6.5047
#        1491       0.02254      6.36      2.00     6   6.5052
#        1492       0.02116     14.41      2.00     6   6.5054
#        1493       0.01818      4.68      2.00     7   6.5063
#        1494       0.01494      4.14      2.00     5   6.5067
#        1495       0.02885      6.72      2.00     6   6.5065
#        1499       0.02080      7.79      2.00     6   6.5071
#        1500       0.01372      6.51      2.00     7   6.5083
#        1501       0.00816     29.04      2.00     6   6.5087
#        1503       0.01152     13.49      2.00     7   6.5088
#        1504       0.01128     14.85      2.00     7   6.5090
#        1507       0.00991     48.19      2.00     7   6.5106
#        1508       0.01347      8.28      2.00     5   6.5112
#        1509       0.01674      4.24      2.00     6   6.5121
#        1510       0.00854     11.44      2.00     5   6.5126
#        1511       0.01577      5.37      2.00     6   6.5137
#        1512       0.02896      5.42      2.00     6   6.5147
#        1513       0.01585      5.84      2.00     6   6.5144
#        1515       0.01581      7.29      2.00     6   6.5156
#        1516       0.01582      7.10      2.00     6   6.5160
#        1520       0.01571      6.16      2.00     6   6.5170
#        1521       0.01585      6.89      2.00     6   6.5174
#        1522       0.00819     23.70      2.00     6   6.5175
#        1526       0.01699      6.41      2.00     7   6.5207
#        1527       0.00871      4.30      2.00     6   6.5214
#        1528       0.01615      7.74      2.00     5   6.5223
#        1531       0.01046      5.58      2.00     7   6.5222
#        1532       0.01123     17.75      2.00     7   6.5226
#        1534       0.01014     17.58      2.00     7   6.5250
#        1535       0.02109      6.42      2.00     5   6.5254
#        1536       0.00892     32.66      2.00     6   6.5262
#        1537       0.01649      4.16      2.00     5   6.5269
#        1540       0.01060      4.64      2.00     7   6.5274
#        1541       0.01123     18.44      2.00     7   6.5276
#        1542       0.01285     27.37      2.00     6   6.5286
#        1543       0.01011     14.60      2.00     7   6.5298
#        1544       0.01884      4.45      2.00     7   6.5302
#        1546       0.02236      9.43      2.00     7   6.5320
#        1547       0.01122     10.73      2.00     7   6.5347
#        1548       0.01835      6.94      2.00     6   6.5357
#        1549       0.02463      8.87      2.00     7   6.5370
#        1550       0.01384     18.71      2.00     6   6.5371
#        1551       0.00924     11.06      2.00     5   6.5382
#        1552       0.01109     14.84      2.00     7   6.5394
#        1553       0.01100     14.14      2.00     7   6.5396
#        1554       0.01708      6.56      2.00     7   6.5399
#        1555       0.01713      5.62      2.00     6   6.5403
#        1556       0.03590      9.15      2.00     7   6.5422
#        1557       0.01182      9.33      2.00     5   6.5431
#        1558       0.01669      4.16      2.00     7   6.5432
#        1559       0.01186      5.96      2.00     5   6.5443
#        1560       0.01504      5.78      2.00     7   6.5446
#        1561       0.00715      4.26      2.00     4   6.5479
#        1563       0.03698      9.00      2.00     7   6.5495
#        1564       0.01971      4.01      2.00     6   6.5500
#        1565       0.01798      5.36      2.00     6   6.5506
#        1566       0.02623      4.41      2.00     6   6.5503
#        1567       0.01638      4.41      2.00     7   6.5506
#        1568       0.01490      4.22      2.00     5   6.5507
#        1573       0.01476      5.81      2.00     7   6.5518
#        1574       0.00690      5.34      2.00     4   6.5528
#        1576       0.02036     13.46      2.00     6   6.5528
#        1577       0.02597      8.49      2.00     6   6.5531
#        1578       0.01066     12.63      2.00     7   6.5558
#        1580       0.01051     12.69      2.00     7   6.5562
#        1582       0.00865     31.38      2.00     6   6.5575
#        1583       0.01046     25.91      2.00     7   6.5575
#        1584       0.01686      4.20      2.00     7   6.5591
#        1585       0.01641      4.59      2.00     6   6.5593
#        1591       0.01102      5.43      2.00     7   6.5602
#        1593       0.01491     16.38      2.00     6   6.5613
#        1595       0.01802      6.81      2.00     6   6.5614
#        1596       0.01109      4.95      2.00     4   6.5640
#        1598       0.02153      4.24      1.00     6   6.5648
#        1599       0.01089     12.51      2.00     7   6.5653
#        1601       0.01057     12.49      2.00     7   6.5663
#        1602       0.01050     26.17      2.00     7   6.5661
#        1603       0.03022      7.84      2.00     5   6.5687
#        1604       0.01243     15.66      2.00     7   6.5684
#        1607       0.01193      8.96      2.00     5   6.5699
#        1609       0.02225      5.99      2.00     6   6.5700
#        1610       0.02079     13.92      2.00     6   6.5703
#        1611       0.01247     15.39      2.00     7   6.5703
#        1615       0.02260      9.07      2.00     7   6.5714
#        1617       0.02114      7.45      2.00     6   6.5718
#        1620       0.01689      5.52      2.00     6   6.5734
#        1623       0.00933     31.39      2.00     6   6.5747
#        1626       0.02739      4.58      2.00     6   6.5759
#        1627       0.01822      4.60      2.00     6   6.5759
#        1628       0.01648      4.51      2.00     6   6.5755
#        1631       0.02519      8.53      2.00     7   6.5769
#        1633       0.01127      5.22      2.00     5   6.5773
#        1635       0.01041     13.35      2.00     7   6.5777
#        1637       0.01037     11.58      2.00     7   6.5787
#        1638       0.01704      4.03      2.00     7   6.5790
#        1639       0.00705      4.92      2.00     5   6.5796
#        1640       0.01697      5.53      2.00     6   6.5793
#        1643       0.01837      4.39      2.00     6   6.5809
#        1644       0.02709      4.65      2.00     6   6.5814
#        1645       0.01789      5.07      2.00     6   6.5816
#        1646       0.01965      4.18      2.00     6   6.5816
#        1647       0.02003     13.54      2.00     6   6.5840
#        1651       0.01292     26.49      2.00     6   6.5880
#        1652       0.01208     10.22      2.00     5   6.5895
#        1654       0.01569      4.05      2.00     6   6.5898
#        1660       0.01727      9.35      2.00     7   6.5920
#        1662       0.01690      5.65      2.00     7   6.5935
#        1663       0.00736      4.85      2.00     5   6.5941
#        1666       0.01372      7.52      2.00     7   6.5977
#        1667       0.00726      5.24      2.00     5   6.5988
#        1670       0.00687      5.22      2.00     5   6.6025
#        1671       0.01323      7.29      2.00     7   6.6021
#        1672       0.01970      6.86      2.00     7   6.6025
#        1673       0.01625      7.91      2.00     5   6.6037
#        1674       0.02169      4.71      2.00     7   6.6037
#        1675       0.02183      4.66      2.00     7   6.6073
#        1676       0.01958      6.61      2.00     7   6.6075
#        1679       0.02676      6.96      2.00     5   6.6124
#        1681       0.01963      6.73      2.00     6   6.6176
#        1682       0.02697      4.74      2.00     6   6.6180
#        1683       0.02946      7.74      2.00     6   6.6181
#        1684       0.01746      4.00      2.00     6   6.6183
#        1686       0.02975      9.37      2.00     6   6.6192
#        1687       0.01780      5.64      2.00     6   6.6200
#        1688       0.01784      5.93      2.00     6   6.6209
#        1689       0.01328      4.93      2.00     5   6.6217
#        1690       0.01332      5.00      2.00     5   6.6217
#        1691       0.02215      7.39      2.00     5   6.6223
#        1693       0.00772      4.98      2.00     5   6.6232
#        1694       0.01965      6.90      2.00     6   6.6233
#        1696       0.00737      5.27      2.00     5   6.6245
#        1697       0.00750      4.97      2.00     5   6.6248
#        1699       0.03255      4.29      2.00     5   6.6253
#        1702       0.01632      4.39      2.00     6   6.6279
#        1703       0.02299      4.03      2.00     6   6.6282
#        1704       0.01818      9.24      2.00     5   6.6290
#        1705       0.00977     10.15      2.00     5   6.6294
#        1706       0.02069      7.41      2.00     6   6.6310
#        1709       0.02054      8.88      2.00     6   6.6316
#        1712       0.01760      4.23      2.00     6   6.6327
#        1713       0.01757      4.82      2.00     6   6.6329
#        1714       0.01516      6.51      2.00     6   6.6328
#        1715       0.02068      5.61      2.00     7   6.6330
#        1717       0.01515      6.76      2.00     6   6.6333
#        1718       0.01130      5.29      2.00     5   6.6337
#        1719       0.00711      5.22      2.00     5   6.6337
#        1720       0.00693     12.97      1.00     6   6.6337
#        1721       0.02009     18.84      2.00     6   6.6345
#        1724       0.02374      8.77      2.00     7   6.6434
#        1726       0.01789      4.15      2.00     6   6.6439
#        1727       0.02490      8.76      2.00     7   6.6439
#        1728       0.01442      7.61      2.00     7   6.6459
#        1730       0.02908     10.50      2.00     6   6.6467
#        1731       0.01781      4.47      2.00     6   6.6472
#        1732       0.01777      5.04      2.00     6   6.6471
#        1733       0.01512      6.87      2.00     6   6.6472
#        1734       0.01511      7.00      2.00     6   6.6471
#        1735       0.02938      6.53      2.00     6   6.6469
#        1736       0.01740      4.13      2.00     6   6.6472
#        1737       0.01781      6.29      2.00     6   6.6483
#        1738       0.01786      5.55      2.00     6   6.6487
#        1739       0.02452      8.03      2.00     7   6.6487
#        1740       0.02411      8.04      2.00     7   6.6487
#        1742       0.01886      6.91      2.00     7   6.6509
#        1744       0.01965      6.03      2.00     6   6.6520
#        1745       0.00700     13.93      1.00     6   6.6520
#        1746       0.02199      4.71      2.00     6   6.6520
#        1747       0.02446      4.60      2.00     6   6.6520
#        1748       0.01786      4.58      2.00     7   6.6526
#        1749       0.02705      7.58      2.00     5   6.6539
#        1750       0.04308     10.83      2.00     7   6.6543
#        1751       0.02788      8.69      2.00     7   6.6547
#        1752       0.03052     19.11      2.00     7   6.6546
#        1753       0.01714      7.94      2.00     7   6.6548
#        1754       0.01734      8.35      2.00     7   6.6555
#        1755       0.03099     20.13      2.00     7   6.6557
#        1756       0.01499      6.53      2.00     6   6.6564
#        1757       0.01782     11.38      2.00     7   6.6564
#        1758       0.01749      5.76      2.00     6   6.6570
#        1759       0.01522      6.99      2.00     6   6.6570
#        1760       0.01792     12.00      2.00     7   6.6574
#        1762       0.02848     10.60      2.00     7   6.6591
#        1763       0.01299     13.24      2.00     6   6.6595
#        1767       0.01306      5.20      2.00     5   6.6619
#        1768       0.01309      5.24      2.00     5   6.6619
#        1770       0.01807      8.25      2.00     7   6.6626
#        1771       0.01808      8.06      2.00     7   6.6629
#        1772       0.02124      6.12      2.00     6   6.6636
#        1773       0.02180      6.21      2.00     6   6.6638
#        1774       0.01774     16.27      2.00     6   6.6655
#        1775       0.01649      4.62      2.00     6   6.6651
#        1778       0.01283     11.39      2.00     6   6.6664
#        1782       0.01944      6.81      2.00     7   6.6679
#        1783       0.01906      7.08      2.00     7   6.6674
#        1784       0.01969      7.99      2.00     7   6.6679
#        1785       0.01760     10.51      2.00     7   6.6679
#        1786       0.01759     10.10      2.00     7   6.6676
#        1787       0.02279     23.60      2.00     7   6.6675
#        1789       0.02265     24.85      2.00     7   6.6681
#        1790       0.01857      9.55      2.00     7   6.6684
#        1791       0.02111     13.28      2.00     7   6.6692
#        1792       0.01443      5.38      2.00     6   6.6692
#        1793       0.01441      5.66      2.00     6   6.6694
#        1795       0.02133     13.33      2.00     7   6.6693
#        1796       0.02087     11.62      2.00     7   6.6693
#        1797       0.01747      5.61      2.00     7   6.6696
#        1798       0.01528     12.13      2.00     7   6.6697
#        1799       0.02980     13.51      2.00     5   6.6703
#        1801       0.01043     71.18      2.00     6   6.6710
#        1803       0.01794     34.61      2.00     7   6.6710
#        1804       0.02577      6.83      2.00     7   6.6714
#        1805       0.02416     16.41      2.00     7   6.6716
#        1806       0.01505      7.61      2.00     6   6.6720
#        1807       0.01984      5.74      2.00     7   6.6719
#        1808       0.02266     31.42      2.00     7   6.6721
#        1809       0.02066      9.24      2.00     7   6.6719
#        1810       0.01842      9.16      2.00     5   6.6725
#        1811       0.01020      4.52      2.00     7   6.6730
#        1812       0.01508      6.39      2.00     6   6.6731
#        1813       0.01051     11.63      2.00     7   6.6733
#        1814       0.01708     18.07      2.00     7   6.6733
#        1815       0.00707      5.92      2.00     5   6.6738
#        1816       0.01961     10.37      2.00     7   6.6739
#        1817       0.00990     28.56      2.00     6   6.6743
#        1818       0.02172     14.02      2.00     7   6.6744
#        1819       0.02665      9.87      2.00     7   6.6742
#        1820       0.02211     10.68      2.00     7   6.6742
#        1821       0.02111      5.40      2.00     7   6.6755
#        1822       0.01040      4.08      2.00     7   6.6763
#        1823       0.02857      8.91      2.00     7   6.6768
#        1824       0.04351     10.53      2.00     7   6.6766
#        1825       0.01051     12.21      2.00     7   6.6765
#        1826       0.01706     19.14      2.00     7   6.6765
#        1827       0.02133     33.57      2.00     7   6.6767
#        1829       0.02081      6.02      2.00     6   6.6785
#        1830       0.01927      5.61      2.00     6   6.6792
#        1833       0.01732      4.98      2.00     6   6.6795
#        1834       0.02055      9.36      2.00     6   6.6797
#        1835       0.02206      4.90      2.00     6   6.6797
#        1836       0.02468      4.81      2.00     6   6.6797
#        1837       0.01526      6.10      2.00     6   6.6803
#        1838       0.01788     11.32      2.00     7   6.6803
#        1839       0.01521      6.70      2.00     6   6.6812
#        1840       0.01958     18.44      2.00     6   6.6811
#        1841       0.02030      6.96      2.00     6   6.6831
#        1844       0.01770     12.77      2.00     7   6.6836
#        1845       0.02020      6.82      2.00     6   6.6841
#        1846       0.01718      5.39      2.00     6   6.6841
#        1847       0.01770     12.67      2.00     7   6.6837
#        1850       0.00709      5.84      2.00     5   6.6867
#        1852       0.09035      7.28      2.00     7   6.6879
#        1853       0.04211      7.04      2.00     7   6.6882
#        1854       0.00726      5.95      2.00     5   6.6891
#        1856       0.03895      4.27      2.00     7   6.6907
#        1857       0.07210     10.49      2.00     7   6.6904
#        1858       0.01728      8.59      2.00     7   6.6914
#        1859       0.03097     18.10      2.00     7   6.6918
#        1860       0.03064     20.61      2.00     7   6.6916
#        1862       0.01754      4.18      2.00     6   6.6922
#        1863       0.01741      5.31      2.00     7   6.6924
#        1866       0.01707      7.53      2.00     7   6.6920
#        1868       0.03114     12.94      2.00     5   6.6934
#        1869       0.01799     12.24      2.00     7   6.6931
#        1870       0.03637     10.24      2.00     7   6.6932
#        1871       0.01788     10.71      2.00     7   6.6936
#        1873       0.02209      7.47      2.00     5   6.6951
#        1874       0.01754      5.17      2.00     6   6.6951
#        1875       0.01519      6.86      2.00     6   6.6951
#        1877       0.01520      6.56      2.00     6   6.6955
#        1880       0.01868      4.38      2.00     6   6.6992
#        1881       0.01060     69.76      2.00     6   6.6993
#        1882       0.00716      5.88      2.00     5   6.6999
#        1883       0.01104      7.86      2.00     5   6.7006
#        1884       0.03026     13.37      2.00     5   6.7020
#        1885       0.01884      4.39      2.00     6   6.7036
#        1886       0.01454      5.10      2.00     6   6.7047
#        1887       0.01449      5.77      2.00     6   6.7050
#        1888       0.01048    204.00      2.00     7   6.7075
#        1889       0.01963      5.81      2.00     7   6.7103
#        1890       0.02505     17.65      2.00     7   6.7102
#        1891       0.02733      7.19      2.00     7   6.7104
#        1892       0.02254     28.63      2.00     7   6.7107
#        1893       0.02131      8.70      2.00     7   6.7104
#        1894       0.01951     10.50      2.00     7   6.7131
#        1895       0.02161     12.85      2.00     7   6.7131
#        1896       0.02826     10.03      2.00     7   6.7128
#        1897       0.02225     10.95      2.00     7   6.7128
#        1898       0.01022     11.84      2.00     6   6.7149
#        1899       0.02059      8.80      2.00     6   6.7145
#        1900       0.01911      6.70      2.00     6   6.7154
#        1901       0.02106     33.02      2.00     7   6.7155
#        1902       0.02054      6.78      2.00     6   6.7156
#        1903       0.02095      5.81      2.00     6   6.7156
#        1904       0.02200      6.02      2.00     6   6.7158
#        1905       0.01790     15.66      2.00     6   6.7174
#        1906       0.01595     19.51      2.00     6   6.7173
#        1907       0.01466      7.57      2.00     7   6.7187
#        1908       0.01730      4.87      2.00     7   6.7188
#        1909       0.01790      7.95      2.00     7   6.7184
#        1910       0.01783      8.10      2.00     7   6.7185
#        1912       0.03004     11.18      2.00     7   6.7190
#        1913       0.02255     21.18      2.00     7   6.7234
#        1914       0.02372      9.16      2.00     7   6.7236
#        1915       0.01940      6.72      2.00     7   6.7240
#        1916       0.01916      7.01      2.00     7   6.7238
#        1917       0.01967      7.93      2.00     7   6.7240
#        1919       0.01730     12.69      2.00     7   6.7244
#        1920       0.01744     10.11      2.00     7   6.7243
#        1921       0.02108     12.58      2.00     7   6.7242
#        1922       0.02211     24.00      2.00     7   6.7246
#        1923       0.01902      6.86      2.00     7   6.7243
#        1927       0.02096     10.55      2.00     7   6.7252
#        1928       0.01806      4.40      2.00     7   6.7251
#        1929       0.01140      4.22      2.00     6   6.7258
#        1930       0.01535     11.73      2.00     7   6.7261
#        1931       0.01807     32.88      2.00     7   6.7259
#        1933       0.03483      9.91      2.00     7   6.7301
#        1934       0.01114      7.84      2.00     5   6.7307
#        1935       0.01809      5.55      2.00     7   6.7303
#        1936       0.01753      6.17      2.00     7   6.7303
#        1937       0.02149      5.48      2.00     7   6.7319
#        1939       0.01976      6.78      2.00     7   6.7327
#        1941       0.00760     12.15      2.00     6   6.7371
#        1942       0.01087     20.36      2.00     6   6.7371
#        1943       0.01783     10.62      2.00     7   6.7370
#        1945       0.01784      4.89      2.00     7   6.7382
#        1946       0.01609      4.19      2.00     6   6.7386
#        1948       0.03412      8.19      2.00     7   6.7384
#        1949       0.01755      5.99      2.00     7   6.7387
#        1950       0.01751     12.10      2.00     7   6.7400
#        1951       0.01583     19.17      2.00     6   6.7405
#        1952       0.01763     11.87      2.00     7   6.7404
#        1955       0.02003      5.87      2.00     7   6.7410
#        1956       0.02637      8.08      2.00     7   6.7410
#        1957       0.01715      9.19      2.00     7   6.7419
#        1958       0.01584      4.19      2.00     6   6.7432
#        1959       0.02818     11.84      2.00     6   6.7436
#        1960       0.01069    196.20      2.00     7   6.7442
#        1961       0.02051      8.99      2.00     6   6.7444
#        1962       0.02500      7.39      2.00     7   6.7460
#        1963       0.02411     17.62      2.00     6   6.7461
#        1964       0.00591      5.20      2.00     3   6.7476
#        1965       0.01447      8.58      2.00     6   6.7482
#        1966       0.01038     12.75      2.00     6   6.7488
#        1969       0.01718      9.19      2.00     7   6.7485
#        1972       0.02551      6.48      2.00     5   6.7511
#        1974       0.01601     60.23      2.00     7   6.7537
#        1975       0.02088      6.89      2.00     6   6.7594
#        1976       0.01202     12.00      2.00     6   6.7593
#        1980       0.01612     33.81      2.00     7   6.7657
#        1981       0.01646     18.40      2.00     6   6.7661
#        1984       0.02964     12.62      2.00     5   6.7705
#        1986       0.01377      6.42      2.00     6   6.7738
#        1987       0.01575      4.15      2.00     6   6.7747
#        1988       0.00778     12.15      2.00     6   6.7756
#        1989       0.01385      7.16      2.00     6   6.7754
#        1990       0.01104     19.82      2.00     6   6.7756
#        1991       0.01660      6.26      2.00     6   6.7765
#        1992       0.01221     13.36      2.00     6   6.7770
#        1993       0.00574      8.62      2.00     4   6.7780
#        1996       0.02654      7.15      2.00     5   6.7810
#        1997       0.01484      8.54      2.00     6   6.7833
#        1998       0.00588     10.45      2.00     4   6.7841
#        1999       0.01154     57.35      2.00     7   6.7843
#        2001       0.01589     57.51      2.00     7   6.7854
#        2003       0.01504      9.19      2.00     6   6.7868
#        2004       0.01897     14.20      2.00     7   6.7896
#        2005       0.02424      5.45      2.00     7   6.7894
#        2006       0.02906     22.40      2.00     7   6.7896
#        2007       0.02339      9.98      2.00     7   6.7896
#        2008       0.00607      5.01      2.00     3   6.7899
#        2009       0.01159     42.59      2.00     7   6.7902
#        2010       0.02224      7.74      2.00     7   6.7904
#        2011       0.01641     29.53      2.00     7   6.7905
#        2012       0.02550      6.31      2.00     7   6.7920
#        2013       0.01916     14.18      2.00     7   6.7942
#        2014       0.02501      8.13      2.00     7   6.7946
#        2015       0.02133     13.82      2.00     7   6.7946
#        2016       0.02397      5.33      2.00     7   6.7945
#        2017       0.02939     21.63      2.00     7   6.7948
#        2018       0.02323     11.34      2.00     7   6.7948
#        2019       0.02255      7.36      2.00     7   6.7953
#        2020       0.02358     11.91      2.00     7   6.7954
#        2021       0.02764      4.79      2.00     7   6.7956
#        2022       0.02298      6.42      2.00     7   6.7956
#        2023       0.01681      5.64      2.00     7   6.7956
#        2024       0.02560      6.48      2.00     7   6.7971
#        2025       0.01650      6.97      2.00     7   6.7980
#        2026       0.02508      7.41      2.00     7   6.7991
#        2027       0.02591      5.64      2.00     7   6.7990
#        2028       0.02461      8.30      2.00     7   6.7990
#        2029       0.02142     13.91      2.00     7   6.7991
#        2030       0.01817      6.39      2.00     7   6.7988
#        2031       0.01982      7.09      2.00     7   6.7990
#        2032       0.11443      6.84      2.00     7   6.7996
#        2033       0.04662      6.66      2.00     7   6.7994
#        2034       0.01663      4.97      2.00     7   6.8002
#        2035       0.02768      4.71      2.00     7   6.8007
#        2036       0.02297      6.28      2.00     7   6.8007
#        2037       0.02279     10.06      2.00     7   6.8005
#        2038       0.01485      4.28      2.00     6   6.8013
#        2039       0.02000     19.08      2.00     7   6.8014
#        2042       0.07767      9.56      2.00     7   6.8022
#        2043       0.01651     58.12      2.00     7   6.8026
#        2044       0.01670      6.27      2.00     7   6.8030
#        2045       0.01785      5.61      2.00     7   6.8029
#        2046       0.01976      6.48      2.00     7   6.8027
#        2047       0.02601      5.87      2.00     7   6.8032
#        2048       0.02468      8.28      2.00     7   6.8032
#        2049       0.01767      7.89      2.00     7   6.8044
#        2050       0.03682      9.36      2.00     7   6.8046
#        2051       0.02029     17.65      2.00     7   6.8055
#        2053       0.01738      8.61      2.00     7   6.8067
#        2054       0.02302      6.10      2.00     7   6.8070
#        2058       0.01697      5.21      2.00     7   6.8095
#        2059       0.01779      7.34      2.00     7   6.8101
#        2060       0.02036      9.64      2.00     6   6.8107
#        2061       0.05905     10.49      2.00     7   6.8108
#        2062       0.03386     10.60      2.00     7   6.8113
#        2064       0.01658      6.90      2.00     7   6.8134
#        2065       0.01659      6.76      2.00     7   6.8137
#        2066       0.01947      7.09      2.00     5   6.8147
#        2067       0.00558     16.17      2.00     5   6.8144
#        2069       0.01571      4.10      2.00     6   6.8150
#        2070       0.01682      4.57      2.00     7   6.8149
#        2071       0.01696      6.32      2.00     6   6.8155
#        2072       0.04787     10.15      2.00     7   6.8157
#        2073       0.01952      7.43      2.00     5   6.8159
#        2074       0.03671      9.80      2.00     7   6.8162
#        2075       0.01478      8.11      2.00     6   6.8168
#        2077       0.01417      5.93      2.00     5   6.8180
#        2078       0.01413      6.14      2.00     5   6.8180
#        2080       0.01680      6.32      2.00     7   6.8188
#        2081       0.01681      6.27      2.00     7   6.8187
#        2082       0.02093      4.54      2.00     6   6.8195
#        2083       0.02029      4.05      2.00     6   6.8193
#        2087       0.01295     10.46      2.00     6   6.8199
#        2088       0.00817      6.94      2.00     6   6.8199
#        2091       0.01521      7.42      2.00     6   6.8209
#        2093       0.01960      8.62      1.00     6   6.8212
#        2094       0.02126      4.76      2.00     6   6.8226
#        2095       0.00588      8.25      2.00     4   6.8235
#        2096       0.03467     12.23      2.00     6   6.8239
#        2098       0.04190      6.09      2.00     7   6.8255
#        2101       0.02485     17.39      2.00     6   6.8265
#        2102       0.02646      7.28      2.00     5   6.8276
#        2103       0.01307      9.34      2.00     6   6.8281
#        2104       0.00833      6.22      2.00     6   6.8281
#        2105       0.02759      6.21      2.00     7   6.8279
#        2107       0.02694      7.51      2.00     5   6.8282
#        2108       0.02699      8.59      2.00     5   6.8291
#        2109       0.04227      5.45      2.00     7   6.8315
#        2110       0.01538      8.32      2.00     6   6.8322
#        2112       0.03496      5.41      2.00     7   6.8320
#        2117       0.00593      9.57      2.00     4   6.8348
#        2119       0.02240      5.28      2.00     7   6.8359
#        2120       0.02568      7.66      2.00     7   6.8359
#        2121       0.02738     14.04      2.00     6   6.8362
#        2122       0.02161     21.10      2.00     7   6.8384
#        2123       0.02048      9.31      2.00     6   6.8405
#        2125       0.01227      7.84      2.00     6   6.8438
#        2126       0.02127      5.30      2.00     7   6.8457
#        2127       0.01708      4.26      2.00     7   6.8457
#        2128       0.02153      4.04      2.00     6   6.8459
#        2131       0.02177      5.02      2.00     7   6.8460
#        2132       0.02050      5.40      2.00     7   6.8462
#        2133       0.01965      6.76      2.00     5   6.8467
#        2134       0.01963      7.65      2.00     5   6.8469
#        2135       0.01584      4.54      2.00     7   6.8482
#  1626/2000 paths used
#  -----------------------------------------------------------------------
#       k          chi          mag           phase @#
     0.0000    9.264958E-01  7.557546E+00  1.229013E-01
     0.0500    1.123522E+00  7.384745E+00  1.527341E-01
     0.1000    1.308733E+00  7.213241E+00  1.824453E-01
     0.1500    1.795857E+00  6.732527E+00  2.700124E-01
     0.2000    2.185343E+00  6.263009E+00  3.564277E-01
     0.2500    2.657121E+00  5.582478E+00  4.960725E-01
     0.3000    2.913533E+00  4.930155E+00  6.322504E-01
     0.3500    3.056409E+00  4.194069E+00  8.164882E-01
     0.4000    2.936630E+00  3.504408E+00  9.935738E-01
     0.4500    2.678935E+00  2.858230E+00  1.214716E+00
     0.5000    2.244449E+00  2.268508E+00  1.425026E+00
     0.5500    1.776439E+00  1.787833E+00  1.683756E+00
     0.6000    1.273178E+00  1.361443E+00  1.932861E+00
     0.6500    8.234195E-01  1.061774E+00  2.254066E+00
     0.7000    4.269836E-01  8.055143E-01  2.582903E+00
     0.7500    8.779373E-02  6.662627E-01  3.009438E+00
     0.8000   -1.697692E-01  5.597399E-01  3.449747E+00
     0.8500   -3.834000E-01  5.452854E-01  3.921366E+00
     0.9000   -5.034025E-01  5.377789E-01  4.352901E+00
     0.9500   -5.708040E-01  5.709816E-01  4.737331E+00
     1.0000   -5.447807E-01  5.856410E-01  5.088147E+00
     1.0500   -4.697705E-01  6.112922E-01  5.406711E+00
     1.1000   -3.310361E-01  6.113546E-01  5.710989E+00
     1.1500   -1.737172E-01  6.085093E-01  5.993678E+00
     1.2000   -8.663544E-03  5.824564E-01  6.268311E+00
     1.2500    1.326829E-01  5.520889E-01  6.525890E+00
     1.3000    2.364894E-01  5.050704E-01  6.770473E+00
     1.3500    2.998225E-01  4.572768E-01  6.998254E+00
     1.4000    3.200833E-01  4.016607E-01  7.205331E+00
     1.4500    3.145870E-01  3.517180E-01  7.390340E+00
     1.5000    2.879789E-01  3.024074E-01  7.543831E+00
     1.5500    2.602762E-01  2.642735E-01  7.679834E+00
     1.6000    2.310582E-01  2.315543E-01  7.788512E+00
     1.6500    2.068506E-01  2.071959E-01  7.911724E+00
     1.7000    1.833235E-01  1.861927E-01  8.029762E+00
     1.7500    1.565970E-01  1.652772E-01  8.179513E+00
     1.8000    1.250660E-01  1.408281E-01  8.331636E+00
     1.8500    9.071858E-02  1.123661E-01  8.485134E+00
     1.9000    6.366025E-02  8.394057E-02  8.563928E+00
     1.9500    4.398707E-02  4.937577E-02  8.325536E+00
     2.0000    4.478780E-02  4.649009E-02  8.125429E+00
     2.0500    5.135136E-02  5.140049E-02  7.810254E+00
     2.1000    6.923674E-02  6.964731E-02  7.745347E+00
     2.1500    8.752437E-02  8.753750E-02  7.871306E+00
     2.2000    9.613896E-02  9.799515E-02  8.048926E+00
     2.2500    9.174245E-02  9.936234E-02  8.248161E+00
     2.3000    8.150832E-02  9.672353E-02  8.422511E+00
     2.3500    7.161990E-02  9.269234E-02  8.541753E+00
     2.4000    6.725824E-02  9.191527E-02  8.603904E+00
     2.4500    6.073496E-02  9.022783E-02  8.686346E+00
     2.5000    5.707078E-02  9.202508E-02  8.755824E+00
     2.5500    5.426111E-02  9.765940E-02  8.835675E+00
     2.6000    4.929748E-02  1.063443E-01  8.942764E+00
     2.6500    3.709849E-02  1.122913E-01  9.088075E+00
     2.7000    2.071946E-02  1.190078E-01  9.249785E+00
     2.7500   -1.802756E-04  1.259261E-01  9.426210E+00
     2.8000   -2.500954E-02  1.325561E-01  9.614587E+00
     2.8500   -5.042024E-02  1.349647E-01  9.807645E+00
     2.9000   -7.500742E-02  1.367533E-01  1.000533E+01
     2.9500   -9.701921E-02  1.378029E-01  1.020585E+01
     3.0000   -1.148744E-01  1.380726E-01  1.040746E+01
     3.0500   -1.258839E-01  1.361764E-01  1.060429E+01
     3.1000   -1.313656E-01  1.339132E-01  1.080020E+01
     3.1500   -1.313453E-01  1.313454E-01  1.099467E+01
     3.2000   -1.261938E-01  1.285463E-01  1.118719E+01
     3.2500   -1.163285E-01  1.252115E-01  1.137452E+01
     3.3000   -1.031047E-01  1.221048E-01  1.156094E+01
     3.3500   -8.694917E-02  1.190636E-01  1.174765E+01
     3.4000   -6.849610E-02  1.158947E-01  1.193405E+01
     3.4500   -4.880235E-02  1.126768E-01  1.211842E+01
     3.5000   -2.856632E-02  1.094642E-01  1.230235E+01
     3.5500   -8.574405E-03  1.062248E-01  1.248556E+01
     3.6000    1.039950E-02  1.029468E-01  1.266756E+01
     3.6500    2.741702E-02  9.951012E-02  1.284550E+01
     3.7000    4.213734E-02  9.608442E-02  1.302035E+01
     3.7500    5.427813E-02  9.276539E-02  1.319139E+01
     3.8000    6.381935E-02  8.967112E-02  1.335829E+01
     3.8500    7.088266E-02  8.702668E-02  1.351823E+01
     3.9000    7.592332E-02  8.483995E-02  1.367458E+01
     3.9500    7.927442E-02  8.319423E-02  1.382898E+01
     4.0000    8.114701E-02  8.211390E-02  1.398356E+01
     4.0500    8.171468E-02  8.171472E-02  1.413810E+01
     4.1000    8.075194E-02  8.179309E-02  1.429689E+01
     4.1500    7.792281E-02  8.221259E-02  1.446163E+01
     4.2000    7.282499E-02  8.280697E-02  1.463325E+01
     4.2500    6.535761E-02  8.360504E-02  1.481051E+01
     4.3000    5.516614E-02  8.428414E-02  1.499441E+01
     4.3500    4.237490E-02  8.470941E-02  1.518409E+01
     4.4000    2.743559E-02  8.478066E-02  1.537842E+01
     4.4500    1.114101E-02  8.462793E-02  1.557593E+01
     4.5000   -5.684227E-03  8.403438E-02  1.577566E+01
     4.5500   -2.201145E-02  8.300317E-02  1.597636E+01
     4.6000   -3.686571E-02  8.156601E-02  1.617694E+01
     4.6500   -4.954476E-02  7.988543E-02  1.637696E+01
     4.7000   -5.941300E-02  7.792358E-02  1.657506E+01
     4.7500   -6.618436E-02  7.575739E-02  1.677059E+01
     4.8000   -6.983126E-02  7.346098E-02  1.696309E+01
     4.8500   -7.058536E-02  7.114599E-02  1.715314E+01
     4.9000   -6.870017E-02  6.882846E-02  1.733982E+01
     4.9500   -6.457909E-02  6.655931E-02  1.752330E+01
     5.0000   -5.864637E-02  6.437484E-02  1.770382E+01
     5.0500   -5.134044E-02  6.236789E-02  1.788255E+01
     5.1000   -4.299409E-02  6.048994E-02  1.805897E+01
     5.1500   -3.394870E-02  5.874862E-02  1.823345E+01
     5.2000   -2.450887E-02  5.714826E-02  1.840632E+01
     5.2500   -1.487953E-02  5.577389E-02  1.857950E+01
     5.3000   -5.315945E-03  5.455313E-02  1.875196E+01
     5.3500    3.985468E-03  5.348593E-02  1.892414E+01
     5.4000    1.285539E-02  5.257071E-02  1.909660E+01
     5.4500    2.127835E-02  5.185999E-02  1.927234E+01
     5.5000    2.896470E-02  5.127064E-02  1.944991E+01
     5.5500    3.572584E-02  5.077819E-02  1.962996E+01
     5.6000    4.134708E-02  5.034998E-02  1.981306E+01
     5.6500    4.567675E-02  4.999001E-02  2.000190E+01
     5.7000    4.833776E-02  4.959933E-02  2.019433E+01
     5.7500    4.911320E-02  4.913547E-02  2.039024E+01
     5.8000    4.786879E-02  4.856041E-02  2.058933E+01
     5.8500    4.461943E-02  4.790082E-02  2.079264E+01
     5.9000    3.944632E-02  4.707747E-02  2.099772E+01
     5.9500    3.265210E-02  4.608517E-02  2.120375E+01
     6.0000    2.466975E-02  4.493121E-02  2.140991E+01
     6.0500    1.602116E-02  4.380697E-02  2.161674E+01
     6.1000    7.172382E-03  4.257568E-02  2.182188E+01
     6.1500   -1.388411E-03  4.127363E-02  2.202479E+01
     6.2000   -9.261584E-03  3.993901E-02  2.222517E+01
     6.2500   -1.615799E-02  3.860767E-02  2.242296E+01
     6.3000   -2.189683E-02  3.730926E-02  2.261837E+01
     6.3500   -2.638561E-02  3.606415E-02  2.281186E+01
     6.4000   -2.959224E-02  3.488191E-02  2.300402E+01
     6.4500   -3.152008E-02  3.376142E-02  2.319552E+01
     6.5000   -3.219342E-02  3.269273E-02  2.338695E+01
     6.5500   -3.195515E-02  3.196103E-02  2.358113E+01
     6.6000   -3.052356E-02  3.123897E-02  2.377637E+01
     6.6500   -2.797120E-02  3.050682E-02  2.397254E+01
     6.7000   -2.443082E-02  2.975079E-02  2.416926E+01
     6.7500   -2.009564E-02  2.896486E-02  2.436600E+01
     6.8000   -1.520534E-02  2.815115E-02  2.456215E+01
     6.8500   -1.002117E-02  2.731881E-02  2.475715E+01
     6.9000   -4.797330E-03  2.648198E-02  2.495058E+01
     6.9500    2.434346E-04  2.565693E-02  2.514223E+01
     7.0000    4.923971E-03  2.485912E-02  2.533213E+01
     7.0500    9.252790E-03  2.423413E-02  2.552449E+01
     7.1000    1.301436E-02  2.363979E-02  2.571574E+01
     7.1500    1.612528E-02  2.307942E-02  2.590630E+01
     7.2000    1.852416E-02  2.255127E-02  2.609664E+01
     7.2500    2.016561E-02  2.204949E-02  2.628716E+01
     7.3000    2.102008E-02  2.156573E-02  2.647811E+01
     7.3500    2.107893E-02  2.109111E-02  2.666955E+01
     7.4000    2.036175E-02  2.061807E-02  2.686138E+01
     7.4500    1.892198E-02  2.014182E-02  2.705335E+01
     7.5000    1.684763E-02  1.966107E-02  2.724510E+01
     7.5500    1.424393E-02  1.919556E-02  2.743822E+01
     7.6000    1.125170E-02  1.873139E-02  2.762997E+01
     7.6500    8.019248E-03  1.827747E-02  2.782013E+01
     7.7000    4.685391E-03  1.784366E-02  2.800864E+01
     7.7500    1.369782E-03  1.743911E-02  2.819571E+01
     7.8000   -1.830135E-03  1.707057E-02  2.838175E+01
     7.8500   -4.835704E-03  1.674117E-02  2.856736E+01
     7.9000   -7.579704E-03  1.644999E-02  2.875320E+01
     7.9500   -9.998878E-03  1.619251E-02  2.893989E+01
     8.0000   -1.202971E-02  1.596168E-02  2.912795E+01
     8.0500   -1.363472E-02  1.578155E-02  2.931743E+01
     8.1000   -1.474618E-02  1.562169E-02  2.950875E+01
     8.1500   -1.531608E-02  1.547397E-02  2.970215E+01
     8.2000   -1.530947E-02  1.533068E-02  2.989773E+01
     8.2500   -1.471161E-02  1.518502E-02  3.009549E+01
     8.3000   -1.353351E-02  1.503132E-02  3.029534E+01
     8.3500   -1.181518E-02  1.486499E-02  3.049719E+01
     8.4000   -9.626019E-03  1.468226E-02  3.070092E+01
     8.4500   -7.062816E-03  1.447997E-02  3.090640E+01
     8.5000   -4.245668E-03  1.425526E-02  3.111351E+01
     8.5500   -1.309265E-03  1.408534E-02  3.132284E+01
     8.6000    1.630584E-03  1.389169E-02  3.153358E+01
     8.6500    4.425186E-03  1.367147E-02  3.174554E+01
     8.7000    6.930440E-03  1.342214E-02  3.195850E+01
     8.7500    9.017593E-03  1.314193E-02  3.217214E+01
     8.8000    1.058428E-02  1.283015E-02  3.238605E+01
     8.8500    1.156424E-02  1.248757E-02  3.259976E+01
     8.9000    1.193372E-02  1.211663E-02  3.281275E+01
     8.9500    1.171317E-02  1.172151E-02  3.302445E+01
     9.0000    1.096323E-02  1.130804E-02  3.323431E+01
     9.0500    9.843406E-03  1.096835E-02  3.344359E+01
     9.1000    8.370250E-03  1.062396E-02  3.365018E+01
     9.1500    6.653202E-03  1.028297E-02  3.385386E+01
     9.2000    4.797238E-03  9.953171E-03  3.405461E+01
     9.2500    2.894180E-03  9.641367E-03  3.425263E+01
     9.3000    1.018599E-03  9.352676E-03  3.444839E+01
     9.3500   -7.717407E-04  9.090059E-03  3.464252E+01
     9.4000   -2.432091E-03  8.854099E-03  3.483578E+01
     9.4500   -3.925518E-03  8.643105E-03  3.502897E+01
     9.5000   -5.218298E-03  8.453503E-03  3.522282E+01
     9.5500   -6.324089E-03  8.329157E-03  3.541971E+01
     9.6000   -7.170164E-03  8.216411E-03  3.561815E+01
     9.6500   -7.723724E-03  8.110283E-03  3.581833E+01
     9.7000   -7.959576E-03  8.006266E-03  3.602027E+01
     9.7500   -7.864591E-03  7.900625E-03  3.622386E+01
     9.8000   -7.441214E-03  7.790540E-03  3.642891E+01
     9.8500   -6.709237E-03  7.674091E-03  3.663518E+01
     9.9000   -5.705560E-03  7.550143E-03  3.684241E+01
     9.9500   -4.482117E-03  7.418184E-03  3.705034E+01
    10.0000   -3.102427E-03  7.278151E-03  3.725875E+01
    10.0500   -1.642015E-03  7.160687E-03  3.746774E+01
    10.1000   -1.557642E-04  7.036818E-03  3.767697E+01
    10.1500    1.285258E-03  6.906721E-03  3.788629E+01
    10.2000    2.614300E-03  6.770682E-03  3.809553E+01
    10.2500    3.772709E-03  6.629140E-03  3.830453E+01
    10.3000    4.713207E-03  6.482725E-03  3.851311E+01
    10.3500    5.402349E-03  6.332303E-03  3.872109E+01
    10.4000    5.821915E-03  6.178981E-03  3.892829E+01
    10.4500    5.968991E-03  6.024089E-03  3.913456E+01
    10.5000    5.854777E-03  5.869100E-03  3.933979E+01
    10.5500    5.502290E-03  5.715533E-03  3.954393E+01
    10.6000    4.943416E-03  5.564819E-03  3.974700E+01
    10.6500    4.215805E-03  5.418175E-03  3.994909E+01
    10.7000    3.360095E-03  5.276491E-03  4.015036E+01
    10.7500    2.417778E-03  5.140256E-03  4.035100E+01
    10.8000    1.429793E-03  5.009542E-03  4.055127E+01
    10.8500    4.356909E-04  4.884037E-03  4.075138E+01
    10.9000   -5.269074E-04  4.763131E-03  4.095155E+01
    10.9500   -1.422864E-03  4.646025E-03  4.115196E+01
    11.0000   -2.220303E-03  4.531862E-03  4.135272E+01
    11.0500   -2.920052E-03  4.457527E-03  4.155500E+01
    11.1000   -3.481159E-03  4.385498E-03  4.175772E+01
    11.1500   -3.884422E-03  4.315116E-03  4.196091E+01
    11.2000   -4.117069E-03  4.245856E-03  4.216457E+01
    11.2500   -4.173513E-03  4.177339E-03  4.236870E+01
    11.3000   -4.055659E-03  4.109311E-03  4.257327E+01
    11.3500   -3.772744E-03  4.041594E-03  4.277830E+01
    11.4000   -3.340769E-03  3.974024E-03  4.298381E+01
    11.4500   -2.781666E-03  3.906402E-03  4.318984E+01
    11.5000   -2.122323E-03  3.838443E-03  4.339644E+01
    11.5500   -1.393536E-03  3.769769E-03  4.360365E+01
    11.6000   -6.288700E-04  3.699917E-03  4.381150E+01
    11.6500    1.366459E-04  3.628383E-03  4.401997E+01
    11.7000    8.680612E-04  3.554678E-03  4.422899E+01
    11.7500    1.532297E-03  3.478397E-03  4.443847E+01
    11.8000    2.100090E-03  3.399281E-03  4.464824E+01
    11.8500    2.547873E-03  3.317258E-03  4.485811E+01
    11.9000    2.859337E-03  3.232474E-03  4.506786E+01
    11.9500    3.026389E-03  3.145284E-03  4.527726E+01
    12.0000    3.049371E-03  3.056224E-03  4.548611E+01
    12.0500    2.972122E-03  3.003714E-03  4.569826E+01
    12.1000    2.764354E-03  2.950172E-03  4.590991E+01
    12.1500    2.441543E-03  2.896035E-03  4.612093E+01
    12.2000    2.023995E-03  2.841853E-03  4.633125E+01
    12.2500    1.535178E-03  2.788239E-03  4.654082E+01
    12.3000    1.000024E-03  2.735791E-03  4.674968E+01
    12.3500    4.434809E-04  2.685023E-03  4.695796E+01
    12.4000   -1.105535E-04  2.636292E-03  4.716584E+01
    12.4500   -6.398565E-04  2.589746E-03  4.737355E+01
    12.5000   -1.124193E-03  2.545310E-03  4.758135E+01
    12.5500   -1.545502E-03  2.502694E-03  4.778950E+01
    12.6000   -1.888144E-03  2.461434E-03  4.799818E+01
    12.6500   -2.139365E-03  2.420967E-03  4.820756E+01
    12.7000   -2.289946E-03  2.380697E-03  4.841769E+01
    12.7500   -2.334960E-03  2.340076E-03  4.862855E+01
    12.8000   -2.274414E-03  2.298662E-03  4.884007E+01
    12.8500   -2.113577E-03  2.256159E-03  4.905211E+01
    12.9000   -1.862854E-03  2.212428E-03  4.926451E+01
    12.9500   -1.537160E-03  2.167473E-03  4.947713E+01
    13.0000   -1.154883E-03  2.121416E-03  4.968982E+01
    13.0500   -7.431157E-04  2.086314E-03  4.990130E+01
    13.1000   -3.121486E-04  2.050343E-03  5.011265E+01
    13.1500    1.173271E-04  2.013709E-03  5.032378E+01
    13.2000    5.256530E-04  1.976634E-03  5.053465E+01
    13.2500    8.951566E-04  1.939329E-03  5.074526E+01
    13.3000    1.210866E-03  1.901973E-03  5.095561E+01
    13.3500    1.460984E-03  1.864691E-03  5.116576E+01
    13.4000    1.637156E-03  1.827543E-03  5.137576E+01
    13.4500    1.734600E-03  1.790528E-03  5.158568E+01
    13.5000    1.752137E-03  1.753590E-03  5.179556E+01
    13.5500    1.692147E-03  1.716644E-03  5.200542E+01
    13.6000    1.560432E-03  1.679602E-03  5.221524E+01
    13.6500    1.365935E-03  1.642407E-03  5.242497E+01
    13.7000    1.120264E-03  1.605060E-03  5.263453E+01
    13.7500    8.370081E-04  1.567630E-03  5.284383E+01
    13.8000    5.308872E-04  1.530260E-03  5.305278E+01
    13.8500    2.168253E-04  1.493149E-03  5.326135E+01
    13.9000   -9.091077E-05  1.456516E-03  5.346953E+01
    13.9500   -3.793891E-04  1.420561E-03  5.367743E+01
    14.0000   -6.374351E-04  1.385416E-03  5.388519E+01
    14.0500   -8.688067E-04  1.365482E-03  5.409672E+01
    14.1000   -1.055014E-03  1.345409E-03  5.430841E+01
    14.1500   -1.188814E-03  1.325163E-03  5.452025E+01
    14.2000   -1.265537E-03  1.304706E-03  5.473222E+01
    14.2500   -1.283268E-03  1.283992E-03  5.494428E+01
    14.3000   -1.242909E-03  1.262983E-03  5.515640E+01
    14.3500   -1.148111E-03  1.241650E-03  5.536851E+01
    14.4000   -1.005065E-03  1.219990E-03  5.558053E+01
    14.4500   -8.221227E-04  1.198030E-03  5.579238E+01
    14.5000   -6.092851E-04  1.175830E-03  5.600395E+01
    14.5500   -3.775802E-04  1.153478E-03  5.621518E+01
    14.6000   -1.384033E-04  1.131084E-03  5.642600E+01
    14.6500    9.711347E-05  1.108768E-03  5.663637E+01
    14.7000    3.186472E-04  1.086645E-03  5.684628E+01
    14.7500    5.171133E-04  1.064820E-03  5.705576E+01
    14.8000    6.849724E-04  1.043377E-03  5.726483E+01
    14.8500    8.164293E-04  1.022384E-03  5.747356E+01
    14.9000    9.075404E-04  1.001890E-03  5.768200E+01
    14.9500    9.562451E-04  9.819320E-04  5.789023E+01
    15.0000    9.623247E-04  9.625396E-04  5.809833E+01
    15.0500    9.335736E-04  9.494355E-04  5.830251E+01
    15.1000    8.675773E-04  9.370436E-04  5.850694E+01
    15.1500    7.676603E-04  9.252851E-04  5.871178E+01
    15.2000    6.382952E-04  9.140497E-04  5.891722E+01
    15.2500    4.850123E-04  9.031978E-04  5.912339E+01
    15.3000    3.142931E-04  8.925636E-04  5.933042E+01
    15.3500    1.334243E-04  8.819605E-04  5.953840E+01
    15.4000   -4.971058E-05  8.711910E-04  5.974735E+01
    15.4500   -2.269260E-04  8.600584E-04  5.995727E+01
    15.5000   -3.901230E-04  8.483819E-04  6.016808E+01
    15.5500   -5.317554E-04  8.360094E-04  6.037965E+01
    15.6000   -6.453302E-04  8.228298E-04  6.059180E+01
    15.6500   -7.258773E-04  8.087802E-04  6.080432E+01
    15.7000   -7.703196E-04  7.938485E-04  6.101698E+01
    15.7500   -7.776851E-04  7.780716E-04  6.122954E+01
    15.8000   -7.491311E-04  7.615296E-04  6.144175E+01
    15.8500   -6.877795E-04  7.443381E-04  6.165340E+01
    15.9000   -5.983957E-04  7.266401E-04  6.186428E+01
    15.9500   -4.869542E-04  7.085980E-04  6.207421E+01
    16.0000   -3.601492E-04  6.903873E-04  6.228305E+01
    16.0500   -2.286108E-04  6.751081E-04  6.248639E+01
    16.1000   -9.430500E-05  6.601657E-04  6.268851E+01
    16.1500    3.720394E-05  6.457322E-04  6.288950E+01
    16.2000    1.610362E-04  6.319486E-04  6.308952E+01
    16.2500    2.730711E-04  6.189168E-04  6.328880E+01
    16.3000    3.699389E-04  6.066931E-04  6.348761E+01
    16.3500    4.489635E-04  5.952841E-04  6.368629E+01
    16.4000    5.080933E-04  5.846463E-04  6.388515E+01
    16.4500    5.458556E-04  5.746891E-04  6.408454E+01
    16.5000    5.613560E-04  5.652813E-04  6.428473E+01
    16.5500    5.543305E-04  5.562609E-04  6.448598E+01
    16.6000    5.252386E-04  5.474466E-04  6.468846E+01
    16.6500    4.753695E-04  5.386513E-04  6.489226E+01
    16.7000    4.069248E-04  5.296942E-04  6.509738E+01
    16.7500    3.230390E-04  5.204125E-04  6.530376E+01
    16.8000    2.277085E-04  5.106712E-04  6.551127E+01
    16.8500    1.256168E-04  5.003698E-04  6.571968E+01
    16.9000    2.186090E-05  4.894467E-04  6.592877E+01
    16.9500   -7.839259E-05  4.778805E-04  6.613823E+01
    17.0000   -1.702812E-04  4.656896E-04  6.634778E+01
    17.0500   -2.526827E-04  4.557747E-04  6.656109E+01
    17.1000   -3.196513E-04  4.454058E-04  6.677389E+01
    17.1500   -3.686761E-04  4.346833E-04  6.698593E+01
    17.2000   -3.984361E-04  4.237244E-04  6.719701E+01
    17.2500   -4.087756E-04  4.126559E-04  6.740700E+01
    17.3000   -4.005775E-04  4.016054E-04  6.761580E+01
    17.3500   -3.755666E-04  3.906935E-04  6.782342E+01
    17.4000   -3.360798E-04  3.800258E-04  6.802992E+01
    17.4500   -2.848411E-04  3.696865E-04  6.823542E+01
    17.5000   -2.247670E-04  3.597339E-04  6.844014E+01
    17.5500   -1.588212E-04  3.501977E-04  6.864433E+01
    17.6000   -8.991776E-05  3.410782E-04  6.884826E+01
    17.6500   -2.086438E-05  3.323489E-04  6.905222E+01
    17.7000    4.567252E-05  3.239599E-04  6.925649E+01
    17.7500    1.071991E-04  3.158432E-04  6.946132E+01
    17.8000    1.614383E-04  3.079195E-04  6.966692E+01
    17.8500    2.063948E-04  3.001042E-04  6.987341E+01
    17.9000    2.404398E-04  2.923134E-04  7.008090E+01
    17.9500    2.624076E-04  2.844694E-04  7.028941E+01
    18.0000    2.716869E-04  2.765045E-04  7.049889E+01
    18.0500    2.717633E-04  2.718272E-04  7.070753E+01
    18.1000    2.598324E-04  2.669272E-04  7.091691E+01
    18.1500    2.367306E-04  2.617764E-04  7.112684E+01
    18.2000    2.038898E-04  2.563623E-04  7.133710E+01
    18.2500    1.632489E-04  2.506867E-04  7.154746E+01
    18.3000    1.171201E-04  2.447653E-04  7.175769E+01
    18.3500    6.802569E-05  2.386257E-04  7.196755E+01
    18.4000    1.852023E-05  2.323059E-04  7.217682E+01
    18.4500   -2.898055E-05  2.258528E-04  7.238530E+01
    18.5000   -7.234878E-05  2.193199E-04  7.259281E+01
    18.5500   -1.098564E-04  2.127647E-04  7.279919E+01
    18.6000   -1.402419E-04  2.062467E-04  7.300436E+01
    18.6500   -1.627293E-04  1.998238E-04  7.320826E+01
    18.7000   -1.770040E-04  1.935495E-04  7.341094E+01
    18.7500   -1.831554E-04  1.874695E-04  7.361248E+01
    18.8000   -1.816000E-04  1.816187E-04  7.381306E+01
    18.8500   -1.729997E-04  1.760189E-04  7.401291E+01
    18.9000   -1.581889E-04  1.706770E-04  7.421234E+01
    18.9500   -1.381191E-04  1.655842E-04  7.441167E+01
    19.0000   -1.138235E-04  1.607171E-04  7.461125E+01
    19.0500   -8.767987E-05  1.578300E-04  7.480922E+01
    19.1000   -5.898919E-05  1.551136E-04  7.500811E+01
    19.1500   -2.881293E-05  1.525189E-04  7.520817E+01
    19.2000    1.704167E-06  1.499917E-04  7.540959E+01
    19.2500    3.135396E-05  1.474772E-04  7.561246E+01
    19.3000    5.890674E-05  1.449233E-04  7.581681E+01
    19.3500    8.317397E-05  1.422833E-04  7.602257E+01
    19.4000    1.030857E-04  1.395189E-04  7.622961E+01
    19.4500    1.177721E-04  1.366010E-04  7.643774E+01
    19.5000    1.266376E-04  1.335112E-04  7.664674E+01
    19.5500    1.294154E-04  1.302411E-04  7.685636E+01
    19.6000    1.261931E-04  1.267926E-04  7.706631E+01
    19.6500    1.174059E-04  1.231765E-04  7.727633E+01
    19.7000    1.037974E-04  1.194110E-04  7.748614E+01
    19.7500    8.635296E-05  1.155206E-04  7.769551E+01
    19.8000    6.621482E-05  1.115343E-04  7.790420E+01
    19.8500    4.458984E-05  1.074834E-04  7.811203E+01
    19.9000    2.266075E-05  1.034003E-04  7.831887E+01
    19.9500    1.510268E-06  9.931605E-05  7.852461E+01
    20.0000   -1.793549E-05  9.525938E-05  7.872923E+01
