# # Once                                                         FEFF 10.0.0 
# # POT  SCF 100  9.0000   0, NO core-hole, FOLP (folp(0)= 1.150)
# # Abs   Z=30 Rmt= 1.377 Rnm= 1.524 K  shell
# #   RGRID 0.0100
# # Pot 1 Z= 6 Rmt= 0.895 Rnm= 1.121
# # Pot 2 Z= 6 Rmt= 0.923 Rnm= 1.165
# # Pot 3 Z= 1 Rmt= 0.552 Rnm= 0.959
# # Pot 4 Z=16 Rmt= 1.265 Rnm= 1.485
# # Gam_ch=1.897E+00 H-L exch Vi=-5.000E-01 Vr= 0.000E+00
# # Mu=-7.367E+00eV kf=1.970E+00 Vint=-1.289E+01eV Rs_int= 1.841
# # PATH  Rmax= 9.000,  Keep_limit= 0.00, Heap_limit 0.00  Pwcrit= 2.50%
#  S02=1.000  Temp=  10.00  Debye_temp= 315.00  Global_sig2= 0.00000
#  Energy zero shift, vr, vi    0.00000E+00   0.00000E+00
#  Curved wave amplitude ratio filter   4.000%
#     file         sig2 tot  cw amp ratio   deg  nlegs   reff  inp sig2
#           1       0.00302    100.00      1.00     2   2.3629
#           2       0.00305     99.77      1.00     2   2.3651
#           3       0.00309    199.30      2.00     2   2.3662
#           4       0.02437     15.51      1.00     2   2.9784
#           5       0.02893     14.05      1.00     2   3.1022
#           6       0.02248     13.60      1.00     2   3.1439
#           7       0.02290     13.31      1.00     2   3.1713
#           8       0.00560     43.33      1.00     2   3.2787
#           9       0.00631     42.93      1.00     2   3.2909
#          10       0.00571     42.79      1.00     2   3.2951
#          11       0.00669     41.71      1.00     2   3.3289
#          12       0.02395     10.61      1.00     2   3.4785
#          13       0.02457     10.08      1.00     2   3.5517
#          14       0.01235     21.45      2.00     3   3.6809
#          15       0.00406     50.59      2.00     3   3.7336
#          16       0.00422     50.05      2.00     3   3.7430
#          17       0.00410     50.08      2.00     3   3.7449
#          18       0.01439     17.82      2.00     3   3.7612
#          19       0.00438     49.85      2.00     3   3.7608
#          20       0.01115     16.03      2.00     3   3.7660
#          21       0.01124     15.09      2.00     3   3.7713
#          22       0.03352      8.50      1.00     2   3.8052
#          23       0.01542      9.81      2.00     3   3.8759
#          24       0.01237     11.37      2.00     3   3.9254
#          25       0.01670      9.50      2.00     3   3.9394
#          26       0.01469      9.47      2.00     3   3.9547
#          27       0.01471      9.42      2.00     3   3.9670
#          28       0.01283     11.58      2.00     3   3.9700
#          29       0.02193      7.50      1.00     2   4.0011
#          30       0.02294     12.88      1.00     4   4.0708
#          31       0.01468      8.60      2.00     3   4.1275
#          32       0.00902      4.63      2.00     4   4.1330
#          33       0.00920     23.79      1.00     2   4.1526
#          34       0.01478      8.46      2.00     3   4.1654
#          35       0.01677      6.70      1.00     2   4.1841
#          36       0.00456     19.29      1.00     4   4.1886
#          37       0.04675      6.67      1.00     2   4.1915
#          38       0.01377     21.22      2.00     3   4.1926
#          39       0.00460     17.80      1.00     4   4.1928
#          40       0.02633     11.57      1.00     4   4.1936
#          41       0.01045      4.33      2.00     4   4.1932
#          42       0.00455     18.73      1.00     4   4.1946
#          43       0.00444     18.80      1.00     4   4.1951
#          44       0.01851      4.91      2.00     3   4.2035
#          47       0.01878      4.87      2.00     3   4.2269
#          48       0.01853     11.03      1.00     4   4.2369
#          49       0.00441     11.55      2.00     3   4.2495
#          50       0.01776     10.74      1.00     4   4.2639
#          51       0.00438     11.91      2.00     3   4.2769
#          52       0.00425     12.13      2.00     3   4.2931
#          53       0.00434     12.28      2.00     3   4.2958
#          54       0.00421     12.19      2.00     3   4.2957
#          55       0.01279     24.60      2.00     3   4.3032
#          57       0.01009     20.96      1.00     2   4.3603
#          58       0.00433     13.91      2.00     3   4.3610
#          59       0.02059      4.84      2.00     3   4.3679
#          61       0.01031      5.92      2.00     4   4.3804
#          62       0.01155     16.65      1.00     4   4.3841
#          63       0.01382      9.20      2.00     3   4.3849
#          65       0.01676      6.52      2.00     4   4.4180
#          66       0.01059      6.80      2.00     4   4.4198
#          67       0.01181     25.21      1.00     4   4.4223
#          68       0.01716      6.49      2.00     4   4.4409
#          69       0.01278     10.87      2.00     3   4.4753
#          70       0.00611     22.86      2.00     3   4.4982
#          71       0.02035      4.44      2.00     3   4.5206
#          72       0.01756     11.46      2.00     3   4.5254
#          74       0.01653      7.78      2.00     4   4.5593
#          75       0.01813      8.23      1.00     4   4.5721
#          76       0.00942      4.27      2.00     4   4.5743
#          77       0.00956     14.32      2.00     4   4.5764
#          78       0.02090      6.29      2.00     4   4.5825
#          79       0.00945      4.49      2.00     4   4.5838
#          80       0.00585     32.29      2.00     3   4.5847
#          81       0.02361      5.47      2.00     3   4.5892
#          82       0.00968     22.24      2.00     4   4.5944
#          83       0.01791      9.15      2.00     4   4.6397
#          84       0.01759      7.77      1.00     4   4.6450
#          85       0.01102     15.50      2.00     4   4.6447
#          88       0.00558     19.17      2.00     3   4.6556
#          89       0.00548     17.29      1.00     2   4.6914
#          90       0.00561     17.25      1.00     2   4.6956
#          91       0.01224      7.73      2.00     3   4.7020
#          92       0.00604     12.32      1.00     4   4.7258
#          93       0.00476      4.82      2.00     4   4.7280
#          94       0.00485      4.18      2.00     4   4.7289
#          96       0.02640      4.91      1.00     2   4.7294
#          97       0.00611     12.27      1.00     4   4.7302
#          98       0.00462      4.70      2.00     4   4.7312
#          99       0.00469      4.61      2.00     4   4.7313
#         100       0.00606     24.49      2.00     4   4.7321
#         101       0.00467      7.55      2.00     4   4.7323
#         102       0.01031     18.97      2.00     4   4.7352
#         103       0.02176      5.70      2.00     4   4.7356
#         104       0.00550     60.36      2.00     3   4.7424
#         105       0.01025      9.17      2.00     3   4.7456
#         106       0.00554     57.74      2.00     3   4.7548
#         107       0.00568     20.30      2.00     3   4.7665
#         108       0.01413      4.72      1.00     4   4.7665
#         110       0.01226     17.67      2.00     5   4.7733
#         111       0.01815     11.96      2.00     5   4.7740
#         112       0.00612     66.60      1.00     4   4.7933
#         113       0.02497      5.19      2.00     3   4.7943
#         114       0.00628     26.19      1.00     4   4.8091
#         116       0.00617     62.93      1.00     4   4.8140
#         117       0.02508      7.09      2.00     3   4.8224
#         118       0.01882      4.82      2.00     3   4.8230
#         120       0.00996      5.76      2.00     5   4.8355
#         121       0.00963     27.44      2.00     5   4.8362
#         123       0.00661     10.29      1.00     4   4.8439
#         124       0.02020     13.59      2.00     5   4.8547
#         125       0.00959     43.15      2.00     5   4.8543
#         126       0.01522      4.82      2.00     5   4.8593
#         127       0.01493      4.26      2.00     5   4.8649
#         128       0.01147     10.19      2.00     4   4.8710
#         129       0.03444      7.18      1.00     4   4.8982
#         130       0.02388      4.47      1.00     2   4.9043
#         131       0.00487     29.60      2.00     3   4.9176
#         132       0.00742      5.27      2.00     3   4.9224
#         133       0.00492     28.84      2.00     3   4.9275
#         134       0.00515     10.53      2.00     4   4.9302
#         135       0.01264      8.88      2.00     4   4.9306
#         136       0.02290      4.39      1.00     2   4.9389
#         138       0.02296      4.34      1.00     2   4.9609
#         139       0.01438      4.54      2.00     5   4.9663
#         140       0.00455     56.56      2.00     4   4.9685
#         141       0.01234     13.79      2.00     4   4.9700
#         142       0.01166     10.85      2.00     4   4.9747
#         143       0.00460     53.58      2.00     4   4.9867
#         144       0.01611     11.20      2.00     3   4.9875
#         145       0.00493     20.59      2.00     4   4.9909
#         146       0.01935      4.26      1.00     2   4.9974
#         147       0.00866      8.54      2.00     3   4.9994
#         148       0.00516     10.57      2.00     4   5.0012
#         149       0.00865      8.35      2.00     3   5.0090
#         150       0.01642     10.87      2.00     5   5.0190
#         153       0.00969     18.58      2.00     5   5.0264
#         154       0.01553      5.05      2.00     5   5.0268
#         156       0.00951     10.62      2.00     5   5.0285
#         160       0.00542     20.75      2.00     4   5.0368
#         161       0.02294      7.14      2.00     3   5.0440
#         162       0.01235     11.54      2.00     4   5.0468
#         163       0.01557      9.50      2.00     4   5.0476
#         164       0.00789      4.88      2.00     3   5.0561
#         165       0.00900     19.22      2.00     4   5.0586
#         166       0.00904     19.61      2.00     4   5.0600
#         167       0.01754     11.15      2.00     5   5.0633
#         169       0.01429      6.64      2.00     5   5.0717
#         170       0.01600      5.51      1.00     4   5.0942
#         171       0.00696      5.19      2.00     3   5.0967
#         172       0.00641      9.07      1.00     4   5.1022
#         173       0.01569      6.60      2.00     3   5.1100
#         174       0.01429     15.36      2.00     3   5.1228
#         175       0.00670      8.95      1.00     4   5.1232
#         176       0.00638      8.98      1.00     4   5.1237
#         178       0.02197      8.52      2.00     3   5.1383
#         179       0.00537     15.76      1.00     4   5.1437
#         180       0.02175      9.23      2.00     3   5.1456
#         181       0.00686      5.38      2.00     3   5.1478
#         184       0.00731      9.00      1.00     4   5.1554
#         186       0.00539     15.02      1.00     4   5.1595
#         187       0.00855      6.28      2.00     3   5.1599
#         188       0.04826     12.93      1.00     6   5.1633
#         190       0.02211      9.14      2.00     3   5.1666
#         191       0.00550      5.06      1.00     4   5.1726
#         192       0.01690      7.72      2.00     3   5.1821
#         193       0.01670      8.10      2.00     3   5.1894
#         194       0.00473     42.98      2.00     4   5.1974
#         195       0.00871      5.86      2.00     3   5.1993
#         196       0.01181     19.91      2.00     5   5.1991
#         197       0.00476     41.58      2.00     4   5.2045
#         198       0.01679     10.43      2.00     3   5.2071
#         199       0.01557      8.06      2.00     3   5.2087
#         200       0.01010     17.97      2.00     4   5.2109
#         201       0.01199     11.83      2.00     4   5.2257
#         203       0.01638      9.10      2.00     6   5.2261
#         205       0.01208     11.87      2.00     4   5.2350
#         206       0.02137     11.88      2.00     3   5.2440
#         207       0.01481      7.90      2.00     3   5.2454
#         208       0.01506      7.10      1.00     4   5.2456
#         209       0.01260     15.38      1.00     4   5.2483
#         210       0.00493    100.90      2.00     5   5.2483
#         211       0.02151      6.17      2.00     4   5.2560
#         212       0.01063     17.16      2.00     4   5.2585
#         213       0.00527     44.73      2.00     5   5.2612
#         214       0.00497     96.62      2.00     5   5.2637
#         215       0.02151     12.00      2.00     3   5.2666
#         217       0.00548     21.25      2.00     5   5.2758
#         218       0.01311     13.52      2.00     5   5.2762
#         219       0.00938      4.19      1.00     6   5.2813
#         221       0.05656      5.52      1.00     4   5.2845
#         222       0.00963      7.72      1.00     6   5.2841
#         224       0.01231     29.17      2.00     5   5.2849
#         225       0.05325     11.69      1.00     6   5.2849
#         226       0.01245     29.99      2.00     5   5.2860
#         227       0.02192     19.07      2.00     5   5.2857
#         228       0.01004     20.05      1.00     6   5.2862
#         229       0.01829     10.44      2.00     6   5.2866
#         230       0.00953      8.94      1.00     6   5.2876
#         231       0.00958      5.01      1.00     6   5.2876
#         233       0.01002     12.12      1.00     6   5.2883
#         234       0.01589      9.20      2.00     3   5.2893
#         235       0.01504      9.16      2.00     3   5.3019
#         236       0.01214      9.67      2.00     4   5.3020
#         237       0.01380     13.03      2.00     3   5.3025
#         238       0.01126     10.06      2.00     5   5.3030
#         240       0.02483      6.36      2.00     3   5.3040
#         242       0.01550      4.47      2.00     6   5.3091
#         243       0.01592      9.16      2.00     3   5.3143
#         246       0.03629     11.13      1.00     6   5.3299
#         247       0.02204      4.20      2.00     3   5.3325
#         248       0.01979      5.74      2.00     4   5.3335
#         249       0.01267     10.07      2.00     4   5.3332
#         250       0.02353      5.88      2.00     4   5.3340
#         251       0.02259      4.53      2.00     3   5.3357
#         252       0.01967      5.69      2.00     4   5.3355
#         253       0.02538      8.50      2.00     4   5.3444
#         254       0.01236      4.91      2.00     3   5.3465
#         255       0.02404      9.90      1.00     4   5.3523
#         256       0.02401      5.74      1.00     4   5.3522
#         258       0.02417      4.09      2.00     4   5.3603
#         259       0.01811      5.66      2.00     5   5.3600
#         260       0.01197      5.20      2.00     3   5.3618
#         261       0.01176      5.31      2.00     4   5.3625
#         262       0.02416     10.20      1.00     4   5.3674
#         263       0.01144      8.56      2.00     4   5.3681
#         264       0.01144     16.07      2.00     4   5.3709
#         265       0.02388      5.70      1.00     4   5.3724
#         266       0.02404      4.85      1.00     4   5.3722
#         267       0.01022      5.93      2.00     5   5.3808
#         268       0.01234     10.64      2.00     4   5.3891
#         269       0.01597      9.22      2.00     4   5.3961
#         270       0.02311     21.77      2.00     5   5.3967
#         271       0.01593     13.82      2.00     4   5.3976
#         272       0.02826      5.67      2.00     3   5.4022
#         273       0.01136     13.06      2.00     4   5.4057
#         275       0.01129     13.29      2.00     4   5.4127
#         276       0.02120      5.67      2.00     4   5.4130
#         277       0.01240     12.41      2.00     4   5.4129
#         278       0.01639      9.18      2.00     4   5.4144
#         279       0.01607     14.03      2.00     4   5.4151
#         280       0.01603      8.11      2.00     4   5.4161
#         283       0.00955      9.56      2.00     5   5.4221
#         284       0.01599      4.66      2.00     4   5.4231
#         285       0.00484     46.69      2.00     5   5.4235
#         286       0.01655      5.44      2.00     4   5.4246
#         287       0.01509     11.12      2.00     3   5.4289
#         288       0.01249     10.28      2.00     4   5.4297
#         289       0.01200     11.58      2.00     4   5.4315
#         290       0.00494      6.24      2.00     5   5.4332
#         291       0.01171      5.07      2.00     5   5.4336
#         292       0.00485     44.98      2.00     5   5.4365
#         294       0.01520     10.91      2.00     3   5.4396
#         295       0.01479      4.51      1.00     4   5.4400
#         296       0.01319     28.50      2.00     5   5.4401
#         297       0.01467      9.66      1.00     4   5.4402
#         298       0.01476      6.21      1.00     4   5.4428
#         299       0.00484     16.14      2.00     5   5.4430
#         300       0.00620     11.59      2.00     3   5.4513
#         301       0.01776      6.96      1.00     4   5.4534
#         302       0.01459      6.19      1.00     4   5.4544
#         303       0.01113     10.95      2.00     4   5.4549
#         304       0.01109     16.98      2.00     4   5.4550
#         305       0.01252     11.94      1.00     4   5.4555
#         306       0.01518      4.51      1.00     4   5.4564
#         307       0.01475      9.35      1.00     4   5.4575
#         308       0.00996      7.96      2.00     5   5.4576
#         309       0.01474      4.05      1.00     4   5.4600
#         310       0.01111      7.12      2.00     3   5.4602
#         311       0.01013      8.18      2.00     5   5.4612
#         312       0.01504      6.23      1.00     4   5.4628
#         313       0.02964      7.17      2.00     4   5.4651
#         314       0.00656     11.43      2.00     3   5.4657
#         316       0.01418      4.54      2.00     4   5.4664
#         317       0.01269     13.08      2.00     4   5.4685
#         318       0.01145     10.63      2.00     4   5.4726
#         320       0.01585      5.91      2.00     6   5.4740
#         321       0.01999      8.86      2.00     6   5.4765
#         322       0.01119      7.39      2.00     3   5.4773
#         323       0.02344     17.20      1.00     6   5.4772
#         324       0.01823      8.16      2.00     5   5.4781
#         325       0.01286     11.18      2.00     4   5.4796
#         326       0.02126      5.00      2.00     5   5.4800
#         327       0.01202      7.22      2.00     5   5.4796
#         328       0.01173     10.03      2.00     4   5.4864
#         329       0.01339     27.37      2.00     5   5.4889
#         330       0.00674     10.98      2.00     3   5.4909
#         332       0.01294      6.13      2.00     4   5.4905
#         333       0.01475      4.41      1.00     4   5.4934
#         334       0.01982      4.94      2.00     4   5.4960
#         336       0.00674     12.36      2.00     3   5.4968
#         337       0.01340     10.12      2.00     5   5.4989
#         338       0.02346      4.69      2.00     4   5.5068
#         339       0.00755     12.64      2.00     5   5.5084
#         340       0.04263      7.01      2.00     6   5.5107
#         341       0.01117     13.33      2.00     4   5.5112
#         342       0.02144      6.97      2.00     6   5.5116
#         343       0.01031      9.81      2.00     5   5.5131
#         345       0.01642      6.79      2.00     6   5.5131
#         346       0.00764     12.86      2.00     5   5.5150
#         347       0.02414     25.94      1.00     6   5.5158
#         348       0.01222     13.52      2.00     4   5.5269
#         349       0.01810      5.06      2.00     5   5.5295
#         350       0.04903      6.97      2.00     6   5.5339
#         351       0.02369      4.10      2.00     4   5.5342
#         352       0.02222      6.93      2.00     6   5.5342
#         353       0.01129     13.09      2.00     4   5.5365
#         354       0.01763      4.29      2.00     4   5.5369
#         355       0.02135      4.03      2.00     4   5.5424
#         356       0.02017      4.78      2.00     4   5.5443
#         358       0.01836      4.97      2.00     5   5.5526
#         360       0.00780     19.07      2.00     5   5.5571
#         361       0.01177      5.84      2.00     4   5.5684
#         362       0.01165     11.45      2.00     4   5.5685
#         363       0.01819      9.50      2.00     5   5.5688
#         364       0.00789     18.91      2.00     5   5.5734
#         365       0.00783     18.77      2.00     5   5.5753
#         366       0.01171     12.16      2.00     4   5.5781
#         367       0.01169      5.21      2.00     4   5.5784
#         368       0.01184      4.93      2.00     4   5.5804
#         369       0.01211      9.35      2.00     5   5.5877
#         370       0.00806     19.36      2.00     5   5.5873
#         371       0.01152      5.85      2.00     4   5.5879
#         372       0.01286      8.05      2.00     4   5.5891
#         374       0.01095      6.81      2.00     5   5.5912
#         375       0.01224     14.77      2.00     5   5.5912
#         376       0.01166     26.03      2.00     5   5.5917
#         377       0.01557      4.56      2.00     4   5.5924
#         378       0.01086     29.60      2.00     5   5.5940
#         379       0.00975      8.69      2.00     5   5.5946
#         380       0.01001      8.60      2.00     5   5.5948
#         381       0.02104      4.20      2.00     4   5.5986
#         382       0.01082     10.35      2.00     3   5.6020
#         383       0.01097     10.34      2.00     3   5.6060
#         384       0.01074      5.09      2.00     4   5.6123
#         385       0.01233      7.47      2.00     4   5.6133
#         386       0.01067      9.19      2.00     4   5.6138
#         387       0.01057     18.31      2.00     4   5.6133
#         388       0.01138      8.68      2.00     5   5.6153
#         390       0.02348      6.14      2.00     5   5.6184
#         391       0.01120     16.39      2.00     5   5.6194
#         392       0.01124     19.74      2.00     5   5.6195
#         394       0.02052      8.91      2.00     5   5.6211
#         395       0.01082      4.40      2.00     4   5.6243
#         396       0.01064     17.99      2.00     4   5.6239
#         397       0.01074      9.66      2.00     4   5.6258
#         398       0.01109      9.05      2.00     4   5.6258
#         399       0.01170     12.20      2.00     5   5.6373
#         400       0.01134     19.53      2.00     5   5.6373
#         401       0.01123     15.22      2.00     5   5.6397
#         402       0.00653     11.15      2.00     4   5.6416
#         403       0.00554     13.98      2.00     4   5.6441
#         404       0.00878      7.40      2.00     4   5.6438
#         408       0.01191      7.77      2.00     5   5.6477
#         409       0.01144      6.36      2.00     5   5.6496
#         410       0.01184     20.70      2.00     6   5.6512
#         411       0.08537      7.94      2.00     6   5.6518
#         412       0.01135     15.04      2.00     4   5.6530
#         413       0.02142      7.95      2.00     6   5.6525
#         414       0.00984      7.34      2.00     4   5.6538
#         415       0.01162      4.61      2.00     5   5.6550
#         416       0.00556     12.52      2.00     4   5.6557
#         417       0.00745     12.44      2.00     4   5.6570
#         418       0.00555     14.65      2.00     4   5.6570
#         419       0.00685     10.94      2.00     4   5.6580
#         420       0.01175     10.99      2.00     5   5.6577
#         421       0.01178     11.04      2.00     5   5.6600
#         422       0.00902      7.32      2.00     4   5.6611
#         423       0.01168      8.64      2.00     5   5.6617
#         424       0.01089     17.53      2.00     5   5.6633
#         425       0.00537     11.63      2.00     4   5.6643
#         426       0.01111     28.48      2.00     5   5.6643
#         427       0.01101     20.61      2.00     5   5.6647
#         428       0.01144     14.71      2.00     4   5.6652
#         429       0.00859     12.65      2.00     5   5.6659
#         430       0.00838     13.75      1.00     4   5.6676
#         432       0.02005     14.64      2.00     6   5.6695
#         433       0.01403     20.04      2.00     5   5.6711
#         435       0.06790      6.70      2.00     6   5.6750
#         436       0.02952      6.67      2.00     6   5.6757
#         437       0.01179     11.63      2.00     5   5.6769
#         438       0.01322      6.54      2.00     4   5.6774
#         439       0.01196      5.36      2.00     5   5.6778
#         440       0.01123     18.89      2.00     5   5.6779
#         441       0.01200     18.22      2.00     5   5.6778
#         442       0.01016      6.73      2.00     5   5.6783
#         443       0.01099     19.59      2.00     5   5.6794
#         444       0.01148     14.18      2.00     5   5.6793
#         445       0.01037     28.40      2.00     5   5.6799
#         446       0.01180     11.23      2.00     5   5.6807
#         447       0.01113     27.47      2.00     5   5.6831
#         448       0.01080     16.36      2.00     5   5.6836
#         449       0.01126     20.29      2.00     5   5.6850
#         450       0.01129      8.43      2.00     4   5.6864
#         451       0.01918     22.42      2.00     6   5.6879
#         452       0.01026      6.30      2.00     4   5.6905
#         453       0.02156      4.07      2.00     5   5.6910
#         454       0.01619      4.98      2.00     5   5.6908
#         455       0.00755     10.35      2.00     4   5.6918
#         456       0.01030      7.22      2.00     4   5.6951
#         458       0.00637     43.82      1.00     6   5.7033
#         460       0.00597     12.30      1.00     6   5.7078
#         461       0.00889     12.41      2.00     5   5.7083
#         462       0.01454     18.91      2.00     5   5.7082
#         463       0.01240     17.13      2.00     6   5.7082
#         464       0.01070      9.32      2.00     4   5.7086
#         466       0.01134      8.59      2.00     4   5.7093
#         468       0.02933      4.37      2.00     4   5.7098
#         469       0.01269     20.82      2.00     5   5.7108
#         471       0.00638     42.24      1.00     6   5.7135
#         472       0.00608     20.59      1.00     6   5.7134
#         473       0.01167      8.96      2.00     5   5.7138
#         475       0.01119     15.58      2.00     5   5.7165
#         481       0.08343      9.12      2.00     6   5.7311
#         482       0.02100      9.19      2.00     6   5.7332
#         483       0.01565     24.87      2.00     6   5.7346
#         484       0.01658      9.27      2.00     5   5.7353
#         486       0.01815     15.71      2.00     6   5.7378
#         487       0.02230      8.41      2.00     5   5.7398
#         489       0.01582     25.22      2.00     6   5.7410
#         490       0.01668      4.27      2.00     5   5.7437
#         492       0.01117      7.31      2.00     5   5.7489
#         493       0.01124      9.07      2.00     5   5.7486
#         494       0.01079     18.96      2.00     5   5.7513
#         495       0.01376      7.16      2.00     4   5.7540
#         498       0.01553      5.06      2.00     5   5.7587
#         499       0.01092     10.72      2.00     5   5.7638
#         500       0.02273      4.43      2.00     3   5.7646
#         501       0.01990      4.06      2.00     4   5.7651
#         504       0.01845      8.37      2.00     5   5.7655
#         505       0.01190      4.36      2.00     3   5.7682
#         506       0.01918      4.41      2.00     5   5.7687
#         508       0.01199      4.30      2.00     3   5.7762
#         509       0.01301      4.23      2.00     4   5.7779
#         510       0.01360      5.39      2.00     5   5.7784
#         512       0.01175      7.68      2.00     4   5.7795
#         513       0.01317      4.26      2.00     4   5.7811
#         514       0.01369      5.43      2.00     5   5.7808
#         515       0.01612      4.60      2.00     5   5.7807
#         517       0.01595      4.64      2.00     5   5.7831
#         520       0.00986      8.57      1.00     4   5.7864
#         523       0.01002      8.56      1.00     4   5.7903
#         524       0.01185      7.47      2.00     4   5.7941
#         525       0.01216      7.99      2.00     5   5.7946
#         526       0.01834      6.51      2.00     5   5.7950
#         527       0.01224     14.71      2.00     5   5.7947
#         528       0.01221      4.54      2.00     4   5.7979
#         530       0.01047      6.14      2.00     4   5.7984
#         531       0.01141      6.95      2.00     5   5.7986
#         532       0.01490      4.61      2.00     5   5.7982
#         533       0.01049      7.50      2.00     5   5.8001
#         534       0.01793      6.21      2.00     5   5.8005
#         535       0.01035     13.05      2.00     5   5.8028
#         537       0.02171      4.30      2.00     5   5.8043
#         538       0.01222      6.30      2.00     5   5.8050
#         539       0.01229     15.25      2.00     5   5.8100
#         540       0.01217      6.64      2.00     5   5.8124
#         542       0.01194     17.13      2.00     5   5.8183
#         543       0.01219     10.40      2.00     5   5.8190
#         544       0.02304      4.12      2.00     3   5.8209
#         545       0.01752      8.78      2.00     5   5.8215
#         548       0.06563      6.07      2.00     6   5.8270
#         549       0.00975     12.85      2.00     4   5.8282
#         550       0.01857     19.26      2.00     6   5.8286
#         551       0.03328      6.04      2.00     6   5.8290
#         555       0.01232     10.69      2.00     5   5.8356
#         556       0.01156     16.37      2.00     5   5.8357
#         557       0.01534      5.88      2.00     5   5.8360
#         559       0.00955     29.19      2.00     5   5.8374
#         560       0.00982     12.53      2.00     4   5.8379
#         561       0.01649      7.11      2.00     5   5.8387
#         562       0.00996      6.68      2.00     5   5.8385
#         563       0.00973     24.02      2.00     5   5.8395
#         564       0.01736      6.17      2.00     5   5.8402
#         565       0.00989     10.88      2.00     5   5.8399
#         567       0.02443      5.27      2.00     4   5.8414
#         568       0.01704      6.70      2.00     5   5.8449
#         570       0.01616      6.89      2.00     5   5.8454
#         571       0.02167      5.76      2.00     5   5.8464
#         572       0.01169      9.58      2.00     5   5.8479
#         573       0.01177     16.87      2.00     5   5.8480
#         574       0.01103      6.32      2.00     5   5.8481
#         575       0.00968     28.55      2.00     5   5.8495
#         577       0.01597      7.88      2.00     5   5.8511
#         579       0.01599     11.75      2.00     5   5.8526
#         580       0.01091     10.02      2.00     5   5.8554
#         581       0.00978     23.14      2.00     5   5.8559
#         582       0.01591      4.71      2.00     5   5.8565
#         583       0.01002      5.73      2.00     5   5.8563
#         586       0.00994     11.13      2.00     5   5.8577
#         587       0.00967      8.28      2.00     5   5.8598
#         588       0.01178     11.21      2.00     5   5.8595
#         589       0.01758      4.97      1.00     6   5.8600
#         590       0.01023      8.40      2.00     5   5.8610
#         591       0.01013     12.94      2.00     5   5.8611
#         592       0.01073     17.99      2.00     5   5.8616
#         593       0.01027      8.70      2.00     5   5.8634
#         594       0.01606     12.02      2.00     5   5.8649
#         595       0.01598      6.96      2.00     5   5.8659
#         596       0.01593      7.86      2.00     5   5.8665
#         597       0.06011     14.07      2.00     7   5.8665
#         598       0.03123     13.73      2.00     7   5.8671
#         599       0.01078      9.98      2.00     5   5.8677
#         600       0.01115      7.85      2.00     5   5.8702
#         601       0.00972      8.28      2.00     5   5.8723
#         603       0.01033      9.75      2.00     5   5.8739
#         604       0.01957      4.14      2.00     4   5.8749
#         608       0.00757     14.91      1.00     4   5.8785
#         609       0.01066      8.02      2.00     5   5.8803
#         610       0.01289      5.72      2.00     5   5.8819
#         611       0.01405      8.31      2.00     4   5.8839
#         612       0.01153      5.41      2.00     5   5.8837
#         613       0.01295      5.67      2.00     5   5.8861
#         614       0.02183      5.12      2.00     5   5.8860
#         615       0.01583     17.40      2.00     6   5.8860
#         616       0.01582     17.46      2.00     6   5.8869
#         617       0.01155     19.96      1.00     6   5.8866
#         618       0.01216     18.95      1.00     6   5.8866
#         619       0.00970     24.84      1.00     6   5.8884
#         620       0.01410      8.22      2.00     4   5.8894
#         621       0.02198      5.07      2.00     5   5.8902
#         622       0.01234      8.15      2.00     5   5.8925
#         623       0.01374     15.39      2.00     5   5.8952
#         624       0.01391      7.20      2.00     5   5.8950
#         625       0.01328     23.98      2.00     6   5.8951
#         626       0.01370      9.77      2.00     5   5.8978
#         628       0.01114     12.79      2.00     5   5.9005
#         630       0.01433     14.77      2.00     6   5.9016
#         631       0.02059     41.21      2.00     6   5.9023
#         632       0.01172     11.66      1.00     6   5.9022
#         633       0.01225     12.98      1.00     6   5.9022
#         635       0.01072     17.70      1.00     6   5.9043
#         638       0.01377     10.37      2.00     5   5.9065
#         639       0.01589     17.86      2.00     6   5.9070
#         640       0.01055     13.41      2.00     5   5.9071
#         641       0.01379     15.02      2.00     5   5.9073
#         643       0.01057      9.39      2.00     5   5.9070
#         644       0.01642     18.98      2.00     6   5.9073
#         645       0.01177     19.35      1.00     6   5.9072
#         646       0.01153     18.13      1.00     6   5.9071
#         647       0.01759      6.98      2.00     5   5.9087
#         648       0.01372      7.21      2.00     5   5.9085
#         649       0.00985     23.83      1.00     6   5.9087
#         650       0.01398      6.54      2.00     5   5.9098
#         653       0.01381      9.88      2.00     5   5.9125
#         654       0.02528      4.74      2.00     4   5.9146
#         655       0.03413      5.25      2.00     5   5.9155
#         656       0.02308      6.25      2.00     5   5.9161
#         659       0.01738      4.51      2.00     5   5.9171
#         660       0.02047      4.58      2.00     5   5.9175
#         661       0.02367      6.86      2.00     5   5.9176
#         664       0.02300      4.34      2.00     5   5.9230
#         665       0.01379      7.76      2.00     5   5.9254
#         666       0.01511      4.87      2.00     5   5.9270
#         668       0.01853      5.65      2.00     7   5.9286
#         669       0.01434      6.77      2.00     5   5.9296
#         670       0.01934     30.95      2.00     7   5.9293
#         671       0.01740      4.08      2.00     5   5.9303
#         674       0.01440      6.71      2.00     5   5.9314
#         676       0.01020      9.48      2.00     5   5.9317
#         677       0.02393      8.65      2.00     6   5.9327
#         678       0.01770      5.08      2.00     5   5.9338
#         679       0.02149      6.19      2.00     5   5.9337
#         680       0.01655      4.86      2.00     5   5.9342
#         681       0.02142      6.12      2.00     5   5.9355
#         682       0.01797      5.10      2.00     5   5.9358
#         683       0.01083      8.72      1.00     6   5.9368
#         684       0.01255      8.55      1.00     6   5.9369
#         685       0.02079     44.19      2.00     6   5.9373
#         686       0.01617      4.22      2.00     5   5.9390
#         687       0.01370     23.31      2.00     6   5.9387
#         688       0.01132     15.38      1.00     6   5.9396
#         689       0.01806      6.90      2.00     7   5.9457
#         690       0.06136     15.90      2.00     7   5.9461
#         691       0.01934     48.62      2.00     7   5.9477
#         692       0.01652      6.55      2.00     5   5.9485
#         693       0.03445     15.67      2.00     7   5.9481
#         694       0.01120      4.03      2.00     5   5.9512
#         695       0.04450      5.79      2.00     7   5.9523
#         696       0.00968      7.22      2.00     4   5.9527
#         697       0.02553      5.52      2.00     7   5.9526
#         699       0.01132      4.12      2.00     5   5.9560
#         700       0.01535      7.48      2.00     5   5.9565
#         701       0.03819      5.09      2.00     7   5.9575
#         703       0.02492      4.85      2.00     7   5.9584
#         704       0.02556      8.47      2.00     6   5.9598
#         705       0.00969      7.12      2.00     4   5.9605
#         707       0.01964      6.33      2.00     6   5.9640
#         708       0.01512     10.26      2.00     6   5.9640
#         709       0.01674     19.06      2.00     6   5.9645
#         710       0.01283     10.87      2.00     6   5.9652
#         711       0.01057      9.03      2.00     5   5.9662
#         712       0.01787      8.50      2.00     6   5.9668
#         714       0.01576      4.67      2.00     5   5.9720
#         716       0.01162      7.78      2.00     5   5.9756
#         717       0.01097     13.67      2.00     5   5.9790
#         718       0.01061      8.66      2.00     5   5.9863
#         719       0.01657      4.05      2.00     5   5.9870
#         720       0.01568      9.00      2.00     5   5.9890
#         721       0.01564      9.88      2.00     5   5.9949
#         722       0.00956     12.88      2.00     5   6.0036
#         723       0.01710      7.99      2.00     5   6.0038
#         724       0.01715      8.04      2.00     5   6.0074
#         725       0.01132      4.38      2.00     5   6.0108
#         726       0.01034      9.44      2.00     5   6.0109
#         727       0.01059     22.89      2.00     5   6.0126
#         728       0.00880      9.69      1.00     6   6.0121
#         729       0.01231     37.45      2.00     5   6.0133
#         731       0.00961     12.45      2.00     5   6.0197
#         732       0.00891      9.49      1.00     6   6.0193
#         733       0.01392     10.63      2.00     6   6.0197
#         734       0.01023      7.64      2.00     5   6.0210
#         736       0.01043     10.08      2.00     5   6.0207
#         738       0.01074     22.35      2.00     5   6.0222
#         739       0.05164      8.80      2.00     6   6.0220
#         740       0.01000      7.75      2.00     5   6.0228
#         741       0.01870     13.99      2.00     6   6.0236
#         742       0.00879      9.47      1.00     6   6.0232
#         744       0.02469      7.24      2.00     6   6.0240
#         745       0.01203     23.71      2.00     6   6.0236
#         746       0.02518      5.36      2.00     5   6.0248
#         747       0.01021     28.20      2.00     6   6.0259
#         748       0.01764      6.45      2.00     6   6.0263
#         749       0.00857      9.39      1.00     6   6.0274
#         750       0.01701      9.28      2.00     6   6.0272
#         752       0.01024      6.22      2.00     5   6.0362
#         753       0.01393      4.52      2.00     5   6.0369
#         754       0.01062      4.85      2.00     5   6.0380
#         755       0.01399     12.02      2.00     5   6.0404
#         757       0.01064      4.87      2.00     5   6.0435
#         758       0.01611      9.90      2.00     6   6.0443
#         759       0.01061      7.09      2.00     5   6.0469
#         760       0.00947      7.80      2.00     4   6.0501
#         761       0.01605      9.91      2.00     6   6.0498
#         762       0.01614      4.13      2.00     4   6.0581
#         763       0.01713      7.06      2.00     5   6.0595
#         764       0.01708      6.90      2.00     6   6.0610
#         765       0.02038      6.78      2.00     6   6.0610
#         768       0.01092     14.44      2.00     6   6.0617
#         769       0.01020     18.63      2.00     6   6.0618
#         770       0.05049     13.43      2.00     6   6.0625
#         771       0.01887      6.53      2.00     6   6.0632
#         772       0.01883     10.98      2.00     6   6.0631
#         773       0.01100     43.57      2.00     6   6.0636
#         777       0.02000      4.13      2.00     6   6.0652
#         779       0.05086     10.60      2.00     6   6.0671
#         780       0.01787     15.17      2.00     6   6.0677
#         781       0.02304      6.89      2.00     6   6.0678
#         782       0.00982     14.54      2.00     5   6.0683
#         783       0.01001      8.24      2.00     5   6.0687
#         786       0.01689     10.08      2.00     6   6.0693
#         787       0.01697      4.72      2.00     6   6.0693
#         788       0.01797     12.82      2.00     6   6.0693
#         789       0.01682      4.00      2.00     6   6.0693
#         790       0.01602      6.05      2.00     6   6.0699
#         792       0.00985     14.34      2.00     5   6.0737
#         793       0.01790      5.26      2.00     4   6.0743
#         794       0.01131     15.59      2.00     6   6.0744
#         795       0.01126     14.75      2.00     6   6.0744
#         797       0.01005      8.70      2.00     5   6.0755
#         798       0.00647     16.88      2.00     5   6.0761
#         799       0.01646      4.22      2.00     4   6.0763
#         800       0.01177      6.19      2.00     5   6.0765
#         801       0.01613      8.99      2.00     6   6.0776
#         802       0.00950      4.31      2.00     3   6.0798
#         803       0.01038     13.19      2.00     6   6.0798
#         805       0.01115      4.65      2.00     6   6.0800
#         806       0.01842      7.49      2.00     6   6.0800
#         807       0.01028     18.56      2.00     6   6.0799
#         808       0.01821      7.19      2.00     5   6.0804
#         809       0.01556      5.18      2.00     5   6.0808
#         810       0.02752     10.18      2.00     5   6.0805
#         811       0.01714      6.84      2.00     5   6.0806
#         812       0.01127     41.74      2.00     6   6.0814
#         813       0.01075     13.31      2.00     6   6.0817
#         814       0.02013      6.11      2.00     5   6.0833
#         816       0.01227     12.78      2.00     6   6.0839
#         817       0.01418      4.22      2.00     5   6.0842
#         818       0.01100     16.36      2.00     6   6.0840
#         819       0.01275     24.41      2.00     6   6.0860
#         820       0.02214      4.64      2.00     5   6.0867
#         821       0.01133     14.98      2.00     6   6.0871
#         822       0.01116      5.01      2.00     6   6.0869
#         823       0.01847      4.84      2.00     5   6.0895
#         824       0.01115      6.74      2.00     6   6.0894
#         825       0.01125     14.05      2.00     6   6.0894
#         826       0.01073     14.19      2.00     6   6.0890
#         828       0.01986      4.29      2.00     5   6.0922
#         829       0.01686      5.15      2.00     5   6.0926
#         832       0.01138      8.42      2.00     6   6.0942
#         833       0.01071     17.42      2.00     6   6.0946
#         834       0.01093     20.27      2.00     6   6.0947
#         835       0.01079     12.86      2.00     6   6.0957
#         836       0.01748      4.74      2.00     5   6.0967
#         837       0.01314     19.84      2.00     6   6.0970
#         838       0.01300      4.56      2.00     4   6.0980
#         839       0.00834      5.83      2.00     5   6.0987
#         840       0.03184      7.98      2.00     6   6.1007
#         842       0.01114      6.72      2.00     6   6.1018
#         843       0.01708      4.86      2.00     5   6.1023
#         844       0.01074     14.27      2.00     6   6.1027
#         845       0.01306     52.65      2.00     5   6.1029
#         847       0.00651     14.48      2.00     5   6.1054
#         848       0.00863      5.56      2.00     5   6.1059
#         849       0.00851      5.76      2.00     5   6.1059
#         850       0.01759      4.45      2.00     5   6.1064
#         851       0.01032     16.07      2.00     5   6.1079
#         852       0.01688     11.06      2.00     6   6.1082
#         853       0.00648     16.82      2.00     5   6.1091
#         854       0.01068     17.95      2.00     6   6.1095
#         855       0.01819      4.19      2.00     4   6.1096
#         857       0.00854      5.54      2.00     5   6.1109
#         858       0.00848      5.74      2.00     5   6.1109
#         860       0.01705     11.01      2.00     6   6.1121
#         861       0.01053      7.26      2.00     6   6.1127
#         862       0.01038     15.82      2.00     5   6.1149
#         863       0.01059      4.15      2.00     6   6.1150
#         865       0.03405      6.91      2.00     4   6.1168
#         866       0.01008     14.43      2.00     6   6.1183
#         867       0.01015     13.26      2.00     6   6.1183
#         868       0.01767      6.01      2.00     7   6.1178
#         869       0.01957      5.69      2.00     7   6.1182
#         871       0.00628     13.21      2.00     5   6.1193
#         872       0.01019     31.95      2.00     6   6.1193
#         873       0.00987     25.29      2.00     6   6.1193
#         874       0.00999     13.17      2.00     6   6.1197
#         875       0.01006     16.31      2.00     6   6.1197
#         876       0.01823     21.30      2.00     7   6.1198
#         877       0.02424      5.50      2.00     7   6.1202
#         878       0.01731      5.00      2.00     7   6.1209
#         879       0.01820     12.20      2.00     7   6.1216
#         880       0.01944      4.19      2.00     4   6.1219
#         882       0.01054     17.06      2.00     6   6.1232
#         883       0.01209     17.68      2.00     6   6.1232
#         885       0.01905      5.88      2.00     6   6.1241
#         886       0.01058      4.29      2.00     6   6.1246
#         887       0.01067      5.01      2.00     5   6.1266
#         888       0.01235      8.52      2.00     6   6.1266
#         889       0.01054      8.51      2.00     6   6.1266
#         892       0.00899      5.47      2.00     5   6.1270
#         893       0.00895      5.66      2.00     5   6.1270
#         894       0.01609      4.80      2.00     5   6.1281
#         896       0.02186      5.03      2.00     5   6.1297
#         898       0.01371     16.95      2.00     6   6.1300
#         899       0.01168      7.97      2.00     6   6.1299
#         901       0.01007      6.04      2.00     6   6.1304
#         902       0.01062      4.68      2.00     6   6.1305
#         903       0.01033      6.95      2.00     6   6.1304
#         904       0.00990     17.23      2.00     6   6.1315
#         905       0.00994      5.84      2.00     6   6.1314
#         906       0.01020     20.65      2.00     6   6.1315
#         907       0.01007     10.88      2.00     6   6.1314
#         908       0.01024     28.12      2.00     6   6.1320
#         909       0.00825      4.22      1.00     4   6.1329
#         910       0.01813      5.84      2.00     5   6.1330
#         911       0.00989     24.51      2.00     6   6.1329
#         912       0.01020     31.04      2.00     6   6.1329
#         913       0.01010     13.72      2.00     6   6.1333
#         914       0.01020     12.86      2.00     6   6.1333
#         915       0.02206      4.28      2.00     5   6.1350
#         916       0.01010     12.60      2.00     6   6.1347
#         917       0.01008     16.13      2.00     6   6.1347
#         918       0.00833      4.21      1.00     4   6.1362
#         921       0.01720      6.93      2.00     6   6.1366
#         922       0.02516      6.48      2.00     5   6.1370
#         924       0.05271      9.64      2.00     6   6.1390
#         925       0.01717     14.29      2.00     6   6.1400
#         926       0.01053     16.56      2.00     6   6.1401
#         927       0.01208     18.36      2.00     6   6.1401
#         928       0.02207      6.68      2.00     6   6.1399
#         929       0.01768     11.48      2.00     6   6.1399
#         930       0.01373      4.45      2.00     4   6.1406
#         931       0.01820      5.15      2.00     6   6.1405
#         932       0.02204      8.48      2.00     6   6.1406
#         933       0.02245      7.82      2.00     6   6.1405
#         935       0.02191      7.69      2.00     6   6.1411
#         936       0.01822      8.03      2.00     6   6.1420
#         941       0.01004      7.18      2.00     6   6.1457
#         943       0.01794      7.89      2.00     6   6.1461
#         944       0.01946      9.65      2.00     6   6.1461
#         945       0.00940      7.54      2.00     4   6.1466
#         946       0.01800      7.96      2.00     6   6.1478
#         947       0.00990     13.92      2.00     6   6.1485
#         949       0.01025     15.37      2.00     6   6.1485
#         951       0.01818      7.95      2.00     6   6.1504
#         952       0.01668     12.31      2.00     6   6.1518
#         953       0.04761     17.79      2.00     6   6.1516
#         954       0.01426      4.13      2.00     6   6.1517
#         955       0.04417     18.16      2.00     6   6.1527
#         956       0.01691     12.37      2.00     6   6.1533
#         957       0.01327      4.18      2.00     6   6.1532
#         958       0.01279      4.52      2.00     6   6.1533
#         959       0.01065      8.38      2.00     4   6.1544
#         961       0.01748      5.29      2.00     6   6.1540
#         962       0.01739      4.34      2.00     6   6.1540
#         964       0.01667      7.47      2.00     6   6.1548
#         965       0.01261      4.58      2.00     6   6.1550
#         966       0.01772     11.21      2.00     6   6.1559
#         967       0.01789      4.03      2.00     6   6.1559
#         968       0.01752     13.87      2.00     6   6.1559
#         970       0.01067      4.63      2.00     5   6.1569
#         971       0.01753      4.36      2.00     6   6.1569
#         972       0.01766      5.38      2.00     6   6.1569
#         973       0.02794     12.86      2.00     7   6.1566
#         974       0.01789     11.26      2.00     6   6.1574
#         975       0.01743     13.77      2.00     6   6.1574
#         977       0.02253      4.05      2.00     5   6.1586
#         978       0.01785      5.31      2.00     5   6.1591
#         980       0.02761      9.63      2.00     5   6.1614
#         981       0.01570      5.49      2.00     7   6.1627
#         982       0.01922     18.10      2.00     6   6.1629
#         983       0.01824      9.31      2.00     6   6.1642
#         984       0.01857      9.33      2.00     6   6.1650
#         985       0.01577      4.49      2.00     7   6.1661
#         986       0.01636      7.97      2.00     6   6.1672
#         988       0.00695     17.46      2.00     5   6.1706
#         989       0.02248      7.24      2.00     6   6.1718
#         991       0.02037     11.65      2.00     5   6.1729
#         995       0.00974     12.54      2.00     5   6.1788
#         996       0.00801      4.17      1.00     4   6.1877
#         998       0.00788      4.16      1.00     4   6.1908
#        1000       0.00974     12.10      2.00     5   6.1925
#        1002       0.01699      5.14      2.00     6   6.1957
#        1005       0.02566      4.18      2.00     5   6.2030
#        1006       0.01957      6.13      2.00     5   6.2030
#        1008       0.01781      8.86      2.00     6   6.2039
#        1009       0.00973      5.09      2.00     5   6.2046
#        1011       0.00611     16.83      1.00     4   6.2061
#        1015       0.00606     16.41      1.00     4   6.2144
#        1018       0.02241     10.85      2.00     6   6.2163
#        1019       0.01960      5.57      2.00     6   6.2170
#        1020       0.00986      5.76      2.00     3   6.2189
#        1021       0.02448     13.55      2.00     5   6.2186
#        1022       0.00851      4.14      1.00     4   6.2199
#        1023       0.00816      4.13      1.00     4   6.2210
#        1024       0.02345      7.02      2.00     5   6.2212
#        1025       0.00781     19.33      2.00     5   6.2210
#        1026       0.00796      4.13      1.00     4   6.2254
#        1027       0.00797      4.14      1.00     4   6.2264
#        1028       0.00841      4.13      1.00     4   6.2264
#        1029       0.00841      4.14      1.00     4   6.2286
#        1030       0.01799      4.31      2.00     5   6.2290
#        1031       0.02094      4.43      2.00     6   6.2301
#        1032       0.02237      7.77      2.00     5   6.2313
#        1034       0.01194      6.09      2.00     5   6.2345
#        1035       0.01822      4.21      2.00     5   6.2353
#        1037       0.02298      8.29      2.00     5   6.2388
#        1038       0.01782      4.27      2.00     5   6.2388
#        1039       0.01049     22.39      1.00     6   6.2388
#        1041       0.01199      5.94      2.00     5   6.2439
#        1045       0.01888      8.49      2.00     6   6.2484
#        1046       0.00836     17.16      2.00     5   6.2486
#        1047       0.02154     12.74      2.00     6   6.2488
#        1049       0.01783     14.92      2.00     6   6.2502
#        1050       0.03284      7.29      2.00     6   6.2506
#        1054       0.01058     21.38      1.00     6   6.2542
#        1055       0.01086      5.41      1.00     6   6.2543
#        1058       0.01543     82.32      2.00     5   6.2571
#        1060       0.02623      8.00      2.00     5   6.2597
#        1062       0.01120     11.39      2.00     5   6.2638
#        1064       0.01835      8.86      2.00     6   6.2661
#        1066       0.01042      8.18      2.00     6   6.2668
#        1067       0.01064      8.18      1.00     6   6.2678
#        1072       0.02740      4.68      2.00     4   6.2735
#        1073       0.01538     78.83      2.00     5   6.2737
#        1074       0.01643      4.67      2.00     5   6.2748
#        1075       0.01684      7.28      2.00     5   6.2752
#        1078       0.01042      6.38      2.00     6   6.2763
#        1081       0.01284      4.52      2.00     5   6.2813
#        1083       0.01708      7.59      2.00     5   6.2826
#        1085       0.01638      4.70      2.00     5   6.2837
#        1086       0.00668     21.10      2.00     5   6.2847
#        1087       0.00913      7.57      2.00     4   6.2861
#        1088       0.01303      4.03      2.00     5   6.2883
#        1089       0.01313      4.00      2.00     5   6.2883
#        1090       0.01633      4.00      2.00     5   6.2891
#        1092       0.01116      9.19      2.00     6   6.2906
#        1093       0.01054     11.79      2.00     6   6.2906
#        1095       0.05249     22.56      2.00     7   6.2915
#        1096       0.02320     15.01      2.00     7   6.2922
#        1097       0.01815     24.12      2.00     7   6.2921
#        1098       0.02839     15.85      2.00     7   6.2922
#        1099       0.01781      7.41      2.00     7   6.2921
#        1100       0.01537      4.72      2.00     5   6.2925
#        1101       0.01004     31.02      2.00     6   6.2924
#        1102       0.01641      8.45      2.00     7   6.2943
#        1103       0.02256      7.76      2.00     5   6.2946
#        1104       0.00987     21.13      2.00     6   6.2945
#        1105       0.01628      4.01      2.00     5   6.2958
#        1107       0.01293      4.50      2.00     5   6.2978
#        1109       0.01075      8.52      2.00     6   6.2976
#        1110       0.01364      4.73      2.00     6   6.2978
#        1111       0.01064     11.77      2.00     6   6.2977
#        1114       0.01524      4.78      2.00     5   6.2994
#        1115       0.01018     30.52      2.00     6   6.2992
#        1118       0.03271      9.46      2.00     5   6.3002
#        1121       0.01995      7.39      2.00     5   6.3017
#        1123       0.01935      5.07      2.00     5   6.3023
#        1124       0.01864     10.70      2.00     6   6.3041
#        1125       0.04290     16.82      2.00     6   6.3045
#        1127       0.00986     20.39      2.00     6   6.3056
#        1128       0.00979      7.47      2.00     6   6.3058
#        1129       0.00925      7.46      2.00     4   6.3063
#        1130       0.01388      4.01      2.00     6   6.3059
#        1131       0.01899      6.69      2.00     6   6.3068
#        1133       0.01569    110.80      1.00     6   6.3080
#        1134       0.01872      9.71      2.00     6   6.3100
#        1135       0.01803     10.57      2.00     6   6.3100
#        1136       0.01178      5.19      2.00     5   6.3110
#        1138       0.01841      4.84      2.00     6   6.3110
#        1141       0.01018      7.24      2.00     6   6.3122
#        1143       0.00975     10.37      2.00     6   6.3132
#        1144       0.01859      8.26      2.00     6   6.3146
#        1146       0.01003      7.18      2.00     6   6.3155
#        1147       0.01992      7.69      2.00     6   6.3182
#        1148       0.01547      4.08      2.00     5   6.3184
#        1150       0.04588     11.90      2.00     6   6.3187
#        1151       0.02001     10.94      2.00     6   6.3189
#        1152       0.02142      5.09      2.00     6   6.3190
#        1153       0.01539      5.05      2.00     6   6.3204
#        1154       0.01966      5.64      2.00     6   6.3237
#        1156       0.01060      7.73      2.00     5   6.3248
#        1159       0.01457      4.36      2.00     5   6.3266
#        1161       0.01415     51.47      1.00     6   6.3274
#        1162       0.04291     12.04      2.00     6   6.3277
#        1163       0.02033     10.33      2.00     6   6.3283
#        1165       0.02086      4.95      2.00     6   6.3286
#        1166       0.01545      5.07      2.00     6   6.3300
#        1168       0.01225      5.30      2.00     5   6.3306
#        1169       0.02003      5.60      2.00     6   6.3323
#        1173       0.01569    104.40      1.00     6   6.3329
#        1175       0.00941     15.47      2.00     5   6.3371
#        1176       0.02362     10.03      2.00     5   6.3373
#        1179       0.03041      7.27      1.00     6   6.3386
#        1182       0.01522     11.27      2.00     5   6.3406
#        1183       0.01772      5.08      2.00     5   6.3402
#        1185       0.01863      7.09      2.00     5   6.3411
#        1186       0.03211     10.78      2.00     5   6.3412
#        1187       0.01404     10.96      2.00     7   6.3410
#        1188       0.01598      4.07      2.00     5   6.3417
#        1189       0.02712      9.26      2.00     6   6.3413
#        1190       0.01101     28.45      2.00     7   6.3415
#        1191       0.01051     25.52      2.00     7   6.3416
#        1192       0.01624     14.00      2.00     7   6.3419
#        1193       0.01352     14.48      2.00     7   6.3419
#        1194       0.01016     61.02      2.00     7   6.3434
#        1195       0.02575     15.73      1.00     6   6.3441
#        1198       0.01461      4.30      2.00     5   6.3455
#        1200       0.02069      4.07      2.00     6   6.3465
#        1203       0.01413      6.22      1.00     6   6.3501
#        1205       0.01849     10.20      2.00     6   6.3516
#        1206       0.04092     16.14      2.00     6   6.3518
#        1208       0.03270      8.71      2.00     5   6.3532
#        1210       0.01526     10.83      2.00     7   6.3537
#        1211       0.01155     24.96      2.00     7   6.3543
#        1212       0.01354     37.36      2.00     7   6.3544
#        1213       0.01187     10.88      2.00     7   6.3543
#        1214       0.01657     37.11      2.00     7   6.3544
#        1216       0.02937      4.57      2.00     7   6.3550
#        1217       0.00846      4.03      1.00     4   6.3560
#        1218       0.00828      4.04      1.00     4   6.3558
#        1219       0.01919      6.33      2.00     6   6.3557
#        1220       0.01058     38.83      2.00     7   6.3564
#        1221       0.01416      6.07      1.00     6   6.3570
#        1222       0.01451     11.95      2.00     7   6.3568
#        1223       0.01058     28.30      2.00     7   6.3568
#        1224       0.01715     16.09      2.00     7   6.3570
#        1225       0.01388     16.78      2.00     7   6.3570
#        1226       0.01062     24.11      2.00     7   6.3569
#        1228       0.01862      4.61      2.00     6   6.3581
#        1231       0.01891      9.24      2.00     6   6.3585
#        1232       0.01796      9.76      2.00     6   6.3585
#        1233       0.01394      4.14      1.00     6   6.3586
#        1234       0.01395     27.03      1.00     6   6.3589
#        1235       0.01033     58.82      2.00     7   6.3585
#        1236       0.02380     10.08      2.00     5   6.3598
#        1239       0.01899      6.42      2.00     6   6.3608
#        1242       0.00953     14.97      2.00     5   6.3655
#        1243       0.01275      4.55      2.00     4   6.3674
#        1245       0.01407      6.28      2.00     7   6.3672
#        1246       0.05491     15.36      2.00     7   6.3676
#        1247       0.02019      7.20      2.00     6   6.3680
#        1248       0.02296      5.80      2.00     6   6.3682
#        1250       0.01064     22.62      2.00     7   6.3688
#        1251       0.01908     18.78      2.00     7   6.3692
#        1252       0.01159      4.97      2.00     7   6.3688
#        1253       0.01891      6.11      2.00     7   6.3692
#        1254       0.02526     12.54      2.00     7   6.3697
#        1255       0.03048     18.50      2.00     7   6.3697
#        1256       0.01375     40.49      2.00     7   6.3693
#        1257       0.01627     39.24      2.00     7   6.3693
#        1258       0.00943     10.84      2.00     5   6.3710
#        1259       0.01065     30.91      2.00     7   6.3716
#        1260       0.01818      7.68      2.00     7   6.3720
#        1263       0.02317      6.25      2.00     7   6.3782
#        1264       0.02183     15.51      2.00     7   6.3782
#        1265       0.02001     27.10      2.00     7   6.3781
#        1266       0.04783     32.80      2.00     7   6.3779
#        1267       0.01638      8.35      2.00     7   6.3780
#        1268       0.02328      4.80      2.00     7   6.3782
#        1269       0.04473     33.77      2.00     7   6.3786
#        1270       0.03391     21.96      2.00     7   6.3789
#        1271       0.02176      5.60      2.00     7   6.3796
#        1272       0.02129     15.48      2.00     7   6.3796
#        1273       0.02031     27.32      2.00     7   6.3793
#        1274       0.01687      8.43      2.00     7   6.3792
#        1275       0.01556      9.28      2.00     7   6.3796
#        1277       0.01561      9.49      2.00     7   6.3810
#        1278       0.01629      4.48      2.00     5   6.3821
#        1279       0.01713      8.42      2.00     5   6.3826
#        1280       0.02053      6.89      2.00     6   6.3836
#        1282       0.01655     13.53      2.00     6   6.3861
#        1284       0.02708      6.76      2.00     7   6.3922
#        1287       0.02865      9.86      2.00     6   6.3950
#        1288       0.04796      4.58      2.00     7   6.3948
#        1289       0.00955      8.39      2.00     5   6.3958
#        1291       0.01483     11.42      2.00     7   6.3959
#        1293       0.02573      6.48      2.00     5   6.3964
#        1294       0.01852     17.22      2.00     7   6.3964
#        1295       0.02557      5.72      2.00     7   6.3964
#        1296       0.02406      4.38      2.00     7   6.3963
#        1298       0.02445      5.45      2.00     7   6.3968
#        1299       0.01496      4.61      2.00     5   6.3972
#        1300       0.01782      8.17      2.00     5   6.3971
#        1301       0.02410     11.57      2.00     5   6.3977
#        1302       0.01799      5.11      2.00     6   6.3978
#        1303       0.01386      4.05      2.00     4   6.3984
#        1304       0.01771      8.68      2.00     7   6.3987
#        1305       0.02005      5.83      2.00     6   6.4006
#        1307       0.01638      4.39      2.00     5   6.4057
#        1310       0.01707      8.36      2.00     5   6.4075
#        1311       0.01547      9.12      2.00     6   6.4086
#        1312       0.01023      4.33      2.00     6   6.4086
#        1316       0.01113      8.61      2.00     5   6.4170
#        1318       0.02254      4.76      2.00     6   6.4214
#        1319       0.01033      5.31      2.00     6   6.4210
#        1320       0.01565     11.28      2.00     6   6.4210
#        1321       0.01506      4.48      2.00     5   6.4226
#        1323       0.02107      4.11      2.00     6   6.4261
#        1324       0.02113      7.72      2.00     6   6.4261
#        1325       0.02214     10.41      2.00     6   6.4262
#        1326       0.01824      5.28      2.00     6   6.4266
#        1327       0.02890      4.55      2.00     6   6.4275
#        1329       0.02162      6.47      2.00     6   6.4289
#        1330       0.01167      4.84      2.00     4   6.4321
#        1331       0.00708     32.42      2.00     5   6.4323
#        1333       0.02055      5.73      2.00     6   6.4351
#        1334       0.02416      9.82      2.00     6   6.4369
#        1336       0.00911     13.66      2.00     5   6.4406
#        1337       0.01727      4.58      2.00     5   6.4412
#        1339       0.00993     28.07      2.00     6   6.4452
#        1340       0.02264      9.12      1.00     6   6.4456
#        1341       0.02350      5.84      1.00     6   6.4454
#        1342       0.01738      6.32      2.00     6   6.4455
#        1343       0.01578     16.94      2.00     6   6.4456
#        1344       0.00707     31.36      2.00     5   6.4464
#        1345       0.02085     10.26      2.00     7   6.4530
#        1346       0.01493      4.22      2.00     5   6.4545
#        1347       0.01717      4.31      2.00     6   6.4545
#        1350       0.02552      4.11      2.00     6   6.4555
#        1351       0.01693      4.51      2.00     5   6.4568
#        1352       0.02383      5.62      2.00     6   6.4582
#        1353       0.00981     13.37      2.00     6   6.4586
#        1354       0.02343      9.59      2.00     7   6.4592
#        1355       0.02258      9.32      1.00     6   6.4606
#        1356       0.02200      8.96      2.00     6   6.4611
#        1358       0.01739      5.97      2.00     6   6.4630
#        1359       0.01501      4.25      2.00     5   6.4642
#        1360       0.01713      5.18      2.00     6   6.4643
#        1361       0.01772      4.82      2.00     6   6.4639
#        1362       0.01650      5.87      2.00     6   6.4639
#        1363       0.01266      4.21      2.00     4   6.4653
#        1364       0.01550      4.26      2.00     5   6.4653
#        1366       0.02387      5.81      1.00     6   6.4654
#        1367       0.02322      5.06      1.00     6   6.4653
#        1368       0.01979     16.43      2.00     6   6.4666
#        1371       0.00978      4.70      2.00     6   6.4682
#        1372       0.00980     13.04      2.00     6   6.4695
#        1374       0.01530      4.37      2.00     5   6.4746
#        1375       0.00971      6.80      2.00     6   6.4749
#        1376       0.01729      4.88      2.00     7   6.4760
#        1377       0.02010      7.02      2.00     6   6.4769
#        1378       0.01078      8.46      2.00     5   6.4777
#        1380       0.01794      5.95      2.00     6   6.4786
#        1381       0.01656      6.30      2.00     6   6.4786
#        1384       0.01658      5.22      2.00     6   6.4788
#        1387       0.01281      8.42      2.00     5   6.4821
#        1388       0.02238      5.80      2.00     6   6.4823
#        1390       0.03797     11.30      2.00     6   6.4827
#        1391       0.00722     85.13      2.00     6   6.4832
#        1393       0.01635      4.44      2.00     6   6.4841
#        1394       0.01684      6.00      2.00     7   6.4845
#        1396       0.01190     23.85      2.00     6   6.4882
#        1397       0.02444      5.39      2.00     7   6.4881
#        1399       0.02865      9.32      2.00     6   6.4893
#        1400       0.01703      5.04      2.00     6   6.4894
#        1402       0.01089      6.67      2.00     5   6.4903
#        1403       0.01635      6.90      2.00     6   6.4904
#        1404       0.01630      5.79      2.00     6   6.4903
#        1406       0.03547     24.93      2.00     7   6.4901
#        1408       0.02567     13.24      2.00     6   6.4909
#        1409       0.01690      4.91      2.00     6   6.4908
#        1410       0.02286      7.74      2.00     5   6.4931
#        1411       0.01473     19.45      2.00     6   6.4929
#        1412       0.02941      5.72      2.00     5   6.4936
#        1417       0.01578      4.96      2.00     6   6.4990
#        1418       0.02241      6.43      2.00     6   6.4989
#        1419       0.01935     13.22      2.00     6   6.4988
#        1420       0.00993      6.07      2.00     3   6.4995
#        1423       0.01546      4.11      2.00     5   6.4997
#        1424       0.01978      7.62      2.00     6   6.5004
#        1425       0.02578      7.87      2.00     5   6.5025
#        1427       0.01735      5.28      2.00     6   6.5025
#        1428       0.01730      4.53      2.00     6   6.5025
#        1429       0.01455      7.50      2.00     6   6.5054
#        1430       0.00725     81.03      2.00     6   6.5056
#        1431       0.02060     13.50      2.00     6   6.5059
#        1432       0.02984     12.24      2.00     6   6.5059
#        1433       0.01642      6.87      2.00     6   6.5064
#        1434       0.01449      6.22      2.00     6   6.5061
#        1435       0.02188      6.43      2.00     6   6.5060
#        1436       0.08437      5.62      2.00     6   6.5060
#        1437       0.01712      4.83      2.00     6   6.5069
#        1438       0.02948      9.26      2.00     6   6.5075
#        1439       0.01677      4.46      2.00     6   6.5075
#        1441       0.01808      5.70      2.00     6   6.5081
#        1442       0.01984      7.69      2.00     6   6.5077
#        1444       0.02637     13.38      2.00     6   6.5083
#        1445       0.02567      5.64      2.00     6   6.5088
#        1446       0.01632      5.40      2.00     6   6.5088
#        1447       0.00755     40.82      2.00     6   6.5091
#        1448       0.02904      8.30      2.00     6   6.5092
#        1450       0.01695      4.66      2.00     6   6.5107
#        1452       0.01672      4.28      2.00     6   6.5116
#        1453       0.01554      4.10      2.00     5   6.5119
#        1454       0.01178      9.10      2.00     5   6.5123
#        1456       0.01705      6.07      2.00     6   6.5124
#        1458       0.01004      4.45      2.00     4   6.5155
#        1459       0.01445      4.71      2.00     7   6.5152
#        1460       0.01315      7.49      2.00     7   6.5162
#        1461       0.00821     25.03      2.00     6   6.5163
#        1462       0.01140     13.27      2.00     7   6.5167
#        1463       0.01094     14.95      2.00     7   6.5168
#        1465       0.02965      5.74      2.00     6   6.5176
#        1466       0.00829     11.51      2.00     5   6.5183
#        1469       0.00995     50.30      2.00     7   6.5185
#        1474       0.01743      5.24      2.00     6   6.5207
#        1475       0.01629      4.23      2.00     7   6.5214
#        1476       0.01654      4.47      2.00     7   6.5214
#        1478       0.02172      5.06      2.00     6   6.5228
#        1481       0.01466      7.40      2.00     6   6.5234
#        1482       0.01734      4.22      2.00     6   6.5231
#        1483       0.03678     11.01      2.00     6   6.5230
#        1484       0.01752      9.71      2.00     5   6.5239
#        1485       0.00849     11.55      2.00     5   6.5237
#        1487       0.01502      4.92      2.00     6   6.5241
#        1488       0.02137      4.66      2.00     6   6.5246
#        1489       0.01670      4.26      2.00     6   6.5244
#        1490       0.01081      4.97      2.00     7   6.5246
#        1491       0.01745      4.17      2.00     6   6.5247
#        1492       0.02194     12.04      2.00     6   6.5246
#        1496       0.01455      5.72      2.00     6   6.5265
#        1497       0.02606      6.57      2.00     6   6.5267
#        1498       0.01138     18.76      2.00     7   6.5266
#        1500       0.01028     15.40      2.00     7   6.5289
#        1501       0.01096     12.42      2.00     7   6.5296
#        1502       0.01363      8.07      2.00     7   6.5295
#        1503       0.01111     14.42      2.00     7   6.5297
#        1504       0.01923      4.58      2.00     7   6.5293
#        1505       0.04742      4.60      2.00     7   6.5292
#        1506       0.01332      4.09      2.00     7   6.5298
#        1507       0.02410      4.32      2.00     7   6.5298
#        1509       0.01004     48.57      2.00     7   6.5312
#        1510       0.02121     12.81      2.00     7   6.5327
#        1511       0.02222     23.70      2.00     7   6.5333
#        1512       0.01719      7.58      2.00     7   6.5334
#        1514       0.04132     32.19      2.00     7   6.5337
#        1516       0.01758      9.55      2.00     5   6.5343
#        1517       0.01623      6.16      2.00     6   6.5342
#        1520       0.01641      5.08      2.00     6   6.5347
#        1521       0.01653      8.55      2.00     7   6.5351
#        1522       0.01654      7.07      2.00     6   6.5357
#        1523       0.01772      9.60      1.00     6   6.5352
#        1524       0.01075      6.75      2.00     7   6.5354
#        1526       0.01864      6.45      1.00     6   6.5361
#        1527       0.01242      6.72      2.00     7   6.5360
#        1529       0.01143     14.52      2.00     7   6.5361
#        1533       0.01209      8.87      2.00     5   6.5383
#        1534       0.01014     22.78      2.00     7   6.5382
#        1535       0.00685      4.29      2.00     4   6.5389
#        1538       0.01609      7.85      2.00     5   6.5403
#        1539       0.01916      4.55      2.00     6   6.5402
#        1543       0.02273      4.12      2.00     6   6.5418
#        1544       0.01089     14.59      2.00     7   6.5414
#        1545       0.01719      6.68      2.00     7   6.5418
#        1546       0.01126     10.99      2.00     7   6.5440
#        1547       0.01639      4.03      2.00     6   6.5464
#        1548       0.01560      5.14      2.00     6   6.5464
#        1549       0.03591      7.16      1.00     6   6.5464
#        1551       0.01103     14.56      2.00     7   6.5467
#        1552       0.02567      4.11      2.00     6   6.5476
#        1556       0.01581      5.73      2.00     6   6.5478
#        1557       0.01745      5.70      2.00     6   6.5480
#        1558       0.02239     11.40      2.00     6   6.5480
#        1559       0.01567      7.18      2.00     6   6.5485
#        1561       0.03039      8.09      2.00     6   6.5486
#        1564       0.01584      6.93      2.00     6   6.5491
#        1567       0.01562      5.91      2.00     6   6.5499
#        1568       0.01794      6.39      1.00     6   6.5496
#        1569       0.01683      4.95      2.00     6   6.5495
#        1571       0.01600      6.58      2.00     6   6.5501
#        1572       0.01917     17.28      2.00     6   6.5501
#        1573       0.01829      4.93      2.00     6   6.5510
#        1574       0.01581      6.82      2.00     6   6.5507
#        1575       0.02553     12.28      1.00     6   6.5507
#        1576       0.01609      4.74      2.00     7   6.5509
#        1577       0.01627      9.00      2.00     7   6.5506
#        1579       0.01751     11.05      2.00     7   6.5508
#        1580       0.01778      9.33      1.00     6   6.5523
#        1581       0.01126     11.16      2.00     7   6.5525
#        1582       0.01570      5.81      2.00     7   6.5523
#        1583       0.01200      5.73      2.00     5   6.5531
#        1584       0.01163      6.43      2.00     5   6.5527
#        1585       0.01613      5.80      2.00     6   6.5527
#        1586       0.02071      6.58      2.00     5   6.5535
#        1589       0.01657      6.99      2.00     6   6.5541
#        1590       0.03650      9.23      2.00     7   6.5538
#        1591       0.01634      4.85      2.00     6   6.5545
#        1592       0.01627      4.64      2.00     7   6.5548
#        1593       0.01968     10.96      2.00     7   6.5545
#        1595       0.01655      4.18      2.00     5   6.5553
#        1596       0.01034     41.90      2.00     6   6.5551
#        1598       0.01850      6.46      1.00     6   6.5560
#        1599       0.02725      8.32      2.00     6   6.5565
#        1600       0.01455      6.01      2.00     7   6.5562
#        1602       0.01484      4.99      2.00     5   6.5586
#        1603       0.01220      5.19      2.00     5   6.5586
#        1604       0.01490      5.03      2.00     5   6.5586
#        1606       0.00705      5.56      2.00     4   6.5604
#        1608       0.01776      4.30      2.00     6   6.5612
#        1609       0.01994      4.07      2.00     6   6.5614
#        1610       0.01823      5.37      2.00     6   6.5620
#        1611       0.01884      6.91      2.00     6   6.5617
#        1612       0.02595      4.48      2.00     6   6.5615
#        1615       0.01506     17.01      2.00     6   6.5627
#        1617       0.00920     10.33      2.00     3   6.5641
#        1618       0.01547      4.84      2.00     6   6.5641
#        1619       0.01572      4.53      2.00     6   6.5646
#        1620       0.01775      6.26      2.00     6   6.5646
#        1621       0.01607      6.76      2.00     6   6.5646
#        1622       0.02072     13.57      2.00     6   6.5642
#        1625       0.01684      5.15      2.00     6   6.5653
#        1626       0.01612      5.61      2.00     6   6.5651
#        1627       0.01846     16.64      2.00     6   6.5650
#        1629       0.01160      9.29      2.00     5   6.5659
#        1630       0.01556      5.02      2.00     6   6.5661
#        1631       0.01558      4.83      2.00     6   6.5670
#        1632       0.01572      6.98      2.00     6   6.5677
#        1633       0.01105      4.45      2.00     7   6.5677
#        1634       0.01581      5.61      2.00     6   6.5683
#        1635       0.01589      6.68      2.00     6   6.5684
#        1636       0.01674      4.62      2.00     6   6.5683
#        1637       0.00709      5.71      2.00     4   6.5685
#        1638       0.01110      6.35      2.00     7   6.5700
#        1639       0.02143      6.81      2.00     5   6.5705
#        1640       0.01556      5.51      2.00     6   6.5704
#        1642       0.00930      9.72      2.00     5   6.5711
#        1643       0.01586      6.69      2.00     6   6.5711
#        1644       0.01493      4.34      2.00     5   6.5724
#        1645       0.01667      4.14      2.00     5   6.5720
#        1646       0.02120      4.20      1.00     6   6.5724
#        1647       0.01259     15.70      2.00     7   6.5720
#        1648       0.02278      7.14      2.00     6   6.5726
#        1649       0.03157     11.11      2.00     6   6.5727
#        1651       0.02131      4.33      2.00     6   6.5727
#        1652       0.02368      4.17      2.00     6   6.5727
#        1653       0.02294      9.20      2.00     7   6.5730
#        1655       0.01072     12.51      2.00     7   6.5732
#        1657       0.01052     26.70      2.00     7   6.5742
#        1658       0.00861     31.30      2.00     6   6.5747
#        1659       0.01060     12.43      2.00     7   6.5747
#        1660       0.01253     14.81      2.00     7   6.5753
#        1662       0.01209      5.36      2.00     7   6.5767
#        1663       0.01105      5.50      2.00     7   6.5764
#        1664       0.00842     30.59      2.00     6   6.5775
#        1667       0.02557      8.69      2.00     7   6.5785
#        1670       0.02745     11.18      2.00     6   6.5795
#        1671       0.01812      6.67      2.00     6   6.5800
#        1672       0.01112      6.98      2.00     7   6.5802
#        1674       0.01035     12.05      2.00     7   6.5804
#        1675       0.01714      4.13      2.00     7   6.5808
#        1678       0.01713      4.28      2.00     6   6.5816
#        1679       0.02111     12.03      2.00     7   6.5819
#        1680       0.02156     22.54      2.00     7   6.5820
#        1681       0.04019     30.98      2.00     7   6.5822
#        1682       0.01774      7.23      2.00     7   6.5821
#        1684       0.01052     25.96      2.00     7   6.5826
#        1685       0.01051      5.97      2.00     7   6.5825
#        1686       0.01179      9.21      2.00     5   6.5833
#        1687       0.01706      5.61      2.00     6   6.5834
#        1688       0.01076     12.15      2.00     7   6.5831
#        1689       0.01050      5.55      2.00     7   6.5835
#        1690       0.01689      8.11      2.00     7   6.5836
#        1691       0.01033     16.45      2.00     7   6.5836
#        1692       0.01248      9.84      2.00     5   6.5844
#        1694       0.01076     11.92      2.00     7   6.5845
#        1695       0.01873      4.49      2.00     6   6.5852
#        1696       0.00941     11.69      2.00     4   6.5860
#        1697       0.02599      4.65      2.00     6   6.5862
#        1701       0.01919      4.01      2.00     6   6.5886
#        1702       0.01245      7.60      2.00     5   6.5899
#        1704       0.01757     11.42      2.00     7   6.5920
#        1705       0.01922     13.82      2.00     7   6.5921
#        1708       0.01840      8.62      2.00     7   6.5941
#        1709       0.01496      4.22      2.00     5   6.5954
#        1711       0.01296      8.02      2.00     5   6.5987
#        1717       0.01280      7.00      2.00     7   6.6015
#        1718       0.02013      4.69      2.00     7   6.6038
#        1719       0.02182      5.84      2.00     6   6.6044
#        1720       0.02036     13.81      2.00     6   6.6045
#        1721       0.04222     11.18      2.00     7   6.6056
#        1722       0.01846      6.38      2.00     7   6.6056
#        1723       0.02114      7.35      2.00     6   6.6062
#        1724       0.02912      7.80      2.00     7   6.6063
#        1726       0.00700      6.77      2.00     4   6.6075
#        1727       0.01302      7.22      2.00     7   6.6083
#        1728       0.00801     12.89      2.00     5   6.6114
#        1729       0.02029      4.75      2.00     7   6.6119
#        1730       0.00726      4.82      2.00     5   6.6125
#        1731       0.01878      6.59      2.00     7   6.6124
#        1732       0.00761      4.80      2.00     5   6.6158
#        1733       0.01273     26.15      2.00     6   6.6169
#        1734       0.01138      5.29      2.00     5   6.6185
#        1735       0.01763      4.36      2.00     6   6.6200
#        1736       0.01964      4.64      2.00     6   6.6199
#        1737       0.02612      5.29      2.00     6   6.6199
#        1739       0.01968     14.01      2.00     6   6.6221
#        1740       0.02224      9.01      2.00     7   6.6227
#        1741       0.02585      7.15      2.00     5   6.6251
#        1742       0.02359      8.34      2.00     7   6.6268
#        1744       0.02210      5.67      2.00     6   6.6296
#        1745       0.02091     13.60      2.00     6   6.6297
#        1747       0.02158      7.17      2.00     6   6.6312
#        1750       0.02306      4.05      2.00     6   6.6349
#        1751       0.01623      4.50      2.00     6   6.6360
#        1752       0.02213      7.51      2.00     5   6.6379
#        1754       0.00741      5.07      2.00     5   6.6398
#        1755       0.01214     17.79      2.00     6   6.6414
#        1756       0.01299     25.58      2.00     6   6.6426
#        1757       0.00745      5.06      2.00     5   6.6429
#        1758       0.02270      8.87      2.00     7   6.6459
#        1759       0.00702      6.41      2.00     4   6.6464
#        1760       0.02363      8.21      2.00     7   6.6500
#        1762       0.01778      5.96      2.00     7   6.6507
#        1764       0.02434      8.74      2.00     6   6.6532
#        1765       0.02928      4.03      2.00     6   6.6536
#        1766       0.01029     16.23      2.00     5   6.6560
#        1767       0.00719      5.19      2.00     5   6.6582
#        1768       0.00702     14.77      1.00     6   6.6584
#        1769       0.00720      5.27      2.00     5   6.6587
#        1770       0.00725      5.18      2.00     5   6.6593
#        1771       0.00754      5.26      2.00     5   6.6609
#        1772       0.00716      5.22      2.00     5   6.6609
#        1773       0.00714      5.21      2.00     5   6.6618
#        1775       0.02906      6.04      2.00     6   6.6616
#        1776       0.01697      4.20      2.00     6   6.6617
#        1777       0.02806     11.15      2.00     6   6.6618
#        1778       0.02876     10.64      2.00     7   6.6622
#        1779       0.01788      5.57      2.00     6   6.6635
#        1780       0.01785      6.55      2.00     6   6.6635
#        1781       0.01351      4.93      2.00     5   6.6661
#        1782       0.01355      4.97      2.00     5   6.6661
#        1784       0.00809     14.52      2.00     5   6.6667
#        1785       0.01870      6.47      2.00     7   6.6667
#        1787       0.01060      4.70      2.00     7   6.6677
#        1788       0.01065      9.80      2.00     7   6.6684
#        1789       0.01810     15.07      2.00     7   6.6684
#        1792       0.01204     11.75      2.00     6   6.6704
#        1795       0.02811     11.77      2.00     6   6.6713
#        1796       0.01795      6.58      2.00     6   6.6728
#        1797       0.02020      6.96      2.00     6   6.6731
#        1798       0.02866      5.15      2.00     6   6.6735
#        1799       0.01723      4.18      2.00     6   6.6736
#        1801       0.00942      9.91      2.00     5   6.6746
#        1802       0.01875      4.29      2.00     6   6.6745
#        1803       0.01800      5.27      2.00     6   6.6752
#        1804       0.00702     14.27      1.00     6   6.6784
#        1805       0.01056      4.31      2.00     7   6.6787
#        1806       0.04705     10.72      2.00     7   6.6791
#        1807       0.00693      6.41      2.00     4   6.6804
#        1808       0.01513      8.02      2.00     6   6.6806
#        1810       0.01516      6.43      2.00     6   6.6813
#        1811       0.03035      9.00      2.00     7   6.6812
#        1812       0.01068     12.22      2.00     7   6.6808
#        1813       0.01753     19.16      2.00     7   6.6808
#        1814       0.01977      5.73      2.00     6   6.6820
#        1815       0.02015      7.11      2.00     6   6.6829
#        1816       0.02189      4.93      2.00     6   6.6825
#        1817       0.02496      4.83      2.00     6   6.6825
#        1818       0.01983      5.84      2.00     7   6.6831
#        1819       0.02583      6.94      2.00     7   6.6842
#        1820       0.02439     16.83      2.00     7   6.6842
#        1821       0.02290     31.33      2.00     7   6.6851
#        1822       0.02084      9.33      2.00     7   6.6847
#        1823       0.01727      5.52      2.00     6   6.6865
#        1824       0.02022     10.44      2.00     7   6.6869
#        1825       0.02605      9.94      2.00     7   6.6870
#        1826       0.02198     10.76      2.00     7   6.6870
#        1828       0.02177     13.92      2.00     7   6.6874
#        1829       0.02958      9.98      2.00     7   6.6876
#        1831       0.02177     33.60      2.00     7   6.6897
#        1833       0.00718      6.42      1.00     6   6.6908
#        1836       0.01517      7.91      2.00     6   6.6962
#        1837       0.01859      9.25      2.00     5   6.6970
#        1840       0.01522      5.84      2.00     6   6.6993
#        1841       0.01894      9.24      2.00     5   6.7007
#        1842       0.03083     12.55      2.00     5   6.7010
#        1843       0.03021     12.88      2.00     5   6.7041
#        1846       0.02112      5.43      2.00     6   6.7055
#        1849       0.01710      5.05      2.00     6   6.7066
#        1850       0.01532      5.93      2.00     6   6.7073
#        1851       0.02006      9.62      2.00     6   6.7070
#        1853       0.02696      4.98      2.00     6   6.7085
#        1854       0.01915     18.46      2.00     6   6.7083
#        1855       0.01526      6.70      2.00     6   6.7088
#        1856       0.01750      9.85      2.00     7   6.7089
#        1857       0.01924      4.43      2.00     6   6.7106
#        1858       0.01713      5.72      2.00     7   6.7103
#        1859       0.08660      7.25      2.00     7   6.7113
#        1860       0.04075      7.02      2.00     7   6.7114
#        1861       0.01072     70.30      2.00     6   6.7121
#        1862       0.01711      8.73      2.00     7   6.7127
#        1863       0.03086     17.81      2.00     7   6.7126
#        1864       0.01680      7.39      2.00     7   6.7127
#        1865       0.02869     21.06      2.00     7   6.7127
#        1866       0.01705      5.96      2.00     7   6.7130
#        1869       0.03707      4.19      2.00     7   6.7141
#        1870       0.01808     12.43      2.00     7   6.7145
#        1871       0.01797     10.48      2.00     7   6.7144
#        1872       0.06908     10.37      2.00     7   6.7140
#        1875       0.01729      5.23      2.00     6   6.7171
#        1876       0.03574     10.12      2.00     7   6.7168
#        1878       0.02108      4.71      2.00     6   6.7174
#        1879       0.01520     42.88      2.00     7   6.7173
#        1880       0.00970      9.41      2.00     5   6.7182
#        1883       0.01721      4.21      2.00     6   6.7187
#        1884       0.01923     18.17      2.00     6   6.7186
#        1886       0.01544      5.68      2.00     6   6.7191
#        1887       0.01989     10.09      2.00     6   6.7190
#        1888       0.01537      6.69      2.00     6   6.7205
#        1889       0.01729      5.27      2.00     6   6.7216
#        1890       0.01524      6.88      2.00     6   6.7216
#        1891       0.02090      8.95      2.00     6   6.7216
#        1893       0.01525      6.49      2.00     6   6.7223
#        1895       0.01076     67.61      2.00     6   6.7234
#        1896       0.00650      4.51      2.00     4   6.7239
#        1897       0.01616      4.20      2.00     6   6.7246
#        1898       0.04621      8.07      2.00     5   6.7254
#        1899       0.01460      5.03      2.00     6   6.7251
#        1901       0.00955     27.75      2.00     6   6.7256
#        1902       0.01453      5.89      2.00     6   6.7259
#        1903       0.01072      5.20      2.00     4   6.7264
#        1904       0.00734      5.90      2.00     5   6.7270
#        1905       0.02684      8.99      2.00     5   6.7269
#        1906       0.00734      5.90      2.00     5   6.7272
#        1907       0.01890      6.67      2.00     7   6.7303
#        1908       0.01684      8.74      2.00     7   6.7304
#        1909       0.01767      5.88      2.00     7   6.7304
#        1910       0.03837     13.39      2.00     7   6.7303
#        1912       0.02947     20.84      2.00     7   6.7305
#        1914       0.01743      4.29      2.00     6   6.7313
#        1916       0.01835     12.28      2.00     7   6.7320
#        1917       0.01964      8.34      2.00     7   6.7325
#        1918       0.03061     16.65      2.00     7   6.7328
#        1919       0.01719      6.64      2.00     7   6.7330
#        1920       0.01699      6.92      2.00     7   6.7329
#        1921       0.01751      5.40      2.00     6   6.7341
#        1922       0.01536      6.80      2.00     6   6.7341
#        1924       0.01817      9.71      2.00     7   6.7344
#        1926       0.01538      6.31      2.00     6   6.7347
#        1928       0.01041     12.53      2.00     6   6.7376
#        1930       0.01602      4.22      2.00     6   6.7386
#        1931       0.01790      5.06      2.00     7   6.7406
#        1932       0.03478      8.66      2.00     7   6.7407
#        1933       0.01120      7.99      2.00     5   6.7411
#        1934       0.01771      6.18      2.00     7   6.7412
#        1935       0.01467      4.66      2.00     6   6.7432
#        1936       0.03332      7.17      2.00     7   6.7427
#        1937       0.01724      9.27      2.00     7   6.7428
#        1939       0.02017      6.09      2.00     7   6.7434
#        1940       0.01458      5.78      2.00     6   6.7438
#        1942       0.01542     19.52      2.00     6   6.7446
#        1943       0.01941      4.19      2.00     7   6.7448
#        1944       0.00658      4.34      2.00     3   6.7464
#        1945       0.02069      5.67      2.00     6   6.7462
#        1946       0.02196      5.95      2.00     6   6.7462
#        1947       0.01657      4.94      2.00     6   6.7463
#        1948       0.01206      7.28      2.00     6   6.7468
#        1949       0.01405      4.88      2.00     6   6.7470
#        1953       0.01792     15.53      2.00     6   6.7480
#        1954       0.02554      5.49      2.00     5   6.7482
#        1955       0.01730      9.28      2.00     7   6.7484
#        1956       0.01112      4.93      2.00     6   6.7490
#        1957       0.01988      6.63      2.00     5   6.7487
#        1958       0.01619      8.11      2.00     5   6.7488
#        1959       0.01257     10.05      2.00     6   6.7501
#        1960       0.01064      9.96      2.00     6   6.7501
#        1961       0.01552     19.59      2.00     6   6.7497
#        1963       0.01807      8.10      2.00     7   6.7509
#        1965       0.00629      4.44      2.00     3   6.7522
#        1969       0.01736      5.13      2.00     7   6.7536
#        1971       0.01823      9.84      2.00     7   6.7550
#        1973       0.01154      7.90      2.00     5   6.7561
#        1974       0.01364      8.76      2.00     6   6.7567
#        1975       0.02284     20.12      2.00     7   6.7565
#        1976       0.02318      8.72      2.00     7   6.7565
#        1977       0.01771      5.51      2.00     7   6.7564
#        1979       0.01921      6.90      2.00     7   6.7568
#        1980       0.01949      8.11      2.00     7   6.7568
#        1984       0.01709     12.41      2.00     7   6.7576
#        1985       0.02094     12.25      2.00     7   6.7575
#        1986       0.01091      4.59      2.00     6   6.7579
#        1987       0.02057      5.55      2.00     6   6.7583
#        1988       0.02244      5.89      2.00     6   6.7584
#        1991       0.01747      9.89      2.00     7   6.7579
#        1992       0.02083     10.06      2.00     7   6.7583
#        1993       0.02164     23.68      2.00     7   6.7580
#        1995       0.01430      7.58      2.00     7   6.7591
#        1996       0.01808     32.31      2.00     7   6.7593
#        1997       0.01819     15.21      2.00     6   6.7599
#        1998       0.01539     11.55      2.00     7   6.7598
#        1999       0.02497      6.68      2.00     5   6.7604
#        2000       0.01404      5.56      2.00     6   6.7610
#        2001       0.02847     12.08      2.00     6   6.7606
#        2002       0.02418     17.76      2.00     6   6.7633
#        2003       0.01082    195.50      2.00     7   6.7630
#        2004       0.01940     14.05      2.00     7   6.7641
#        2005       0.02355      5.59      2.00     7   6.7641
#        2006       0.02918     23.09      2.00     7   6.7642
#        2007       0.02322      7.30      2.00     7   6.7642
#        2008       0.02093      5.76      2.00     7   6.7650
#        2009       0.01860      6.88      2.00     7   6.7650
#        2010       0.02236      8.39      2.00     7   6.7657
#        2011       0.01774      4.37      2.00     7   6.7660
#        2012       0.02594      5.79      2.00     7   6.7662
#        2013       0.01099     13.10      2.00     5   6.7687
#        2014       0.01752      8.49      2.00     7   6.7700
#        2015       0.01763     10.35      2.00     7   6.7697
#        2016       0.01926      5.80      2.00     7   6.7703
#        2017       0.02975     12.76      2.00     7   6.7702
#        2019       0.02503      8.08      2.00     7   6.7708
#        2020       0.02194     23.21      2.00     7   6.7710
#        2021       0.02030      7.49      2.00     7   6.7709
#        2022       0.02402     20.62      2.00     7   6.7708
#        2023       0.02597      9.87      2.00     7   6.7715
#        2025       0.01911     13.31      2.00     7   6.7715
#        2026       0.02183      7.83      2.00     7   6.7714
#        2028       0.02662      5.09      2.00     7   6.7725
#        2029       0.02316      6.48      2.00     7   6.7724
#        2030       0.02540      7.95      2.00     7   6.7725
#        2031       0.02927      4.79      2.00     7   6.7724
#        2032       0.01727     11.89      2.00     7   6.7726
#        2033       0.01726      7.26      2.00     7   6.7724
#        2034       0.01766      8.32      2.00     7   6.7724
#        2035       0.02260     16.51      2.00     7   6.7724
#        2036       0.01985      8.60      2.00     7   6.7724
#        2037       0.01055     13.27      2.00     5   6.7729
#        2038       0.02109     10.16      2.00     7   6.7730
#        2039       0.01973     10.77      2.00     7   6.7730
#        2040       0.01773     11.58      2.00     7   6.7732
#        2041       0.02782     10.46      2.00     7   6.7730
#        2042       0.02213     11.54      2.00     7   6.7730
#        2043       0.01910      4.29      2.00     7   6.7735
#        2044       0.02045      6.69      2.00     6   6.7742
#        2045       0.01739      5.52      2.00     7   6.7740
#        2046       0.01630      8.57      2.00     7   6.7745
#        2047       0.01971     22.53      2.00     7   6.7745
#        2048       0.02083     31.98      2.00     7   6.7751
#        2051       0.01730     12.08      2.00     7   6.7763
#        2052       0.02098     11.91      2.00     7   6.7762
#        2053       0.02164     18.79      2.00     7   6.7767
#        2054       0.01948      7.30      2.00     7   6.7769
#        2055       0.01977      8.47      2.00     7   6.7769
#        2056       0.02358      8.20      2.00     7   6.7768
#        2057       0.00985     26.11      2.00     6   6.7774
#        2058       0.01699      9.75      2.00     7   6.7781
#        2059       0.01834     31.22      2.00     7   6.7778
#        2060       0.02204     23.34      2.00     7   6.7782
#        2063       0.02055      9.42      2.00     7   6.7783
#        2064       0.01552     11.35      2.00     7   6.7797
#        2065       0.01105     90.73      2.00     7   6.7795
#        2066       0.01753      8.72      2.00     7   6.7801
#        2067       0.02104      7.03      2.00     6   6.7814
#        2068       0.01090    185.50      2.00     7   6.7826
#        2069       0.01251     12.51      2.00     6   6.7852
#        2070       0.01754      6.79      2.00     7   6.7856
#        2071       0.00607      4.70      2.00     5   6.7866
#        2072       0.01682      6.34      2.00     6   6.7863
#        2073       0.02111      6.09      2.00     7   6.7863
#        2074       0.01421      6.98      2.00     6   6.7885
#        2075       0.01639      8.36      2.00     7   6.7890
#        2076       0.01644      7.95      2.00     7   6.7895
#        2077       0.00671      4.59      2.00     4   6.7906
#        2078       0.01715     10.00      2.00     7   6.7906
#        2079       0.01118     45.78      2.00     7   6.7909
#        2080       0.01659     30.77      2.00     7   6.7913
#        2081       0.00796     12.28      2.00     6   6.7920
#        2082       0.01108     19.87      2.00     6   6.7920
#        2083       0.01751     11.49      2.00     7   6.7933
#        2084       0.01723     11.13      2.00     7   6.7939
#        2086       0.02282      7.51      2.00     7   6.8001
#        2088       0.01559     57.89      2.00     7   6.8007
#        2089       0.01447      7.55      2.00     7   6.8013
#        2090       0.01953     14.29      2.00     7   6.8011
#        2091       0.02442      5.38      2.00     7   6.8012
#        2092       0.03020     21.96      2.00     7   6.8016
#        2093       0.02306     11.24      2.00     7   6.8016
#        2094       0.00599      8.06      2.00     4   6.8031
#        2095       0.01885      6.64      2.00     7   6.8032
#        2096       0.02060      9.26      2.00     6   6.8038
#        2097       0.01551     56.30      2.00     7   6.8038
#        2098       0.02847     12.46      2.00     5   6.8040
#        2099       0.02132      6.87      2.00     6   6.8040
#        2100       0.02282     16.17      2.00     7   6.8038
#        2101       0.03084     24.10      2.00     7   6.8039
#        2102       0.01761      5.36      2.00     7   6.8038
#        2103       0.02595      6.52      2.00     7   6.8039
#        2105       0.00621      7.48      2.00     4   6.8056
#        2106       0.02609      7.55      2.00     7   6.8056
#        2107       0.02209     14.06      2.00     7   6.8056
#        2108       0.01752      6.43      2.00     7   6.8060
#        2109       0.01507      4.65      2.00     6   6.8069
#        2110       0.01638      5.11      2.00     7   6.8067
#        2111       0.02298     10.48      2.00     7   6.8068
#        2112       0.02923      4.77      2.00     7   6.8072
#        2113       0.02342      6.42      2.00     7   6.8072
#        2114       0.01806      4.22      2.00     7   6.8078
#        2115       0.01901      6.84      2.00     7   6.8083
#        2116       0.01689      6.40      2.00     7   6.8095
#        2117       0.01798      5.76      2.00     7   6.8095
#        2118       0.01986      6.61      2.00     7   6.8095
#        2119       0.02693      5.91      2.00     7   6.8100
#        2120       0.02563      8.35      2.00     7   6.8100
#        2121       0.02066     17.97      2.00     7   6.8123
#        2123       0.01791      7.58      2.00     7   6.8138
#  1645/2000 paths used
#  -----------------------------------------------------------------------
#       k          chi          mag           phase @#
     0.0000    8.729823E-01  1.032716E+01  8.463366E-02
     0.0500    1.167002E+00  1.013111E+01  1.154462E-01
     0.1000    1.447479E+00  9.936208E+00  1.461974E-01
     0.1500    2.204229E+00  9.386843E+00  2.370346E-01
     0.2000    2.844476E+00  8.847324E+00  3.273205E-01
     0.2500    3.675749E+00  8.055828E+00  4.738151E-01
     0.3000    4.228347E+00  7.289140E+00  6.188374E-01
     0.3500    4.665150E+00  6.407141E+00  8.155711E-01
     0.4000    4.713281E+00  5.566186E+00  1.009884E+00
     0.4500    4.511448E+00  4.751018E+00  1.251878E+00
     0.5000    3.974035E+00  3.986515E+00  1.491650E+00
     0.5500    3.262133E+00  3.333734E+00  1.778427E+00
     0.6000    2.404160E+00  2.732094E+00  2.065794E+00
     0.6500    1.534284E+00  2.280344E+00  2.403565E+00
     0.7000    7.197078E-01  1.872464E+00  2.747074E+00
     0.7500    8.116680E-03  1.610713E+00  3.136553E+00
     0.8000   -5.214256E-01  1.378623E+00  3.529468E+00
     0.8500   -9.026705E-01  1.258504E+00  3.941450E+00
     0.9000   -1.067008E+00  1.144591E+00  4.342086E+00
     0.9500   -1.093301E+00  1.093454E+00  4.729113E+00
     1.0000   -9.510532E-01  1.026385E+00  5.097903E+00
     1.0500   -7.329933E-01  9.879221E-01  5.447204E+00
     1.1000   -4.447365E-01  9.247851E-01  5.781495E+00
     1.1500   -1.598122E-01  8.702911E-01  6.098507E+00
     1.2000    9.504257E-02  7.929174E-01  6.403339E+00
     1.2500    2.873424E-01  7.191777E-01  6.694204E+00
     1.3000    3.992139E-01  6.293888E-01  6.970273E+00
     1.3500    4.428689E-01  5.446284E-01  7.232743E+00
     1.4000    4.205735E-01  4.532424E-01  7.471984E+00
     1.4500    3.666509E-01  3.717427E-01  7.688279E+00
     1.5000    2.928460E-01  2.928490E-01  7.858499E+00
     1.5500    2.282981E-01  2.303392E-01  7.987206E+00
     1.6000    1.777071E-01  1.804790E-01  8.029469E+00
     1.6500    1.459644E-01  1.484711E-01  8.038001E+00
     1.7000    1.306209E-01  1.321784E-01  8.007647E+00
     1.7500    1.202034E-01  1.218792E-01  8.020000E+00
     1.8000    1.114102E-01  1.138253E-01  8.060347E+00
     1.8500    9.849318E-02  1.019830E-01  8.116344E+00
     1.9000    9.072398E-02  9.430491E-02  8.130440E+00
     1.9500    6.105994E-02  6.165247E-02  7.992735E+00
     2.0000    8.441624E-02  8.695866E-02  8.096389E+00
     2.0500    8.366728E-02  8.727592E-02  8.142549E+00
     2.1000    8.597131E-02  9.183559E-02  8.213280E+00
     2.1500    8.544497E-02  9.657922E-02  8.338898E+00
     2.2000    7.728381E-02  9.644813E-02  8.495314E+00
     2.2500    5.875470E-02  8.614358E-02  8.674208E+00
     2.3000    4.448081E-02  7.466867E-02  8.786630E+00
     2.3500    3.821934E-02  6.519100E-02  8.798335E+00
     2.4000    4.100392E-02  6.249004E-02  8.709050E+00
     2.4500    4.413572E-02  6.397807E-02  8.663487E+00
     2.5000    4.951201E-02  7.138819E-02  8.658358E+00
     2.5500    5.359424E-02  8.280071E-02  8.720783E+00
     2.6000    5.295727E-02  9.627462E-02  8.842336E+00
     2.6500    4.357808E-02  1.059097E-01  9.000718E+00
     2.7000    2.774255E-02  1.156188E-01  9.182465E+00
     2.7500    5.410725E-03  1.247215E-01  9.381382E+00
     2.8000   -2.206970E-02  1.326979E-01  9.591870E+00
     2.8500   -5.017979E-02  1.362491E-01  9.801952E+00
     2.9000   -7.725017E-02  1.385160E-01  1.001639E+01
     2.9500   -1.007496E-01  1.394377E-01  1.023225E+01
     3.0000   -1.187035E-01  1.391175E-01  1.044698E+01
     3.0500   -1.285921E-01  1.364926E-01  1.065367E+01
     3.1000   -1.319981E-01  1.332783E-01  1.085686E+01
     3.1500   -1.294451E-01  1.296792E-01  1.105567E+01
     3.2000   -1.218706E-01  1.259087E-01  1.124952E+01
     3.2500   -1.101954E-01  1.217609E-01  1.143496E+01
     3.3000   -9.598662E-02  1.180507E-01  1.161692E+01
     3.3500   -7.979175E-02  1.147043E-01  1.179707E+01
     3.4000   -6.214292E-02  1.115980E-01  1.197579E+01
     3.4500   -4.379109E-02  1.087821E-01  1.215206E+01
     3.5000   -2.497368E-02  1.062661E-01  1.232914E+01
     3.5500   -6.100065E-03  1.039227E-01  1.250764E+01
     3.6000    1.228979E-02  1.016285E-01  1.268760E+01
     3.6500    2.928640E-02  9.924352E-02  1.286593E+01
     3.7000    4.450798E-02  9.676198E-02  1.304434E+01
     3.7500    5.739982E-02  9.418687E-02  1.322171E+01
     3.8000    6.761496E-02  9.157521E-02  1.339700E+01
     3.8500    7.507493E-02  8.918253E-02  1.356700E+01
     3.9000    7.996141E-02  8.694245E-02  1.373370E+01
     3.9500    8.254788E-02  8.498030E-02  1.389733E+01
     4.0000    8.314648E-02  8.340190E-02  1.405888E+01
     4.0500    8.212429E-02  8.239434E-02  1.421815E+01
     4.1000    7.948085E-02  8.185364E-02  1.437854E+01
     4.1500    7.512419E-02  8.173505E-02  1.454213E+01
     4.2000    6.882532E-02  8.193522E-02  1.471069E+01
     4.2500    6.052101E-02  8.247410E-02  1.488404E+01
     4.3000    4.988357E-02  8.306877E-02  1.506383E+01
     4.3500    3.694890E-02  8.356350E-02  1.524995E+01
     4.4000    2.204783E-02  8.381816E-02  1.544179E+01
     4.4500    5.863232E-03  8.390527E-02  1.563803E+01
     4.5000   -1.082125E-02  8.357655E-02  1.583780E+01
     4.5500   -2.697003E-02  8.279139E-02  1.603978E+01
     4.6000   -4.155020E-02  8.154701E-02  1.624260E+01
     4.6500   -5.380465E-02  7.998854E-02  1.644575E+01
     4.7000   -6.300774E-02  7.806494E-02  1.664722E+01
     4.7500   -6.885436E-02  7.585151E-02  1.684586E+01
     4.8000   -7.136709E-02  7.343691E-02  1.704077E+01
     4.8500   -7.090015E-02  7.097559E-02  1.723265E+01
     4.9000   -6.782131E-02  6.850222E-02  1.741987E+01
     4.9500   -6.267580E-02  6.610946E-02  1.760247E+01
     5.0000   -5.598935E-02  6.387269E-02  1.778085E+01
     5.0500   -4.820855E-02  6.190840E-02  1.795695E+01
     5.1000   -3.964371E-02  6.019017E-02  1.813054E+01
     5.1500   -3.052922E-02  5.872214E-02  1.830283E+01
     5.2000   -2.103227E-02  5.748582E-02  1.847499E+01
     5.2500   -1.121399E-02  5.651772E-02  1.864981E+01
     5.3000   -1.281314E-03  5.570392E-02  1.882655E+01
     5.3500    8.552436E-03  5.499310E-02  1.900571E+01
     5.4000    1.801542E-02  5.433741E-02  1.918750E+01
     5.4500    2.692714E-02  5.375569E-02  1.937421E+01
     5.5000    3.480259E-02  5.314498E-02  1.956356E+01
     5.5500    4.129298E-02  5.248002E-02  1.975522E+01
     5.6000    4.609900E-02  5.174473E-02  1.994886E+01
     5.6500    4.907199E-02  5.097477E-02  2.014626E+01
     5.7000    4.996736E-02  5.010982E-02  2.034493E+01
     5.7500    4.877166E-02  4.915021E-02  2.054454E+01
     5.8000    4.558887E-02  4.809881E-02  2.074483E+01
     5.8500    4.065279E-02  4.701897E-02  2.094679E+01
     5.9000    3.422302E-02  4.585747E-02  2.114868E+01
     5.9500    2.668126E-02  4.462338E-02  2.135024E+01
     6.0000    1.845114E-02  4.332691E-02  2.155124E+01
     6.0500    9.975870E-03  4.215908E-02  2.175226E+01
     6.1000    1.600078E-03  4.096484E-02  2.195208E+01
     6.1500   -6.312053E-03  3.975843E-02  2.215058E+01
     6.2000   -1.345775E-02  3.855385E-02  2.234772E+01
     6.2500   -1.960514E-02  3.736404E-02  2.254352E+01
     6.3000   -2.459426E-02  3.619988E-02  2.273810E+01
     6.3500   -2.833101E-02  3.506928E-02  2.293166E+01
     6.4000   -3.077679E-02  3.397632E-02  2.312449E+01
     6.4500   -3.193743E-02  3.292090E-02  2.331690E+01
     6.5000   -3.185455E-02  3.189887E-02  2.350922E+01
     6.5500   -3.086853E-02  3.118511E-02  2.370456E+01
     6.6000   -2.874304E-02  3.047415E-02  2.390062E+01
     6.6500   -2.559014E-02  2.975401E-02  2.409736E+01
     6.7000   -2.157098E-02  2.901528E-02  2.429455E+01
     6.7500   -1.689228E-02  2.825228E-02  2.449185E+01
     6.8000   -1.179463E-02  2.746381E-02  2.468885E+01
     6.8500   -6.533934E-03  2.665323E-02  2.488507E+01
     6.9000   -1.359426E-03  2.582805E-02  2.508008E+01
     6.9500    3.507435E-03  2.499897E-02  2.527351E+01
     7.0000    7.888726E-03  2.417857E-02  2.546510E+01
     7.0500    1.179262E-02  2.349054E-02  2.565867E+01
     7.1000    1.500403E-02  2.282293E-02  2.585012E+01
     7.1500    1.747458E-02  2.218760E-02  2.603962E+01
     7.2000    1.919235E-02  2.159288E-02  2.622752E+01
     7.2500    2.016874E-02  2.104278E-02  2.641431E+01
     7.3000    2.042802E-02  2.053694E-02  2.660050E+01
     7.3500    2.000202E-02  2.007124E-02  2.678661E+01
     7.4000    1.893010E-02  1.963892E-02  2.697303E+01
     7.4500    1.726287E-02  1.923206E-02  2.716002E+01
     7.5000    1.506690E-02  1.884294E-02  2.734770E+01
     7.5500    1.241244E-02  1.846803E-02  2.753729E+01
     7.6000    9.428731E-03  1.810526E-02  2.772658E+01
     7.6500    6.235921E-03  1.775591E-02  2.791548E+01
     7.7000    2.954176E-03  1.742256E-02  2.810395E+01
     7.7500   -3.029188E-04  1.710848E-02  2.829204E+01
     7.8000   -3.432841E-03  1.681693E-02  2.847991E+01
     7.8500   -6.345733E-03  1.655038E-02  2.866783E+01
     7.9000   -8.963285E-03  1.630981E-02  2.885618E+01
     7.9500   -1.121600E-02  1.609434E-02  2.904539E+01
     8.0000   -1.304038E-02  1.590098E-02  2.923592E+01
     8.0500   -1.440887E-02  1.576312E-02  2.942759E+01
     8.1000   -1.525498E-02  1.564583E-02  2.962114E+01
     8.1500   -1.553598E-02  1.554214E-02  2.981697E+01
     8.2000   -1.522078E-02  1.544399E-02  3.001535E+01
     8.2500   -1.429745E-02  1.534284E-02  3.021641E+01
     8.3000   -1.278100E-02  1.523034E-02  3.042015E+01
     8.3500   -1.071964E-02  1.509883E-02  3.062648E+01
     8.4000   -8.197703E-03  1.494174E-02  3.083518E+01
     8.4500   -5.334140E-03  1.475384E-02  3.104600E+01
     8.5000   -2.276415E-03  1.453134E-02  3.125862E+01
     8.5500    8.236507E-04  1.435925E-02  3.147332E+01
     8.6000    3.818805E-03  1.415311E-02  3.168913E+01
     8.6500    6.545150E-03  1.391241E-02  3.190573E+01
     8.7000    8.856788E-03  1.363764E-02  3.212277E+01
     8.7500    1.063753E-02  1.333017E-02  3.233990E+01
     8.8000    1.180976E-02  1.299221E-02  3.255677E+01
     8.8500    1.233952E-02  1.262673E-02  3.277303E+01
     8.9000    1.223740E-02  1.223742E-02  3.298830E+01
     8.9500    1.155507E-02  1.182866E-02  3.320222E+01
     9.0000    1.037809E-02  1.140549E-02  3.341443E+01
     9.0500    8.873439E-03  1.105715E-02  3.362603E+01
     9.1000    7.076070E-03  1.070475E-02  3.383534E+01
     9.1500    5.103093E-03  1.035402E-02  3.404214E+01
     9.2000    3.064975E-03  1.001075E-02  3.424635E+01
     9.2500    1.058009E-03  9.680398E-03  3.444801E+01
     9.3000   -8.398970E-04  9.367701E-03  3.464730E+01
     9.3500   -2.569921E-03  9.076294E-03  3.484459E+01
     9.4000   -4.090024E-03  8.808343E-03  3.504040E+01
     9.4500   -5.370791E-03  8.564319E-03  3.523536E+01
     9.5000   -6.390873E-03  8.342955E-03  3.543015E+01
     9.5500   -7.177831E-03  8.185998E-03  3.562677E+01
     9.6000   -7.676607E-03  8.045393E-03  3.582437E+01
     9.6500   -7.873174E-03  7.916746E-03  3.602335E+01
     9.7000   -7.759659E-03  7.795310E-03  3.622399E+01
     9.7500   -7.337989E-03  7.676452E-03  3.642637E+01
     9.8000   -6.623413E-03  7.556048E-03  3.663042E+01
     9.8500   -5.646771E-03  7.430783E-03  3.683593E+01
     9.9000   -4.454664E-03  7.298317E-03  3.704259E+01
     9.9500   -3.107281E-03  7.157346E-03  3.725003E+01
    10.0000   -1.674146E-03  7.007545E-03  3.745787E+01
    10.0500   -2.258259E-04  6.880822E-03  3.766629E+01
    10.1000    1.178424E-03  6.747335E-03  3.787466E+01
    10.1500    2.473336E-03  6.608100E-03  3.808274E+01
    10.2000    3.603000E-03  6.464422E-03  3.829031E+01
    10.2500    4.523734E-03  6.317733E-03  3.849722E+01
    10.3000    5.205555E-03  6.169462E-03  3.870337E+01
    10.3500    5.632389E-03  6.020926E-03  3.890870E+01
    10.4000    5.801297E-03  5.873263E-03  3.911320E+01
    10.4500    5.721082E-03  5.727407E-03  3.931691E+01
    10.5000    5.410537E-03  5.584081E-03  3.951987E+01
    10.5500    4.896572E-03  5.443819E-03  3.972214E+01
    10.6000    4.212299E-03  5.307004E-03  3.992380E+01
    10.6500    3.395172E-03  5.173893E-03  4.012492E+01
    10.7000    2.485183E-03  5.044649E-03  4.032559E+01
    10.7500    1.523182E-03  4.919354E-03  4.052590E+01
    10.8000    5.493433E-04  4.798015E-03  4.072596E+01
    10.8500   -3.981648E-04  4.680563E-03  4.092588E+01
    10.9000   -1.284287E-03  4.566847E-03  4.112577E+01
    10.9500   -2.077972E-03  4.456628E-03  4.132577E+01
    11.0000   -2.752879E-03  4.349584E-03  4.152601E+01
    11.0500   -3.321920E-03  4.284713E-03  4.172789E+01
    11.1000   -3.742927E-03  4.222741E-03  4.193016E+01
    11.1500   -4.002699E-03  4.163214E-03  4.213291E+01
    11.2000   -4.094038E-03  4.105662E-03  4.233624E+01
    11.2500   -4.016127E-03  4.049618E-03  4.254020E+01
    11.3000   -3.774718E-03  3.994621E-03  4.274486E+01
    11.3500   -3.382082E-03  3.940222E-03  4.295026E+01
    11.4000   -2.856688E-03  3.885968E-03  4.315644E+01
    11.4500   -2.222613E-03  3.831401E-03  4.336344E+01
    11.5000   -1.508703E-03  3.776050E-03  4.357128E+01
    11.5500   -7.474760E-04  3.719427E-03  4.377995E+01
    11.6000    2.620471E-05  3.661044E-03  4.398945E+01
    11.6500    7.767147E-04  3.600430E-03  4.419973E+01
    11.7000    1.469458E-03  3.537164E-03  4.441072E+01
    11.7500    2.072793E-03  3.470907E-03  4.462229E+01
    11.8000    2.559961E-03  3.401438E-03  4.483432E+01
    11.8500    2.910809E-03  3.328681E-03  4.504663E+01
    11.9000    3.113101E-03  3.252724E-03  4.525903E+01
    11.9500    3.163217E-03  3.173815E-03  4.547135E+01
    12.0000    3.066141E-03  3.092355E-03  4.568339E+01
    12.0500    2.867074E-03  3.047308E-03  4.589875E+01
    12.1000    2.540319E-03  3.000245E-03  4.611413E+01
    12.1500    2.105731E-03  2.951268E-03  4.632941E+01
    12.2000    1.588267E-03  2.900615E-03  4.654444E+01
    12.2500    1.016224E-03  2.848641E-03  4.675911E+01
    12.3000    4.193136E-04  2.795783E-03  4.697334E+01
    12.3500   -1.732055E-04  2.742511E-03  4.718709E+01
    12.4000   -7.341008E-04  2.689270E-03  4.740037E+01
    12.4500   -1.239327E-03  2.636428E-03  4.761327E+01
    12.5000   -1.668758E-03  2.584223E-03  4.782589E+01
    12.5500   -2.006584E-03  2.532741E-03  4.803839E+01
    12.6000   -2.241499E-03  2.481902E-03  4.825091E+01
    12.6500   -2.366847E-03  2.431487E-03  4.846359E+01
    12.7000   -2.380775E-03  2.381168E-03  4.867651E+01
    12.7500   -2.286393E-03  2.330574E-03  4.888971E+01
    12.8000   -2.091831E-03  2.279350E-03  4.910315E+01
    12.8500   -1.810040E-03  2.227219E-03  4.931673E+01
    12.9000   -1.458211E-03  2.174037E-03  4.953028E+01
    12.9500   -1.056747E-03  2.119818E-03  4.974361E+01
    13.0000   -6.278666E-04  2.064746E-03  4.995650E+01
    13.0500   -1.980688E-04  2.023823E-03  5.016746E+01
    13.1000    2.228212E-04  1.982999E-03  5.037809E+01
    13.1500    6.163374E-04  1.942345E-03  5.058838E+01
    13.2000    9.661630E-04  1.901936E-03  5.079833E+01
    13.2500    1.258787E-03  1.861850E-03  5.100793E+01
    13.3000    1.483985E-03  1.822176E-03  5.121718E+01
    13.3500    1.635099E-03  1.783005E-03  5.142609E+01
    13.4000    1.709099E-03  1.744422E-03  5.163470E+01
    13.4500    1.706454E-03  1.706493E-03  5.184304E+01
    13.5000    1.630852E-03  1.669250E-03  5.205118E+01
    13.5500    1.488829E-03  1.632685E-03  5.225921E+01
    13.6000    1.289351E-03  1.596745E-03  5.246720E+01
    13.6500    1.043381E-03  1.561340E-03  5.267521E+01
    13.7000    7.634157E-04  1.526352E-03  5.288329E+01
    13.7500    4.629899E-04  1.491652E-03  5.309147E+01
    13.8000    1.561087E-04  1.457128E-03  5.329973E+01
    13.8500   -1.433864E-04  1.422695E-03  5.350803E+01
    13.9000   -4.224948E-04  1.388316E-03  5.371630E+01
    13.9500   -6.697169E-04  1.354004E-03  5.392447E+01
    14.0000   -8.756207E-04  1.319824E-03  5.413248E+01
    14.0500   -1.047529E-03  1.300627E-03  5.434343E+01
    14.1000   -1.168165E-03  1.281305E-03  5.455448E+01
    14.1500   -1.233455E-03  1.261782E-03  5.476558E+01
    14.2000   -1.242001E-03  1.242002E-03  5.497664E+01
    14.2500   -1.195178E-03  1.221947E-03  5.518757E+01
    14.3000   -1.097050E-03  1.201657E-03  5.539822E+01
    14.3500   -9.540622E-04  1.181239E-03  5.560846E+01
    14.4000   -7.745465E-04  1.160853E-03  5.581819E+01
    14.4500   -5.680824E-04  1.140695E-03  5.602736E+01
    14.5000   -3.448442E-04  1.120970E-03  5.623597E+01
    14.5500   -1.150243E-04  1.101859E-03  5.644409E+01
    14.6000    1.115992E-04  1.083492E-03  5.665185E+01
    14.6500    3.259432E-04  1.065937E-03  5.685943E+01
    14.7000    5.197979E-04  1.049192E-03  5.706699E+01
    14.7500    6.859673E-04  1.033205E-03  5.727472E+01
    14.8000    8.184294E-04  1.017887E-03  5.748274E+01
    14.8500    9.125309E-04  1.003144E-03  5.769116E+01
    14.9000    9.651853E-04  9.888927E-04  5.790006E+01
    14.9500    9.750231E-04  9.750715E-04  5.810950E+01
    15.0000    9.424471E-04  9.616369E-04  5.831957E+01
    15.0500    8.764106E-04  9.542648E-04  5.852621E+01
    15.1000    7.737583E-04  9.470839E-04  5.873409E+01
    15.1500    6.385527E-04  9.398719E-04  5.894331E+01
    15.2000    4.764449E-04  9.323938E-04  5.915392E+01
    15.2500    2.945858E-04  9.244093E-04  5.936593E+01
    15.3000    1.014132E-04  9.156827E-04  5.957928E+01
    15.3500   -9.370670E-05  9.059953E-04  5.979388E+01
    15.4000   -2.809878E-04  8.951589E-04  6.000956E+01
    15.4500   -4.508542E-04  8.830284E-04  6.022612E+01
    15.5000   -5.946331E-04  8.695122E-04  6.044331E+01
    15.5500   -7.052253E-04  8.545772E-04  6.066088E+01
    15.6000   -7.776596E-04  8.382503E-04  6.087851E+01
    15.6500   -8.094522E-04  8.206141E-04  6.109593E+01
    15.7000   -8.007234E-04  8.017989E-04  6.131286E+01
    15.7500   -7.540667E-04  7.819733E-04  6.152902E+01
    15.8000   -6.742009E-04  7.613335E-04  6.174417E+01
    15.8500   -5.674639E-04  7.400943E-04  6.195810E+01
    15.9000   -4.412187E-04  7.184813E-04  6.217061E+01
    15.9500   -3.032407E-04  6.967245E-04  6.238155E+01
    16.0000   -1.611473E-04  6.750536E-04  6.259081E+01
    16.0500   -2.397130E-05  6.568990E-04  6.279535E+01
    16.1000    1.058431E-04  6.394590E-04  6.299814E+01
    16.1500    2.238105E-04  6.229194E-04  6.319936E+01
    16.2000    3.264789E-04  6.074127E-04  6.339931E+01
    16.2500    4.113167E-04  5.930119E-04  6.359834E+01
    16.3000    4.765586E-04  5.797287E-04  6.379683E+01
    16.3500    5.210594E-04  5.675150E-04  6.399522E+01
    16.4000    5.441934E-04  5.562688E-04  6.419391E+01
    16.4500    5.458192E-04  5.458432E-04  6.439327E+01
    16.5000    5.263123E-04  5.360574E-04  6.459362E+01
    16.5500    4.866469E-04  5.267098E-04  6.479520E+01
    16.6000    4.284959E-04  5.175912E-04  6.499815E+01
    16.6500    3.543107E-04  5.084979E-04  6.520255E+01
    16.7000    2.673428E-04  4.992428E-04  6.540835E+01
    16.7500    1.715789E-04  4.896652E-04  6.561545E+01
    16.8000    7.157577E-05  4.796384E-04  6.582366E+01
    16.8500   -2.779823E-05  4.690741E-04  6.603274E+01
    16.9000   -1.216902E-04  4.579252E-04  6.624242E+01
    16.9500   -2.056177E-04  4.461855E-04  6.645238E+01
    17.0000   -2.758041E-04  4.338875E-04  6.666231E+01
    17.0500   -3.328302E-04  4.241542E-04  6.687564E+01
    17.1000   -3.717005E-04  4.139834E-04  6.708834E+01
    17.1500   -3.915163E-04  4.034799E-04  6.730012E+01
    17.2000   -3.925446E-04  3.927648E-04  6.751075E+01
    17.2500   -3.760792E-04  3.819686E-04  6.772007E+01
    17.3000   -3.442245E-04  3.712225E-04  6.792798E+01
    17.3500   -2.996408E-04  3.606515E-04  6.813444E+01
    17.4000   -2.452904E-04  3.503662E-04  6.833950E+01
    17.4500   -1.842168E-04  3.404576E-04  6.854331E+01
    17.5000   -1.193767E-04  3.309920E-04  6.874606E+01
    17.5500   -5.353327E-05  3.220079E-04  6.894801E+01
    17.6000    1.079716E-05  3.135159E-04  6.914948E+01
    17.6500    7.135901E-05  3.054988E-04  6.935080E+01
    17.7000    1.261521E-04  2.979153E-04  6.955229E+01
    17.7500    1.734262E-04  2.907036E-04  6.975426E+01
    17.8000    2.116906E-04  2.837870E-04  6.995700E+01
    17.8500    2.397451E-04  2.770791E-04  7.016070E+01
    17.9000    2.567337E-04  2.704898E-04  7.036554E+01
    17.9500    2.622103E-04  2.639306E-04  7.057160E+01
    18.0000    2.562057E-04  2.573190E-04  7.077889E+01
    18.0500    2.428062E-04  2.541107E-04  7.098524E+01
    18.1000    2.192129E-04  2.507539E-04  7.119281E+01
    18.1500    1.865555E-04  2.471985E-04  7.140147E+01
    18.2000    1.464602E-04  2.434099E-04  7.161100E+01
    18.2500    1.009664E-04  2.393691E-04  7.182120E+01
    18.3000    5.239967E-05  2.350729E-04  7.203183E+01
    18.3500    3.215711E-06  2.305321E-04  7.224268E+01
    18.4000   -4.416707E-05  2.257707E-04  7.245353E+01
    18.4500   -8.752738E-05  2.208228E-04  7.266419E+01
    18.5000   -1.249750E-04  2.157302E-04  7.287451E+01
    18.5500   -1.550458E-04  2.105389E-04  7.308440E+01
    18.6000   -1.767524E-04  2.052958E-04  7.329379E+01
    18.6500   -1.895903E-04  2.000446E-04  7.350271E+01
    18.7000   -1.935088E-04  1.948230E-04  7.371121E+01
    18.7500   -1.888575E-04  1.896595E-04  7.391943E+01
    18.8000   -1.763221E-04  1.845713E-04  7.412753E+01
    18.8500   -1.568613E-04  1.795633E-04  7.433573E+01
    18.9000   -1.316507E-04  1.746276E-04  7.454426E+01
    18.9500   -1.020368E-04  1.697454E-04  7.475333E+01
    19.0000   -6.949669E-05  1.648882E-04  7.496315E+01
    19.0500   -3.627803E-05  1.617482E-04  7.517201E+01
    19.1000   -2.611514E-06  1.585561E-04  7.538175E+01
    19.1500    2.996279E-05  1.552796E-04  7.559240E+01
    19.2000    5.994649E-05  1.518876E-04  7.580394E+01
    19.2500    8.596474E-05  1.483533E-04  7.601629E+01
    19.3000    1.068528E-04  1.446551E-04  7.622932E+01
    19.3500    1.217380E-04  1.407789E-04  7.644287E+01
    19.4000    1.301050E-04  1.367185E-04  7.665671E+01
    19.4500    1.318353E-04  1.324764E-04  7.687060E+01
    19.5000    1.272137E-04  1.280634E-04  7.708428E+01
    19.5500    1.168977E-04  1.234984E-04  7.729744E+01
    19.6000    1.018541E-04  1.188071E-04  7.750980E+01
    19.6500    8.326893E-05  1.140214E-04  7.772107E+01
    19.7000    6.244253E-05  1.091773E-04  7.793095E+01
    19.7500    4.068148E-05  1.043139E-04  7.813919E+01
    19.8000    1.920089E-05  9.947121E-05  7.834557E+01
    19.8500   -9.535425E-07  9.468876E-05  7.854989E+01
    19.9000   -1.895661E-05  9.000361E-05  7.875203E+01
    19.9500   -3.422604E-05  8.544874E-05  7.895193E+01
    20.0000   -4.641821E-05  8.105153E-05  7.914961E+01
