# # Once                                                         FEFF 10.0.0 
# # POT  SCF 100  9.0000   0, NO core-hole, FOLP (folp(0)= 1.150)
# # Abs   Z=30 Rmt= 1.375 Rnm= 1.521 K  shell
# #   RGRID 0.0100
# # Pot 1 Z= 6 Rmt= 0.900 Rnm= 1.123
# # Pot 2 Z= 6 Rmt= 0.929 Rnm= 1.166
# # Pot 3 Z= 1 Rmt= 0.551 Rnm= 0.940
# # Pot 4 Z=16 Rmt= 1.261 Rnm= 1.482
# # Gam_ch=1.897E+00 H-L exch Vi=-5.000E-01 Vr= 0.000E+00
# # Mu=-7.252E+00eV kf=1.992E+00 Vint=-1.326E+01eV Rs_int= 1.821
# # PATH  Rmax= 9.000,  Keep_limit= 0.00, Heap_limit 0.00  Pwcrit= 2.50%
#  S02=1.000  Temp=  10.00  Debye_temp= 315.00  Global_sig2= 0.00000
#  Energy zero shift, vr, vi    0.00000E+00   0.00000E+00
#  Curved wave amplitude ratio filter   4.000%
#     file         sig2 tot  cw amp ratio   deg  nlegs   reff  inp sig2
#           1       0.00298    100.00      1.00     2   2.3551
#           2       0.00303     99.43      1.00     2   2.3607
#           3       0.00309     99.05      1.00     2   2.3644
#           4       0.00305     98.91      1.00     2   2.3657
#           5       0.02698     14.11      1.00     2   3.0552
#           6       0.02226     14.07      1.00     2   3.0588
#           7       0.02839     13.78      1.00     2   3.0857
#           8       0.02693     13.59      1.00     2   3.1029
#           9       0.00584     85.72      2.00     2   3.2931
#          10       0.00657     41.76      1.00     2   3.3276
#          11       0.00605     41.39      1.00     2   3.3396
#          12       0.03415      9.01      1.00     2   3.6722
#          13       0.02363      8.85      1.00     2   3.6978
#          14       0.01108     17.59      2.00     3   3.7227
#          15       0.01391     16.77      2.00     3   3.7358
#          16       0.01354     18.34      2.00     3   3.7369
#          17       0.00420     48.65      2.00     3   3.7381
#          18       0.00411     48.39      2.00     3   3.7418
#          19       0.00435     47.98      2.00     3   3.7599
#          20       0.00419     48.07      2.00     3   3.7637
#          21       0.01318     17.02      2.00     3   3.7666
#          22       0.03260      7.86      1.00     2   3.8796
#          23       0.01465      8.96      2.00     3   3.9123
#          24       0.01630      8.91      2.00     3   3.9145
#          25       0.01644      8.89      2.00     3   3.9259
#          26       0.01631      8.84      2.00     3   3.9355
#          27       0.03767      7.19      1.00     2   4.0220
#          28       0.01304     12.74      2.00     3   4.0420
#          29       0.00965     25.36      1.00     2   4.0563
#          30       0.01888      6.80      1.00     2   4.1112
#          31       0.02412     10.74      1.00     4   4.1463
#          32       0.01926     10.57      1.00     4   4.1523
#          33       0.00984      4.75      2.00     4   4.1692
#          35       0.01610      6.55      1.00     2   4.1738
#          36       0.02548     10.32      1.00     4   4.1786
#          37       0.01525      6.53      1.00     2   4.1803
#          39       0.00442     16.99      1.00     4   4.1832
#          40       0.00453     15.76      1.00     4   4.1878
#          41       0.00457     16.96      1.00     4   4.1905
#          42       0.00991      4.53      2.00     4   4.1907
#          43       0.00460     16.05      1.00     4   4.1921
#          44       0.02328     10.30      1.00     4   4.1935
#          46       0.00866     23.16      1.00     2   4.2021
#          47       0.01443      7.74      2.00     3   4.2393
#          48       0.00454     11.38      2.00     3   4.2515
#          49       0.01885      4.55      2.00     3   4.2590
#          50       0.00447     11.50      2.00     3   4.2647
#          51       0.01323     21.19      2.00     3   4.2661
#          52       0.00423     11.71      2.00     3   4.2789
#          53       0.00955     22.07      1.00     2   4.2809
#          54       0.01205     24.46      2.00     3   4.2833
#          55       0.00429     11.96      2.00     3   4.2995
#          56       0.01202     22.33      2.00     3   4.3034
#          57       0.00425     12.47      2.00     3   4.3188
#          58       0.00433     12.35      2.00     3   4.3209
#          59       0.01142     25.35      1.00     4   4.3862
#          60       0.01069      5.04      1.00     4   4.3863
#          61       0.01811     12.48      2.00     3   4.4105
#          62       0.01150     18.26      1.00     4   4.4210
#          63       0.00604     21.90      2.00     3   4.4330
#          64       0.01112     21.10      1.00     4   4.4329
#          65       0.01325      9.46      2.00     3   4.4395
#          66       0.02056      4.28      2.00     3   4.4614
#          67       0.01234     10.47      2.00     3   4.4660
#          68       0.01264     10.27      2.00     3   4.4661
#          69       0.01772      5.74      2.00     4   4.4716
#          70       0.01075      8.51      2.00     4   4.4907
#          71       0.01919      4.18      2.00     3   4.5115
#          72       0.01899      4.14      2.00     3   4.5174
#          73       0.00579     22.80      2.00     3   4.5287
#          74       0.00606     25.70      2.00     3   4.5618
#          75       0.00952     21.78      2.00     4   4.5690
#          76       0.00948      5.39      2.00     4   4.5836
#          77       0.01683     10.04      2.00     3   4.5873
#          78       0.00966     16.42      2.00     4   4.5944
#          79       0.00951     19.49      2.00     4   4.5957
#          81       0.00566     18.39      2.00     3   4.6069
#          82       0.01731      8.72      2.00     4   4.6145
#          83       0.01732      7.50      2.00     4   4.6163
#          84       0.00630     18.10      1.00     2   4.6201
#          85       0.02804      5.04      1.00     2   4.6292
#          86       0.01224      7.32      2.00     3   4.6473
#          87       0.01671      7.90      2.00     4   4.6470
#          88       0.02151      5.24      2.00     4   4.6754
#          89       0.00545     18.74      2.00     3   4.6814
#          91       0.01936      8.42      2.00     3   4.6981
#          92       0.01064     15.51      2.00     4   4.6983
#          93       0.02415      4.91      2.00     3   4.7011
#          94       0.00596     11.26      1.00     4   4.7102
#          95       0.00566     49.57      2.00     3   4.7144
#          96       0.02730      4.81      1.00     2   4.7163
#          99       0.00565     19.23      2.00     3   4.7207
#         101       0.00606     11.13      1.00     4   4.7214
#         102       0.01153      7.53      2.00     3   4.7252
#         103       0.00469      5.16      2.00     4   4.7250
#         104       0.00466      4.41      2.00     4   4.7264
#         105       0.02083      5.05      2.00     4   4.7261
#         106       0.01009     16.72      2.00     4   4.7274
#         107       0.00617     11.04      1.00     4   4.7287
#         108       0.00994     17.44      2.00     4   4.7284
#         109       0.00471      5.03      2.00     4   4.7301
#         110       0.02037      5.09      2.00     4   4.7303
#         111       0.00611     11.01      1.00     4   4.7315
#         112       0.01138      8.06      2.00     3   4.7406
#         113       0.01399      4.51      1.00     4   4.7517
#         114       0.01807      4.05      2.00     3   4.7540
#         115       0.01408      4.30      1.00     4   4.7585
#         116       0.03383      7.02      1.00     4   4.7647
#         118       0.02575      4.65      1.00     2   4.7778
#         119       0.01155      8.82      2.00     4   4.7872
#         120       0.01740      6.12      1.00     4   4.7910
#         122       0.00630     49.02      1.00     4   4.8086
#         123       0.00651      6.77      1.00     4   4.8097
#         125       0.01562      5.69      2.00     5   4.8159
#         126       0.01975     12.07      2.00     5   4.8291
#         127       0.01903     10.66      2.00     5   4.8303
#         128       0.00940     39.85      2.00     5   4.8314
#         129       0.00970      6.71      2.00     5   4.8350
#         130       0.00668     15.80      1.00     4   4.8426
#         131       0.00952     29.81      2.00     5   4.8532
#         132       0.00641     10.86      1.00     4   4.8553
#         133       0.00942     34.98      2.00     5   4.8570
#         134       0.01891     11.19      2.00     5   4.8599
#         135       0.02469      4.44      1.00     2   4.8660
#         136       0.01240      7.95      2.00     4   4.8758
#         137       0.00516      8.88      2.00     4   4.8781
#         138       0.00505     26.44      2.00     3   4.8803
#         139       0.01744     10.92      2.00     3   4.8892
#         140       0.01972      4.34      1.00     2   4.9092
#         141       0.01127      9.10      2.00     4   4.9139
#         142       0.00901      8.77      2.00     3   4.9167
#         143       0.00505     11.44      2.00     4   4.9528
#         144       0.01205      8.24      2.00     4   4.9556
#         145       0.01229      8.91      2.00     4   4.9711
#         146       0.03249      6.08      1.00     4   4.9725
#         147       0.00465     42.41      2.00     4   4.9745
#         148       0.01199      9.59      2.00     4   4.9789
#         149       0.00504      9.02      2.00     4   4.9836
#         150       0.02329      6.11      2.00     3   4.9929
#         151       0.00530     14.89      2.00     4   4.9940
#         152       0.00507     14.03      2.00     4   5.0016
#         153       0.01504      4.14      2.00     5   5.0037
#         154       0.00498     10.86      2.00     4   5.0080
#         155       0.00936     16.88      2.00     4   5.0110
#         156       0.01540      4.40      2.00     5   5.0118
#         157       0.00804      4.80      2.00     3   5.0123
#         158       0.00954     16.98      2.00     5   5.0141
#         159       0.00962     15.74      2.00     5   5.0198
#         160       0.01406     10.50      2.00     4   5.0215
#         161       0.01503      4.38      2.00     5   5.0226
#         162       0.01539      8.01      2.00     4   5.0240
#         163       0.00966     12.72      2.00     5   5.0266
#         164       0.01471     15.33      2.00     3   5.0306
#         166       0.02249      6.71      2.00     3   5.0343
#         168       0.01549     10.19      2.00     3   5.0365
#         169       0.01582      5.98      2.00     3   5.0421
#         170       0.01876      4.05      1.00     2   5.0436
#         171       0.01427      9.08      2.00     4   5.0518
#         172       0.00678      4.85      2.00     3   5.0646
#         173       0.02294      7.06      2.00     3   5.0700
#         174       0.00766      4.74      2.00     3   5.0772
#         175       0.01750      6.39      2.00     3   5.0850
#         177       0.02270      7.92      2.00     3   5.1117
#         178       0.04529      5.51      1.00     4   5.1153
#         179       0.00668      8.36      1.00     4   5.1178
#         180       0.01562      9.93      2.00     3   5.1200
#         181       0.00676      8.40      1.00     4   5.1211
#         182       0.01864     10.91      2.00     5   5.1353
#         185       0.01557      6.29      2.00     3   5.1405
#         186       0.00543     11.93      1.00     4   5.1404
#         187       0.01197     10.85      2.00     4   5.1440
#         188       0.01550      6.54      1.00     4   5.1493
#         189       0.01289     14.92      1.00     4   5.1520
#         190       0.00697      8.33      1.00     4   5.1554
#         193       0.00562      4.16      1.00     4   5.1606
#         194       0.00485     34.10      2.00     4   5.1631
#         195       0.00677      8.37      1.00     4   5.1668
#         196       0.01379     14.04      2.00     3   5.1706
#         197       0.01573      6.80      2.00     3   5.1781
#         198       0.01463      7.29      2.00     3   5.1834
#         199       0.01407      4.29      2.00     3   5.2147
#         201       0.00696      5.56      2.00     3   5.2322
#         202       0.01139      8.19      2.00     5   5.2323
#         203       0.00859      4.78      2.00     3   5.2339
#         204       0.01216     23.62      2.00     5   5.2382
#         205       0.02156     11.76      2.00     3   5.2391
#         206       0.01407     13.23      2.00     3   5.2403
#         208       0.01280     14.05      2.00     5   5.2519
#         209       0.01288     10.57      2.00     5   5.2525
#         210       0.01238      7.96      2.00     4   5.2530
#         211       0.00561     13.62      2.00     5   5.2548
#         212       0.00514     72.73      2.00     5   5.2573
#         214       0.01752      7.86      2.00     6   5.2625
#         215       0.01523      4.81      2.00     6   5.2646
#         217       0.01293      8.94      2.00     4   5.2659
#         218       0.01447      7.57      2.00     3   5.2734
#         220       0.01822      8.51      2.00     6   5.2742
#         221       0.00546     27.60      2.00     5   5.2749
#         222       0.00945      5.46      1.00     6   5.2761
#         223       0.00990     17.27      1.00     6   5.2765
#         224       0.00917      6.59      1.00     6   5.2785
#         225       0.00554     20.40      2.00     5   5.2794
#         226       0.00985     15.63      1.00     6   5.2811
#         228       0.01255     12.09      2.00     5   5.2822
#         229       0.00943      7.10      1.00     6   5.2832
#         230       0.00959      5.59      1.00     6   5.2840
#         232       0.01785      8.32      2.00     6   5.2840
#         233       0.00992     13.03      1.00     6   5.2855
#         234       0.01993      5.39      2.00     4   5.2884
#         235       0.01425      6.17      1.00     4   5.2952
#         237       0.01166      5.18      2.00     4   5.2963
#         238       0.01495      8.00      2.00     3   5.2979
#         239       0.01226     13.40      1.00     4   5.2977
#         240       0.02177      5.55      2.00     4   5.2984
#         241       0.01567      8.55      2.00     3   5.2987
#         242       0.02273      4.99      2.00     3   5.2996
#         243       0.01141      7.36      2.00     4   5.3021
#         244       0.01141     14.47      2.00     4   5.3048
#         245       0.02284      5.31      2.00     4   5.3089
#         246       0.01166     11.45      2.00     4   5.3090
#         247       0.02294      5.40      2.00     4   5.3100
#         248       0.01120     14.15      2.00     4   5.3281
#         249       0.01217      9.10      2.00     4   5.3288
#         250       0.02406      9.89      1.00     4   5.3376
#         251       0.01115      8.57      2.00     5   5.3379
#         252       0.02248      5.31      2.00     4   5.3385
#         254       0.02832      4.84      2.00     3   5.3421
#         257       0.02712      5.58      2.00     3   5.3573
#         258       0.02401      4.22      1.00     4   5.3575
#         259       0.02213     17.02      2.00     5   5.3594
#         261       0.01244      9.10      2.00     4   5.3631
#         262       0.01218     10.21      2.00     4   5.3657
#         263       0.01608      4.31      2.00     4   5.3678
#         265       0.01649      6.14      1.00     4   5.3740
#         266       0.01228     12.26      1.00     4   5.3764
#         267       0.02255     19.39      2.00     5   5.3766
#         269       0.02829      5.41      2.00     3   5.3884
#         271       0.02166     17.85      2.00     5   5.3966
#         272       0.01609     13.04      2.00     4   5.3971
#         273       0.01114      7.80      2.00     4   5.3992
#         274       0.01110     14.72      2.00     4   5.4005
#         275       0.01237      9.60      2.00     4   5.4008
#         276       0.01603      5.06      2.00     4   5.4030
#         277       0.00968      6.58      2.00     5   5.4041
#         278       0.01649      4.09      2.00     4   5.4058
#         279       0.01267     11.88      2.00     4   5.4073
#         280       0.02771      6.71      2.00     4   5.4103
#         281       0.01209      8.56      2.00     5   5.4112
#         282       0.01103      4.70      2.00     5   5.4109
#         283       0.01512      9.98      2.00     3   5.4138
#         284       0.02310      5.33      2.00     4   5.4139
#         286       0.01124      9.63      2.00     4   5.4233
#         287       0.00485     34.26      2.00     5   5.4232
#         288       0.01653      6.76      2.00     4   5.4238
#         289       0.01164      4.26      2.00     5   5.4264
#         290       0.01155      7.70      2.00     3   5.4271
#         292       0.02005      4.63      2.00     5   5.4308
#         293       0.01136      8.60      2.00     4   5.4321
#         294       0.00485      7.19      2.00     5   5.4321
#         295       0.01640      5.41      2.00     4   5.4328
#         296       0.01133     15.08      2.00     4   5.4340
#         297       0.00491     10.45      2.00     5   5.4338
#         298       0.01121      4.42      2.00     5   5.4349
#         299       0.00663      9.35      2.00     3   5.4400
#         300       0.01834      4.78      2.00     5   5.4406
#         301       0.02954      6.41      2.00     4   5.4464
#         302       0.01527      4.19      2.00     4   5.4465
#         304       0.01084      7.31      2.00     5   5.4537
#         305       0.01471      7.90      1.00     4   5.4570
#         306       0.01515      5.50      1.00     4   5.4567
#         308       0.02804      5.14      2.00     4   5.4580
#         309       0.00669     11.08      2.00     3   5.4600
#         310       0.00762     10.45      2.00     5   5.4597
#         311       0.01514      4.16      2.00     4   5.4636
#         312       0.01221      8.91      2.00     4   5.4634
#         313       0.02119      4.39      2.00     5   5.4668
#         314       0.01215      5.81      2.00     5   5.4692
#         316       0.00648     11.63      2.00     3   5.4732
#         318       0.02055      4.90      2.00     4   5.4748
#         319       0.01139      6.57      2.00     5   5.4759
#         320       0.01998      4.41      2.00     5   5.4787
#         321       0.02337     23.29      1.00     6   5.4795
#         322       0.02142      4.34      1.00     6   5.4795
#         326       0.01481      4.79      1.00     4   5.4916
#         327       0.01114      9.13      2.00     4   5.4924
#         328       0.01224     11.70      2.00     4   5.4972
#         329       0.01160      8.98      2.00     4   5.5002
#         330       0.00673     11.26      2.00     3   5.5025
#         331       0.01459      4.21      1.00     4   5.5033
#         333       0.02398      5.57      2.00     5   5.5035
#         334       0.02084      8.24      2.00     5   5.5062
#         336       0.02342     16.94      1.00     6   5.5143
#         337       0.01249     11.88      2.00     4   5.5212
#         338       0.01135     11.46      2.00     4   5.5213
#         339       0.01177     12.60      2.00     4   5.5255
#         340       0.01095      6.24      2.00     5   5.5255
#         341       0.01212     12.27      2.00     5   5.5260
#         342       0.01151     23.79      2.00     5   5.5263
#         343       0.02270     19.51      1.00     6   5.5262
#         344       0.01074     26.04      2.00     5   5.5287
#         346       0.01788      7.60      2.00     5   5.5328
#         348       0.01151     10.34      2.00     3   5.5430
#         350       0.00975      7.98      2.00     5   5.5474
#         351       0.01280      8.55      2.00     4   5.5516
#         354       0.01323     22.14      2.00     5   5.5576
#         356       0.01816      8.28      2.00     5   5.5593
#         357       0.01748      8.17      2.00     5   5.5594
#         359       0.01261      6.21      2.00     4   5.5598
#         360       0.01180      7.98      2.00     5   5.5639
#         361       0.01121      8.23      2.00     5   5.5647
#         362       0.02365      5.52      2.00     6   5.5649
#         363       0.05224      5.54      2.00     6   5.5651
#         364       0.00784     16.90      2.00     5   5.5662
#         365       0.00787     16.78      2.00     5   5.5665
#         367       0.01241      6.67      2.00     4   5.5700
#         368       0.00805     12.54      1.00     4   5.5731
#         371       0.01123      8.06      2.00     4   5.5811
#         374       0.01687      7.64      2.00     6   5.5840
#         375       0.01083      9.52      2.00     4   5.5851
#         376       0.02323      4.46      2.00     4   5.5856
#         377       0.01074     16.47      2.00     4   5.5862
#         379       0.00804     17.00      2.00     5   5.5876
#         380       0.01199      7.51      2.00     4   5.5896
#         381       0.00797     17.26      2.00     5   5.5909
#         382       0.01133      8.02      2.00     5   5.5937
#         383       0.01998      4.11      2.00     4   5.6154
#         384       0.01139     16.71      2.00     5   5.6197
#         385       0.01127     20.59      2.00     5   5.6220
#         386       0.01156     12.70      2.00     5   5.6218
#         387       0.01059     25.21      2.00     5   5.6243
#         388       0.01124     10.77      2.00     5   5.6269
#         389       0.01311      5.82      2.00     4   5.6285
#         390       0.01180      5.89      2.00     5   5.6297
#         391       0.00567     12.53      2.00     4   5.6344
#         392       0.01160     13.14      2.00     4   5.6373
#         393       0.01044      5.64      2.00     4   5.6403
#         395       0.01184      8.90      2.00     5   5.6466
#         396       0.00681     10.55      2.00     4   5.6482
#         397       0.00982      6.86      2.00     4   5.6481
#         399       0.01092      8.24      2.00     4   5.6499
#         400       0.01675      8.65      2.00     5   5.6505
#         401       0.00745      9.76      2.00     4   5.6536
#         402       0.00572      9.51      2.00     4   5.6545
#         403       0.00536     12.55      2.00     4   5.6549
#         404       0.01149     18.49      2.00     5   5.6551
#         405       0.01228     13.78      2.00     5   5.6548
#         406       0.02247      7.76      2.00     5   5.6554
#         407       0.01175      7.35      2.00     5   5.6554
#         410       0.01052     24.95      2.00     5   5.6573
#         411       0.01153      4.47      2.00     5   5.6581
#         412       0.00911      6.79      2.00     4   5.6588
#         414       0.00561     13.39      2.00     4   5.6602
#         416       0.01906     19.75      2.00     6   5.6623
#         419       0.01180     12.41      2.00     5   5.6724
#         420       0.01419     15.86      2.00     5   5.6730
#         421       0.01936      4.91      2.00     6   5.6768
#         422       0.01070     11.34      2.00     5   5.6777
#         423       0.01142      6.98      2.00     5   5.6788
#         424       0.01139     16.55      2.00     5   5.6793
#         425       0.01091      8.41      2.00     4   5.6801
#         426       0.01114     22.51      2.00     5   5.6804
#         427       0.02262      4.99      2.00     5   5.6804
#         428       0.01104     12.91      2.00     5   5.6815
#         429       0.00745     10.11      2.00     4   5.6827
#         430       0.02011      7.24      2.00     5   5.6829
#         431       0.01229     15.14      2.00     6   5.6842
#         432       0.01143      8.13      2.00     4   5.6872
#         433       0.01434     19.43      2.00     6   5.6870
#         435       0.01924     15.06      2.00     6   5.6877
#         436       0.01857     17.75      2.00     6   5.6890
#         437       0.01012      6.70      2.00     4   5.6920
#         438       0.00723      7.40      2.00     4   5.6948
#         440       0.01317      6.05      2.00     4   5.6975
#         441       0.01220     12.90      2.00     6   5.6977
#         442       0.00947      6.69      2.00     4   5.7003
#         443       0.01137      7.09      2.00     5   5.6999
#         444       0.00599      8.07      1.00     6   5.7000
#         445       0.01077     16.33      2.00     5   5.7026
#         446       0.00610     10.74      1.00     6   5.7034
#         448       0.01412     16.72      2.00     5   5.7065
#         449       0.00647     30.32      1.00     6   5.7061
#         450       0.01229     14.08      2.00     6   5.7063
#         451       0.00614     13.18      1.00     6   5.7071
#         452       0.07656      6.81      2.00     6   5.7074
#         453       0.07809      7.74      2.00     6   5.7073
#         454       0.02074      7.85      2.00     6   5.7078
#         455       0.01091      9.49      2.00     5   5.7090
#         456       0.01838      7.14      2.00     5   5.7087
#         459       0.02152      6.83      2.00     6   5.7096
#         462       0.01169      9.69      2.00     5   5.7130
#         463       0.01377      4.28      1.00     4   5.7134
#         465       0.01018      5.77      2.00     4   5.7149
#         466       0.01128     15.19      2.00     5   5.7149
#         467       0.01030      8.52      1.00     4   5.7154
#         468       0.00814     12.52      1.00     4   5.7177
#         469       0.01382     16.14      2.00     5   5.7192
#         471       0.01373      4.01      2.00     4   5.7236
#         472       0.01186      7.65      2.00     5   5.7235
#         473       0.01124      8.11      2.00     5   5.7258
#         474       0.01101     13.91      2.00     5   5.7271
#         477       0.01351      6.23      2.00     4   5.7301
#         480       0.01366      4.72      2.00     5   5.7362
#         481       0.07027      7.12      2.00     6   5.7377
#         483       0.01818      5.56      2.00     5   5.7403
#         484       0.02090      7.16      2.00     6   5.7403
#         488       0.01767      4.04      2.00     5   5.7444
#         489       0.01770      5.32      2.00     5   5.7449
#         490       0.01055      5.92      2.00     5   5.7473
#         492       0.01042     11.26      2.00     5   5.7499
#         493       0.01023      5.77      2.00     4   5.7550
#         494       0.01125      8.62      2.00     5   5.7577
#         496       0.06389      5.03      2.00     6   5.7665
#         497       0.03115      5.01      2.00     6   5.7687
#         500       0.01074      7.96      2.00     5   5.7745
#         502       0.00927     10.15      2.00     5   5.7768
#         503       0.01066     16.46      2.00     5   5.7770
#         504       0.01644      7.54      2.00     5   5.7778
#         505       0.01619      6.04      2.00     5   5.7775
#         506       0.01256     15.97      2.00     5   5.7811
#         507       0.02204      6.78      2.00     5   5.7819
#         510       0.01084      8.94      2.00     5   5.7847
#         511       0.01226     14.40      2.00     5   5.7856
#         514       0.01185      6.33      2.00     4   5.7875
#         516       0.01804      7.10      2.00     5   5.7900
#         517       0.02716      4.69      2.00     5   5.7912
#         518       0.01815     14.11      2.00     6   5.7917
#         521       0.02109      6.58      2.00     5   5.7936
#         522       0.00833     12.99      1.00     4   5.7959
#         524       0.01155     13.94      2.00     5   5.8000
#         525       0.01535      4.28      2.00     5   5.8014
#         526       0.01001     11.04      2.00     4   5.8031
#         527       0.01226      7.60      2.00     5   5.8056
#         528       0.01155      6.03      2.00     5   5.8074
#         529       0.01094      7.53      2.00     5   5.8076
#         530       0.01246     15.26      2.00     5   5.8077
#         531       0.01222      6.05      2.00     5   5.8081
#         532       0.00977     25.10      2.00     5   5.8096
#         533       0.01808      7.25      2.00     5   5.8102
#         535       0.01142      8.76      2.00     5   5.8138
#         537       0.01066     16.38      2.00     5   5.8163
#         539       0.01730      5.55      2.00     5   5.8183
#         541       0.01174     14.74      2.00     5   5.8190
#         542       0.06103      4.82      2.00     6   5.8190
#         543       0.03265      4.82      2.00     6   5.8194
#         545       0.01817     15.23      2.00     6   5.8207
#         546       0.05737      4.89      2.00     6   5.8210
#         548       0.01838     15.99      2.00     6   5.8217
#         550       0.01299      5.19      2.00     5   5.8221
#         551       0.01041      6.68      2.00     5   5.8233
#         552       0.03110      4.86      2.00     6   5.8236
#         553       0.01025     11.57      2.00     5   5.8246
#         555       0.01735      5.22      2.00     5   5.8262
#         556       0.02142      4.66      2.00     5   5.8268
#         559       0.01104      7.93      2.00     5   5.8285
#         560       0.01482     10.55      2.00     5   5.8327
#         564       0.01759      5.75      2.00     5   5.8337
#         566       0.01762      5.39      2.00     5   5.8414
#         567       0.01710      6.81      2.00     5   5.8429
#         570       0.00998      9.94      2.00     5   5.8452
#         571       0.01732      4.33      1.00     6   5.8450
#         572       0.01600     10.66      2.00     5   5.8459
#         573       0.00985     18.81      2.00     5   5.8463
#         574       0.02272      6.11      2.00     5   5.8473
#         578       0.01594      4.03      2.00     5   5.8517
#         580       0.01706      4.14      1.00     6   5.8518
#         581       0.01118     10.71      2.00     5   5.8524
#         582       0.01022      7.75      2.00     5   5.8553
#         583       0.01598      5.74      2.00     5   5.8561
#         584       0.01054      6.47      2.00     5   5.8557
#         585       0.01591      4.61      2.00     5   5.8569
#         588       0.01393      7.24      2.00     4   5.8625
#         591       0.01053      7.32      2.00     5   5.8644
#         592       0.01039     11.68      2.00     5   5.8663
#         593       0.01606      4.23      2.00     5   5.8665
#         594       0.02004      5.59      2.00     5   5.8668
#         595       0.00991      7.32      2.00     5   5.8697
#         596       0.01036      5.96      2.00     5   5.8719
#         597       0.01024     10.12      2.00     5   5.8738
#         598       0.01601      5.75      2.00     5   5.8776
#         599       0.01015      8.99      2.00     5   5.8798
#         600       0.01051      7.47      2.00     5   5.8799
#         601       0.01503      7.79      2.00     6   5.8797
#         602       0.01687     16.69      2.00     6   5.8805
#         603       0.02028      5.21      2.00     6   5.8802
#         604       0.01463      5.99      2.00     5   5.8817
#         605       0.01043      7.25      2.00     5   5.8820
#         606       0.01776      7.12      2.00     6   5.8829
#         607       0.02144      5.45      2.00     5   5.8863
#         608       0.01722      4.42      2.00     5   5.8894
#         610       0.01902      4.58      2.00     5   5.8918
#         615       0.02253      4.24      2.00     5   5.8995
#         617       0.01646     20.73      2.00     6   5.9019
#         618       0.01600     15.85      2.00     6   5.9021
#         619       0.01138     12.85      1.00     6   5.9016
#         620       0.01252     14.60      1.00     6   5.9019
#         621       0.01075      6.21      1.00     6   5.9022
#         622       0.01243      6.43      1.00     6   5.9027
#         623       0.01380      6.19      2.00     5   5.9027
#         624       0.01988     36.15      2.00     6   5.9030
#         626       0.00997     18.73      1.00     6   5.9038
#         627       0.01379      8.34      2.00     5   5.9054
#         628       0.01123     12.46      1.00     6   5.9054
#         629       0.01373     12.22      2.00     5   5.9057
#         630       0.04617      6.14      2.00     7   5.9094
#         631       0.02651      5.88      2.00     7   5.9091
#         632       0.00980      6.52      2.00     4   5.9167
#         633       0.01099     11.09      2.00     5   5.9213
#         634       0.05713     11.26      2.00     7   5.9214
#         635       0.01916      4.07      2.00     5   5.9223
#         636       0.05840     12.62      2.00     7   5.9219
#         637       0.03359     12.52      2.00     7   5.9224
#         639       0.01378      7.96      2.00     5   5.9238
#         640       0.03262     11.03      2.00     7   5.9236
#         642       0.01815      4.91      2.00     7   5.9243
#         643       0.01897     40.32      2.00     7   5.9247
#         644       0.01345     10.95      2.00     5   5.9273
#         645       0.01379      7.15      2.00     5   5.9274
#         646       0.01937      6.12      2.00     7   5.9282
#         650       0.01400      9.67      2.00     6   5.9337
#         651       0.02027     34.31      2.00     6   5.9359
#         652       0.01209      7.43      1.00     6   5.9358
#         653       0.01258      8.55      1.00     6   5.9357
#         654       0.01092     13.53      1.00     6   5.9381
#         655       0.01190      6.91      2.00     5   5.9400
#         659       0.01813      5.08      2.00     7   5.9443
#         660       0.01916     30.13      2.00     7   5.9465
#         661       0.01058      6.62      1.00     6   5.9481
#         662       0.01823      5.38      2.00     7   5.9477
#         663       0.01895     34.71      2.00     6   5.9486
#         664       0.01184      7.28      1.00     6   5.9484
#         665       0.01197     30.49      2.00     5   5.9497
#         666       0.05357     11.81      2.00     7   5.9505
#         667       0.01898     35.31      2.00     7   5.9503
#         668       0.01721      7.17      2.00     5   5.9509
#         669       0.01103     12.80      1.00     6   5.9509
#         670       0.01526      8.36      2.00     5   5.9519
#         671       0.01109     11.42      2.00     5   5.9534
#         672       0.03229     11.60      2.00     7   5.9532
#         674       0.01831     11.28      2.00     6   5.9688
#         675       0.01069      6.78      2.00     5   5.9700
#         677       0.01195     19.77      2.00     6   5.9714
#         679       0.01745      5.05      2.00     6   5.9715
#         680       0.01143      6.70      2.00     5   5.9717
#         681       0.01129      6.24      2.00     5   5.9739
#         682       0.01107      9.93      2.00     5   5.9735
#         683       0.01017     22.84      2.00     6   5.9738
#         684       0.01068     19.56      2.00     5   5.9755
#         686       0.02840      8.96      2.00     5   5.9822
#         687       0.01084      4.43      2.00     3   5.9833
#         688       0.01019      7.43      2.00     5   5.9839
#         689       0.02106      5.48      2.00     5   5.9849
#         690       0.02663      6.76      2.00     6   5.9872
#         691       0.00942      7.37      2.00     4   5.9899
#         692       0.01541      7.21      2.00     5   5.9899
#         693       0.01462      8.53      2.00     6   5.9962
#         694       0.01358      8.81      2.00     6   5.9969
#         695       0.01501      7.73      2.00     5   5.9987
#         696       0.01070      4.53      2.00     5   6.0049
#         697       0.01364     18.05      2.00     6   6.0063
#         698       0.01503      8.00      2.00     6   6.0067
#         700       0.01648     14.59      2.00     6   6.0072
#         701       0.02000      5.07      2.00     6   6.0070
#         702       0.01354      8.58      2.00     6   6.0090
#         703       0.01773      6.75      2.00     6   6.0095
#         704       0.01752      5.05      2.00     5   6.0100
#         705       0.00968     10.10      2.00     5   6.0109
#         706       0.00855      7.89      1.00     6   6.0113
#         707       0.01809      6.73      2.00     5   6.0131
#         708       0.00989      6.85      2.00     5   6.0137
#         710       0.01736      4.66      2.00     5   6.0147
#         711       0.01007      6.07      2.00     5   6.0152
#         712       0.00879      7.91      1.00     6   6.0149
#         713       0.00882      7.89      1.00     6   6.0153
#         714       0.01013      4.96      2.00     5   6.0170
#         715       0.01369      8.69      2.00     6   6.0178
#         716       0.00892      7.83      1.00     6   6.0199
#         717       0.01845      4.40      2.00     5   6.0222
#         719       0.00992     12.52      2.00     5   6.0349
#         720       0.01014      6.15      2.00     5   6.0358
#         721       0.01845      5.25      2.00     5   6.0367
#         722       0.01006      5.61      2.00     5   6.0415
#         725       0.01219     34.13      2.00     5   6.0443
#         726       0.01158     18.17      2.00     6   6.0460
#         728       0.04779      7.40      2.00     6   6.0463
#         729       0.01013     23.36      2.00     6   6.0484
#         730       0.01776     11.19      2.00     6   6.0487
#         731       0.01654      9.50      2.00     6   6.0493
#         732       0.01705      4.76      2.00     6   6.0513
#         734       0.01778      7.13      2.00     6   6.0559
#         735       0.01917      4.80      2.00     6   6.0567
#         738       0.05154      7.95      2.00     6   6.0622
#         739       0.01728      5.74      2.00     6   6.0632
#         740       0.01846     11.59      2.00     6   6.0642
#         741       0.02405      5.53      2.00     6   6.0644
#         742       0.01680      4.68      2.00     6   6.0666
#         744       0.01056      8.15      2.00     6   6.0675
#         745       0.01098      6.62      2.00     6   6.0677
#         746       0.01062     14.98      2.00     6   6.0678
#         747       0.01129     11.49      2.00     6   6.0684
#         748       0.01130      5.76      2.00     5   6.0696
#         749       0.01139     32.43      2.00     6   6.0697
#         750       0.01711     13.19      2.00     6   6.0723
#         751       0.02073      5.16      2.00     6   6.0720
#         752       0.01749      8.38      2.00     6   6.0722
#         753       0.01839      5.58      2.00     6   6.0725
#         755       0.01793      6.62      2.00     6   6.0745
#         757       0.01124     10.03      2.00     6   6.0757
#         758       0.01126      6.02      2.00     6   6.0765
#         759       0.01312     39.07      2.00     5   6.0767
#         760       0.01080     16.39      2.00     6   6.0769
#         761       0.01203      5.24      2.00     5   6.0772
#         762       0.00663     10.95      2.00     5   6.0786
#         763       0.02883      8.30      2.00     5   6.0789
#         764       0.01119      4.07      2.00     6   6.0788
#         765       0.00663     13.92      2.00     5   6.0796
#         766       0.01376     15.28      2.00     6   6.0792
#         768       0.01177      4.04      2.00     5   6.0815
#         769       0.01792      6.45      2.00     6   6.0823
#         771       0.00915      7.26      2.00     4   6.0844
#         772       0.01016      5.19      2.00     5   6.0845
#         774       0.02599      5.08      2.00     5   6.0859
#         775       0.01047     13.29      2.00     5   6.0860
#         776       0.01073     14.18      2.00     6   6.0857
#         777       0.01176     16.24      2.00     6   6.0873
#         778       0.01135      4.96      2.00     6   6.0871
#         779       0.01101      4.17      2.00     6   6.0876
#         780       0.01009     23.53      2.00     6   6.0895
#         781       0.01116      4.64      2.00     6   6.0903
#         782       0.01080      9.66      2.00     6   6.0918
#         783       0.00649     15.03      2.00     5   6.0925
#         784       0.00851      5.11      2.00     5   6.0932
#         785       0.02166      4.45      2.00     5   6.0938
#         788       0.01253      8.78      2.00     6   6.0947
#         789       0.01083     15.08      2.00     6   6.0949
#         790       0.01258     18.59      2.00     6   6.0971
#         791       0.01076     12.38      2.00     6   6.0992
#         793       0.01072      7.38      2.00     6   6.1011
#         794       0.01076     16.00      2.00     6   6.1013
#         796       0.01768      6.55      2.00     6   6.1020
#         797       0.01346     10.34      2.00     5   6.1029
#         798       0.00634     13.68      2.00     5   6.1036
#         799       0.01323     16.98      2.00     6   6.1036
#         801       0.01721     10.09      2.00     6   6.1043
#         802       0.05120     14.13      2.00     6   6.1045
#         804       0.01741      4.41      2.00     7   6.1070
#         805       0.00846      5.04      2.00     5   6.1075
#         808       0.01795     17.64      2.00     7   6.1074
#         809       0.01783      5.89      2.00     5   6.1089
#         810       0.01742      9.13      2.00     6   6.1089
#         811       0.01755     11.59      2.00     6   6.1089
#         812       0.01076     14.87      2.00     6   6.1093
#         813       0.00977      4.09      2.00     3   6.1099
#         814       0.01721      4.08      2.00     6   6.1100
#         816       0.01756      4.83      2.00     7   6.1104
#         817       0.02069      4.24      2.00     5   6.1114
#         818       0.01072     15.02      2.00     6   6.1113
#         819       0.05236      9.43      2.00     6   6.1126
#         820       0.01787     16.29      2.00     7   6.1131
#         821       0.02015      5.72      2.00     6   6.1148
#         822       0.02045      7.85      2.00     6   6.1146
#         823       0.00982      8.34      2.00     4   6.1154
#         824       0.01800      4.83      2.00     6   6.1159
#         825       0.02205      6.68      2.00     6   6.1158
#         826       0.02130      5.80      2.00     6   6.1159
#         827       0.00949      7.20      2.00     4   6.1162
#         828       0.02185      6.62      2.00     6   6.1170
#         829       0.05111      7.39      2.00     6   6.1169
#         830       0.01010      5.85      2.00     3   6.1174
#         831       0.02174      6.53      2.00     6   6.1173
#         832       0.01768      4.49      2.00     7   6.1177
#         833       0.02427      4.47      2.00     4   6.1184
#         834       0.01060     12.76      2.00     6   6.1182
#         835       0.01189     14.75      2.00     6   6.1182
#         836       0.01757      7.84      2.00     6   6.1189
#         839       0.01803     13.23      2.00     7   6.1199
#         841       0.01224      9.40      2.00     6   6.1211
#         842       0.01055      9.86      2.00     6   6.1211
#         843       0.01772      6.18      2.00     6   6.1216
#         844       0.01911      7.40      2.00     6   6.1216
#         846       0.01773      7.17      2.00     6   6.1223
#         847       0.01893      9.01      2.00     6   6.1223
#         849       0.00674     14.32      2.00     5   6.1236
#         851       0.01063      4.75      2.00     6   6.1236
#         852       0.01009      5.22      2.00     6   6.1240
#         853       0.00865      4.89      2.00     5   6.1244
#         854       0.00896      4.88      2.00     5   6.1242
#         855       0.00856      4.98      2.00     5   6.1244
#         856       0.00893      4.96      2.00     5   6.1242
#         861       0.02517     12.16      2.00     5   6.1262
#         862       0.00998     10.89      2.00     6   6.1266
#         863       0.01012      9.28      2.00     6   6.1264
#         864       0.01026     11.50      2.00     6   6.1266
#         865       0.01027      9.11      2.00     6   6.1264
#         866       0.02174      5.80      2.00     5   6.1273
#         867       0.01007      8.92      2.00     6   6.1280
#         868       0.01011     12.44      2.00     6   6.1280
#         869       0.02605      8.35      2.00     5   6.1296
#         870       0.00990     19.07      2.00     6   6.1291
#         871       0.01019     23.97      2.00     6   6.1291
#         872       0.01983      4.30      2.00     5   6.1305
#         873       0.01630      5.82      2.00     6   6.1312
#         874       0.01668      6.61      2.00     6   6.1313
#         875       0.01972      5.00      2.00     5   6.1321
#         876       0.01941      5.06      2.00     5   6.1350
#         877       0.00641     14.99      1.00     4   6.1357
#         880       0.01060     14.01      2.00     6   6.1388
#         881       0.01203     14.93      2.00     6   6.1388
#         883       0.01806      5.30      2.00     5   6.1406
#         885       0.04854      8.29      2.00     6   6.1424
#         887       0.01021      4.24      2.00     6   6.1432
#         888       0.01057     13.69      2.00     6   6.1433
#         889       0.01191     15.06      2.00     6   6.1433
#         890       0.02061      6.01      2.00     6   6.1451
#         891       0.02034      7.09      2.00     6   6.1449
#         893       0.01012      7.47      2.00     6   6.1452
#         894       0.02450      7.48      2.00     5   6.1457
#         895       0.01765      4.32      2.00     6   6.1462
#         896       0.02113      6.07      2.00     6   6.1462
#         899       0.00996     13.03      2.00     6   6.1471
#         900       0.01026     15.13      2.00     6   6.1471
#         904       0.01008      6.37      2.00     6   6.1499
#         905       0.00994     12.06      2.00     6   6.1512
#         906       0.01023     13.46      2.00     6   6.1512
#         909       0.01743      6.51      2.00     6   6.1528
#         910       0.01849      8.04      2.00     6   6.1528
#         913       0.01559      4.04      2.00     7   6.1548
#         915       0.01549      4.36      2.00     7   6.1589
#         916       0.02754     10.54      2.00     5   6.1615
#         917       0.01618      6.10      2.00     6   6.1626
#         918       0.01895      4.73      2.00     6   6.1622
#         919       0.01557      4.10      2.00     7   6.1626
#         920       0.02477      5.81      2.00     5   6.1632
#         924       0.01712      5.68      2.00     6   6.1699
#         926       0.01084      4.10      2.00     3   6.1742
#         929       0.00977      9.58      2.00     5   6.1768
#         931       0.01687      5.57      2.00     5   6.1780
#         933       0.01670      4.01      2.00     5   6.1807
#         934       0.01782      4.81      2.00     5   6.1825
#         936       0.03248      6.02      2.00     6   6.1904
#         942       0.01560      4.15      2.00     5   6.1962
#         944       0.00724     15.75      2.00     5   6.1970
#         948       0.02879      8.40      2.00     5   6.2042
#         949       0.02531      6.43      2.00     5   6.2048
#         951       0.01990      5.98      2.00     6   6.2110
#         952       0.00941      4.08      2.00     3   6.2121
#         954       0.01545     10.14      2.00     5   6.2131
#         955       0.03019      8.13      2.00     5   6.2131
#         956       0.01836     13.60      2.00     6   6.2133
#         958       0.02087     10.77      2.00     6   6.2144
#         959       0.01935      4.67      2.00     5   6.2155
#         961       0.01363      4.14      2.00     4   6.2221
#         964       0.02939     11.45      2.00     7   6.2285
#         965       0.01502     64.48      2.00     5   6.2299
#         967       0.01874      5.29      2.00     5   6.2336
#         968       0.01909      4.71      2.00     6   6.2335
#         970       0.00678     17.14      2.00     5   6.2357
#         971       0.01061     16.15      1.00     6   6.2356
#         972       0.01191      4.82      2.00     5   6.2362
#         973       0.02035     10.13      2.00     6   6.2373
#         974       0.02190      4.55      2.00     6   6.2372
#         975       0.04904      9.68      2.00     6   6.2375
#         978       0.01522      4.15      2.00     6   6.2392
#         980       0.03131      6.01      1.00     6   6.2423
#         981       0.03096      5.81      2.00     6   6.2428
#         982       0.01681     12.57      2.00     6   6.2431
#         984       0.02784      7.77      2.00     6   6.2450
#         986       0.01696     11.30      2.00     6   6.2452
#         987       0.02994      5.80      2.00     6   6.2459
#         988       0.02635     13.67      1.00     6   6.2477
#         989       0.02029      9.69      2.00     6   6.2487
#         992       0.00926      7.17      2.00     4   6.2563
#         994       0.01088      5.35      2.00     6   6.2561
#         995       0.01070      4.99      1.00     6   6.2563
#         996       0.01072      5.99      1.00     6   6.2561
#         997       0.01354      6.44      2.00     6   6.2563
#         998       0.01106      9.25      2.00     6   6.2564
#         999       0.01010     25.26      2.00     6   6.2583
#        1000       0.01027      6.40      2.00     6   6.2596
#        1001       0.01971     10.13      2.00     6   6.2601
#        1002       0.01777      4.58      2.00     5   6.2612
#        1003       0.01060      6.89      2.00     5   6.2611
#        1005       0.01034      6.90      2.00     6   6.2640
#        1007       0.02383     11.16      2.00     5   6.2663
#        1008       0.01044      6.36      2.00     6   6.2683
#        1009       0.02917      8.81      2.00     5   6.2690
#        1011       0.01932      5.69      2.00     5   6.2712
#        1019       0.01822      5.93      2.00     5   6.2790
#        1024       0.00878      5.73      2.00     3   6.2918
#        1025       0.00838      8.99      2.00     5   6.2929
#        1026       0.00986     15.76      2.00     6   6.2950
#        1028       0.00966      5.47      2.00     6   6.3005
#        1029       0.00998      5.56      2.00     6   6.3009
#        1031       0.00971      6.89      2.00     6   6.3039
#        1032       0.01686     11.21      2.00     6   6.3039
#        1033       0.01008      6.34      2.00     6   6.3061
#        1034       0.00980      7.86      2.00     6   6.3061
#        1036       0.01796      4.33      2.00     5   6.3099
#        1037       0.00715      6.17      2.00     4   6.3114
#        1039       0.01017      6.29      2.00     6   6.3122
#        1040       0.01901      6.61      2.00     6   6.3155
#        1043       0.01555     76.37      1.00     6   6.3242
#        1044       0.01528      8.22      2.00     7   6.3248
#        1047       0.01353     19.27      1.00     6   6.3264
#        1048       0.01773      6.70      2.00     7   6.3280
#        1050       0.01614      5.89      2.00     7   6.3312
#        1051       0.02383      6.71      2.00     7   6.3315
#        1052       0.02215     12.32      2.00     7   6.3315
#        1053       0.02042     20.90      2.00     7   6.3315
#        1054       0.05069     23.79      2.00     7   6.3317
#        1055       0.02446      8.97      2.00     5   6.3324
#        1057       0.01543      6.86      2.00     7   6.3335
#        1058       0.02372     10.54      2.00     5   6.3358
#        1063       0.05505     14.35      2.00     7   6.3430
#        1064       0.01879     16.30      2.00     7   6.3450
#        1065       0.01884      4.11      2.00     7   6.3450
#        1066       0.01870     13.87      2.00     7   6.3455
#        1067       0.02466     10.40      2.00     7   6.3453
#        1068       0.02898     12.86      2.00     7   6.3453
#        1069       0.05284     10.75      2.00     7   6.3454
#        1070       0.01933      4.55      2.00     7   6.3452
#        1071       0.02982      7.39      2.00     6   6.3460
#        1072       0.02452      9.18      2.00     7   6.3458
#        1073       0.02932     14.75      2.00     7   6.3458
#        1074       0.01089     15.76      2.00     7   6.3473
#        1078       0.01726      5.81      2.00     7   6.3475
#        1079       0.01375     30.31      2.00     7   6.3481
#        1080       0.01803      5.57      2.00     7   6.3482
#        1081       0.01575     29.80      2.00     7   6.3481
#        1084       0.00957     12.65      2.00     5   6.3505
#        1085       0.01064     22.62      2.00     7   6.3505
#        1086       0.01476     10.39      2.00     7   6.3508
#        1087       0.01070     20.52      2.00     7   6.3503
#        1088       0.01649     17.71      2.00     7   6.3506
#        1089       0.01372     18.54      2.00     7   6.3506
#        1090       0.01110     15.77      2.00     7   6.3506
#        1092       0.02220      4.84      2.00     5   6.3519
#        1093       0.01028     43.03      2.00     7   6.3526
#        1094       0.01408      4.72      1.00     6   6.3544
#        1095       0.01027      7.08      2.00     5   6.3558
#        1096       0.00973      5.51      2.00     3   6.3563
#        1099       0.01457     31.84      1.00     6   6.3576
#        1100       0.02689      5.72      2.00     7   6.3578
#        1102       0.02196      8.33      2.00     6   6.3589
#        1103       0.01837      4.31      2.00     6   6.3592
#        1104       0.02254      5.28      2.00     6   6.3616
#        1107       0.01393      6.69      2.00     7   6.3659
#        1108       0.00947      7.13      2.00     5   6.3665
#        1109       0.01184     17.02      2.00     7   6.3681
#        1110       0.01379     30.28      2.00     7   6.3682
#        1111       0.01158      5.93      2.00     7   6.3679
#        1112       0.01614     29.88      2.00     7   6.3682
#        1114       0.01795      6.14      2.00     5   6.3691
#        1115       0.01447      5.26      2.00     7   6.3700
#        1116       0.01366     24.81      1.00     6   6.3709
#        1117       0.01046     27.78      2.00     7   6.3704
#        1118       0.01048     16.50      2.00     7   6.3722
#        1119       0.01105      4.38      2.00     7   6.3725
#        1120       0.01356     30.78      2.00     7   6.3726
#        1121       0.05125     12.37      2.00     7   6.3729
#        1122       0.01539     30.12      2.00     7   6.3726
#        1123       0.01055     25.35      2.00     7   6.3750
#        1124       0.01811     14.76      2.00     7   6.3753
#        1125       0.01813      4.20      2.00     7   6.3750
#        1126       0.01869      5.73      2.00     6   6.3759
#        1127       0.02379      9.69      2.00     7   6.3755
#        1128       0.02776     13.50      2.00     7   6.3755
#        1129       0.01756      5.56      2.00     7   6.3779
#        1132       0.02878      5.68      1.00     6   6.3883
#        1134       0.01091      7.33      2.00     5   6.3895
#        1135       0.02076      6.63      2.00     6   6.3898
#        1136       0.02641      7.13      2.00     6   6.3908
#        1137       0.02694      4.24      2.00     7   6.3914
#        1138       0.01755      7.05      2.00     5   6.3920
#        1139       0.02432      4.91      2.00     6   6.3920
#        1140       0.01544     13.76      2.00     6   6.3926
#        1141       0.01834      6.47      2.00     5   6.3934
#        1143       0.02504     12.30      1.00     6   6.3933
#        1144       0.02197      4.00      2.00     6   6.3948
#        1145       0.01017     20.86      2.00     6   6.3949
#        1146       0.02197      6.95      2.00     6   6.3951
#        1148       0.00730     26.46      2.00     5   6.3958
#        1152       0.00972      8.51      2.00     5   6.3971
#        1153       0.01020      4.35      2.00     6   6.3971
#        1154       0.01525      9.70      2.00     6   6.3971
#        1155       0.01699      4.54      2.00     6   6.3981
#        1157       0.01637      4.64      2.00     6   6.3978
#        1159       0.02029      4.73      2.00     6   6.3989
#        1160       0.01931     13.33      2.00     6   6.4005
#        1162       0.01595      5.77      2.00     6   6.4022
#        1163       0.01842     10.18      2.00     6   6.4020
#        1165       0.02283      5.27      2.00     6   6.4022
#        1167       0.01259      4.30      2.00     4   6.4037
#        1168       0.01211      4.90      2.00     5   6.4039
#        1170       0.01909      6.32      2.00     6   6.4042
#        1171       0.02613      4.87      2.00     7   6.4040
#        1173       0.02705      6.84      2.00     5   6.4060
#        1178       0.00944      7.72      2.00     5   6.4110
#        1180       0.01648      4.05      2.00     6   6.4134
#        1181       0.01788      4.88      2.00     6   6.4133
#        1182       0.01645      5.14      2.00     6   6.4133
#        1183       0.01048      4.13      2.00     4   6.4170
#        1184       0.01161      4.74      2.00     4   6.4196
#        1186       0.00682      6.85      2.00     4   6.4212
#        1187       0.01917      7.42      2.00     6   6.4211
#        1188       0.03780     12.12      2.00     6   6.4213
#        1190       0.02063      5.95      2.00     6   6.4214
#        1191       0.02826      8.31      2.00     6   6.4219
#        1192       0.01154      4.01      2.00     4   6.4221
#        1193       0.01031      4.04      2.00     6   6.4221
#        1194       0.01583      8.45      2.00     6   6.4221
#        1195       0.01213      4.33      2.00     4   6.4226
#        1196       0.01026      4.34      2.00     6   6.4228
#        1197       0.01539      9.16      2.00     6   6.4228
#        1199       0.01899      4.58      2.00     6   6.4238
#        1200       0.01800      4.34      2.00     6   6.4244
#        1203       0.01871      6.77      2.00     6   6.4266
#        1204       0.01771      6.47      2.00     6   6.4266
#        1209       0.01733     11.63      2.00     6   6.4295
#        1210       0.02280      8.25      1.00     6   6.4308
#        1211       0.01491      8.58      2.00     7   6.4308
#        1212       0.01837     12.86      2.00     7   6.4312
#        1214       0.00863     10.49      2.00     5   6.4323
#        1216       0.01762      6.65      2.00     7   6.4336
#        1217       0.01291      7.45      2.00     5   6.4350
#        1218       0.02039      6.17      2.00     6   6.4355
#        1219       0.02017      4.67      2.00     6   6.4367
#        1220       0.01734      4.20      2.00     6   6.4380
#        1221       0.01994      5.04      2.00     6   6.4385
#        1222       0.01315      4.01      2.00     4   6.4410
#        1223       0.01642      7.07      2.00     5   6.4448
#        1224       0.01986      4.61      2.00     6   6.4477
#        1225       0.02688      5.20      2.00     5   6.4484
#        1227       0.01241      4.13      2.00     4   6.4503
#        1229       0.03410     17.60      2.00     7   6.4527
#        1232       0.02091      8.48      2.00     6   6.4562
#        1233       0.02140      5.17      2.00     6   6.4587
#        1234       0.02878      9.21      2.00     6   6.4588
#        1235       0.00980      9.96      2.00     6   6.4597
#        1236       0.01790      4.62      2.00     6   6.4613
#        1238       0.01094      8.22      2.00     5   6.4653
#        1239       0.00970      4.37      2.00     6   6.4656
#        1240       0.03332      5.66      1.00     6   6.4671
#        1241       0.00979      5.11      2.00     6   6.4681
#        1242       0.01026     25.43      2.00     6   6.4684
#        1243       0.02450      4.26      2.00     7   6.4694
#        1244       0.02840      6.80      2.00     6   6.4695
#        1245       0.03455     19.97      2.00     7   6.4699
#        1248       0.01520     13.93      2.00     6   6.4712
#        1249       0.02506     11.28      1.00     6   6.4720
#        1251       0.00710      6.70      2.00     4   6.4859
#        1252       0.01566     14.78      2.00     6   6.4861
#        1253       0.01093      6.66      2.00     5   6.4865
#        1254       0.02431      4.03      2.00     7   6.4873
#        1255       0.02330      4.31      2.00     6   6.4882
#        1257       0.00762     61.62      2.00     6   6.4901
#        1258       0.03328     18.42      2.00     7   6.4899
#        1260       0.02694     11.26      2.00     6   6.4904
#        1261       0.01648      5.61      2.00     6   6.4915
#        1263       0.02114      7.35      2.00     6   6.4923
#        1268       0.02228      8.96      2.00     6   6.4939
#        1269       0.01773     12.55      2.00     6   6.4939
#        1270       0.01086      6.95      2.00     5   6.4947
#        1271       0.01622      4.77      2.00     6   6.4948
#        1273       0.02931      4.88      2.00     6   6.4960
#        1274       0.01907     13.50      2.00     6   6.4961
#        1276       0.02626      5.22      2.00     6   6.4964
#        1278       0.01572      6.64      2.00     7   6.4976
#        1280       0.01560      4.28      2.00     7   6.4993
#        1282       0.01812      4.37      2.00     6   6.5006
#        1283       0.00822     18.01      2.00     6   6.5003
#        1285       0.02514      7.14      2.00     6   6.5014
#        1288       0.01750      4.22      2.00     6   6.5027
#        1289       0.02057     11.13      2.00     6   6.5029
#        1291       0.01728      8.53      2.00     7   6.5044
#        1293       0.01892     11.96      2.00     7   6.5045
#        1295       0.01469      6.15      2.00     6   6.5059
#        1296       0.01780      6.66      2.00     7   6.5067
#        1298       0.02058      5.75      2.00     6   6.5074
#        1300       0.01258      7.50      2.00     5   6.5085
#        1301       0.01029     29.80      2.00     6   6.5090
#        1302       0.01821      7.91      2.00     5   6.5090
#        1303       0.01629      4.10      2.00     6   6.5090
#        1304       0.01729      4.79      2.00     6   6.5091
#        1305       0.01628      5.14      2.00     6   6.5091
#        1308       0.01195      7.84      2.00     5   6.5164
#        1309       0.00775     27.81      2.00     6   6.5166
#        1311       0.01101      7.80      2.00     7   6.5162
#        1312       0.01118      5.33      2.00     7   6.5164
#        1313       0.01158     10.37      2.00     7   6.5165
#        1314       0.02884      6.31      2.00     6   6.5169
#        1315       0.01359      6.74      2.00     7   6.5167
#        1316       0.01004     35.19      2.00     7   6.5184
#        1320       0.01715      4.90      2.00     7   6.5187
#        1321       0.02481      6.36      2.00     5   6.5203
#        1327       0.01131     14.05      2.00     7   6.5220
#        1331       0.01039      4.03      2.00     7   6.5227
#        1332       0.00852     22.75      2.00     6   6.5236
#        1333       0.01018     10.46      2.00     7   6.5244
#        1334       0.02207      7.47      2.00     7   6.5239
#        1336       0.01063      4.64      2.00     7   6.5249
#        1338       0.02168      8.09      2.00     6   6.5252
#        1340       0.01120     14.33      2.00     7   6.5254
#        1341       0.02930      5.14      2.00     6   6.5259
#        1342       0.01938      5.66      2.00     6   6.5261
#        1343       0.00885     25.06      2.00     6   6.5265
#        1344       0.01774      4.17      2.00     6   6.5271
#        1349       0.01620      5.01      2.00     6   6.5276
#        1350       0.01124     13.29      2.00     7   6.5272
#        1351       0.01017     13.66      2.00     7   6.5277
#        1352       0.01700      5.22      2.00     7   6.5285
#        1353       0.01956     13.79      2.00     6   6.5295
#        1354       0.01014     16.18      2.00     7   6.5294
#        1356       0.01089     10.68      2.00     7   6.5308
#        1358       0.02474      6.94      2.00     7   6.5316
#        1359       0.01203      8.64      2.00     5   6.5333
#        1361       0.02267      7.50      2.00     7   6.5339
#        1363       0.01096     12.06      2.00     7   6.5354
#        1365       0.01328     16.83      2.00     6   6.5365
#        1368       0.01710      5.15      2.00     7   6.5383
#        1369       0.02328      6.93      2.00     7   6.5385
#        1370       0.01189      8.05      2.00     5   6.5391
#        1371       0.02666      6.75      2.00     6   6.5393
#        1372       0.01531     12.99      2.00     6   6.5408
#        1376       0.01104     12.10      2.00     7   6.5416
#        1377       0.01798      4.90      2.00     6   6.5420
#        1378       0.01625      5.30      2.00     6   6.5420
#        1379       0.01625      4.24      2.00     6   6.5425
#        1383       0.02275      6.44      2.00     5   6.5473
#        1385       0.01125      9.47      2.00     7   6.5479
#        1387       0.01260      7.39      2.00     5   6.5485
#        1388       0.02475      5.59      2.00     6   6.5487
#        1391       0.01872      5.15      1.00     6   6.5500
#        1394       0.01674      5.41      2.00     6   6.5511
#        1395       0.02359      6.77      2.00     5   6.5521
#        1396       0.01837      7.14      1.00     6   6.5522
#        1398       0.01285      4.91      2.00     7   6.5530
#        1399       0.01240      9.67      2.00     5   6.5533
#        1400       0.01791      5.59      2.00     6   6.5546
#        1403       0.01193      5.61      2.00     5   6.5561
#        1406       0.01789      5.40      2.00     6   6.5565
#        1408       0.03370      8.78      2.00     6   6.5566
#        1411       0.01760      4.43      2.00     7   6.5576
#        1414       0.02275      7.11      2.00     7   6.5598
#        1416       0.01580      4.24      2.00     6   6.5622
#        1419       0.01246     11.61      2.00     7   6.5633
#        1420       0.01165      5.29      2.00     5   6.5637
#        1421       0.01690      4.57      2.00     6   6.5637
#        1423       0.01573      5.38      2.00     6   6.5647
#        1425       0.02519      6.72      2.00     7   6.5644
#        1427       0.01582      5.35      2.00     6   6.5655
#        1428       0.01589      4.95      2.00     6   6.5655
#        1429       0.01187      4.13      2.00     5   6.5664
#        1431       0.01453     14.67      2.00     6   6.5674
#        1432       0.01241     12.47      2.00     7   6.5674
#        1434       0.00951      4.20      2.00     4   6.5678
#        1440       0.01984      5.62      2.00     6   6.5700
#        1441       0.01104      6.91      2.00     7   6.5698
#        1442       0.01249     12.28      2.00     7   6.5710
#        1444       0.01028      8.46      2.00     7   6.5717
#        1445       0.02165      7.14      2.00     7   6.5719
#        1446       0.01111      6.23      2.00     7   6.5723
#        1449       0.00697      5.99      2.00     4   6.5749
#        1450       0.01075      8.22      2.00     7   6.5751
#        1451       0.01034     10.35      2.00     7   6.5753
#        1453       0.01062      8.16      2.00     7   6.5768
#        1456       0.01049     19.03      2.00     7   6.5778
#        1459       0.01040     11.68      2.00     7   6.5794
#        1460       0.00852     13.47      2.00     5   6.5801
#        1462       0.02430      6.65      2.00     7   6.5797
#        1463       0.01696      4.53      2.00     6   6.5804
#        1469       0.01254      5.29      2.00     4   6.5859
#        1471       0.01684      4.60      2.00     6   6.5883
#        1472       0.01577      7.03      2.00     5   6.5895
#        1477       0.00909      9.89      2.00     5   6.5922
#        1478       0.02022     10.94      2.00     6   6.5929
#        1481       0.00937      9.76      2.00     3   6.5956
#        1482       0.01172      7.90      2.00     5   6.5959
#        1484       0.08867      5.91      2.00     7   6.5960
#        1486       0.04182      5.69      2.00     7   6.5965
#        1489       0.01181      4.84      2.00     5   6.5987
#        1490       0.07181      8.60      2.00     7   6.5987
#        1497       0.03193     10.75      2.00     5   6.6006
#        1498       0.03647      8.37      2.00     7   6.6019
#        1504       0.02204      4.22      2.00     6   6.6143
#        1506       0.02238     10.74      2.00     6   6.6146
#        1509       0.02002     11.09      2.00     6   6.6167
#        1510       0.02256      5.70      2.00     6   6.6165
#        1511       0.01166      4.50      2.00     5   6.6182
#        1512       0.02838     10.91      2.00     6   6.6188
#        1513       0.02840      4.97      2.00     7   6.6185
#        1516       0.01979      4.68      2.00     7   6.6192
#        1517       0.02048      7.18      2.00     7   6.6193
#        1518       0.02412     12.56      2.00     7   6.6190
#        1519       0.02264     25.70      2.00     7   6.6196
#        1520       0.00693      4.05      2.00     4   6.6202
#        1521       0.00691      4.66      2.00     4   6.6211
#        1522       0.01785      5.70      2.00     6   6.6207
#        1523       0.01994      7.66      2.00     7   6.6212
#        1524       0.01399      4.25      2.00     5   6.6212
#        1525       0.01401      4.24      2.00     5   6.6212
#        1526       0.02675      7.64      2.00     7   6.6217
#        1527       0.02208      8.22      2.00     7   6.6217
#        1528       0.02241     10.93      2.00     7   6.6220
#        1529       0.02151     26.62      2.00     7   6.6244
#        1530       0.01137      4.77      2.00     5   6.6247
#        1533       0.00980     10.06      2.00     4   6.6326
#        1534       0.01315     19.38      2.00     6   6.6334
#        1535       0.00713      4.41      2.00     5   6.6340
#        1536       0.03005      6.86      2.00     5   6.6350
#        1537       0.01020      4.01      2.00     4   6.6360
#        1540       0.01236      8.93      2.00     6   6.6378
#        1541       0.01955      8.31      2.00     5   6.6382
#        1543       0.01315      4.44      2.00     5   6.6440
#        1544       0.01317      4.47      2.00     5   6.6440
#        1545       0.00732      4.36      2.00     5   6.6446
#        1546       0.02101      4.98      2.00     6   6.6449
#        1551       0.01793      4.74      2.00     6   6.6494
#        1552       0.02146     15.57      2.00     7   6.6506
#        1553       0.02051      7.93      2.00     7   6.6511
#        1554       0.03747     22.68      2.00     7   6.6508
#        1555       0.01806      4.92      2.00     7   6.6509
#        1558       0.01702      5.73      2.00     7   6.6528
#        1561       0.00733     11.10      1.00     6   6.6559
#        1562       0.02605      6.35      2.00     5   6.6561
#        1563       0.02946      6.98      2.00     7   6.6572
#        1564       0.02788      6.27      2.00     7   6.6580
#        1568       0.01532     16.70      2.00     6   6.6596
#        1569       0.01801      6.93      2.00     7   6.6598
#        1570       0.01049      9.59      2.00     7   6.6595
#        1571       0.01059      4.75      2.00     7   6.6598
#        1572       0.01711     15.06      2.00     7   6.6595
#        1573       0.00722      4.50      2.00     5   6.6601
#        1576       0.01919      4.36      2.00     6   6.6625
#        1577       0.02172      4.33      2.00     6   6.6633
#        1578       0.02431      4.26      2.00     6   6.6633
#        1579       0.00729      4.47      2.00     5   6.6652
#        1580       0.02824      9.93      2.00     6   6.6660
#        1581       0.01681      4.20      2.00     6   6.6675
#        1583       0.01568      7.16      2.00     5   6.6681
#        1584       0.02615     14.78      2.00     6   6.6687
#        1585       0.01255     12.37      2.00     6   6.6704
#        1587       0.01510      6.50      2.00     6   6.6718
#        1590       0.00714      4.53      2.00     3   6.6759
#        1592       0.02096      7.13      2.00     6   6.6768
#        1593       0.01558      4.15      2.00     6   6.6786
#        1594       0.01083     52.15      2.00     6   6.6787
#        1595       0.02009      8.91      2.00     6   6.6784
#        1597       0.00721      4.69      2.00     5   6.6795
#        1598       0.01784      4.47      2.00     6   6.6794
#        1600       0.01546      5.53      2.00     6   6.6803
#        1601       0.01056      8.67      2.00     7   6.6810
#        1602       0.01764     13.24      2.00     7   6.6810
#        1603       0.01980     14.91      2.00     6   6.6814
#        1605       0.01876      4.58      2.00     6   6.6824
#        1606       0.01213     10.70      2.00     6   6.6824
#        1607       0.00727      4.67      2.00     5   6.6832
#        1608       0.02152      4.00      2.00     6   6.6829
#        1610       0.01048      9.26      2.00     7   6.6842
#        1611       0.01687     14.28      2.00     7   6.6842
#        1612       0.00734      4.63      2.00     5   6.6853
#        1613       0.02141      6.29      2.00     5   6.6863
#        1614       0.00733      4.62      2.00     5   6.6866
#        1615       0.01709      4.40      2.00     6   6.6865
#        1616       0.02760      6.47      2.00     7   6.6870
#        1621       0.02649      6.96      2.00     5   6.6931
#        1623       0.01815      4.77      2.00     6   6.6939
#        1624       0.01547      5.65      2.00     6   6.6939
#        1625       0.01548      4.95      2.00     6   6.6947
#        1628       0.01175      7.21      2.00     5   6.7050
#        1629       0.01424      7.22      2.00     6   6.7063
#        1631       0.01968      4.58      2.00     7   6.7126
#        1632       0.01691      6.69      2.00     7   6.7127
#        1634       0.03133     16.05      2.00     7   6.7130
#        1635       0.02524      5.08      2.00     7   6.7146
#        1636       0.01852      9.55      2.00     7   6.7149
#        1637       0.02304     12.99      2.00     7   6.7149
#        1638       0.02212     22.37      2.00     7   6.7153
#        1639       0.01949      6.47      2.00     7   6.7151
#        1641       0.01938      7.62      2.00     7   6.7171
#        1642       0.02198      9.64      2.00     7   6.7176
#        1643       0.02478      7.49      2.00     7   6.7174
#        1644       0.02149      8.22      2.00     7   6.7174
#        1645       0.03036     10.67      2.00     7   6.7199
#        1646       0.02123     25.67      2.00     7   6.7199
#        1647       0.01714      6.57      2.00     7   6.7202
#        1648       0.01714      4.55      2.00     7   6.7202
#        1651       0.01833      6.34      2.00     7   6.7222
#        1652       0.03715      5.96      2.00     7   6.7226
#        1653       0.01755      4.39      2.00     7   6.7230
#        1655       0.02042      4.21      2.00     7   6.7253
#        1656       0.01055     11.38      2.00     6   6.7277
#        1657       0.01223      8.72      2.00     5   6.7303
#        1658       0.01988      4.15      2.00     6   6.7303
#        1660       0.02342      4.62      2.00     6   6.7305
#        1662       0.01460      4.62      2.00     6   6.7314
#        1663       0.01840     12.22      2.00     6   6.7325
#        1665       0.01827      4.49      2.00     7   6.7398
#        1666       0.03401      8.90      2.00     7   6.7397
#        1667       0.01761      4.64      2.00     7   6.7399
#        1670       0.01397      6.45      2.00     6   6.7414
#        1671       0.01981      5.81      2.00     7   6.7421
#        1672       0.05719      8.71      2.00     7   6.7430
#        1673       0.03374      8.80      2.00     7   6.7438
#        1674       0.00604      4.65      2.00     5   6.7460
#        1675       0.02066      7.32      2.00     6   6.7456
#        1676       0.01971      4.56      2.00     7   6.7462
#        1677       0.01250     11.25      2.00     6   6.7469
#        1678       0.02237      5.00      2.00     7   6.7468
#        1679       0.00910      9.57      2.00     5   6.7478
#        1680       0.01077      5.14      2.00     6   6.7481
#        1681       0.01073      9.22      2.00     6   6.7478
#        1682       0.04706      8.43      2.00     7   6.7479
#        1684       0.02530      5.39      2.00     7   6.7481
#        1685       0.02138      6.01      2.00     7   6.7482
#        1686       0.02454     14.05      2.00     7   6.7479
#        1687       0.03627      8.08      2.00     7   6.7487
#        1688       0.02251     20.22      2.00     7   6.7484
#        1689       0.03491      7.40      2.00     7   6.7485
#        1690       0.01754      4.63      2.00     7   6.7486
#        1691       0.01715      6.78      2.00     7   6.7491
#        1692       0.02750      7.66      2.00     7   6.7504
#        1693       0.02207      8.47      2.00     7   6.7504
#        1695       0.02009      5.07      2.00     7   6.7510
#        1696       0.02125      8.75      2.00     7   6.7506
#        1697       0.01959      7.76      2.00     7   6.7505
#        1698       0.01714      7.02      2.00     7   6.7514
#        1699       0.02112     25.32      2.00     7   6.7528
#        1700       0.01051      9.71      2.00     6   6.7536
#        1702       0.01549     42.77      2.00     7   6.7538
#        1703       0.02129      6.39      2.00     5   6.7553
#        1705       0.03535      4.74      2.00     6   6.7602
#        1706       0.01733      7.77      2.00     7   6.7654
#        1707       0.01922     10.80      2.00     7   6.7655
#        1708       0.02953     12.72      2.00     7   6.7656
#        1709       0.02404      4.16      2.00     7   6.7660
#        1711       0.02947     16.64      2.00     7   6.7663
#        1712       0.02278      9.99      2.00     7   6.7663
#        1713       0.02264      5.72      2.00     7   6.7674
#        1714       0.01633     28.29      2.00     7   6.7669
#        1715       0.01192     13.11      2.00     5   6.7679
#        1717       0.01734      5.28      2.00     7   6.7681
#        1718       0.02628      5.23      2.00     7   6.7687
#        1719       0.01623     22.17      2.00     7   6.7693
#        1720       0.00622      6.22      2.00     4   6.7701
#        1721       0.02145     10.67      2.00     7   6.7704
#        1722       0.01946      6.92      2.00     7   6.7709
#        1723       0.02395      7.39      2.00     7   6.7709
#        1724       0.02134     11.65      2.00     7   6.7707
#        1725       0.02384      5.23      2.00     7   6.7709
#        1727       0.01137     28.47      2.00     7   6.7716
#        1729       0.02279      4.68      2.00     7   6.7721
#        1730       0.02272      7.35      2.00     7   6.7718
#        1733       0.01680      6.97      2.00     7   6.7723
#        1734       0.02335     17.14      2.00     7   6.7726
#        1735       0.01980      6.16      2.00     7   6.7729
#        1736       0.01112    129.20      2.00     7   6.7729
#        1737       0.07712      5.30      2.00     7   6.7732
#        1740       0.01790      8.65      2.00     7   6.7737
#        1741       0.02027      8.36      2.00     7   6.7734
#        1742       0.03913      5.13      2.00     7   6.7735
#        1743       0.01951      4.64      2.00     7   6.7740
#        1745       0.02612      4.76      2.00     7   6.7748
#        1746       0.02480      6.21      2.00     7   6.7748
#        1747       0.01564      8.51      2.00     7   6.7745
#        1748       0.01678      4.67      2.00     7   6.7745
#        1749       0.01788      4.12      2.00     7   6.7744
#        1750       0.01233      8.98      2.00     6   6.7761
#        1751       0.02055      7.50      2.00     6   6.7757
#        1753       0.01852     23.03      2.00     7   6.7756
#        1754       0.06594      7.57      2.00     7   6.7757
#        1755       0.02044     13.43      2.00     7   6.7771
#        1756       0.03490      7.40      2.00     7   6.7785
#        1757       0.01405      7.88      2.00     6   6.7799
#        1758       0.01426      6.10      2.00     6   6.7801
#        1759       0.01775      5.61      2.00     7   6.7812
#        1760       0.02217      5.47      2.00     6   6.7824
#        1761       0.02784     11.23      2.00     6   6.7827
#        1763       0.02065      5.64      2.00     7   6.7827
#        1764       0.01697      7.01      2.00     7   6.7848
#        1765       0.01401      4.90      2.00     6   6.7853
#        1767       0.01221      7.91      2.00     6   6.7881
#        1768       0.01565      8.52      2.00     7   6.7881
#        1769       0.02521      5.93      2.00     5   6.7890
#        1770       0.01709      7.98      2.00     7   6.7889
#        1771       0.01688      4.88      2.00     7   6.7900
#        1772       0.01691      4.61      2.00     7   6.7901
#        1773       0.01131     54.09      2.00     7   6.7898
#        1774       0.00615      5.99      2.00     4   6.7934
#        1775       0.01344      5.58      2.00     6   6.7936
#        1776       0.01136     41.31      2.00     7   6.7950
#        1777       0.02598      5.71      2.00     7   6.7955
#        1778       0.02230      6.21      2.00     7   6.7966
#        1779       0.02909      4.53      2.00     6   6.7979
#        1780       0.01592     24.73      2.00     7   6.7978
#        1781       0.02196     16.37      2.00     7   6.7982
#        1782       0.02295      4.59      2.00     6   6.7990
#        1785       0.00806      9.80      2.00     6   6.7993
#        1786       0.01158     15.07      2.00     6   6.7993
#        1787       0.02413      4.23      2.00     7   6.7996
#        1788       0.01913     10.46      2.00     7   6.7998
#        1789       0.02935     17.38      2.00     7   6.7999
#        1790       0.02355      7.20      2.00     7   6.7999
#        1791       0.02535      4.72      2.00     7   6.8021
#        1794       0.02039      6.93      2.00     6   6.8039
#        1797       0.02049      4.04      2.00     7   6.8043
#        1798       0.02554      6.56      2.00     7   6.8042
#        1799       0.02166     10.15      2.00     7   6.8042
#        1801       0.02313     10.19      2.00     7   6.8061
#        1804       0.02333      4.71      2.00     7   6.8063
#        1806       0.01764      4.45      2.00     7   6.8062
#        1808       0.02647      5.17      2.00     7   6.8067
#        1809       0.01798      5.36      2.00     7   6.8079
#        1810       0.02017      5.55      2.00     7   6.8081
#        1811       0.02310      4.74      2.00     6   6.8086
#        1812       0.02649      4.21      2.00     7   6.8082
#        1813       0.02510      6.05      2.00     7   6.8082
#        1814       0.01653      5.73      2.00     7   6.8085
#        1815       0.02246      5.95      2.00     7   6.8088
#        1816       0.01642      5.23      2.00     6   6.8105
#        1817       0.02468      9.91      2.00     6   6.8108
#        1818       0.02096      7.88      1.00     6   6.8106
#        1819       0.02001     15.74      2.00     7   6.8104
#        1820       0.01284      7.59      2.00     6   6.8117
#        1821       0.01887     10.43      2.00     7   6.8120
#        1822       0.02281      4.13      2.00     7   6.8123
#        1823       0.02871     16.85      2.00     7   6.8125
#        1824       0.02281      8.34      2.00     7   6.8125
#        1825       0.02569      6.59      2.00     5   6.8128
#        1826       0.02271     12.73      2.00     6   6.8131
#        1827       0.01781      6.24      2.00     7   6.8131
#        1828       0.02422     14.15      2.00     6   6.8133
#        1829       0.02865      9.93      2.00     5   6.8143
#        1830       0.02594      4.89      2.00     7   6.8148
#        1831       0.02086     10.24      2.00     7   6.8161
#        1832       0.01861      7.92      2.00     7   6.8167
#        1833       0.01978      6.80      2.00     5   6.8185
#        1835       0.02549      8.42      2.00     6   6.8189
#        1837       0.02215      4.66      2.00     7   6.8191
#        1838       0.02171      8.54      2.00     7   6.8189
#        1839       0.01827      4.04      2.00     7   6.8187
#        1840       0.01776      4.21      2.00     7   6.8192
#        1841       0.01945      5.01      2.00     7   6.8199
#        1842       0.02528      4.42      2.00     7   6.8204
#        1843       0.02388      6.05      2.00     7   6.8204
#        1844       0.01733      4.66      2.00     7   6.8202
#        1845       0.01226      7.45      2.00     6   6.8215
#        1846       0.01861     12.41      2.00     6   6.8215
#        1847       0.01659      5.11      2.00     7   6.8214
#        1849       0.01374      8.33      2.00     6   6.8218
#        1850       0.01660      5.75      2.00     7   6.8229
#        1851       0.02014     14.44      2.00     7   6.8227
#        1852       0.00767      7.43      2.00     4   6.8230
#        1853       0.01661      5.33      2.00     7   6.8234
#        1854       0.02087     17.35      2.00     6   6.8245
#        1855       0.02157      4.27      2.00     6   6.8250
#        1857       0.01769      5.86      2.00     7   6.8264
#        1858       0.01208      9.56      2.00     6   6.8293
#        1859       0.00832      6.45      2.00     6   6.8293
#        1861       0.03166      5.66      2.00     7   6.8333
#        1862       0.04777      5.81      2.00     7   6.8332
#        1863       0.01278      8.57      2.00     6   6.8351
#        1864       0.00830      5.84      2.00     6   6.8351
#        1865       0.01836      6.95      2.00     7   6.8350
#        1867       0.01667      5.21      2.00     7   6.8357
#        1868       0.01667      4.89      2.00     7   6.8356
#        1871       0.04618      5.57      2.00     7   6.8378
#        1872       0.03104      5.49      2.00     7   6.8379
#        1876       0.01560      4.47      2.00     7   6.8422
#        1878       0.01068     19.50      2.00     6   6.8437
#        1879       0.01244      6.22      2.00     6   6.8444
#        1881       0.01874     11.02      2.00     7   6.8456
#        1882       0.01580      6.58      2.00     7   6.8469
#        1883       0.01576      4.67      2.00     7   6.8469
#        1886       0.01631      5.26      2.00     6   6.8505
#        1888       0.01723      8.47      2.00     7   6.8507
#        1889       0.01837      6.11      2.00     7   6.8509
#        1893       0.01874      7.21      2.00     7   6.8529
#        1894       0.01848      6.77      2.00     7   6.8537
#        1895       0.01721      7.66      2.00     7   6.8536
#        1897       0.01625      5.94      2.00     7   6.8544
#        1898       0.01622      4.11      2.00     7   6.8544
#        1900       0.02273      4.80      2.00     7   6.8564
#        1903       0.01582      4.24      2.00     7   6.8586
#        1905       0.01611      4.58      2.00     6   6.8597
#        1906       0.01838      6.95      2.00     7   6.8596
#        1907       0.00773      6.68      2.00     4   6.8631
#        1909       0.01508      5.66      2.00     7   6.8698
#        1910       0.02385      6.01      2.00     7   6.8701
#        1911       0.05222      7.61      2.00     7   6.8706
#        1912       0.03280      7.70      2.00     7   6.8711
#        1913       0.01904      4.10      2.00     7   6.8721
#        1915       0.02174     16.62      2.00     7   6.8727
#        1916       0.02148     10.73      2.00     7   6.8743
#        1917       0.03093     16.77      2.00     7   6.8744
#        1920       0.04428      7.38      2.00     7   6.8747
#        1921       0.03536      7.10      2.00     7   6.8752
#        1922       0.01896      5.16      2.00     7   6.8753
#        1923       0.01715      4.53      2.00     7   6.8766
#        1924       0.02699      5.89      2.00     5   6.8780
#        1925       0.02684      6.50      2.00     5   6.8783
#        1926       0.02074      4.29      2.00     7   6.8778
#        1929       0.02545     11.99      2.00     6   6.8787
#        1931       0.02852     13.49      2.00     7   6.8789
#        1933       0.02099      4.01      2.00     7   6.8800
#        1937       0.01220      7.14      2.00     6   6.8807
#        1938       0.01780     10.34      2.00     7   6.8808
#        1939       0.01541      5.75      2.00     6   6.8827
#        1940       0.02470      5.49      2.00     7   6.8828
#        1942       0.07587      6.90      2.00     7   6.8869
#        1943       0.00585     10.04      2.00     5   6.8876
#        1944       0.01792      6.30      2.00     7   6.8880
#        1945       0.03645     10.25      2.00     6   6.8890
#        1946       0.03631      6.77      2.00     7   6.8892
#        1947       0.02241     13.98      2.00     6   6.8914
#        1948       0.01808      9.45      2.00     7   6.8925
#        1951       0.03033     14.84      2.00     7   6.8933
#        1953       0.00639      4.94      2.00     4   6.8945
#        1955       0.01688      4.25      2.00     7   6.8957
#        1956       0.02028      9.69      2.00     6   6.8983
#        1959       0.02716      5.84      2.00     7   6.9007
#        1960       0.02300      5.30      2.00     7   6.9004
#        1962       0.01797      4.60      2.00     7   6.9011
#        1963       0.02121      8.95      2.00     7   6.9008
#        1965       0.02502     15.20      2.00     7   6.9009
#        1966       0.00632      4.26      2.00     5   6.9020
#        1968       0.01935      8.41      2.00     7   6.9026
#        1970       0.02664      7.36      2.00     7   6.9029
#        1971       0.02061      9.01      2.00     7   6.9029
#        1972       0.02337      4.81      2.00     7   6.9032
#        1974       0.01970     24.99      2.00     7   6.9048
#        1977       0.02334     12.05      2.00     6   6.9082
#        1979       0.02769      6.34      2.00     7   6.9094
#        1981       0.02174     16.61      2.00     7   6.9118
#        1982       0.01824      9.91      2.00     7   6.9118
#        1984       0.03081     15.57      2.00     7   6.9123
#        1987       0.01961     15.44      2.00     6   6.9127
#        1992       0.02382      9.13      2.00     6   6.9148
#        1993       0.01221      6.19      2.00     6   6.9148
#        1994       0.01688      4.32      2.00     7   6.9146
#        1995       0.01224      7.86      2.00     6   6.9161
#        1996       0.01855     13.25      2.00     6   6.9161
#        1997       0.02602     13.03      2.00     6   6.9158
#        2000       0.01632      4.08      2.00     7   6.9177
#        2001       0.01979      9.63      2.00     6   6.9185
#        2002       0.01228     13.35      2.00     7   6.9197
#        2003       0.01860     11.34      2.00     7   6.9202
#        2007       0.01305      4.07      2.00     6   6.9241
#        2008       0.02154     11.46      2.00     6   6.9240
#        2009       0.02025      4.53      2.00     7   6.9242
#        2011       0.04650      5.99      2.00     7   6.9248
#        2014       0.01699      8.73      2.00     7   6.9262
#        2016       0.03140      5.82      2.00     7   6.9268
#        2017       0.02527      5.71      2.00     7   6.9286
#        2018       0.02825      9.56      2.00     5   6.9294
#        2020       0.01091      4.18      2.00     6   6.9296
#        2021       0.04612      5.67      2.00     7   6.9325
#        2022       0.01577      4.32      2.00     7   6.9331
#        2025       0.02979      5.54      2.00     7   6.9345
#        2026       0.01654      4.91      2.00     7   6.9347
#        2027       0.07022      6.90      2.00     7   6.9361
#        2028       0.03607      6.99      2.00     7   6.9362
#        2029       0.01178      4.33      2.00     6   6.9374
#        2031       0.01985      9.85      2.00     7   6.9385
#        2032       0.01989      7.03      2.00     6   6.9388
#        2033       0.01112     51.55      2.00     7   6.9388
#        2034       0.01945      5.20      2.00     7   6.9387
#        2038       0.01611      4.10      2.00     7   6.9395
#        2039       0.02252      4.79      2.00     7   6.9393
#        2040       0.02039      4.78      2.00     7   6.9396
#        2043       0.05119      6.65      2.00     7   6.9406
#        2044       0.01636      5.13      2.00     7   6.9402
#        2045       0.02015      7.54      2.00     7   6.9404
#        2046       0.02241     11.79      2.00     6   6.9407
#        2047       0.03624      6.44      2.00     7   6.9407
#        2048       0.02082     18.31      2.00     7   6.9415
#        2049       0.01766      7.28      2.00     5   6.9426
#        2052       0.01633      6.60      2.00     5   6.9452
#        2054       0.01060     10.10      2.00     7   6.9454
#        2056       0.02445     10.20      2.00     6   6.9471
#        2057       0.01258      7.00      2.00     6   6.9471
#        2061       0.01079     15.86      2.00     7   6.9477
#        2063       0.01678      4.75      2.00     7   6.9482
#        2064       0.01992      5.47      2.00     6   6.9484
#        2066       0.01261      8.53      2.00     6   6.9490
#        2067       0.01870     14.27      2.00     6   6.9490
#        2069       0.01080     20.70      2.00     7   6.9488
#        2070       0.02149      4.34      2.00     7   6.9490
#        2071       0.02048      4.49      2.00     7   6.9490
#        2072       0.02395      7.74      2.00     7   6.9510
#        2074       0.01737      4.04      2.00     7   6.9514
#        2076       0.01588      4.57      2.00     7   6.9531
#        2077       0.01615      6.56      2.00     7   6.9540
#        2079       0.01599      6.33      2.00     7   6.9548
#        2080       0.01460      6.95      2.00     7   6.9547
#        2086       0.01513      6.83      1.00     6   6.9584
#        2089       0.01674      4.22      2.00     7   6.9593
#        2092       0.01863     11.44      2.00     7   6.9618
#        2093       0.01459      5.54      1.00     6   6.9631
#        2094       0.01586      4.35      2.00     7   6.9627
#        2096       0.01569      4.35      2.00     5   6.9641
#        2100       0.01215      6.67      2.00     6   6.9651
#        2102       0.02079      4.18      2.00     7   6.9675
#        2105       0.01647      4.34      2.00     6   6.9688
#        2106       0.02887     10.06      2.00     6   6.9693
#        2107       0.02226     10.20      2.00     7   6.9694
#        2109       0.02776     16.92      2.00     6   6.9725
#        2110       0.02912     14.32      2.00     6   6.9723
#        2111       0.01696      4.78      2.00     7   6.9732
#        2113       0.02740      5.95      2.00     6   6.9743
#        2116       0.01578      4.19      2.00     7   6.9748
#        2117       0.01640      4.87      2.00     7   6.9748
#        2119       0.04613      5.90      2.00     7   6.9751
#        2120       0.03039      5.91      2.00     7   6.9749
#        2122       0.02029      4.03      2.00     7   6.9753
#        2123       0.02311      9.06      2.00     7   6.9754
#        2126       0.01597      4.54      2.00     7   6.9776
#        2127       0.01591      4.67      2.00     7   6.9789
#        2128       0.01557     11.61      2.00     6   6.9789
#        2130       0.02268      5.60      2.00     7   6.9796
#        2138       0.01213      4.16      2.00     6   6.9856
#        2139       0.01225      4.61      2.00     6   6.9878
#        2140       0.01381      9.92      2.00     6   6.9879
#        2141       0.01213      4.83      2.00     6   6.9883
#        2144       0.00743     15.52      2.00     5   6.9887
#        2145       0.01262      7.86      2.00     6   6.9904
#        2148       0.01764      6.27      2.00     7   6.9984
#        2150       0.01541      4.91      2.00     7   6.9998
#        2152       0.01762     12.05      2.00     7   7.0009
#        2154       0.02833      7.21      2.00     6   7.0052
#        2156       0.01681      5.37      2.00     5   7.0064
#        2157       0.02660      8.75      2.00     6   7.0065
#        2158       0.01388      7.18      2.00     5   7.0075
#        2160       0.01609      5.95      2.00     6   7.0119
#        2162       0.02092     12.17      2.00     6   7.0129
#        2165       0.01462      4.60      2.00     7   7.0134
#        2166       0.01464      4.39      2.00     7   7.0142
#        2168       0.01418      8.73      2.00     6   7.0152
#        2171       0.00748      5.97      2.00     5   7.0175
#        2172       0.02721      7.26      2.00     6   7.0189
#        2173       0.02747      5.80      2.00     6   7.0188
#        2174       0.01744      8.00      2.00     7   7.0194
#        2175       0.03714      7.46      2.00     7   7.0202
#        2177       0.03354     10.74      2.00     7   7.0229
#        2178       0.01744      7.23      2.00     7   7.0230
#  1544/2000 paths used
#  -----------------------------------------------------------------------
#       k          chi          mag           phase @#
     0.0000    6.461541E+00  6.712535E+00  1.845122E+00
     0.0500    6.271825E+00  6.590534E+00  1.883058E+00
     0.1000    6.076625E+00  6.469583E+00  1.921123E+00
     0.1500    5.487365E+00  6.132261E+00  2.033530E+00
     0.2000    4.866401E+00  5.803606E+00  2.147043E+00
     0.2500    3.867548E+00  5.335338E+00  2.330714E+00
     0.3000    2.857627E+00  4.886824E+00  2.517007E+00
     0.3500    1.615308E+00  4.386333E+00  2.764457E+00
     0.4000    4.925405E-01  3.912526E+00  3.015370E+00
     0.4500   -5.942633E-01  3.471036E+00  3.313647E+00
     0.5000   -1.386423E+00  3.051097E+00  3.613293E+00
     0.5500   -1.937279E+00  2.704702E+00  3.940025E+00
     0.6000   -2.127505E+00  2.362876E+00  4.262252E+00
     0.6500   -2.082072E+00  2.097755E+00  4.590036E+00
     0.7000   -1.786487E+00  1.820511E+00  4.906026E+00
     0.7500   -1.410549E+00  1.607403E+00  5.212493E+00
     0.8000   -9.715867E-01  1.377427E+00  5.500250E+00
     0.8500   -5.853131E-01  1.196035E+00  5.771809E+00
     0.9000   -2.650558E-01  1.005579E+00  6.016448E+00
     0.9500   -2.944859E-02  8.613485E-01  6.248990E+00
     1.0000    1.172103E-01  7.174538E-01  6.447291E+00
     1.0500    2.084319E-01  6.049196E-01  6.634957E+00
     1.1000    2.391858E-01  5.011011E-01  6.780788E+00
     1.1500    2.475877E-01  4.182794E-01  6.916624E+00
     1.2000    2.301863E-01  3.486845E-01  7.004212E+00
     1.2500    2.078436E-01  2.935194E-01  7.070001E+00
     1.3000    1.836101E-01  2.547000E-01  7.088268E+00
     1.3500    1.662860E-01  2.302780E-01  7.090032E+00
     1.4000    1.589929E-01  2.207214E-01  7.087467E+00
     1.4500    1.640731E-01  2.211520E-01  7.119088E+00
     1.5000    1.780699E-01  2.260012E-01  7.190602E+00
     1.5500    1.981792E-01  2.313152E-01  7.312119E+00
     1.6000    2.138671E-01  2.316945E-01  7.459137E+00
     1.6500    2.212323E-01  2.264245E-01  7.639415E+00
     1.7000    2.145616E-01  2.146741E-01  7.821610E+00
     1.7500    1.941550E-01  1.967131E-01  8.015430E+00
     1.8000    1.639348E-01  1.737339E-01  8.191447E+00
     1.8500    1.308214E-01  1.493629E-01  8.357558E+00
     1.9000    1.013701E-01  1.238528E-01  8.466032E+00
     1.9500    9.958520E-02  1.148934E-01  8.376106E+00
     2.0000    6.740438E-02  8.736885E-02  8.543595E+00
     2.0500    5.925975E-02  7.818408E-02  8.564611E+00
     2.1000    5.546872E-02  7.286629E-02  8.559555E+00
     2.1500    5.325785E-02  6.999630E-02  8.560130E+00
     2.2000    5.035361E-02  6.674753E-02  8.570055E+00
     2.2500    4.238074E-02  5.996985E-02  8.639954E+00
     2.3000    3.988365E-02  5.494080E-02  8.612380E+00
     2.3500    4.397350E-02  5.641443E-02  8.530954E+00
     2.4000    5.143668E-02  6.434176E-02  8.498434E+00
     2.4500    5.444100E-02  7.000240E-02  8.533776E+00
     2.5000    5.714551E-02  7.837571E-02  8.607739E+00
     2.5500    5.724299E-02  8.846860E-02  8.721078E+00
     2.6000    5.263741E-02  9.933673E-02  8.866309E+00
     2.6500    4.057461E-02  1.063572E-01  9.033366E+00
     2.7000    2.385123E-02  1.133414E-01  9.212756E+00
     2.7500    2.745773E-03  1.199741E-01  9.401890E+00
     2.8000   -2.170543E-02  1.260026E-01  9.597903E+00
     2.8500   -4.572196E-02  1.283133E-01  9.789116E+00
     2.9000   -6.910181E-02  1.303284E-01  9.983630E+00
     2.9500   -9.048340E-02  1.319186E-01  1.018062E+01
     3.0000   -1.084984E-01  1.330153E-01  1.037869E+01
     3.0500   -1.208411E-01  1.326044E-01  1.057119E+01
     3.1000   -1.285411E-01  1.320271E-01  1.076527E+01
     3.1500   -1.311410E-01  1.312195E-01  1.096099E+01
     3.2000   -1.283966E-01  1.301124E-01  1.115816E+01
     3.2500   -1.202508E-01  1.284013E-01  1.135379E+01
     3.3000   -1.074078E-01  1.264722E-01  1.155179E+01
     3.3500   -9.026527E-02  1.240971E-01  1.175188E+01
     3.4000   -6.978277E-02  1.211129E-01  1.195232E+01
     3.4500   -4.745601E-02  1.176146E-01  1.215105E+01
     3.5000   -2.462590E-02  1.136874E-01  1.234803E+01
     3.5500   -2.674283E-03  1.094047E-01  1.254192E+01
     3.6000    1.722601E-02  1.048857E-01  1.273135E+01
     3.6500    3.405810E-02  1.001986E-01  1.291319E+01
     3.7000    4.764030E-02  9.560514E-02  1.308801E+01
     3.7500    5.804737E-02  9.131378E-02  1.325527E+01
     3.8000    6.569091E-02  8.752464E-02  1.341525E+01
     3.8500    7.113302E-02  8.451467E-02  1.356673E+01
     3.9000    7.500942E-02  8.226529E-02  1.371401E+01
     3.9500    7.773411E-02  8.081675E-02  1.386008E+01
     4.0000    7.945772E-02  8.012303E-02  1.400821E+01
     4.0500    8.016257E-02  8.018199E-02  1.415918E+01
     4.1000    7.942159E-02  8.072152E-02  1.431687E+01
     4.1500    7.672917E-02  8.154226E-02  1.448247E+01
     4.2000    7.158739E-02  8.244327E-02  1.465615E+01
     4.2500    6.387988E-02  8.343945E-02  1.483602E+01
     4.3000    5.332168E-02  8.422380E-02  1.502242E+01
     4.3500    4.014122E-02  8.468564E-02  1.521413E+01
     4.4000    2.489446E-02  8.475440E-02  1.540984E+01
     4.4500    8.434252E-03  8.459176E-02  1.560809E+01
     4.5000   -8.382668E-03  8.401771E-02  1.580790E+01
     4.5500   -2.456098E-02  8.305088E-02  1.600819E+01
     4.6000   -3.918796E-02  8.173046E-02  1.620802E+01
     4.6500   -5.165341E-02  8.024451E-02  1.640729E+01
     4.7000   -6.135959E-02  7.852508E-02  1.660487E+01
     4.7500   -6.803663E-02  7.663793E-02  1.680043E+01
     4.8000   -7.163440E-02  7.464401E-02  1.699383E+01
     4.8500   -7.236631E-02  7.268164E-02  1.718558E+01
     4.9000   -7.038375E-02  7.071298E-02  1.737529E+01
     4.9500   -6.600363E-02  6.876786E-02  1.756326E+01
     5.0000   -5.958325E-02  6.686327E-02  1.774975E+01
     5.0500   -5.152988E-02  6.508016E-02  1.793582E+01
     5.1000   -4.218474E-02  6.335115E-02  1.812087E+01
     5.1500   -3.194374E-02  6.166972E-02  1.830507E+01
     5.2000   -2.120927E-02  6.002967E-02  1.848845E+01
     5.2500   -1.030094E-02  5.850826E-02  1.867257E+01
     5.3000    3.689331E-04  5.702910E-02  1.885603E+01
     5.3500    1.045637E-02  5.559600E-02  1.903876E+01
     5.4000    1.966771E-02  5.421711E-02  1.922078E+01
     5.4500    2.789678E-02  5.296527E-02  1.940427E+01
     5.5000    3.483470E-02  5.177886E-02  1.958749E+01
     5.5500    4.034231E-02  5.066175E-02  1.977072E+01
     5.6000    4.432285E-02  4.961322E-02  1.995434E+01
     5.6500    4.677987E-02  4.866941E-02  2.014079E+01
     5.7000    4.756290E-02  4.776470E-02  2.032840E+01
     5.7500    4.666113E-02  4.688195E-02  2.051745E+01
     5.8000    4.410945E-02  4.600124E-02  2.070814E+01
     5.8500    4.002616E-02  4.515933E-02  2.090179E+01
     5.9000    3.452800E-02  4.428079E-02  2.109688E+01
     5.9500    2.785922E-02  4.335211E-02  2.129323E+01
     6.0000    2.033290E-02  4.236441E-02  2.149055E+01
     6.0500    1.231864E-02  4.149053E-02  2.168970E+01
     6.1000    4.132632E-03  4.056448E-02  2.188909E+01
     6.1500   -3.845881E-03  3.959104E-02  2.208844E+01
     6.2000   -1.126630E-02  3.857777E-02  2.228751E+01
     6.2500   -1.782872E-02  3.753376E-02  2.248612E+01
     6.3000   -2.329820E-02  3.646831E-02  2.268417E+01
     6.3500   -2.751081E-02  3.538967E-02  2.288162E+01
     6.4000   -3.037291E-02  3.430414E-02  2.307850E+01
     6.4500   -3.185631E-02  3.321557E-02  2.327487E+01
     6.5000   -3.199202E-02  3.212539E-02  2.347079E+01
     6.5500   -3.112702E-02  3.130661E-02  2.366911E+01
     6.6000   -2.906521E-02  3.047369E-02  2.386717E+01
     6.6500   -2.595762E-02  2.962479E-02  2.406479E+01
     6.7000   -2.200020E-02  2.875979E-02  2.426176E+01
     6.7500   -1.742258E-02  2.788096E-02  2.445775E+01
     6.8000   -1.247225E-02  2.699336E-02  2.465244E+01
     6.8500   -7.395956E-03  2.610480E-02  2.484549E+01
     6.9000   -2.421009E-03  2.522547E-02  2.503662E+01
     6.9500    2.260209E-03  2.436707E-02  2.522563E+01
     7.0000    6.499848E-03  2.354172E-02  2.541247E+01
     7.0500    1.031802E-02  2.286834E-02  2.560084E+01
     7.1000    1.353391E-02  2.223607E-02  2.578710E+01
     7.1500    1.610718E-02  2.165371E-02  2.597156E+01
     7.2000    1.802411E-02  2.112685E-02  2.615471E+01
     7.2500    1.928622E-02  2.065732E-02  2.633715E+01
     7.3000    1.990127E-02  2.024310E-02  2.651951E+01
     7.3500    1.987858E-02  1.987859E-02  2.670242E+01
     7.4000    1.922922E-02  1.955536E-02  2.688643E+01
     7.4500    1.797056E-02  1.926317E-02  2.707196E+01
     7.5000    1.613318E-02  1.899100E-02  2.725926E+01
     7.5500    1.377833E-02  1.874755E-02  2.744876E+01
     7.6000    1.098073E-02  1.851499E-02  2.763946E+01
     7.6500    7.838001E-03  1.828741E-02  2.783139E+01
     7.7000    4.465977E-03  1.805991E-02  2.802445E+01
     7.7500    9.943784E-04  1.782893E-02  2.821853E+01
     7.8000   -2.439758E-03  1.759223E-02  2.841347E+01
     7.8500   -5.699997E-03  1.734891E-02  2.860910E+01
     7.9000   -8.658520E-03  1.709913E-02  2.880531E+01
     7.9500   -1.120310E-02  1.684386E-02  2.900198E+01
     8.0000   -1.324221E-02  1.658446E-02  2.919909E+01
     8.0500   -1.474642E-02  1.636779E-02  2.939627E+01
     8.1000   -1.565022E-02  1.615737E-02  2.959392E+01
     8.1500   -1.593129E-02  1.595359E-02  2.979225E+01
     8.2000   -1.558723E-02  1.575570E-02  2.999150E+01
     8.2500   -1.463526E-02  1.556169E-02  3.019192E+01
     8.3000   -1.311285E-02  1.536834E-02  3.039376E+01
     8.3500   -1.107920E-02  1.517141E-02  3.059721E+01
     8.4000   -8.616733E-03  1.496594E-02  3.080240E+01
     8.4500   -5.831500E-03  1.474664E-02  3.100937E+01
     8.5000   -2.851457E-03  1.450831E-02  3.121810E+01
     8.5500    1.878633E-04  1.432826E-02  3.142904E+01
     8.6000    3.159633E-03  1.412535E-02  3.164152E+01
     8.6500    5.911317E-03  1.389586E-02  3.185533E+01
     8.7000    8.299218E-03  1.363715E-02  3.207019E+01
     8.7500    1.020062E-02  1.334780E-02  3.228575E+01
     8.8000    1.152482E-02  1.302775E-02  3.250164E+01
     8.8500    1.222138E-02  1.267829E-02  3.271744E+01
     8.9000    1.228407E-02  1.230201E-02  3.293272E+01
     8.9500    1.175002E-02  1.190267E-02  3.314705E+01
     9.0000    1.069398E-02  1.148499E-02  3.336003E+01
     9.0500    9.279462E-03  1.113786E-02  3.357275E+01
     9.1000    7.537062E-03  1.078210E-02  3.378347E+01
     9.1500    5.585619E-03  1.042319E-02  3.399196E+01
     9.2000    3.540978E-03  1.006657E-02  3.419807E+01
     9.2500    1.507575E-03  9.717312E-03  3.440175E+01
     9.3000   -4.269447E-04  9.379883E-03  3.460305E+01
     9.3500   -2.193938E-03  9.057845E-03  3.480217E+01
     9.4000   -3.743228E-03  8.753707E-03  3.499937E+01
     9.4500   -5.040692E-03  8.468828E-03  3.519504E+01
     9.5000   -6.065016E-03  8.203421E-03  3.538959E+01
     9.5500   -6.853096E-03  8.006644E-03  3.558486E+01
     9.6000   -7.356725E-03  7.827183E-03  3.577984E+01
     9.6500   -7.573157E-03  7.663130E-03  3.597493E+01
     9.7000   -7.505485E-03  7.512151E-03  3.617045E+01
     9.7500   -7.163339E-03  7.371722E-03  3.636665E+01
     9.8000   -6.563933E-03  7.239327E-03  3.656371E+01
     9.8500   -5.732941E-03  7.112617E-03  3.676171E+01
     9.9000   -4.704826E-03  6.989511E-03  3.696068E+01
     9.9500   -3.522369E-03  6.868253E-03  3.716061E+01
    10.0000   -2.235349E-03  6.747424E-03  3.736144E+01
    10.0500   -8.962004E-04  6.656053E-03  3.756406E+01
    10.1000    4.487760E-04  6.563560E-03  3.776754E+01
    10.1500    1.742323E-03  6.469099E-03  3.797181E+01
    10.2000    2.929248E-03  6.371984E-03  3.817678E+01
    10.2500    3.959324E-03  6.271678E-03  3.838234E+01
    10.3000    4.790024E-03  6.167791E-03  3.858839E+01
    10.3500    5.388909E-03  6.060091E-03  3.879480E+01
    10.4000    5.735431E-03  5.948504E-03  3.900145E+01
    10.4500    5.822011E-03  5.833119E-03  3.920819E+01
    10.5000    5.654237E-03  5.714179E-03  3.941488E+01
    10.5500    5.250183E-03  5.592075E-03  3.962140E+01
    10.6000    4.638898E-03  5.467326E-03  3.982760E+01
    10.6500    3.858215E-03  5.340565E-03  4.003339E+01
    10.7000    2.952094E-03  5.212516E-03  4.023864E+01
    10.7500    1.967735E-03  5.083966E-03  4.044328E+01
    10.8000    9.527375E-04  4.955740E-03  4.064725E+01
    10.8500   -4.747790E-05  4.828660E-03  4.085054E+01
    10.9000   -9.917623E-04  4.703504E-03  4.105316E+01
    10.9500   -1.844740E-03  4.580956E-03  4.125517E+01
    11.0000   -2.577685E-03  4.461563E-03  4.145668E+01
    11.0500   -3.198932E-03  4.383166E-03  4.165877E+01
    11.1000   -3.671032E-03  4.308470E-03  4.186059E+01
    11.1500   -3.981877E-03  4.237628E-03  4.206230E+01
    11.2000   -4.125451E-03  4.170699E-03  4.226406E+01
    11.2500   -4.101511E-03  4.107625E-03  4.246607E+01
    11.3000   -3.915201E-03  4.048193E-03  4.266854E+01
    11.3500   -3.576699E-03  3.991997E-03  4.287169E+01
    11.4000   -3.100989E-03  3.938419E-03  4.307577E+01
    11.4500   -2.507774E-03  3.886624E-03  4.328097E+01
    11.5000   -1.821443E-03  3.835592E-03  4.348747E+01
    11.5500   -1.070920E-03  3.784172E-03  4.369538E+01
    11.6000   -2.891421E-04  3.731165E-03  4.390473E+01
    11.6500    4.880231E-04  3.675415E-03  4.411547E+01
    11.7000    1.223534E-03  3.615909E-03  4.432749E+01
    11.7500    1.881516E-03  3.551859E-03  4.454058E+01
    11.8000    2.429933E-03  3.482762E-03  4.475448E+01
    11.8500    2.843202E-03  3.408435E-03  4.496892E+01
    11.9000    3.104300E-03  3.329012E-03  4.518357E+01
    11.9500    3.206037E-03  3.244917E-03  4.539814E+01
    12.0000    3.151266E-03  3.156806E-03  4.561234E+01
    12.0500    2.985419E-03  3.104240E-03  4.583067E+01
    12.1000    2.681507E-03  3.048083E-03  4.604858E+01
    12.1500    2.261233E-03  2.988890E-03  4.626587E+01
    12.2000    1.751799E-03  2.927324E-03  4.648235E+01
    12.2500    1.183620E-03  2.864123E-03  4.669786E+01
    12.3000    5.880215E-04  2.800051E-03  4.691231E+01
    12.3500   -4.825516E-06  2.735853E-03  4.712565E+01
    12.4000   -5.675310E-04  2.672209E-03  4.733790E+01
    12.4500   -1.076590E-03  2.609697E-03  4.754912E+01
    12.5000   -1.512987E-03  2.548764E-03  4.775943E+01
    12.5500   -1.862385E-03  2.489711E-03  4.796898E+01
    12.6000   -2.115059E-03  2.432691E-03  4.817794E+01
    12.6500   -2.265688E-03  2.377721E-03  4.838649E+01
    12.7000   -2.313118E-03  2.324704E-03  4.859480E+01
    12.7500   -2.260130E-03  2.273462E-03  4.880304E+01
    12.8000   -2.113213E-03  2.223761E-03  4.901132E+01
    12.8500   -1.882291E-03  2.175345E-03  4.921977E+01
    12.9000   -1.580360E-03  2.127956E-03  4.942844E+01
    12.9500   -1.222982E-03  2.081351E-03  4.963740E+01
    13.0000   -8.276597E-04  2.035305E-03  4.984670E+01
    13.0500   -4.172764E-04  2.003139E-03  5.005563E+01
    13.1000   -7.621805E-07  1.970964E-03  5.026510E+01
    13.1500    4.033035E-04  1.938535E-03  5.047506E+01
    13.2000    7.770406E-04  1.905642E-03  5.068548E+01
    13.2500    1.104170E-03  1.872106E-03  5.089629E+01
    13.3000    1.370871E-03  1.837789E-03  5.110742E+01
    13.3500    1.566537E-03  1.802593E-03  5.131875E+01
    13.4000    1.684352E-03  1.766463E-03  5.153018E+01
    13.4500    1.721643E-03  1.729395E-03  5.174156E+01
    13.5000    1.679975E-03  1.691436E-03  5.195275E+01
    13.5500    1.564941E-03  1.652689E-03  5.216360E+01
    13.6000    1.385679E-03  1.613313E-03  5.237395E+01
    13.6500    1.154141E-03  1.573521E-03  5.258365E+01
    13.7000    8.841852E-04  1.533573E-03  5.279257E+01
    13.7500    5.905802E-04  1.493761E-03  5.300061E+01
    13.8000    2.880446E-04  1.454396E-03  5.320771E+01
    13.8500   -9.591308E-06  1.415787E-03  5.341385E+01
    13.9000   -2.900186E-04  1.378214E-03  5.361909E+01
    13.9500   -5.428427E-04  1.341914E-03  5.382354E+01
    14.0000   -7.597481E-04  1.307055E-03  5.402736E+01
    14.0500   -9.463443E-04  1.287172E-03  5.423305E+01
    14.1000   -1.088621E-03  1.268679E-03  5.443858E+01
    14.1500   -1.182503E-03  1.251541E-03  5.464417E+01
    14.2000   -1.225583E-03  1.235665E-03  5.485004E+01
    14.2500   -1.217152E-03  1.220913E-03  5.505638E+01
    14.3000   -1.158248E-03  1.207112E-03  5.526338E+01
    14.3500   -1.051713E-03  1.194070E-03  5.547116E+01
    14.4000   -9.022049E-04  1.181581E-03  5.567986E+01
    14.4500   -7.161609E-04  1.169430E-03  5.588957E+01
    14.5000   -5.016645E-04  1.157400E-03  5.610036E+01
    14.5500   -2.682274E-04  1.145265E-03  5.631227E+01
    14.6000   -2.646414E-05  1.132799E-03  5.652530E+01
    14.6500    2.123414E-04  1.119782E-03  5.673945E+01
    14.7000    4.367785E-04  1.106001E-03  5.695465E+01
    14.7500    6.359460E-04  1.091270E-03  5.717079E+01
    14.8000    8.001428E-04  1.075437E-03  5.738773E+01
    14.8500    9.215490E-04  1.058397E-03  5.760530E+01
    14.9000    9.948133E-04  1.040102E-03  5.782328E+01
    14.9500    1.017461E-03  1.020564E-03  5.804146E+01
    15.0000    9.900554E-04  9.998579E-04  5.825961E+01
    15.0500    9.225504E-04  9.838828E-04  5.847442E+01
    15.1000    8.145335E-04  9.670199E-04  5.868870E+01
    15.1500    6.730905E-04  9.494569E-04  5.890229E+01
    15.2000    5.066814E-04  9.314029E-04  5.911507E+01
    15.2500    3.244936E-04  9.130767E-04  5.932693E+01
    15.3000    1.358235E-04  8.946951E-04  5.953786E+01
    15.3500   -5.045539E-05  8.764613E-04  5.974786E+01
    15.4000   -2.262990E-04  8.585547E-04  5.995699E+01
    15.4500   -3.847643E-04  8.411218E-04  6.016538E+01
    15.5000   -5.201551E-04  8.242692E-04  6.037317E+01
    15.5500   -6.280691E-04  8.080585E-04  6.058055E+01
    15.6000   -7.053832E-04  7.925035E-04  6.078776E+01
    15.6500   -7.502121E-04  7.775702E-04  6.099500E+01
    15.7000   -7.618714E-04  7.631791E-04  6.120251E+01
    15.7500   -7.408631E-04  7.492110E-04  6.141048E+01
    15.8000   -6.888832E-04  7.355165E-04  6.161906E+01
    15.8500   -6.088344E-04  7.219274E-04  6.182837E+01
    15.9000   -5.048118E-04  7.082705E-04  6.203846E+01
    15.9500   -3.820226E-04  6.943815E-04  6.224929E+01
    16.0000   -2.466092E-04  6.801186E-04  6.246080E+01
    16.0500   -1.082190E-04  6.683277E-04  6.266921E+01
    16.1000    3.019799E-05  6.560206E-04  6.287790E+01
    16.1500    1.621282E-04  6.431815E-04  6.308667E+01
    16.2000    2.815689E-04  6.298272E-04  6.329533E+01
    16.2500    3.833982E-04  6.160043E-04  6.350365E+01
    16.3000    4.636666E-04  6.017854E-04  6.371145E+01
    16.3500    5.197841E-04  5.872646E-04  6.391855E+01
    16.4000    5.505888E-04  5.725524E-04  6.412477E+01
    16.4500    5.562990E-04  5.577709E-04  6.432999E+01
    16.5000    5.383635E-04  5.430483E-04  6.453410E+01
    16.5500    4.992376E-04  5.285134E-04  6.473705E+01
    16.6000    4.421149E-04  5.142897E-04  6.493884E+01
    16.6500    3.706499E-04  5.004889E-04  6.513952E+01
    16.7000    2.887035E-04  4.872052E-04  6.533920E+01
    16.7500    2.001332E-04  4.745095E-04  6.553805E+01
    16.8000    1.086434E-04  4.624448E-04  6.573630E+01
    16.8500    1.769552E-05  4.510224E-04  6.593420E+01
    16.9000   -6.953204E-05  4.402213E-04  6.613206E+01
    16.9500   -1.501532E-04  4.299893E-04  6.633017E+01
    17.0000   -2.215759E-04  4.202462E-04  6.652881E+01
    17.0500   -2.845954E-04  4.136599E-04  6.673217E+01
    17.1000   -3.344295E-04  4.073555E-04  6.693657E+01
    17.1500   -3.692055E-04  4.012065E-04  6.714213E+01
    17.2000   -3.875758E-04  3.950878E-04  6.734893E+01
    17.2500   -3.888520E-04  3.888832E-04  6.755693E+01
    17.3000   -3.731213E-04  3.824923E-04  6.776605E+01
    17.3500   -3.413169E-04  3.758341E-04  6.797617E+01
    17.4000   -2.952208E-04  3.688509E-04  6.818711E+01
    17.4500   -2.373889E-04  3.615089E-04  6.839866E+01
    17.5000   -1.710005E-04  3.537978E-04  6.861059E+01
    17.5500   -9.964502E-05  3.457292E-04  6.882267E+01
    17.6000   -2.707222E-05  3.373340E-04  6.903470E+01
    17.6500    4.306645E-05  3.286588E-04  6.924645E+01
    17.7000    1.074559E-04  3.197620E-04  6.945776E+01
    17.7500    1.633103E-04  3.107095E-04  6.966846E+01
    17.8000    2.085061E-04  3.015707E-04  6.987846E+01
    17.8500    2.416467E-04  2.924144E-04  7.008769E+01
    17.9000    2.620642E-04  2.833048E-04  7.029614E+01
    17.9500    2.697680E-04  2.742982E-04  7.050384E+01
    18.0000    2.653567E-04  2.654399E-04  7.071088E+01
    18.0500    2.532416E-04  2.601024E-04  7.091603E+01
    18.1000    2.311953E-04  2.549402E-04  7.112086E+01
    18.1500    2.005382E-04  2.499661E-04  7.132556E+01
    18.2000    1.628235E-04  2.451793E-04  7.153034E+01
    18.2500    1.197822E-04  2.405650E-04  7.173543E+01
    18.3000    7.327873E-05  2.360959E-04  7.194104E+01
    18.3500    2.527063E-05  2.317336E-04  7.214736E+01
    18.4000   -2.223608E-05  2.274319E-04  7.235456E+01
    18.4500   -6.724316E-05  2.231393E-04  7.256274E+01
    18.5000   -1.078332E-04  2.188027E-04  7.277197E+01
    18.5500   -1.422594E-04  2.143710E-04  7.298227E+01
    18.6000   -1.690458E-04  2.097980E-04  7.319358E+01
    18.6500   -1.870893E-04  2.050452E-04  7.340581E+01
    18.7000   -1.957466E-04  2.000843E-04  7.361882E+01
    18.7500   -1.948954E-04  1.948978E-04  7.383243E+01
    18.8000   -1.849545E-04  1.894807E-04  7.404644E+01
    18.8500   -1.668583E-04  1.838391E-04  7.426062E+01
    18.9000   -1.419852E-04  1.779905E-04  7.447473E+01
    18.9500   -1.120461E-04  1.719616E-04  7.468856E+01
    19.0000   -7.894753E-05  1.657867E-04  7.490190E+01
    19.0500   -4.544600E-05  1.613648E-04  7.511273E+01
    19.1000   -1.183645E-05  1.568474E-04  7.532269E+01
    19.1500    2.025561E-05  1.522736E-04  7.553164E+01
    19.2000    4.942639E-05  1.476831E-04  7.573949E+01
    19.2500    7.455430E-05  1.431139E-04  7.594618E+01
    19.3000    9.482910E-05  1.386003E-04  7.615172E+01
    19.3500    1.097526E-04  1.341714E-04  7.635615E+01
    19.4000    1.191173E-04  1.298497E-04  7.655959E+01
    19.4500    1.229715E-04  1.256501E-04  7.676217E+01
    19.5000    1.215784E-04  1.215799E-04  7.696406E+01
    19.5500    1.153758E-04  1.176384E-04  7.716547E+01
    19.6000    1.049413E-04  1.138182E-04  7.736658E+01
    19.6500    9.096320E-05  1.101060E-04  7.756759E+01
    19.7000    7.421596E-05  1.064843E-04  7.776866E+01
    19.7500    5.553825E-05  1.029330E-04  7.796991E+01
    19.8000    3.580849E-05  9.943165E-05  7.817141E+01
    19.8500    1.591610E-05  9.596059E-05  7.837319E+01
    19.9000   -3.273162E-06  9.250303E-05  7.857521E+01
    19.9500   -2.095672E-05  8.904606E-05  7.877739E+01
    20.0000   -3.643653E-05  8.558152E-05  7.897961E+01
