# # Once                                                         FEFF 10.0.0 
# # POT  SCF 100  9.0000   0, NO core-hole, FOLP (folp(0)= 1.150)
# # Abs   Z=30 Rmt= 1.376 Rnm= 1.521 K  shell
# #   RGRID 0.0100
# # Pot 1 Z= 6 Rmt= 0.896 Rnm= 1.121
# # Pot 2 Z= 6 Rmt= 0.926 Rnm= 1.167
# # Pot 3 Z= 1 Rmt= 0.552 Rnm= 0.959
# # Pot 4 Z=16 Rmt= 1.262 Rnm= 1.482
# # Gam_ch=1.897E+00 H-L exch Vi=-5.000E-01 Vr= 0.000E+00
# # Mu=-7.359E+00eV kf=1.971E+00 Vint=-1.289E+01eV Rs_int= 1.840
# # PATH  Rmax= 9.000,  Keep_limit= 0.00, Heap_limit 0.00  Pwcrit= 2.50%
#  S02=1.000  Temp=  10.00  Debye_temp= 315.00  Global_sig2= 0.00000
#  Energy zero shift, vr, vi    0.00000E+00   0.00000E+00
#  Curved wave amplitude ratio filter   4.000%
#     file         sig2 tot  cw amp ratio   deg  nlegs   reff  inp sig2
#           1       0.00302    100.00      1.00     2   2.3594
#           2       0.00301     99.82      1.00     2   2.3611
#           3       0.00304     99.42      1.00     2   2.3650
#           4       0.00309     99.24      1.00     2   2.3668
#           5       0.02228     14.91      1.00     2   3.0194
#           6       0.03166     14.33      1.00     2   3.0696
#           7       0.02506     13.46      1.00     2   3.1488
#           8       0.00543     47.34      1.00     2   3.1585
#           9       0.02478     13.12      1.00     2   3.1824
#          10       0.02397     13.03      1.00     2   3.1915
#          11       0.00553     45.69      1.00     2   3.2036
#          12       0.00601     44.55      1.00     2   3.2363
#          13       0.02640     12.45      1.00     2   3.2517
#          14       0.00691     42.54      1.00     2   3.2964
#          15       0.02707      9.91      1.00     2   3.5681
#          16       0.00390     51.57      2.00     3   3.6727
#          17       0.01118     18.92      2.00     3   3.6744
#          18       0.00399     50.86      2.00     3   3.6975
#          19       0.01182     14.40      2.00     3   3.7002
#          20       0.03243      8.99      1.00     2   3.7116
#          21       0.00414     50.62      2.00     3   3.7121
#          22       0.01188     13.76      2.00     3   3.7174
#          23       0.01548     18.21      2.00     3   3.7297
#          24       0.01159     13.84      2.00     3   3.7443
#          25       0.00442     49.65      2.00     3   3.7460
#          26       0.01244     12.85      2.00     3   3.7742
#          27       0.01461      9.73      2.00     3   3.8916
#          28       0.01752      9.56      2.00     3   3.9202
#          29       0.01396     12.89      2.00     3   3.9488
#          30       0.01474      9.42      2.00     3   3.9552
#          31       0.01470      9.29      2.00     3   3.9758
#          32       0.01463      9.24      2.00     3   3.9821
#          33       0.01512      9.11      2.00     3   4.0104
#          34       0.01854      5.34      2.00     3   4.0428
#          35       0.00905     24.76      1.00     2   4.0807
#          36       0.01867      5.16      2.00     3   4.0988
#          37       0.01905     12.16      1.00     4   4.1125
#          39       0.02935     11.70      1.00     4   4.1629
#          40       0.01516      8.42      2.00     3   4.1702
#          41       0.01948      5.07      2.00     3   4.1724
#          42       0.01638      6.68      1.00     2   4.1784
#          44       0.00442     21.75      1.00     4   4.1869
#          45       0.00444     20.05      1.00     4   4.1878
#          46       0.00448     20.76      1.00     4   4.1914
#          47       0.00449     18.45      1.00     4   4.1955
#          49       0.00995      4.18      2.00     4   4.2316
#          51       0.01746     10.66      1.00     4   4.2418
#          52       0.01629      7.01      2.00     4   4.2591
#          53       0.00430     11.56      2.00     3   4.2623
#          54       0.01036      4.05      2.00     4   4.2681
#          55       0.00430     11.95      2.00     3   4.2712
#          56       0.01779     10.33      1.00     4   4.2763
#          57       0.00420     11.91      2.00     3   4.2777
#          58       0.01290     25.68      2.00     3   4.2841
#          59       0.01771     10.32      1.00     4   4.2850
#          60       0.00421     12.40      2.00     3   4.2996
#          61       0.01652      6.77      2.00     4   4.3149
#          62       0.00437     12.72      2.00     3   4.3155
#          63       0.00421     12.95      2.00     3   4.3266
#          64       0.01098      4.49      1.00     4   4.3296
#          65       0.01778      9.80      1.00     4   4.3448
#          66       0.01798      6.70      2.00     4   4.3869
#          67       0.01209     27.52      1.00     4   4.3897
#          69       0.01125      8.29      2.00     4   4.4246
#          70       0.01705     12.46      2.00     3   4.4426
#          71       0.00620     22.59      2.00     3   4.4477
#          72       0.01261     10.81      2.00     3   4.4704
#          73       0.02112      4.47      2.00     3   4.5029
#          74       0.00951      5.19      2.00     4   4.5509
#          76       0.00969     23.15      2.00     4   4.5761
#          77       0.01880      9.61      2.00     4   4.6085
#          78       0.00605     18.01      1.00     2   4.6104
#          79       0.00527     17.95      1.00     2   4.6161
#          80       0.00561     18.49      2.00     3   4.6314
#          81       0.00542     70.13      2.00     3   4.6447
#          82       0.00687      6.92      2.00     3   4.6464
#          83       0.01286      7.74      2.00     3   4.6529
#          84       0.00533     17.56      1.00     2   4.6546
#          85       0.01788      7.55      1.00     4   4.6614
#          86       0.02719      5.06      1.00     2   4.6623
#          87       0.00699      6.85      2.00     3   4.6734
#          88       0.00586     79.60      1.00     4   4.6732
#          89       0.00573     57.18      2.00     3   4.6816
#          90       0.00547     67.06      2.00     3   4.6871
#          91       0.02274      5.74      2.00     4   4.7173
#          92       0.00603     12.46      1.00     4   4.7187
#          93       0.00596     75.53      1.00     4   4.7197
#          94       0.00492      4.28      2.00     4   4.7205
#          95       0.00603     12.41      1.00     4   4.7222
#          96       0.00464      5.10      2.00     4   4.7244
#          97       0.00470      5.66      2.00     4   4.7262
#          98       0.00463      4.29      2.00     4   4.7261
#          99       0.00463      6.07      2.00     4   4.7279
#         100       0.00608     12.31      1.00     4   4.7300
#         102       0.00617     12.26      1.00     4   4.7336
#         103       0.01024     19.02      2.00     4   4.7336
#         104       0.00634     61.50      1.00     4   4.7529
#         105       0.01408      4.68      1.00     4   4.7624
#         108       0.02648      4.78      1.00     2   4.7675
#         109       0.01550      5.94      2.00     5   4.7677
#         112       0.01515     12.78      2.00     5   4.7932
#         115       0.03117      7.59      1.00     4   4.8044
#         116       0.00984      5.19      2.00     5   4.8053
#         117       0.01139      9.99      2.00     4   4.8096
#         119       0.01506     12.34      2.00     5   4.8112
#         120       0.00685      8.32      1.00     4   4.8147
#         121       0.02144     14.24      2.00     5   4.8229
#         122       0.00707      5.56      2.00     3   4.8307
#         123       0.00864      5.66      2.00     3   4.8316
#         124       0.00763      5.64      2.00     3   4.8333
#         126       0.01481     12.26      2.00     5   4.8378
#         127       0.00965     45.14      2.00     5   4.8393
#         129       0.01580     11.66      2.00     5   4.8673
#         130       0.00735      5.42      2.00     3   4.8705
#         131       0.00498     26.01      2.00     3   4.8811
#         132       0.01319      8.75      2.00     4   4.8810
#         133       0.00471     26.21      2.00     3   4.8839
#         134       0.00891      9.41      2.00     3   4.8902
#         135       0.00513      9.11      2.00     4   4.8973
#         136       0.00479     27.30      2.00     3   4.9054
#         137       0.00442     56.79      2.00     4   4.9124
#         138       0.01656     11.62      2.00     3   4.9180
#         139       0.01975      4.39      1.00     2   4.9254
#         140       0.00450     57.10      2.00     4   4.9379
#         141       0.00466     48.09      2.00     4   4.9524
#         142       0.00871      8.28      2.00     3   4.9604
#         143       0.00917     19.86      2.00     4   4.9614
#         144       0.00864      8.07      2.00     3   4.9740
#         145       0.00621      9.19      1.00     4   4.9842
#         146       0.00935     21.47      2.00     4   4.9889
#         147       0.02085      4.25      1.00     2   4.9907
#         149       0.00856      8.09      2.00     3   4.9981
#         150       0.00524      9.61      2.00     4   4.9984
#         151       0.00938     21.26      2.00     4   5.0026
#         152       0.02120      8.43      2.00     2   5.0058
#         153       0.01608      5.05      2.00     5   5.0093
#         154       0.00927      4.98      2.00     3   5.0110
#         155       0.01662      9.02      2.00     4   5.0199
#         156       0.02311      6.36      2.00     3   5.0242
#         158       0.00960     18.76      2.00     5   5.0256
#         162       0.00628      9.10      1.00     4   5.0300
#         163       0.00915     20.64      2.00     4   5.0306
#         164       0.00894      7.59      2.00     3   5.0312
#         166       0.01887     12.33      2.00     5   5.0421
#         167       0.02059      4.12      1.00     2   5.0492
#         168       0.01441     15.86      2.00     3   5.0507
#         169       0.01580      6.47      2.00     3   5.0617
#         170       0.00991     20.23      2.00     4   5.0638
#         171       0.00646      9.09      1.00     4   5.0648
#         172       0.02216      7.27      2.00     3   5.0677
#         174       0.01742      7.51      2.00     3   5.0833
#         175       0.01211     12.31      2.00     4   5.1197
#         176       0.00711      9.00      1.00     4   5.1251
#         178       0.00538     11.50      1.00     4   5.1519
#         179       0.00531     11.74      1.00     4   5.1516
#         180       0.01628      9.61      2.00     3   5.1561
#         181       0.00536     13.15      1.00     4   5.1561
#         182       0.00481     38.40      2.00     4   5.1574
#         183       0.00462     42.43      2.00     4   5.1589
#         184       0.01614      9.70      2.00     3   5.1644
#         185       0.00910      5.57      2.00     3   5.1651
#         186       0.01508      7.41      1.00     4   5.1737
#         187       0.01216     15.90      1.00     4   5.1761
#         188       0.02112      9.58      2.00     3   5.1770
#         189       0.00468     42.72      2.00     4   5.1811
#         191       0.02100      9.74      2.00     3   5.1854
#         192       0.01247     12.40      2.00     4   5.1863
#         193       0.01631      9.17      2.00     3   5.1869
#         194       0.02124      9.66      2.00     3   5.1874
#         195       0.00474    105.60      2.00     5   5.1874
#         196       0.01230     29.17      2.00     5   5.1909
#         197       0.01504      7.77      2.00     3   5.1929
#         198       0.01245     12.05      2.00     4   5.2036
#         200       0.03826     12.22      1.00     6   5.2055
#         201       0.02123     10.26      2.00     3   5.2079
#         202       0.01630      9.44      2.00     3   5.2086
#         203       0.00482    104.40      2.00     5   5.2136
#         204       0.01293     33.00      2.00     5   5.2149
#         205       0.01230     11.82      2.00     4   5.2278
#         206       0.00505     90.50      2.00     5   5.2286
#         207       0.01295     32.27      2.00     5   5.2321
#         208       0.01376      4.80      2.00     3   5.2355
#         209       0.01184     16.99      2.00     4   5.2363
#         210       0.02133     11.58      2.00     3   5.2430
#         213       0.01510      5.27      2.00     6   5.2434
#         214       0.01987      6.03      2.00     4   5.2443
#         215       0.01380     12.60      2.00     5   5.2480
#         216       0.05930     11.74      1.00     6   5.2563
#         217       0.01280     11.74      2.00     4   5.2577
#         218       0.01113      9.69      2.00     5   5.2591
#         219       0.01274     31.15      2.00     5   5.2604
#         220       0.00580     17.92      2.00     5   5.2643
#         221       0.01589      9.56      2.00     3   5.2656
#         222       0.01951      5.61      2.00     4   5.2668
#         224       0.01896     10.47      2.00     6   5.2725
#         225       0.01228      8.79      2.00     4   5.2800
#         226       0.02407      4.27      2.00     4   5.2799
#         229       0.00952      5.86      1.00     6   5.2809
#         231       0.01290     10.04      2.00     4   5.2850
#         234       0.01958      5.51      2.00     4   5.2874
#         235       0.00969      6.66      1.00     6   5.2889
#         236       0.01024     20.48      1.00     6   5.2888
#         237       0.01341     31.39      2.00     5   5.2903
#         238       0.02490      5.92      2.00     4   5.2994
#         240       0.01168     13.32      2.00     4   5.3067
#         243       0.01182      5.59      2.00     4   5.3096
#         244       0.01526     11.93      2.00     3   5.3105
#         245       0.01946      5.51      2.00     4   5.3146
#         246       0.01154      8.45      2.00     4   5.3175
#         247       0.01453     10.56      1.00     4   5.3187
#         248       0.01156     15.83      2.00     4   5.3183
#         249       0.02272      5.98      2.00     3   5.3205
#         250       0.01473      6.40      1.00     4   5.3216
#         251       0.01464      6.55      1.00     4   5.3225
#         253       0.01515      4.22      2.00     6   5.3254
#         255       0.02068      5.93      2.00     4   5.3300
#         259       0.02936      5.45      2.00     3   5.3419
#         260       0.02015      5.37      2.00     4   5.3429
#         261       0.01590     11.33      2.00     4   5.3425
#         262       0.01583     11.66      2.00     4   5.3436
#         263       0.01130      6.57      2.00     3   5.3501
#         265       0.03970      7.53      2.00     6   5.3521
#         266       0.01999      7.51      2.00     6   5.3529
#         267       0.02415      9.50      1.00     4   5.3568
#         268       0.01527     11.63      2.00     3   5.3579
#         269       0.01118      6.73      2.00     3   5.3578
#         271       0.01543      4.08      2.00     6   5.3612
#         272       0.02404      6.35      1.00     4   5.3633
#         273       0.01545     10.99      2.00     3   5.3647
#         274       0.01461     10.26      1.00     4   5.3647
#         275       0.02392      6.60      1.00     4   5.3647
#         276       0.02400      7.39      1.00     4   5.3666
#         278       0.01594     12.11      2.00     4   5.3673
#         279       0.01487      6.33      1.00     4   5.3680
#         280       0.01467      5.89      1.00     4   5.3681
#         281       0.02390      6.49      1.00     4   5.3690
#         282       0.01588     11.03      2.00     4   5.3686
#         283       0.01656      4.71      2.00     4   5.3728
#         284       0.00626     13.88      2.00     3   5.3730
#         285       0.01138      6.21      2.00     3   5.3768
#         286       0.02387     22.60      2.00     5   5.3773
#         287       0.01118     14.49      2.00     4   5.3786
#         288       0.01619     13.97      2.00     4   5.3794
#         289       0.02322      4.89      2.00     3   5.3809
#         290       0.02308      7.71      2.00     4   5.3805
#         291       0.01604      6.43      2.00     4   5.3834
#         293       0.01113     14.53      2.00     4   5.3863
#         294       0.00979      7.44      2.00     5   5.3905
#         295       0.01287     10.45      2.00     4   5.3941
#         296       0.01483      9.22      1.00     4   5.3980
#         297       0.01128      6.66      2.00     3   5.3986
#         299       0.01806      5.55      2.00     5   5.3995
#         300       0.01539      6.67      1.00     4   5.4020
#         301       0.00629     12.80      2.00     3   5.4054
#         302       0.02044      7.26      2.00     6   5.4080
#         303       0.04358      7.26      2.00     6   5.4084
#         304       0.01117     14.05      2.00     4   5.4093
#         305       0.02319      4.07      2.00     4   5.4126
#         306       0.01136      8.21      2.00     3   5.4164
#         307       0.01300     13.09      2.00     4   5.4177
#         308       0.02192      4.22      1.00     6   5.4229
#         309       0.01663      4.60      2.00     4   5.4237
#         310       0.00478     39.79      2.00     5   5.4266
#         311       0.00482     37.60      2.00     5   5.4281
#         312       0.01129     14.04      2.00     4   5.4311
#         313       0.00483     42.27      2.00     5   5.4318
#         314       0.01232      4.90      2.00     5   5.4316
#         315       0.03279      6.58      2.00     4   5.4346
#         316       0.01152     10.74      2.00     4   5.4354
#         317       0.00749     12.33      2.00     5   5.4372
#         318       0.00661     13.07      2.00     3   5.4476
#         319       0.00490      4.26      2.00     5   5.4479
#         320       0.02284      5.03      2.00     5   5.4532
#         321       0.01081      8.05      2.00     5   5.4541
#         323       0.01480      4.16      1.00     4   5.4605
#         325       0.02385      4.35      2.00     3   5.4648
#         326       0.01395     27.65      2.00     5   5.4654
#         327       0.01268      6.87      2.00     5   5.4695
#         328       0.01092      7.93      2.00     5   5.4713
#         329       0.02373      5.36      2.00     3   5.4770
#         330       0.01067      7.87      2.00     5   5.4786
#         331       0.02316      7.14      2.00     6   5.4802
#         332       0.05792      7.18      2.00     6   5.4800
#         334       0.00702     11.75      2.00     3   5.4830
#         335       0.02473     28.19      1.00     6   5.4830
#         336       0.01146     13.42      2.00     4   5.4877
#         337       0.02328      5.26      2.00     3   5.4881
#         338       0.01809      4.29      2.00     4   5.4902
#         341       0.02167      4.06      2.00     4   5.4950
#         342       0.00743     18.42      2.00     5   5.4984
#         343       0.00964      9.29      2.00     5   5.5028
#         344       0.00805     12.80      2.00     5   5.5031
#         345       0.01075     10.18      2.00     3   5.5066
#         346       0.01210      4.19      2.00     4   5.5062
#         348       0.02588      5.51      2.00     4   5.5081
#         349       0.01128      8.21      2.00     5   5.5085
#         350       0.01054     18.37      2.00     4   5.5149
#         351       0.01064      8.19      2.00     4   5.5155
#         352       0.01062      8.56      2.00     4   5.5160
#         353       0.00809     12.75      2.00     5   5.5168
#         354       0.00659     14.61      2.00     4   5.5178
#         356       0.01689      8.25      2.00     6   5.5179
#         357       0.01147     10.63      2.00     3   5.5183
#         358       0.00854      7.87      2.00     4   5.5196
#         360       0.02111      4.71      2.00     4   5.5229
#         361       0.00757     18.45      2.00     5   5.5239
#         362       0.00789     12.75      2.00     5   5.5245
#         363       0.01071      8.27      2.00     5   5.5259
#         364       0.01177     12.98      2.00     4   5.5302
#         365       0.01943      4.97      2.00     5   5.5306
#         367       0.01125     15.99      2.00     4   5.5352
#         369       0.02310      6.46      2.00     5   5.5356
#         370       0.01157      8.17      2.00     4   5.5364
#         371       0.01153      8.58      2.00     4   5.5370
#         372       0.01162     11.38      2.00     5   5.5375
#         373       0.01977      9.33      2.00     5   5.5380
#         374       0.01165     11.58      2.00     5   5.5403
#         375       0.01086      7.02      2.00     5   5.5406
#         376       0.01166     27.48      2.00     5   5.5410
#         377       0.01245     14.78      2.00     5   5.5407
#         378       0.00761     18.67      2.00     5   5.5405
#         379       0.02554      6.75      2.00     4   5.5418
#         380       0.01090     31.07      2.00     5   5.5434
#         381       0.01087      8.21      2.00     5   5.5431
#         382       0.01077     29.65      2.00     5   5.5431
#         383       0.01090     22.41      2.00     5   5.5440
#         384       0.01451      4.21      2.00     5   5.5442
#         385       0.01084     22.72      2.00     5   5.5445
#         387       0.01457      4.13      2.00     5   5.5478
#         388       0.01079     10.12      2.00     3   5.5503
#         390       0.01084     18.01      2.00     4   5.5516
#         391       0.01091     11.08      2.00     4   5.5529
#         393       0.01061     18.22      2.00     4   5.5570
#         394       0.01162      9.06      2.00     4   5.5572
#         395       0.01069      7.41      2.00     4   5.5580
#         396       0.01068      8.44      2.00     4   5.5580
#         397       0.00848     12.70      2.00     5   5.5577
#         398       0.02488      6.53      2.00     4   5.5583
#         399       0.01162      7.80      2.00     4   5.5584
#         400       0.01270      9.14      2.00     5   5.5584
#         401       0.01964      4.81      2.00     5   5.5615
#         402       0.01878      9.41      2.00     5   5.5637
#         403       0.01114     17.62      2.00     5   5.5649
#         405       0.01111     17.90      2.00     5   5.5656
#         406       0.00871      7.67      2.00     4   5.5686
#         408       0.00664     12.98      2.00     4   5.5704
#         409       0.01059      8.27      2.00     5   5.5707
#         410       0.01314      7.63      2.00     4   5.5710
#         411       0.01904      4.79      2.00     5   5.5713
#         413       0.00782     18.90      2.00     5   5.5747
#         415       0.00531     13.54      2.00     4   5.5827
#         416       0.01132     15.58      2.00     4   5.5828
#         417       0.01170     11.07      2.00     5   5.5834
#         418       0.01169     10.79      2.00     5   5.5863
#         419       0.01174     14.93      2.00     4   5.5896
#         420       0.01100     30.11      2.00     5   5.5896
#         421       0.01119     18.32      2.00     5   5.5898
#         422       0.01084     21.03      2.00     5   5.5905
#         423       0.01104     21.77      2.00     5   5.5905
#         424       0.01114     17.55      2.00     5   5.5910
#         425       0.00538     13.69      2.00     4   5.5948
#         426       0.00944      7.59      2.00     4   5.5957
#         427       0.00706     13.54      2.00     4   5.5974
#         428       0.00775     13.70      1.00     4   5.5990
#         429       0.01115      7.91      2.00     5   5.6006
#         430       0.01126      8.68      2.00     4   5.6014
#         431       0.01145     18.88      2.00     5   5.6015
#         432       0.01125     13.25      2.00     5   5.6068
#         434       0.01192     12.51      2.00     5   5.6164
#         435       0.01192     13.43      2.00     5   5.6170
#         436       0.01123      6.79      2.00     4   5.6178
#         437       0.02733      4.64      2.00     4   5.6185
#         438       0.01087     15.63      2.00     5   5.6225
#         439       0.01123     27.31      2.00     5   5.6229
#         440       0.00548     14.44      2.00     4   5.6239
#         441       0.01156     21.20      2.00     5   5.6241
#         442       0.01119      6.97      2.00     4   5.6255
#         443       0.01132      6.70      2.00     4   5.6275
#         445       0.02055      4.56      2.00     5   5.6344
#         446       0.00560     14.27      2.00     4   5.6415
#         448       0.01325      6.41      2.00     4   5.6425
#         449       0.02004      5.30      2.00     6   5.6442
#         450       0.01196      6.78      2.00     5   5.6470
#         451       0.01131      7.26      2.00     4   5.6493
#         452       0.00804     11.57      2.00     4   5.6614
#         453       0.01036      6.07      2.00     4   5.6623
#         454       0.01072      7.34      2.00     4   5.6632
#         455       0.01232      8.44      2.00     5   5.6649
#         456       0.01530     24.11      2.00     6   5.6667
#         457       0.01974     23.28      2.00     6   5.6693
#         458       0.01649      9.86      2.00     5   5.6715
#         459       0.01486     18.80      2.00     5   5.6766
#         461       0.02210      8.81      2.00     5   5.6792
#         463       0.01659      4.25      2.00     5   5.6801
#         466       0.01366      5.63      2.00     5   5.6822
#         467       0.01657      4.84      2.00     5   5.6822
#         469       0.01199      8.48      2.00     5   5.6845
#         470       0.01120     14.97      2.00     5   5.6853
#         471       0.01131      8.58      2.00     4   5.6872
#         474       0.01350      4.52      2.00     4   5.6962
#         475       0.01547      5.10      2.00     5   5.6970
#         476       0.01227     16.30      2.00     6   5.6976
#         477       0.01261      4.28      2.00     4   5.7021
#         478       0.00624     41.30      1.00     6   5.7016
#         479       0.09494      9.47      2.00     6   5.7019
#         480       0.02094      9.61      2.00     6   5.7018
#         481       0.01304      4.76      1.00     4   5.7037
#         483       0.00649     37.87      1.00     6   5.7044
#         484       0.00993      8.73      1.00     4   5.7052
#         486       0.01440      5.64      2.00     5   5.7065
#         487       0.01260      4.24      2.00     4   5.7080
#         488       0.00632     42.21      1.00     6   5.7075
#         491       0.00958      7.88      1.00     4   5.7110
#         492       0.00959     11.95      2.00     5   5.7121
#         494       0.00627     10.74      1.00     6   5.7139
#         497       0.01559      5.01      2.00     5   5.7151
#         498       0.01885      8.36      2.00     5   5.7183
#         500       0.01446      5.59      2.00     5   5.7188
#         501       0.01166      7.00      2.00     4   5.7210
#         503       0.01135      8.38      2.00     5   5.7244
#         504       0.01057     18.18      2.00     5   5.7268
#         506       0.01088     10.72      2.00     5   5.7274
#         507       0.01558      4.97      2.00     5   5.7294
#         508       0.01793     24.71      2.00     6   5.7291
#         510       0.01193     15.49      2.00     5   5.7380
#         511       0.01168     16.04      2.00     5   5.7380
#         512       0.01536      6.87      2.00     5   5.7377
#         513       0.01516      6.49      2.00     5   5.7385
#         514       0.01197      4.02      2.00     3   5.7394
#         515       0.00939     29.41      2.00     5   5.7395
#         516       0.02011      4.36      2.00     5   5.7399
#         517       0.01269      4.21      2.00     4   5.7420
#         520       0.01174      7.22      2.00     4   5.7462
#         521       0.01899      6.61      2.00     5   5.7459
#         522       0.01294     24.12      2.00     6   5.7463
#         526       0.01410      5.50      2.00     5   5.7475
#         528       0.00964      7.98      1.00     4   5.7494
#         530       0.01846      6.32      2.00     5   5.7507
#         532       0.01270      4.09      2.00     4   5.7534
#         533       0.01708     24.22      2.00     6   5.7543
#         534       0.01556      4.84      2.00     5   5.7561
#         537       0.01191      6.76      2.00     4   5.7609
#         538       0.01578     17.72      2.00     6   5.7663
#         539       0.01162     22.74      1.00     6   5.7665
#         540       0.01185     22.57      1.00     6   5.7665
#         541       0.01054      7.01      2.00     5   5.7670
#         542       0.01557     16.99      2.00     6   5.7670
#         543       0.01037     12.77      2.00     5   5.7678
#         544       0.00952     27.28      1.00     6   5.7681
#         545       0.02248      9.39      2.00     6   5.7738
#         546       0.00960     11.32      2.00     4   5.7743
#         547       0.01234      8.59      2.00     5   5.7746
#         548       0.01107      7.63      2.00     5   5.7749
#         549       0.01209     18.87      2.00     5   5.7749
#         550       0.00960     28.76      2.00     5   5.7765
#         551       0.01225      6.74      2.00     5   5.7773
#         552       0.01494      5.36      2.00     5   5.7801
#         553       0.01201     14.28      2.00     5   5.7803
#         554       0.01166     15.65      2.00     5   5.7805
#         555       0.01565      6.15      2.00     5   5.7802
#         557       0.01511      6.51      2.00     5   5.7806
#         558       0.00945     29.07      2.00     5   5.7819
#         559       0.00963     21.88      2.00     5   5.7826
#         560       0.01128     10.05      2.00     5   5.7825
#         561       0.00980      9.22      2.00     5   5.7837
#         562       0.00982      8.89      2.00     5   5.7832
#         563       0.01349     24.31      2.00     6   5.7842
#         564       0.00996     11.39      2.00     4   5.7891
#         566       0.01602      4.72      2.00     5   5.7910
#         570       0.01620      6.96      2.00     5   5.7972
#         571       0.00969     11.80      2.00     4   5.8010
#         572       0.01226     14.83      2.00     5   5.8010
#         574       0.01194     16.56      2.00     5   5.8024
#         577       0.01216      9.74      2.00     5   5.8041
#         578       0.01984      4.26      2.00     4   5.8052
#         579       0.01211     10.19      2.00     5   5.8048
#         580       0.01215      4.40      2.00     5   5.8064
#         581       0.00971     22.64      2.00     5   5.8078
#         582       0.01220     11.18      2.00     5   5.8080
#         583       0.00987      9.48      2.00     5   5.8087
#         584       0.00988      8.51      2.00     5   5.8087
#         585       0.01214      9.73      2.00     5   5.8092
#         586       0.01287      5.62      2.00     5   5.8101
#         587       0.03554      6.07      2.00     6   5.8106
#         588       0.07206      6.06      2.00     6   5.8106
#         589       0.01612     16.39      2.00     6   5.8128
#         590       0.01191     21.44      1.00     6   5.8129
#         591       0.01557     16.63      2.00     6   5.8132
#         592       0.01159     21.64      1.00     6   5.8130
#         593       0.00958     26.33      1.00     6   5.8145
#         594       0.02164      5.02      2.00     5   5.8175
#         595       0.01009      4.36      2.00     5   5.8220
#         596       0.00987     20.73      2.00     5   5.8224
#         597       0.00948      8.40      2.00     5   5.8225
#         598       0.00999     11.41      2.00     5   5.8236
#         599       0.01423      8.19      2.00     4   5.8247
#         601       0.01885     19.39      2.00     6   5.8269
#         602       0.01224      4.97      2.00     5   5.8306
#         603       0.02378      9.00      2.00     6   5.8310
#         605       0.01367     15.54      2.00     5   5.8329
#         606       0.01447      7.35      2.00     5   5.8327
#         608       0.01378      8.73      2.00     5   5.8358
#         609       0.01372      8.92      2.00     5   5.8367
#         610       0.00982      8.37      2.00     5   5.8384
#         611       0.02157      6.65      2.00     5   5.8401
#         612       0.01419      8.02      2.00     4   5.8405
#         613       0.01759      5.36      2.00     5   5.8406
#         614       0.01701     22.98      2.00     6   5.8461
#         615       0.01616     19.76      2.00     6   5.8459
#         616       0.01214     19.84      1.00     6   5.8462
#         617       0.01213     18.12      1.00     6   5.8459
#         618       0.00978     23.84      1.00     6   5.8477
#         620       0.01424      8.19      2.00     4   5.8518
#         622       0.01602     11.32      2.00     5   5.8552
#         623       0.01794      4.92      1.00     6   5.8557
#         624       0.01598      8.52      2.00     5   5.8567
#         626       0.01591      8.76      2.00     5   5.8578
#         628       0.01374     15.44      2.00     5   5.8586
#         629       0.01594      5.12      2.00     5   5.8592
#         631       0.01475      6.89      2.00     5   5.8602
#         633       0.05024      7.13      2.00     7   5.8607
#         634       0.01601      9.48      2.00     5   5.8612
#         636       0.02621      6.78      2.00     7   5.8609
#         637       0.01384      9.04      2.00     5   5.8619
#         638       0.01380      8.46      2.00     5   5.8620
#         639       0.01913      5.31      2.00     5   5.8630
#         640       0.01593      8.65      2.00     5   5.8625
#         641       0.01067      7.48      2.00     5   5.8630
#         642       0.02162      6.24      2.00     5   5.8642
#         644       0.01125     12.35      2.00     5   5.8673
#         645       0.01041      8.83      2.00     5   5.8689
#         647       0.01480      6.77      2.00     5   5.8734
#         648       0.01381     14.41      2.00     5   5.8737
#         651       0.01381      9.90      2.00     5   5.8778
#         654       0.02175      6.04      2.00     5   5.8805
#         655       0.01325      4.85      2.00     5   5.8813
#         657       0.01933      5.20      2.00     5   5.8830
#         658       0.02270      4.31      2.00     5   5.8853
#         661       0.02150      4.44      2.00     5   5.8897
#         662       0.01058      9.62      2.00     5   5.8928
#         663       0.02405      4.22      2.00     5   5.8944
#         664       0.01332      4.78      2.00     5   5.8943
#         667       0.01962      4.69      2.00     7   5.8986
#         668       0.01054      9.60      2.00     5   5.9005
#         669       0.01313      5.05      2.00     5   5.9007
#         671       0.01456      6.71      2.00     5   5.9014
#         672       0.02278      4.18      2.00     5   5.9014
#         673       0.01652     20.07      2.00     6   5.9029
#         674       0.02080      6.42      2.00     6   5.9026
#         675       0.01492     10.05      2.00     6   5.9024
#         676       0.01064      9.64      2.00     5   5.9032
#         677       0.02787      8.70      2.00     6   5.9035
#         680       0.01761      8.61      2.00     6   5.9050
#         681       0.01070      8.47      1.00     6   5.9076
#         682       0.01278      8.21      1.00     6   5.9077
#         683       0.02250      4.42      2.00     5   5.9080
#         684       0.02177     44.69      2.00     6   5.9080
#         685       0.02160      6.00      2.00     5   5.9087
#         686       0.01386      7.21      2.00     5   5.9100
#         687       0.01126     15.03      1.00     6   5.9101
#         688       0.01888      5.12      2.00     5   5.9109
#         689       0.00977      6.46      2.00     4   5.9146
#         690       0.06879     16.52      2.00     7   5.9163
#         691       0.03657     16.39      2.00     7   5.9162
#         692       0.00954      5.92      2.00     4   5.9171
#         695       0.01063      9.44      2.00     5   5.9250
#         696       0.01729      8.51      2.00     5   5.9257
#         697       0.01703      8.03      2.00     5   5.9280
#         698       0.02729      4.08      2.00     4   5.9292
#         700       0.01888      6.31      2.00     7   5.9326
#         701       0.01946     50.94      2.00     7   5.9325
#         703       0.01531      6.31      2.00     5   5.9346
#         705       0.01359      4.77      2.00     5   5.9351
#         706       0.01986      4.96      2.00     5   5.9379
#         707       0.01705      7.90      2.00     5   5.9375
#         708       0.00961      6.29      2.00     4   5.9386
#         709       0.02196      5.70      2.00     5   5.9387
#         710       0.02309      4.22      2.00     5   5.9392
#         711       0.01435     22.59      2.00     6   5.9411
#         713       0.00943     11.97      2.00     5   5.9457
#         717       0.01707      4.60      2.00     5   5.9490
#         719       0.01589      9.29      2.00     5   5.9552
#         722       0.01298     12.26      2.00     5   5.9609
#         723       0.01059      8.33      2.00     5   5.9634
#         725       0.01495      4.22      2.00     5   5.9662
#         726       0.01263     35.41      2.00     5   5.9660
#         727       0.01747      4.05      2.00     5   5.9669
#         729       0.00952     12.26      2.00     5   5.9711
#         730       0.01705      7.84      2.00     5   5.9718
#         732       0.01938     14.16      2.00     6   5.9740
#         733       0.05731      8.60      2.00     6   5.9743
#         734       0.01080     10.99      2.00     5   5.9745
#         735       0.01043     20.07      2.00     5   5.9760
#         736       0.01802      6.46      2.00     6   5.9764
#         737       0.01106      6.71      2.00     5   5.9772
#         738       0.01090      7.10      2.00     5   5.9771
#         739       0.01510     10.39      2.00     6   5.9786
#         740       0.01057     18.70      2.00     5   5.9787
#         741       0.01719      7.64      2.00     5   5.9799
#         742       0.01722      6.01      2.00     5   5.9835
#         743       0.04947      7.01      2.00     5   5.9832
#         745       0.00969     11.40      2.00     5   5.9858
#         746       0.01156      7.24      2.00     5   5.9860
#         749       0.01197     23.87      2.00     6   5.9906
#         751       0.01756      5.49      2.00     5   5.9909
#         752       0.01536      4.23      2.00     5   5.9927
#         753       0.01003     27.27      2.00     6   5.9927
#         754       0.01069      5.06      2.00     5   5.9963
#         755       0.01120      6.31      2.00     5   5.9986
#         756       0.01070      7.45      2.00     5   5.9987
#         758       0.01058     19.95      2.00     5   6.0002
#         760       0.01073     16.67      2.00     6   6.0057
#         761       0.01048     17.04      2.00     6   6.0057
#         763       0.01540      4.16      2.00     5   6.0071
#         764       0.01079     40.79      2.00     6   6.0072
#         765       0.01354     10.26      2.00     6   6.0080
#         766       0.00957      7.73      2.00     4   6.0105
#         767       0.02762     10.53      2.00     5   6.0110
#         768       0.00844     10.21      1.00     6   6.0126
#         769       0.02005      6.30      2.00     5   6.0134
#         770       0.00854      9.71      1.00     6   6.0163
#         771       0.00858      9.89      1.00     6   6.0178
#         772       0.01719      6.84      2.00     5   6.0192
#         773       0.01031      7.17      2.00     5   6.0206
#         775       0.01061     14.57      2.00     6   6.0213
#         776       0.01829      7.62      2.00     5   6.0242
#         777       0.00867      9.41      1.00     6   6.0243
#         778       0.01066     14.30      2.00     6   6.0255
#         779       0.00992     13.90      2.00     5   6.0274
#         781       0.00973     13.61      2.00     5   6.0291
#         782       0.01011      9.30      2.00     5   6.0286
#         783       0.01032      5.70      2.00     5   6.0293
#         785       0.01073     16.35      2.00     6   6.0311
#         786       0.01041     17.26      2.00     6   6.0312
#         787       0.01086     41.71      2.00     6   6.0327
#         788       0.01514      4.07      2.00     5   6.0351
#         789       0.01857      5.13      2.00     5   6.0368
#         790       0.01670     10.86      2.00     6   6.0396
#         792       0.01797      9.52      2.00     6   6.0401
#         795       0.01108     11.26      2.00     6   6.0454
#         796       0.01128      5.96      2.00     6   6.0457
#         797       0.01062     18.34      2.00     6   6.0457
#         798       0.01105     38.09      2.00     6   6.0473
#         800       0.01027     15.33      2.00     5   6.0493
#         801       0.01067     14.16      2.00     6   6.0490
#         802       0.00980     13.78      2.00     5   6.0509
#         803       0.01073     13.79      2.00     6   6.0509
#         805       0.01834      4.39      2.00     5   6.0537
#         806       0.01496      4.31      2.00     6   6.0545
#         807       0.04987     18.35      2.00     6   6.0545
#         809       0.01793      8.35      2.00     6   6.0551
#         810       0.01705     13.18      2.00     6   6.0548
#         811       0.01277      4.75      2.00     6   6.0563
#         812       0.01754      9.50      2.00     6   6.0573
#         814       0.01010     31.02      2.00     6   6.0576
#         815       0.00978     25.78      2.00     6   6.0576
#         816       0.00996     15.66      2.00     6   6.0582
#         817       0.00994     15.83      2.00     6   6.0587
#         818       0.01000     14.49      2.00     6   6.0587
#         819       0.01005     14.43      2.00     6   6.0582
#         822       0.01785      6.08      2.00     5   6.0609
#         823       0.01738      5.39      2.00     6   6.0609
#         824       0.01735      4.49      2.00     6   6.0609
#         825       0.01045      6.33      2.00     5   6.0620
#         826       0.01766     11.83      2.00     6   6.0622
#         827       0.01762     14.98      2.00     6   6.0622
#         828       0.01084     12.65      2.00     6   6.0631
#         829       0.01710      9.53      2.00     6   6.0646
#         830       0.01052     15.24      2.00     5   6.0653
#         832       0.01868      4.21      2.00     5   6.0673
#         833       0.01078     14.71      2.00     6   6.0675
#         834       0.01808      9.98      2.00     6   6.0697
#         836       0.00859      6.00      2.00     5   6.0714
#         837       0.01226      6.15      2.00     5   6.0747
#         840       0.01033     15.46      2.00     5   6.0767
#         842       0.01129     13.96      2.00     6   6.0772
#         844       0.01877      8.16      2.00     6   6.0792
#         845       0.01126     14.54      2.00     6   6.0791
#         846       0.01121     14.67      2.00     6   6.0798
#         847       0.01906      6.75      2.00     6   6.0802
#         848       0.01051      4.01      2.00     6   6.0802
#         850       0.01811     13.16      2.00     6   6.0822
#         851       0.04266     19.72      2.00     6   6.0820
#         852       0.01352      4.56      2.00     6   6.0822
#         853       0.01124     12.40      2.00     6   6.0826
#         854       0.01017     31.22      2.00     6   6.0835
#         855       0.00985     25.50      2.00     6   6.0835
#         856       0.01129     14.96      2.00     6   6.0837
#         857       0.01287      4.72      2.00     6   6.0838
#         858       0.01765      4.20      2.00     6   6.0848
#         859       0.01002     15.46      2.00     6   6.0844
#         860       0.01002     15.85      2.00     6   6.0844
#         861       0.01012     14.07      2.00     6   6.0844
#         862       0.01007     14.10      2.00     6   6.0844
#         863       0.01124     14.71      2.00     6   6.0849
#         864       0.01806      4.47      2.00     6   6.0851
#         865       0.02452      5.65      2.00     6   6.0851
#         866       0.01884      4.63      2.00     6   6.0857
#         867       0.01790      4.19      2.00     6   6.0857
#         868       0.01845     11.95      2.00     6   6.0862
#         869       0.01762     14.09      2.00     6   6.0862
#         870       0.01895      5.71      2.00     6   6.0886
#         871       0.01700      6.73      2.00     6   6.0892
#         873       0.00634     16.61      2.00     5   6.0910
#         876       0.01786      4.36      2.00     5   6.0914
#         877       0.01136      7.49      2.00     6   6.0914
#         878       0.01099     19.76      2.00     6   6.0916
#         880       0.01064      4.65      2.00     6   6.0922
#         881       0.01959      9.46      2.00     6   6.0925
#         882       0.01240      9.89      2.00     6   6.0928
#         883       0.01058     10.33      2.00     6   6.0928
#         885       0.01381     18.21      2.00     6   6.0938
#         886       0.01088     17.05      2.00     6   6.0944
#         887       0.01891      9.20      2.00     6   6.0945
#         889       0.01846     13.00      2.00     6   6.0959
#         890       0.01340      4.53      2.00     6   6.0958
#         892       0.04264     19.53      2.00     6   6.0964
#         893       0.01291      4.65      2.00     6   6.0974
#         895       0.00997     23.63      2.00     6   6.0986
#         896       0.01015     12.54      2.00     6   6.0982
#         897       0.01024     29.25      2.00     6   6.0986
#         898       0.01041     12.37      2.00     6   6.0982
#         899       0.01886      8.00      2.00     6   6.0992
#         900       0.00633     16.00      2.00     5   6.0996
#         901       0.01010     12.16      2.00     6   6.0999
#         902       0.01014     15.71      2.00     6   6.0999
#         903       0.01807      4.35      2.00     6   6.1023
#         904       0.01813      5.47      2.00     6   6.1023
#         905       0.02003      5.65      2.00     7   6.1026
#         906       0.02344      5.50      2.00     7   6.1026
#         907       0.01847     11.65      2.00     6   6.1029
#         908       0.01874      4.51      2.00     6   6.1034
#         909       0.01773     13.73      2.00     6   6.1029
#         910       0.01791      4.09      2.00     6   6.1034
#         911       0.01555      9.36      2.00     5   6.1043
#         912       0.02920      9.50      2.00     5   6.1042
#         913       0.01728      4.51      2.00     5   6.1059
#         915       0.01113      4.64      2.00     6   6.1072
#         916       0.01772      9.51      2.00     6   6.1072
#         917       0.01969      9.41      2.00     6   6.1089
#         918       0.01887      4.96      2.00     6   6.1099
#         919       0.02396      8.17      2.00     6   6.1099
#         920       0.02232      4.02      2.00     5   6.1116
#         921       0.00900      5.55      2.00     5   6.1128
#         922       0.02299      4.89      2.00     5   6.1128
#         923       0.00898      5.73      2.00     5   6.1128
#         924       0.02318      8.31      2.00     6   6.1129
#         925       0.02313      7.91      2.00     6   6.1132
#         926       0.06106      9.13      2.00     6   6.1133
#         927       0.02499      5.79      2.00     5   6.1172
#         928       0.01856      7.76      2.00     6   6.1177
#         929       0.02055      9.33      2.00     6   6.1177
#         931       0.01770      5.58      2.00     7   6.1189
#         932       0.01855     21.58      2.00     7   6.1189
#         936       0.01621      7.84      2.00     6   6.1210
#         940       0.01766     12.71      2.00     6   6.1239
#         941       0.04264     18.97      2.00     6   6.1241
#         942       0.01329      4.39      2.00     6   6.1238
#         943       0.01782      9.30      2.00     6   6.1238
#         944       0.01142      4.91      2.00     5   6.1244
#         947       0.01267      4.58      2.00     6   6.1254
#         948       0.01074     15.77      2.00     6   6.1262
#         949       0.01213     18.08      2.00     6   6.1262
#         950       0.00593     16.83      1.00     4   6.1269
#         951       0.01860      7.89      2.00     6   6.1270
#         952       0.01716      7.27      2.00     6   6.1269
#         956       0.01784      4.29      2.00     6   6.1303
#         957       0.02354      5.35      2.00     6   6.1303
#         958       0.01753      9.77      2.00     6   6.1305
#         959       0.00567     18.10      1.00     4   6.1309
#         960       0.01824     11.38      2.00     6   6.1312
#         961       0.01843      4.30      2.00     6   6.1312
#         962       0.01760     13.61      2.00     6   6.1312
#         967       0.01025      6.52      2.00     6   6.1340
#         968       0.01013     13.11      2.00     6   6.1348
#         969       0.01029     13.97      2.00     6   6.1348
#         971       0.01141      5.35      2.00     5   6.1355
#         972       0.02989     14.27      2.00     7   6.1354
#         973       0.01933      9.30      2.00     6   6.1374
#         974       0.01864      4.07      2.00     6   6.1413
#         975       0.01155      5.29      2.00     5   6.1416
#         979       0.02369     13.97      2.00     5   6.1461
#         983       0.00688     16.23      2.00     5   6.1497
#         985       0.01930      7.63      2.00     6   6.1540
#         987       0.01912      6.01      2.00     5   6.1547
#         988       0.01844      4.17      2.00     5   6.1553
#         990       0.01916     12.27      2.00     6   6.1570
#         991       0.04310     18.67      2.00     6   6.1569
#         992       0.01387      4.32      2.00     6   6.1571
#         993       0.00777      4.17      1.00     4   6.1578
#         994       0.02243      6.38      2.00     6   6.1580
#         995       0.01331      4.45      2.00     6   6.1586
#         996       0.00773      4.16      1.00     4   6.1596
#         997       0.01517     92.54      2.00     5   6.1594
#        1000       0.02251      6.80      2.00     5   6.1607
#        1001       0.01854      4.21      2.00     6   6.1602
#        1002       0.01864      5.36      2.00     6   6.1602
#        1004       0.00769     20.54      2.00     5   6.1611
#        1005       0.01892     11.15      2.00     6   6.1611
#        1006       0.01947      4.39      2.00     6   6.1611
#        1007       0.01794     12.89      2.00     6   6.1611
#        1009       0.01813      9.33      2.00     6   6.1616
#        1011       0.01195      4.73      2.00     5   6.1654
#        1012       0.02602      4.26      2.00     5   6.1664
#        1014       0.02011      8.79      2.00     6   6.1677
#        1015       0.01598      5.09      2.00     7   6.1677
#        1016       0.00579     17.54      1.00     4   6.1707
#        1020       0.01700      7.11      2.00     5   6.1763
#        1021       0.01672      4.77      2.00     5   6.1767
#        1022       0.02485      4.58      2.00     4   6.1779
#        1023       0.01737      4.10      2.00     5   6.1779
#        1025       0.00771      4.19      1.00     4   6.1812
#        1026       0.00774      4.18      1.00     4   6.1830
#        1027       0.00962      9.46      2.00     5   6.1848
#        1028       0.00969      9.73      2.00     5   6.1853
#        1029       0.01532    129.60      1.00     6   6.1879
#        1030       0.00796     21.64      2.00     5   6.1894
#        1031       0.00970     10.50      2.00     5   6.1893
#        1032       0.00801      4.16      1.00     4   6.1904
#        1033       0.01658      4.21      2.00     5   6.1901
#        1034       0.01574      4.84      2.00     5   6.1936
#        1035       0.00813      4.15      1.00     4   6.1943
#        1036       0.00894      7.52      2.00     4   6.1954
#        1037       0.01554     79.40      2.00     5   6.1982
#        1040       0.01536     88.72      2.00     5   6.2032
#        1042       0.01443      4.62      2.00     5   6.2054
#        1044       0.01441      4.68      2.00     5   6.2060
#        1047       0.04903     12.17      2.00     6   6.2127
#        1049       0.02025     12.69      2.00     6   6.2130
#        1050       0.02216      5.60      2.00     6   6.2130
#        1051       0.01513      5.23      2.00     6   6.2146
#        1053       0.02293     12.86      2.00     6   6.2184
#        1054       0.00910     16.74      2.00     5   6.2239
#        1059       0.00939      7.51      2.00     4   6.2339
#        1060       0.00823      4.14      1.00     4   6.2342
#        1061       0.01191      5.21      2.00     5   6.2352
#        1062       0.03491      7.22      2.00     6   6.2356
#        1064       0.01552    123.00      1.00     6   6.2358
#        1065       0.01193      5.18      2.00     5   6.2367
#        1066       0.00907      7.48      2.00     4   6.2379
#        1068       0.00814      4.12      1.00     4   6.2399
#        1069       0.01197      5.48      2.00     5   6.2401
#        1072       0.01041     17.69      1.00     6   6.2464
#        1074       0.01030     17.39      1.00     6   6.2468
#        1075       0.01633      4.84      2.00     5   6.2488
#        1076       0.01674      8.82      2.00     5   6.2494
#        1078       0.01157      7.61      2.00     6   6.2504
#        1082       0.01045     19.33      1.00     6   6.2509
#        1083       0.01390      6.16      2.00     6   6.2506
#        1084       0.01092     12.07      2.00     6   6.2507
#        1085       0.01280      4.06      2.00     5   6.2510
#        1088       0.01450      4.53      2.00     5   6.2517
#        1089       0.01452      4.38      2.00     5   6.2519
#        1092       0.01092     11.23      2.00     6   6.2522
#        1093       0.01082     11.49      2.00     6   6.2522
#        1094       0.01817     13.90      2.00     6   6.2519
#        1097       0.00995     28.95      2.00     6   6.2522
#        1098       0.02065      8.23      2.00     6   6.2531
#        1100       0.01005     27.60      2.00     6   6.2537
#        1102       0.01629      4.83      2.00     5   6.2565
#        1106       0.01717      8.89      2.00     5   6.2576
#        1109       0.01624      4.17      2.00     5   6.2617
#        1110       0.01303      4.28      2.00     5   6.2626
#        1111       0.02076      6.42      2.00     5   6.2630
#        1113       0.00825      4.11      1.00     4   6.2642
#        1114       0.01519      4.92      2.00     5   6.2646
#        1115       0.03046      7.57      1.00     6   6.2667
#        1118       0.02653      9.65      2.00     6   6.2691
#        1119       0.01621      4.12      2.00     5   6.2695
#        1120       0.01594    103.50      1.00     6   6.2694
#        1121       0.00925     16.27      2.00     5   6.2704
#        1122       0.02351      8.43      2.00     5   6.2703
#        1124       0.02169      4.24      2.00     6   6.2708
#        1125       0.02484     16.23      1.00     6   6.2715
#        1126       0.00878      4.09      1.00     4   6.2717
#        1127       0.01514      4.91      2.00     5   6.2725
#        1129       0.03464      4.72      2.00     4   6.2732
#        1132       0.01098     10.80      2.00     6   6.2743
#        1133       0.01070     11.39      2.00     6   6.2744
#        1134       0.01008     28.41      2.00     6   6.2759
#        1135       0.01112      7.76      2.00     5   6.2765
#        1136       0.01067      4.49      1.00     6   6.2774
#        1138       0.01034      7.49      2.00     6   6.2780
#        1139       0.02365      8.54      2.00     5   6.2787
#        1141       0.01632      4.76      2.00     5   6.2792
#        1142       0.02182      9.31      2.00     6   6.2796
#        1144       0.04053     12.72      2.00     6   6.2794
#        1146       0.01706      8.45      2.00     5   6.2801
#        1147       0.02029      4.63      2.00     6   6.2802
#        1148       0.02348      8.50      2.00     5   6.2806
#        1149       0.01380      6.30      2.00     7   6.2805
#        1150       0.01082     29.01      2.00     7   6.2807
#        1151       0.01073     28.94      2.00     7   6.2807
#        1152       0.01600      4.90      2.00     6   6.2812
#        1153       0.01702     11.35      2.00     7   6.2812
#        1154       0.01360      6.95      2.00     7   6.2812
#        1155       0.01016     59.79      2.00     7   6.2823
#        1157       0.02453      7.69      2.00     7   6.2842
#        1158       0.02237     16.55      2.00     7   6.2842
#        1159       0.02029     28.77      2.00     7   6.2843
#        1160       0.05036     32.65      2.00     7   6.2840
#        1161       0.01658      8.57      2.00     7   6.2839
#        1164       0.01469      4.42      2.00     5   6.2852
#        1165       0.01532      9.46      2.00     7   6.2858
#        1166       0.00802      4.09      1.00     4   6.2864
#        1168       0.01849      6.98      2.00     5   6.2883
#        1169       0.00815      4.07      1.00     4   6.2922
#        1170       0.01623      4.05      2.00     5   6.2926
#        1171       0.01518      4.82      2.00     5   6.2957
#        1172       0.02211      8.85      2.00     6   6.2969
#        1173       0.00979     18.26      2.00     6   6.2968
#        1174       0.02045      4.60      2.00     6   6.2966
#        1176       0.04026     12.39      2.00     6   6.2974
#        1177       0.00982     17.64      2.00     6   6.2981
#        1178       0.02148      5.48      2.00     5   6.2988
#        1179       0.01605      4.74      2.00     6   6.2984
#        1180       0.01641      4.71      2.00     5   6.3010
#        1181       0.02344      8.90      2.00     5   6.3012
#        1182       0.00985     19.18      2.00     6   6.3017
#        1184       0.01691      8.65      2.00     5   6.3019
#        1188       0.00973     14.99      2.00     5   6.3051
#        1189       0.00909      8.38      2.00     3   6.3059
#        1190       0.01777     11.22      2.00     7   6.3067
#        1191       0.01087     28.68      2.00     7   6.3068
#        1192       0.01401      8.08      2.00     7   6.3067
#        1193       0.01062     27.93      2.00     7   6.3069
#        1194       0.01372      7.32      2.00     7   6.3071
#        1195       0.04230     37.01      2.00     7   6.3079
#        1196       0.02174     29.06      2.00     7   6.3082
#        1197       0.01708      9.07      2.00     7   6.3082
#        1198       0.01019     59.94      2.00     7   6.3084
#        1200       0.02083     15.50      2.00     7   6.3087
#        1201       0.01615      9.92      2.00     7   6.3097
#        1204       0.00999      6.62      2.00     6   6.3126
#        1207       0.00722      4.75      2.00     4   6.3169
#        1208       0.01523      4.78      2.00     5   6.3172
#        1209       0.00972      6.42      2.00     6   6.3185
#        1210       0.01913      7.20      2.00     6   6.3194
#        1211       0.02060      4.64      2.00     6   6.3209
#        1212       0.02134      9.17      2.00     6   6.3212
#        1214       0.04101     12.09      2.00     6   6.3213
#        1215       0.01511     11.78      2.00     7   6.3217
#        1216       0.01135     28.53      2.00     7   6.3216
#        1217       0.01791     19.42      2.00     7   6.3219
#        1218       0.01407     20.34      2.00     7   6.3219
#        1219       0.01095     22.80      2.00     7   6.3219
#        1220       0.01585      4.72      2.00     6   6.3226
#        1221       0.02419      4.01      2.00     6   6.3229
#        1223       0.01013     55.56      2.00     7   6.3235
#        1225       0.02102     15.44      2.00     7   6.3252
#        1226       0.02200     28.51      2.00     7   6.3254
#        1227       0.01696      8.80      2.00     7   6.3254
#        1228       0.04211     36.11      2.00     7   6.3259
#        1229       0.01620      9.62      2.00     7   6.3270
#        1230       0.01750     13.26      2.00     6   6.3279
#        1232       0.01982      6.11      2.00     6   6.3289
#        1233       0.02079     10.09      2.00     6   6.3293
#        1234       0.04137     16.04      2.00     6   6.3296
#        1236       0.01802      4.16      2.00     6   6.3298
#        1237       0.01775      4.80      2.00     5   6.3303
#        1239       0.01432     23.87      1.00     6   6.3330
#        1240       0.01944      9.19      2.00     6   6.3350
#        1241       0.01823      9.19      2.00     6   6.3350
#        1242       0.01919      4.63      2.00     6   6.3354
#        1244       0.02708      5.78      2.00     7   6.3358
#        1245       0.02440      4.49      2.00     7   6.3357
#        1246       0.01254      5.00      2.00     5   6.3364
#        1247       0.02449      9.75      2.00     5   6.3363
#        1248       0.05313      4.66      2.00     7   6.3362
#        1253       0.02691     12.25      2.00     7   6.3413
#        1254       0.01980     18.37      2.00     7   6.3410
#        1255       0.03281     19.08      2.00     7   6.3413
#        1256       0.01922      6.09      2.00     7   6.3409
#        1259       0.06235     14.20      2.00     7   6.3413
#        1260       0.01862      7.51      2.00     7   6.3434
#        1261       0.02080      6.79      2.00     6   6.3440
#        1263       0.00786     13.69      2.00     5   6.3454
#        1265       0.00846      8.19      2.00     5   6.3481
#        1267       0.01419      5.72      1.00     6   6.3495
#        1268       0.00934     18.69      2.00     5   6.3499
#        1269       0.02305      8.13      2.00     6   6.3509
#        1271       0.04014     12.16      2.00     6   6.3508
#        1272       0.02039      4.31      2.00     6   6.3512
#        1273       0.01488     10.98      2.00     7   6.3520
#        1275       0.01416      6.06      1.00     6   6.3525
#        1276       0.01632      4.71      2.00     6   6.3525
#        1278       0.01886     16.84      2.00     7   6.3524
#        1279       0.02112     15.27      2.00     7   6.3535
#        1280       0.02126     27.83      2.00     7   6.3537
#        1281       0.04277     34.87      2.00     7   6.3539
#        1282       0.01691      8.53      2.00     7   6.3536
#        1283       0.01757      8.52      2.00     7   6.3545
#        1284       0.01600      9.39      2.00     7   6.3552
#        1286       0.01066     22.10      2.00     7   6.3572
#        1287       0.01436     39.14      2.00     7   6.3576
#        1288       0.01173      4.59      2.00     7   6.3573
#        1289       0.01677     38.22      2.00     7   6.3576
#        1290       0.01655      4.38      2.00     5   6.3576
#        1291       0.01500      4.92      2.00     7   6.3576
#        1292       0.01755      8.66      2.00     5   6.3589
#        1293       0.01050     28.51      2.00     7   6.3597
#        1295       0.02746      7.30      2.00     7   6.3619
#        1298       0.02852      9.01      2.00     6   6.3730
#        1299       0.01521      4.51      2.00     5   6.3736
#        1300       0.01782      4.63      2.00     6   6.3754
#        1301       0.01240      5.12      2.00     4   6.3772
#        1303       0.00987      8.08      2.00     5   6.3775
#        1304       0.02269      4.05      2.00     6   6.3779
#        1305       0.01824      5.43      2.00     6   6.3783
#        1306       0.02263     10.36      2.00     6   6.3780
#        1308       0.02182      6.47      2.00     6   6.3804
#        1309       0.02291     27.10      2.00     7   6.3835
#        1310       0.04230     35.26      2.00     7   6.3834
#        1311       0.01734      8.53      2.00     7   6.3836
#        1312       0.02107     14.40      2.00     7   6.3838
#        1314       0.01648      9.42      2.00     7   6.3851
#        1315       0.00806     12.00      2.00     5   6.3866
#        1316       0.00875     11.85      2.00     3   6.3876
#        1317       0.02369      4.86      2.00     6   6.3885
#        1318       0.02145      7.97      2.00     6   6.3912
#        1319       0.03037      4.70      2.00     6   6.3927
#        1321       0.00873     14.18      2.00     4   6.3948
#        1322       0.00697     29.14      2.00     5   6.3977
#        1323       0.00680     30.41      2.00     5   6.3986
#        1327       0.01659     16.75      2.00     6   6.3993
#        1328       0.01576      6.10      2.00     6   6.4000
#        1329       0.02306      6.76      2.00     6   6.4000
#        1330       0.02015     13.37      2.00     6   6.3997
#        1331       0.01539      4.03      2.00     5   6.4015
#        1332       0.01965      7.83      2.00     6   6.4016
#        1333       0.01538      4.07      2.00     5   6.4022
#        1335       0.02516      4.35      2.00     6   6.4026
#        1336       0.02088      5.84      2.00     6   6.4038
#        1337       0.02402      5.86      2.00     6   6.4050
#        1338       0.01019      5.17      2.00     6   6.4048
#        1339       0.01557     11.45      2.00     6   6.4048
#        1340       0.01746     10.39      2.00     5   6.4053
#        1342       0.01718      4.46      2.00     6   6.4063
#        1344       0.00814     12.32      2.00     5   6.4068
#        1346       0.02153      8.82      2.00     6   6.4104
#        1347       0.01783      4.80      2.00     6   6.4113
#        1348       0.01716      5.40      2.00     6   6.4116
#        1349       0.01639      5.78      2.00     6   6.4128
#        1350       0.02102      6.01      2.00     5   6.4136
#        1351       0.01784     10.44      1.00     6   6.4136
#        1352       0.01965     16.19      2.00     6   6.4137
#        1353       0.01639      7.55      2.00     6   6.4142
#        1354       0.01637      7.63      2.00     6   6.4147
#        1355       0.01865      6.64      1.00     6   6.4149
#        1356       0.01656      6.14      2.00     6   6.4154
#        1357       0.01904      6.79      1.00     6   6.4158
#        1358       0.01049     25.15      2.00     6   6.4156
#        1359       0.01507      4.05      2.00     5   6.4162
#        1360       0.02788      4.28      2.00     4   6.4187
#        1363       0.00692     30.97      2.00     5   6.4215
#        1366       0.07858      5.86      2.00     6   6.4229
#        1369       0.02522      5.87      2.00     6   6.4254
#        1371       0.01570      6.41      2.00     6   6.4272
#        1372       0.00686     84.31      2.00     6   6.4271
#        1374       0.01564      7.92      2.00     6   6.4278
#        1375       0.01569      6.45      2.00     6   6.4276
#        1376       0.01650      5.15      2.00     6   6.4280
#        1377       0.01563      7.96      2.00     6   6.4280
#        1378       0.01816      6.00      2.00     6   6.4279
#        1379       0.01648      6.30      2.00     6   6.4279
#        1380       0.01568      7.23      2.00     6   6.4301
#        1381       0.01562      7.30      2.00     6   6.4307
#        1384       0.01625      6.04      2.00     6   6.4351
#        1385       0.01622      6.12      2.00     6   6.4358
#        1386       0.02672     11.21      2.00     6   6.4358
#        1388       0.02535      7.88      2.00     5   6.4363
#        1389       0.01687      5.08      2.00     6   6.4362
#        1390       0.02695     11.49      2.00     6   6.4369
#        1391       0.01686      5.09      2.00     6   6.4364
#        1394       0.01572      4.26      2.00     5   6.4388
#        1400       0.02016      6.12      2.00     5   6.4434
#        1401       0.01544      4.02      2.00     5   6.4441
#        1404       0.01648      4.18      2.00     5   6.4449
#        1405       0.00996      8.27      2.00     4   6.4457
#        1407       0.01723      4.84      2.00     6   6.4480
#        1408       0.01720      4.88      2.00     6   6.4487
#        1409       0.02286      8.80      1.00     6   6.4501
#        1410       0.01445      6.62      2.00     6   6.4509
#        1412       0.01998      6.26      2.00     5   6.4511
#        1413       0.01443      6.71      2.00     6   6.4517
#        1414       0.01640      4.16      2.00     5   6.4527
#        1415       0.01759     10.12      2.00     5   6.4527
#        1420       0.00699     84.53      2.00     6   6.4540
#        1421       0.01741      4.94      2.00     6   6.4554
#        1422       0.02314      6.32      1.00     6   6.4566
#        1423       0.01742      5.58      2.00     6   6.4573
#        1424       0.02315      6.53      1.00     6   6.4579
#        1426       0.01781      9.62      2.00     5   6.4596
#        1427       0.01629      6.32      2.00     6   6.4597
#        1428       0.01793     10.14      1.00     6   6.4594
#        1429       0.01279      8.18      2.00     5   6.4601
#        1430       0.00972     10.51      2.00     6   6.4598
#        1431       0.02290      7.16      1.00     6   6.4599
#        1433       0.01625      6.07      2.00     6   6.4608
#        1434       0.01646      7.39      2.00     6   6.4604
#        1435       0.01620      7.17      2.00     6   6.4604
#        1436       0.02615     11.83      2.00     6   6.4606
#        1437       0.01694      5.11      2.00     6   6.4606
#        1438       0.01746      5.89      2.00     6   6.4611
#        1439       0.01871      6.57      1.00     6   6.4613
#        1440       0.01911      6.14      1.00     6   6.4613
#        1441       0.01649      5.81      2.00     6   6.4613
#        1443       0.00974     10.94      2.00     6   6.4616
#        1444       0.01689      5.07      2.00     6   6.4618
#        1445       0.02722     10.91      2.00     6   6.4618
#        1446       0.02328      6.43      1.00     6   6.4622
#        1447       0.01153      8.03      2.00     5   6.4631
#        1448       0.00978     11.42      2.00     6   6.4650
#        1451       0.00722     74.88      2.00     6   6.4689
#        1452       0.01570      7.81      2.00     5   6.4696
#        1453       0.01150      9.92      2.00     5   6.4704
#        1455       0.02000      5.81      2.00     5   6.4700
#        1458       0.01726      4.40      2.00     6   6.4711
#        1459       0.03659     25.82      2.00     7   6.4706
#        1460       0.02490      5.56      2.00     7   6.4707
#        1461       0.01085      8.19      2.00     5   6.4715
#        1462       0.01656      4.21      2.00     5   6.4716
#        1463       0.01652      6.55      2.00     6   6.4715
#        1464       0.02197      6.72      2.00     6   6.4719
#        1465       0.02069     14.83      2.00     6   6.4719
#        1466       0.02608     13.35      2.00     6   6.4727
#        1467       0.01728      4.98      2.00     6   6.4729
#        1468       0.02036      8.87      2.00     6   6.4736
#        1469       0.01576      6.18      2.00     6   6.4736
#        1470       0.01564      6.02      2.00     6   6.4738
#        1471       0.02047      7.88      2.00     6   6.4735
#        1473       0.01572      7.65      2.00     6   6.4742
#        1474       0.01572      7.59      2.00     6   6.4743
#        1475       0.01724      4.80      2.00     6   6.4742
#        1477       0.00878     11.85      2.00     5   6.4751
#        1478       0.01450      6.88      2.00     6   6.4759
#        1479       0.01635      4.64      2.00     6   6.4768
#        1480       0.01581      7.07      2.00     6   6.4766
#        1482       0.03077      6.75      2.00     6   6.4764
#        1483       0.01562      6.84      2.00     6   6.4769
#        1484       0.01446      6.58      2.00     6   6.4773
#        1485       0.00831     32.10      2.00     6   6.4780
#        1486       0.01698      4.19      2.00     6   6.4781
#        1488       0.02189      6.65      2.00     6   6.4796
#        1489       0.02033     14.89      2.00     6   6.4796
#        1490       0.02038      7.86      2.00     6   6.4812
#        1491       0.01598      8.31      2.00     7   6.4835
#        1492       0.01563      4.84      2.00     7   6.4837
#        1493       0.01755      5.07      2.00     6   6.4845
#        1494       0.01531      5.46      2.00     7   6.4853
#        1495       0.01819      4.45      2.00     6   6.4867
#        1496       0.01477      7.13      2.00     6   6.4875
#        1499       0.03621     11.27      2.00     6   6.4874
#        1501       0.01168      8.35      2.00     5   6.4886
#        1502       0.00880     11.68      2.00     5   6.4888
#        1503       0.01709      4.31      2.00     6   6.4890
#        1506       0.01999      6.18      2.00     5   6.4919
#        1508       0.01619      5.49      2.00     6   6.4925
#        1509       0.01807      9.22      1.00     6   6.4928
#        1510       0.02235      9.95      2.00     7   6.4928
#        1511       0.00952     11.12      2.00     3   6.4933
#        1512       0.01647      4.13      2.00     5   6.4934
#        1513       0.01456      4.94      2.00     6   6.4937
#        1514       0.01651      4.74      2.00     6   6.4937
#        1515       0.01688      7.16      2.00     6   6.4941
#        1516       0.01878      6.88      1.00     6   6.4953
#        1517       0.01226     28.78      2.00     6   6.4990
#        1518       0.00973     13.12      2.00     4   6.5000
#        1519       0.02351      9.10      2.00     7   6.5003
#        1520       0.02070     14.36      2.00     6   6.5025
#        1521       0.02182      6.53      2.00     6   6.5026
#        1522       0.00886     33.60      2.00     6   6.5036
#        1524       0.02033      7.74      2.00     6   6.5041
#        1525       0.01207      8.15      2.00     5   6.5046
#        1527       0.01565      4.67      2.00     6   6.5058
#        1529       0.01587      7.07      2.00     6   6.5073
#        1530       0.01596      5.78      2.00     6   6.5072
#        1531       0.01598      6.64      2.00     6   6.5079
#        1533       0.02355      7.49      2.00     5   6.5097
#        1534       0.01563      5.24      2.00     6   6.5094
#        1535       0.01202      9.39      2.00     5   6.5101
#        1536       0.01598      6.89      2.00     6   6.5101
#        1537       0.01982      4.02      2.00     6   6.5106
#        1538       0.02655      4.47      2.00     6   6.5107
#        1539       0.01646      4.17      2.00     5   6.5113
#        1540       0.01845      5.53      2.00     6   6.5110
#        1542       0.02056     13.58      2.00     6   6.5131
#        1544       0.01162      9.69      2.00     5   6.5136
#        1545       0.00869     11.51      2.00     5   6.5141
#        1546       0.03042      4.89      2.00     6   6.5167
#        1547       0.00830     21.80      2.00     6   6.5167
#        1550       0.00888     33.20      2.00     6   6.5173
#        1552       0.01134     13.97      2.00     7   6.5199
#        1553       0.01125     14.18      2.00     7   6.5199
#        1555       0.01181     10.70      2.00     7   6.5211
#        1556       0.00990     40.25      2.00     7   6.5214
#        1557       0.01375      7.47      2.00     7   6.5212
#        1558       0.01158     13.70      2.00     7   6.5215
#        1559       0.01352      4.36      2.00     7   6.5214
#        1560       0.00981     40.68      2.00     7   6.5230
#        1561       0.02209      6.40      2.00     6   6.5243
#        1562       0.02030     14.42      2.00     6   6.5244
#        1563       0.01138     13.94      2.00     7   6.5250
#        1565       0.01111     14.33      2.00     7   6.5251
#        1566       0.01313      4.58      2.00     7   6.5253
#        1567       0.02071      7.66      2.00     6   6.5259
#        1568       0.00698      7.25      2.00     4   6.5269
#        1569       0.00995     43.56      2.00     7   6.5266
#        1570       0.02029      4.30      2.00     7   6.5270
#        1571       0.02700      4.37      2.00     5   6.5281
#        1572       0.03099      7.67      2.00     6   6.5279
#        1573       0.01704      6.59      2.00     7   6.5276
#        1577       0.01272      6.84      2.00     7   6.5305
#        1578       0.01661      4.58      2.00     6   6.5308
#        1580       0.01980      4.65      2.00     7   6.5367
#        1581       0.01814      6.15      2.00     7   6.5379
#        1582       0.01592     16.05      2.00     6   6.5383
#        1583       0.02142      4.57      1.00     6   6.5385
#        1584       0.01069      4.13      2.00     7   6.5408
#        1588       0.01156     17.71      2.00     7   6.5412
#        1589       0.01131     11.12      2.00     7   6.5433
#        1590       0.01012     12.89      2.00     7   6.5433
#        1591       0.01109     13.29      2.00     7   6.5439
#        1594       0.01245     27.94      2.00     6   6.5461
#        1595       0.02387      9.23      2.00     7   6.5462
#        1596       0.00878     32.29      2.00     6   6.5467
#        1597       0.00913     11.12      2.00     5   6.5473
#        1600       0.03461      9.09      2.00     7   6.5471
#        1602       0.00871      4.63      2.00     6   6.5480
#        1606       0.01524      5.48      2.00     7   6.5489
#        1608       0.02692      8.72      2.00     7   6.5510
#        1612       0.00873      4.12      2.00     6   6.5564
#        1613       0.02114     11.27      2.00     7   6.5584
#        1614       0.02350     22.41      2.00     7   6.5584
#        1615       0.03997     31.31      2.00     7   6.5587
#        1616       0.01822      7.29      2.00     7   6.5587
#        1618       0.01898      4.41      2.00     6   6.5589
#        1619       0.01731      8.17      2.00     7   6.5603
#        1621       0.01905      6.61      2.00     6   6.5624
#        1623       0.02665      4.37      2.00     6   6.5640
#        1626       0.01681      8.92      2.00     7   6.5651
#        1628       0.01649      5.30      2.00     7   6.5661
#        1630       0.01116      6.95      2.00     7   6.5679
#        1631       0.01702      4.01      2.00     7   6.5681
#        1632       0.01110      6.80      2.00     7   6.5686
#        1634       0.02185      7.49      2.00     5   6.5691
#        1638       0.01044     24.64      2.00     7   6.5718
#        1639       0.01669      4.04      2.00     7   6.5717
#        1640       0.03494      8.86      2.00     7   6.5721
#        1641       0.01052     12.53      2.00     7   6.5729
#        1642       0.01071     12.48      2.00     7   6.5724
#        1644       0.01513      5.45      2.00     7   6.5734
#        1645       0.01098     11.19      2.00     7   6.5740
#        1647       0.01057     23.76      2.00     7   6.5744
#        1648       0.01713      5.43      2.00     6   6.5749
#        1649       0.01278     14.87      2.00     7   6.5758
#        1650       0.01069     11.15      2.00     7   6.5756
#        1651       0.01280      9.14      2.00     5   6.5763
#        1652       0.01053     25.16      2.00     7   6.5774
#        1653       0.01058     12.51      2.00     7   6.5783
#        1654       0.01070     12.52      2.00     7   6.5783
#        1656       0.02739      6.87      2.00     5   6.5801
#        1657       0.00922     31.43      2.00     6   6.5799
#        1658       0.02235      5.67      2.00     6   6.5807
#        1659       0.01315     25.49      2.00     6   6.5813
#        1660       0.02179     13.94      2.00     6   6.5810
#        1662       0.02251      7.21      2.00     6   6.5825
#        1666       0.01037     10.70      2.00     7   6.5844
#        1672       0.03005     10.61      2.00     7   6.5959
#        1673       0.02359      4.14      2.00     7   6.5961
#        1674       0.01378      7.68      2.00     7   6.5964
#        1675       0.02237      4.69      2.00     7   6.5993
#        1676       0.03233     12.83      2.00     5   6.5999
#        1680       0.02011      7.04      2.00     7   6.6004
#        1681       0.01795      9.10      2.00     5   6.6015
#        1682       0.01919      6.34      2.00     6   6.6012
#        1683       0.02017      6.43      2.00     6   6.6011
#        1685       0.01709      9.27      2.00     7   6.6016
#        1686       0.01671      5.51      2.00     7   6.6033
#        1689       0.01744      4.71      2.00     6   6.6082
#        1690       0.01724      4.86      2.00     6   6.6081
#        1691       0.01721      4.05      2.00     6   6.6088
#        1692       0.02002      8.60      2.00     6   6.6088
#        1694       0.02045      8.98      2.00     6   6.6093
#        1695       0.01929     18.52      2.00     6   6.6097
#        1696       0.01388      7.69      2.00     7   6.6101
#        1697       0.01511      6.64      2.00     6   6.6104
#        1698       0.01509      6.70      2.00     6   6.6108
#        1700       0.01642      4.28      2.00     6   6.6115
#        1701       0.01877      9.48      2.00     5   6.6132
#        1702       0.02315      4.08      2.00     6   6.6160
#        1703       0.01743      4.55      2.00     7   6.6165
#        1706       0.01824      6.92      2.00     7   6.6171
#        1707       0.01353      7.53      2.00     7   6.6178
#        1711       0.01756      4.20      2.00     6   6.6211
#        1712       0.01736      4.29      2.00     6   6.6211
#        1714       0.02853     12.51      2.00     6   6.6235
#        1715       0.01757      4.89      2.00     6   6.6240
#        1716       0.01736      5.03      2.00     6   6.6241
#        1717       0.01506      6.94      2.00     6   6.6240
#        1718       0.01506      6.99      2.00     6   6.6241
#        1719       0.02447      8.87      2.00     7   6.6239
#        1720       0.02159      4.53      2.00     7   6.6242
#        1721       0.01775      6.26      2.00     6   6.6251
#        1722       0.01965      6.79      2.00     7   6.6251
#        1723       0.00741      4.89      2.00     5   6.6273
#        1724       0.02421      8.16      2.00     7   6.6279
#        1725       0.02137      6.40      2.00     6   6.6285
#        1726       0.02130      6.45      2.00     6   6.6284
#        1727       0.01761      4.04      2.00     6   6.6289
#        1728       0.08106      7.61      2.00     7   6.6284
#        1729       0.04020      7.36      2.00     7   6.6286
#        1730       0.01124      4.54      2.00     5   6.6291
#        1731       0.00731      4.88      2.00     5   6.6291
#        1732       0.01753     16.48      2.00     6   6.6300
#        1734       0.02858      8.22      2.00     6   6.6297
#        1735       0.00739      5.15      2.00     5   6.6305
#        1736       0.01779      4.58      2.00     6   6.6304
#        1738       0.02861      8.60      2.00     6   6.6303
#        1740       0.03606      4.38      2.00     7   6.6310
#        1741       0.01785      8.45      2.00     7   6.6308
#        1742       0.06462     10.82      2.00     7   6.6308
#        1743       0.01779      5.22      2.00     6   6.6312
#        1744       0.00739      5.14      2.00     5   6.6323
#        1745       0.01776      5.29      2.00     6   6.6319
#        1746       0.03453     10.56      2.00     7   6.6333
#        1747       0.02916      6.91      2.00     7   6.6336
#        1748       0.01767      8.55      2.00     7   6.6336
#        1749       0.01948      7.56      2.00     7   6.6338
#        1751       0.01070      4.76      2.00     7   6.6338
#        1752       0.02479     16.82      2.00     7   6.6337
#        1753       0.00688      4.97      2.00     4   6.6343
#        1756       0.02030      5.87      2.00     7   6.6343
#        1757       0.02292     32.98      2.00     7   6.6343
#        1758       0.02031      9.71      2.00     7   6.6340
#        1760       0.01917      7.55      2.00     6   6.6356
#        1761       0.01551     20.64      2.00     6   6.6362
#        1762       0.01942     10.36      2.00     7   6.6360
#        1763       0.02667     10.06      2.00     7   6.6361
#        1764       0.02203     10.77      2.00     7   6.6361
#        1765       0.02220     14.39      2.00     7   6.6364
#        1766       0.02092     13.83      2.00     7   6.6367
#        1767       0.02110     13.77      2.00     7   6.6367
#        1770       0.01716     10.93      2.00     7   6.6373
#        1771       0.02226     25.59      2.00     7   6.6373
#        1772       0.01898      7.34      2.00     7   6.6376
#        1773       0.01733     11.00      2.00     7   6.6378
#        1774       0.02182     25.95      2.00     7   6.6378
#        1777       0.01895      7.12      2.00     7   6.6379
#        1778       0.01779     35.14      2.00     7   6.6382
#        1779       0.00711      5.13      2.00     5   6.6388
#        1780       0.02110     12.26      2.00     7   6.6389
#        1781       0.02156     33.66      2.00     7   6.6385
#        1782       0.01521     12.39      2.00     7   6.6394
#        1784       0.01973      5.54      2.00     4   6.6423
#        1785       0.00717      5.11      2.00     5   6.6427
#        1788       0.01365     11.19      2.00     6   6.6435
#        1789       0.01773      4.04      2.00     6   6.6446
#        1792       0.01808      9.04      2.00     5   6.6451
#        1793       0.01758      5.75      2.00     6   6.6449
#        1796       0.01538      5.48      2.00     6   6.6461
#        1798       0.02018     11.49      2.00     6   6.6462
#        1799       0.01953     18.17      2.00     6   6.6465
#        1800       0.01529      6.93      2.00     6   6.6477
#        1801       0.01396      4.88      2.00     5   6.6491
#        1802       0.01402      5.18      2.00     5   6.6491
#        1803       0.01749     11.96      2.00     7   6.6496
#        1804       0.01752      4.38      2.00     6   6.6502
#        1805       0.01723      4.78      2.00     6   6.6503
#        1807       0.02830      9.02      2.00     6   6.6506
#        1810       0.01430      7.60      2.00     7   6.6509
#        1813       0.02052      7.81      2.00     6   6.6512
#        1814       0.02011      8.84      2.00     6   6.6513
#        1815       0.02874      7.87      2.00     6   6.6516
#        1816       0.01916      7.36      2.00     6   6.6518
#        1817       0.01778      5.61      2.00     6   6.6520
#        1818       0.01940     18.35      2.00     6   6.6518
#        1820       0.03336      9.04      2.00     7   6.6517
#        1821       0.05095     10.43      2.00     7   6.6517
#        1822       0.01663      4.11      2.00     6   6.6524
#        1824       0.01729     13.18      2.00     7   6.6527
#        1825       0.01749     13.13      2.00     7   6.6525
#        1826       0.01778      5.40      2.00     6   6.6532
#        1827       0.01515      6.44      2.00     6   6.6528
#        1828       0.01514      6.62      2.00     6   6.6528
#        1829       0.01795      4.55      2.00     7   6.6541
#        1830       0.02483      8.66      2.00     7   6.6548
#        1831       0.01872      6.92      2.00     7   6.6550
#        1832       0.02963     10.54      2.00     7   6.6570
#        1834       0.01778      4.68      2.00     6   6.6580
#        1835       0.02901     19.04      2.00     7   6.6582
#        1836       0.01706      7.94      2.00     7   6.6582
#        1837       0.00733      5.38      2.00     5   6.6590
#        1838       0.01713      8.01      2.00     7   6.6589
#        1839       0.02919     19.31      2.00     7   6.6589
#        1840       0.01778     11.12      2.00     7   6.6598
#        1841       0.01776     11.27      2.00     7   6.6604
#        1842       0.01783      5.94      2.00     6   6.6609
#        1843       0.01530      7.01      2.00     6   6.6609
#        1845       0.01532      6.31      2.00     6   6.6615
#        1846       0.02450      7.86      2.00     7   6.6618
#        1848       0.01735      4.17      2.00     6   6.6636
#        1849       0.01958      5.62      2.00     6   6.6639
#        1850       0.02232      5.08      2.00     6   6.6643
#        1851       0.02607      4.99      2.00     6   6.6643
#        1852       0.00712      5.35      2.00     5   6.6646
#        1853       0.02393      8.61      2.00     7   6.6646
#        1854       0.00682     11.41      1.00     6   6.6663
#        1855       0.01738      4.95      2.00     6   6.6666
#        1856       0.01510      6.86      2.00     6   6.6666
#        1857       0.01768      4.56      2.00     6   6.6667
#        1858       0.01510      6.78      2.00     6   6.6667
#        1860       0.01076     12.09      2.00     7   6.6680
#        1861       0.01812     19.15      2.00     7   6.6680
#        1862       0.00702     11.61      1.00     6   6.6685
#        1863       0.01445      5.30      2.00     6   6.6692
#        1864       0.01444      5.35      2.00     6   6.6699
#        1865       0.00988     10.98      2.00     5   6.6701
#        1866       0.02949     13.84      2.00     5   6.6709
#        1867       0.01007     12.01      2.00     5   6.6715
#        1868       0.01723      5.35      2.00     6   6.6716
#        1869       0.02420      7.82      2.00     7   6.6719
#        1871       0.00694     12.52      1.00     6   6.6722
#        1872       0.00679      5.15      2.00     4   6.6729
#        1874       0.01041     70.03      2.00     6   6.6736
#        1875       0.01084     64.30      2.00     6   6.6739
#        1876       0.00735      5.52      2.00     5   6.6749
#        1877       0.02139      6.17      2.00     6   6.6760
#        1878       0.02148      6.23      2.00     6   6.6762
#        1879       0.01769      8.19      2.00     7   6.6767
#        1880       0.01766     16.06      2.00     6   6.6776
#        1881       0.02912     13.80      2.00     5   6.6791
#        1882       0.01789      7.99      2.00     7   6.6795
#        1883       0.01958      4.52      2.00     6   6.6802
#        1885       0.01057      9.31      2.00     5   6.6816
#        1886       0.00744      5.48      2.00     5   6.6823
#        1887       0.02068      5.60      2.00     6   6.6826
#        1889       0.02349      6.10      2.00     6   6.6829
#        1891       0.02108     13.30      2.00     7   6.6829
#        1892       0.02116     13.28      2.00     7   6.6828
#        1893       0.01713      8.19      2.00     7   6.6830
#        1895       0.02866     19.67      2.00     7   6.6831
#        1896       0.01918      6.79      2.00     7   6.6836
#        1897       0.01897      6.93      2.00     7   6.6840
#        1899       0.01942      7.89      2.00     7   6.6836
#        1900       0.01740     10.56      2.00     7   6.6837
#        1901       0.01718     10.26      2.00     7   6.6838
#        1902       0.02238     24.03      2.00     7   6.6837
#        1903       0.02177     24.89      2.00     7   6.6838
#        1904       0.01803     15.40      2.00     6   6.6844
#        1905       0.01789     34.05      2.00     7   6.6844
#        1906       0.01781     11.53      2.00     7   6.6846
#        1907       0.02939     18.93      2.00     7   6.6842
#        1908       0.01697      7.86      2.00     7   6.6843
#        1909       0.01526     11.99      2.00     7   6.6853
#        1910       0.02097     11.64      2.00     7   6.6853
#        1911       0.01776     11.07      2.00     7   6.6858
#        1912       0.01511      6.92      2.00     6   6.6870
#        1913       0.00719      5.61      2.00     5   6.6877
#        1915       0.01507      5.93      2.00     6   6.6901
#        1917       0.02105      5.24      2.00     7   6.6902
#        1918       0.01523      6.02      2.00     6   6.6909
#        1919       0.02669     12.17      2.00     6   6.6920
#        1920       0.00720      5.57      2.00     5   6.6934
#        1921       0.01516      4.44      2.00     6   6.6933
#        1922       0.01531      6.59      2.00     6   6.6941
#        1923       0.02362     17.77      2.00     6   6.6944
#        1924       0.01766      8.55      2.00     7   6.6945
#        1926       0.01452      5.30      2.00     6   6.6951
#        1927       0.01451      5.49      2.00     6   6.6948
#        1929       0.03125     20.15      2.00     7   6.6948
#        1930       0.01510      6.26      2.00     6   6.6955
#        1931       0.01770     11.39      2.00     7   6.6961
#        1932       0.02051      8.56      2.00     6   6.6968
#        1933       0.01821     11.87      2.00     7   6.6963
#        1934       0.01057     69.87      2.00     6   6.6971
#        1936       0.01732     12.66      2.00     7   6.6991
#        1937       0.01758     12.60      2.00     7   6.6992
#        1938       0.03169     14.65      2.00     7   6.6998
#        1939       0.01720      7.26      2.00     7   6.7001
#        1940       0.01733      6.16      2.00     7   6.7001
#        1941       0.01593     19.95      2.00     6   6.7011
#        1942       0.01793      8.47      2.00     7   6.7017
#        1945       0.01044    203.60      2.00     7   6.7021
#        1946       0.02932     13.40      2.00     5   6.7030
#        1947       0.01562     57.78      2.00     7   6.7075
#        1948       0.01474      4.02      2.00     6   6.7089
#        1949       0.01094      7.69      2.00     5   6.7096
#        1950       0.01167      7.80      2.00     5   6.7096
#        1951       0.01462      5.47      2.00     6   6.7096
#        1952       0.01728      6.36      2.00     7   6.7097
#        1953       0.01798      9.65      2.00     7   6.7100
#        1954       0.03086     15.04      2.00     7   6.7103
#        1956       0.02620      6.39      2.00     5   6.7112
#        1958       0.02036      6.30      2.00     6   6.7126
#        1959       0.02277     17.94      2.00     7   6.7155
#        1960       0.02230      4.68      2.00     7   6.7161
#        1962       0.01978      8.47      2.00     7   6.7158
#        1963       0.02553      9.47      2.00     7   6.7158
#        1964       0.01762     12.16      2.00     7   6.7162
#        1965       0.02383      7.90      2.00     7   6.7158
#        1966       0.02105     11.93      2.00     7   6.7159
#        1967       0.01099      4.93      2.00     6   6.7172
#        1968       0.01755     10.12      2.00     7   6.7171
#        1969       0.02084      8.96      2.00     7   6.7174
#        1973       0.01820     31.02      2.00     7   6.7177
#        1974       0.02269     24.35      2.00     7   6.7174
#        1975       0.01589     19.28      2.00     6   6.7183
#        1976       0.01545     11.70      2.00     7   6.7190
#        1977       0.02035      6.30      2.00     6   6.7204
#        1978       0.02039      6.55      2.00     6   6.7223
#        1979       0.02983     13.31      2.00     5   6.7247
#        1981       0.02149      6.83      2.00     7   6.7247
#        1982       0.00720      6.59      2.00     4   6.7258
#        1983       0.01445      8.41      2.00     6   6.7260
#        1985       0.02595      8.16      2.00     7   6.7276
#        1986       0.01790     10.14      2.00     7   6.7292
#        1987       0.01598     62.26      2.00     7   6.7296
#        1988       0.01061    200.60      2.00     7   6.7297
#        1989       0.02478      7.49      2.00     7   6.7317
#        1990       0.01105      7.68      2.00     5   6.7318
#        1991       0.01787     11.64      2.00     7   6.7322
#        1992       0.01782     11.13      2.00     7   6.7328
#        1993       0.01295     12.36      2.00     6   6.7347
#        1994       0.00671      5.31      2.00     3   6.7384
#        1996       0.01076     20.35      2.00     6   6.7381
#        1997       0.00757     11.78      2.00     6   6.7381
#        1998       0.01782      4.53      2.00     7   6.7398
#        1999       0.03680      7.57      2.00     7   6.7400
#        2000       0.01770      5.74      2.00     7   6.7402
#        2001       0.02050      5.33      2.00     7   6.7424
#        2002       0.01445      8.02      2.00     6   6.7432
#        2003       0.02060      6.54      2.00     6   6.7441
#        2004       0.01569     19.00      2.00     6   6.7439
#        2005       0.01102    175.30      2.00     7   6.7452
#        2006       0.01594     60.54      2.00     7   6.7468
#        2008       0.00607      5.41      2.00     3   6.7517
#        2009       0.01187      9.93      2.00     5   6.7520
#        2011       0.01077     25.74      2.00     6   6.7529
#        2012       0.01293     14.61      2.00     6   6.7547
#        2013       0.01470      7.49      2.00     6   6.7565
#        2014       0.01673      6.06      2.00     6   6.7577
#        2016       0.01887      9.66      2.00     7   6.7582
#        2017       0.00737      6.03      2.00     4   6.7592
#        2018       0.01829      5.20      2.00     7   6.7598
#        2019       0.02044      9.50      2.00     6   6.7609
#        2021       0.02357      6.30      2.00     7   6.7612
#        2022       0.00772     11.92      2.00     6   6.7643
#        2023       0.01090     20.06      2.00     6   6.7643
#        2024       0.05212     11.05      2.00     7   6.7643
#        2025       0.03375     11.15      2.00     7   6.7648
#        2026       0.01486      8.76      2.00     6   6.7656
#        2028       0.01745     29.00      2.00     7   6.7663
#        2033       0.01983     14.60      2.00     7   6.7695
#        2034       0.02465      5.47      2.00     7   6.7696
#        2036       0.03089     21.84      2.00     7   6.7699
#        2037       0.02341     12.15      2.00     7   6.7699
#        2038       0.00608      5.01      2.00     3   6.7722
#        2039       0.04407     10.58      2.00     7   6.7720
#        2040       0.03563     10.21      2.00     7   6.7724
#        2041       0.02770      6.61      2.00     7   6.7720
#        2043       0.02365      7.37      2.00     7   6.7733
#        2046       0.01641     18.59      2.00     6   6.7738
#        2050       0.04371      6.15      2.00     7   6.7752
#        2051       0.04217      5.55      2.00     7   6.7752
#        2053       0.03433      5.40      2.00     7   6.7752
#        2054       0.01575     58.65      2.00     7   6.7765
#        2055       0.02272     14.21      2.00     7   6.7772
#        2056       0.02598      6.24      2.00     7   6.7770
#        2058       0.01777      8.46      2.00     7   6.7775
#        2059       0.03069      4.81      2.00     7   6.7777
#        2060       0.02437      6.37      2.00     7   6.7777
#        2061       0.01626      4.88      2.00     7   6.7773
#        2062       0.02337      9.88      2.00     7   6.7774
#        2063       0.01810      5.49      2.00     7   6.7783
#        2064       0.01928      6.36      2.00     7   6.7782
#        2065       0.02785      6.00      2.00     7   6.7786
#        2066       0.02654      8.32      2.00     7   6.7786
#        2068       0.01680      6.14      2.00     7   6.7798
#        2069       0.00605     11.37      2.00     4   6.7802
#        2070       0.00777     11.28      2.00     6   6.7809
#        2071       0.01162     18.56      2.00     6   6.7809
#        2072       0.02050     17.26      2.00     7   6.7807
#        2074       0.02009     10.36      2.00     6   6.7815
#        2077       0.02958     12.07      2.00     5   6.7821
#        2078       0.02192      6.30      2.00     6   6.7820
#        2079       0.01179     37.77      2.00     7   6.7826
#        2080       0.01494      8.78      2.00     6   6.7828
#        2081       0.00739      7.06      2.00     4   6.7846
#        2084       0.01782      7.30      2.00     7   6.7869
#        2087       0.01642      4.52      2.00     7   6.7911
#        2088       0.00615      8.12      2.00     4   6.7930
#        2089       0.00664      5.61      2.00     5   6.7928
#        2090       0.00587      8.50      2.00     4   6.7939
#        2091       0.01402      6.34      2.00     5   6.7942
#        2093       0.01692      6.29      2.00     7   6.7949
#        2094       0.01693      6.19      2.00     7   6.7950
#        2098       0.03302      5.71      2.00     6   6.7982
#        2100       0.02266      5.74      2.00     6   6.7985
#        2101       0.03917      6.16      2.00     7   6.7995
#        2102       0.02019      8.98      1.00     6   6.8001
#        2105       0.01416      6.37      2.00     5   6.8005
#        2106       0.02752      6.28      2.00     7   6.8013
#        2107       0.02003     10.20      2.00     6   6.8021
#        2108       0.00592      8.31      2.00     4   6.8027
#        2111       0.02819     13.93      2.00     6   6.8033
#        2112       0.00607     10.24      2.00     4   6.8048
#        2113       0.02034      4.41      2.00     6   6.8043
#        2114       0.02058      4.28      2.00     6   6.8043
#        2115       0.02638      8.89      2.00     5   6.8049
#        2116       0.01560      7.57      2.00     7   6.8051
#        2117       0.01944      8.11      1.00     6   6.8059
#        2120       0.01647     58.29      2.00     7   6.8064
#        2121       0.02634      7.72      2.00     5   6.8078
#        2124       0.04045      5.61      2.00     7   6.8082
#        2125       0.03418      5.61      2.00     7   6.8084
#        2126       0.02618      7.77      2.00     5   6.8087
#        2127       0.00623      8.96      2.00     4   6.8096
#        2130       0.01961      6.90      2.00     7   6.8108
#        2131       0.01477      8.47      2.00     6   6.8111
#        2132       0.01873      4.16      2.00     7   6.8111
#  1621/2000 paths used
#  -----------------------------------------------------------------------
#       k          chi          mag           phase @#
     0.0000   -2.211071E+00  1.113951E+01 -1.998161E-01
     0.0500   -1.840189E+00  1.092756E+01 -1.692051E-01
     0.1000   -1.481107E+00  1.071676E+01 -1.386485E-01
     0.1500   -4.917781E-01  1.012132E+01 -4.860748E-02
     0.2000    3.902633E-01  9.535852E+00  4.093733E-02
     0.2500    1.599641E+00  8.673471E+00  1.854910E-01
     0.3000    2.529407E+00  7.836321E+00  3.286652E-01
     0.3500    3.419835E+00  6.867465E+00  5.212635E-01
     0.4000    3.878616E+00  5.940609E+00  7.114052E-01
     0.4500    4.084491E+00  5.035957E+00  9.459711E-01
     0.5000    3.864389E+00  4.183088E+00  1.177922E+00
     0.5500    3.424155E+00  3.447967E+00  1.453205E+00
     0.6000    2.730713E+00  2.765138E+00  1.728755E+00
     0.6500    1.985754E+00  2.243247E+00  2.054638E+00
     0.7000    1.206371E+00  1.767352E+00  2.390296E+00
     0.7500    5.083212E-01  1.453766E+00  2.784386E+00
     0.8000   -6.628223E-02  1.178001E+00  3.197889E+00
     0.8500   -5.061184E-01  1.040597E+00  3.649527E+00
     0.9000   -7.557873E-01  9.223465E-01  4.101987E+00
     0.9500   -8.741259E-01  8.882260E-01  4.533970E+00
     1.0000   -8.199829E-01  8.426391E-01  4.944804E+00
     1.0500   -6.855736E-01  8.337157E-01  5.317725E+00
     1.1000   -4.562138E-01  7.970911E-01  5.673818E+00
     1.1500   -2.156059E-01  7.701609E-01  5.999444E+00
     1.2000    2.287318E-02  7.161191E-01  6.315131E+00
     1.2500    2.116711E-01  6.642422E-01  6.607507E+00
     1.3000    3.383125E-01  5.916765E-01  6.891867E+00
     1.3500    4.001932E-01  5.224274E-01  7.155822E+00
     1.4000    3.974595E-01  4.416213E-01  7.402957E+00
     1.4500    3.594763E-01  3.692152E-01  7.623789E+00
     1.5000    2.950081E-01  2.953461E-01  7.806138E+00
     1.5500    2.359145E-01  2.369190E-01  7.946098E+00
     1.6000    1.853384E-01  1.877080E-01  8.013043E+00
     1.6500    1.540666E-01  1.571240E-01  8.051577E+00
     1.7000    1.357981E-01  1.385804E-01  8.054704E+00
     1.7500    1.236910E-01  1.279429E-01  8.112509E+00
     1.8000    1.080525E-01  1.150238E-01  8.203924E+00
     1.8500    8.771161E-02  9.819288E-02  8.320236E+00
     1.9000    6.684157E-02  7.830733E-02  8.401959E+00
     1.9500    2.485661E-02  2.817496E-02  8.344214E+00
     2.0000    4.496095E-02  4.591870E-02  8.058581E+00
     2.0500    4.736019E-02  4.776585E-02  7.723561E+00
     2.1000    6.409724E-02  6.599361E-02  7.613672E+00
     2.1500    8.540729E-02  8.605373E-02  7.731332E+00
     2.2000    9.969665E-02  9.991049E-02  7.919420E+00
     2.2500    1.007848E-01  1.040108E-01  8.103690E+00
     2.3000    9.586889E-02  1.052201E-01  8.278768E+00
     2.3500    8.864751E-02  1.047506E-01  8.415830E+00
     2.4000    8.489552E-02  1.069057E-01  8.507227E+00
     2.4500    7.675796E-02  1.076994E-01  8.631430E+00
     2.5000    6.916873E-02  1.106322E-01  8.749373E+00
     2.5500    6.086567E-02  1.160313E-01  8.872577E+00
     2.6000    4.976416E-02  1.234843E-01  9.009985E+00
     2.6500    3.202358E-02  1.282906E-01  9.172493E+00
     2.7000    1.058138E-02  1.337420E-01  9.345577E+00
     2.7500   -1.451291E-02  1.393733E-01  9.529097E+00
     2.8000   -4.234621E-02  1.447345E-01  9.721700E+00
     2.8500   -6.968537E-02  1.458265E-01  9.923001E+00
     2.9000   -9.439472E-02  1.461391E-01  1.012701E+01
     2.9500   -1.147471E-01  1.456331E-01  1.033220E+01
     3.0000   -1.294134E-01  1.443206E-01  1.053705E+01
     3.0500   -1.358169E-01  1.404321E-01  1.073849E+01
     3.1000   -1.359477E-01  1.361890E-01  1.093604E+01
     3.1500   -1.306017E-01  1.317742E-01  1.112907E+01
     3.2000   -1.208330E-01  1.273659E-01  1.131725E+01
     3.2500   -1.073392E-01  1.224785E-01  1.149805E+01
     3.3000   -9.198733E-02  1.182468E-01  1.167501E+01
     3.3500   -7.518560E-02  1.145642E-01  1.185050E+01
     3.4000   -5.729244E-02  1.112284E-01  1.202526E+01
     3.4500   -3.893338E-02  1.082213E-01  1.219836E+01
     3.5000   -2.028523E-02  1.055742E-01  1.237303E+01
     3.5500   -1.702595E-03  1.031147E-01  1.254986E+01
     3.6000    1.627547E-02  1.006869E-01  1.272873E+01
     3.6500    3.277976E-02  9.807568E-02  1.290716E+01
     3.7000    4.729662E-02  9.529880E-02  1.308570E+01
     3.7500    5.925035E-02  9.236453E-02  1.326280E+01
     3.8000    6.832731E-02  8.935092E-02  1.343696E+01
     3.8500    7.451104E-02  8.649548E-02  1.360448E+01
     3.9000    7.814915E-02  8.382956E-02  1.376692E+01
     3.9500    7.969680E-02  8.153305E-02  1.392453E+01
     4.0000    7.962124E-02  7.975754E-02  1.407869E+01
     4.0500    7.839014E-02  7.872658E-02  1.422965E+01
     4.1000    7.599951E-02  7.833662E-02  1.438205E+01
     4.1500    7.226424E-02  7.851681E-02  1.453895E+01
     4.2000    6.679436E-02  7.911524E-02  1.470277E+01
     4.2500    5.935725E-02  8.012252E-02  1.487366E+01
     4.3000    4.942871E-02  8.116884E-02  1.505321E+01
     4.3500    3.694298E-02  8.204572E-02  1.524089E+01
     4.4000    2.222319E-02  8.257919E-02  1.543549E+01
     4.4500    5.983451E-03  8.285245E-02  1.563568E+01
     4.5000   -1.083166E-02  8.258621E-02  1.583950E+01
     4.5500   -2.704843E-02  8.174152E-02  1.604522E+01
     4.6000   -4.152576E-02  8.033024E-02  1.625123E+01
     4.6500   -5.350152E-02  7.856190E-02  1.645711E+01
     4.7000   -6.222510E-02  7.636103E-02  1.666049E+01
     4.7500   -6.745748E-02  7.383329E-02  1.686013E+01
     4.8000   -6.932603E-02  7.109760E-02  1.705506E+01
     4.8500   -6.830682E-02  6.834401E-02  1.724577E+01
     4.9000   -6.484855E-02  6.560483E-02  1.743075E+01
     4.9500   -5.955502E-02  6.298072E-02  1.761010E+01
     5.0000   -5.297336E-02  6.054830E-02  1.778434E+01
     5.0500   -4.553745E-02  5.841487E-02  1.795561E+01
     5.1000   -3.753684E-02  5.654785E-02  1.812366E+01
     5.1500   -2.918095E-02  5.494464E-02  1.828966E+01
     5.2000   -2.061496E-02  5.358494E-02  1.845466E+01
     5.2500   -1.187859E-02  5.250537E-02  1.862134E+01
     5.3000   -3.136265E-03  5.160936E-02  1.878875E+01
     5.3500    5.469865E-03  5.086704E-02  1.895730E+01
     5.4000    1.377932E-02  5.025629E-02  1.912729E+01
     5.4500    2.175675E-02  4.981625E-02  1.930153E+01
     5.5000    2.908150E-02  4.946542E-02  1.947804E+01
     5.5500    3.554538E-02  4.918818E-02  1.965717E+01
     5.6000    4.093044E-02  4.896505E-02  1.983935E+01
     5.6500    4.509161E-02  4.881279E-02  2.002736E+01
     5.7000    4.766039E-02  4.864263E-02  2.021905E+01
     5.7500    4.841565E-02  4.841648E-02  2.041451E+01
     5.8000    4.719864E-02  4.809424E-02  2.061364E+01
     5.8500    4.397869E-02  4.769741E-02  2.081784E+01
     5.9000    3.878478E-02  4.713157E-02  2.102464E+01
     5.9500    3.187865E-02  4.637693E-02  2.123327E+01
     6.0000    2.367926E-02  4.542675E-02  2.144282E+01
     6.0500    1.470606E-02  4.446208E-02  2.165404E+01
     6.1000    5.494654E-03  4.333503E-02  2.186401E+01
     6.1500   -3.391013E-03  4.208059E-02  2.207182E+01
     6.2000   -1.147862E-02  4.074289E-02  2.227675E+01
     6.2500   -1.843130E-02  3.937055E-02  2.247834E+01
     6.3000   -2.405900E-02  3.801124E-02  2.267650E+01
     6.3500   -2.829887E-02  3.670600E-02  2.287150E+01
     6.4000   -3.117512E-02  3.548417E-02  2.306400E+01
     6.4500   -3.275351E-02  3.435997E-02  2.325495E+01
     6.5000   -3.310564E-02  3.333156E-02  2.344545E+01
     6.5500   -3.258472E-02  3.268083E-02  2.363865E+01
     6.6000   -3.090283E-02  3.207971E-02  2.383365E+01
     6.6500   -2.809540E-02  3.149434E-02  2.403082E+01
     6.7000   -2.425021E-02  3.089309E-02  2.423009E+01
     6.7500   -1.952780E-02  3.025148E-02  2.443104E+01
     6.8000   -1.416291E-02  2.955518E-02  2.463300E+01
     6.8500   -8.445330E-03  2.880108E-02  2.483514E+01
     6.9000   -2.685653E-03  2.799641E-02  2.503667E+01
     6.9500    2.823418E-03  2.715647E-02  2.523690E+01
     7.0000    7.838948E-03  2.630121E-02  2.543539E+01
     7.0500    1.235693E-02  2.562683E-02  2.563589E+01
     7.1000    1.612130E-02  2.495738E-02  2.583501E+01
     7.1500    1.904141E-02  2.430322E-02  2.603301E+01
     7.2000    2.106739E-02  2.366891E-02  2.623028E+01
     7.2500    2.217866E-02  2.305300E-02  2.642724E+01
     7.3000    2.237855E-02  2.244909E-02  2.662424E+01
     7.3500    2.169631E-02  2.184794E-02  2.682142E+01
     7.4000    2.019392E-02  2.124005E-02  2.701870E+01
     7.4500    1.797251E-02  2.061830E-02  2.721572E+01
     7.5000    1.517288E-02  1.997996E-02  2.741194E+01
     7.5500    1.193184E-02  1.936077E-02  2.761031E+01
     7.6000    8.447981E-03  1.872541E-02  2.780628E+01
     7.6500    4.915878E-03  1.808790E-02  2.799909E+01
     7.7000    1.502320E-03  1.746612E-02  2.818821E+01
     7.7500   -1.670048E-03  1.687965E-02  2.837343E+01
     7.8000   -4.528080E-03  1.634711E-02  2.855500E+01
     7.8500   -7.041585E-03  1.588332E-02  2.873365E+01
     7.9000   -9.207548E-03  1.549685E-02  2.891055E+01
     7.9500   -1.103053E-02  1.518859E-02  2.908717E+01
     8.0000   -1.250544E-02  1.495162E-02  2.926500E+01
     8.0500   -1.361932E-02  1.478289E-02  2.944572E+01
     8.1000   -1.432232E-02  1.466228E-02  2.962937E+01
     8.1500   -1.456667E-02  1.457258E-02  2.981664E+01
     8.2000   -1.430522E-02  1.449654E-02  3.000778E+01
     8.2500   -1.350696E-02  1.441883E-02  3.020268E+01
     8.3000   -1.217037E-02  1.432725E-02  3.040097E+01
     8.3500   -1.033129E-02  1.421331E-02  3.060217E+01
     8.4000   -8.063754E-03  1.407204E-02  3.080572E+01
     8.4500   -5.474645E-03  1.390137E-02  3.101114E+01
     8.5000   -2.694080E-03  1.370130E-02  3.121801E+01
     8.5500    1.469186E-04  1.354732E-02  3.142677E+01
     8.6000    2.925640E-03  1.336942E-02  3.163654E+01
     8.6500    5.504473E-03  1.316797E-02  3.184719E+01
     8.7000    7.757216E-03  1.294280E-02  3.205861E+01
     8.7500    9.575782E-03  1.269314E-02  3.227068E+01
     8.8000    1.087676E-02  1.241797E-02  3.248320E+01
     8.8500    1.160772E-02  1.211648E-02  3.269591E+01
     8.9000    1.175248E-02  1.178861E-02  3.290842E+01
     8.9500    1.133376E-02  1.143555E-02  3.312025E+01
     9.0000    1.041179E-02  1.106021E-02  3.333084E+01
     9.0500    9.137068E-03  1.075016E-02  3.354163E+01
     9.1000    7.534140E-03  1.042701E-02  3.375002E+01
     9.1500    5.718835E-03  1.009828E-02  3.395549E+01
     9.2000    3.804128E-03  9.772559E-03  3.415768E+01
     9.2500    1.888682E-03  9.458717E-03  3.435649E+01
     9.3000    4.979985E-05  9.165004E-03  3.455209E+01
     9.3500   -1.658133E-03  8.898117E-03  3.474496E+01
     9.4000   -3.200115E-03  8.662402E-03  3.493591E+01
     9.4500   -4.553671E-03  8.459347E-03  3.512594E+01
     9.5000   -5.701141E-03  8.287478E-03  3.531614E+01
     9.5500   -6.670084E-03  8.187470E-03  3.550968E+01
     9.6000   -7.393438E-03  8.108892E-03  3.570509E+01
     9.6500   -7.841981E-03  8.045408E-03  3.590296E+01
     9.7000   -7.987913E-03  7.990350E-03  3.610361E+01
     9.7500   -7.810831E-03  7.937391E-03  3.630713E+01
     9.8000   -7.303871E-03  7.881014E-03  3.651340E+01
     9.8500   -6.478453E-03  7.816762E-03  3.672217E+01
     9.9000   -5.366624E-03  7.741288E-03  3.693313E+01
     9.9500   -4.020621E-03  7.652279E-03  3.714591E+01
    10.0000   -2.509879E-03  7.548296E-03  3.736015E+01
    10.0500   -9.213087E-04  7.458547E-03  3.757527E+01
    10.1000    6.767053E-04  7.355431E-03  3.779124E+01
    10.1500    2.199108E-03  7.238747E-03  3.800779E+01
    10.2000    3.566053E-03  7.108587E-03  3.822462E+01
    10.2500    4.708650E-03  6.965341E-03  3.844145E+01
    10.3000    5.573937E-03  6.809756E-03  3.865795E+01
    10.3500    6.128554E-03  6.642991E-03  3.887377E+01
    10.4000    6.360647E-03  6.466670E-03  3.908858E+01
    10.4500    6.279651E-03  6.282889E-03  3.930201E+01
    10.5000    5.913883E-03  6.094171E-03  3.951376E+01
    10.5500    5.306275E-03  5.903354E-03  3.972355E+01
    10.6000    4.508949E-03  5.713416E-03  3.993122E+01
    10.6500    3.577556E-03  5.527253E-03  4.013672E+01
    10.7000    2.566360E-03  5.347442E-03  4.034014E+01
    10.7500    1.524763E-03  5.176014E-03  4.054169E+01
    10.8000    4.955788E-04  5.014288E-03  4.074171E+01
    10.8500   -4.851275E-04  4.862784E-03  4.094063E+01
    10.9000   -1.387168E-03  4.721253E-03  4.113892E+01
    10.9500   -2.185065E-03  4.588801E-03  4.133700E+01
    11.0000   -2.857206E-03  4.464087E-03  4.153526E+01
    11.0500   -3.418002E-03  4.381688E-03  4.173547E+01
    11.1000   -3.827782E-03  4.304886E-03  4.193624E+01
    11.1500   -4.074662E-03  4.232303E-03  4.213771E+01
    11.2000   -4.152050E-03  4.162694E-03  4.233997E+01
    11.2500   -4.059667E-03  4.095044E-03  4.254304E+01
    11.3000   -3.804141E-03  4.028599E-03  4.274689E+01
    11.3500   -3.399014E-03  3.962842E-03  4.295148E+01
    11.4000   -2.864152E-03  3.897411E-03  4.315680E+01
    11.4500   -2.224758E-03  3.832009E-03  4.336287E+01
    11.5000   -1.510197E-03  3.766306E-03  4.356972E+01
    11.5500   -7.528028E-04  3.699870E-03  4.377740E+01
    11.6000    1.329975E-05  3.632142E-03  4.398596E+01
    11.6500    7.534461E-04  3.562452E-03  4.419540E+01
    11.7000    1.433899E-03  3.490085E-03  4.440568E+01
    11.7500    2.023616E-03  3.414368E-03  4.461667E+01
    11.8000    2.496268E-03  3.334779E-03  4.482818E+01
    11.8500    2.832271E-03  3.251039E-03  4.503992E+01
    11.9000    3.020460E-03  3.163179E-03  4.525156E+01
    11.9500    3.059043E-03  3.071575E-03  4.546273E+01
    12.0000    2.955533E-03  2.976933E-03  4.567307E+01
    12.0500    2.754987E-03  2.914854E-03  4.588582E+01
    12.1000    2.439801E-03  2.851554E-03  4.609717E+01
    12.1500    2.032781E-03  2.788235E-03  4.630695E+01
    12.2000    1.559030E-03  2.726128E-03  4.651509E+01
    12.2500    1.043769E-03  2.666373E-03  4.672168E+01
    12.3000    5.107638E-04  2.609908E-03  4.692692E+01
    12.3500   -1.851402E-05  2.557384E-03  4.713113E+01
    12.4000   -5.250577E-04  2.509113E-03  4.733471E+01
    12.4500   -9.920642E-04  2.465069E-03  4.753808E+01
    12.5000   -1.404559E-03  2.424926E-03  4.774166E+01
    12.5500   -1.749184E-03  2.388131E-03  4.794580E+01
    12.6000   -2.014311E-03  2.353988E-03  4.815079E+01
    12.6500   -2.190493E-03  2.321747E-03  4.835683E+01
    12.7000   -2.271152E-03  2.290680E-03  4.856402E+01
    12.7500   -2.253307E-03  2.260127E-03  4.877240E+01
    12.8000   -2.138170E-03  2.229530E-03  4.898195E+01
    12.8500   -1.931466E-03  2.198432E-03  4.919263E+01
    12.9000   -1.643406E-03  2.166472E-03  4.940438E+01
    12.9500   -1.288318E-03  2.133362E-03  4.961711E+01
    13.0000   -8.839812E-04  2.098874E-03  4.983075E+01
    13.0500   -4.577106E-04  2.075437E-03  5.004312E+01
    13.1000   -1.887128E-05  2.051227E-03  5.025628E+01
    13.1500    4.121125E-04  2.025988E-03  5.047033E+01
    13.2000    8.148929E-04  1.999336E-03  5.068529E+01
    13.2500    1.170074E-03  1.970816E-03  5.090113E+01
    13.3000    1.460337E-03  1.939978E-03  5.111773E+01
    13.3500    1.671761E-03  1.906470E-03  5.133483E+01
    13.4000    1.795121E-03  1.870120E-03  5.155211E+01
    13.4500    1.826871E-03  1.830991E-03  5.176918E+01
    13.5000    1.769495E-03  1.789409E-03  5.198561E+01
    13.5500    1.631095E-03  1.745948E-03  5.220102E+01
    13.6000    1.424231E-03  1.701369E-03  5.241510E+01
    13.6500    1.164280E-03  1.656534E-03  5.262769E+01
    13.7000    8.676946E-04  1.612289E-03  5.283880E+01
    13.7500    5.505611E-04  1.569341E-03  5.304863E+01
    13.8000    2.277085E-04  1.528158E-03  5.325751E+01
    13.8500   -8.756505E-05  1.488900E-03  5.346592E+01
    13.9000   -3.833235E-04  1.451404E-03  5.367435E+01
    13.9500   -6.486930E-04  1.415231E-03  5.388323E+01
    14.0000   -8.737568E-04  1.379759E-03  5.409284E+01
    14.0500   -1.061256E-03  1.358147E-03  5.430398E+01
    14.1000   -1.196577E-03  1.337099E-03  5.451529E+01
    14.1500   -1.275227E-03  1.316476E-03  5.472688E+01
    14.2000   -1.295123E-03  1.296111E-03  5.493882E+01
    14.2500   -1.256724E-03  1.275826E-03  5.515114E+01
    14.3000   -1.163092E-03  1.255448E-03  5.536384E+01
    14.3500   -1.019842E-03  1.234827E-03  5.557687E+01
    14.4000   -8.349245E-04  1.213849E-03  5.579017E+01
    14.4500   -6.182327E-04  1.192444E-03  5.600362E+01
    14.5000   -3.810444E-04  1.170591E-03  5.621711E+01
    14.5500   -1.353457E-04  1.148314E-03  5.643053E+01
    14.6000    1.068856E-04  1.125668E-03  5.664376E+01
    14.6500    3.343630E-04  1.102734E-03  5.685673E+01
    14.7000    5.370774E-04  1.079600E-03  5.706936E+01
    14.7500    7.067521E-04  1.056357E-03  5.728159E+01
    14.8000    8.371547E-04  1.033090E-03  5.749340E+01
    14.8500    9.242722E-04  1.009878E-03  5.770475E+01
    14.9000    9.663632E-04  9.867949E-04  5.791562E+01
    14.9500    9.638942E-04  9.639146E-04  5.812598E+01
    15.0000    9.193678E-04  9.413150E-04  5.833583E+01
    15.0500    8.432001E-04  9.240318E-04  5.854085E+01
    15.1000    7.355210E-04  9.074344E-04  5.874517E+01
    15.1500    6.021108E-04  8.916435E-04  5.894891E+01
    15.2000    4.492642E-04  8.767507E-04  5.915226E+01
    15.2500    2.835185E-04  8.628039E-04  5.935544E+01
    15.3000    1.114672E-04  8.497944E-04  5.955871E+01
    15.3500   -6.034259E-05  8.376481E-04  5.976236E+01
    15.4000   -2.254658E-04  8.262253E-04  5.996665E+01
    15.4500   -3.776220E-04  8.153301E-04  6.017181E+01
    15.5000   -5.108256E-04  8.047293E-04  6.037798E+01
    15.5500   -6.196147E-04  7.941761E-04  6.058524E+01
    15.6000   -6.993749E-04  7.834366E-04  6.079356E+01
    15.6500   -7.467085E-04  7.723118E-04  6.100285E+01
    15.7000   -7.597733E-04  7.606543E-04  6.121292E+01
    15.7500   -7.385131E-04  7.483757E-04  6.142358E+01
    15.8000   -6.847251E-04  7.354456E-04  6.163462E+01
    15.8500   -6.019462E-04  7.218842E-04  6.184580E+01
    15.9000   -4.951796E-04  7.077500E-04  6.205694E+01
    15.9500   -3.705115E-04  6.931270E-04  6.226788E+01
    16.0000   -2.346735E-04  6.781123E-04  6.247848E+01
    16.0500   -9.707502E-05  6.657100E-04  6.268551E+01
    16.1000    3.927226E-05  6.529555E-04  6.289203E+01
    16.1500    1.682726E-04  6.399657E-04  6.309792E+01
    16.2000    2.845841E-04  6.268688E-04  6.330308E+01
    16.2500    3.838487E-04  6.137966E-04  6.350746E+01
    16.3000    4.628162E-04  6.008754E-04  6.371106E+01
    16.3500    5.193671E-04  5.882175E-04  6.391396E+01
    16.4000    5.524563E-04  5.759122E-04  6.411627E+01
    16.4500    5.620070E-04  5.640205E-04  6.431813E+01
    16.5000    5.487879E-04  5.525711E-04  6.451973E+01
    16.5500    5.142984E-04  5.415597E-04  6.472129E+01
    16.6000    4.606765E-04  5.309520E-04  6.492300E+01
    16.6500    3.906280E-04  5.206883E-04  6.512506E+01
    16.7000    3.073657E-04  5.106906E-04  6.532761E+01
    16.7500    2.145430E-04  5.008701E-04  6.553079E+01
    16.8000    1.161618E-04  4.911343E-04  6.573467E+01
    16.8500    1.644592E-05  4.813944E-04  6.593928E+01
    16.9000   -8.032450E-05  4.715704E-04  6.614461E+01
    16.9500   -1.700115E-04  4.615955E-04  6.635064E+01
    17.0000   -2.488343E-04  4.514192E-04  6.655728E+01
    17.0500   -3.170613E-04  4.439279E-04  6.676895E+01
    17.1000   -3.688285E-04  4.361764E-04  6.698112E+01
    17.1500   -4.021079E-04  4.281466E-04  6.719369E+01
    17.2000   -4.158593E-04  4.198339E-04  6.740653E+01
    17.2500   -4.100802E-04  4.112455E-04  6.761954E+01
    17.3000   -3.857839E-04  4.023992E-04  6.783261E+01
    17.3500   -3.449081E-04  3.933205E-04  6.804564E+01
    17.4000   -2.901653E-04  3.840416E-04  6.825853E+01
    17.4500   -2.248497E-04  3.745979E-04  6.847123E+01
    17.5000   -1.526194E-04  3.650268E-04  6.868368E+01
    17.5500   -7.727351E-05  3.553645E-04  6.889584E+01
    17.6000   -2.539396E-06  3.456449E-04  6.910769E+01
    17.6500    6.811481E-05  3.358974E-04  6.931924E+01
    17.7000    1.316354E-04  3.261459E-04  6.953050E+01
    17.7500    1.855016E-04  3.164085E-04  6.974149E+01
    17.8000    2.278074E-04  3.066969E-04  6.995225E+01
    17.8500    2.573092E-04  2.970176E-04  7.016280E+01
    17.9000    2.734418E-04  2.873724E-04  7.037319E+01
    17.9500    2.763052E-04  2.777603E-04  7.058343E+01
    18.0000    2.666247E-04  2.681786E-04  7.079354E+01
    18.0500    2.490364E-04  2.619633E-04  7.100130E+01
    18.1000    2.215805E-04  2.557623E-04  7.120878E+01
    18.1500    1.859615E-04  2.495818E-04  7.141596E+01
    18.2000    1.441660E-04  2.434302E-04  7.162281E+01
    18.2500    9.835055E-05  2.373175E-04  7.182932E+01
    18.3000    5.072769E-05  2.312545E-04  7.203547E+01
    18.3500    3.457793E-06  2.252509E-04  7.224128E+01
    18.4000   -4.144581E-05  2.193151E-04  7.244675E+01
    18.4500   -8.219527E-05  2.134527E-04  7.265192E+01
    18.5000   -1.172888E-04  2.076664E-04  7.285681E+01
    18.5500   -1.455538E-04  2.019559E-04  7.306147E+01
    18.6000   -1.661749E-04  1.963183E-04  7.326593E+01
    18.6500   -1.787071E-04  1.907492E-04  7.347020E+01
    18.7000   -1.830758E-04  1.852432E-04  7.367431E+01
    18.7500   -1.795636E-04  1.797958E-04  7.387825E+01
    18.8000   -1.687814E-04  1.744033E-04  7.408202E+01
    18.8500   -1.516261E-04  1.690642E-04  7.428562E+01
    18.9000   -1.292251E-04  1.637788E-04  7.448901E+01
    18.9500   -1.028700E-04  1.585495E-04  7.469219E+01
    19.0000   -7.394517E-05  1.533796E-04  7.489517E+01
    19.0500   -4.478112E-05  1.501296E-04  7.509533E+01
    19.1000   -1.505729E-05  1.469635E-04  7.529559E+01
    19.1500    1.404955E-05  1.438740E-04  7.549603E+01
    19.2000    4.142661E-05  1.408515E-04  7.569675E+01
    19.2500    6.605880E-05  1.378840E-04  7.589784E+01
    19.3000    8.706036E-05  1.349578E-04  7.609937E+01
    19.3500    1.037047E-04  1.320583E-04  7.630140E+01
    19.4000    1.154520E-04  1.291706E-04  7.650396E+01
    19.4500    1.219730E-04  1.262804E-04  7.670708E+01
    19.5000    1.231657E-04  1.233750E-04  7.691076E+01
    19.5500    1.191631E-04  1.204437E-04  7.711497E+01
    19.6000    1.103288E-04  1.174783E-04  7.731969E+01
    19.6500    9.723883E-05  1.144729E-04  7.752488E+01
    19.7000    8.065132E-05  1.114238E-04  7.773049E+01
    19.7500    6.146495E-05  1.083294E-04  7.793648E+01
    19.8000    4.066979E-05  1.051890E-04  7.814284E+01
    19.8500    1.929420E-05  1.020029E-04  7.834952E+01
    19.9000   -1.648486E-06  9.877156E-05  7.855651E+01
    19.9500   -2.121045E-05  9.549532E-05  7.876379E+01
    20.0000   -3.855461E-05  9.217432E-05  7.897137E+01
