# # Once                                                         FEFF 10.0.0 
# # POT  SCF 100  9.0000   0, NO core-hole, FOLP (folp(0)= 1.150)
# # Abs   Z=30 Rmt= 1.377 Rnm= 1.522 K  shell
# #   RGRID 0.0100
# # Pot 1 Z= 6 Rmt= 0.896 Rnm= 1.121
# # Pot 2 Z= 6 Rmt= 0.924 Rnm= 1.164
# # Pot 3 Z= 1 Rmt= 0.551 Rnm= 0.954
# # Pot 4 Z=16 Rmt= 1.260 Rnm= 1.481
# # Gam_ch=1.897E+00 H-L exch Vi=-5.000E-01 Vr= 0.000E+00
# # Mu=-7.298E+00eV kf=1.977E+00 Vint=-1.300E+01eV Rs_int= 1.834
# # PATH  Rmax= 9.000,  Keep_limit= 0.00, Heap_limit 0.00  Pwcrit= 2.50%
#  S02=1.000  Temp=  10.00  Debye_temp= 315.00  Global_sig2= 0.00000
#  Energy zero shift, vr, vi    0.00000E+00   0.00000E+00
#  Curved wave amplitude ratio filter   4.000%
#     file         sig2 tot  cw amp ratio   deg  nlegs   reff  inp sig2
#           1       0.00294    100.00      1.00     2   2.3514
#           2       0.00306     98.64      1.00     2   2.3647
#           3       0.00312     98.55      1.00     2   2.3656
#           4       0.00306     97.89      1.00     2   2.3721
#           5       0.02213     13.59      1.00     2   3.1139
#           6       0.02751     13.08      1.00     2   3.1633
#           7       0.00558     46.81      1.00     2   3.1661
#           8       0.02402     25.85      2.00     2   3.1791
#           9       0.03022     12.92      1.00     2   3.1800
#          10       0.00620     42.68      1.00     2   3.2854
#          11       0.00579     41.47      1.00     2   3.3234
#          12       0.00591     41.28      1.00     2   3.3294
#          13       0.03329     11.52      1.00     2   3.3320
#          14       0.03322      9.41      1.00     2   3.6184
#          15       0.00396     50.49      2.00     3   3.6775
#          16       0.01194     13.45      2.00     3   3.7189
#          17       0.01182     13.43      2.00     3   3.7196
#          18       0.02424      8.72      1.00     2   3.7306
#          19       0.00427     49.18      2.00     3   3.7378
#          20       0.00409     49.27      2.00     3   3.7509
#          21       0.00418     48.21      2.00     3   3.7655
#          22       0.01115     16.89      2.00     3   3.7674
#          23       0.01460     14.44      2.00     3   3.7792
#          24       0.01327     15.35      2.00     3   3.7897
#          25       0.00959     28.84      1.00     2   3.8387
#          26       0.01469      9.05      2.00     3   3.9483
#          27       0.01629      9.11      2.00     3   3.9604
#          28       0.01476      8.99      2.00     3   3.9734
#          29       0.01707      9.00      2.00     3   3.9736
#          30       0.01456      8.96      2.00     3   3.9760
#          31       0.00978     25.51      1.00     2   4.0276
#          32       0.01872      5.10      2.00     3   4.0569
#          33       0.01326     12.88      2.00     3   4.0765
#          34       0.01742     18.41      2.00     3   4.1315
#          35       0.00441     17.12      1.00     4   4.1785
#          36       0.00451     20.73      1.00     4   4.1889
#          37       0.00454     18.12      1.00     4   4.1902
#          38       0.00453     16.82      1.00     4   4.2015
#          40       0.01863     10.74      1.00     4   4.2054
#          42       0.01376      6.37      1.00     2   4.2301
#          46       0.01294      6.32      1.00     2   4.2451
#          47       0.00425     11.16      2.00     3   4.2552
#          48       0.02396     10.22      1.00     4   4.2561
#          49       0.00413     11.63      2.00     3   4.2569
#          50       0.01471      7.96      2.00     3   4.2584
#          51       0.01807      9.84      1.00     4   4.2717
#          52       0.01661      6.59      2.00     4   4.2724
#          53       0.01778      9.81      1.00     4   4.2731
#          54       0.02729     10.00      1.00     4   4.2730
#          55       0.00433     11.86      2.00     3   4.2821
#          56       0.01896      4.56      2.00     3   4.2998
#          57       0.00429     11.89      2.00     3   4.3027
#          58       0.01131     27.39      2.00     3   4.3120
#          59       0.00620     23.40      2.00     3   4.3200
#          60       0.01120     25.23      2.00     3   4.3234
#          61       0.00450     13.12      2.00     3   4.3257
#          62       0.00437     12.83      2.00     3   4.3328
#          64       0.01775     13.61      2.00     3   4.3683
#          65       0.01134     32.86      1.00     4   4.3788
#          66       0.02894      5.79      1.00     2   4.3947
#          67       0.01087     27.74      1.00     4   4.4166
#          68       0.01039      5.19      1.00     4   4.4225
#          69       0.03199      9.53      1.00     4   4.4243
#          70       0.00582     21.44      2.00     3   4.4341
#          71       0.01211     11.61      2.00     3   4.4853
#          72       0.01195     11.46      2.00     3   4.5015
#          73       0.00576     18.31      2.00     3   4.5047
#          74       0.01092      8.83      2.00     4   4.5126
#          75       0.01783      5.86      2.00     4   4.5145
#          76       0.00961     27.28      2.00     4   4.5683
#          77       0.03134      5.24      1.00     2   4.5688
#          78       0.01783      4.09      2.00     3   4.5759
#          79       0.00941     25.36      2.00     4   4.5786
#          80       0.01357      6.47      2.00     3   4.5847
#          81       0.01801      4.05      2.00     3   4.5919
#          82       0.00563     18.45      2.00     3   4.5963
#          83       0.00954      5.69      2.00     4   4.6043
#          84       0.01148      8.70      2.00     4   4.6128
#          85       0.00535     17.85      1.00     2   4.6199
#          87       0.00552     68.32      2.00     3   4.6499
#          88       0.00632     17.47      1.00     2   4.6575
#          89       0.01754      9.72      2.00     4   4.6588
#          90       0.01709     12.28      2.00     3   4.6634
#          91       0.01661      9.02      2.00     4   4.6691
#          92       0.01202      6.84      2.00     3   4.6713
#          93       0.00603     76.15      1.00     4   4.6799
#          94       0.00731      6.38      2.00     3   4.6864
#          95       0.00589     12.10      1.00     4   4.7028
#          96       0.02077      4.85      1.00     2   4.7088
#          97       0.03092      7.73      1.00     4   4.7090
#          99       0.00474      6.23      2.00     4   4.7170
#         100       0.00482      4.27      2.00     4   4.7235
#         101       0.00613     11.77      1.00     4   4.7295
#         102       0.00475      5.92      2.00     4   4.7303
#         103       0.00624     11.75      1.00     4   4.7311
#         104       0.00464      4.49      2.00     4   4.7369
#         106       0.01399      5.79      1.00     4   4.7406
#         107       0.00612     11.59      1.00     4   4.7443
#         109       0.00964     19.36      2.00     4   4.7509
#         110       0.00569     48.76      2.00     3   4.7524
#         111       0.02728      4.74      1.00     2   4.7535
#         112       0.01413      5.70      1.00     4   4.7578
#         113       0.00966     19.76      2.00     4   4.7643
#         116       0.00507     10.21      2.00     4   4.7724
#         117       0.01128      8.94      2.00     4   4.7748
#         118       0.01968      5.14      2.00     4   4.7897
#         119       0.00655      4.91      1.00     4   4.8013
#         120       0.02048      5.07      2.00     4   4.8058
#         121       0.01503     11.57      2.00     5   4.8119
#         124       0.01304      7.09      2.00     4   4.8138
#         125       0.01484     11.52      2.00     5   4.8136
#         126       0.01541     18.04      2.00     3   4.8216
#         127       0.01769      6.36      1.00     4   4.8236
#         129       0.00941     51.90      2.00     5   4.8312
#         130       0.00721      5.42      2.00     3   4.8342
#         131       0.00633      5.29      1.00     4   4.8405
#         132       0.00920     46.83      2.00     5   4.8442
#         133       0.01855     10.91      2.00     3   4.8447
#         134       0.00637     49.81      1.00     4   4.8472
#         136       0.00943      7.24      2.00     5   4.8585
#         137       0.01535      5.97      2.00     5   4.8605
#         138       0.00511      8.26      2.00     4   4.8616
#         139       0.02046     13.86      2.00     5   4.8726
#         140       0.01910     13.01      2.00     5   4.8830
#         141       0.00475     26.24      2.00     3   4.8831
#         142       0.02332      5.18      2.00     3   4.8943
#         143       0.01203      7.69      2.00     4   4.9004
#         144       0.01884      4.37      1.00     2   4.9040
#         146       0.00508     26.84      2.00     3   4.9088
#         147       0.00447     55.38      2.00     4   4.9131
#         148       0.01568      5.28      2.00     3   4.9202
#         149       0.01335      7.26      1.00     4   4.9320
#         150       0.01306     18.60      1.00     4   4.9343
#         151       0.02428      4.93      2.00     4   4.9562
#         152       0.00905      8.51      2.00     3   4.9615
#         153       0.02432      5.89      2.00     3   4.9672
#         154       0.00866      7.92      2.00     3   4.9746
#         155       0.00871      7.90      2.00     3   4.9754
#         157       0.00517     10.04      2.00     4   4.9860
#         158       0.00641      8.82      1.00     4   4.9902
#         159       0.02057      4.17      1.00     2   4.9966
#         160       0.02055      4.16      1.00     2   4.9978
#         161       0.00493      8.80      2.00     4   5.0027
#         162       0.00471     43.73      2.00     4   5.0036
#         163       0.00938     20.34      2.00     4   5.0046
#         164       0.00947     20.34      2.00     4   5.0054
#         165       0.00950     21.41      2.00     5   5.0061
#         166       0.01420     16.41      2.00     3   5.0135
#         167       0.02233      4.37      2.00     4   5.0138
#         169       0.02086      7.17      2.00     4   5.0204
#         170       0.00967     21.97      2.00     5   5.0207
#         173       0.01621      5.68      2.00     3   5.0281
#         177       0.00729      4.89      2.00     3   5.0432
#         178       0.01532      4.96      2.00     5   5.0450
#         179       0.00944     16.95      2.00     4   5.0563
#         180       0.01622      4.89      2.00     5   5.0621
#         181       0.02250      6.88      2.00     3   5.0647
#         182       0.01081      8.96      2.00     5   5.0652
#         183       0.01696      6.16      2.00     4   5.0660
#         184       0.01496      7.47      2.00     4   5.0778
#         185       0.01431      6.56      2.00     3   5.0797
#         187       0.00715      8.74      1.00     4   5.1101
#         188       0.00739      4.83      2.00     3   5.1125
#         189       0.02497      4.75      2.00     4   5.1144
#         190       0.01600      6.34      1.00     4   5.1206
#         191       0.01749      6.45      2.00     3   5.1229
#         192       0.01244     17.05      1.00     4   5.1230
#         193       0.01327      8.91      2.00     4   5.1447
#         195       0.00538     11.87      1.00     4   5.1464
#         196       0.00657      8.81      1.00     4   5.1505
#         197       0.00636      8.60      1.00     4   5.1588
#         198       0.00545     12.82      1.00     4   5.1601
#         199       0.00467     40.84      2.00     4   5.1613
#         200       0.01625      9.33      2.00     3   5.1626
#         201       0.01622      9.31      2.00     3   5.1625
#         202       0.01226      6.59      2.00     4   5.1630
#         204       0.01820     11.70      2.00     5   5.1696
#         206       0.00581      4.74      1.00     4   5.1707
#         207       0.02110      9.60      2.00     3   5.1758
#         208       0.02103      9.54      2.00     3   5.1766
#         209       0.01171      6.72      2.00     4   5.1839
#         210       0.02612      4.29      2.00     4   5.1854
#         211       0.00488     35.67      2.00     4   5.1884
#         212       0.01158      6.37      2.00     4   5.1889
#         213       0.01208     10.90      2.00     4   5.1904
#         214       0.00482     99.30      2.00     5   5.1913
#         215       0.01158     13.79      2.00     4   5.1924
#         216       0.01400      7.22      2.00     3   5.1949
#         217       0.01248     11.63      2.00     4   5.2027
#         218       0.01114      9.23      2.00     5   5.2023
#         219       0.01240     11.54      2.00     4   5.2034
#         220       0.06304     14.13      2.00     5   5.2238
#         221       0.02077      7.06      2.00     5   5.2249
#         222       0.02074     11.20      2.00     5   5.2271
#         224       0.01301     30.57      2.00     5   5.2327
#         225       0.01292     30.32      2.00     5   5.2334
#         227       0.01238      7.42      2.00     4   5.2430
#         228       0.01336      8.82      2.00     4   5.2512
#         229       0.01398      4.36      2.00     3   5.2521
#         231       0.00576      9.17      2.00     5   5.2537
#         232       0.02122      6.20      2.00     4   5.2558
#         234       0.02179     11.98      2.00     3   5.2639
#         235       0.00562     12.89      2.00     5   5.2681
#         236       0.00868      4.73      2.00     3   5.2698
#         237       0.00924      5.58      1.00     6   5.2713
#         238       0.00967     21.74      1.00     6   5.2717
#         239       0.00669      6.47      2.00     3   5.2803
#         241       0.00513     78.39      2.00     5   5.2833
#         244       0.00991     23.16      1.00     6   5.2836
#         245       0.01226     24.61      2.00     5   5.2852
#         246       0.01974      5.27      2.00     4   5.2862
#         247       0.01949      5.26      2.00     4   5.2887
#         248       0.00930      6.45      1.00     6   5.2930
#         249       0.01365      8.02      2.00     5   5.2951
#         252       0.01141      5.55      2.00     4   5.2968
#         253       0.01534      5.28      2.00     6   5.2965
#         254       0.01731      4.55      2.00     4   5.2985
#         255       0.01290     12.55      2.00     4   5.3029
#         256       0.01118      6.73      2.00     4   5.3039
#         257       0.01116     15.24      2.00     4   5.3044
#         258       0.01262     10.24      2.00     5   5.3069
#         260       0.01831      9.89      2.00     6   5.3105
#         262       0.01532     11.58      2.00     3   5.3199
#         267       0.01930     10.05      2.00     6   5.3250
#         269       0.01461     10.13      1.00     4   5.3271
#         270       0.01480      6.13      1.00     4   5.3274
#         271       0.01479      6.10      1.00     4   5.3283
#         272       0.01580      8.54      2.00     3   5.3329
#         273       0.01591     11.20      2.00     4   5.3406
#         274       0.01994      5.52      2.00     4   5.3417
#         275       0.01585     11.11      2.00     4   5.3425
#         276       0.02348      5.37      2.00     4   5.3458
#         277       0.01166     11.82      2.00     4   5.3469
#         278       0.01120     11.22      2.00     4   5.3465
#         279       0.01610      6.73      2.00     5   5.3514
#         280       0.02406      6.47      1.00     4   5.3539
#         281       0.02344      4.03      2.00     4   5.3542
#         282       0.01126      6.36      2.00     3   5.3548
#         283       0.01127      6.37      2.00     3   5.3555
#         284       0.02423     10.34      1.00     4   5.3567
#         285       0.02394      6.39      1.00     4   5.3567
#         286       0.02222      5.46      2.00     4   5.3599
#         287       0.00616     13.39      2.00     3   5.3645
#         288       0.01130     14.40      2.00     4   5.3647
#         290       0.02016      6.79      2.00     6   5.3654
#         291       0.02016      6.77      2.00     6   5.3663
#         293       0.01117     13.78      2.00     4   5.3849
#         294       0.01120     13.74      2.00     4   5.3855
#         296       0.01588      4.51      2.00     4   5.3915
#         297       0.02322      4.59      2.00     3   5.3924
#         298       0.02815      4.37      2.00     3   5.3954
#         299       0.02275     22.87      2.00     5   5.4053
#         300       0.02263      5.54      2.00     3   5.4095
#         301       0.01394      4.00      2.00     4   5.4099
#         304       0.01063      7.80      2.00     5   5.4123
#         305       0.01175     31.80      2.00     5   5.4133
#         306       0.01155     11.89      2.00     5   5.4133
#         309       0.01079     29.14      2.00     5   5.4156
#         310       0.02154     21.25      2.00     5   5.4166
#         311       0.01225     12.51      2.00     4   5.4200
#         313       0.00485     38.33      2.00     5   5.4245
#         314       0.01621     13.39      2.00     4   5.4256
#         317       0.01612      5.32      2.00     4   5.4340
#         318       0.01088     10.33      2.00     4   5.4340
#         319       0.00498      6.58      2.00     5   5.4383
#         320       0.00488     37.81      2.00     5   5.4397
#         321       0.00977      6.93      2.00     5   5.4416
#         322       0.00648      9.49      2.00     3   5.4439
#         324       0.01515     10.01      2.00     3   5.4518
#         325       0.01161      7.72      2.00     3   5.4609
#         326       0.02393      5.95      2.00     5   5.4613
#         327       0.00643     11.11      2.00     3   5.4620
#         328       0.02321      5.22      2.00     3   5.4634
#         329       0.01994      9.53      2.00     5   5.4637
#         330       0.02294      6.93      2.00     4   5.4653
#         331       0.01080      7.63      2.00     5   5.4659
#         332       0.01075      7.48      2.00     5   5.4666
#         333       0.01159      4.43      2.00     5   5.4691
#         334       0.02026      8.20      2.00     6   5.4718
#         335       0.02328     31.88      1.00     6   5.4722
#         336       0.01637     11.30      2.00     5   5.4767
#         338       0.02249     10.18      2.00     5   5.4826
#         341       0.01166      8.45      2.00     4   5.4875
#         344       0.00771     11.14      2.00     5   5.4924
#         345       0.01481      8.08      1.00     4   5.4934
#         346       0.00643     11.21      2.00     3   5.4944
#         347       0.01518      5.57      1.00     4   5.4946
#         349       0.01834      4.83      2.00     5   5.4943
#         352       0.01239      9.27      2.00     4   5.4995
#         353       0.00755     17.42      2.00     5   5.5016
#         355       0.01224      5.84      2.00     5   5.5053
#         358       0.01966      8.12      2.00     6   5.5094
#         359       0.02226     27.15      1.00     6   5.5098
#         360       0.01080      9.94      2.00     3   5.5137
#         361       0.02081      4.78      1.00     6   5.5155
#         362       0.00649     13.48      2.00     4   5.5175
#         363       0.01373      4.68      2.00     5   5.5184
#         364       0.01071      7.86      2.00     4   5.5203
#         365       0.01070      7.83      2.00     4   5.5207
#         366       0.01060     17.73      2.00     4   5.5210
#         367       0.01040      6.78      2.00     5   5.5246
#         368       0.01111     27.01      2.00     5   5.5273
#         369       0.01180     11.69      2.00     5   5.5270
#         371       0.01052     29.25      2.00     5   5.5295
#         372       0.02477      6.35      2.00     4   5.5305
#         373       0.02536      4.91      2.00     4   5.5301
#         374       0.00862      7.54      2.00     4   5.5308
#         375       0.01272      5.70      2.00     4   5.5320
#         376       0.01160      8.09      2.00     4   5.5335
#         377       0.01157      8.02      2.00     4   5.5349
#         379       0.01036      6.02      2.00     4   5.5374
#         380       0.01081      7.70      2.00     5   5.5430
#         381       0.01137     15.31      2.00     4   5.5437
#         382       0.01075      7.76      2.00     5   5.5437
#         383       0.02081      4.36      2.00     5   5.5441
#         385       0.00731     12.76      1.00     4   5.5447
#         386       0.01174     10.75      2.00     5   5.5451
#         387       0.01174     10.76      2.00     5   5.5456
#         389       0.01098     20.92      2.00     5   5.5507
#         390       0.01097     20.91      2.00     5   5.5503
#         391       0.02053      4.82      2.00     4   5.5508
#         393       0.01103     29.33      2.00     5   5.5510
#         394       0.03109      4.50      2.00     4   5.5521
#         396       0.01182     12.97      2.00     4   5.5537
#         397       0.01144     11.78      2.00     4   5.5558
#         398       0.01964      4.56      2.00     5   5.5582
#         399       0.01937      4.55      2.00     5   5.5581
#         400       0.02317      4.24      2.00     5   5.5598
#         401       0.00792     18.05      2.00     5   5.5625
#         403       0.01116     16.94      2.00     5   5.5635
#         404       0.01113     16.92      2.00     5   5.5649
#         405       0.00514     13.25      2.00     4   5.5697
#         406       0.00785     18.68      2.00     5   5.5780
#         407       0.01770      9.62      2.00     5   5.5786
#         408       0.01150     10.46      2.00     3   5.5813
#         409       0.01109      8.51      2.00     4   5.5822
#         410       0.01355     23.42      2.00     5   5.5943
#         411       0.01804      9.47      2.00     5   5.5948
#         412       0.00792     18.04      2.00     5   5.5948
#         413       0.00954      8.54      2.00     5   5.5968
#         415       0.01248      5.11      2.00     4   5.5983
#         417       0.01063     18.42      2.00     5   5.6003
#         418       0.01074     12.02      2.00     5   5.6028
#         419       0.01281      8.02      2.00     5   5.6039
#         421       0.01647      8.47      2.00     6   5.6056
#         422       0.05039      6.04      2.00     6   5.6060
#         423       0.02326      5.99      2.00     6   5.6076
#         424       0.01185      6.39      2.00     4   5.6100
#         425       0.01172      8.30      2.00     5   5.6168
#         426       0.01122      6.63      2.00     4   5.6181
#         427       0.01123      6.66      2.00     4   5.6188
#         429       0.01089      9.68      2.00     4   5.6227
#         430       0.01272      6.10      2.00     4   5.6224
#         431       0.01078     17.02      2.00     4   5.6229
#         432       0.01020      6.20      2.00     4   5.6269
#         433       0.00528     13.24      2.00     4   5.6274
#         434       0.01965      4.00      2.00     4   5.6329
#         435       0.01631      9.69      2.00     5   5.6375
#         436       0.01911      7.51      2.00     5   5.6385
#         437       0.01622      7.21      2.00     5   5.6393
#         438       0.01052      4.88      2.00     5   5.6413
#         439       0.02172      8.68      2.00     5   5.6446
#         440       0.01204      4.37      2.00     5   5.6443
#         442       0.01029     11.38      2.00     5   5.6448
#         445       0.03332      4.78      2.00     3   5.6471
#         446       0.01370     12.42      2.00     5   5.6474
#         447       0.01147     17.62      2.00     5   5.6485
#         448       0.01171      5.31      2.00     5   5.6495
#         449       0.00983      7.14      2.00     4   5.6510
#         450       0.02035      4.25      2.00     4   5.6517
#         451       0.00711     10.32      2.00     4   5.6576
#         452       0.01132     11.65      2.00     5   5.6581
#         453       0.01855     25.99      2.00     6   5.6616
#         454       0.01428     14.44      2.00     5   5.6652
#         456       0.01527      6.12      2.00     6   5.6662
#         457       0.01144      5.22      2.00     5   5.6702
#         459       0.01843     24.23      2.00     6   5.6718
#         460       0.01094     11.35      2.00     5   5.6737
#         461       0.00923      7.13      2.00     4   5.6748
#         462       0.00551     12.50      2.00     4   5.6754
#         463       0.01166     13.52      2.00     4   5.6761
#         464       0.01930      5.72      2.00     5   5.6781
#         466       0.00695     10.56      2.00     4   5.6808
#         468       0.00544      8.94      2.00     4   5.6816
#         469       0.01825      5.51      2.00     5   5.6827
#         473       0.01168      6.82      2.00     5   5.6893
#         474       0.01083     11.31      2.00     5   5.6893
#         475       0.01046     18.60      2.00     5   5.6917
#         478       0.00704      8.00      2.00     4   5.6955
#         479       0.00586      8.93      1.00     6   5.6956
#         480       0.01904      5.53      2.00     6   5.6974
#         481       0.00928      6.94      2.00     4   5.7016
#         482       0.00632     38.12      1.00     6   5.7026
#         483       0.01374     16.23      2.00     5   5.7033
#         484       0.03355      5.81      2.00     4   5.7042
#         485       0.01384      8.45      2.00     6   5.7051
#         486       0.01685     22.61      2.00     6   5.7062
#         487       0.00587      6.97      1.00     6   5.7060
#         488       0.01795      5.89      2.00     6   5.7062
#         490       0.01748      8.70      2.00     6   5.7084
#         491       0.01270      4.03      2.00     4   5.7104
#         492       0.01271      4.04      2.00     4   5.7102
#         493       0.01187     13.08      2.00     5   5.7106
#         494       0.01109      6.27      2.00     5   5.7104
#         496       0.01084     13.48      2.00     5   5.7109
#         497       0.01152      8.49      2.00     4   5.7122
#         500       0.00971      7.66      1.00     4   5.7148
#         503       0.01072     12.13      2.00     5   5.7163
#         505       0.01124     23.70      2.00     5   5.7178
#         506       0.01141     17.33      2.00     5   5.7175
#         507       0.01839      7.53      2.00     5   5.7175
#         508       0.00646     34.58      1.00     6   5.7193
#         509       0.01436     21.63      2.00     6   5.7212
#         510       0.01438      5.26      2.00     5   5.7225
#         513       0.01167      6.80      2.00     4   5.7240
#         514       0.01445      5.25      2.00     5   5.7235
#         515       0.01570      4.62      2.00     5   5.7306
#         516       0.01576      4.61      2.00     5   5.7312
#         517       0.01048      5.68      2.00     5   5.7315
#         518       0.02178      4.41      2.00     4   5.7321
#         519       0.01027     12.51      2.00     5   5.7319
#         520       0.01221     13.94      2.00     6   5.7344
#         522       0.01210     14.48      2.00     5   5.7431
#         523       0.01157     14.49      2.00     5   5.7432
#         524       0.01534      6.25      2.00     5   5.7429
#         525       0.01518      6.20      2.00     5   5.7438
#         526       0.01292     22.37      2.00     6   5.7440
#         527       0.00950     27.92      2.00     5   5.7448
#         528       0.01685     22.29      2.00     6   5.7448
#         529       0.01264     11.68      2.00     6   5.7474
#         531       0.01365      4.38      1.00     4   5.7507
#         532       0.01209      8.30      2.00     5   5.7507
#         533       0.07490      9.07      2.00     6   5.7518
#         534       0.01034      8.91      1.00     4   5.7524
#         535       0.02084      9.26      2.00     6   5.7521
#         536       0.01136     11.09      2.00     5   5.7552
#         537       0.02429     10.74      2.00     5   5.7567
#         538       0.02157      6.98      2.00     5   5.7590
#         539       0.06923      8.50      2.00     6   5.7619
#         540       0.02067      8.64      2.00     6   5.7623
#         541       0.01780      5.55      2.00     5   5.7643
#         542       0.01377      4.08      2.00     4   5.7649
#         544       0.01731      5.28      2.00     5   5.7703
#         547       0.01199      4.09      2.00     3   5.7723
#         548       0.01577     16.07      2.00     6   5.7729
#         549       0.01150     20.54      1.00     6   5.7732
#         550       0.01201     20.61      1.00     6   5.7731
#         552       0.01568     15.92      2.00     6   5.7738
#         553       0.01596      6.63      2.00     5   5.7747
#         554       0.00961     25.32      1.00     6   5.7748
#         555       0.00963     11.10      2.00     4   5.7770
#         556       0.01709      4.08      2.00     5   5.7767
#         557       0.01379      4.92      2.00     5   5.7783
#         558       0.01126      9.43      2.00     5   5.7830
#         559       0.00985      8.57      2.00     5   5.7835
#         560       0.00984      8.52      2.00     5   5.7840
#         561       0.00966     21.16      2.00     5   5.7843
#         564       0.02293      8.48      2.00     6   5.7862
#         568       0.01221      9.70      2.00     5   5.7968
#         570       0.01216      9.60      2.00     5   5.7981
#         572       0.00935     10.95      2.00     5   5.8007
#         573       0.01208     15.40      2.00     5   5.8050
#         576       0.01193      6.70      2.00     4   5.8140
#         578       0.01878      6.42      2.00     5   5.8195
#         579       0.01109     13.18      2.00     5   5.8278
#         581       0.01420      7.82      2.00     4   5.8313
#         582       0.01003     11.60      2.00     4   5.8325
#         583       0.01680      5.77      1.00     6   5.8338
#         584       0.01101     25.56      2.00     5   5.8358
#         585       0.01367     14.64      2.00     5   5.8385
#         586       0.01110     14.38      2.00     5   5.8405
#         589       0.01804     18.88      2.00     6   5.8441
#         590       0.01213      6.47      2.00     5   5.8455
#         591       0.01075      8.10      2.00     5   5.8454
#         592       0.01220     16.05      2.00     5   5.8456
#         593       0.00978     26.71      2.00     5   5.8473
#         594       0.01099     11.51      2.00     5   5.8475
#         595       0.01701      5.68      1.00     6   5.8511
#         596       0.01601      8.28      2.00     5   5.8520
#         597       0.01595      8.22      2.00     5   5.8539
#         599       0.01076      5.25      2.00     5   5.8547
#         600       0.01304      5.47      2.00     5   5.8577
#         602       0.01865     19.40      2.00     6   5.8577
#         604       0.01031      6.67      2.00     5   5.8584
#         605       0.01608     11.61      2.00     5   5.8617
#         606       0.02154      4.89      2.00     5   5.8636
#         608       0.01090      9.07      2.00     6   5.8647
#         609       0.01046      6.85      2.00     5   5.8652
#         611       0.01408      8.67      2.00     6   5.8653
#         613       0.01617     19.36      2.00     6   5.8680
#         614       0.01001     24.90      2.00     6   5.8680
#         615       0.01977      5.55      2.00     6   5.8677
#         616       0.01600      4.49      2.00     5   5.8701
#         617       0.01786      8.13      2.00     6   5.8702
#         618       0.01009      8.11      2.00     5   5.8731
#         620       0.00989     20.19      2.00     5   5.8742
#         621       0.01004     10.53      2.00     5   5.8740
#         622       0.01482      6.34      2.00     5   5.8750
#         623       0.01489      6.32      2.00     5   5.8763
#         624       0.00940      7.84      2.00     4   5.8769
#         625       0.02188      5.69      2.00     5   5.8811
#         626       0.02183      5.68      2.00     5   5.8809
#         627       0.01914      4.90      2.00     5   5.8823
#         628       0.05419      5.22      2.00     6   5.8825
#         629       0.03150      5.22      2.00     6   5.8829
#         630       0.01911      4.89      2.00     5   5.8836
#         632       0.01253     11.61      2.00     5   5.8854
#         635       0.01398      7.58      2.00     4   5.8878
#         636       0.01329      4.59      2.00     5   5.8882
#         637       0.01329      4.57      2.00     5   5.8904
#         638       0.00995      7.89      2.00     5   5.8925
#         639       0.01056      6.45      1.00     6   5.8936
#         640       0.01882      5.79      2.00     6   5.8931
#         641       0.02269      4.04      2.00     5   5.8941
#         642       0.01954     39.98      2.00     6   5.8946
#         643       0.01196      5.45      1.00     6   5.8946
#         644       0.02268      4.04      2.00     5   5.8953
#         645       0.01649      6.83      2.00     6   5.8957
#         646       0.01056      8.98      2.00     5   5.8962
#         647       0.01056      8.93      2.00     5   5.8969
#         648       0.01136     12.85      1.00     6   5.8969
#         649       0.05719      5.14      2.00     6   5.8988
#         650       0.03380      5.15      2.00     6   5.8991
#         653       0.01848      5.33      2.00     5   5.9015
#         654       0.01378      4.75      2.00     5   5.9029
#         655       0.02559      8.79      2.00     5   5.9051
#         656       0.01952      5.92      2.00     5   5.9059
#         657       0.01423      7.35      2.00     5   5.9063
#         658       0.01871     12.05      2.00     6   5.9071
#         659       0.01813      8.52      2.00     5   5.9094
#         660       0.01801      6.25      2.00     6   5.9094
#         661       0.01375      6.38      2.00     5   5.9133
#         663       0.02554     15.17      2.00     5   5.9172
#         666       0.00959      5.82      2.00     4   5.9179
#         667       0.01784      4.74      2.00     7   5.9242
#         668       0.01902     56.00      2.00     7   5.9245
#         669       0.01471      6.20      2.00     5   5.9267
#         670       0.01381     13.09      2.00     5   5.9295
#         671       0.01380      8.99      2.00     5   5.9307
#         672       0.01028      6.84      1.00     6   5.9311
#         673       0.02145      5.65      2.00     5   5.9326
#         675       0.01215      6.08      1.00     6   5.9335
#         676       0.01739      4.59      2.00     5   5.9339
#         677       0.01854     39.77      2.00     6   5.9337
#         680       0.01104     13.85      1.00     6   5.9360
#         681       0.01768      5.79      2.00     7   5.9370
#         682       0.02896      9.57      2.00     5   5.9377
#         683       0.01714      7.39      2.00     5   5.9376
#         684       0.01857     50.41      2.00     7   5.9374
#         688       0.01546     16.27      2.00     6   5.9387
#         689       0.01713      7.38      2.00     5   5.9390
#         691       0.02137      6.39      2.00     5   5.9401
#         692       0.01527      9.70      2.00     5   5.9405
#         693       0.01662     22.81      2.00     6   5.9403
#         694       0.01191     14.34      1.00     6   5.9403
#         695       0.01226     15.82      1.00     6   5.9404
#         697       0.01000     20.27      1.00     6   5.9421
#         698       0.00981      6.97      2.00     4   5.9435
#         700       0.00946     11.43      2.00     5   5.9479
#         702       0.01131     29.80      2.00     5   5.9512
#         703       0.01883      7.12      2.00     7   5.9516
#         704       0.04249      6.88      2.00     7   5.9519
#         705       0.02599      6.58      2.00     7   5.9535
#         708       0.01132     23.92      2.00     6   5.9548
#         712       0.00992     26.25      2.00     6   5.9570
#         713       0.05720     15.40      2.00     7   5.9656
#         714       0.03442     15.40      2.00     7   5.9659
#         715       0.03318      4.30      2.00     3   5.9672
#         716       0.00888      8.33      2.00     4   5.9676
#         717       0.05263     14.48      2.00     7   5.9758
#         718       0.03233     14.42      2.00     7   5.9762
#         719       0.01095      6.45      2.00     5   5.9763
#         720       0.01042      6.50      2.00     5   5.9764
#         721       0.01070     18.29      2.00     5   5.9781
#         722       0.01479      9.14      2.00     5   5.9781
#         723       0.03029      4.21      2.00     5   5.9831
#         724       0.03381      5.39      2.00     4   5.9906
#         725       0.01076      7.18      2.00     5   5.9918
#         726       0.01774     11.65      2.00     6   5.9934
#         727       0.01729      7.56      2.00     5   5.9937
#         728       0.00909      7.66      2.00     4   5.9958
#         729       0.01725      5.81      2.00     6   5.9959
#         730       0.01427      4.14      2.00     5   5.9976
#         731       0.01093     10.55      2.00     5   6.0020
#         732       0.01097      6.78      2.00     5   6.0027
#         733       0.01067     21.32      2.00     5   6.0037
#         734       0.00856      8.91      1.00     6   6.0056
#         735       0.01051     15.58      2.00     6   6.0064
#         736       0.01013     15.57      2.00     6   6.0064
#         737       0.01811      5.69      2.00     5   6.0079
#         738       0.01097     38.61      2.00     6   6.0081
#         743       0.02084      5.09      2.00     4   6.0109
#         744       0.01791      7.69      2.00     5   6.0106
#         745       0.00861      9.39      1.00     6   6.0130
#         747       0.00877      8.88      1.00     6   6.0148
#         749       0.02364      5.85      2.00     6   6.0243
#         750       0.01815      4.61      2.00     5   6.0248
#         751       0.02694      7.07      1.00     6   6.0254
#         752       0.02070      9.48      2.00     6   6.0266
#         753       0.01075      4.98      2.00     5   6.0273
#         754       0.01071     13.24      2.00     6   6.0274
#         755       0.02739      9.97      2.00     6   6.0276
#         756       0.01698      6.74      2.00     6   6.0300
#         757       0.02672     18.12      1.00     6   6.0299
#         758       0.01072     13.10      2.00     6   6.0302
#         759       0.01388     20.22      2.00     6   6.0304
#         760       0.00877      8.64      1.00     6   6.0309
#         761       0.00977     12.93      2.00     5   6.0324
#         762       0.02672      7.31      2.00     6   6.0323
#         763       0.01916      5.47      2.00     6   6.0324
#         764       0.01465      9.48      2.00     6   6.0328
#         765       0.01002      5.34      2.00     5   6.0334
#         766       0.03211      4.95      2.00     5   6.0369
#         767       0.00995      6.33      2.00     5   6.0376
#         768       0.00974     10.96      2.00     5   6.0383
#         769       0.01369      9.39      2.00     6   6.0444
#         772       0.01039      5.16      2.00     5   6.0507
#         774       0.01718      5.27      2.00     5   6.0547
#         775       0.01752      8.72      2.00     6   6.0544
#         777       0.01029     14.42      2.00     5   6.0551
#         778       0.01685      8.78      2.00     6   6.0551
#         779       0.01433      9.04      2.00     6   6.0562
#         782       0.00996     13.51      2.00     5   6.0590
#         783       0.01018      8.79      2.00     5   6.0587
#         785       0.02474      5.18      2.00     5   6.0601
#         786       0.01747      4.85      2.00     5   6.0607
#         787       0.01001     14.37      2.00     6   6.0616
#         788       0.01003     13.10      2.00     6   6.0616
#         789       0.01012     28.80      2.00     6   6.0624
#         790       0.00982     23.88      2.00     6   6.0624
#         791       0.01000     14.39      2.00     6   6.0621
#         792       0.01008     13.16      2.00     6   6.0621
#         795       0.02922      8.63      2.00     5   6.0685
#         796       0.00846      7.96      2.00     4   6.0701
#         800       0.01130     13.64      2.00     6   6.0749
#         802       0.01126     13.65      2.00     6   6.0763
#         805       0.00622     15.21      2.00     5   6.0798
#         806       0.01079     18.89      2.00     6   6.0793
#         807       0.01308     15.39      2.00     6   6.0816
#         808       0.01067     14.12      2.00     6   6.0841
#         809       0.01133     12.26      2.00     6   6.0846
#         810       0.01662     10.34      2.00     6   6.0865
#         813       0.01702      6.03      2.00     5   6.0941
#         814       0.01129     11.36      2.00     6   6.0942
#         816       0.01067     16.04      2.00     6   6.0957
#         817       0.01099      5.65      2.00     6   6.0957
#         818       0.01058     18.89      2.00     6   6.0960
#         822       0.01114      9.17      2.00     6   6.0968
#         824       0.01074      7.50      2.00     6   6.0967
#         825       0.01050     16.38      2.00     6   6.0969
#         827       0.01257     17.07      2.00     6   6.0982
#         828       0.01881      7.40      2.00     6   6.0978
#         829       0.01748     11.86      2.00     6   6.0979
#         830       0.01365      4.12      2.00     6   6.0978
#         832       0.01812     11.87      2.00     6   6.0986
#         833       0.01125     35.83      2.00     6   6.0986
#         834       0.04458     17.96      2.00     6   6.0984
#         835       0.04306     17.91      2.00     6   6.0986
#         836       0.01343      4.10      2.00     6   6.0987
#         837       0.01872      7.40      2.00     6   6.0991
#         838       0.01746      5.27      2.00     7   6.0989
#         839       0.01750     23.38      2.00     7   6.0994
#         840       0.01287      4.31      2.00     6   6.0995
#         841       0.01298      4.31      2.00     6   6.1004
#         842       0.00838      5.37      2.00     5   6.1023
#         843       0.00825      5.50      2.00     5   6.1023
#         844       0.00872      5.49      2.00     5   6.1034
#         845       0.01852     10.73      2.00     6   6.1035
#         846       0.01871      4.09      2.00     6   6.1030
#         847       0.01787     12.62      2.00     6   6.1035
#         849       0.01813      4.05      2.00     6   6.1038
#         850       0.01847     10.67      2.00     6   6.1038
#         851       0.01865      4.05      2.00     6   6.1042
#         852       0.01780     12.62      2.00     6   6.1038
#         853       0.01821      5.02      2.00     6   6.1038
#         855       0.01804      4.03      2.00     6   6.1045
#         856       0.02376      4.98      2.00     6   6.1045
#         858       0.00622     10.43      2.00     5   6.1091
#         859       0.02444     13.81      2.00     5   6.1089
#         861       0.01958      8.62      2.00     6   6.1109
#         862       0.00626     14.35      2.00     5   6.1114
#         863       0.01959      8.56      2.00     6   6.1111
#         864       0.00952     10.22      2.00     3   6.1126
#         865       0.01052     14.45      2.00     5   6.1122
#         867       0.08776      6.76      2.00     6   6.1128
#         868       0.01052      5.36      2.00     5   6.1134
#         869       0.01786      4.24      2.00     7   6.1137
#         872       0.01795     24.11      2.00     7   6.1140
#         873       0.01818      5.72      2.00     6   6.1159
#         874       0.02371      6.75      2.00     6   6.1161
#         876       0.01769      8.77      2.00     6   6.1170
#         878       0.01057     11.54      2.00     6   6.1175
#         879       0.01192     14.93      2.00     6   6.1175
#         880       0.01769      8.76      2.00     6   6.1176
#         882       0.01085     10.48      2.00     6   6.1196
#         883       0.01214      4.88      2.00     5   6.1212
#         885       0.01950      5.12      2.00     5   6.1210
#         887       0.01125      4.65      2.00     5   6.1225
#         890       0.01080     13.94      2.00     6   6.1221
#         891       0.01124      5.08      2.00     5   6.1232
#         892       0.00990      9.90      2.00     6   6.1261
#         893       0.01021      9.15      2.00     6   6.1261
#         894       0.01524     11.76      2.00     6   6.1287
#         896       0.01054     13.92      2.00     6   6.1308
#         897       0.01172     16.45      2.00     6   6.1308
#         901       0.00586     17.47      1.00     4   6.1337
#         903       0.01301      8.10      2.00     5   6.1366
#         904       0.01924      4.49      2.00     5   6.1366
#         905       0.00863      5.16      2.00     5   6.1376
#         906       0.00856      5.29      2.00     5   6.1376
#         908       0.01008      4.95      2.00     6   6.1379
#         909       0.01949      5.30      2.00     7   6.1378
#         910       0.00807      4.02      1.00     4   6.1382
#         911       0.00988     11.99      2.00     6   6.1384
#         912       0.01018     12.04      2.00     6   6.1384
#         913       0.02397      5.16      2.00     7   6.1382
#         915       0.02227     10.29      2.00     5   6.1393
#         916       0.00772      4.00      1.00     4   6.1448
#         917       0.00880      6.43      2.00     5   6.1446
#         918       0.01064      5.39      2.00     6   6.1459
#         919       0.01202     10.47      2.00     6   6.1467
#         920       0.01060     10.87      2.00     6   6.1467
#         923       0.01833      4.12      2.00     5   6.1483
#         924       0.04985     15.22      2.00     6   6.1478
#         925       0.01781      6.98      2.00     6   6.1486
#         926       0.00736      4.09      1.00     4   6.1491
#         928       0.01699     10.83      2.00     6   6.1496
#         929       0.01881      4.51      2.00     5   6.1504
#         930       0.01538      4.70      2.00     7   6.1506
#         931       0.01348      4.06      2.00     6   6.1513
#         932       0.01017     10.55      2.00     6   6.1523
#         933       0.01022     10.34      2.00     6   6.1523
#         934       0.00993     21.04      2.00     6   6.1538
#         935       0.01025     26.73      2.00     6   6.1538
#         936       0.01006      9.71      2.00     6   6.1536
#         937       0.01016     13.83      2.00     6   6.1536
#         940       0.01753      9.80      2.00     6   6.1555
#         941       0.01754     12.44      2.00     6   6.1555
#         942       0.01977      5.20      2.00     7   6.1551
#         943       0.02395      5.09      2.00     7   6.1554
#         944       0.01734      4.54      2.00     6   6.1558
#         946       0.02152      6.25      2.00     5   6.1578
#         947       0.01422      9.66      2.00     7   6.1575
#         950       0.01687     16.50      2.00     7   6.1585
#         952       0.02315      7.78      2.00     6   6.1594
#         953       0.02368      6.07      2.00     6   6.1594
#         954       0.02261      7.87      2.00     6   6.1590
#         955       0.01729      8.18      2.00     7   6.1608
#         956       0.00784      4.05      1.00     4   6.1625
#         958       0.01561     87.50      2.00     5   6.1637
#         959       0.01779      8.45      2.00     6   6.1635
#         960       0.01828      5.73      2.00     6   6.1640
#         961       0.01989      6.32      2.00     6   6.1640
#         965       0.02129      7.34      2.00     6   6.1696
#         967       0.02109      6.62      2.00     6   6.1708
#         968       0.02125      7.21      2.00     6   6.1710
#         972       0.00608     15.17      1.00     4   6.1753
#         974       0.01859      5.70      2.00     5   6.1753
#         976       0.01744      6.16      2.00     6   6.1768
#         977       0.01859      7.30      2.00     6   6.1768
#         980       0.00970      9.30      2.00     5   6.1812
#         982       0.01595      6.04      2.00     6   6.1862
#         985       0.00763      4.04      1.00     4   6.1920
#         987       0.01574    119.80      1.00     6   6.1937
#         988       0.00976     10.67      2.00     5   6.1947
#         989       0.00902      7.34      2.00     4   6.1959
#         991       0.00823     18.26      2.00     5   6.2001
#         993       0.01988     12.94      2.00     6   6.2034
#         997       0.01018     10.60      2.00     4   6.2108
#        1000       0.01453      4.34      2.00     5   6.2127
#        1001       0.01452      4.33      2.00     5   6.2132
#        1002       0.02084      7.28      2.00     6   6.2136
#        1003       0.03226      6.17      1.00     6   6.2136
#        1004       0.00883     22.14      2.00     5   6.2156
#        1006       0.01663      5.93      2.00     5   6.2160
#        1007       0.02719      8.83      2.00     6   6.2160
#        1009       0.01674      4.27      2.00     5   6.2175
#        1010       0.02546     16.62      1.00     6   6.2185
#        1014       0.00921     15.90      2.00     5   6.2259
#        1016       0.01630      6.91      2.00     5   6.2270
#        1020       0.01571      4.37      2.00     5   6.2341
#        1022       0.01193      5.00      2.00     5   6.2354
#        1025       0.01889      5.85      2.00     6   6.2380
#        1026       0.02072      8.80      2.00     6   6.2380
#        1030       0.02658      6.06      2.00     6   6.2403
#        1031       0.01060     17.17      1.00     6   6.2414
#        1032       0.01901     12.09      2.00     6   6.2437
#        1035       0.01196      5.31      2.00     5   6.2500
#        1037       0.01795      6.50      2.00     6   6.2518
#        1039       0.01103     10.28      2.00     6   6.2545
#        1040       0.01056     10.24      2.00     6   6.2546
#        1043       0.01054     18.19      1.00     6   6.2550
#        1044       0.01691      8.21      2.00     5   6.2557
#        1046       0.01631      4.52      2.00     5   6.2560
#        1047       0.01675      8.23      2.00     5   6.2559
#        1048       0.01012     25.84      2.00     6   6.2562
#        1049       0.02709      6.56      2.00     6   6.2563
#        1050       0.01632      4.52      2.00     5   6.2566
#        1051       0.03549      4.68      2.00     5   6.2579
#        1052       0.01027      7.75      2.00     6   6.2580
#        1054       0.01053      4.40      1.00     6   6.2604
#        1055       0.00818      7.01      2.00     5   6.2611
#        1057       0.02871     13.04      2.00     7   6.2626
#        1058       0.01078      4.21      1.00     6   6.2663
#        1060       0.01583     11.99      2.00     6   6.2680
#        1063       0.01032      6.84      2.00     6   6.2688
#        1064       0.02346      8.11      2.00     5   6.2691
#        1065       0.02369      8.06      2.00     5   6.2698
#        1066       0.01519     67.15      2.00     5   6.2702
#        1068       0.01514      4.62      2.00     5   6.2712
#        1069       0.01515      4.61      2.00     5   6.2718
#        1070       0.01643      9.01      2.00     6   6.2762
#        1071       0.02452      4.19      2.00     6   6.2772
#        1072       0.02180      6.53      2.00     6   6.2772
#        1074       0.02528      6.67      2.00     6   6.2795
#        1075       0.01217      4.08      2.00     4   6.2803
#        1077       0.01599     10.07      2.00     6   6.2802
#        1078       0.01119      6.09      2.00     6   6.2815
#        1079       0.01364      7.26      2.00     6   6.2815
#        1080       0.01091     10.05      2.00     6   6.2816
#        1081       0.04832     10.41      2.00     6   6.2818
#        1082       0.01911      8.58      2.00     6   6.2821
#        1084       0.02018      6.38      2.00     6   6.2822
#        1085       0.01013     28.49      2.00     6   6.2833
#        1086       0.02008     10.93      2.00     6   6.2836
#        1087       0.02199      4.94      2.00     6   6.2834
#        1088       0.01093     25.87      2.00     7   6.2845
#        1089       0.01364      6.10      2.00     7   6.2842
#        1090       0.01644      4.64      2.00     6   6.2845
#        1093       0.01048     25.66      2.00     7   6.2846
#        1094       0.01532      4.68      2.00     6   6.2853
#        1095       0.01358      6.16      2.00     7   6.2852
#        1098       0.01727      6.25      2.00     6   6.2858
#        1099       0.01022     54.45      2.00     7   6.2862
#        1100       0.01961     13.65      2.00     6   6.2880
#        1101       0.00965     14.39      2.00     6   6.2882
#        1102       0.01772      6.23      2.00     5   6.2903
#        1103       0.01663     11.77      2.00     6   6.2919
#        1104       0.01022      6.38      2.00     6   6.2928
#        1105       0.01409     10.01      2.00     7   6.2928
#        1110       0.01608     15.96      2.00     7   6.2955
#        1112       0.02192      8.15      2.00     6   6.2959
#        1113       0.00986     17.39      2.00     6   6.2956
#        1115       0.04132     11.50      2.00     6   6.2956
#        1116       0.02059      4.24      2.00     6   6.2964
#        1117       0.02049      4.20      2.00     6   6.2966
#        1119       0.02110      8.16      2.00     6   6.2967
#        1120       0.01605      4.38      2.00     6   6.2976
#        1121       0.04087     11.37      2.00     6   6.2973
#        1122       0.01778      7.87      2.00     7   6.2977
#        1123       0.01597      4.34      2.00     6   6.2983
#        1126       0.01733      5.40      2.00     6   6.3008
#        1127       0.01655      5.55      2.00     6   6.3008
#        1128       0.00964      5.96      2.00     6   6.3006
#        1130       0.01652      4.42      2.00     6   6.3012
#        1131       0.00977      9.24      2.00     3   6.3014
#        1132       0.00935      7.24      2.00     4   6.3021
#        1134       0.02852      6.24      2.00     6   6.3069
#        1135       0.01038      4.92      2.00     6   6.3070
#        1137       0.01238      4.09      2.00     4   6.3090
#        1138       0.00988     17.63      2.00     6   6.3103
#        1139       0.01305      4.13      2.00     5   6.3106
#        1140       0.00971      4.70      2.00     6   6.3108
#        1142       0.01304     13.55      1.00     6   6.3171
#        1143       0.06909      7.97      2.00     7   6.3172
#        1144       0.00730      4.55      2.00     4   6.3180
#        1145       0.03683      7.59      2.00     7   6.3182
#        1146       0.07177     12.39      2.00     7   6.3194
#        1148       0.03673      4.91      2.00     7   6.3205
#        1149       0.03004      6.18      2.00     6   6.3216
#        1150       0.03696     12.02      2.00     7   6.3227
#        1152       0.02181     25.60      2.00     7   6.3259
#        1153       0.04362     32.88      2.00     7   6.3256
#        1154       0.01695      7.81      2.00     7   6.3259
#        1155       0.02116     13.90      2.00     7   6.3264
#        1156       0.01730      7.77      2.00     7   6.3266
#        1157       0.02114     13.79      2.00     7   6.3266
#        1158       0.02103     25.50      2.00     7   6.3267
#        1159       0.01618      8.70      2.00     7   6.3276
#        1160       0.04291     32.51      2.00     7   6.3273
#        1161       0.01610      8.61      2.00     7   6.3283
#        1163       0.01278      8.04      2.00     5   6.3293
#        1166       0.02857      7.37      2.00     6   6.3360
#        1169       0.01780      4.30      2.00     6   6.3385
#        1172       0.01895      7.29      2.00     6   6.3420
#        1174       0.01863      5.08      2.00     6   6.3444
#        1175       0.02113      8.72      2.00     6   6.3441
#        1177       0.01084     18.10      2.00     7   6.3460
#        1179       0.07362      5.87      2.00     6   6.3464
#        1180       0.02237      6.04      2.00     6   6.3466
#        1181       0.01827      4.68      2.00     5   6.3470
#        1182       0.01346     33.11      2.00     7   6.3470
#        1184       0.01559     31.30      2.00     7   6.3470
#        1185       0.00796     12.79      2.00     5   6.3480
#        1186       0.01057     21.55      2.00     7   6.3493
#        1187       0.02441      5.85      2.00     6   6.3513
#        1188       0.02649      7.98      2.00     7   6.3514
#        1190       0.02492      9.60      2.00     5   6.3571
#        1191       0.01301     17.97      1.00     6   6.3576
#        1192       0.00942      6.75      2.00     5   6.3582
#        1193       0.01030     19.45      2.00     7   6.3586
#        1195       0.01336     35.40      2.00     7   6.3613
#        1197       0.01508     33.81      2.00     7   6.3613
#        1198       0.02871      7.31      2.00     5   6.3618
#        1199       0.01042     25.32      2.00     7   6.3635
#        1201       0.01573     82.20      1.00     6   6.3650
#        1202       0.01415      5.25      1.00     6   6.3655
#        1205       0.01237      9.01      2.00     5   6.3735
#        1206       0.01418     12.37      2.00     7   6.3747
#        1207       0.01608     20.66      2.00     7   6.3763
#        1208       0.01385     21.43      2.00     7   6.3763
#        1209       0.01099     24.28      2.00     7   6.3764
#        1210       0.04997     26.57      2.00     7   6.3767
#        1211       0.01097     17.82      2.00     7   6.3765
#        1212       0.02330      7.53      2.00     7   6.3783
#        1213       0.02227     13.66      2.00     7   6.3783
#        1214       0.02014     23.23      2.00     7   6.3784
#        1215       0.01034     49.50      2.00     7   6.3782
#        1216       0.01649      6.85      2.00     7   6.3783
#        1218       0.00992     20.33      2.00     6   6.3787
#        1220       0.01555      7.86      2.00     7   6.3801
#        1221       0.02017      5.03      2.00     6   6.3828
#        1222       0.01158      5.14      2.00     4   6.3860
#        1223       0.01621      6.69      2.00     6   6.3873
#        1224       0.01939      4.47      2.00     7   6.3874
#        1225       0.05201      8.60      2.00     7   6.3881
#        1226       0.02510      9.22      2.00     7   6.3884
#        1227       0.01921     13.21      2.00     7   6.3884
#        1228       0.02984     18.23      2.00     7   6.3884
#        1229       0.02624      6.84      2.00     7   6.3888
#        1232       0.02110      7.70      2.00     6   6.3907
#        1233       0.01869      6.34      2.00     7   6.3907
#        1234       0.02296      5.74      2.00     6   6.3922
#        1235       0.01026      5.19      2.00     6   6.3929
#        1236       0.01557     11.69      2.00     6   6.3929
#        1237       0.00696      7.14      2.00     4   6.3943
#        1238       0.01878      6.25      2.00     6   6.3944
#        1241       0.01838      5.53      2.00     6   6.3962
#        1243       0.00706     29.38      2.00     5   6.3969
#        1244       0.00970     13.11      2.00     5   6.3970
#        1246       0.02224      6.76      2.00     6   6.3969
#        1247       0.01658      5.36      2.00     6   6.3976
#        1249       0.01856      4.81      2.00     7   6.3974
#        1250       0.02062     12.57      2.00     6   6.3985
#        1251       0.01619      5.00      2.00     6   6.3994
#        1252       0.01056      9.46      2.00     4   6.3998
#        1253       0.01862     14.97      2.00     6   6.3998
#        1254       0.02343     10.02      2.00     7   6.4001
#        1255       0.01815     14.34      2.00     7   6.3999
#        1256       0.02763     16.91      2.00     7   6.4001
#        1257       0.04835     11.07      2.00     7   6.3997
#        1258       0.00936      7.20      2.00     5   6.4023
#        1259       0.01786      6.37      2.00     7   6.4023
#        1260       0.01895      6.38      2.00     6   6.4052
#        1263       0.01019      5.19      2.00     6   6.4057
#        1264       0.01508     11.28      2.00     6   6.4057
#        1268       0.01625      4.59      2.00     6   6.4121
#        1272       0.01746      5.22      2.00     6   6.4144
#        1273       0.01626      5.50      2.00     6   6.4144
#        1274       0.01797      9.67      2.00     5   6.4148
#        1275       0.01582      7.25      2.00     5   6.4151
#        1276       0.02038      7.49      2.00     6   6.4171
#        1277       0.01494     14.31      2.00     6   6.4176
#        1280       0.01853      6.11      1.00     6   6.4206
#        1281       0.01652      5.57      2.00     6   6.4211
#        1283       0.01649      6.94      2.00     6   6.4214
#        1284       0.01873      6.08      1.00     6   6.4215
#        1285       0.01648      6.93      2.00     6   6.4218
#        1286       0.01833      9.59      1.00     6   6.4221
#        1289       0.01294      8.09      2.00     5   6.4234
#        1290       0.01796      4.07      2.00     6   6.4237
#        1291       0.02667      4.03      2.00     6   6.4250
#        1292       0.01807      7.47      2.00     5   6.4261
#        1294       0.00686     28.05      2.00     5   6.4266
#        1295       0.00713     79.50      2.00     6   6.4269
#        1305       0.01991      4.91      2.00     6   6.4313
#        1306       0.01579      5.86      2.00     6   6.4332
#        1307       0.01579      5.83      2.00     6   6.4337
#        1308       0.01537      4.81      2.00     6   6.4337
#        1309       0.02270      4.70      2.00     6   6.4343
#        1310       0.02617     10.60      2.00     6   6.4339
#        1311       0.01689      4.73      2.00     6   6.4343
#        1312       0.01627      5.72      2.00     6   6.4346
#        1313       0.01575      7.24      2.00     6   6.4356
#        1314       0.01687      4.72      2.00     6   6.4353
#        1315       0.01624      5.69      2.00     6   6.4360
#        1316       0.01574      7.25      2.00     6   6.4356
#        1317       0.02739     10.53      2.00     6   6.4357
#        1318       0.01571      6.68      2.00     6   6.4365
#        1319       0.01573      6.67      2.00     6   6.4371
#        1320       0.02504      4.04      2.00     4   6.4373
#        1323       0.02885      4.52      2.00     6   6.4392
#        1325       0.01510      4.23      2.00     5   6.4401
#        1326       0.01581      6.39      2.00     6   6.4400
#        1327       0.02280      5.80      2.00     6   6.4402
#        1328       0.01943     11.31      2.00     6   6.4401
#        1330       0.01929      6.96      2.00     6   6.4419
#        1331       0.01507      4.02      2.00     5   6.4422
#        1332       0.01609      4.43      2.00     6   6.4421
#        1333       0.02134      4.43      2.00     6   6.4445
#        1334       0.01727      4.55      2.00     6   6.4464
#        1335       0.02300      6.16      1.00     6   6.4472
#        1336       0.02270     10.53      2.00     6   6.4479
#        1337       0.01724      4.52      2.00     6   6.4479
#        1339       0.02040      5.70      2.00     5   6.4480
#        1341       0.01945      5.70      2.00     5   6.4488
#        1342       0.01742      5.31      2.00     6   6.4485
#        1344       0.02320      9.01      1.00     6   6.4499
#        1345       0.02321      6.09      1.00     6   6.4499
#        1346       0.01447      6.27      2.00     6   6.4498
#        1349       0.02410     17.81      2.00     6   6.4501
#        1350       0.01444      6.24      2.00     6   6.4513
#        1351       0.02756      4.18      2.00     6   6.4531
#        1352       0.01942      4.94      2.00     6   6.4569
#        1353       0.01058      8.67      2.00     5   6.4579
#        1354       0.01994      8.14      2.00     6   6.4578
#        1355       0.03889     13.16      2.00     6   6.4577
#        1357       0.01168      7.84      2.00     5   6.4592
#        1358       0.00978      9.96      2.00     6   6.4593
#        1359       0.01742      4.68      2.00     6   6.4595
#        1364       0.01905      7.45      2.00     6   6.4634
#        1365       0.01801      7.09      2.00     6   6.4634
#        1371       0.02025      5.51      2.00     6   6.4711
#        1373       0.03177      6.39      2.00     6   6.4720
#        1374       0.01180      9.32      2.00     5   6.4740
#        1375       0.00981     11.54      2.00     6   6.4744
#        1377       0.02228      6.07      2.00     6   6.4781
#        1378       0.02098     13.53      2.00     6   6.4781
#        1379       0.02225      6.08      2.00     6   6.4787
#        1380       0.02000     13.50      2.00     6   6.4788
#        1381       0.00844     10.78      2.00     5   6.4793
#        1382       0.02018      7.26      2.00     6   6.4798
#        1383       0.02047      7.25      2.00     6   6.4804
#        1385       0.00873     11.08      2.00     5   6.4884
#        1386       0.00887     11.07      2.00     5   6.4892
#        1387       0.03473     24.98      2.00     7   6.4987
#        1388       0.02499      5.34      2.00     7   6.4984
#        1389       0.02121      5.36      2.00     5   6.5010
#        1390       0.00807     14.35      2.00     6   6.5018
#        1391       0.01274     26.26      2.00     6   6.5040
#        1394       0.02330      5.36      2.00     7   6.5056
#        1395       0.01989     18.55      2.00     7   6.5057
#        1397       0.02027      4.98      2.00     7   6.5064
#        1398       0.02320     36.25      2.00     7   6.5067
#        1399       0.02055      9.85      2.00     7   6.5067
#        1400       0.02291     12.90      2.00     7   6.5067
#        1402       0.01923      8.97      2.00     7   6.5079
#        1404       0.02822      4.16      2.00     6   6.5088
#        1405       0.02404      8.88      2.00     7   6.5089
#        1406       0.02201      9.25      2.00     7   6.5089
#        1407       0.02207     15.15      2.00     7   6.5090
#        1408       0.01075      5.44      2.00     5   6.5093
#        1410       0.02440      4.99      2.00     7   6.5094
#        1411       0.03297     23.25      2.00     7   6.5098
#        1413       0.02154     31.92      2.00     7   6.5112
#        1414       0.01755      5.12      2.00     6   6.5132
#        1416       0.02023     12.50      2.00     6   6.5154
#        1419       0.01140     12.79      2.00     7   6.5177
#        1420       0.01090     12.75      2.00     7   6.5178
#        1421       0.00880     30.76      2.00     6   6.5184
#        1422       0.02729     12.23      2.00     6   6.5189
#        1424       0.02888      6.20      2.00     6   6.5194
#        1425       0.01655      6.17      2.00     6   6.5191
#        1426       0.00893     30.76      2.00     6   6.5192
#        1427       0.01004     37.71      2.00     7   6.5195
#        1428       0.02291      6.30      2.00     6   6.5198
#        1430       0.00779     17.78      2.00     6   6.5199
#        1433       0.01023      4.83      2.00     7   6.5208
#        1435       0.00722     67.23      2.00     6   6.5214
#        1438       0.01076     12.08      2.00     7   6.5233
#        1439       0.01104     17.27      2.00     7   6.5235
#        1440       0.01137      7.47      2.00     6   6.5257
#        1441       0.00999     11.57      2.00     7   6.5257
#        1442       0.00724      7.57      2.00     4   6.5270
#        1445       0.02866      5.41      2.00     6   6.5272
#        1446       0.01642      4.08      2.00     6   6.5287
#        1448       0.02058      5.24      1.00     6   6.5290
#        1449       0.01604      4.32      2.00     6   6.5295
#        1451       0.01081      5.95      2.00     7   6.5307
#        1453       0.01314      8.07      2.00     7   6.5312
#        1454       0.01758      4.66      2.00     6   6.5318
#        1456       0.01128     16.31      2.00     7   6.5317
#        1457       0.01131      9.15      2.00     7   6.5328
#        1458       0.01091      6.43      2.00     7   6.5327
#        1459       0.01151     11.48      2.00     7   6.5329
#        1460       0.01539      7.49      2.00     7   6.5331
#        1461       0.01016     10.18      2.00     7   6.5340
#        1462       0.01478      6.66      2.00     6   6.5350
#        1463       0.01002     41.52      2.00     7   6.5346
#        1464       0.01587      4.49      2.00     7   6.5347
#        1465       0.01071      4.01      2.00     5   6.5355
#        1466       0.01456      9.44      2.00     7   6.5365
#        1467       0.01563      5.02      2.00     7   6.5365
#        1468       0.01175      6.45      2.00     5   6.5371
#        1475       0.01462      4.31      2.00     6   6.5453
#        1478       0.01762      8.42      2.00     5   6.5467
#        1483       0.09125      6.76      2.00     7   6.5518
#        1485       0.01203      8.27      2.00     5   6.5534
#        1486       0.02464      6.78      2.00     5   6.5541
#        1487       0.04186      6.46      2.00     7   6.5543
#        1488       0.06240     10.62      2.00     7   6.5543
#        1489       0.00682      6.30      2.00     4   6.5546
#        1490       0.01201      9.82      2.00     5   6.5553
#        1494       0.03657      4.30      2.00     7   6.5567
#        1495       0.01985      7.70      2.00     6   6.5568
#        1496       0.01130     11.32      2.00     7   6.5582
#        1497       0.01228     13.70      2.00     7   6.5584
#        1498       0.03504     10.30      2.00     7   6.5592
#        1499       0.01662      8.25      2.00     7   6.5589
#        1504       0.03462      8.09      2.00     7   6.5606
#        1505       0.01651      4.89      2.00     7   6.5609
#        1507       0.01699      6.22      2.00     7   6.5621
#        1508       0.01521      4.86      2.00     7   6.5616
#        1513       0.02030      4.45      1.00     6   6.5660
#        1514       0.01018      9.09      2.00     7   6.5659
#        1516       0.05710     12.08      2.00     7   6.5690
#        1517       0.01251     11.58      2.00     7   6.5699
#        1518       0.03128     12.15      2.00     7   6.5700
#        1522       0.01047     22.48      2.00     7   6.5737
#        1523       0.00869     26.59      2.00     6   6.5741
#        1525       0.01708      5.03      2.00     6   6.5753
#        1526       0.04612     11.68      2.00     7   6.5749
#        1529       0.03680     11.18      2.00     7   6.5760
#        1530       0.01694      6.16      2.00     6   6.5780
#        1531       0.01743      6.18      2.00     7   6.5779
#        1532       0.01019      6.65      2.00     7   6.5785
#        1533       0.01679      5.18      2.00     6   6.5793
#        1539       0.01521      6.21      2.00     7   6.5810
#        1540       0.01181      8.44      2.00     5   6.5817
#        1541       0.01684     10.49      2.00     6   6.5819
#        1542       0.01113      7.18      2.00     7   6.5819
#        1544       0.01108      8.05      2.00     7   6.5827
#        1547       0.01285      5.59      2.00     7   6.5856
#        1549       0.01607      4.29      2.00     6   6.5868
#        1550       0.01938      5.54      1.00     6   6.5879
#        1551       0.02237      8.23      2.00     7   6.5875
#        1552       0.01675      5.90      2.00     6   6.5881
#        1553       0.01778      7.78      1.00     6   6.5884
#        1554       0.01070      9.77      2.00     7   6.5884
#        1556       0.01724      6.00      2.00     6   6.5890
#        1557       0.01068      9.20      2.00     7   6.5896
#        1558       0.01053     22.17      2.00     7   6.5899
#        1560       0.01884      4.01      2.00     7   6.5918
#        1561       0.01779      5.03      2.00     7   6.5916
#        1563       0.03415      9.69      2.00     6   6.5925
#        1564       0.02334      7.59      2.00     7   6.5935
#        1566       0.01540     12.83      2.00     6   6.5949
#        1569       0.01995      6.27      2.00     6   6.5983
#        1572       0.01591      4.62      2.00     6   6.6008
#        1574       0.01583      5.80      2.00     6   6.6025
#        1575       0.01550      4.14      2.00     6   6.6035
#        1576       0.01600      5.43      2.00     6   6.6032
#        1577       0.01592      5.74      2.00     6   6.6039
#        1580       0.00698      4.77      2.00     5   6.6083
#        1581       0.01815      8.53      2.00     5   6.6087
#        1582       0.01353      6.79      2.00     7   6.6093
#        1583       0.01367      6.83      2.00     7   6.6100
#        1586       0.02014      7.90      2.00     6   6.6139
#        1587       0.01995      7.93      2.00     6   6.6136
#        1589       0.01761      4.33      2.00     6   6.6142
#        1590       0.01713      4.34      2.00     6   6.6143
#        1591       0.00896      9.55      2.00     3   6.6148
#        1592       0.01820      6.20      2.00     7   6.6149
#        1593       0.01522      6.14      2.00     6   6.6152
#        1594       0.01969      6.16      2.00     7   6.6151
#        1596       0.01522      6.14      2.00     6   6.6157
#        1597       0.01981     17.12      2.00     6   6.6159
#        1600       0.02517      5.41      2.00     7   6.6176
#        1601       0.01944     13.51      2.00     7   6.6178
#        1604       0.01918      5.16      2.00     7   6.6201
#        1605       0.01972      9.13      2.00     7   6.6200
#        1607       0.02345     12.73      2.00     7   6.6200
#        1608       0.02187     30.96      2.00     7   6.6205
#        1609       0.01943      8.36      2.00     7   6.6203
#        1610       0.00725      4.71      2.00     5   6.6217
#        1611       0.02700      8.55      2.00     7   6.6225
#        1612       0.02149      9.23      2.00     7   6.6225
#        1613       0.02155      5.95      2.00     7   6.6224
#        1614       0.02035     13.76      2.00     7   6.6227
#        1615       0.01907      6.87      2.00     6   6.6245
#        1616       0.02105     31.91      2.00     7   6.6249
#        1619       0.01179      5.98      2.00     6   6.6259
#        1621       0.02842      7.81      2.00     6   6.6268
#        1623       0.02872      7.74      2.00     6   6.6281
#        1624       0.01794      5.00      2.00     6   6.6285
#        1625       0.01790      4.98      2.00     6   6.6298
#        1626       0.01773      4.52      2.00     6   6.6295
#        1627       0.01726      4.53      2.00     6   6.6294
#        1628       0.01518      6.41      2.00     6   6.6295
#        1629       0.01518      6.40      2.00     6   6.6294
#        1631       0.03393      5.99      2.00     6   6.6302
#        1632       0.00728      4.91      2.00     5   6.6335
#        1634       0.02109      5.83      2.00     6   6.6369
#        1635       0.02141      5.82      2.00     6   6.6370
#        1636       0.02237      7.66      2.00     7   6.6371
#        1637       0.02965     10.27      2.00     6   6.6377
#        1638       0.01760      7.58      2.00     7   6.6383
#        1639       0.01769     15.14      2.00     6   6.6387
#        1640       0.01804      7.60      2.00     7   6.6388
#        1641       0.03137     11.23      2.00     5   6.6407
#        1642       0.02177     16.93      2.00     6   6.6402
#        1643       0.02468      7.22      2.00     7   6.6431
#        1644       0.01910      6.48      2.00     7   6.6437
#        1645       0.01741      9.77      2.00     7   6.6435
#        1646       0.02256     22.90      2.00     7   6.6439
#        1647       0.02160     22.89      2.00     7   6.6436
#        1648       0.01910      6.44      2.00     7   6.6442
#        1650       0.02109     12.33      2.00     7   6.6443
#        1651       0.02076     12.36      2.00     7   6.6442
#        1652       0.01699      9.73      2.00     7   6.6440
#        1654       0.01533     11.12      2.00     7   6.6452
#        1655       0.01796     31.79      2.00     7   6.6459
#        1656       0.02074     11.11      2.00     7   6.6457
#        1658       0.02903     11.92      2.00     6   6.6469
#        1659       0.01027     15.12      2.00     5   6.6478
#        1660       0.01787      6.38      2.00     6   6.6486
#        1661       0.02204      4.75      2.00     6   6.6489
#        1662       0.02194     11.76      2.00     6   6.6490
#        1665       0.02280      6.31      2.00     6   6.6507
#        1666       0.02459      7.77      2.00     7   6.6514
#        1667       0.02383      7.77      2.00     7   6.6514
#        1669       0.00919     10.27      2.00     4   6.6528
#        1671       0.02414      7.46      2.00     7   6.6532
#        1672       0.01055      4.21      2.00     5   6.6540
#        1673       0.00745      4.81      2.00     5   6.6542
#        1675       0.01053     12.00      2.00     7   6.6558
#        1676       0.01696     19.28      2.00     7   6.6558
#        1677       0.01756     10.64      2.00     7   6.6561
#        1678       0.02457      7.12      2.00     7   6.6563
#        1680       0.01694      7.31      2.00     7   6.6567
#        1681       0.02884     17.52      2.00     7   6.6568
#        1682       0.02456      7.08      2.00     7   6.6573
#        1683       0.02650      7.09      2.00     7   6.6578
#        1684       0.01802      4.38      2.00     6   6.6582
#        1685       0.01800     10.33      2.00     7   6.6585
#        1686       0.01663      7.26      2.00     7   6.6582
#        1687       0.02937     17.50      2.00     7   6.6581
#        1688       0.01719     11.84      2.00     7   6.6594
#        1689       0.01765     11.86      2.00     7   6.6595
#        1690       0.00704     11.10      1.00     6   6.6602
#        1691       0.01795     10.28      2.00     7   6.6598
#        1692       0.02337     10.98      2.00     6   6.6605
#        1693       0.00639      5.06      2.00     5   6.6620
#        1694       0.00740      4.87      2.00     5   6.6674
#        1695       0.01175      8.89      2.00     6   6.6676
#        1696       0.01895      4.01      2.00     6   6.6679
#        1697       0.01448      5.01      2.00     6   6.6698
#        1698       0.01447      4.99      2.00     6   6.6704
#        1700       0.01028     11.56      2.00     7   6.6712
#        1701       0.01640     18.29      2.00     7   6.6712
#        1702       0.02790     10.27      2.00     7   6.6718
#        1703       0.00713      4.84      2.00     5   6.6748
#        1707       0.01057     65.20      2.00     6   6.6750
#        1708       0.02944     13.01      2.00     5   6.6762
#        1709       0.01968      8.94      2.00     5   6.6762
#        1710       0.02951     13.02      2.00     5   6.6764
#        1711       0.01307     21.43      2.00     6   6.6766
#        1712       0.00740      5.44      2.00     5   6.6771
#        1715       0.00692     12.46      1.00     6   6.6779
#        1716       0.02044      8.04      2.00     6   6.6776
#        1717       0.01531      5.76      2.00     6   6.6831
#        1718       0.01208      4.48      2.00     5   6.6841
#        1719       0.01214      4.79      2.00     5   6.6841
#        1720       0.01510      5.74      2.00     6   6.6845
#        1721       0.02076      8.90      2.00     7   6.6858
#        1723       0.03802     25.53      2.00     7   6.6874
#        1725       0.02277     17.74      2.00     7   6.6874
#        1726       0.01787      5.71      2.00     7   6.6875
#        1727       0.01727      7.83      2.00     7   6.6879
#        1728       0.01029      5.35      2.00     7   6.6879
#        1729       0.02833     10.10      2.00     7   6.6882
#        1730       0.01440      7.51      2.00     6   6.6887
#        1731       0.01980      4.47      2.00     7   6.6894
#        1732       0.01713      6.66      2.00     7   6.6892
#        1733       0.02106      4.03      2.00     7   6.6898
#        1735       0.01836      4.41      2.00     6   6.6906
#        1737       0.02043      5.29      2.00     7   6.6904
#        1738       0.00765      5.36      2.00     5   6.6912
#        1739       0.01516      7.15      2.00     6   6.6914
#        1740       0.02169      5.11      2.00     6   6.6917
#        1741       0.02428      5.07      2.00     6   6.6917
#        1742       0.02540      5.53      2.00     7   6.6927
#        1743       0.02259      6.26      2.00     7   6.6936
#        1746       0.02167     19.63      2.00     7   6.6959
#        1747       0.01640      4.06      2.00     7   6.6962
#        1748       0.01629      4.27      2.00     6   6.6966
#        1749       0.02945      8.52      2.00     7   6.6972
#        1750       0.00740      5.26      2.00     5   6.6975
#        1751       0.00741      5.25      2.00     5   6.6984
#        1752       0.01572      4.33      2.00     7   6.6984
#        1753       0.01851      4.72      2.00     6   6.7005
#        1755       0.01526      4.25      2.00     6   6.7017
#        1756       0.03641      5.56      2.00     6   6.7025
#        1757       0.02139      4.75      2.00     6   6.7032
#        1758       0.02302      4.69      2.00     6   6.7032
#        1760       0.02230      7.63      2.00     6   6.7047
#        1761       0.01060    185.00      2.00     7   6.7050
#        1762       0.01085     57.43      2.00     6   6.7062
#        1763       0.01106      7.36      2.00     5   6.7073
#        1764       0.01634      4.52      2.00     6   6.7076
#        1765       0.00659      6.35      2.00     4   6.7079
#        1766       0.01542     17.71      2.00     6   6.7081
#        1767       0.01791     11.59      2.00     6   6.7083
#        1768       0.02756      7.94      2.00     7   6.7101
#        1770       0.02014      5.94      2.00     6   6.7131
#        1771       0.02040      5.94      2.00     6   6.7137
#        1775       0.01762      4.93      2.00     6   6.7162
#        1776       0.02078      9.65      2.00     6   6.7159
#        1777       0.01560      4.62      2.00     6   6.7163
#        1778       0.01600     18.07      2.00     6   6.7164
#        1779       0.01589     17.95      2.00     6   6.7172
#        1780       0.01548      6.13      2.00     6   6.7176
#        1781       0.01915     16.44      2.00     6   6.7179
#        1782       0.02294      4.43      2.00     6   6.7185
#        1783       0.01682      7.13      2.00     7   6.7194
#        1784       0.01009     12.93      2.00     6   6.7208
#        1785       0.01610      5.92      2.00     6   6.7224
#        1786       0.02294      4.12      2.00     6   6.7280
#        1787       0.04920     10.45      2.00     7   6.7280
#        1790       0.03304     10.49      2.00     7   6.7307
#        1791       0.01791      5.16      2.00     6   6.7320
#        1792       0.01549      6.17      2.00     6   6.7320
#        1793       0.01552      5.51      2.00     6   6.7327
#        1795       0.03875     10.03      2.00     7   6.7351
#        1796       0.00592      5.22      2.00     3   6.7366
#        1797       0.01085     18.91      2.00     6   6.7373
#        1798       0.00771     11.11      2.00     6   6.7373
#        1799       0.03517      9.60      2.00     7   6.7378
#        1800       0.01776      4.58      2.00     7   6.7376
#        1801       0.01177      7.62      2.00     5   6.7382
#        1802       0.01607      4.12      2.00     7   6.7381
#        1804       0.01899     11.90      2.00     7   6.7404
#        1805       0.03001     10.01      2.00     7   6.7407
#        1806       0.01745      7.74      2.00     7   6.7417
#        1808       0.03191     18.01      2.00     7   6.7418
#        1809       0.03550      5.69      2.00     7   6.7425
#        1810       0.01740      4.98      2.00     7   6.7427
#        1811       0.03249     15.33      2.00     7   6.7430
#        1812       0.01848     10.85      2.00     7   6.7435
#        1813       0.01402      8.39      2.00     6   6.7444
#        1814       0.01989      4.50      2.00     7   6.7449
#        1816       0.01604     55.41      2.00     7   6.7464
#        1817       0.01593     54.99      2.00     7   6.7472
#        1818       0.01206     15.16      2.00     6   6.7509
#        1819       0.01694      7.55      2.00     7   6.7512
#        1820       0.03012     12.37      2.00     7   6.7512
#        1821       0.01716      5.18      2.00     7   6.7513
#        1823       0.01830      7.26      2.00     7   6.7530
#        1824       0.01569      5.03      2.00     7   6.7536
#        1825       0.02219      5.45      2.00     6   6.7558
#        1826       0.02804      5.30      2.00     6   6.7575
#        1827       0.01908     12.61      2.00     7   6.7575
#        1828       0.02212      5.60      2.00     7   6.7582
#        1829       0.02284      5.65      2.00     7   6.7586
#        1830       0.02427      4.32      2.00     7   6.7585
#        1831       0.02961     16.37      2.00     7   6.7585
#        1832       0.02233     13.91      2.00     7   6.7585
#        1834       0.01467      5.04      2.00     6   6.7604
#        1835       0.02538      6.53      2.00     7   6.7608
#        1838       0.02138     12.50      2.00     7   6.7634
#        1840       0.02227      5.12      2.00     7   6.7636
#        1841       0.02171      5.76      2.00     7   6.7635
#        1842       0.01693      4.23      2.00     7   6.7658
#        1843       0.01910      4.44      2.00     7   6.7660
#        1844       0.00590     10.74      2.00     4   6.7666
#        1845       0.02445      6.80      2.00     7   6.7671
#        1846       0.02574      6.03      2.00     7   6.7671
#        1848       0.01342      7.48      2.00     6   6.7680
#        1849       0.02931     11.91      2.00     6   6.7683
#        1851       0.02180      4.78      2.00     7   6.7692
#        1852       0.02025      4.67      2.00     6   6.7692
#        1854       0.02374      5.11      2.00     6   6.7693
#        1855       0.02056     12.58      2.00     7   6.7693
#        1856       0.01142     12.00      2.00     7   6.7695
#        1857       0.01198      9.12      2.00     5   6.7699
#        1859       0.01847     13.39      2.00     6   6.7710
#        1860       0.04511      6.39      2.00     7   6.7711
#        1861       0.03281      6.24      2.00     7   6.7714
#        1863       0.02239      4.06      2.00     7   6.7715
#        1864       0.02076      5.04      2.00     7   6.7719
#        1866       0.02848      4.25      2.00     7   6.7737
#        1867       0.01791      5.24      2.00     7   6.7739
#        1868       0.02763      5.97      2.00     7   6.7741
#        1870       0.01017      8.48      2.00     6   6.7748
#        1871       0.00570      8.34      2.00     4   6.7753
#        1873       0.04505      6.15      2.00     7   6.7757
#        1874       0.02994      6.07      2.00     7   6.7760
#        1875       0.01493      8.04      2.00     6   6.7787
#        1876       0.02346      4.28      2.00     7   6.7783
#        1877       0.01488      8.09      2.00     6   6.7794
#        1878       0.01226      5.67      2.00     6   6.7822
#        1882       0.01569      4.50      2.00     7   6.7847
#        1883       0.01135     26.09      2.00     7   6.7852
#        1884       0.02781      6.37      2.00     7   6.7847
#        1885       0.02132     19.88      2.00     7   6.7872
#        1886       0.00658      5.28      2.00     3   6.7877
#        1887       0.01183     10.72      2.00     6   6.7888
#        1889       0.00695      6.77      2.00     5   6.7923
#        1890       0.01887     12.48      2.00     7   6.7938
#        1891       0.03215      6.64      2.00     6   6.7965
#        1892       0.02278      4.54      2.00     7   6.7962
#        1893       0.02853     18.18      2.00     7   6.7965
#        1894       0.02231     11.74      2.00     7   6.7965
#        1895       0.02218      6.19      2.00     7   6.7974
#        1896       0.02402      6.02      2.00     7   6.7987
#        1897       0.02024      9.27      2.00     6   6.8000
#        1898       0.01410      6.02      2.00     5   6.8000
#        1899       0.02053     12.23      2.00     7   6.8009
#        1902       0.01915      5.16      2.00     7   6.8014
#        1903       0.01112    147.10      2.00     7   6.8011
#        1904       0.01416      6.01      2.00     5   6.8022
#        1905       0.02003      9.24      2.00     6   6.8025
#        1906       0.01741      5.87      2.00     7   6.8029
#        1907       0.01559     46.98      2.00     7   6.8030
#        1908       0.01773      8.80      2.00     7   6.8038
#        1909       0.02607      4.02      2.00     7   6.8036
#        1910       0.03002     14.26      2.00     7   6.8037
#        1911       0.02163      5.17      2.00     7   6.8036
#        1912       0.02218      7.00      2.00     7   6.8034
#        1913       0.02493      5.55      2.00     7   6.8041
#        1914       0.02351      7.26      2.00     7   6.8041
#        1916       0.01754      4.23      2.00     7   6.8038
#        1917       0.02491      6.76      2.00     7   6.8041
#        1918       0.00554     15.82      2.00     5   6.8053
#        1921       0.01663      4.95      2.00     7   6.8058
#        1923       0.02004     14.92      2.00     7   6.8063
#        1924       0.02244      6.14      2.00     6   6.8071
#        1927       0.01962      7.88      2.00     7   6.8093
#        1928       0.02351      8.38      2.00     7   6.8093
#        1929       0.02233     13.35      2.00     7   6.8094
#        1930       0.02361      5.92      2.00     7   6.8095
#        1931       0.01971      7.56      1.00     6   6.8098
#        1932       0.02502      6.39      2.00     7   6.8100
#        1935       0.01734      7.98      2.00     7   6.8107
#        1936       0.02286     19.13      2.00     7   6.8108
#        1937       0.02657      7.30      2.00     5   6.8111
#        1938       0.01779      8.41      2.00     5   6.8109
#        1939       0.02188      4.53      2.00     7   6.8108
#        1941       0.01768      9.81      2.00     7   6.8110
#        1942       0.02028      6.97      2.00     7   6.8112
#        1943       0.02074      9.63      2.00     7   6.8109
#        1944       0.01692     18.62      2.00     7   6.8109
#        1945       0.02650      7.28      2.00     5   6.8121
#        1946       0.01769      6.06      2.00     7   6.8127
#        1947       0.01568      9.57      2.00     7   6.8125
#        1948       0.01858     25.83      2.00     7   6.8127
#        1949       0.01932     13.54      2.00     6   6.8139
#        1954       0.04063      5.49      2.00     7   6.8165
#        1955       0.03994      5.48      2.00     7   6.8164
#        1957       0.02061      6.34      2.00     7   6.8170
#        1960       0.02770      5.61      2.00     7   6.8174
#        1961       0.00624      8.52      2.00     4   6.8187
#        1962       0.01085      6.51      2.00     6   6.8184
#        1965       0.02136     11.29      2.00     6   6.8187
#        1966       0.02787      5.60      2.00     7   6.8185
#        1967       0.01672      5.20      2.00     7   6.8186
#        1969       0.01506      6.56      2.00     6   6.8190
#        1970       0.01672      5.14      2.00     7   6.8208
#        1971       0.02420      8.30      2.00     6   6.8211
#        1972       0.01827     13.22      2.00     6   6.8215
#        1974       0.01757      7.94      2.00     7   6.8237
#        1975       0.03280      4.96      2.00     7   6.8238
#        1976       0.01957      6.69      2.00     5   6.8244
#        1978       0.04147      4.95      2.00     7   6.8242
#        1979       0.03295      4.95      2.00     7   6.8245
#        1980       0.01579     22.74      2.00     7   6.8240
#        1982       0.04062      4.95      2.00     7   6.8245
#        1983       0.01696      4.37      2.00     7   6.8249
#        1985       0.01951      6.66      2.00     5   6.8263
#        1987       0.01570      9.46      2.00     7   6.8268
#        1988       0.01811     13.09      2.00     7   6.8274
#        1989       0.01763      9.02      2.00     7   6.8275
#        1990       0.01418      9.21      1.00     6   6.8300
#        1991       0.01289      7.94      2.00     6   6.8298
#        1993       0.01424      9.22      1.00     6   6.8322
#        1997       0.00808     10.62      2.00     6   6.8330
#        1998       0.01161     16.50      2.00     6   6.8330
#        1999       0.02842     12.44      2.00     5   6.8337
#        2000       0.01551      8.23      2.00     7   6.8332
#        2001       0.01546      5.90      2.00     7   6.8332
#        2002       0.01438      6.64      2.00     6   6.8349
#        2004       0.02615      6.27      2.00     7   6.8364
#        2005       0.02488      6.30      2.00     7   6.8364
#        2006       0.02427     15.07      2.00     7   6.8363
#        2007       0.02322     15.07      2.00     7   6.8365
#        2008       0.00759      7.51      2.00     4   6.8372
#        2010       0.02527      7.24      2.00     7   6.8380
#        2011       0.01947     10.88      2.00     7   6.8380
#        2012       0.02484      7.26      2.00     7   6.8381
#        2013       0.02021     10.85      2.00     7   6.8381
#        2014       0.01560      5.34      2.00     7   6.8397
#        2016       0.01918     29.44      2.00     7   6.8398
#        2018       0.02732     24.30      2.00     6   6.8409
#        2019       0.02825     19.25      2.00     6   6.8411
#        2021       0.02831     19.21      2.00     6   6.8421
#        2024       0.01851      7.55      2.00     7   6.8430
#        2025       0.01827      9.11      2.00     7   6.8438
#        2026       0.01824      8.03      2.00     7   6.8446
#        2028       0.01612      8.01      2.00     7   6.8453
#        2029       0.01605      5.56      2.00     7   6.8453
#        2030       0.02355      5.30      2.00     6   6.8457
#        2031       0.01817      4.82      2.00     7   6.8457
#        2032       0.02104      8.79      1.00     6   6.8474
#        2033       0.00620      8.85      2.00     4   6.8483
#        2034       0.01991      7.13      2.00     5   6.8486
#        2038       0.03797     11.85      2.00     7   6.8501
#        2039       0.02882     10.41      2.00     5   6.8507
#        2041       0.05026      7.91      2.00     7   6.8523
#        2044       0.01949     16.58      2.00     6   6.8544
#        2045       0.03417      8.13      2.00     7   6.8546
#        2046       0.01943     16.49      2.00     6   6.8563
#        2047       0.03074      6.04      2.00     7   6.8573
#        2048       0.04330      6.18      2.00     7   6.8571
#        2050       0.02048      7.59      2.00     6   6.8595
#        2051       0.01591      4.84      2.00     5   6.8598
#        2053       0.02683      4.22      2.00     7   6.8597
#        2058       0.04222      5.91      2.00     7   6.8631
#        2059       0.03144      5.82      2.00     7   6.8633
#        2060       0.02093     18.72      2.00     6   6.8647
#        2061       0.02280      4.22      2.00     7   6.8657
#        2065       0.01101      8.94      2.00     5   6.8686
#        2066       0.01104      8.91      2.00     5   6.8693
#        2069       0.02966      5.08      2.00     6   6.8713
#        2070       0.02001     10.36      2.00     6   6.8719
#        2072       0.01777      9.96      2.00     7   6.8761
#        2073       0.01850      7.12      2.00     7   6.8761
#        2075       0.01923      4.15      2.00     7   6.8767
#        2078       0.01962      9.10      2.00     7   6.8768
#        2079       0.02007      9.05      2.00     7   6.8772
#        2080       0.01922      4.15      2.00     7   6.8773
#        2081       0.01994      4.77      2.00     7   6.8775
#        2082       0.01964      4.76      2.00     7   6.8775
#        2083       0.00700     27.04      2.00     5   6.8783
#        2084       0.01881      8.40      2.00     7   6.8779
#        2085       0.01970      8.55      2.00     7   6.8785
#        2086       0.02027     21.86      2.00     7   6.8792
#        2087       0.01944      8.53      2.00     7   6.8789
#        2088       0.00618      8.20      2.00     4   6.8826
#        2089       0.01033     20.91      2.00     6   6.8825
#        2090       0.01602      5.03      2.00     6   6.8884
#        2093       0.01768      4.43      2.00     7   6.8900
#        2094       0.01781     10.04      2.00     7   6.8901
#        2095       0.01704      5.64      2.00     7   6.8898
#        2096       0.01726      4.43      2.00     7   6.8914
#        2097       0.01881      9.94      2.00     7   6.8913
#        2098       0.01785      9.72      2.00     7   6.8917
#        2099       0.01585      7.99      2.00     7   6.8927
#        2100       0.01661      5.42      2.00     7   6.8927
#        2101       0.01659      5.41      2.00     7   6.8927
#        2102       0.01555      7.97      2.00     7   6.8927
#        2103       0.01781      9.67      2.00     7   6.8931
#        2104       0.00743      6.38      2.00     4   6.8939
#        2105       0.01527      6.59      2.00     7   6.8939
#        2106       0.01263      4.30      2.00     5   6.8953
#        2108       0.02904     15.17      2.00     7   6.8982
#        2109       0.02224     23.29      2.00     6   6.8986
#        2110       0.02209     23.24      2.00     6   6.8993
#        2111       0.01921      6.02      2.00     7   6.8994
#        2112       0.01779     11.85      2.00     7   6.8999
#        2114       0.01450      4.98      2.00     5   6.9039
#        2117       0.01816      4.26      2.00     7   6.9078
#        2118       0.01954      4.12      2.00     7   6.9077
#        2119       0.01471      6.44      2.00     6   6.9089
#        2122       0.01791      7.30      2.00     7   6.9095
#        2123       0.03762      7.13      2.00     7   6.9128
#        2125       0.00588     12.32      2.00     5   6.9135
#        2126       0.02972      7.11      2.00     7   6.9151
#        2127       0.02956      4.56      2.00     7   6.9151
#        2128       0.02520      4.91      2.00     7   6.9155
#        2129       0.02683      6.72      2.00     5   6.9164
#        2130       0.00650      7.76      2.00     4   6.9173
#        2131       0.02714      6.09      2.00     5   6.9176
#        2132       0.01698      9.91      2.00     7   6.9201
#        2134       0.02636     15.16      2.00     7   6.9212
#        2140       0.01659      4.73      2.00     7   6.9234
#        2144       0.02033     10.82      2.00     6   6.9275
#        2146       0.02036     25.91      2.00     7   6.9292
#        2147       0.02569     16.61      2.00     7   6.9292
#        2148       0.01295      4.59      2.00     6   6.9300
#        2149       0.01288      5.02      2.00     6   6.9300
#        2150       0.01716     10.60      2.00     7   6.9310
#        2151       0.01933     29.40      2.00     7   6.9314
#        2154       0.01537      5.90      2.00     7   6.9327
#        2156       0.01707      4.21      2.00     7   6.9330
#        2157       0.01542      5.89      2.00     7   6.9332
#        2158       0.00604      5.85      2.00     5   6.9334
#        2159       0.01339      4.79      2.00     6   6.9339
#        2160       0.01742     15.40      2.00     7   6.9335
#        2161       0.01337      5.24      2.00     6   6.9339
#        2162       0.02774     16.33      2.00     7   6.9337
#        2165       0.01652      4.99      2.00     7   6.9359
#        2167       0.02084     12.21      2.00     6   6.9371
#        2168       0.02416      6.15      2.00     7   6.9386
#        2169       0.01078     61.56      2.00     7   6.9383
#        2170       0.02083     10.16      2.00     7   6.9385
#        2172       0.02620      6.73      2.00     7   6.9387
#        2174       0.02449     17.08      2.00     7   6.9388
#        2177       0.01078      4.93      2.00     6   6.9404
#        2179       0.01961      9.81      2.00     7   6.9404
#        2180       0.01868      4.41      2.00     7   6.9404
#  1600/2000 paths used
#  xsedge+50, used to normalize mu           1.0000E+00
#  -----------------------------------------------------------------------
#  omega    e    k    mu    mu0     chi     @#
    9663.657     -7.298   0.000  2.08992E-03  1.51959E-04  6.43234E+00
    9663.666     -7.289   0.050  2.09593E-03  1.56066E-04  6.42920E+00
    9663.695     -7.260   0.100  2.09808E-03  1.60172E-04  6.41329E+00
    9663.742     -7.213   0.150  2.08612E-03  1.72075E-04  6.30814E+00
    9663.809     -7.146   0.200  2.04464E-03  1.83978E-04  6.10695E+00
    9663.895     -7.060   0.250  1.93223E-03  2.00173E-04  5.65089E+00
    9663.999     -6.955   0.300  1.76525E-03  2.16367E-04  5.02329E+00
    9664.123     -6.832   0.350  1.50071E-03  2.30957E-04  4.09062E+00
    9664.266     -6.689   0.400  1.19767E-03  2.45547E-04  3.04709E+00
    9664.428     -6.527   0.450  8.41945E-04  2.56014E-04  1.86391E+00
    9664.609     -6.346   0.500  5.11429E-04  2.66482E-04  7.74560E-01
    9664.809     -6.146   0.550  2.13146E-04  2.73388E-04 -1.89711E-01
    9665.028     -5.927   0.600  1.28306E-06  2.80294E-04 -8.75053E-01
    9665.266     -5.689   0.650 -1.35814E-04  2.84550E-04 -1.31664E+00
    9665.523     -5.432   0.700 -1.79109E-04  2.88806E-04 -1.46365E+00
    9665.800     -5.155   0.750 -1.68769E-04  2.90996E-04 -1.44106E+00
    9666.095     -4.860   0.800 -1.03688E-04  2.93185E-04 -1.24646E+00
    9666.409     -4.546   0.850 -2.55133E-05  2.93686E-04 -1.00800E+00
    9666.743     -4.212   0.900  6.45737E-05  2.94187E-04 -7.29093E-01
    9667.095     -3.860   0.950  1.45640E-04  2.93305E-04 -4.72959E-01
    9667.467     -3.488   1.000  2.17532E-04  2.92423E-04 -2.41972E-01
    9667.857     -3.098   1.050  2.75639E-04  2.90462E-04 -4.84412E-02
    9668.267     -2.688   1.100  3.19199E-04  2.88502E-04  1.01477E-01
    9668.695     -2.260   1.150  3.50139E-04  2.85758E-04  2.15711E-01
    9669.143     -1.812   1.200  3.67283E-04  2.83014E-04  2.86221E-01
    9669.610     -1.345   1.250  3.73759E-04  2.79758E-04  3.24065E-01
    9670.095     -0.860   1.300  3.69935E-04  2.76502E-04  3.27010E-01
    9670.600     -0.355   1.350  3.60203E-04  2.72972E-04  3.10140E-01
    9671.124      0.169   1.400  3.46460E-04  2.69442E-04  2.78234E-01
    9671.667      0.712   1.450  3.32893E-04  2.65831E-04  2.46182E-01
    9672.229      1.274   1.500  3.20576E-04  2.62219E-04  2.17742E-01
    9672.810      1.855   1.550  3.11610E-04  2.58666E-04  2.00708E-01
    9673.410      2.455   1.600  3.04930E-04  2.55112E-04  1.91927E-01
    9674.029      3.074   1.650  2.99913E-04  2.51720E-04  1.88540E-01
    9674.667      3.712   1.700  2.94795E-04  2.48328E-04  1.84651E-01
    9675.325      4.370   1.750  2.88403E-04  2.45163E-04  1.74351E-01
    9676.001      5.046   1.800  2.79807E-04  2.41997E-04  1.54723E-01
    9676.696      5.741   1.850  2.69826E-04  2.39102E-04  1.27442E-01
    9677.411      6.456   1.900  2.59591E-04  2.36207E-04  9.83392E-02
    9678.144      7.189   1.950  2.47411E-04  2.33569E-04  5.89335E-02
    9678.896      7.942   2.000  2.42739E-04  2.30931E-04  5.09066E-02
    9679.668      8.713   2.050  2.37080E-04  2.28740E-04  3.63684E-02
    9680.459      9.504   2.100  2.33934E-04  2.26548E-04  3.25797E-02
    9681.268     10.313   2.150  2.32671E-04  2.24357E-04  3.71045E-02
    9682.097     11.142   2.200  2.32139E-04  2.22166E-04  4.50396E-02
    9682.945     11.990   2.250  2.33768E-04  2.22230E-04  5.23543E-02
    9683.811     12.856   2.300  2.36015E-04  2.22294E-04  6.25591E-02
    9684.697     13.742   2.350  2.38380E-04  2.22358E-04  7.33973E-02
    9685.602     14.647   2.400  2.40487E-04  2.22422E-04  8.31538E-02
    9686.526     15.571   2.450  2.40502E-04  2.22596E-04  8.25866E-02
    9687.469     16.514   2.500  2.39654E-04  2.22769E-04  7.80284E-02
    9688.431     17.476   2.550  2.37809E-04  2.22943E-04  6.88332E-02
    9689.412     18.457   2.600  2.34938E-04  2.23117E-04  5.48447E-02
    9690.412     19.457   2.650  2.30280E-04  2.22759E-04  3.49526E-02
    9691.431     20.476   2.700  2.25000E-04  2.22402E-04  1.20955E-02
    9692.470     21.515   2.750  2.19321E-04  2.22045E-04 -1.27037E-02
    9693.527     22.572   2.800  2.13501E-04  2.21688E-04 -3.82505E-02
    9694.603     23.648   2.850  2.08389E-04  2.21594E-04 -6.16378E-02
    9695.698     24.744   2.900  2.03856E-04  2.21501E-04 -8.22799E-02
    9696.813     25.858   2.950  1.99998E-04  2.21407E-04 -9.97341E-02
    9697.946     26.991   3.000  1.96897E-04  2.21314E-04 -1.13631E-01
    9699.099     28.144   3.050  1.95168E-04  2.21464E-04 -1.22062E-01
    9700.270     29.316   3.100  1.94245E-04  2.21615E-04 -1.26717E-01
    9701.461     30.506   3.150  1.94177E-04  2.21765E-04 -1.27401E-01
    9702.671     31.716   3.200  1.95035E-04  2.21915E-04 -1.23814E-01
    9703.899     32.945   3.250  1.97078E-04  2.22254E-04 -1.15555E-01
    9705.147     34.192   3.300  2.00019E-04  2.22592E-04 -1.03246E-01
    9706.414     35.459   3.350  2.03862E-04  2.22930E-04 -8.69120E-02
    9707.700     36.745   3.400  2.08474E-04  2.23268E-04 -6.72004E-02
    9709.005     38.050   3.450  2.13683E-04  2.23736E-04 -4.54896E-02
    9710.329     39.374   3.500  2.19100E-04  2.24205E-04 -2.30073E-02
    9711.672     40.717   3.550  2.24416E-04  2.24673E-04 -1.15382E-03
    9713.034     42.079   3.600  2.29348E-04  2.25141E-04  1.88186E-02
    9714.415     43.460   3.650  2.33696E-04  2.25665E-04  3.57899E-02
    9715.815     44.860   3.700  2.37341E-04  2.26188E-04  4.95100E-02
    9717.234     46.280   3.750  2.40274E-04  2.26712E-04  5.99837E-02
    9718.673     47.718   3.800  2.42573E-04  2.27235E-04  6.75860E-02
    9720.130     49.175   3.850  2.44322E-04  2.27734E-04  7.28554E-02
    9721.606     50.651   3.900  2.45697E-04  2.28233E-04  7.64600E-02
    9723.102     52.147   3.950  2.46790E-04  2.28733E-04  7.88036E-02
    9724.616     53.661   4.000  2.47623E-04  2.29232E-04  8.00085E-02
    9726.150     55.195   4.050  2.48096E-04  2.29639E-04  8.01034E-02
    9727.702     56.747   4.100  2.48204E-04  2.30045E-04  7.86166E-02
    9729.274     58.319   4.150  2.47831E-04  2.30452E-04  7.50629E-02
    9730.865     59.910   4.200  2.46876E-04  2.30859E-04  6.90158E-02
    9732.474     61.519   4.250  2.45184E-04  2.31119E-04  6.05178E-02
    9734.103     63.148   4.300  2.42865E-04  2.31379E-04  4.93542E-02
    9735.751     64.796   4.350  2.40000E-04  2.31639E-04  3.58748E-02
    9737.418     66.463   4.400  2.36736E-04  2.31899E-04  2.07242E-02
    9739.104     68.149   4.450  2.33095E-04  2.31989E-04  4.73799E-03
    9740.809     69.854   4.500  2.29448E-04  2.32079E-04 -1.12605E-02
    9742.533     71.578   4.550  2.26005E-04  2.32169E-04 -2.63742E-02
    9744.276     73.321   4.600  2.22946E-04  2.32259E-04 -3.98337E-02
    9746.038     75.083   4.650  2.20220E-04  2.32182E-04 -5.11863E-02
    9747.819     76.864   4.700  2.18101E-04  2.32105E-04 -5.99478E-02
    9749.619     78.664   4.750  2.16633E-04  2.32027E-04 -6.59321E-02
    9751.439     80.484   4.800  2.15818E-04  2.31950E-04 -6.91203E-02
    9753.277     82.322   4.850  2.15487E-04  2.31738E-04 -6.97000E-02
    9755.134     84.179   4.900  2.15743E-04  2.31526E-04 -6.77613E-02
    9757.011     86.056   4.950  2.16522E-04  2.31313E-04 -6.35698E-02
    9758.906     87.951   5.000  2.17752E-04  2.31101E-04 -5.74317E-02
    9760.821     89.866   5.050  2.19264E-04  2.30801E-04 -4.97043E-02
    9762.754     91.799   5.100  2.21057E-04  2.30501E-04 -4.07389E-02
    9764.707     93.752   5.150  2.23037E-04  2.30201E-04 -3.09452E-02
    9766.679     95.724   5.200  2.25107E-04  2.29901E-04 -2.07359E-02
    9768.669     97.714   5.250  2.27170E-04  2.29573E-04 -1.04095E-02
    9770.679     99.724   5.300  2.29163E-04  2.29244E-04 -3.51928E-04
    9772.708    101.753   5.350  2.31026E-04  2.28916E-04  9.16455E-03
    9774.756    103.801   5.400  2.32712E-04  2.28588E-04  1.79382E-02
    9776.823    105.868   5.450  2.34242E-04  2.28281E-04  2.59540E-02
    9778.909    107.954   5.500  2.35536E-04  2.27975E-04  3.29601E-02
    9781.014    110.059   5.550  2.36565E-04  2.27668E-04  3.88276E-02
    9783.138    112.183   5.600  2.37296E-04  2.27362E-04  4.34089E-02
    9785.281    114.326   5.650  2.37776E-04  2.27117E-04  4.66100E-02
    9787.443    116.488   5.700  2.37871E-04  2.26873E-04  4.81298E-02
    9789.624    118.669   5.750  2.37545E-04  2.26629E-04  4.78121E-02
    9791.824    120.869   5.800  2.36783E-04  2.26384E-04  4.55786E-02
    9794.044    123.089   5.850  2.35695E-04  2.26231E-04  4.14922E-02
    9796.282    125.327   5.900  2.34213E-04  2.26078E-04  3.56796E-02
    9798.539    127.585   5.950  2.32415E-04  2.25926E-04  2.84718E-02
    9800.816    129.861   6.000  2.30401E-04  2.25773E-04  2.03147E-02
    9803.111    132.157   6.050  2.28426E-04  2.25758E-04  1.17036E-02
    9805.426    134.471   6.100  2.26450E-04  2.25744E-04  3.09587E-03
    9807.760    136.805   6.150  2.24577E-04  2.25730E-04 -5.05278E-03
    9810.112    139.157   6.200  2.22891E-04  2.25715E-04 -1.23826E-02
    9812.484    141.529   6.250  2.21446E-04  2.25701E-04 -1.86474E-02
    9814.875    143.920   6.300  2.20275E-04  2.25687E-04 -2.37090E-02
    9817.285    146.330   6.350  2.19391E-04  2.25672E-04 -2.75145E-02
    9819.713    148.759   6.400  2.18792E-04  2.25658E-04 -3.00664E-02
    9822.161    151.206   6.450  2.18472E-04  2.25644E-04 -3.13964E-02
    9824.628    153.673   6.500  2.18420E-04  2.25629E-04 -3.15493E-02
    9827.114    156.159   6.550  2.18631E-04  2.25681E-04 -3.08410E-02
    9829.619    158.665   6.600  2.19094E-04  2.25732E-04 -2.90318E-02
    9832.144    161.189   6.650  2.19791E-04  2.25783E-04 -2.61982E-02
    9834.687    163.732   6.700  2.20694E-04  2.25834E-04 -2.24649E-02
    9837.249    166.294   6.750  2.21764E-04  2.25885E-04 -1.80083E-02
    9839.830    168.875   6.800  2.22949E-04  2.25937E-04 -1.30489E-02
    9842.431    171.476   6.850  2.24194E-04  2.25988E-04 -7.83279E-03
    9845.050    174.095   6.900  2.25441E-04  2.26039E-04 -2.60917E-03
    9847.688    176.733   6.950  2.26638E-04  2.26090E-04  2.39261E-03
    9850.346    179.391   7.000  2.27741E-04  2.26141E-04  6.97978E-03
    9853.022    182.067   7.050  2.28606E-04  2.26055E-04  1.11357E-02
    9855.718    184.763   7.100  2.29321E-04  2.25968E-04  1.46457E-02
    9858.432    187.478   7.150  2.29869E-04  2.25882E-04  1.74274E-02
    9861.166    190.211   7.200  2.30238E-04  2.25795E-04  1.94319E-02
    9863.919    192.964   7.250  2.30425E-04  2.25709E-04  2.06381E-02
    9866.691    195.736   7.300  2.30429E-04  2.25622E-04  2.10483E-02
    9869.481    198.526   7.350  2.30257E-04  2.25536E-04  2.06873E-02
    9872.291    201.336   7.400  2.29920E-04  2.25449E-04  1.96016E-02
    9875.120    204.165   7.450  2.29434E-04  2.25363E-04  1.78608E-02
    9877.968    207.013   7.500  2.28820E-04  2.25276E-04  1.55555E-02
    9880.835    209.880   7.550  2.27912E-04  2.25003E-04  1.27919E-02
    9883.721    212.766   7.600  2.26930E-04  2.24730E-04  9.69036E-03
    9886.626    215.671   7.650  2.25903E-04  2.24457E-04  6.38228E-03
    9889.550    218.596   7.700  2.24861E-04  2.24183E-04  2.99535E-03
    9892.494    221.539   7.750  2.23831E-04  2.23910E-04 -3.51885E-04
    9895.456    224.501   7.800  2.22835E-04  2.23637E-04 -3.55300E-03
    9898.437    227.482   7.850  2.21897E-04  2.23364E-04 -6.51425E-03
    9901.438    230.483   7.900  2.21032E-04  2.23090E-04 -9.15350E-03
    9904.457    233.502   7.950  2.20258E-04  2.22817E-04 -1.13986E-02
    9907.496    236.541   8.000  2.19589E-04  2.22544E-04 -1.31860E-02
    9910.553    239.598   8.050  2.18979E-04  2.22221E-04 -1.44914E-02
    9913.630    242.675   8.100  2.18492E-04  2.21898E-04 -1.52527E-02
    9916.725    245.770   8.150  2.18133E-04  2.21575E-04 -1.54397E-02
    9919.840    248.885   8.200  2.17906E-04  2.21253E-04 -1.50367E-02
    9922.974    252.019   8.250  2.17809E-04  2.20930E-04 -1.40483E-02
    9926.126    255.171   8.300  2.17834E-04  2.20607E-04 -1.25035E-02
    9929.298    258.343   8.350  2.17969E-04  2.20284E-04 -1.04588E-02
    9932.489    261.534   8.400  2.18194E-04  2.19961E-04 -7.99934E-03
    9935.699    264.744   8.450  2.18483E-04  2.19639E-04 -5.23739E-03
    9938.928    267.973   8.500  2.18808E-04  2.19316E-04 -2.30722E-03
    9942.176    271.221   8.550  2.19237E-04  2.19093E-04  6.54746E-04
    9945.443    274.488   8.600  2.19642E-04  2.18869E-04  3.51877E-03
    9948.729    277.774   8.650  2.19993E-04  2.18646E-04  6.13698E-03
    9952.034    281.079   8.700  2.20258E-04  2.18423E-04  8.37455E-03
    9955.358    284.404   8.750  2.20415E-04  2.18199E-04  1.01206E-02
    9958.702    287.747   8.800  2.20446E-04  2.17976E-04  1.12974E-02
    9962.064    291.109   8.850  2.20345E-04  2.17753E-04  1.18673E-02
    9965.445    294.490   8.900  2.20111E-04  2.17529E-04  1.18350E-02
    9968.846    297.891   8.950  2.19756E-04  2.17306E-04  1.12455E-02
    9972.265    301.310   9.000  2.19298E-04  2.17083E-04  1.01778E-02
    9975.704    304.749   9.050  2.18878E-04  2.16965E-04  8.79210E-03
    9979.161    308.206   9.100  2.18395E-04  2.16848E-04  7.11767E-03
    9982.638    311.683   9.150  2.17874E-04  2.16730E-04  5.26570E-03
    9986.134    315.179   9.200  2.17338E-04  2.16613E-04  3.34046E-03
    9989.648    318.693   9.250  2.16806E-04  2.16496E-04  1.43214E-03
    9993.182    322.227   9.300  2.16294E-04  2.16378E-04 -3.86642E-04
    9996.735    325.780   9.350  2.15814E-04  2.16261E-04 -2.06088E-03
   10000.307    329.352   9.400  2.15375E-04  2.16143E-04 -3.55048E-03
   10003.898    332.943   9.450  2.14982E-04  2.16026E-04 -4.82639E-03
   10007.508    336.553   9.500  2.14640E-04  2.15909E-04 -5.86671E-03
   10011.137    340.182   9.550  2.14328E-04  2.15776E-04 -6.70272E-03
   10014.785    343.830   9.600  2.14073E-04  2.15644E-04 -7.27505E-03
   10018.452    347.497   9.650  2.13878E-04  2.15511E-04 -7.56829E-03
   10022.138    351.183   9.700  2.13746E-04  2.15378E-04 -7.57253E-03
   10025.843    354.888   9.750  2.13676E-04  2.15246E-04 -7.28590E-03
   10029.567    358.612   9.800  2.13667E-04  2.15113E-04 -6.71690E-03
   10033.311    362.356   9.850  2.13714E-04  2.14981E-04 -5.88617E-03
   10037.073    366.118   9.900  2.13810E-04  2.14848E-04 -4.82719E-03
   10040.854    369.900   9.950  2.13945E-04  2.14716E-04 -3.58580E-03
   10044.655    373.700  10.000  2.14107E-04  2.14583E-04 -2.21864E-03
   10048.474    377.520  10.050  2.14158E-04  2.14328E-04 -7.90223E-04
   10052.313    381.358  10.100  2.14210E-04  2.14072E-04  6.43635E-04
   10056.171    385.216  10.150  2.14248E-04  2.13817E-04  2.01399E-03
   10060.047    389.092  10.200  2.14257E-04  2.13562E-04  3.25480E-03
   10063.943    392.988  10.250  2.14225E-04  2.13306E-04  4.30751E-03
   10067.858    396.903  10.300  2.14143E-04  2.13051E-04  5.12520E-03
   10071.792    400.837  10.350  2.14003E-04  2.12795E-04  5.67597E-03
   10075.744    404.789  10.400  2.13804E-04  2.12540E-04  5.94481E-03
   10079.716    408.761  10.450  2.13544E-04  2.12285E-04  5.93392E-03
   10083.707    412.752  10.500  2.13230E-04  2.12029E-04  5.66124E-03
   10087.717    416.762  10.550  2.12866E-04  2.11774E-04  5.15761E-03
   10091.746    420.791  10.600  2.12462E-04  2.11518E-04  4.46302E-03
   10095.794    424.840  10.650  2.12028E-04  2.11263E-04  3.62267E-03
   10099.862    428.907  10.700  2.11574E-04  2.11008E-04  2.68336E-03
   10103.948    432.993  10.750  2.11108E-04  2.10752E-04  1.69068E-03
   10108.053    437.098  10.800  2.10641E-04  2.10497E-04  6.87273E-04
   10112.177    441.222  10.850  2.10181E-04  2.10241E-04 -2.88129E-04
   10116.321    445.366  10.900  2.09734E-04  2.09986E-04 -1.20098E-03
   10120.483    449.528  10.950  2.09307E-04  2.09731E-04 -2.02098E-03
   10124.665    453.710  11.000  2.08905E-04  2.09475E-04 -2.72213E-03
   10128.865    457.910  11.050  2.08569E-04  2.09262E-04 -3.31364E-03
   10133.085    462.130  11.100  2.08264E-04  2.09049E-04 -3.75572E-03
   10137.323    466.368  11.150  2.07993E-04  2.08835E-04 -4.03506E-03
   10141.581    470.626  11.200  2.07757E-04  2.08622E-04 -4.14415E-03
   10145.858    474.903  11.250  2.07558E-04  2.08409E-04 -4.08169E-03
   10150.153    479.198  11.300  2.07393E-04  2.08195E-04 -3.85276E-03
   10154.468    483.513  11.350  2.07260E-04  2.07982E-04 -3.46884E-03
   10158.802    487.847  11.400  2.07156E-04  2.07769E-04 -2.94760E-03
   10163.155    492.200  11.450  2.07075E-04  2.07555E-04 -2.31263E-03
   10167.527    496.572  11.500  2.07011E-04  2.07342E-04 -1.59277E-03
   10171.918    500.963  11.550  2.06958E-04  2.07129E-04 -8.21327E-04
   10176.328    505.373  11.600  2.06908E-04  2.06915E-04 -3.46918E-05
   10180.757    509.802  11.650  2.06853E-04  2.06702E-04  7.29373E-04
   10185.205    514.250  11.700  2.06785E-04  2.06489E-04  1.43393E-03
   10189.672    518.718  11.750  2.06698E-04  2.06275E-04  2.04533E-03
   10194.159    523.204  11.800  2.06585E-04  2.06062E-04  2.53554E-03
   10198.664    527.709  11.850  2.06444E-04  2.05849E-04  2.88430E-03
   10203.188    532.233  11.900  2.06270E-04  2.05635E-04  3.08037E-03
   10207.732    536.777  11.950  2.06065E-04  2.05422E-04  3.12212E-03
   10212.294    541.339  12.000  2.05829E-04  2.05209E-04  3.01705E-03
   10216.876    545.921  12.050  2.05566E-04  2.04988E-04  2.80985E-03
   10221.476    550.521  12.100  2.05277E-04  2.04768E-04  2.48043E-03
   10226.096    555.141  12.150  2.04968E-04  2.04548E-04  2.05201E-03
   10230.735    559.780  12.200  2.04645E-04  2.04327E-04  1.55120E-03
   10235.392    564.437  12.250  2.04313E-04  2.04107E-04  1.00585E-03
   10240.069    569.114  12.300  2.03977E-04  2.03887E-04  4.43285E-04
   10244.765    573.810  12.350  2.03643E-04  2.03666E-04 -1.11024E-04
   10249.480    578.525  12.400  2.03316E-04  2.03446E-04 -6.34258E-04
   10254.214    583.259  12.450  2.03000E-04  2.03225E-04 -1.10669E-03
   10258.967    588.012  12.500  2.02697E-04  2.03005E-04 -1.51187E-03
   10263.739    592.784  12.550  2.02411E-04  2.02785E-04 -1.83669E-03
   10268.530    597.575  12.600  2.02144E-04  2.02564E-04 -2.07149E-03
   10273.340    602.385  12.650  2.01896E-04  2.02344E-04 -2.21014E-03
   10278.169    607.214  12.700  2.01668E-04  2.02124E-04 -2.25024E-03
   10283.017    612.062  12.750  2.01459E-04  2.01903E-04 -2.19322E-03
   10287.884    616.929  12.800  2.01270E-04  2.01683E-04 -2.04438E-03
   10292.771    621.816  12.850  2.01096E-04  2.01462E-04 -1.81272E-03
   10297.676    626.721  12.900  2.00937E-04  2.01242E-04 -1.51066E-03
   10302.600    631.645  12.950  2.00789E-04  2.01022E-04 -1.15350E-03
   10307.544    636.589  13.000  2.00649E-04  2.00801E-04 -7.58818E-04
   10312.506    641.551  13.050  2.00439E-04  2.00510E-04 -3.49615E-04
   10317.488    646.533  13.100  2.00231E-04  2.00218E-04  6.36675E-05
   10322.489    651.534  13.150  2.00019E-04  1.99926E-04  4.61929E-04
   10327.508    656.553  13.200  1.99800E-04  1.99635E-04  8.27062E-04
   10332.547    661.592  13.250  1.99571E-04  1.99343E-04  1.14286E-03
   10337.605    666.650  13.300  1.99330E-04  1.99051E-04  1.39587E-03
   10342.681    671.727  13.350  1.99074E-04  1.98760E-04  1.57613E-03
   10347.777    676.822  13.400  1.98802E-04  1.98468E-04  1.67776E-03
   10352.892    681.937  13.450  1.98514E-04  1.98176E-04  1.69930E-03
   10358.026    687.071  13.500  1.98211E-04  1.97885E-04  1.64375E-03
   10363.179    692.224  13.550  1.97894E-04  1.97593E-04  1.51810E-03
   10368.351    697.396  13.600  1.97565E-04  1.97301E-04  1.33255E-03
   10373.542    702.587  13.650  1.97227E-04  1.97010E-04  1.09946E-03
   10378.752    707.798  13.700  1.96882E-04  1.96718E-04  8.32140E-04
   10383.982    713.027  13.750  1.96533E-04  1.96426E-04  5.43955E-04
   10389.230    718.275  13.800  1.96183E-04  1.96135E-04  2.47586E-04
   10394.497    723.542  13.850  1.95834E-04  1.95843E-04 -4.52228E-05
   10399.784    728.829  13.900  1.95488E-04  1.95551E-04 -3.23659E-04
   10405.089    734.134  13.950  1.95146E-04  1.95259E-04 -5.77693E-04
   10410.413    739.458  14.000  1.94812E-04  1.94968E-04 -7.98031E-04
   10415.757    744.802  14.050  1.94544E-04  1.94737E-04 -9.87504E-04
   10421.119    750.165  14.100  1.94285E-04  1.94506E-04 -1.13085E-03
   10426.501    755.546  14.150  1.94037E-04  1.94275E-04 -1.22220E-03
   10431.902    760.947  14.200  1.93799E-04  1.94044E-04 -1.25784E-03
   10437.321    766.367  14.250  1.93573E-04  1.93813E-04 -1.23647E-03
   10442.760    771.805  14.300  1.93357E-04  1.93582E-04 -1.15947E-03
   10448.218    777.263  14.350  1.93151E-04  1.93351E-04 -1.03095E-03
   10453.695    782.740  14.400  1.92954E-04  1.93120E-04 -8.57607E-04
   10459.191    788.236  14.450  1.92764E-04  1.92889E-04 -6.48474E-04
   10464.706    793.751  14.500  1.92578E-04  1.92658E-04 -4.14407E-04
   10470.240    799.285  14.550  1.92395E-04  1.92427E-04 -1.67515E-04
   10475.793    804.838  14.600  1.92212E-04  1.92196E-04  7.95552E-05
   10481.365    810.410  14.650  1.92026E-04  1.91965E-04  3.14380E-04
   10486.956    816.001  14.700  1.91836E-04  1.91735E-04  5.25534E-04
   10492.566    821.611  14.750  1.91639E-04  1.91504E-04  7.03302E-04
   10498.195    827.241  14.800  1.91434E-04  1.91273E-04  8.40259E-04
   10503.844    832.889  14.850  1.91220E-04  1.91042E-04  9.31645E-04
   10509.511    838.556  14.900  1.90997E-04  1.90811E-04  9.75502E-04
   10515.198    844.243  14.950  1.90766E-04  1.90580E-04  9.72556E-04
   10520.903    849.948  15.000  1.90526E-04  1.90349E-04  9.25891E-04
   10526.627    855.673  15.050  1.90218E-04  1.90056E-04  8.46683E-04
   10532.371    861.416  15.100  1.89903E-04  1.89763E-04  7.34978E-04
   10538.134    867.179  15.150  1.89584E-04  1.89471E-04  5.97117E-04
   10543.915    872.960  15.200  1.89261E-04  1.89178E-04  4.39908E-04
   10549.716    878.761  15.250  1.88936E-04  1.88885E-04  2.70325E-04
   10555.536    884.581  15.300  1.88611E-04  1.88593E-04  9.53169E-05
   10561.375    890.420  15.350  1.88285E-04  1.88300E-04 -7.83022E-05
   10567.232    896.277  15.400  1.87961E-04  1.88007E-04 -2.43918E-04
   10573.109    902.154  15.450  1.87640E-04  1.87714E-04 -3.95187E-04
   10579.005    908.050  15.500  1.87323E-04  1.87422E-04 -5.26159E-04
   10584.920    913.965  15.550  1.87011E-04  1.87129E-04 -6.31486E-04
   10590.854    919.899  15.600  1.86704E-04  1.86836E-04 -7.06701E-04
   10596.807    925.852  15.650  1.86404E-04  1.86544E-04 -7.48549E-04
   10602.780    931.825  15.700  1.86110E-04  1.86251E-04 -7.55325E-04
   10608.771    937.816  15.750  1.85823E-04  1.85958E-04 -7.27123E-04
   10614.781    943.826  15.800  1.85542E-04  1.85665E-04 -6.65981E-04
   10620.810    949.855  15.850  1.85266E-04  1.85373E-04 -5.75838E-04
   10626.859    955.904  15.900  1.84994E-04  1.85080E-04 -4.62312E-04
   10632.926    961.971  15.950  1.84726E-04  1.84787E-04 -3.32305E-04
   10639.012    968.058  16.000  1.84459E-04  1.84495E-04 -1.93465E-04
   10645.118    974.163  16.050  1.84205E-04  1.84216E-04 -5.64960E-05
   10651.243    980.288  16.100  1.83951E-04  1.83937E-04  7.54275E-05
   10657.386    986.431  16.150  1.83694E-04  1.83658E-04  1.96345E-04
   10663.549    992.594  16.200  1.83435E-04  1.83379E-04  3.01517E-04
   10669.730    998.776  16.250  1.83172E-04  1.83101E-04  3.87594E-04
   10675.931   1004.976  16.300  1.82905E-04  1.82822E-04  4.52630E-04
   10682.151   1011.196  16.350  1.82634E-04  1.82543E-04  4.95942E-04
   10688.390   1017.435  16.400  1.82359E-04  1.82264E-04  5.17874E-04
   10694.648   1023.693  16.450  1.82080E-04  1.81985E-04  5.19505E-04
   10700.925   1029.970  16.500  1.81798E-04  1.81706E-04  5.02374E-04
   10707.221   1036.266  16.550  1.81513E-04  1.81428E-04  4.68259E-04
   10713.536   1042.581  16.600  1.81225E-04  1.81149E-04  4.19049E-04
   10719.870   1048.915  16.650  1.80935E-04  1.80870E-04  3.56710E-04
   10726.223   1055.268  16.700  1.80642E-04  1.80591E-04  2.83346E-04
   10732.595   1061.640  16.750  1.80349E-04  1.80312E-04  2.01304E-04
   10738.986   1068.032  16.800  1.80054E-04  1.80034E-04  1.13293E-04
   10745.397   1074.442  16.850  1.79759E-04  1.79755E-04  2.24556E-05
   10751.826   1080.871  16.900  1.79464E-04  1.79476E-04 -6.76421E-05
   10758.275   1087.320  16.950  1.79170E-04  1.79197E-04 -1.53130E-04
   10764.742   1093.787  17.000  1.78877E-04  1.78918E-04 -2.30059E-04
   10771.228   1100.274  17.050  1.78590E-04  1.78643E-04 -2.97928E-04
   10777.734   1106.779  17.100  1.78305E-04  1.78367E-04 -3.50406E-04
   10784.259   1113.304  17.150  1.78023E-04  1.78092E-04 -3.84823E-04
   10790.802   1119.847  17.200  1.77745E-04  1.77817E-04 -3.99661E-04
   10797.365   1126.410  17.250  1.77471E-04  1.77541E-04 -3.94695E-04
   10803.947   1132.992  17.300  1.77200E-04  1.77266E-04 -3.70997E-04
   10810.547   1139.593  17.350  1.76932E-04  1.76990E-04 -3.30791E-04
   10817.167   1146.212  17.400  1.76666E-04  1.76715E-04 -2.77196E-04
   10823.806   1152.851  17.450  1.76402E-04  1.76440E-04 -2.13899E-04
   10830.464   1159.509  17.500  1.76139E-04  1.76164E-04 -1.44805E-04
   10837.141   1166.186  17.550  1.75876E-04  1.75889E-04 -7.37220E-05
   10843.837   1172.882  17.600  1.75613E-04  1.75613E-04 -4.11074E-06
   10850.552   1179.597  17.650  1.75349E-04  1.75338E-04  6.10779E-05
   10857.286   1186.332  17.700  1.75083E-04  1.75062E-04  1.19473E-04
   10864.040   1193.085  17.750  1.74817E-04  1.74787E-04  1.69278E-04
   10870.812   1199.857  17.800  1.74548E-04  1.74512E-04  2.09215E-04
   10877.603   1206.648  17.850  1.74278E-04  1.74236E-04  2.38447E-04
   10884.414   1213.459  17.900  1.74005E-04  1.73961E-04  2.56509E-04
   10891.243   1220.288  17.950  1.73731E-04  1.73685E-04  2.63256E-04
   10898.091   1227.136  18.000  1.73455E-04  1.73410E-04  2.58858E-04
   10904.959   1234.004  18.050  1.73144E-04  1.73102E-04  2.47156E-04
   10911.845   1240.891  18.100  1.72832E-04  1.72793E-04  2.25359E-04
   10918.751   1247.796  18.150  1.72518E-04  1.72485E-04  1.94306E-04
   10925.676   1254.721  18.200  1.72203E-04  1.72177E-04  1.55300E-04
   10932.619   1261.664  18.250  1.71887E-04  1.71868E-04  1.10105E-04
   10939.582   1268.627  18.300  1.71570E-04  1.71560E-04  6.09104E-05
   10946.564   1275.609  18.350  1.71253E-04  1.71251E-04  1.02239E-05
   10953.565   1282.610  18.400  1.70936E-04  1.70943E-04 -3.92890E-05
   10960.585   1289.630  18.450  1.70620E-04  1.70635E-04 -8.50008E-05
   10967.624   1296.669  18.500  1.70305E-04  1.70326E-04 -1.24533E-04
   10974.682   1303.727  18.550  1.69991E-04  1.70018E-04 -1.55953E-04
   10981.759   1310.804  18.600  1.69679E-04  1.69710E-04 -1.77929E-04
   10988.855   1317.900  18.650  1.69369E-04  1.69401E-04 -1.89820E-04
   10995.970   1325.015  18.700  1.69061E-04  1.69093E-04 -1.91689E-04
   11003.104   1332.149  18.750  1.68753E-04  1.68785E-04 -1.84249E-04
   11010.257   1339.302  18.800  1.68448E-04  1.68476E-04 -1.68738E-04
   11017.430   1346.475  18.850  1.68143E-04  1.68168E-04 -1.46762E-04
   11024.621   1353.666  18.900  1.67839E-04  1.67860E-04 -1.20113E-04
   11031.831   1360.876  18.950  1.67536E-04  1.67551E-04 -9.06064E-05
   11039.061   1368.106  19.000  1.67233E-04  1.67243E-04 -5.99436E-05
   11046.309   1375.354  19.050  1.66963E-04  1.66968E-04 -3.02865E-05
   11053.577   1382.622  19.100  1.66693E-04  1.66693E-04 -1.59963E-06
   11060.863   1389.909  19.150  1.66423E-04  1.66418E-04  2.51634E-05
   11068.169   1397.214  19.200  1.66152E-04  1.66144E-04  4.92556E-05
   11075.494   1404.539  19.250  1.65880E-04  1.65869E-04  7.00992E-05
   11082.838   1411.883  19.300  1.65608E-04  1.65594E-04  8.72453E-05
   11090.200   1419.245  19.350  1.65336E-04  1.65319E-04  1.00343E-04
   11097.582   1426.627  19.400  1.65062E-04  1.65044E-04  1.09124E-04
   11104.983   1434.028  19.450  1.64788E-04  1.64769E-04  1.13414E-04
   11112.403   1441.448  19.500  1.64513E-04  1.64495E-04  1.13153E-04
   11119.842   1448.887  19.550  1.64238E-04  1.64220E-04  1.08429E-04
   11127.300   1456.345  19.600  1.63961E-04  1.63945E-04  9.95098E-05
   11134.777   1463.822  19.650  1.63684E-04  1.63670E-04  8.68639E-05
   11142.273   1471.318  19.700  1.63407E-04  1.63395E-04  7.11563E-05
   11149.788   1478.834  19.750  1.63129E-04  1.63121E-04  5.32237E-05
   11157.323   1486.368  19.800  1.62851E-04  1.62846E-04  3.40233E-05
   11164.876   1493.921  19.850  1.62573E-04  1.62571E-04  1.45632E-05
   11172.448   1501.493  19.900  1.62295E-04  1.62296E-04 -4.17533E-06
   11180.040   1509.085  19.950  1.62018E-04  1.62021E-04 -2.13141E-05
   11187.650   1516.695  20.000  1.61741E-04  1.61746E-04 -3.61401E-05
