# # Once                                                         FEFF 10.0.0 
# # POT  SCF 100  9.0000   0, NO core-hole, FOLP (folp(0)= 1.150)
# # Abs   Z=30 Rmt= 1.378 Rnm= 1.522 K  shell
# #   RGRID 0.0100
# # Pot 1 Z= 6 Rmt= 0.898 Rnm= 1.121
# # Pot 2 Z= 6 Rmt= 0.928 Rnm= 1.163
# # Pot 3 Z= 1 Rmt= 0.548 Rnm= 0.930
# # Pot 4 Z=16 Rmt= 1.259 Rnm= 1.479
# # Gam_ch=1.897E+00 H-L exch Vi=-5.000E-01 Vr= 0.000E+00
# # Mu=-7.298E+00eV kf=2.010E+00 Vint=-1.358E+01eV Rs_int= 1.805
# # PATH  Rmax= 9.000,  Keep_limit= 0.00, Heap_limit 0.00  Pwcrit= 2.50%
#  S02=1.000  Temp=  10.00  Debye_temp= 315.00  Global_sig2= 0.00000
#  Energy zero shift, vr, vi    0.00000E+00   0.00000E+00
#  Curved wave amplitude ratio filter   4.000%
#     file         sig2 tot  cw amp ratio   deg  nlegs   reff  inp sig2
#           1       0.00300    100.00      1.00     2   2.3593
#           2       0.00302     99.81      1.00     2   2.3611
#           3       0.00308    198.40      2.00     2   2.3671
#           4       0.03019     14.38      1.00     2   3.0154
#           5       0.02995     14.19      1.00     2   3.0323
#           6       0.02264     12.40      1.00     2   3.2068
#           7       0.02239     11.98      1.00     2   3.2516
#           8       0.00599     42.90      1.00     2   3.2993
#           9       0.00586     42.35      1.00     2   3.3164
#          10       0.03116     11.17      1.00     2   3.3470
#          11       0.00561     40.99      1.00     2   3.3602
#          12       0.02968     10.71      1.00     2   3.4049
#          13       0.00559     39.64      1.00     2   3.4062
#          14       0.00909     34.37      1.00     2   3.6087
#          15       0.00907     33.99      1.00     2   3.6246
#          16       0.02209      8.77      1.00     2   3.6945
#          17       0.00420     47.68      2.00     3   3.7444
#          18       0.00420     47.56      2.00     3   3.7528
#          19       0.00409     47.43      2.00     3   3.7720
#          20       0.02125      8.25      1.00     2   3.7873
#          21       0.00411     47.19      2.00     3   3.7954
#          22       0.01122     13.79      2.00     3   3.8295
#          23       0.01553     24.09      2.00     3   3.8581
#          24       0.01499     10.60      2.00     3   3.8694
#          25       0.01114     13.28      2.00     3   3.8747
#          26       0.01558     23.73      2.00     3   3.8747
#          27       0.01450     10.05      2.00     3   3.9070
#          28       0.01486      8.29      2.00     3   3.9873
#          29       0.03715      7.21      1.00     2   3.9982
#          30       0.01485      8.17      2.00     3   4.0119
#          31       0.03538      6.98      1.00     2   4.0510
#          32       0.01721      7.98      2.00     3   4.0590
#          33       0.01220     10.74      2.00     3   4.0726
#          34       0.01684      7.85      2.00     3   4.0893
#          35       0.02730     10.89      1.00     4   4.1074
#          36       0.02733     10.73      1.00     4   4.1248
#          37       0.01204     11.17      2.00     3   4.1422
#          38       0.00435     10.59      2.00     3   4.1516
#          39       0.00456     14.55      1.00     4   4.1837
#          40       0.00458     13.31      1.00     4   4.1846
#          41       0.00452     16.07      1.00     4   4.1896
#          42       0.00450     15.67      1.00     4   4.1892
#          44       0.00600     26.15      2.00     3   4.2187
#          45       0.00603     26.44      2.00     3   4.2192
#          46       0.01435      7.58      2.00     3   4.2298
#          47       0.00425     10.75      2.00     3   4.2342
#          50       0.01620      6.76      2.00     3   4.2421
#          51       0.01604      6.65      2.00     3   4.2428
#          52       0.00431     11.11      2.00     3   4.2619
#          53       0.00894      4.80      2.00     4   4.2640
#          54       0.01423      7.62      2.00     3   4.2774
#          55       0.01152      6.04      1.00     2   4.2924
#          56       0.01829      8.74      1.00     4   4.2988
#          57       0.01131      5.99      1.00     2   4.3074
#          59       0.00424     12.62      2.00     3   4.3249
#          60       0.01823      4.14      2.00     3   4.3268
#          61       0.01068     26.68      2.00     3   4.3426
#          62       0.01825      8.47      1.00     4   4.3433
#          64       0.01891     10.03      2.00     3   4.3500
#          65       0.01049     26.34      2.00     3   4.3586
#          66       0.00439     14.14      2.00     3   4.3801
#          67       0.00444     14.09      2.00     3   4.3807
#          68       0.00552     18.07      2.00     3   4.3831
#          69       0.01849     10.54      2.00     3   4.3844
#          70       0.02572      4.23      2.00     3   4.3894
#          71       0.00550     18.10      2.00     3   4.3902
#          72       0.01139     32.27      1.00     4   4.3928
#          74       0.01118     31.73      1.00     4   4.4099
#          75       0.02584      4.17      2.00     3   4.4237
#          76       0.02794      7.64      1.00     4   4.4395
#          78       0.01075      6.87      2.00     4   4.4688
#          79       0.01099      6.63      2.00     4   4.4686
#          80       0.01028      6.91      2.00     4   4.4843
#          81       0.01021      4.23      1.00     4   4.4971
#          82       0.02675      7.28      1.00     4   4.4976
#          83       0.01165     11.53      2.00     3   4.5261
#          84       0.01023      7.75      2.00     4   4.5314
#          85       0.01167     11.82      2.00     3   4.5325
#          86       0.01701      5.02      2.00     4   4.5419
#          87       0.01849     10.35      2.00     2   4.5634
#          88       0.00954     27.61      2.00     4   4.5763
#          89       0.00953     28.10      2.00     4   4.5837
#          90       0.02281      5.44      2.00     4   4.5994
#          91       0.00945      4.37      2.00     4   4.6079
#          92       0.01708      4.83      2.00     4   4.6107
#          93       0.00946      5.00      2.00     4   4.6323
#          94       0.01464     21.39      2.00     3   4.6339
#          95       0.02311      5.32      2.00     4   4.6345
#          96       0.01466     20.81      2.00     3   4.6417
#          97       0.00481     14.51      2.00     4   4.6556
#          98       0.00481     13.68      2.00     4   4.6638
#         100       0.02555      4.82      2.00     3   4.6774
#         103       0.00858      7.97      1.00     4   4.7007
#         105       0.01298     24.17      1.00     4   4.7043
#         106       0.02497      4.79      2.00     3   4.7049
#         108       0.00594     17.33      1.00     2   4.7143
#         109       0.00861      7.84      1.00     4   4.7170
#         110       0.01345      4.49      1.00     4   4.7177
#         111       0.00601     10.42      1.00     4   4.7185
#         112       0.00456      5.22      2.00     4   4.7203
#         113       0.01277     22.92      1.00     4   4.7203
#         114       0.00604     10.38      1.00     4   4.7222
#         115       0.00466      7.36      2.00     4   4.7263
#         117       0.00470      7.30      2.00     4   4.7279
#         119       0.00606     17.20      1.00     2   4.7286
#         120       0.00618     20.52      2.00     4   4.7337
#         125       0.01869      8.87      2.00     4   4.7457
#         126       0.01778      8.46      2.00     4   4.7510
#         128       0.01631      4.01      2.00     3   4.7557
#         129       0.01407      6.48      1.00     4   4.7575
#         131       0.01407      6.11      1.00     4   4.7597
#         132       0.01883      8.55      2.00     4   4.7630
#         133       0.01737      5.82      1.00     4   4.7850
#         134       0.00937     18.36      2.00     4   4.7877
#         135       0.01735      8.21      2.00     4   4.7877
#         136       0.00553     49.75      2.00     3   4.7934
#         137       0.00933     18.53      2.00     4   4.7950
#         138       0.00643      8.22      1.00     4   4.8128
#         139       0.00549     45.86      2.00     3   4.8234
#         141       0.00946     48.12      2.00     5   4.8379
#         142       0.02570      4.45      1.00     2   4.8436
#         144       0.00940     48.32      2.00     5   4.8462
#         145       0.00945      4.50      2.00     5   4.8624
#         146       0.02515      4.39      1.00     2   4.8695
#         147       0.00607     49.28      1.00     4   4.8724
#         148       0.01710      5.44      1.00     4   4.8782
#         149       0.02349      4.99      2.00     4   4.8832
#         150       0.00940      6.01      2.00     5   4.8863
#         151       0.02331      4.95      2.00     4   4.8918
#         152       0.00974      7.47      2.00     5   4.9050
#         153       0.01985      4.11      2.00     4   4.9127
#         154       0.00969      7.41      2.00     5   4.9139
#         155       0.00603     44.37      1.00     4   4.9181
#         156       0.01530      4.13      2.00     5   4.9200
#         157       0.00500     29.71      2.00     3   4.9292
#         158       0.00505     30.59      2.00     3   4.9345
#         161       0.05866     16.22      2.00     5   4.9500
#         162       0.01881      5.31      2.00     5   4.9512
#         163       0.01958     12.67      2.00     5   4.9537
#         164       0.01458      6.22      2.00     4   4.9606
#         166       0.02142     11.28      2.00     5   4.9629
#         167       0.01548      4.42      2.00     5   4.9656
#         168       0.05866     15.96      2.00     5   4.9672
#         169       0.01943      5.61      2.00     5   4.9679
#         170       0.01935     12.31      2.00     5   4.9704
#         171       0.01419      6.60      2.00     4   4.9785
#         172       0.01461      7.95      2.00     5   4.9998
#         173       0.02077     10.86      2.00     5   5.0005
#         174       0.00458     47.49      2.00     4   5.0082
#         175       0.01326      5.47      2.00     3   5.0138
#         176       0.00962     22.11      2.00     5   5.0201
#         178       0.00963     21.29      2.00     5   5.0214
#         181       0.01311      5.36      2.00     3   5.0224
#         185       0.00458     45.75      2.00     4   5.0292
#         187       0.00891      7.71      2.00     3   5.0349
#         189       0.01223      4.11      2.00     4   5.0383
#         192       0.00897      7.44      2.00     3   5.0636
#         193       0.01149      7.72      2.00     4   5.0850
#         194       0.01151      7.88      2.00     4   5.0853
#         197       0.01150     12.36      2.00     4   5.0929
#         198       0.01147     12.29      2.00     4   5.0924
#         199       0.02235      7.43      2.00     3   5.1033
#         200       0.00923     15.62      2.00     4   5.1140
#         201       0.02218      7.61      2.00     3   5.1184
#         202       0.00678      7.96      1.00     4   5.1218
#         203       0.00688      5.12      2.00     3   5.1308
#         204       0.00670      7.97      1.00     4   5.1387
#         205       0.00540     17.07      1.00     4   5.1403
#         206       0.00539     15.99      1.00     4   5.1440
#         207       0.01682      4.19      2.00     5   5.1464
#         208       0.00941     14.64      2.00     4   5.1584
#         209       0.01742      8.82      2.00     5   5.1631
#         210       0.01665      4.19      2.00     5   5.1743
#         211       0.00677      5.34      2.00     3   5.1815
#         212       0.00642      8.01      1.00     4   5.1847
#         214       0.01691      6.38      2.00     3   5.1960
#         216       0.00478     36.92      2.00     4   5.2051
#         217       0.01694      5.93      2.00     3   5.2058
#         218       0.00481     36.36      2.00     4   5.2126
#         219       0.00648      8.03      1.00     4   5.2297
#         220       0.01765      9.07      2.00     5   5.2331
#         221       0.01251     11.67      2.00     4   5.2358
#         222       0.02195      5.82      2.00     4   5.2382
#         223       0.01907      4.03      2.00     4   5.2425
#         224       0.01892      4.02      2.00     4   5.2432
#         225       0.01250     11.72      2.00     4   5.2444
#         226       0.00609      9.36      2.00     5   5.2579
#         227       0.01214      9.68      2.00     4   5.2626
#         228       0.00602      9.64      2.00     5   5.2661
#         229       0.02165     12.16      2.00     3   5.2670
#         230       0.02197     12.58      2.00     3   5.2711
#         231       0.02165      5.57      2.00     4   5.2724
#         232       0.01730      4.28      2.00     5   5.2734
#         233       0.00829      4.89      2.00     3   5.2740
#         236       0.00923      4.82      1.00     6   5.2757
#         237       0.00911      5.55      1.00     6   5.2763
#         238       0.01829      4.30      2.00     4   5.2798
#         241       0.01000     20.28      1.00     6   5.2830
#         242       0.00992     20.68      1.00     6   5.2826
#         245       0.00492     76.04      2.00     5   5.2841
#         248       0.01715      4.23      2.00     5   5.2898
#         249       0.01204      9.27      2.00     4   5.2919
#         250       0.01824      4.31      2.00     4   5.3012
#         251       0.00495     72.44      2.00     5   5.3073
#         252       0.01047      6.59      2.00     5   5.3112
#         253       0.01048      6.34      2.00     5   5.3112
#         254       0.01161     30.10      2.00     5   5.3122
#         255       0.01149      5.13      2.00     5   5.3123
#         256       0.01150      5.99      2.00     5   5.3119
#         257       0.01161     29.93      2.00     5   5.3127
#         258       0.01105     29.78      2.00     5   5.3149
#         259       0.01096     28.88      2.00     5   5.3144
#         263       0.00817      4.48      2.00     3   5.3280
#         268       0.01579     10.94      2.00     5   5.3351
#         269       0.01602     10.93      2.00     5   5.3347
#         270       0.02152     10.04      2.00     5   5.3356
#         271       0.02132     10.03      2.00     5   5.3363
#         272       0.02405     11.45      1.00     4   5.3377
#         273       0.01280      4.04      2.00     3   5.3386
#         274       0.01230     21.66      2.00     5   5.3416
#         277       0.02393     10.72      1.00     4   5.3445
#         278       0.03132      5.64      2.00     3   5.3468
#         279       0.03085      5.48      2.00     3   5.3520
#         280       0.01026     13.69      2.00     4   5.3530
#         281       0.01572      4.02      2.00     6   5.3549
#         282       0.01567      7.97      2.00     3   5.3554
#         284       0.00681      6.88      2.00     3   5.3578
#         287       0.01552      5.82      2.00     5   5.3683
#         288       0.00680      6.23      2.00     3   5.3702
#         290       0.03088      6.64      2.00     4   5.3825
#         291       0.01378      5.32      2.00     5   5.3829
#         292       0.01563      7.62      2.00     3   5.3855
#         293       0.01215     20.31      2.00     5   5.3867
#         294       0.01238     10.65      2.00     5   5.3882
#         295       0.02741      4.10      2.00     5   5.3943
#         297       0.03059      6.28      2.00     4   5.3992
#         298       0.00635      9.12      2.00     3   5.4005
#         299       0.02001      4.76      2.00     4   5.4000
#         301       0.01133      7.88      2.00     4   5.4074
#         303       0.01134      7.91      2.00     4   5.4083
#         304       0.02035      8.01      2.00     6   5.4080
#         305       0.00634      8.89      2.00     3   5.4109
#         306       0.02685      4.04      2.00     5   5.4123
#         307       0.01140     10.83      2.00     4   5.4176
#         308       0.01027      6.35      2.00     4   5.4181
#         309       0.00483     42.68      2.00     5   5.4184
#         310       0.00481     41.27      2.00     5   5.4199
#         311       0.01367      5.25      2.00     5   5.4204
#         312       0.01025     12.74      2.00     4   5.4228
#         314       0.01021      6.18      2.00     4   5.4256
#         315       0.01137     10.43      2.00     4   5.4275
#         316       0.00492      7.76      2.00     5   5.4295
#         317       0.00491      7.98      2.00     5   5.4300
#         318       0.01596     12.90      2.00     4   5.4329
#         319       0.02345      4.44      2.00     4   5.4364
#         320       0.02304     19.55      2.00     5   5.4361
#         322       0.02022      7.93      2.00     6   5.4369
#         323       0.02401      4.50      2.00     5   5.4420
#         324       0.02290      8.03      2.00     5   5.4431
#         325       0.01583      6.20      2.00     4   5.4449
#         326       0.02283      7.91      2.00     5   5.4457
#         327       0.02003      4.70      2.00     4   5.4463
#         328       0.01598     12.86      2.00     4   5.4522
#         329       0.02260     19.31      2.00     5   5.4521
#         330       0.01139      4.85      2.00     4   5.4588
#         331       0.01155      4.87      2.00     4   5.4589
#         333       0.01581      5.60      2.00     4   5.4656
#         335       0.02288      4.34      2.00     4   5.4752
#         336       0.02363      8.37      2.00     5   5.4776
#         337       0.00998      6.62      2.00     5   5.4774
#         340       0.01061     19.48      2.00     5   5.4788
#         341       0.02241      7.55      2.00     5   5.4801
#         342       0.02300      4.57      2.00     3   5.4834
#         343       0.02071      5.71      2.00     6   5.4853
#         344       0.01053     18.85      2.00     5   5.4859
#         345       0.02343     27.30      1.00     6   5.4863
#         346       0.00618      9.40      2.00     3   5.4874
#         347       0.01493      9.65      2.00     3   5.4933
#         348       0.00991      6.60      2.00     5   5.4978
#         349       0.01129      6.66      2.00     3   5.4986
#         351       0.02060      5.55      2.00     6   5.5026
#         352       0.02299     26.85      1.00     6   5.5033
#         353       0.01191      8.19      2.00     4   5.5057
#         354       0.01602      6.75      2.00     5   5.5108
#         355       0.01579      6.70      2.00     5   5.5121
#         356       0.01144      6.62      2.00     3   5.5132
#         358       0.01466      7.72      1.00     4   5.5181
#         359       0.01470      4.94      1.00     4   5.5214
#         361       0.02233      4.41      2.00     3   5.5239
#         362       0.00604      8.97      2.00     3   5.5242
#         363       0.00772     10.21      2.00     5   5.5257
#         364       0.00538     13.10      2.00     4   5.5290
#         365       0.01014     10.57      2.00     5   5.5292
#         366       0.01480      9.31      2.00     3   5.5335
#         367       0.00542     12.93      2.00     4   5.5375
#         368       0.01010     10.33      2.00     5   5.5375
#         370       0.00784     10.03      2.00     5   5.5476
#         371       0.01955      6.11      2.00     5   5.5486
#         372       0.01965      6.05      2.00     5   5.5512
#         373       0.01173      4.03      2.00     4   5.5534
#         374       0.01173      7.91      2.00     4   5.5594
#         375       0.06467      5.70      2.00     6   5.5613
#         376       0.01632     20.56      2.00     6   5.5623
#         377       0.01657     20.57      2.00     6   5.5620
#         378       0.01463      7.33      1.00     4   5.5649
#         379       0.01463      4.58      1.00     4   5.5666
#         380       0.00802     15.61      2.00     5   5.5669
#         382       0.02325      4.73      2.00     4   5.5736
#         383       0.01612      5.89      2.00     6   5.5748
#         384       0.00801     15.78      2.00     5   5.5751
#         385       0.01167     11.50      2.00     4   5.5761
#         387       0.01119     10.65      2.00     4   5.5776
#         388       0.01173     11.86      2.00     4   5.5799
#         390       0.01271     20.32      2.00     5   5.5847
#         392       0.01880      6.95      2.00     5   5.5883
#         393       0.01878      5.05      2.00     5   5.5899
#         395       0.00797     16.35      2.00     5   5.5964
#         397       0.01863      5.25      2.00     5   5.6058
#         398       0.01863      6.70      2.00     5   5.6053
#         399       0.01121     10.17      2.00     4   5.6080
#         401       0.02286      4.51      2.00     4   5.6187
#         402       0.00809     16.95      2.00     5   5.6190
#         403       0.01819      8.42      2.00     5   5.6196
#         405       0.01622      6.61      2.00     6   5.6223
#         407       0.01786      8.60      2.00     5   5.6259
#         410       0.01109      9.66      2.00     3   5.6389
#         413       0.00992      6.99      2.00     5   5.6540
#         415       0.01253     19.23      2.00     5   5.6541
#         417       0.01126     16.63      2.00     5   5.6552
#         419       0.01117      9.81      2.00     3   5.6629
#         421       0.01061     15.66      2.00     4   5.6637
#         422       0.01071      7.92      2.00     4   5.6646
#         424       0.00713      6.65      2.00     4   5.6662
#         425       0.00948      6.39      2.00     4   5.6664
#         426       0.01114     11.91      2.00     5   5.6665
#         427       0.00536     11.77      2.00     4   5.6685
#         428       0.01857     23.00      2.00     6   5.6697
#         431       0.00540     10.31      2.00     4   5.6746
#         432       0.01128     16.47      2.00     5   5.6746
#         433       0.01528      4.89      2.00     6   5.6749
#         434       0.01823     23.34      2.00     6   5.6772
#         435       0.01443      8.55      2.00     5   5.6791
#         437       0.01082      8.88      2.00     5   5.6808
#         438       0.01086      8.96      2.00     5   5.6809
#         439       0.00937      6.35      2.00     4   5.6833
#         440       0.00701      6.38      2.00     4   5.6835
#         442       0.01522      4.85      2.00     6   5.6849
#         443       0.01091      8.53      2.00     5   5.6865
#         444       0.01113     11.37      2.00     5   5.6872
#         445       0.07873      4.91      2.00     6   5.6914
#         446       0.01327      6.20      2.00     5   5.6919
#         447       0.02975      4.84      2.00     6   5.6925
#         448       0.01068      7.60      2.00     4   5.6944
#         449       0.01059     15.60      2.00     4   5.6943
#         451       0.01426      7.98      2.00     5   5.6959
#         452       0.00616     32.81      1.00     6   5.6958
#         453       0.00612     32.86      1.00     6   5.6966
#         454       0.00989      6.97      2.00     5   5.6983
#         455       0.00576      4.86      1.00     6   5.7025
#         456       0.01093      8.44      2.00     5   5.7034
#         457       0.00586      4.66      1.00     6   5.7031
#         460       0.01141      7.84      2.00     4   5.7134
#         461       0.01139     12.26      2.00     4   5.7179
#         463       0.01156      8.04      2.00     4   5.7191
#         464       0.00876      6.28      2.00     4   5.7195
#         465       0.01137      7.48      2.00     5   5.7205
#         466       0.01842      4.34      2.00     6   5.7232
#         468       0.00660      7.16      2.00     4   5.7271
#         470       0.07953      4.78      2.00     6   5.7270
#         473       0.01288      6.06      2.00     5   5.7293
#         474       0.02596     15.59      2.00     5   5.7295
#         475       0.01160     10.02      2.00     5   5.7311
#         478       0.02542     15.21      2.00     5   5.7374
#         479       0.01109     21.21      2.00     5   5.7427
#         480       0.01099     14.87      2.00     5   5.7436
#         481       0.01057     11.31      2.00     5   5.7441
#         482       0.01063      8.90      2.00     6   5.7476
#         484       0.00993     21.95      2.00     6   5.7512
#         486       0.01506     18.27      2.00     6   5.7534
#         489       0.01063      8.74      2.00     6   5.7563
#         491       0.01137     11.93      2.00     4   5.7576
#         492       0.00988     21.56      2.00     6   5.7595
#         493       0.00872     10.10      2.00     5   5.7648
#         494       0.01134      7.76      2.00     5   5.7652
#         495       0.00897      7.57      2.00     4   5.7676
#         496       0.00877      6.17      2.00     4   5.7673
#         497       0.00904      7.60      2.00     4   5.7691
#         499       0.00650      6.70      2.00     4   5.7732
#         500       0.01457     18.10      2.00     6   5.7759
#         501       0.01156     10.38      2.00     5   5.7777
#         503       0.01203     15.22      2.00     5   5.7857
#         504       0.01108     20.27      2.00     5   5.7890
#         505       0.01091     13.74      2.00     5   5.7891
#         506       0.01045     10.09      2.00     5   5.7897
#         507       0.01199     14.45      2.00     5   5.7910
#         508       0.01190      4.25      2.00     3   5.7924
#         510       0.02242     11.05      2.00     6   5.7963
#         511       0.02608      7.14      2.00     6   5.7974
#         512       0.01209      4.36      2.00     5   5.7983
#         513       0.02666     20.33      1.00     6   5.8000
#         514       0.01211      4.81      2.00     5   5.8023
#         515       0.01813      8.85      2.00     5   5.8050
#         517       0.01809      8.69      2.00     5   5.8062
#         519       0.01183      4.43      2.00     3   5.8084
#         520       0.01011      7.84      1.00     4   5.8093
#         521       0.02567      4.75      2.00     6   5.8102
#         522       0.00878     10.01      2.00     5   5.8120
#         524       0.02184     10.71      2.00     6   5.8127
#         525       0.02607      7.47      2.00     6   5.8134
#         527       0.02620     19.32      1.00     6   5.8160
#         528       0.01101      8.41      2.00     5   5.8167
#         529       0.01181      6.89      2.00     4   5.8172
#         532       0.01028      8.21      1.00     4   5.8237
#         535       0.01305      6.76      2.00     6   5.8280
#         536       0.01102      8.29      2.00     5   5.8293
#         538       0.01364      4.16      2.00     5   5.8338
#         541       0.07842      7.18      2.00     6   5.8377
#         543       0.01181      7.03      2.00     4   5.8398
#         545       0.01599     11.75      2.00     5   5.8414
#         546       0.02134      7.19      2.00     6   5.8413
#         547       0.07828      6.93      2.00     6   5.8435
#         548       0.02078      7.11      2.00     6   5.8444
#         549       0.01594     11.14      2.00     5   5.8447
#         554       0.01672      5.65      1.00     6   5.8510
#         556       0.01700      5.36      1.00     6   5.8532
#         557       0.00987     11.77      2.00     4   5.8537
#         559       0.01582      5.08      2.00     5   5.8548
#         560       0.07672      6.95      2.00     6   5.8555
#         561       0.01836      9.07      2.00     5   5.8561
#         563       0.01584      5.35      2.00     5   5.8566
#         564       0.01316      6.49      2.00     6   5.8568
#         565       0.01029      5.28      2.00     5   5.8581
#         566       0.02163      6.96      2.00     6   5.8587
#         567       0.00920     10.94      2.00     3   5.8599
#         568       0.01029      5.26      2.00     5   5.8673
#         569       0.00918     10.66      2.00     3   5.8680
#         570       0.00992     12.16      2.00     4   5.8687
#         571       0.01792      8.75      2.00     5   5.8720
#         572       0.00976     20.13      2.00     5   5.8785
#         573       0.01374      4.03      2.00     5   5.8790
#         574       0.00993      9.21      2.00     5   5.8794
#         577       0.07208      6.73      2.00     6   5.8804
#         578       0.01888     15.83      2.00     6   5.8812
#         579       0.02073      6.92      2.00     6   5.8811
#         580       0.01852      7.03      2.00     6   5.8820
#         582       0.01078      5.65      2.00     5   5.8838
#         583       0.01891      4.95      2.00     6   5.8845
#         584       0.01128      6.31      2.00     5   5.8867
#         585       0.01250     12.71      2.00     5   5.8868
#         588       0.00968     23.04      2.00     5   5.8883
#         589       0.00977      6.94      2.00     5   5.8883
#         590       0.01875     15.95      2.00     6   5.8885
#         592       0.01106      5.21      2.00     5   5.8971
#         593       0.01291      5.01      2.00     5   5.8967
#         594       0.00978     20.37      2.00     5   5.9001
#         595       0.00994      9.15      2.00     5   5.9002
#         598       0.02169      4.43      2.00     5   5.9022
#         600       0.01838      6.34      2.00     6   5.9030
#         601       0.01389      7.22      2.00     4   5.9050
#         602       0.01880      4.95      2.00     6   5.9055
#         603       0.01945     27.66      2.00     6   5.9063
#         605       0.00986      7.11      2.00     5   5.9129
#         606       0.01077      6.22      2.00     5   5.9143
#         607       0.01301      5.11      2.00     5   5.9149
#         608       0.01111      5.55      2.00     5   5.9167
#         609       0.01247     12.13      2.00     5   5.9168
#         611       0.00976     23.00      2.00     5   5.9184
#         612       0.02158      4.51      2.00     5   5.9207
#         613       0.01378      7.24      2.00     4   5.9227
#         614       0.01903     26.58      2.00     6   5.9232
#         615       0.01372     12.23      2.00     5   5.9298
#         617       0.01913     45.32      2.00     7   5.9314
#         618       0.01364      8.00      2.00     5   5.9331
#         619       0.00763      7.63      2.00     4   5.9361
#         621       0.01901     45.44      2.00     7   5.9397
#         623       0.01532      8.77      2.00     5   5.9536
#         624       0.01373     12.09      2.00     5   5.9541
#         626       0.01362      7.91      2.00     5   5.9559
#         627       0.00974      6.98      2.00     4   5.9628
#         628       0.01583     15.61      2.00     6   5.9628
#         629       0.01544     12.62      2.00     6   5.9644
#         630       0.01723      5.05      2.00     5   5.9657
#         631       0.01251     13.04      1.00     6   5.9658
#         632       0.01114     12.01      1.00     6   5.9657
#         633       0.00986     17.05      1.00     6   5.9673
#         634       0.00977      7.50      2.00     4   5.9692
#         635       0.01517      8.73      2.00     5   5.9697
#         638       0.00649     15.00      2.00     5   5.9741
#         639       0.00645     15.09      2.00     5   5.9739
#         640       0.00991     10.02      2.00     4   5.9758
#         641       0.01878      5.25      2.00     7   5.9772
#         644       0.01411     10.44      2.00     6   5.9823
#         645       0.01450     10.46      2.00     6   5.9819
#         646       0.01452      5.10      2.00     5   5.9852
#         647       0.01064      6.61      2.00     5   5.9894
#         650       0.02135      4.61      2.00     5   5.9906
#         651       0.00989      9.62      2.00     4   5.9914
#         652       0.01255     17.16      2.00     6   5.9965
#         653       0.01075      6.29      2.00     5   5.9972
#         654       0.00888      7.32      1.00     6   6.0082
#         655       0.00896      7.68      1.00     6   6.0082
#         656       0.01566     16.67      2.00     6   6.0090
#         657       0.01513     11.75      2.00     6   6.0098
#         658       0.00872      7.14      1.00     6   6.0115
#         659       0.01096     11.04      1.00     6   6.0114
#         660       0.01250     12.00      1.00     6   6.0115
#         661       0.00875      7.12      1.00     6   6.0121
#         662       0.00997     16.31      1.00     6   6.0132
#         663       0.01119      8.59      2.00     5   6.0226
#         664       0.01051     20.57      2.00     5   6.0241
#         665       0.01111      8.80      2.00     5   6.0279
#         666       0.01056     21.91      2.00     5   6.0295
#         667       0.01467      4.84      2.00     5   6.0294
#         668       0.02121      4.38      2.00     5   6.0352
#         669       0.01061      4.09      2.00     5   6.0410
#         670       0.00961     10.51      2.00     5   6.0419
#         671       0.06797      5.32      2.00     7   6.0432
#         672       0.01240     17.08      2.00     6   6.0434
#         673       0.03371      4.90      2.00     7   6.0443
#         674       0.06439     12.13      2.00     7   6.0457
#         676       0.03363      4.91      2.00     7   6.0468
#         677       0.01723      6.09      2.00     5   6.0469
#         678       0.01063      4.37      2.00     5   6.0495
#         679       0.03538     11.79      2.00     7   6.0493
#         680       0.02457      5.64      2.00     6   6.0540
#         681       0.02005      4.85      2.00     6   6.0540
#         682       0.05928     11.06      2.00     7   6.0554
#         683       0.03547     11.13      2.00     7   6.0564
#         684       0.00625     14.14      2.00     5   6.0577
#         685       0.07018      5.61      2.00     7   6.0604
#         686       0.03482      5.19      2.00     7   6.0610
#         687       0.06252     11.80      2.00     7   6.0629
#         688       0.00963     10.67      2.00     5   6.0639
#         689       0.01127     11.15      2.00     6   6.0638
#         691       0.03371      4.73      2.00     7   6.0636
#         693       0.01546      7.57      2.00     6   6.0657
#         694       0.03495     11.47      2.00     7   6.0661
#         695       0.01123     11.56      2.00     6   6.0669
#         698       0.01968      4.87      2.00     6   6.0720
#         699       0.00987     12.26      2.00     5   6.0754
#         702       0.01721      5.97      2.00     5   6.0765
#         703       0.01120     10.85      2.00     6   6.0765
#         705       0.01087     14.26      2.00     6   6.0778
#         706       0.01122     10.84      2.00     6   6.0782
#         709       0.00989     12.65      2.00     5   6.0835
#         710       0.01009      7.41      2.00     5   6.0836
#         711       0.00623     11.73      2.00     5   6.0864
#         712       0.01084     14.01      2.00     6   6.0871
#         713       0.01520      7.70      2.00     6   6.0875
#         714       0.01070      9.39      2.00     6   6.0898
#         715       0.05539     10.65      2.00     7   6.0932
#         716       0.03426     10.75      2.00     7   6.0939
#         717       0.01065      9.17      2.00     6   6.0971
#         719       0.01071      5.07      2.00     6   6.0987
#         721       0.01034      9.12      2.00     6   6.1016
#         722       0.01081     14.05      2.00     6   6.1016
#         723       0.01095     32.94      2.00     6   6.1031
#         728       0.03024      6.33      2.00     6   6.1127
#         732       0.01797     21.12      2.00     7   6.1135
#         734       0.01813     20.43      2.00     7   6.1149
#         736       0.00846      4.59      2.00     5   6.1196
#         737       0.01066      6.24      2.00     6   6.1201
#         738       0.01064     11.15      2.00     6   6.1200
#         739       0.01074      8.78      2.00     6   6.1222
#         740       0.01027      8.45      2.00     6   6.1225
#         741       0.02462      5.40      2.00     6   6.1227
#         742       0.01071     13.81      2.00     6   6.1226
#         743       0.01110     33.18      2.00     6   6.1243
#         744       0.01195      9.72      2.00     6   6.1242
#         745       0.01678      8.76      2.00     6   6.1244
#         748       0.01037     13.05      2.00     5   6.1296
#         749       0.00847      4.52      2.00     5   6.1312
#         750       0.00846      4.58      2.00     5   6.1312
#         751       0.00993      7.48      2.00     6   6.1316
#         752       0.01027      5.58      2.00     6   6.1316
#         753       0.01190      9.50      2.00     6   6.1322
#         757       0.01056      4.57      2.00     5   6.1371
#         758       0.01486      6.78      2.00     6   6.1370
#         759       0.00991      7.56      2.00     6   6.1398
#         760       0.01024      5.36      2.00     6   6.1398
#         761       0.01197      7.66      2.00     6   6.1429
#         762       0.01041      7.91      2.00     6   6.1429
#         763       0.01668      8.94      2.00     6   6.1432
#         764       0.01069      4.13      2.00     5   6.1439
#         765       0.01063     11.69      2.00     6   6.1442
#         766       0.01038     13.28      2.00     5   6.1469
#         768       0.01072      8.31      2.00     6   6.1470
#         769       0.03067      6.20      2.00     6   6.1480
#         770       0.01049      4.82      2.00     6   6.1484
#         774       0.00981     18.45      2.00     6   6.1544
#         775       0.01018     23.74      2.00     6   6.1544
#         776       0.00991      8.59      2.00     6   6.1553
#         777       0.01001     11.98      2.00     6   6.1553
#         778       0.01001      9.68      2.00     6   6.1558
#         779       0.01005      9.04      2.00     6   6.1558
#         782       0.00857      4.51      2.00     5   6.1565
#         783       0.00854      4.55      2.00     5   6.1565
#         790       0.01503      6.71      2.00     6   6.1657
#         791       0.01192      8.50      2.00     6   6.1669
#         792       0.01042      8.86      2.00     6   6.1669
#         793       0.00697      6.96      2.00     4   6.1678
#         794       0.01047      5.39      2.00     6   6.1707
#         795       0.00698      6.86      2.00     4   6.1747
#         796       0.00978     12.47      2.00     5   6.1750
#         797       0.00976     11.58      2.00     5   6.1777
#         798       0.01619      9.31      2.00     6   6.1775
#         799       0.01619      9.31      2.00     6   6.1773
#         801       0.01847      9.15      2.00     6   6.1782
#         802       0.00980     18.27      2.00     6   6.1783
#         804       0.01019     23.79      2.00     6   6.1783
#         805       0.00988      7.91      2.00     6   6.1783
#         806       0.00999     11.73      2.00     6   6.1783
#         807       0.01854      9.13      2.00     6   6.1786
#         808       0.02176      6.88      2.00     6   6.1785
#         809       0.02116      7.04      2.00     6   6.1788
#         811       0.00999      9.21      2.00     6   6.1790
#         812       0.00999      8.61      2.00     6   6.1790
#         814       0.02486      6.13      2.00     6   6.1807
#         815       0.02538      6.18      2.00     6   6.1810
#         822       0.01722      5.88      2.00     6   6.1859
#         823       0.01722      5.95      2.00     6   6.1863
#         825       0.01869     10.77      2.00     6   6.1881
#         826       0.01869     10.83      2.00     6   6.1885
#         828       0.02123      5.93      2.00     5   6.1966
#         830       0.01787      5.51      2.00     6   6.2004
#         835       0.01204      7.29      2.00     5   6.2054
#         836       0.04576     12.27      2.00     6   6.2060
#         837       0.01770      8.48      2.00     6   6.2074
#         840       0.02158      6.03      2.00     5   6.2118
#         843       0.01766      7.66      2.00     6   6.2128
#         844       0.01744      9.51      2.00     6   6.2128
#         847       0.02047     10.78      2.00     6   6.2153
#         849       0.01793      6.54      2.00     6   6.2171
#         850       0.02423     17.18      2.00     6   6.2177
#         851       0.01256      6.17      2.00     5   6.2243
#         852       0.01621      5.85      2.00     5   6.2251
#         853       0.01626      5.66      2.00     5   6.2251
#         856       0.00605     14.15      1.00     4   6.2265
#         858       0.01193      5.42      2.00     5   6.2290
#         859       0.01193      5.76      2.00     5   6.2290
#         860       0.01955     10.67      2.00     6   6.2322
#         862       0.02313     16.62      2.00     6   6.2338
#         864       0.01048     19.81      1.00     6   6.2354
#         867       0.01042     18.78      1.00     6   6.2389
#         868       0.00617     13.65      1.00     4   6.2406
#         869       0.02710      6.64      2.00     6   6.2406
#         870       0.01621      5.55      2.00     5   6.2415
#         871       0.01625      5.39      2.00     5   6.2415
#         872       0.02178      4.08      2.00     4   6.2454
#         873       0.02482      6.19      2.00     6   6.2455
#         874       0.02166      6.63      2.00     6   6.2450
#         875       0.01771      5.24      2.00     6   6.2462
#         877       0.02267      4.05      2.00     4   6.2474
#         879       0.02346      6.11      2.00     6   6.2492
#         880       0.04438     11.58      2.00     6   6.2501
#         882       0.01762      8.02      2.00     6   6.2518
#         884       0.01050      4.10      2.00     6   6.2553
#         888       0.01746      7.24      2.00     6   6.2577
#         889       0.01732      9.03      2.00     6   6.2577
#         893       0.02678      6.44      2.00     6   6.2579
#         895       0.02139      6.45      2.00     6   6.2619
#         896       0.01760      6.30      2.00     6   6.2625
#         898       0.01225      5.97      2.00     5   6.2749
#         899       0.01735      4.71      2.00     6   6.2752
#         900       0.02410      6.01      2.00     6   6.2827
#         901       0.02288      5.92      2.00     6   6.2865
#         906       0.01707      5.17      2.00     5   6.2893
#         907       0.00985     18.27      2.00     6   6.2894
#         908       0.00984     17.42      2.00     6   6.2902
#         913       0.01339      4.85      2.00     6   6.2956
#         914       0.00828     16.48      2.00     5   6.2969
#         918       0.01059      5.66      2.00     6   6.2985
#         919       0.01095      8.26      2.00     6   6.2985
#         920       0.01705      4.84      2.00     5   6.2991
#         921       0.00999     24.60      2.00     6   6.3000
#         923       0.01514      5.74      2.00     6   6.3012
#         924       0.02561      9.16      2.00     5   6.3022
#         925       0.00962      4.10      2.00     6   6.3037
#         926       0.00962      4.01      2.00     6   6.3032
#         927       0.01333      5.85      2.00     6   6.3035
#         930       0.01475     60.93      2.00     5   6.3055
#         931       0.01048      5.26      2.00     6   6.3059
#         933       0.01090      7.86      2.00     6   6.3060
#         934       0.02082      4.30      2.00     4   6.3069
#         935       0.01003     25.82      2.00     6   6.3077
#         937       0.01494      5.37      2.00     6   6.3084
#         938       0.01782      6.13      2.00     6   6.3088
#         940       0.02070      4.32      2.00     4   6.3105
#         943       0.02436      8.88      2.00     5   6.3159
#         945       0.01712      5.09      2.00     6   6.3206
#         946       0.01815      4.66      2.00     6   6.3293
#         947       0.01117      4.12      2.00     4   6.3331
#         948       0.01438     57.15      2.00     5   6.3353
#         950       0.01810      4.64      2.00     6   6.3379
#         951       0.00923      6.91      2.00     4   6.3419
#         952       0.01404      4.78      1.00     6   6.3415
#         953       0.01115      4.00      2.00     4   6.3426
#         954       0.01404      4.86      1.00     6   6.3434
#         956       0.01062     11.49      2.00     7   6.3504
#         957       0.01353     20.89      2.00     7   6.3514
#         959       0.01560     18.59      2.00     7   6.3514
#         961       0.01053     15.40      2.00     7   6.3536
#         963       0.04422      8.26      2.00     6   6.3546
#         966       0.01771      6.14      2.00     6   6.3550
#         968       0.02138      7.68      2.00     6   6.3560
#         969       0.01612      4.15      2.00     6   6.3571
#         971       0.01608      4.05      2.00     6   6.3577
#         972       0.01062     11.30      2.00     7   6.3581
#         975       0.01357     20.28      2.00     7   6.3596
#         977       0.01544     17.57      2.00     7   6.3596
#         978       0.01068      7.77      2.00     5   6.3608
#         979       0.02391      8.65      2.00     5   6.3604
#         980       0.01062     15.38      2.00     7   6.3618
#         981       0.02408      8.90      2.00     5   6.3645
#         982       0.02767      6.46      2.00     7   6.3668
#         984       0.00920      6.93      2.00     4   6.3688
#         985       0.01071      7.62      2.00     5   6.3684
#         987       0.01587     13.57      2.00     7   6.3746
#         988       0.01344     14.33      2.00     7   6.3746
#         989       0.01400     10.04      2.00     7   6.3761
#         990       0.00821     15.08      2.00     5   6.3768
#         992       0.01044     19.09      2.00     7   6.3775
#         993       0.01097     15.15      2.00     7   6.3775
#         994       0.01816      5.97      2.00     6   6.3789
#         995       0.01015     41.25      2.00     7   6.3791
#         997       0.04332      7.92      2.00     6   6.3836
#         998       0.02738      6.31      2.00     7   6.3833
#         999       0.01517     72.00      1.00     6   6.3845
#        1000       0.02097      7.53      2.00     6   6.3854
#        1004       0.03363      5.55      2.00     6   6.3966
#        1005       0.01562     15.40      2.00     7   6.3982
#        1006       0.01335     16.27      2.00     7   6.3982
#        1007       0.01029      4.38      2.00     6   6.3988
#        1008       0.01532      9.85      2.00     6   6.3988
#        1009       0.01375     10.90      2.00     7   6.3990
#        1012       0.01034     18.68      2.00     7   6.4006
#        1013       0.01093     13.93      2.00     7   6.4008
#        1014       0.01021     41.26      2.00     7   6.4024
#        1017       0.01943     18.25      2.00     7   6.4046
#        1018       0.01939     18.29      2.00     7   6.4047
#        1019       0.03250      5.53      2.00     6   6.4053
#        1020       0.02019      6.09      2.00     7   6.4053
#        1021       0.01028      4.46      2.00     6   6.4060
#        1022       0.01540      9.90      2.00     6   6.4060
#        1023       0.02008      5.61      2.00     7   6.4058
#        1024       0.02048      6.17      2.00     7   6.4069
#        1025       0.02021      6.28      2.00     7   6.4069
#        1027       0.02129      5.82      2.00     7   6.4076
#        1030       0.02136      5.46      2.00     7   6.4080
#        1031       0.02218     13.50      2.00     7   6.4079
#        1032       0.02250     13.76      2.00     7   6.4083
#        1033       0.02184     27.90      2.00     7   6.4101
#        1035       0.02202     28.80      2.00     7   6.4105
#        1036       0.01446      4.55      2.00     7   6.4183
#        1037       0.00937     12.06      2.00     5   6.4209
#        1038       0.01813      5.81      2.00     6   6.4232
#        1041       0.02866      4.49      2.00     6   6.4262
#        1042       0.05264     10.22      2.00     7   6.4267
#        1043       0.05181     10.21      2.00     7   6.4276
#        1044       0.04394     10.13      2.00     7   6.4276
#        1045       0.01462      4.63      2.00     7   6.4274
#        1047       0.02886     10.26      2.00     7   6.4281
#        1048       0.04338     10.11      2.00     7   6.4288
#        1049       0.02969     10.27      2.00     7   6.4286
#        1050       0.03580      9.61      2.00     7   6.4290
#        1051       0.01489     65.80      1.00     6   6.4301
#        1052       0.03539      9.60      2.00     7   6.4297
#        1053       0.02273      8.66      1.00     6   6.4311
#        1055       0.02258      4.63      2.00     7   6.4321
#        1056       0.02162      9.86      2.00     7   6.4321
#        1058       0.04505     20.52      2.00     7   6.4337
#        1059       0.02137     16.98      2.00     7   6.4351
#        1060       0.01622      4.94      2.00     7   6.4350
#        1061       0.01561      5.69      2.00     7   6.4366
#        1062       0.02407      8.49      2.00     5   6.4372
#        1063       0.02261      8.22      1.00     6   6.4379
#        1064       0.03004      5.20      2.00     5   6.4388
#        1066       0.00672     27.85      2.00     5   6.4413
#        1067       0.03554     10.98      2.00     6   6.4435
#        1068       0.01736      4.72      2.00     6   6.4437
#        1070       0.02991      5.05      2.00     5   6.4445
#        1071       0.00671     28.07      2.00     5   6.4464
#        1072       0.01804      6.85      2.00     6   6.4464
#        1076       0.01743      6.20      2.00     5   6.4488
#        1077       0.01844      4.21      2.00     6   6.4491
#        1078       0.01735      4.71      2.00     6   6.4493
#        1080       0.00980     12.21      2.00     6   6.4531
#        1081       0.00979     11.33      2.00     6   6.4536
#        1084       0.01821      6.13      2.00     6   6.4565
#        1085       0.01746      6.16      2.00     6   6.4565
#        1089       0.01928      4.77      2.00     6   6.4617
#        1090       0.02757      4.35      2.00     6   6.4626
#        1091       0.00929     11.52      2.00     5   6.4635
#        1093       0.02865      6.63      2.00     7   6.4645
#        1094       0.01502      4.15      2.00     5   6.4657
#        1095       0.03089     15.06      2.00     7   6.4670
#        1097       0.02381      7.91      2.00     5   6.4747
#        1098       0.02799      6.82      2.00     6   6.4745
#        1099       0.03060     13.40      2.00     7   6.4764
#        1100       0.02270      4.99      2.00     7   6.4776
#        1101       0.02154      9.49      2.00     7   6.4776
#        1102       0.04405     19.28      2.00     7   6.4784
#        1105       0.01747      5.94      2.00     5   6.4790
#        1106       0.01613      4.67      2.00     7   6.4800
#        1107       0.02098     16.06      2.00     7   6.4801
#        1108       0.02940      7.02      2.00     7   6.4814
#        1109       0.01571      5.48      2.00     7   6.4817
#        1110       0.02966     14.66      2.00     7   6.4839
#        1111       0.02279      6.45      2.00     7   6.4869
#        1112       0.02401      6.22      2.00     7   6.4878
#        1117       0.02797      6.49      2.00     6   6.4917
#        1118       0.02569      7.99      2.00     6   6.4920
#        1119       0.01218      7.51      2.00     5   6.4940
#        1122       0.01199      7.27      2.00     5   6.5043
#        1123       0.02255      6.36      2.00     7   6.5046
#        1125       0.01077      6.08      2.00     7   6.5093
#        1126       0.01302      7.72      2.00     7   6.5101
#        1127       0.01308      4.63      2.00     7   6.5104
#        1128       0.02155      4.45      2.00     6   6.5110
#        1129       0.01829      9.05      2.00     6   6.5110
#        1130       0.01055      8.34      2.00     7   6.5117
#        1131       0.01319      6.92      2.00     7   6.5119
#        1132       0.01131      9.44      2.00     7   6.5119
#        1133       0.01929      5.45      2.00     6   6.5126
#        1134       0.01068      8.55      2.00     7   6.5133
#        1135       0.01138      9.86      2.00     7   6.5133
#        1136       0.03412     10.27      2.00     6   6.5137
#        1137       0.02961     12.98      2.00     7   6.5138
#        1138       0.00994     41.42      2.00     7   6.5135
#        1140       0.00990     38.94      2.00     7   6.5149
#        1141       0.01780      6.38      2.00     6   6.5161
#        1143       0.00695     63.81      2.00     6   6.5203
#        1144       0.02118      4.30      2.00     6   6.5209
#        1145       0.01779      8.69      2.00     6   6.5208
#        1146       0.01913      5.38      2.00     6   6.5226
#        1151       0.01636      5.45      2.00     6   6.5255
#        1152       0.01013      8.52      2.00     7   6.5257
#        1153       0.01005      8.48      2.00     7   6.5252
#        1154       0.01799      5.73      2.00     6   6.5257
#        1155       0.01727      5.55      2.00     6   6.5257
#        1156       0.02622     10.38      2.00     6   6.5264
#        1158       0.02614      4.11      2.00     7   6.5286
#        1159       0.03511     18.73      2.00     7   6.5296
#        1161       0.01901      4.41      2.00     6   6.5308
#        1162       0.01108      8.80      2.00     7   6.5317
#        1163       0.01104      9.88      2.00     7   6.5335
#        1164       0.01434      4.02      2.00     7   6.5334
#        1165       0.01434      4.43      2.00     7   6.5349
#        1170       0.01734      4.12      2.00     6   6.5380
#        1171       0.02778      5.47      2.00     6   6.5382
#        1172       0.05454      7.81      2.00     7   6.5388
#        1173       0.01459      5.89      2.00     6   6.5410
#        1174       0.00699     62.51      2.00     6   6.5412
#        1176       0.03667      7.95      2.00     7   6.5413
#        1177       0.00831     16.70      2.00     5   6.5421
#        1178       0.00823     16.85      2.00     5   6.5423
#        1180       0.02665      4.01      2.00     7   6.5448
#        1182       0.01995      4.66      1.00     6   6.5454
#        1183       0.01638      5.49      2.00     6   6.5455
#        1184       0.02647     10.33      2.00     6   6.5456
#        1185       0.03444     18.51      2.00     7   6.5455
#        1187       0.00850      9.14      2.00     5   6.5471
#        1193       0.02154      4.63      2.00     7   6.5524
#        1194       0.01445      4.14      2.00     6   6.5532
#        1195       0.01084      5.58      2.00     7   6.5546
#        1198       0.01082      6.78      2.00     7   6.5561
#        1199       0.01199      8.27      2.00     5   6.5567
#        1201       0.01736      4.10      2.00     6   6.5573
#        1206       0.02775      4.98      2.00     6   6.5588
#        1208       0.01092      6.04      2.00     7   6.5602
#        1209       0.01086      6.64      2.00     7   6.5600
#        1210       0.01460      5.94      2.00     6   6.5604
#        1211       0.01998      4.59      1.00     6   6.5620
#        1215       0.01045     19.40      2.00     7   6.5662
#        1216       0.01044      7.95      2.00     7   6.5670
#        1217       0.01047      8.40      2.00     7   6.5676
#        1218       0.01039      7.57      2.00     7   6.5676
#        1219       0.01044     20.17      2.00     7   6.5675
#        1220       0.00992      4.30      2.00     7   6.5681
#        1221       0.01036      8.37      2.00     7   6.5682
#        1223       0.01252      7.33      2.00     7   6.5686
#        1224       0.01259      7.18      2.00     7   6.5694
#        1226       0.01540      6.30      2.00     7   6.5695
#        1229       0.00855      9.71      2.00     3   6.5706
#        1232       0.02237      4.58      2.00     7   6.5725
#        1235       0.05232      7.47      2.00     7   6.5732
#        1237       0.02164     18.13      2.00     7   6.5744
#        1238       0.01204      8.58      2.00     5   6.5746
#        1239       0.00877      8.81      2.00     5   6.5756
#        1240       0.03588      7.63      2.00     7   6.5758
#        1247       0.02147     17.53      2.00     7   6.5816
#        1249       0.01554      4.06      2.00     7   6.5822
#        1250       0.01753      7.16      2.00     5   6.5882
#        1253       0.01521      6.30      2.00     7   6.5894
#        1255       0.02429      5.19      2.00     5   6.5920
#        1258       0.03319      7.57      2.00     6   6.5962
#        1267       0.01772      8.48      2.00     6   6.6062
#        1268       0.01776      8.53      2.00     6   6.6059
#        1269       0.02447      5.16      2.00     5   6.6067
#        1271       0.01656      4.71      2.00     6   6.6102
#        1272       0.01763      6.50      1.00     6   6.6130
#        1273       0.01637      4.77      2.00     6   6.6139
#        1275       0.00902      9.39      2.00     4   6.6157
#        1277       0.01643      4.74      2.00     6   6.6173
#        1278       0.01115      7.74      2.00     5   6.6178
#        1279       0.01311      4.48      2.00     7   6.6191
#        1280       0.01020     10.68      2.00     6   6.6224
#        1282       0.01827      4.03      2.00     7   6.6246
#        1283       0.01855      9.72      2.00     7   6.6249
#        1284       0.00867     21.78      2.00     6   6.6261
#        1286       0.01557      4.82      2.00     6   6.6270
#        1288       0.01583      4.57      2.00     6   6.6278
#        1289       0.01761      6.91      2.00     5   6.6286
#        1291       0.01569      4.70      2.00     6   6.6294
#        1293       0.01020     10.43      2.00     6   6.6310
#        1295       0.01839      9.47      2.00     7   6.6332
#        1296       0.01997      5.64      2.00     6   6.6336
#        1297       0.01556      4.02      2.00     7   6.6353
#        1300       0.01318      4.27      2.00     7   6.6410
#        1306       0.01092      7.55      2.00     5   6.6469
#        1309       0.02001      5.48      2.00     6   6.6484
#        1311       0.00670     14.43      1.00     6   6.6522
#        1315       0.00671     13.51      1.00     6   6.6561
#        1318       0.01629      4.48      2.00     6   6.6600
#        1319       0.01764      6.18      1.00     6   6.6600
#        1320       0.01783      4.79      2.00     7   6.6598
#        1323       0.01705     15.08      2.00     7   6.6604
#        1325       0.01053      9.37      2.00     7   6.6686
#        1326       0.01692     15.12      2.00     7   6.6686
#        1327       0.02815      9.34      2.00     6   6.6696
#        1328       0.00898     20.55      2.00     6   6.6703
#        1329       0.01784      5.47      2.00     6   6.6711
#        1331       0.02220      9.31      2.00     6   6.6711
#        1332       0.01513      7.39      2.00     6   6.6715
#        1335       0.01738      5.04      2.00     6   6.6726
#        1336       0.01551      4.52      2.00     6   6.6732
#        1337       0.02834      9.59      2.00     6   6.6733
#        1338       0.01582      4.28      2.00     6   6.6740
#        1339       0.01792      5.77      2.00     6   6.6749
#        1340       0.01561      4.45      2.00     6   6.6749
#        1341       0.03591     19.56      2.00     7   6.6752
#        1343       0.01511      7.01      2.00     6   6.6768
#        1345       0.02055      7.19      2.00     7   6.6767
#        1346       0.02071     13.72      2.00     7   6.6781
#        1347       0.01750      4.20      2.00     7   6.6782
#        1348       0.01659      4.89      2.00     7   6.6797
#        1350       0.01789      4.02      2.00     6   6.6824
#        1351       0.02500      5.17      2.00     7   6.6840
#        1352       0.00717      4.33      2.00     5   6.6842
#        1353       0.01518      4.65      2.00     6   6.6851
#        1354       0.02880      4.88      2.00     7   6.6856
#        1355       0.00714      4.33      2.00     5   6.6860
#        1358       0.01704      5.34      2.00     7   6.6869
#        1360       0.01792      4.08      2.00     6   6.6876
#        1362       0.01795      4.80      2.00     7   6.6877
#        1364       0.01518      4.65      2.00     6   6.6890
#        1365       0.01148      6.54      2.00     6   6.6897
#        1367       0.01191     18.70      2.00     6   6.6968
#        1368       0.01145      6.38      2.00     6   6.6984
#        1369       0.02522      4.94      2.00     7   6.7010
#        1371       0.02214      8.91      2.00     6   6.7014
#        1372       0.02929      4.63      2.00     7   6.7015
#        1373       0.01766      4.91      2.00     6   6.7030
#        1375       0.02949      9.80      2.00     5   6.7081
#        1379       0.01684      6.03      2.00     7   6.7098
#        1380       0.01027      4.42      2.00     7   6.7098
#        1382       0.01053     51.90      2.00     6   6.7172
#        1383       0.02898      9.42      2.00     5   6.7178
#        1385       0.02121      4.33      2.00     6   6.7224
#        1386       0.02398      4.33      2.00     6   6.7224
#        1387       0.01049     51.08      2.00     6   6.7246
#        1394       0.02245      4.07      2.00     6   6.7289
#        1396       0.01919      7.28      2.00     5   6.7338
#        1397       0.02206      4.14      2.00     6   6.7358
#        1398       0.02730      4.56      2.00     6   6.7364
#        1399       0.02476      4.56      2.00     6   6.7370
#        1400       0.02117      4.28      2.00     6   6.7381
#        1401       0.02402      4.28      2.00     6   6.7381
#        1402       0.00749      4.76      2.00     5   6.7393
#        1403       0.00752      4.74      2.00     5   6.7418
#        1404       0.01170     17.70      2.00     6   6.7417
#        1405       0.03462     18.54      2.00     7   6.7450
#        1407       0.02027      6.65      2.00     7   6.7458
#        1410       0.00738      4.73      2.00     5   6.7471
#        1411       0.00750      4.71      2.00     5   6.7475
#        1412       0.02025     12.81      2.00     7   6.7474
#        1414       0.01678      6.24      2.00     7   6.7485
#        1415       0.02969     14.88      2.00     7   6.7486
#        1416       0.01657      4.70      2.00     7   6.7492
#        1417       0.01827      8.85      2.00     7   6.7501
#        1418       0.01158      7.05      2.00     5   6.7536
#        1420       0.01687      5.48      2.00     7   6.7570
#        1422       0.01174      7.34      2.00     5   6.7580
#        1423       0.01961      7.38      2.00     5   6.7580
#        1424       0.02021      6.98      2.00     6   6.7580
#        1426       0.01900     13.24      2.00     6   6.7586
#        1427       0.01229      9.55      2.00     6   6.7596
#        1429       0.01402      7.31      2.00     6   6.7599
#        1430       0.01541      4.76      2.00     6   6.7595
#        1431       0.02859     10.88      2.00     7   6.7599
#        1433       0.01712      4.53      2.00     7   6.7599
#        1434       0.01805      6.42      2.00     7   6.7615
#        1435       0.01457      4.51      2.00     6   6.7652
#        1439       0.01683      6.24      2.00     7   6.7679
#        1440       0.03019     14.71      2.00     7   6.7680
#        1442       0.01845      8.89      2.00     7   6.7697
#        1444       0.02686      4.39      2.00     6   6.7707
#        1445       0.01183      5.71      2.00     7   6.7714
#        1446       0.02432      4.37      2.00     6   6.7716
#        1447       0.01956      7.95      2.00     7   6.7716
#        1449       0.01540      4.92      2.00     6   6.7726
#        1450       0.02125      8.09      2.00     7   6.7728
#        1451       0.02170     11.97      2.00     7   6.7726
#        1452       0.01540      4.50      2.00     6   6.7734
#        1453       0.01537     14.02      2.00     6   6.7748
#        1455       0.01209      9.16      2.00     6   6.7769
#        1456       0.01383      7.25      2.00     6   6.7767
#        1458       0.01684      6.03      2.00     7   6.7781
#        1459       0.01167      5.86      2.00     7   6.7795
#        1460       0.02436      4.61      2.00     7   6.7800
#        1461       0.02859     10.41      2.00     7   6.7805
#        1462       0.01707      4.30      2.00     7   6.7806
#        1463       0.01815      6.19      2.00     7   6.7823
#        1464       0.01532      4.35      2.00     5   6.7847
#        1466       0.03138      6.19      2.00     7   6.7854
#        1467       0.01457      4.49      2.00     6   6.7860
#        1468       0.00723      7.63      2.00     4   6.7865
#        1471       0.00720      7.54      2.00     4   6.7883
#        1472       0.02025      6.70      2.00     6   6.7878
#        1473       0.01930      7.57      2.00     7   6.7879
#        1475       0.02095      7.70      2.00     7   6.7888
#        1476       0.02542     11.90      2.00     7   6.7893
#        1477       0.01549      4.68      2.00     6   6.7894
#        1478       0.01900     13.18      2.00     6   6.7894
#        1482       0.01536      4.35      2.00     5   6.7942
#        1483       0.00616      4.26      2.00     3   6.7963
#        1484       0.01076    126.80      2.00     7   6.7962
#        1485       0.02395      4.50      2.00     7   6.7968
#        1489       0.01548      4.82      2.00     6   6.8026
#        1490       0.01406      4.06      2.00     5   6.8030
#        1491       0.01548      4.39      2.00     6   6.8034
#        1492       0.01515     13.49      2.00     6   6.8039
#        1493       0.00613      4.48      2.00     3   6.8040
#        1494       0.01413      4.18      2.00     5   6.8040
#        1495       0.00609      7.58      2.00     4   6.8076
#        1496       0.02203      5.41      2.00     6   6.8084
#        1499       0.01825     10.70      2.00     6   6.8129
#        1500       0.02233      5.56      2.00     6   6.8141
#        1501       0.01410      7.07      2.00     6   6.8153
#        1503       0.01078    121.70      2.00     7   6.8193
#        1506       0.02806      9.58      2.00     7   6.8216
#        1507       0.02965      6.03      2.00     7   6.8228
#        1510       0.01719      6.12      2.00     7   6.8245
#        1511       0.03964     14.78      2.00     7   6.8252
#        1512       0.02107     19.85      2.00     7   6.8257
#        1513       0.03012      7.71      2.00     7   6.8257
#        1514       0.03015      8.45      2.00     7   6.8254
#        1515       0.01739      4.02      2.00     7   6.8272
#        1516       0.01910     21.04      2.00     7   6.8279
#        1517       0.01938     21.06      2.00     7   6.8282
#        1518       0.01405      7.00      2.00     6   6.8295
#        1521       0.00611      7.48      2.00     4   6.8318
#        1523       0.00812      9.99      2.00     6   6.8326
#        1524       0.01140     14.70      2.00     6   6.8326
#        1525       0.03886     14.43      2.00     7   6.8331
#        1528       0.01906      5.28      2.00     7   6.8346
#        1529       0.02265      5.80      2.00     7   6.8346
#        1531       0.01794      7.57      2.00     7   6.8361
#        1532       0.02032      7.43      2.00     7   6.8361
#        1533       0.01661      5.96      2.00     7   6.8370
#        1534       0.02339     14.37      2.00     7   6.8370
#        1535       0.01833     20.27      2.00     7   6.8377
#        1536       0.02092     10.82      2.00     7   6.8375
#        1537       0.02203      4.78      2.00     7   6.8375
#        1538       0.01557      7.26      2.00     7   6.8385
#        1539       0.01989      5.70      2.00     7   6.8391
#        1540       0.02046      4.44      2.00     7   6.8398
#        1541       0.01581      4.89      2.00     7   6.8424
#        1543       0.01574      4.66      2.00     7   6.8439
#        1545       0.01175      7.70      2.00     5   6.8447
#        1548       0.01837      5.22      2.00     7   6.8454
#        1550       0.02646      6.89      2.00     7   6.8480
#        1552       0.02604      6.90      2.00     7   6.8486
#        1553       0.02880      6.65      2.00     7   6.8489
#        1554       0.01676      6.19      2.00     7   6.8486
#        1555       0.02866      6.64      2.00     7   6.8498
#        1557       0.01164      7.74      2.00     5   6.8507
#        1561       0.01557      7.43      2.00     7   6.8516
#        1562       0.01832      5.11      2.00     7   6.8519
#        1563       0.01849     10.41      2.00     6   6.8527
#        1564       0.00823     10.08      2.00     6   6.8528
#        1565       0.01148     14.56      2.00     6   6.8528
#        1566       0.01686      7.13      2.00     7   6.8525
#        1567       0.01550     36.25      2.00     7   6.8538
#        1569       0.01792      7.50      2.00     7   6.8561
#        1570       0.01435      5.18      2.00     7   6.8581
#        1573       0.01390      4.98      2.00     6   6.8611
#        1575       0.01396      4.91      2.00     6   6.8625
#        1576       0.01529     11.24      2.00     6   6.8633
#        1577       0.01556     11.56      2.00     6   6.8647
#        1578       0.00979     18.10      2.00     6   6.8652
#        1579       0.01964      6.91      2.00     5   6.8660
#        1581       0.02715      9.24      2.00     5   6.8675
#        1584       0.02770     10.02      2.00     7   6.8685
#        1585       0.01794      4.62      2.00     7   6.8682
#        1586       0.01969      6.97      2.00     5   6.8694
#        1587       0.00750      8.56      2.00     5   6.8699
#        1588       0.01704      6.26      2.00     7   6.8709
#        1589       0.01748      4.15      2.00     7   6.8724
#        1592       0.01207      8.47      2.00     3   6.8779
#        1594       0.02843     13.06      2.00     7   6.8791
#        1598       0.01785     11.15      2.00     7   6.8808
#        1599       0.01892      5.49      2.00     7   6.8806
#        1600       0.02249      5.83      2.00     7   6.8806
#        1601       0.00750      6.66      2.00     5   6.8822
#        1602       0.01647      5.54      2.00     7   6.8824
#        1603       0.02019      6.99      2.00     7   6.8823
#        1604       0.01789      7.09      2.00     7   6.8825
#        1605       0.02334     13.30      2.00     7   6.8825
#        1606       0.00597      7.20      2.00     4   6.8830
#        1607       0.02057      9.67      2.00     7   6.8830
#        1608       0.02162      4.27      2.00     7   6.8832
#        1610       0.02825     12.48      2.00     7   6.8844
#        1611       0.01567      6.86      2.00     7   6.8842
#        1612       0.01851     19.38      2.00     7   6.8841
#        1613       0.01482      5.37      2.00     4   6.8851
#        1614       0.01480      5.32      2.00     4   6.8851
#        1615       0.01963      5.20      2.00     7   6.8848
#        1616       0.02028      4.57      2.00     7   6.8856
#        1617       0.01777     10.64      2.00     7   6.8859
#        1618       0.01440      5.46      2.00     6   6.8902
#        1619       0.00585      6.20      2.00     4   6.8910
#        1621       0.01763      4.32      2.00     7   6.8916
#        1622       0.01784      7.30      2.00     7   6.8934
#        1623       0.01661      5.72      2.00     7   6.8942
#        1626       0.01791      4.71      2.00     7   6.8957
#        1628       0.01678     10.06      2.00     7   6.8964
#        1630       0.01782      7.30      2.00     7   6.8973
#        1631       0.02669      8.80      2.00     5   6.8975
#        1632       0.01566      7.00      2.00     7   6.8974
#        1633       0.01185      8.14      2.00     3   6.8980
#        1634       0.01671      6.72      2.00     7   6.8982
#        1635       0.02739      8.41      2.00     7   6.8985
#        1636       0.01531     34.13      2.00     7   6.8986
#        1637       0.02769      8.27      2.00     7   6.8997
#        1639       0.03596      8.28      2.00     7   6.9007
#        1640       0.03546      8.13      2.00     7   6.9019
#        1641       0.00570     10.37      2.00     5   6.9023
#        1644       0.02058      6.80      1.00     6   6.9042
#        1645       0.01435      5.15      2.00     7   6.9053
#        1647       0.01832      5.50      2.00     7   6.9076
#        1648       0.01189      8.07      2.00     4   6.9080
#        1649       0.01618      4.14      2.00     6   6.9084
#        1653       0.01665      7.61      2.00     7   6.9100
#        1656       0.00575     10.83      2.00     5   6.9108
#        1657       0.02055      6.18      2.00     6   6.9122
#        1658       0.01446      5.79      2.00     6   6.9122
#        1659       0.01883      6.78      2.00     7   6.9118
#        1660       0.01605      4.26      2.00     6   6.9137
#        1662       0.01122      8.17      2.00     6   6.9149
#        1663       0.00643      7.51      2.00     5   6.9149
#        1664       0.01126      8.40      2.00     6   6.9152
#        1665       0.01777      4.61      2.00     7   6.9150
#        1667       0.01423      5.02      2.00     4   6.9163
#        1669       0.02094      7.11      1.00     6   6.9188
#        1672       0.00632      6.74      2.00     4   6.9206
#        1674       0.01422      4.85      2.00     4   6.9220
#        1675       0.01701      7.53      2.00     7   6.9227
#        1678       0.01891      6.62      2.00     7   6.9243
#        1679       0.01646      4.99      2.00     7   6.9272
#        1680       0.01979     15.87      2.00     6   6.9298
#        1681       0.01063     57.75      2.00     7   6.9304
#        1682       0.01645      4.44      2.00     7   6.9312
#        1683       0.00743      9.60      2.00     6   6.9316
#        1684       0.01423      5.15      2.00     6   6.9321
#        1685       0.01068     56.18      2.00     7   6.9321
#        1686       0.02240      4.87      2.00     7   6.9331
#        1688       0.01658      9.54      2.00     7   6.9337
#        1689       0.00984     16.80      2.00     6   6.9347
#        1690       0.01453      5.89      2.00     6   6.9348
#        1691       0.01635      5.34      2.00     7   6.9348
#        1694       0.02239      4.35      2.00     7   6.9367
#        1696       0.01631      5.10      2.00     7   6.9372
#        1699       0.01922     15.14      2.00     6   6.9394
#        1700       0.01172      7.58      2.00     4   6.9410
#        1702       0.00620      5.77      2.00     4   6.9414
#        1703       0.01316      4.26      2.00     6   6.9433
#        1704       0.01309      4.60      2.00     6   6.9433
#        1706       0.01939     15.19      2.00     6   6.9451
#        1711       0.01996      9.55      2.00     6   6.9487
#        1713       0.01459      7.55      2.00     7   6.9497
#        1716       0.01323      4.34      2.00     6   6.9506
#        1717       0.01314      4.68      2.00     6   6.9506
#        1718       0.02594      6.10      2.00     5   6.9512
#        1719       0.01456      7.11      2.00     7   6.9527
#        1720       0.00740      9.90      2.00     6   6.9539
#        1721       0.01371     12.75      2.00     5   6.9555
#        1722       0.02101      5.14      2.00     7   6.9561
#        1723       0.02005      5.30      2.00     7   6.9561
#        1725       0.01952     10.48      2.00     6   6.9570
#        1726       0.02043      5.71      2.00     6   6.9582
#        1727       0.03321     10.36      2.00     7   6.9590
#        1728       0.02000      5.38      2.00     7   6.9632
#        1729       0.02056      5.22      2.00     7   6.9632
#        1730       0.01357     12.23      2.00     5   6.9637
#        1731       0.01203      8.46      2.00     6   6.9638
#        1732       0.02017      9.84      2.00     6   6.9638
#        1733       0.01941     15.00      2.00     6   6.9641
#        1735       0.01188      7.63      2.00     6   6.9684
#        1737       0.02060      4.33      2.00     7   6.9719
#        1738       0.02037     18.07      2.00     7   6.9735
#        1739       0.02024      7.08      2.00     7   6.9743
#        1740       0.01946      5.37      2.00     7   6.9749
#        1741       0.01949      9.86      2.00     6   6.9775
#        1745       0.02515      4.68      2.00     7   6.9801
#        1746       0.02251      5.38      2.00     7   6.9801
#        1747       0.02509     11.77      2.00     7   6.9802
#        1750       0.01925      7.34      2.00     7   6.9817
#        1751       0.02773      5.80      2.00     7   6.9817
#        1752       0.02056      7.65      2.00     7   6.9817
#        1753       0.02563      5.78      2.00     5   6.9821
#        1754       0.01953     21.40      2.00     7   6.9833
#        1755       0.01636      6.36      2.00     7   6.9874
#        1756       0.01588      6.27      2.00     7   6.9883
#        1757       0.01259     12.22      2.00     7   6.9896
#        1764       0.03211      9.95      2.00     7   6.9936
#        1765       0.02054      4.34      2.00     7   6.9936
#        1766       0.02055     18.25      2.00     7   6.9952
#        1767       0.02017      7.04      2.00     7   6.9952
#        1768       0.01945      5.12      2.00     7   6.9959
#        1769       0.00685     16.20      2.00     5   6.9996
#        1770       0.01537      5.09      2.00     5   7.0009
#        1771       0.01539      5.18      2.00     5   7.0009
#        1774       0.02729      8.84      2.00     5   7.0054
#        1775       0.02087      7.00      2.00     7   7.0052
#        1777       0.01575      4.04      2.00     7   7.0062
#        1779       0.01627      6.29      2.00     7   7.0084
#        1780       0.01537      4.91      2.00     5   7.0085
#        1781       0.01540      5.01      2.00     5   7.0085
#        1782       0.01585      6.26      2.00     7   7.0093
#        1784       0.02213      4.64      2.00     7   7.0099
#        1785       0.01237     12.22      2.00     7   7.0097
#        1787       0.02491      4.48      2.00     7   7.0101
#        1788       0.02502     11.26      2.00     7   7.0102
#        1789       0.01618      6.69      2.00     5   7.0107
#        1791       0.01930      7.21      2.00     7   7.0117
#        1792       0.02729      5.66      2.00     7   7.0119
#        1793       0.02064      7.50      2.00     7   7.0119
#        1794       0.00669      8.31      2.00     5   7.0134
#        1795       0.01970     21.41      2.00     7   7.0135
#        1798       0.01507     10.55      2.00     6   7.0179
#        1800       0.01666     11.24      2.00     7   7.0248
#        1802       0.01663      6.52      2.00     5   7.0252
#        1803       0.01526      4.44      2.00     7   7.0256
#        1805       0.01343      9.85      2.00     6   7.0295
#        1806       0.02691     15.74      2.00     6   7.0302
#        1807       0.02670     12.83      2.00     6   7.0335
#        1808       0.02660      9.86      2.00     6   7.0346
#        1809       0.00667     14.08      2.00     5   7.0362
#        1810       0.01342      9.95      2.00     6   7.0362
#        1812       0.01455      4.25      2.00     7   7.0387
#        1813       0.01454      4.13      2.00     7   7.0396
#        1816       0.01681      4.09      2.00     7   7.0426
#        1817       0.02678      8.38      2.00     5   7.0455
#        1818       0.00673      7.93      2.00     5   7.0467
#        1819       0.02298      9.09      2.00     7   7.0471
#        1823       0.01668     11.11      2.00     7   7.0492
#        1824       0.01523      4.34      2.00     7   7.0493
#        1826       0.01262      8.00      2.00     6   7.0505
#        1827       0.01707      4.22      2.00     7   7.0510
#        1828       0.01538      5.93      2.00     6   7.0578
#        1829       0.01454      4.13      2.00     7   7.0625
#        1830       0.01453      4.04      2.00     7   7.0633
#        1831       0.02180      8.94      2.00     7   7.0631
#        1832       0.01541      6.34      2.00     6   7.0642
#        1833       0.02230      5.02      2.00     7   7.0650
#        1834       0.01273      7.92      2.00     6   7.0656
#        1835       0.02280      5.09      2.00     7   7.0659
#        1836       0.02223      4.94      2.00     7   7.0658
#        1837       0.02287      5.00      2.00     7   7.0669
#        1838       0.01378     12.86      2.00     6   7.0714
#        1839       0.01478      9.98      2.00     6   7.0713
#        1841       0.01998      8.90      2.00     6   7.0752
#        1842       0.02661     14.69      2.00     6   7.0769
#        1843       0.02622     11.83      2.00     6   7.0786
#        1844       0.02592      8.75      2.00     6   7.0800
#        1845       0.01992      8.41      2.00     6   7.0809
#        1850       0.01923      5.96      2.00     7   7.0828
#        1853       0.02083      6.45      2.00     7   7.0843
#        1854       0.00597      8.08      2.00     5   7.0857
#        1855       0.01356     12.03      2.00     6   7.0871
#        1858       0.01974      5.58      2.00     6   7.0886
#        1859       0.01213     11.31      2.00     6   7.0883
#        1860       0.01662      4.37      2.00     7   7.0885
#        1861       0.02893      4.70      2.00     7   7.0882
#        1862       0.00891      4.48      2.00     7   7.0885
#        1863       0.01831      4.18      2.00     7   7.0889
#        1864       0.02271      4.78      2.00     7   7.0888
#        1866       0.02311     15.95      2.00     6   7.0898
#        1867       0.01914      5.62      2.00     7   7.0906
#        1869       0.03038      9.44      2.00     7   7.0913
#        1870       0.01216     11.38      2.00     6   7.0918
#        1871       0.02106      6.60      2.00     7   7.0923
#        1872       0.01977      5.57      2.00     6   7.0928
#        1874       0.01366      6.55      2.00     5   7.0968
#        1875       0.01521     30.25      2.00     7   7.0969
#        1876       0.01226      8.32      2.00     6   7.0996
#        1877       0.02818      4.91      2.00     7   7.1041
#        1878       0.01224      8.05      2.00     6   7.1044
#        1879       0.02267      4.98      2.00     7   7.1049
#        1880       0.00602      8.33      2.00     5   7.1077
#        1881       0.02929      9.00      2.00     7   7.1074
#        1882       0.00923     14.29      2.00     7   7.1086
#        1883       0.01405     26.46      2.00     7   7.1086
#        1884       0.01382      6.51      2.00     5   7.1115
#        1888       0.02155      4.46      2.00     7   7.1175
#        1889       0.02670      6.37      2.00     7   7.1175
#        1890       0.02144     19.15      2.00     7   7.1191
#        1891       0.01635      5.72      2.00     7   7.1195
#        1892       0.02281     15.20      2.00     6   7.1199
#        1898       0.02158      4.68      2.00     7   7.1230
#        1899       0.01630      5.46      2.00     7   7.1232
#        1900       0.02607      6.53      2.00     7   7.1230
#        1902       0.02157     20.32      2.00     7   7.1246
#        1903       0.00923     13.91      2.00     7   7.1309
#        1904       0.01402     25.82      2.00     7   7.1309
#        1906       0.01484      4.72      2.00     6   7.1333
#        1911       0.01572      9.92      2.00     7   7.1368
#        1912       0.01660     16.60      2.00     7   7.1372
#        1913       0.01609     16.14      2.00     7   7.1369
#        1916       0.01469      5.95      2.00     5   7.1510
#        1917       0.00879      5.03      2.00     5   7.1526
#        1918       0.00879      5.00      2.00     5   7.1526
#        1919       0.01924      5.33      2.00     6   7.1546
#        1922       0.01583     10.05      2.00     7   7.1590
#        1924       0.00650      6.01      2.00     5   7.1602
#        1925       0.00651      6.03      2.00     5   7.1602
#        1928       0.01321      9.02      2.00     6   7.1642
#        1929       0.01413      6.28      2.00     6   7.1642
#        1931       0.01693      5.76      2.00     6   7.1660
#        1932       0.01638     11.11      2.00     7   7.1661
#        1933       0.01260      6.64      2.00     7   7.1661
#        1934       0.01494     28.26      2.00     7   7.1661
#        1935       0.01224     26.48      2.00     7   7.1673
#        1938       0.01164      7.23      2.00     6   7.1698
#        1939       0.01237      7.11      2.00     6   7.1698
#        1941       0.01798     11.21      2.00     7   7.1704
#        1942       0.01509      5.79      2.00     5   7.1749
#        1944       0.01300      8.92      2.00     6   7.1758
#        1945       0.01274     10.60      2.00     6   7.1758
#        1946       0.01893     16.63      2.00     6   7.1758
#        1947       0.02376     10.73      2.00     6   7.1767
#        1948       0.01276      8.21      2.00     6   7.1767
#        1949       0.01275      9.07      2.00     6   7.1767
#        1951       0.01281      7.45      2.00     6   7.1772
#        1952       0.01218      8.45      2.00     6   7.1772
#        1953       0.01799     11.56      2.00     7   7.1786
#        1954       0.01238     17.74      2.00     7   7.1787
#        1955       0.00605     16.24      2.00     6   7.1804
#        1959       0.00877      4.73      2.00     5   7.1845
#        1960       0.00877      4.71      2.00     5   7.1845
#        1962       0.00611     16.88      2.00     6   7.1868
#        1963       0.01230     26.13      2.00     7   7.1866
#        1964       0.01205      4.78      2.00     5   7.1873
#        1965       0.01693      5.72      2.00     6   7.1879
#        1966       0.00639      5.22      2.00     5   7.1904
#        1967       0.00640      5.27      2.00     5   7.1904
#        1968       0.01543      6.95      2.00     3   7.1908
#        1969       0.01277      4.13      2.00     5   7.1919
#        1971       0.01814     12.36      2.00     7   7.1926
#        1972       0.01279      4.15      2.00     5   7.1930
#        1974       0.01201      4.63      2.00     5   7.1936
#        1976       0.01330      8.74      2.00     6   7.1949
#        1977       0.01421      5.76      2.00     6   7.1949
#        1979       0.01153      6.72      2.00     6   7.1987
#        1980       0.01215      6.63      2.00     6   7.1987
#        1981       0.01238     16.60      2.00     7   7.1992
#        1982       0.01467      4.39      2.00     6   7.1995
#        1986       0.02019      4.02      2.00     6   7.2049
#        1987       0.01195      8.36      2.00     7   7.2050
#        1988       0.01494      7.20      2.00     7   7.2054
#        1989       0.02321     10.23      2.00     6   7.2063
#        1990       0.01265      7.70      2.00     6   7.2063
#        1991       0.01297      8.49      2.00     6   7.2063
#        1992       0.01264      8.55      2.00     6   7.2063
#        1993       0.01263     10.14      2.00     6   7.2063
#        1994       0.01889     16.24      2.00     6   7.2063
#        1995       0.01269      6.82      2.00     6   7.2069
#        1996       0.01200      8.02      2.00     6   7.2069
#        1997       0.01796     11.84      2.00     7   7.2092
#        1999       0.01605     10.40      2.00     7   7.2102
#        2000       0.01247      6.59      2.00     7   7.2102
#        2001       0.01431      7.55      2.00     7   7.2131
#        2002       0.01197      8.40      2.00     7   7.2131
#        2004       0.00804      6.76      2.00     5   7.2228
#        2006       0.01900      4.89      2.00     6   7.2237
#        2007       0.01454      8.49      2.00     6   7.2256
#        2008       0.01965     15.96      2.00     6   7.2300
#        2011       0.01477      8.67      2.00     6   7.2310
#        2012       0.00918     11.11      2.00     6   7.2316
#        2014       0.01724     10.86      2.00     7   7.2327
#        2015       0.01470      6.23      2.00     4   7.2333
#        2016       0.00808      6.65      2.00     5   7.2334
#        2019       0.00992      4.39      2.00     4   7.2373
#        2020       0.00703     15.74      2.00     6   7.2392
#        2021       0.00728      9.43      2.00     6   7.2394
#        2022       0.01311     12.04      2.00     7   7.2420
#        2023       0.01291     12.17      2.00     7   7.2420
#        2024       0.01457      7.14      2.00     7   7.2427
#        2025       0.01353     15.62      2.00     7   7.2433
#        2026       0.01335     22.90      2.00     7   7.2433
#        2030       0.01312     11.17      2.00     7   7.2444
#        2031       0.01290     11.42      2.00     7   7.2444
#        2032       0.01246     18.60      2.00     7   7.2489
#        2036       0.00993      4.29      2.00     4   7.2539
#        2037       0.01415      8.23      2.00     6   7.2545
#        2038       0.01923     24.25      2.00     7   7.2548
#        2039       0.01923     29.92      2.00     7   7.2548
#        2040       0.02381     20.92      2.00     7   7.2557
#        2041       0.02400     23.38      2.00     7   7.2557
#        2042       0.02139     20.50      2.00     7   7.2562
#        2043       0.02174     16.97      2.00     7   7.2562
#        2045       0.01227     10.08      2.00     6   7.2635
#        2046       0.01967     15.26      2.00     6   7.2696
#        2047       0.02098     11.49      2.00     7   7.2701
#        2048       0.01217      9.74      2.00     6   7.2704
#        2049       0.00785      6.91      2.00     6   7.2714
#        2050       0.02085     10.77      2.00     7   7.2726
#        2052       0.01704     10.92      2.00     7   7.2772
#        2053       0.01416      7.67      2.00     6   7.2783
#        2054       0.00916     10.31      2.00     6   7.2792
#        2055       0.00798      7.75      2.00     6   7.2816
#        2058       0.00725      7.49      2.00     6   7.2850
#        2059       0.00692     13.94      2.00     6   7.2852
#        2062       0.01348     16.09      2.00     7   7.2896
#        2063       0.01346     21.54      2.00     7   7.2896
#        2065       0.01436      6.56      2.00     6   7.2912
#        2066       0.01226     16.91      2.00     7   7.2934
#        2069       0.01218     16.21      2.00     7   7.2977
#        2070       0.01556     13.32      2.00     7   7.3011
#        2071       0.01922     22.75      2.00     7   7.3010
#        2072       0.02328     19.23      2.00     7   7.3010
#        2073       0.01921     28.19      2.00     7   7.3010
#        2074       0.02347     21.60      2.00     7   7.3010
#        2075       0.02073     18.92      2.00     7   7.3017
#        2076       0.02109     14.95      2.00     7   7.3017
#        2077       0.01498      4.44      2.00     7   7.3019
#        2078       0.01216     15.42      2.00     7   7.3031
#        2079       0.00639      7.12      2.00     6   7.3049
#        2081       0.01544     12.84      2.00     7   7.3084
#        2082       0.01225      9.27      2.00     7   7.3103
#        2083       0.01063      9.17      2.00     6   7.3116
#        2084       0.01407      6.00      2.00     6   7.3116
#        2086       0.01170      7.91      2.00     6   7.3140
#        2087       0.01227      9.39      2.00     7   7.3145
#        2089       0.01062      9.18      2.00     6   7.3173
#        2090       0.01412      6.24      2.00     6   7.3173
#        2091       0.02995      8.13      2.00     6   7.3199
#        2092       0.02030      4.20      2.00     7   7.3208
#        2093       0.02252      4.40      2.00     7   7.3208
#        2094       0.01671     11.50      2.00     6   7.3214
#        2095       0.01472      4.42      2.00     7   7.3213
#        2096       0.01170      7.66      2.00     6   7.3220
#        2098       0.01780      5.26      2.00     7   7.3241
#        2099       0.01781      4.97      2.00     7   7.3239
#        2100       0.01490      4.04      2.00     6   7.3243
#        2101       0.00641      5.75      2.00     6   7.3269
#        2102       0.01569      4.75      2.00     7   7.3282
#        2103       0.01743     13.99      2.00     7   7.3287
#        2104       0.01524      7.38      2.00     6   7.3294
#        2106       0.02953      7.92      2.00     6   7.3340
#        2107       0.01431      6.49      2.00     6   7.3344
#        2108       0.01710     11.50      2.00     6   7.3357
#        2110       0.02210      4.17      2.00     7   7.3372
#        2111       0.03857      4.12      2.00     5   7.3416
#        2112       0.01779     14.16      2.00     7   7.3415
#        2113       0.01914      5.14      2.00     6   7.3425
#        2114       0.00726      8.76      2.00     6   7.3513
#        2115       0.01522      7.34      2.00     6   7.3517
#        2116       0.01124      6.14      2.00     6   7.3515
#        2117       0.01562      9.81      2.00     7   7.3516
#        2118       0.02471     15.74      2.00     7   7.3533
#        2119       0.02483     15.24      2.00     7   7.3568
#        2121       0.00735      8.69      2.00     6   7.3600
#        2122       0.01117      6.08      2.00     6   7.3598
#        2123       0.01573      9.47      2.00     7   7.3600
#        2124       0.01471      5.21      2.00     6   7.3658
#        2125       0.02466      9.89      2.00     7   7.3667
#        2126       0.00872      6.39      2.00     6   7.3674
#        2127       0.00867      6.73      2.00     6   7.3674
#        2130       0.00592      5.33      2.00     6   7.3750
#        2131       0.01108      9.42      2.00     7   7.3791
#        2132       0.01494      5.36      2.00     6   7.3807
#        2133       0.01159      6.68      2.00     7   7.3847
#        2134       0.01905      5.02      2.00     6   7.3885
#        2135       0.01236     10.60      2.00     7   7.3894
#        2136       0.00875      6.21      2.00     6   7.3903
#        2137       0.00870      6.54      2.00     6   7.3903
#        2138       0.01429      9.09      2.00     7   7.3906
#        2139       0.01072     22.83      2.00     7   7.3906
#        2140       0.01453      9.52      2.00     7   7.3906
#        2141       0.01415     11.42      2.00     7   7.3915
#        2142       0.01362      8.73      2.00     7   7.3915
#        2143       0.01059     12.39      2.00     7   7.3915
#        2144       0.01329      8.99      2.00     7   7.3920
#        2145       0.01062      7.10      2.00     7   7.3920
#        2146       0.01401      7.97      2.00     7   7.3920
#        2147       0.02176      9.45      2.00     7   7.3942
#        2152       0.01835      8.33      2.00     7   7.3960
#        2153       0.01864     17.78      2.00     7   7.3960
#        2154       0.00589      4.83      2.00     6   7.3963
#        2156       0.01668     13.43      2.00     7   7.3975
#        2157       0.01233     10.75      2.00     7   7.3974
#        2158       0.02691     10.19      2.00     7   7.3989
#        2159       0.03248     20.57      2.00     7   7.3989
#        2160       0.01285     15.43      2.00     7   7.3989
#        2161       0.01440     15.71      2.00     7   7.3989
#        2162       0.01128     17.71      2.00     7   7.4004
#        2163       0.01806     32.49      2.00     7   7.4004
#        2164       0.01110      9.59      2.00     7   7.4007
#        2165       0.01148      6.52      2.00     7   7.4045
#        2166       0.02202      9.17      2.00     7   7.4075
#        2167       0.03839      4.11      2.00     6   7.4082
#        2170       0.01171      9.09      2.00     6   7.4093
#        2171       0.01624      9.31      2.00     7   7.4092
#        2173       0.01438      9.01      2.00     7   7.4121
#        2174       0.01073     22.55      2.00     7   7.4121
#        2175       0.01463      9.67      2.00     7   7.4121
#        2176       0.01404     11.28      2.00     7   7.4121
#        2177       0.01357      8.57      2.00     7   7.4121
#        2178       0.01060     12.19      2.00     7   7.4121
#        2179       0.01322      8.94      2.00     7   7.4128
#        2180       0.01063      6.40      2.00     7   7.4128
#        2181       0.01386      7.47      2.00     7   7.4128
#        2182       0.01161      8.77      2.00     6   7.4156
#        2183       0.01269      4.54      2.00     6   7.4162
#        2184       0.01226     11.19      2.00     7   7.4209
#        2185       0.01261      4.19      2.00     6   7.4247
#        2186       0.01804      8.89      2.00     7   7.4262
#        2187       0.01846     17.41      2.00     7   7.4262
#        2188       0.01608     12.43      2.00     7   7.4270
#        2189       0.02597      8.84      2.00     7   7.4286
#        2190       0.03177     19.62      2.00     7   7.4288
#        2191       0.01262     14.55      2.00     7   7.4286
#        2192       0.01437     14.74      2.00     7   7.4288
#        2193       0.01138     17.01      2.00     7   7.4304
#        2194       0.01821     31.94      2.00     7   7.4304
#        2195       0.02192      4.39      2.00     7   7.4334
#        2196       0.01372      6.57      2.00     6   7.4368
#        2198       0.02390     13.89      2.00     7   7.4419
#        2199       0.02425     12.71      2.00     7   7.4419
#  1551/2000 paths used
#  -----------------------------------------------------------------------
#       k          chi          mag           phase @#
     0.0000   -1.677050E+00  2.641435E+00 -6.878806E-01
     0.0500   -1.620834E+00  2.634606E+00 -6.626516E-01
     0.1000   -1.563248E+00  2.626912E+00 -6.373768E-01
     0.1500   -1.380326E+00  2.597375E+00 -5.602890E-01
     0.2000   -1.189156E+00  2.560779E+00 -4.829262E-01
     0.2500   -8.574168E-01  2.492212E+00 -3.512146E-01
     0.3000   -5.232114E-01  2.407596E+00 -2.190649E-01
     0.3500   -6.945451E-02  2.276804E+00 -3.051000E-02
     0.4000    3.364699E-01  2.124458E+00  1.590489E-01
     0.4500    7.638304E-01  1.929399E+00  4.070371E-01
     0.5000    1.051084E+00  1.716057E+00  6.592186E-01
     0.5500    1.230390E+00  1.484782E+00  9.767224E-01
     0.6000    1.207181E+00  1.249441E+00  1.309969E+00
     0.6500    1.027157E+00  1.040081E+00  1.728602E+00
     0.7000    6.951512E-01  8.531613E-01  2.189218E+00
     0.7500    2.883123E-01  7.469648E-01  2.745325E+00
     0.8000   -1.218742E-01  6.857955E-01  3.320254E+00
     0.8500   -4.722540E-01  7.071021E-01  3.872939E+00
     0.9000   -6.904115E-01  7.334299E-01  4.368190E+00
     0.9500   -7.847230E-01  7.874606E-01  4.795798E+00
     1.0000   -7.201845E-01  8.097832E-01  5.187253E+00
     1.0500   -5.655934E-01  8.325593E-01  5.536318E+00
     1.1000   -3.285756E-01  8.170038E-01  5.869298E+00
     1.1500   -8.373450E-02  7.983727E-01  6.178111E+00
     1.2000    1.429524E-01  7.473293E-01  6.475656E+00
     1.2500    3.202408E-01  6.978421E-01  6.759944E+00
     1.3000    4.249264E-01  6.253138E-01  7.030322E+00
     1.3500    4.734212E-01  5.589892E-01  7.293358E+00
     1.4000    4.557131E-01  4.798516E-01  7.535449E+00
     1.4500    4.091880E-01  4.104723E-01  7.774856E+00
     1.5000    3.344344E-01  3.371612E-01  7.981248E+00
     1.5500    2.594770E-01  2.746627E-01  8.188064E+00
     1.6000    1.902899E-01  2.153540E-01  8.341252E+00
     1.6500    1.331984E-01  1.654289E-01  8.488816E+00
     1.7000    9.516707E-02  1.239697E-01  8.549590E+00
     1.7500    6.933088E-02  9.011099E-02  8.546886E+00
     1.8000    5.850614E-02  6.954526E-02  8.425155E+00
     1.8500    5.697251E-02  6.080456E-02  8.210901E+00
     1.9000    6.200876E-02  6.286145E-02  8.018877E+00
     1.9500    9.027003E-02  9.027364E-02  7.862916E+00
     2.0000    7.784127E-02  7.880872E-02  8.010832E+00
     2.0500    8.357163E-02  8.719862E-02  8.143416E+00
     2.1000    8.052536E-02  8.948366E-02  8.305263E+00
     2.1500    7.032549E-02  8.456000E-02  8.442681E+00
     2.2000    6.035152E-02  7.532795E-02  8.495507E+00
     2.2500    4.976806E-02  6.624318E-02  8.574758E+00
     2.3000    4.667448E-02  6.134395E-02  8.560133E+00
     2.3500    5.023135E-02  6.347686E-02  8.511791E+00
     2.4000    5.706895E-02  7.212156E-02  8.511865E+00
     2.4500    5.845404E-02  7.806010E-02  8.578477E+00
     2.5000    5.803992E-02  8.564134E-02  8.680135E+00
     2.5500    5.402921E-02  9.384800E-02  8.811306E+00
     2.6000    4.538920E-02  1.018809E-01  8.963032E+00
     2.6500    3.033890E-02  1.071066E-01  9.137588E+00
     2.7000    1.171162E-02  1.118726E-01  9.319899E+00
     2.7500   -9.481625E-03  1.160090E-01  9.506601E+00
     2.8000   -3.185971E-02  1.194831E-01  9.694689E+00
     2.8500   -5.250591E-02  1.199798E-01  9.877731E+00
     2.9000   -7.138172E-02  1.202605E-01  1.006025E+01
     2.9500   -8.782403E-02  1.204258E-01  1.024205E+01
     3.0000   -1.013431E-01  1.205579E-01  1.042320E+01
     3.0500   -1.104412E-01  1.196562E-01  1.060055E+01
     3.1000   -1.161804E-01  1.189508E-01  1.077933E+01
     3.1500   -1.182721E-01  1.183466E-01  1.096010E+01
     3.2000   -1.164579E-01  1.177347E-01  1.114298E+01
     3.2500   -1.102854E-01  1.165481E-01  1.132488E+01
     3.3000   -1.004004E-01  1.153094E-01  1.150974E+01
     3.3500   -8.695927E-02  1.138119E-01  1.169679E+01
     3.4000   -7.060045E-02  1.119628E-01  1.188408E+01
     3.4500   -5.242275E-02  1.097487E-01  1.206838E+01
     3.5000   -3.325327E-02  1.074252E-01  1.225165E+01
     3.5500   -1.392092E-02  1.050607E-01  1.243348E+01
     3.6000    4.861450E-03  1.027288E-01  1.261371E+01
     3.6500    2.210203E-02  1.004816E-01  1.278815E+01
     3.7000    3.787780E-02  9.844390E-02  1.296132E+01
     3.7500    5.195661E-02  9.664506E-02  1.313396E+01
     3.8000    6.414970E-02  9.508502E-02  1.330687E+01
     3.8500    7.430963E-02  9.406055E-02  1.347721E+01
     3.9000    8.237744E-02  9.324279E-02  1.364959E+01
     3.9500    8.807901E-02  9.256502E-02  1.382457E+01
     4.0000    9.112463E-02  9.195788E-02  1.400245E+01
     4.0500    9.158045E-02  9.167176E-02  1.418180E+01
     4.1000    8.898318E-02  9.133121E-02  1.436441E+01
     4.1500    8.323969E-02  9.087483E-02  1.455002E+01
     4.2000    7.443580E-02  9.025527E-02  1.473825E+01
     4.2500    6.305461E-02  8.969055E-02  1.492832E+01
     4.3000    4.930024E-02  8.890834E-02  1.512019E+01
     4.3500    3.379004E-02  8.789851E-02  1.531338E+01
     4.4000    1.726139E-02  8.666149E-02  1.550744E+01
     4.4500    5.073478E-04  8.540531E-02  1.570202E+01
     4.5000   -1.574452E-02  8.395085E-02  1.589662E+01
     4.5500   -3.076203E-02  8.232062E-02  1.609094E+01
     4.6000   -4.391923E-02  8.053853E-02  1.628473E+01
     4.6500   -5.486306E-02  7.877712E-02  1.647838E+01
     4.7000   -6.314538E-02  7.691275E-02  1.667112E+01
     4.7500   -6.857620E-02  7.496628E-02  1.686288E+01
     4.8000   -7.111280E-02  7.295476E-02  1.705357E+01
     4.8500   -7.094499E-02  7.098758E-02  1.724412E+01
     4.9000   -6.815935E-02  6.898228E-02  1.743338E+01
     4.9500   -6.306250E-02  6.695027E-02  1.762122E+01
     5.0000   -5.604136E-02  6.490375E-02  1.780748E+01
     5.0500   -4.753589E-02  6.292026E-02  1.799315E+01
     5.1000   -3.798999E-02  6.096130E-02  1.817675E+01
     5.1500   -2.786571E-02  5.905041E-02  1.835811E+01
     5.2000   -1.758518E-02  5.721457E-02  1.853714E+01
     5.2500   -7.434676E-03  5.554014E-02  1.871529E+01
     5.3000    2.263674E-03  5.400219E-02  1.889149E+01
     5.3500    1.131283E-02  5.262102E-02  1.906623E+01
     5.4000    1.957750E-02  5.140774E-02  1.924025E+01
     5.4500    2.706406E-02  5.042182E-02  1.941614E+01
     5.5000    3.357119E-02  4.958668E-02  1.959326E+01
     5.5500    3.896952E-02  4.887259E-02  1.977248E+01
     5.6000    4.309901E-02  4.823996E-02  1.995448E+01
     5.6500    4.585621E-02  4.769871E-02  2.014150E+01
     5.7000    4.695772E-02  4.714207E-02  2.033189E+01
     5.7500    4.627074E-02  4.652753E-02  2.052546E+01
     5.8000    4.375416E-02  4.582061E-02  2.072182E+01
     5.8500    3.951680E-02  4.506362E-02  2.092175E+01
     5.9000    3.371009E-02  4.417652E-02  2.112309E+01
     5.9500    2.666778E-02  4.315885E-02  2.132508E+01
     6.0000    1.881109E-02  4.202044E-02  2.152700E+01
     6.0500    1.058589E-02  4.094694E-02  2.172965E+01
     6.1000    2.396189E-03  3.979734E-02  2.193090E+01
     6.1500   -5.355219E-03  3.859834E-02  2.213034E+01
     6.2000   -1.234390E-02  3.737694E-02  2.232772E+01
     6.2500   -1.833627E-02  3.615804E-02  2.252298E+01
     6.3000   -2.318677E-02  3.496236E-02  2.271622E+01
     6.3500   -2.682452E-02  3.380501E-02  2.290770E+01
     6.4000   -2.923537E-02  3.269492E-02  2.309776E+01
     6.4500   -3.044513E-02  3.163489E-02  2.328682E+01
     6.5000   -3.050761E-02  3.062255E-02  2.347528E+01
     6.5500   -2.973711E-02  2.989835E-02  2.366585E+01
     6.6000   -2.794633E-02  2.920434E-02  2.385653E+01
     6.6500   -2.523510E-02  2.853240E-02  2.404746E+01
     6.7000   -2.173159E-02  2.787485E-02  2.423869E+01
     6.7500   -1.759163E-02  2.722529E-02  2.443021E+01
     6.8000   -1.299450E-02  2.657907E-02  2.462191E+01
     6.8500   -8.135196E-03  2.593351E-02  2.481366E+01
     6.9000   -3.214196E-03  2.528792E-02  2.500529E+01
     6.9500    1.573955E-03  2.464334E-02  2.519665E+01
     7.0000    6.051477E-03  2.400220E-02  2.538761E+01
     7.0500    1.018397E-02  2.349853E-02  2.558099E+01
     7.1000    1.375342E-02  2.299965E-02  2.577372E+01
     7.1500    1.665695E-02  2.250996E-02  2.596578E+01
     7.2000    1.882634E-02  2.203372E-02  2.615720E+01
     7.2500    2.022581E-02  2.157452E-02  2.634808E+01
     7.3000    2.084796E-02  2.113487E-02  2.653858E+01
     7.3500    2.070918E-02  2.071586E-02  2.672892E+01
     7.4000    1.984582E-02  2.031705E-02  2.691933E+01
     7.4500    1.831168E-02  1.993655E-02  2.711007E+01
     7.5000    1.617712E-02  1.957125E-02  2.730134E+01
     7.5500    1.354340E-02  1.925449E-02  2.749418E+01
     7.6000    1.049479E-02  1.895087E-02  2.768743E+01
     7.6500    7.147162E-03  1.865732E-02  2.788121E+01
     7.7000    3.626569E-03  1.837059E-02  2.807562E+01
     7.7500    6.610337E-05  1.808759E-02  2.827068E+01
     7.8000   -3.398696E-03  1.780571E-02  2.846639E+01
     7.8500   -6.635703E-03  1.752298E-02  2.866271E+01
     7.9000   -9.522591E-03  1.723813E-02  2.885959E+01
     7.9500   -1.195290E-02  1.695051E-02  2.905699E+01
     8.0000   -1.384104E-02  1.665994E-02  2.925487E+01
     8.0500   -1.517563E-02  1.642086E-02  2.945318E+01
     8.1000   -1.588454E-02  1.618509E-02  2.965211E+01
     8.1500   -1.595132E-02  1.595167E-02  2.985177E+01
     8.2000   -1.538314E-02  1.571920E-02  3.005228E+01
     8.2500   -1.421081E-02  1.548577E-02  3.025375E+01
     8.3000   -1.248862E-02  1.524900E-02  3.045630E+01
     8.3500   -1.029377E-02  1.500609E-02  3.065999E+01
     8.4000   -7.725057E-03  1.475402E-02  3.086487E+01
     8.4500   -4.900258E-03  1.448969E-02  3.107093E+01
     8.5000   -1.951847E-03  1.421017E-02  3.127814E+01
     8.5500    1.001273E-03  1.399283E-02  3.148754E+01
     8.6000    3.828987E-03  1.375659E-02  3.169799E+01
     8.6500    6.393067E-03  1.349935E-02  3.190928E+01
     8.7000    8.569384E-03  1.321978E-02  3.212118E+01
     8.7500    1.025727E-02  1.291742E-02  3.233339E+01
     8.8000    1.138744E-02  1.259286E-02  3.254561E+01
     8.8500    1.192733E-02  1.224773E-02  3.275749E+01
     8.9000    1.188278E-02  1.188471E-02  3.296868E+01
     8.9500    1.129568E-02  1.150741E-02  3.317885E+01
     9.0000    1.023792E-02  1.112006E-02  3.338772E+01
     9.0500    8.858700E-03  1.080763E-02  3.359668E+01
     9.1000    7.178439E-03  1.049238E-02  3.380407E+01
     9.1500    5.300255E-03  1.017822E-02  3.400980E+01
     9.2000    3.325331E-03  9.868758E-03  3.421384E+01
     9.2500    1.346936E-03  9.567139E-03  3.441626E+01
     9.3000   -5.533729E-04  9.275829E-03  3.461721E+01
     9.3500   -2.307424E-03  8.996488E-03  3.481690E+01
     9.4000   -3.860442E-03  8.729915E-03  3.501558E+01
     9.4500   -5.170096E-03  8.476078E-03  3.521353E+01
     9.5000   -6.205302E-03  8.234228E-03  3.541104E+01
     9.5500   -6.997591E-03  8.054897E-03  3.561017E+01
     9.6000   -7.486229E-03  7.883936E-03  3.580933E+01
     9.6500   -7.664565E-03  7.719767E-03  3.600866E+01
     9.7000   -7.536773E-03  7.560885E-03  3.620820E+01
     9.7500   -7.118260E-03  7.405989E-03  3.640798E+01
     9.8000   -6.435518E-03  7.254064E-03  3.660796E+01
     9.8500   -5.525207E-03  7.104415E-03  3.680809E+01
     9.9000   -4.432460E-03  6.956655E-03  3.700831E+01
     9.9500   -3.208558E-03  6.810655E-03  3.720856E+01
    10.0000   -1.908254E-03  6.666470E-03  3.740880E+01
    10.0500   -5.787158E-04  6.552884E-03  3.761068E+01
    10.1000    7.290670E-04  6.440465E-03  3.781256E+01
    10.1500    1.962756E-03  6.329372E-03  3.801441E+01
    10.2000    3.075031E-03  6.219758E-03  3.821625E+01
    10.2500    4.025291E-03  6.111752E-03  3.841809E+01
    10.3000    4.780963E-03  6.005456E-03  3.861994E+01
    10.3500    5.318429E-03  5.900941E-03  3.882184E+01
    10.4000    5.623563E-03  5.798248E-03  3.902382E+01
    10.4500    5.691885E-03  5.697393E-03  3.922593E+01
    10.5000    5.528329E-03  5.598349E-03  3.942823E+01
    10.5500    5.146691E-03  5.501035E-03  3.963079E+01
    10.6000    4.568802E-03  5.405295E-03  3.983368E+01
    10.6500    3.823511E-03  5.310879E-03  4.003699E+01
    10.7000    2.945545E-03  5.217430E-03  4.024081E+01
    10.7500    1.974272E-03  5.124486E-03  4.044521E+01
    10.8000    9.523488E-04  5.031492E-03  4.065028E+01
    10.8500   -7.579273E-05  4.937829E-03  4.085605E+01
    10.9000   -1.065654E-03  4.842850E-03  4.106257E+01
    10.9500   -1.974586E-03  4.745924E-03  4.126981E+01
    11.0000   -2.763859E-03  4.646481E-03  4.147776E+01
    11.0500   -3.433180E-03  4.585252E-03  4.168687E+01
    11.1000   -3.935659E-03  4.522224E-03  4.189650E+01
    11.1500   -4.251622E-03  4.457174E-03  4.210662E+01
    11.2000   -4.370374E-03  4.389881E-03  4.231719E+01
    11.2500   -4.290761E-03  4.320133E-03  4.252818E+01
    11.3000   -4.021279E-03  4.247742E-03  4.273951E+01
    11.3500   -3.579680E-03  4.172564E-03  4.295111E+01
    11.4000   -2.992026E-03  4.094523E-03  4.316289E+01
    11.4500   -2.291220E-03  4.013638E-03  4.337475E+01
    11.5000   -1.515033E-03  3.930033E-03  4.358655E+01
    11.5500   -7.037899E-04  3.843955E-03  4.379817E+01
    11.6000    1.021236E-04  3.755762E-03  4.400949E+01
    11.6500    8.646663E-04  3.665910E-03  4.422041E+01
    11.7000    1.550244E-03  3.574916E-03  4.443083E+01
    11.7500    2.131309E-03  3.483327E-03  4.464071E+01
    11.8000    2.587358E-03  3.391669E-03  4.485002E+01
    11.8500    2.905326E-03  3.300407E-03  4.505878E+01
    11.9000    3.079474E-03  3.209912E-03  4.526704E+01
    11.9500    3.110895E-03  3.120438E-03  4.547487E+01
    12.0000    3.006817E-03  3.032115E-03  4.568236E+01
    12.0500    2.808505E-03  2.979932E-03  4.589394E+01
    12.1000    2.492796E-03  2.928260E-03  4.610545E+01
    12.1500    2.077685E-03  2.877015E-03  4.631696E+01
    12.2000    1.584944E-03  2.826074E-03  4.652850E+01
    12.2500    1.039143E-03  2.775284E-03  4.674011E+01
    12.3000    4.665686E-04  2.724483E-03  4.695179E+01
    12.3500   -1.059592E-04  2.673511E-03  4.716353E+01
    12.4000   -6.523388E-04  2.622238E-03  4.737530E+01
    12.4500   -1.148458E-03  2.570576E-03  4.758704E+01
    12.5000   -1.573395E-03  2.518494E-03  4.779868E+01
    12.5500   -1.910457E-03  2.466027E-03  4.801015E+01
    12.6000   -2.147943E-03  2.413275E-03  4.822135E+01
    12.6500   -2.279562E-03  2.360394E-03  4.843223E+01
    12.7000   -2.304468E-03  2.307583E-03  4.864272E+01
    12.7500   -2.226934E-03  2.255061E-03  4.885279E+01
    12.8000   -2.055726E-03  2.203042E-03  4.906246E+01
    12.8500   -1.803293E-03  2.151713E-03  4.927174E+01
    12.9000   -1.484864E-03  2.101208E-03  4.948070E+01
    12.9500   -1.117568E-03  2.051601E-03  4.968942E+01
    13.0000   -7.196091E-04  2.002893E-03  4.989798E+01
    13.0500   -3.124647E-04  1.967202E-03  5.010597E+01
    13.1000    9.347948E-05  1.932136E-03  5.031388E+01
    13.1500    4.810074E-04  1.897605E-03  5.052176E+01
    13.2000    8.341962E-04  1.863515E-03  5.072961E+01
    13.2500    1.139071E-03  1.829795E-03  5.093743E+01
    13.3000    1.384224E-03  1.796417E-03  5.114518E+01
    13.3500    1.561317E-03  1.763416E-03  5.135282E+01
    13.4000    1.665401E-03  1.730886E-03  5.156033E+01
    13.4500    1.694971E-03  1.698964E-03  5.176771E+01
    13.5000    1.651773E-03  1.667798E-03  5.197501E+01
    13.5500    1.540413E-03  1.637506E-03  5.218237E+01
    13.6000    1.367890E-03  1.608130E-03  5.238993E+01
    13.6500    1.143173E-03  1.579605E-03  5.259791E+01
    13.7000    8.768920E-04  1.551746E-03  5.280652E+01
    13.7500    5.811206E-04  1.524258E-03  5.301593E+01
    13.8000    2.691685E-04  1.496774E-03  5.322626E+01
    13.8500   -4.475273E-05  1.468900E-03  5.343755E+01
    13.9000   -3.460857E-04  1.440277E-03  5.364974E+01
    13.9500   -6.207220E-04  1.410622E-03  5.386271E+01
    14.0000   -8.559500E-04  1.379768E-03  5.407627E+01
    14.0500   -1.053915E-03  1.361644E-03  5.429221E+01
    14.1000   -1.196943E-03  1.342171E-03  5.450838E+01
    14.1500   -1.279199E-03  1.321383E-03  5.472451E+01
    14.2000   -1.298502E-03  1.299415E-03  5.494038E+01
    14.2500   -1.256329E-03  1.276477E-03  5.515578E+01
    14.3000   -1.157476E-03  1.252832E-03  5.537055E+01
    14.3500   -1.009453E-03  1.228756E-03  5.558459E+01
    14.4000   -8.217556E-04  1.204510E-03  5.579786E+01
    14.4500   -6.051276E-04  1.180319E-03  5.601036E+01
    14.5000   -3.709035E-04  1.156356E-03  5.622214E+01
    14.5500   -1.304455E-04  1.132751E-03  5.643325E+01
    14.6000    1.053330E-04  1.109597E-03  5.664374E+01
    14.6500    3.263880E-04  1.086974E-03  5.685365E+01
    14.7000    5.239217E-04  1.064965E-03  5.706301E+01
    14.7500    6.906951E-04  1.043670E-03  5.727188E+01
    14.8000    8.212373E-04  1.023203E-03  5.748033E+01
    14.8500    9.119120E-04  1.003681E-03  5.768851E+01
    14.9000    9.608366E-04  9.851989E-04  5.789661E+01
    14.9500    9.676948E-04  9.677971E-04  5.810493E+01
    15.0000    9.335245E-04  9.514332E-04  5.831380E+01
    15.0500    8.668505E-04  9.420132E-04  5.852164E+01
    15.1000    7.639025E-04  9.328666E-04  5.873081E+01
    15.1500    6.288457E-04  9.236867E-04  5.894141E+01
    15.2000    4.674829E-04  9.141528E-04  5.915347E+01
    15.2500    2.872016E-04  9.039493E-04  5.936694E+01
    15.3000    9.674570E-05  8.927872E-04  5.958168E+01
    15.3500   -9.422022E-05  8.804264E-04  5.979748E+01
    15.4000   -2.757403E-04  8.666939E-04  6.001404E+01
    15.4500   -4.383288E-04  8.514986E-04  6.023100E+01
    15.5000   -5.737581E-04  8.348390E-04  6.044798E+01
    15.5500   -6.757506E-04  8.168034E-04  6.066456E+01
    15.6000   -7.404586E-04  7.975632E-04  6.088035E+01
    15.6500   -7.666605E-04  7.773599E-04  6.109495E+01
    15.7000   -7.556526E-04  7.564877E-04  6.130805E+01
    15.7500   -7.108789E-04  7.352734E-04  6.151937E+01
    15.8000   -6.373795E-04  7.140559E-04  6.172873E+01
    15.8500   -5.411645E-04  6.931668E-04  6.193605E+01
    15.9000   -4.286103E-04  6.729129E-04  6.214132E+01
    15.9500   -3.059565E-04  6.535624E-04  6.234467E+01
    16.0000   -1.789508E-04  6.353320E-04  6.254632E+01
    16.0500   -5.550797E-05  6.216455E-04  6.274244E+01
    16.1000    6.450413E-05  6.095038E-04  6.293788E+01
    16.1500    1.777721E-04  5.988694E-04  6.313324E+01
    16.2000    2.812588E-04  5.896215E-04  6.332911E+01
    16.2500    3.720597E-04  5.815690E-04  6.352603E+01
    16.3000    4.473436E-04  5.744675E-04  6.372446E+01
    16.3500    5.043992E-04  5.680364E-04  6.392476E+01
    16.4000    5.407892E-04  5.619758E-04  6.412719E+01
    16.4500    5.545897E-04  5.559823E-04  6.433186E+01
    16.5000    5.446764E-04  5.497628E-04  6.453878E+01
    16.5500    5.110068E-04  5.430468E-04  6.474787E+01
    16.6000    4.548408E-04  5.355977E-04  6.495894E+01
    16.6500    3.788481E-04  5.272213E-04  6.517169E+01
    16.7000    2.870602E-04  5.177740E-04  6.538579E+01
    16.7500    1.846494E-04  5.071689E-04  6.560080E+01
    16.8000    7.754660E-05  4.953796E-04  6.581626E+01
    16.8500   -2.806297E-05  4.824423E-04  6.603165E+01
    16.9000   -1.262964E-04  4.684551E-04  6.624643E+01
    16.9500   -2.121022E-04  4.535747E-04  6.646005E+01
    17.0000   -2.816808E-04  4.380096E-04  6.667198E+01
    17.0500   -3.358121E-04  4.249438E-04  6.688466E+01
    17.1000   -3.708630E-04  4.117646E-04  6.709475E+01
    17.1500   -3.871181E-04  3.987589E-04  6.730202E+01
    17.2000   -3.859301E-04  3.862062E-04  6.750643E+01
    17.2500   -3.693421E-04  3.743582E-04  6.770813E+01
    17.3000   -3.397083E-04  3.634201E-04  6.790747E+01
    17.3500   -2.993875E-04  3.535339E-04  6.810502E+01
    17.4000   -2.505553E-04  3.447671E-04  6.830148E+01
    17.4500   -1.951518E-04  3.371085E-04  6.849766E+01
    17.5000   -1.349461E-04  3.304719E-04  6.869440E+01
    17.5500   -7.167431E-05  3.247071E-04  6.889247E+01
    17.6000   -7.195260E-06  3.196163E-04  6.909252E+01
    17.6500    5.639272E-05  3.149733E-04  6.929505E+01
    17.7000    1.167153E-04  3.105420E-04  6.950035E+01
    17.7500    1.711872E-04  3.060937E-04  6.970854E+01
    17.8000    2.171772E-04  3.014200E-04  6.991958E+01
    17.8500    2.522462E-04  2.963419E-04  7.013331E+01
    17.9000    2.744203E-04  2.907158E-04  7.034943E+01
    17.9500    2.824503E-04  2.844365E-04  7.056759E+01
    18.0000    2.760097E-04  2.774382E-04  7.078736E+01
    18.0500    2.591623E-04  2.731329E-04  7.100706E+01
    18.1000    2.296930E-04  2.680545E-04  7.122743E+01
    18.1500    1.896955E-04  2.622235E-04  7.144790E+01
    18.2000    1.419896E-04  2.556949E-04  7.166790E+01
    18.2500    8.983400E-05  2.485560E-04  7.188684E+01
    18.3000    3.659131E-05  2.409229E-04  7.210416E+01
    18.3500   -1.460033E-05  2.329355E-04  7.231935E+01
    18.4000   -6.110194E-05  2.247517E-04  7.253196E+01
    18.4500   -1.009551E-04  2.165390E-04  7.274165E+01
    18.5000   -1.329501E-04  2.084659E-04  7.294821E+01
    18.5500   -1.565820E-04  2.006902E-04  7.315164E+01
    18.6000   -1.719192E-04  1.933486E-04  7.335215E+01
    18.6500   -1.794213E-04  1.865457E-04  7.355017E+01
    18.7000   -1.797521E-04  1.803448E-04  7.374633E+01
    18.7500   -1.736282E-04  1.747632E-04  7.394146E+01
    18.8000   -1.617305E-04  1.697715E-04  7.413643E+01
    18.8500   -1.446867E-04  1.652982E-04  7.433215E+01
    18.9000   -1.231168E-04  1.612387E-04  7.452940E+01
    18.9500   -9.771386E-05  1.574677E-04  7.472880E+01
    19.0000   -6.932944E-05  1.538517E-04  7.493076E+01
    19.0500   -3.989696E-05  1.520645E-04  7.513275E+01
    19.1000   -9.119704E-06  1.502804E-04  7.533750E+01
    19.1500    2.169517E-05  1.483960E-04  7.554495E+01
    19.2000    5.108555E-05  1.463235E-04  7.575486E+01
    19.2500    7.754570E-05  1.439948E-04  7.596692E+01
    19.3000    9.966531E-05  1.413626E-04  7.618069E+01
    19.3500    1.162730E-04  1.384003E-04  7.639573E+01
    19.4000    1.265600E-04  1.351013E-04  7.661153E+01
    19.4500    1.301644E-04  1.314771E-04  7.682759E+01
    19.5000    1.272024E-04  1.275552E-04  7.704341E+01
    19.5500    1.182430E-04  1.233764E-04  7.725850E+01
    19.6000    1.042323E-04  1.189923E-04  7.747240E+01
    19.6500    8.637926E-05  1.144624E-04  7.768469E+01
    19.7000    6.602333E-05  1.098508E-04  7.789503E+01
    19.7500    4.450217E-05  1.052233E-04  7.810314E+01
    19.8000    2.303914E-05  1.006431E-04  7.830885E+01
    19.8500    2.663449E-06  9.616815E-05  7.851212E+01
    19.9000   -1.583066E-05  9.184686E-05  7.871304E+01
    19.9500   -3.188678E-05  8.771550E-05  7.891187E+01
    20.0000   -4.515957E-05  8.379570E-05  7.910898E+01
