# # Once                                                         FEFF 10.0.0 
# # POT  SCF 100  9.0000   0, NO core-hole, FOLP (folp(0)= 1.150)
# # Abs   Z=30 Rmt= 1.379 Rnm= 1.523 K  shell
# #   RGRID 0.0100
# # Pot 1 Z= 6 Rmt= 0.897 Rnm= 1.122
# # Pot 2 Z= 6 Rmt= 0.923 Rnm= 1.165
# # Pot 3 Z= 1 Rmt= 0.551 Rnm= 0.959
# # Pot 4 Z=16 Rmt= 1.259 Rnm= 1.479
# # Gam_ch=1.897E+00 H-L exch Vi=-5.000E-01 Vr= 0.000E+00
# # Mu=-7.331E+00eV kf=1.973E+00 Vint=-1.290E+01eV Rs_int= 1.838
# # PATH  Rmax= 9.000,  Keep_limit= 0.00, Heap_limit 0.00  Pwcrit= 2.50%
#  S02=1.000  Temp=  10.00  Debye_temp= 315.00  Global_sig2= 0.00000
#  Energy zero shift, vr, vi    0.00000E+00   0.00000E+00
#  Curved wave amplitude ratio filter   4.000%
#     file         sig2 tot  cw amp ratio   deg  nlegs   reff  inp sig2
#           1       0.00299    100.00      1.00     2   2.3550
#           2       0.00302     99.68      1.00     2   2.3581
#           3       0.00315    196.70      2.00     2   2.3710
#           4       0.02799     14.92      1.00     2   3.0096
#           5       0.02277     14.01      1.00     2   3.0883
#           6       0.02696     13.73      1.00     2   3.1143
#           7       0.00655     43.07      1.00     2   3.2754
#           8       0.00603     42.36      1.00     2   3.2974
#           9       0.02852     11.88      1.00     2   3.3037
#          10       0.00618     40.94      1.00     2   3.3423
#          11       0.00649     37.77      1.00     2   3.4511
#          12       0.02480      9.08      1.00     2   3.6855
#          13       0.01389     19.70      2.00     3   3.6889
#          14       0.00427     50.19      2.00     3   3.7288
#          15       0.01141     17.45      2.00     3   3.7395
#          16       0.00414     49.93      2.00     3   3.7404
#          17       0.00431     48.68      2.00     3   3.7717
#          18       0.01326     17.35      2.00     3   3.7745
#          19       0.00450     48.15      2.00     3   3.8253
#          20       0.04174      8.20      1.00     2   3.8385
#          21       0.04028      8.18      1.00     2   3.8425
#          22       0.03271      7.98      1.00     2   3.8819
#          23       0.01633      9.63      2.00     3   3.8869
#          24       0.01423     13.67      2.00     3   3.9226
#          25       0.01476      9.43      2.00     3   3.9276
#          26       0.01622      9.28      2.00     3   3.9464
#          27       0.01348     13.20      2.00     3   4.0377
#          28       0.01699      8.78      2.00     3   4.0441
#          29       0.02547     12.09      1.00     4   4.1024
#          30       0.01775      6.92      1.00     2   4.1099
#          32       0.01088     23.62      1.00     2   4.1506
#          33       0.01188     23.19      1.00     2   4.1802
#          34       0.01960     11.26      1.00     4   4.1816
#          35       0.00447     18.99      1.00     4   4.1822
#          37       0.00454     18.40      1.00     4   4.1835
#          38       0.01594      6.57      1.00     2   4.1936
#          39       0.00469     13.45      1.00     4   4.1996
#          40       0.00459     16.95      1.00     4   4.2011
#          41       0.01001      4.23      2.00     4   4.2039
#          42       0.02363     11.10      1.00     4   4.2067
#          43       0.01465      8.24      2.00     3   4.2280
#          44       0.01297     24.36      2.00     3   4.2393
#          45       0.00933     22.33      1.00     2   4.2416
#          46       0.00432     11.66      2.00     3   4.2423
#          47       0.00427     11.52      2.00     3   4.2526
#          48       0.01917      4.73      2.00     3   4.2661
#          49       0.00466     12.08      2.00     3   4.2896
#          50       0.01075      5.58      2.00     4   4.2969
#          51       0.00461     11.88      2.00     3   4.3023
#          52       0.01523      6.15      1.00     2   4.3070
#          53       0.01208     23.85      2.00     3   4.3146
#          54       0.00437     12.98      2.00     3   4.3309
#          55       0.00430     13.16      2.00     3   4.3376
#          56       0.01171     23.97      1.00     4   4.3686
#          57       0.01116      5.20      1.00     4   4.3899
#          58       0.02512      9.57      1.00     4   4.3941
#          59       0.01199     22.47      2.00     3   4.4256
#          60       0.01285     10.08      2.00     3   4.4325
#          61       0.01129     24.15      1.00     4   4.4355
#          62       0.02051      4.58      2.00     3   4.4384
#          63       0.00613     24.55      2.00     3   4.4706
#          64       0.01273     10.85      2.00     3   4.4788
#          65       0.01809      6.23      2.00     4   4.4798
#          66       0.01088      9.03      2.00     4   4.4807
#          67       0.00623     22.54      2.00     3   4.5201
#          68       0.01905      4.30      2.00     3   4.5328
#          69       0.01284     12.52      2.00     3   4.5339
#          70       0.02212     10.56      2.00     3   4.5409
#          71       0.01138     22.91      1.00     4   4.5443
#          72       0.02213     10.83      2.00     3   4.5580
#          73       0.00958     19.86      2.00     4   4.5618
#          74       0.01751      9.09      2.00     4   4.5677
#          75       0.00950      5.74      2.00     4   4.5803
#          76       0.00964     21.93      2.00     4   4.5998
#          77       0.00632     20.22      2.00     3   4.6054
#          78       0.01720     10.81      2.00     3   4.6084
#          81       0.00639     17.73      1.00     2   4.6324
#          82       0.01882      4.41      2.00     3   4.6365
#          83       0.02401      5.18      2.00     3   4.6452
#          84       0.00579     19.13      2.00     3   4.6499
#          85       0.02168      5.87      2.00     4   4.6528
#          86       0.00975     25.14      2.00     4   4.6526
#          87       0.01685      8.75      2.00     4   4.6537
#          88       0.01178      8.27      2.00     3   4.6562
#          89       0.01866      4.22      2.00     3   4.6736
#          91       0.00618     18.45      2.00     3   4.6853
#          92       0.01040     17.84      2.00     4   4.6927
#          93       0.00598     12.43      1.00     4   4.7099
#          94       0.00575     18.88      2.00     3   4.7116
#          96       0.00603     12.35      1.00     4   4.7161
#          97       0.00577     51.37      2.00     3   4.7219
#          98       0.01170      7.54      2.00     3   4.7231
#          99       0.00487      4.61      2.00     4   4.7259
#         101       0.00469      6.44      2.00     4   4.7291
#         102       0.00468      6.14      2.00     4   4.7288
#         103       0.00626     12.03      1.00     4   4.7415
#         104       0.00499      4.48      2.00     4   4.7417
#         105       0.00631     12.02      1.00     4   4.7420
#         106       0.01015     18.37      2.00     4   4.7439
#         107       0.02736      9.60      2.00     2   4.7450
#         108       0.02039      5.51      2.00     4   4.7468
#         110       0.02884      4.77      1.00     2   4.7560
#         111       0.02848      4.76      1.00     2   4.7594
#         112       0.01429      7.08      1.00     4   4.7608
#         114       0.01422      4.81      1.00     4   4.7640
#         115       0.01771      6.80      1.00     4   4.7780
#         116       0.01974     13.52      2.00     5   4.7821
#         117       0.00657     12.84      1.00     4   4.7907
#         118       0.01010     19.72      2.00     4   4.7999
#         119       0.01768      7.94      2.00     4   4.8012
#         120       0.00641     53.81      1.00     4   4.8114
#         122       0.00957     39.13      2.00     5   4.8220
#         123       0.01604      6.25      2.00     5   4.8320
#         124       0.00989      7.08      2.00     5   4.8329
#         125       0.01254      6.39      2.00     3   4.8490
#         126       0.00973      5.51      2.00     3   4.8597
#         127       0.00648     10.56      1.00     4   4.8601
#         128       0.01235     10.39      2.00     4   4.8609
#         129       0.00947     41.28      2.00     5   4.8649
#         130       0.01910     12.98      2.00     5   4.8677
#         131       0.00506     27.42      2.00     3   4.8842
#         132       0.01233      9.43      2.00     4   4.8841
#         133       0.02071      4.94      2.00     4   4.8972
#         134       0.01237      9.87      2.00     4   4.8980
#         137       0.00949     44.28      2.00     5   4.9185
#         138       0.00538     12.18      2.00     4   4.9240
#         139       0.04370      6.79      1.00     4   4.9312
#         140       0.00922      8.78      2.00     3   4.9350
#         141       0.04406      6.78      1.00     4   4.9359
#         142       0.00861      5.15      2.00     3   4.9362
#         143       0.00570     10.31      2.00     4   4.9495
#         144       0.01216      8.62      2.00     4   4.9523
#         145       0.00697      8.23      1.00     4   4.9692
#         146       0.00506     11.86      2.00     4   4.9700
#         147       0.00695      5.01      2.00     3   4.9717
#         148       0.01178      9.08      2.00     4   4.9721
#         149       0.00466     46.34      2.00     4   4.9737
#         150       0.03415      6.64      1.00     4   4.9751
#         151       0.01517      4.79      2.00     5   4.9753
#         152       0.01486     10.40      2.00     4   4.9762
#         153       0.01980      4.24      1.00     2   4.9786
#         154       0.00525      9.11      2.00     4   4.9797
#         156       0.01814     11.27      2.00     3   4.9943
#         157       0.01954     10.83      2.00     3   5.0146
#         158       0.00956     15.58      2.00     5   5.0152
#         159       0.01975     11.64      2.00     5   5.0158
#         161       0.01979      4.15      1.00     2   5.0226
#         164       0.00963     17.99      2.00     4   5.0245
#         165       0.00509     10.37      2.00     4   5.0253
#         166       0.00977     23.97      2.00     5   5.0268
#         167       0.00970     18.36      2.00     5   5.0291
#         168       0.01516      4.95      2.00     5   5.0320
#         171       0.02286      7.27      2.00     3   5.0457
#         172       0.01656      9.66      2.00     3   5.0469
#         173       0.02240      7.21      2.00     3   5.0483
#         174       0.01438      9.32      2.00     4   5.0630
#         176       0.02406      7.02      2.00     3   5.0683
#         177       0.02345      6.79      2.00     3   5.0756
#         178       0.00527      9.44      2.00     4   5.0754
#         179       0.01300      7.67      2.00     4   5.0769
#         181       0.01576      6.98      2.00     3   5.0908
#         182       0.01748      6.80      2.00     3   5.1017
#         183       0.00702      9.00      1.00     4   5.1026
#         184       0.01487     14.85      2.00     3   5.1124
#         186       0.00674      9.00      1.00     4   5.1228
#         188       0.01576      5.26      2.00     5   5.1241
#         189       0.01937     12.37      2.00     5   5.1302
#         190       0.01618      6.47      2.00     3   5.1315
#         191       0.00541     13.06      1.00     4   5.1359
#         193       0.01526     14.87      2.00     3   5.1490
#         195       0.00776      4.99      2.00     3   5.1495
#         196       0.01230     11.46      2.00     4   5.1641
#         197       0.00486     37.57      2.00     4   5.1650
#         198       0.00697      8.81      1.00     4   5.1727
#         199       0.01450      6.55      2.00     5   5.1755
#         201       0.01632      5.71      2.00     3   5.1868
#         203       0.05236     11.98      1.00     6   5.1953
#         204       0.01273     14.64      2.00     5   5.2042
#         205       0.01494      8.17      2.00     3   5.2092
#         206       0.01538      7.99      2.00     4   5.2127
#         207       0.01435     15.04      2.00     3   5.2306
#         208       0.00882      4.99      2.00     3   5.2319
#         209       0.01412      4.55      2.00     3   5.2352
#         211       0.01767      9.89      2.00     6   5.2355
#         212       0.02175     12.27      2.00     3   5.2375
#         213       0.01816      7.36      1.00     4   5.2436
#         214       0.00549     24.32      2.00     5   5.2441
#         215       0.01290     14.44      1.00     4   5.2462
#         216       0.01246     26.53      2.00     5   5.2536
#         217       0.00511     84.86      2.00     5   5.2545
#         218       0.02299      6.00      2.00     4   5.2607
#         219       0.01479      7.77      2.00     3   5.2644
#         220       0.01904      6.84      1.00     4   5.2731
#         222       0.01345     14.81      1.00     4   5.2754
#         223       0.00969      7.64      1.00     6   5.2750
#         224       0.01001     17.48      1.00     6   5.2754
#         225       0.03930     11.16      1.00     6   5.2750
#         226       0.01537      5.63      2.00     6   5.2750
#         229       0.00945      6.65      1.00     6   5.2768
#         230       0.00707      8.84      1.00     4   5.2797
#         231       0.00569     21.68      2.00     5   5.2894
#         232       0.00913      7.60      1.00     6   5.2900
#         233       0.01248     13.16      2.00     5   5.2923
#         234       0.00993     22.64      1.00     6   5.2928
#         235       0.00927      7.19      1.00     6   5.2935
#         236       0.00991     19.19      1.00     6   5.2943
#         237       0.01242     10.11      2.00     4   5.2950
#         239       0.01813      9.94      2.00     6   5.2971
#         240       0.04783     11.02      1.00     6   5.2992
#         241       0.01580      8.91      2.00     3   5.3008
#         242       0.02021      5.80      2.00     4   5.3100
#         243       0.02478      4.50      2.00     3   5.3128
#         244       0.00750      4.98      2.00     3   5.3140
#         245       0.01262     10.48      2.00     4   5.3143
#         246       0.01278      9.57      2.00     5   5.3143
#         247       0.01668      7.14      2.00     5   5.3205
#         248       0.01161     15.39      2.00     4   5.3214
#         249       0.01173     12.52      2.00     4   5.3247
#         250       0.01265      9.80      2.00     5   5.3274
#         251       0.02716      5.99      2.00     3   5.3285
#         253       0.02427     10.61      1.00     4   5.3322
#         254       0.02284     21.31      2.00     5   5.3325
#         255       0.01518      5.49      1.00     4   5.3345
#         256       0.01274      9.15      2.00     4   5.3341
#         257       0.01291     15.93      1.00     4   5.3370
#         258       0.01144      9.33      2.00     4   5.3401
#         259       0.01144     16.12      2.00     4   5.3430
#         260       0.00576     19.42      2.00     5   5.3434
#         262       0.01117     10.43      2.00     5   5.3464
#         263       0.02232      5.71      2.00     4   5.3474
#         265       0.01307      9.78      2.00     4   5.3545
#         266       0.01246      8.44      2.00     4   5.3559
#         267       0.02265      5.54      2.00     3   5.3687
#         268       0.01463      7.30      2.00     3   5.3702
#         270       0.01560      4.62      2.00     4   5.3784
#         271       0.02902      7.80      2.00     4   5.3804
#         272       0.01187      5.11      2.00     4   5.3818
#         274       0.01131      5.18      2.00     5   5.3835
#         276       0.01393      4.15      2.00     6   5.3873
#         277       0.01155      8.35      2.00     4   5.3901
#         278       0.02067      5.23      2.00     5   5.3898
#         279       0.01891     10.13      2.00     6   5.3901
#         280       0.01156     15.70      2.00     4   5.3908
#         281       0.01648      5.97      2.00     4   5.3915
#         284       0.01617     13.97      2.00     4   5.3955
#         285       0.01597      5.78      2.00     4   5.4050
#         286       0.02209     20.83      2.00     5   5.4078
#         287       0.01319      8.55      2.00     4   5.4107
#         289       0.00983      7.31      2.00     5   5.4158
#         290       0.00484     39.71      2.00     5   5.4167
#         291       0.01524     10.42      2.00     3   5.4210
#         292       0.00485      6.96      2.00     5   5.4234
#         294       0.02550      5.33      2.00     4   5.4286
#         295       0.01145      7.59      2.00     5   5.4296
#         296       0.01267     13.12      2.00     4   5.4325
#         297       0.01158      7.92      2.00     3   5.4343
#         298       0.01146     10.49      2.00     4   5.4345
#         300       0.01468      4.72      1.00     4   5.4398
#         302       0.01370     11.76      2.00     5   5.4407
#         303       0.01555      4.49      2.00     4   5.4421
#         304       0.02334      6.88      2.00     4   5.4433
#         306       0.02559      5.41      2.00     4   5.4453
#         307       0.00503      7.49      2.00     5   5.4497
#         308       0.01653      5.23      2.00     4   5.4511
#         309       0.00499      6.36      2.00     5   5.4547
#         310       0.01130      4.84      2.00     5   5.4575
#         311       0.01521      5.93      1.00     4   5.4588
#         313       0.01482      8.58      1.00     4   5.4594
#         314       0.02025      9.65      2.00     6   5.4614
#         315       0.02389     24.35      1.00     6   5.4618
#         316       0.01241      9.79      2.00     4   5.4622
#         317       0.01195      4.77      2.00     4   5.4670
#         318       0.01881      5.12      2.00     5   5.4666
#         319       0.00771     11.85      2.00     5   5.4675
#         320       0.00673     11.95      2.00     3   5.4735
#         321       0.01166      6.59      2.00     4   5.4744
#         322       0.01164     15.66      2.00     4   5.4765
#         323       0.00634     11.82      2.00     3   5.4768
#         324       0.02234      4.89      1.00     6   5.4824
#         325       0.02804      4.64      2.00     4   5.4853
#         327       0.01263     12.66      2.00     4   5.4889
#         329       0.01131     10.12      2.00     4   5.4924
#         330       0.01152      7.13      2.00     5   5.4924
#         331       0.01301      6.21      2.00     4   5.4937
#         332       0.01673      4.80      2.00     4   5.4957
#         333       0.02012      4.77      2.00     5   5.4952
#         334       0.02081      5.57      2.00     4   5.4959
#         335       0.02362      5.32      2.00     4   5.4985
#         336       0.01717      4.35      2.00     4   5.4999
#         337       0.00658     10.45      2.00     3   5.5016
#         339       0.02119      4.09      2.00     4   5.5043
#         340       0.01464      4.37      1.00     4   5.5062
#         342       0.01164      9.45      2.00     5   5.5161
#         343       0.01347      5.76      2.00     4   5.5169
#         344       0.02231     19.62      2.00     5   5.5189
#         345       0.01146     12.43      2.00     4   5.5238
#         347       0.01288      8.65      2.00     4   5.5251
#         348       0.01868      8.73      2.00     5   5.5257
#         350       0.02306     24.51      1.00     6   5.5287
#         351       0.01181     13.35      2.00     4   5.5290
#         353       0.01206      4.84      2.00     5   5.5469
#         354       0.01342     25.25      2.00     5   5.5517
#         355       0.01155     10.75      2.00     3   5.5550
#         356       0.00783     18.80      2.00     5   5.5560
#         357       0.01735      4.14      2.00     4   5.5575
#         358       0.01587      4.74      2.00     4   5.5611
#         359       0.01258     15.92      2.00     5   5.5637
#         361       0.01155     24.71      2.00     5   5.5638
#         362       0.00992      9.07      2.00     5   5.5649
#         363       0.00781     19.01      2.00     5   5.5658
#         364       0.01064     28.94      2.00     5   5.5663
#         365       0.02844      4.72      2.00     3   5.5672
#         366       0.01620      4.31      2.00     4   5.5688
#         367       0.01820      9.34      2.00     5   5.5720
#         368       0.02413      6.56      2.00     6   5.5723
#         369       0.01715      8.91      2.00     6   5.5732
#         370       0.05513      6.57      2.00     6   5.5731
#         371       0.00670      9.47      2.00     3   5.5743
#         373       0.01141      9.64      2.00     4   5.5800
#         374       0.01227      6.59      2.00     5   5.5870
#         376       0.01092     10.14      2.00     4   5.5923
#         377       0.01082     17.84      2.00     4   5.5934
#         378       0.01272     12.22      2.00     4   5.5944
#         382       0.01219      7.90      2.00     4   5.6008
#         383       0.00818     18.84      2.00     5   5.6020
#         384       0.01153      8.86      2.00     5   5.6049
#         385       0.02055      4.49      2.00     4   5.6104
#         386       0.01109      8.85      2.00     4   5.6118
#         387       0.01148      6.42      2.00     5   5.6135
#         388       0.01164     24.45      2.00     5   5.6133
#         389       0.01243     14.30      2.00     5   5.6131
#         390       0.01182      8.38      2.00     5   5.6151
#         391       0.01083     28.50      2.00     5   5.6153
#         392       0.01495      4.05      1.00     4   5.6161
#         394       0.01143     18.58      2.00     5   5.6185
#         395       0.00537     14.94      2.00     4   5.6246
#         396       0.01157      4.73      2.00     5   5.6253
#         397       0.00545     14.71      2.00     4   5.6264
#         398       0.01760     10.58      2.00     5   5.6271
#         399       0.01122     12.65      2.00     5   5.6280
#         400       0.01012      7.44      2.00     4   5.6303
#         401       0.03028      6.03      2.00     5   5.6339
#         403       0.02244      8.34      2.00     5   5.6365
#         405       0.02326     23.24      1.00     6   5.6375
#         407       0.01176     14.27      2.00     4   5.6446
#         408       0.00762     11.81      2.00     4   5.6461
#         410       0.03054      5.82      2.00     5   5.6510
#         411       0.00685     11.64      2.00     4   5.6524
#         412       0.02220      8.46      2.00     5   5.6532
#         413       0.01129      8.61      2.00     4   5.6542
#         415       0.01440     19.51      2.00     5   5.6544
#         416       0.00839     20.51      2.00     5   5.6539
#         417       0.01983     19.87      2.00     6   5.6550
#         418       0.00916      7.35      2.00     4   5.6555
#         420       0.01204     17.38      2.00     6   5.6576
#         421       0.02922      5.57      2.00     4   5.6587
#         424       0.01161     10.12      2.00     5   5.6601
#         425       0.08650      8.92      2.00     6   5.6605
#         426       0.02089      9.01      2.00     6   5.6609
#         427       0.01341      6.55      2.00     4   5.6626
#         428       0.01111     16.17      2.00     5   5.6631
#         429       0.00870     14.14      1.00     4   5.6658
#         431       0.01978      5.74      2.00     6   5.6727
#         432       0.01187     13.79      2.00     5   5.6737
#         434       0.01185      7.41      2.00     5   5.6741
#         436       0.01080     13.43      2.00     5   5.6814
#         437       0.01144     18.72      2.00     5   5.6818
#         438       0.01129     25.53      2.00     5   5.6829
#         439       0.01042      6.02      2.00     4   5.6846
#         440       0.01158      4.41      2.00     5   5.6846
#         441       0.02239      4.12      2.00     5   5.6843
#         443       0.01146      8.84      2.00     4   5.6860
#         444       0.01927     21.79      2.00     6   5.6930
#         445       0.01346      6.43      2.00     4   5.6938
#         448       0.01503     23.39      2.00     6   5.6966
#         449       0.00606     12.80      1.00     6   5.6975
#         450       0.00648     37.66      1.00     6   5.6975
#         451       0.00858     13.30      1.00     4   5.6979
#         452       0.01259     11.15      2.00     5   5.6983
#         453       0.01177     23.34      2.00     5   5.6986
#         454       0.01859      4.50      2.00     5   5.6985
#         455       0.01120      9.05      2.00     4   5.7006
#         456       0.01103     29.06      2.00     5   5.7007
#         458       0.02308      5.19      2.00     5   5.7012
#         459       0.00561     11.07      2.00     4   5.7032
#         460       0.02071      8.67      2.00     5   5.7037
#         461       0.01224      6.99      2.00     4   5.7122
#         463       0.00982      7.10      2.00     4   5.7131
#         465       0.00729      9.67      2.00     4   5.7133
#         466       0.01196      8.65      2.00     5   5.7139
#         468       0.01077      6.08      2.00     4   5.7158
#         469       0.00617     12.39      1.00     6   5.7177
#         470       0.00611     12.24      1.00     6   5.7188
#         471       0.01199      6.67      2.00     5   5.7196
#         472       0.01405     18.30      2.00     5   5.7217
#         473       0.01211     16.58      2.00     6   5.7217
#         476       0.01753      8.79      2.00     5   5.7246
#         478       0.01429      4.52      1.00     4   5.7257
#         479       0.01018      9.22      1.00     4   5.7275
#         480       0.01817      8.42      2.00     5   5.7279
#         482       0.02333      7.95      2.00     5   5.7297
#         483       0.01137      8.79      2.00     5   5.7300
#         484       0.01104     15.21      2.00     5   5.7307
#         486       0.01743      4.26      2.00     5   5.7333
#         487       0.01175      4.19      2.00     5   5.7355
#         488       0.01382      4.27      2.00     4   5.7368
#         490       0.01209      9.42      2.00     5   5.7430
#         491       0.01036      6.86      2.00     4   5.7434
#         494       0.00590     11.56      2.00     4   5.7440
#         495       0.01309      6.47      2.00     4   5.7445
#         497       0.01072     17.89      2.00     5   5.7456
#         498       0.01718      4.41      2.00     5   5.7455
#         499       0.01855     24.55      2.00     6   5.7458
#         500       0.03259      6.13      2.00     6   5.7460
#         501       0.06771      6.13      2.00     6   5.7456
#         502       0.07203      8.57      2.00     6   5.7461
#         503       0.01393      5.26      2.00     5   5.7471
#         504       0.02103      8.67      2.00     6   5.7469
#         505       0.01194      4.18      2.00     3   5.7474
#         506       0.01637      4.95      2.00     5   5.7486
#         507       0.01806      6.77      2.00     5   5.7492
#         508       0.01200      8.36      2.00     5   5.7512
#         510       0.01764      6.47      2.00     5   5.7536
#         511       0.01204     17.80      2.00     5   5.7546
#         513       0.01533      5.42      2.00     6   5.7563
#         514       0.01109      9.61      2.00     5   5.7570
#         515       0.00838     12.22      1.00     4   5.7597
#         516       0.01769      8.83      2.00     5   5.7597
#         517       0.00938     11.68      2.00     5   5.7645
#         518       0.02335      7.91      2.00     5   5.7668
#         520       0.01127     10.04      2.00     5   5.7678
#         521       0.01223      4.02      2.00     5   5.7677
#         523       0.01748      4.12      2.00     5   5.7687
#         524       0.01135     10.34      2.00     5   5.7776
#         525       0.01266      8.56      2.00     5   5.7783
#         526       0.01087     17.99      2.00     5   5.7806
#         527       0.01206     16.08      2.00     5   5.7807
#         530       0.01821      4.24      2.00     5   5.7820
#         534       0.01642      4.82      2.00     5   5.7853
#         535       0.01186      6.97      2.00     4   5.7858
#         538       0.01849     17.93      2.00     6   5.7859
#         539       0.01825      7.99      2.00     5   5.7868
#         540       0.01213      4.06      2.00     5   5.7902
#         541       0.01062      7.82      2.00     5   5.7935
#         542       0.01220      6.65      2.00     5   5.7944
#         543       0.01519      4.07      2.00     6   5.7944
#         544       0.01049     12.78      2.00     5   5.7964
#         546       0.01157      7.62      2.00     5   5.8045
#         548       0.00737      8.43      2.00     4   5.8060
#         549       0.00997     12.00      2.00     4   5.8068
#         550       0.01085     20.41      2.00     5   5.8070
#         551       0.01104     11.81      2.00     5   5.8069
#         555       0.01119      8.35      2.00     5   5.8144
#         556       0.01214      7.22      2.00     5   5.8150
#         557       0.01283     17.11      2.00     5   5.8152
#         558       0.01315     16.25      2.00     6   5.8150
#         559       0.01761      6.25      2.00     5   5.8161
#         560       0.00972     28.48      2.00     5   5.8170
#         562       0.01086      7.24      2.00     5   5.8195
#         563       0.01081     12.78      2.00     5   5.8202
#         564       0.01023      6.81      2.00     4   5.8221
#         565       0.01747      5.92      2.00     5   5.8223
#         567       0.01658      6.69      2.00     5   5.8248
#         568       0.01239      5.95      2.00     5   5.8258
#         570       0.01416     16.30      2.00     5   5.8308
#         571       0.01306      5.70      2.00     5   5.8315
#         572       0.01167     16.45      2.00     5   5.8323
#         573       0.01688      8.53      2.00     5   5.8338
#         576       0.01835     18.40      2.00     6   5.8371
#         578       0.02166      5.12      2.00     5   5.8376
#         579       0.01605     12.13      2.00     5   5.8385
#         580       0.01171      6.79      2.00     5   5.8381
#         581       0.01231      5.86      2.00     5   5.8393
#         582       0.05790      5.76      2.00     6   5.8392
#         583       0.01034      5.85      2.00     5   5.8395
#         584       0.03148      5.76      2.00     6   5.8400
#         585       0.01141     14.51      2.00     5   5.8403
#         586       0.02261      7.66      2.00     5   5.8408
#         589       0.01023      9.85      2.00     5   5.8424
#         591       0.00998     11.17      2.00     5   5.8440
#         593       0.01590      4.96      2.00     5   5.8449
#         594       0.00983     21.29      2.00     5   5.8452
#         596       0.01977      4.96      2.00     5   5.8457
#         597       0.01588      4.90      2.00     5   5.8480
#         598       0.01052      7.85      2.00     5   5.8476
#         599       0.01062      6.46      2.00     5   5.8486
#         601       0.02264      4.70      2.00     5   5.8501
#         603       0.01044     13.68      2.00     5   5.8508
#         604       0.01696      7.08      1.00     6   5.8541
#         606       0.01752      4.99      1.00     6   5.8572
#         607       0.01571      4.71      2.00     5   5.8597
#         608       0.02131      6.40      2.00     5   5.8631
#         609       0.01393      7.94      2.00     4   5.8640
#         610       0.00988      8.33      2.00     5   5.8640
#         611       0.01611      4.69      2.00     5   5.8700
#         612       0.01658      6.57      2.00     5   5.8702
#         613       0.02498      6.61      2.00     5   5.8727
#         614       0.06288     15.53      2.00     7   5.8749
#         615       0.03380     15.34      2.00     7   5.8754
#         617       0.01602      4.50      2.00     5   5.8805
#         619       0.01897      7.39      2.00     5   5.8823
#         623       0.01453     10.15      2.00     6   5.8835
#         624       0.01104      9.18      1.00     6   5.8833
#         625       0.02067     44.16      2.00     6   5.8839
#         626       0.01289      9.52      1.00     6   5.8837
#         627       0.01057      7.94      2.00     5   5.8860
#         628       0.01118     12.67      2.00     5   5.8859
#         629       0.01108     15.57      1.00     6   5.8864
#         631       0.07005      7.82      2.00     6   5.8917
#         632       0.01375      8.04      2.00     5   5.8932
#         634       0.01841     19.52      2.00     6   5.8931
#         635       0.02168      7.88      2.00     6   5.8944
#         636       0.01488      6.65      2.00     5   5.8948
#         637       0.01027      9.41      2.00     5   5.8960
#         639       0.02167      6.05      2.00     5   5.9009
#         641       0.01761      4.92      2.00     5   5.9021
#         642       0.01376      9.57      2.00     5   5.9018
#         643       0.01371     13.98      2.00     5   5.9024
#         645       0.01676     24.19      2.00     6   5.9039
#         646       0.01637     17.54      2.00     6   5.9048
#         647       0.01193     16.09      1.00     6   5.9045
#         648       0.01285     17.38      1.00     6   5.9048
#         650       0.00991     22.22      1.00     6   5.9065
#         654       0.01834      6.16      2.00     7   5.9148
#         655       0.01927     43.63      2.00     7   5.9152
#         658       0.01134     12.28      2.00     5   5.9183
#         659       0.00979      7.16      2.00     4   5.9199
#         665       0.02713      7.11      2.00     7   5.9245
#         666       0.01974      7.06      2.00     7   5.9254
#         667       0.05043      7.39      2.00     7   5.9253
#         670       0.01928      4.44      2.00     5   5.9330
#         671       0.01172      7.55      2.00     5   5.9339
#         672       0.02005      4.13      2.00     4   5.9346
#         673       0.01390      7.67      2.00     5   5.9356
#         674       0.01554      8.72      2.00     5   5.9356
#         675       0.01089      5.85      2.00     5   5.9370
#         676       0.02213      4.18      2.00     5   5.9392
#         677       0.01073      8.42      2.00     5   5.9391
#         678       0.01868      5.15      2.00     5   5.9418
#         680       0.01195     14.86      2.00     5   5.9438
#         683       0.01827      4.91      2.00     5   5.9459
#         684       0.01040      9.99      2.00     5   5.9465
#         685       0.01647      6.39      2.00     5   5.9467
#         688       0.01682     10.09      2.00     5   5.9529
#         689       0.01933     41.83      2.00     6   5.9533
#         690       0.01128      8.35      1.00     6   5.9534
#         691       0.01275      8.31      1.00     6   5.9531
#         692       0.01575     10.25      2.00     6   5.9535
#         693       0.01759     17.96      2.00     6   5.9541
#         694       0.02196      6.43      2.00     6   5.9540
#         695       0.01131     14.80      1.00     6   5.9553
#         697       0.01806      8.27      2.00     6   5.9566
#         698       0.01839      6.49      2.00     7   5.9573
#         699       0.01908     45.85      2.00     7   5.9581
#         700       0.02634      5.07      2.00     5   5.9605
#         701       0.05452     14.93      2.00     7   5.9601
#         702       0.03258     14.77      2.00     7   5.9609
#         704       0.01504      4.30      2.00     5   5.9626
#         706       0.01745      8.04      2.00     5   5.9659
#         707       0.01069      7.75      2.00     5   5.9668
#         709       0.01118     12.37      2.00     5   5.9687
#         710       0.01324     10.54      2.00     6   5.9695
#         713       0.01862     14.45      2.00     6   5.9772
#         714       0.05246      9.13      2.00     6   5.9770
#         715       0.01142     11.06      2.00     5   5.9775
#         716       0.02428      7.17      2.00     6   5.9774
#         717       0.01020      7.76      2.00     5   5.9785
#         718       0.01050     22.20      2.00     5   5.9792
#         719       0.01707      6.28      2.00     6   5.9798
#         721       0.01254     40.47      2.00     5   5.9859
#         722       0.05656      5.19      2.00     6   5.9876
#         724       0.01391      7.73      2.00     5   5.9903
#         725       0.03231      5.16      2.00     6   5.9904
#         726       0.01769     17.92      2.00     6   5.9912
#         727       0.02129      6.02      2.00     6   5.9910
#         728       0.01597      9.76      2.00     6   5.9914
#         729       0.01796      8.07      2.00     6   5.9932
#         730       0.02742      7.98      2.00     6   5.9938
#         731       0.01353     21.90      2.00     6   5.9948
#         733       0.01147      7.37      2.00     5   5.9975
#         734       0.01520      8.69      2.00     5   6.0007
#         735       0.01013      6.19      2.00     5   6.0046
#         736       0.01069      5.18      2.00     5   6.0048
#         737       0.01498     10.25      2.00     6   6.0079
#         738       0.00878      9.40      1.00     6   6.0088
#         739       0.01829      7.45      2.00     7   6.0090
#         740       0.00969     11.63      2.00     5   6.0094
#         741       0.00862      9.43      1.00     6   6.0094
#         742       0.01913     48.68      2.00     7   6.0118
#         744       0.01196      4.99      2.00     6   6.0171
#         745       0.01202     21.58      2.00     6   6.0172
#         746       0.01016     27.21      2.00     6   6.0197
#         747       0.00953      7.74      2.00     4   6.0238
#         748       0.01816      5.57      2.00     5   6.0283
#         749       0.00919      9.91      1.00     6   6.0282
#         751       0.01807      7.52      2.00     6   6.0286
#         753       0.01005      7.50      2.00     5   6.0302
#         755       0.00891      9.09      1.00     6   6.0314
#         756       0.01367      9.98      2.00     6   6.0343
#         757       0.01767      5.12      2.00     5   6.0344
#         758       0.01668      4.26      2.00     5   6.0354
#         759       0.01013      9.25      2.00     5   6.0353
#         761       0.00991     14.27      2.00     5   6.0365
#         763       0.01218     36.54      2.00     5   6.0379
#         765       0.01137      6.66      2.00     5   6.0399
#         767       0.01177     22.17      2.00     6   6.0427
#         769       0.01033     26.98      2.00     6   6.0447
#         770       0.04738      8.40      2.00     6   6.0447
#         771       0.01801     13.28      2.00     6   6.0453
#         772       0.01718      6.03      2.00     6   6.0475
#         773       0.01143      7.77      2.00     5   6.0500
#         775       0.01813      6.77      2.00     5   6.0511
#         776       0.01018      6.01      2.00     5   6.0558
#         777       0.01551     11.94      2.00     5   6.0561
#         778       0.01672     10.97      2.00     6   6.0606
#         779       0.01848      4.78      2.00     5   6.0615
#         780       0.01130     13.37      2.00     6   6.0615
#         781       0.01981     37.93      2.00     6   6.0624
#         782       0.01122      7.20      1.00     6   6.0624
#         783       0.01293      6.42      1.00     6   6.0621
#         785       0.01147      9.01      2.00     6   6.0630
#         786       0.01088     18.99      2.00     6   6.0632
#         788       0.01156     14.43      1.00     6   6.0645
#         789       0.01698      6.45      2.00     5   6.0650
#         790       0.01708     17.32      2.00     6   6.0654
#         791       0.01998      5.28      2.00     6   6.0650
#         792       0.01553      9.06      2.00     6   6.0653
#         794       0.01318     19.58      2.00     6   6.0657
#         795       0.01125      7.56      2.00     6   6.0662
#         796       0.00908      7.43      2.00     4   6.0662
#         797       0.02288      5.02      2.00     5   6.0665
#         798       0.01105     10.27      2.00     6   6.0667
#         799       0.01035      6.38      2.00     5   6.0668
#         800       0.01099     17.65      2.00     6   6.0670
#         802       0.00632     17.53      2.00     5   6.0677
#         803       0.01788      5.49      2.00     6   6.0679
#         804       0.02205      7.72      2.00     6   6.0679
#         805       0.01837      7.91      2.00     6   6.0675
#         806       0.01117     38.61      2.00     6   6.0688
#         809       0.02157      9.06      2.00     6   6.0693
#         810       0.02133      7.54      2.00     6   6.0695
#         811       0.05378     10.27      2.00     6   6.0690
#         814       0.01122     12.42      2.00     6   6.0710
#         817       0.01185     23.76      2.00     6   6.0729
#         819       0.01761      8.43      2.00     6   6.0737
#         820       0.01906     10.37      2.00     6   6.0737
#         821       0.01028     29.01      2.00     6   6.0750
#         822       0.01457     11.50      2.00     5   6.0758
#         824       0.01787      4.10      2.00     6   6.0766
#         826       0.01071     17.11      2.00     6   6.0771
#         827       0.01115      4.83      2.00     6   6.0787
#         828       0.00637     17.00      2.00     5   6.0798
#         830       0.01642      7.77      2.00     6   6.0830
#         831       0.00864      5.66      2.00     5   6.0837
#         832       0.00860      5.83      2.00     5   6.0837
#         834       0.00983      7.52      2.00     4   6.0863
#         835       0.01013      7.47      2.00     5   6.0864
#         837       0.03345     10.09      2.00     5   6.0873
#         838       0.01046     15.34      2.00     5   6.0876
#         839       0.02038      5.78      2.00     5   6.0899
#         840       0.01082     11.57      2.00     6   6.0929
#         842       0.01074     14.84      2.00     6   6.0943
#         843       0.01824      6.87      2.00     5   6.0972
#         844       0.00865      5.58      2.00     5   6.0985
#         845       0.00863      5.75      2.00     5   6.0985
#         847       0.01801      7.05      2.00     6   6.1063
#         848       0.05399     13.48      2.00     7   6.1063
#         849       0.01033      6.51      2.00     5   6.1072
#         850       0.01540      8.58      2.00     5   6.1069
#         851       0.03482      9.71      2.00     5   6.1076
#         852       0.01056     16.36      2.00     6   6.1078
#         853       0.01204     17.98      2.00     6   6.1078
#         854       0.01738      5.38      2.00     7   6.1080
#         855       0.01860      4.61      2.00     5   6.1089
#         856       0.01817     17.77      2.00     7   6.1084
#         858       0.03339     13.33      2.00     7   6.1090
#         859       0.02147      5.86      2.00     5   6.1098
#         860       0.01126      5.29      2.00     6   6.1097
#         865       0.01007      7.71      2.00     6   6.1135
#         866       0.01120      4.78      2.00     6   6.1140
#         867       0.01794      7.66      2.00     6   6.1158
#         869       0.00991     14.05      2.00     6   6.1165
#         870       0.01022     15.81      2.00     6   6.1165
#         871       0.01237     11.01      2.00     6   6.1167
#         872       0.01052     11.45      2.00     6   6.1167
#         874       0.01786      6.86      2.00     7   6.1173
#         875       0.01786     11.81      2.00     6   6.1178
#         876       0.01087     17.40      2.00     6   6.1175
#         878       0.04996     16.53      2.00     6   6.1178
#         879       0.01056      4.03      2.00     3   6.1185
#         880       0.00664     14.70      2.00     5   6.1182
#         881       0.01127      8.03      2.00     6   6.1183
#         882       0.01084     18.92      2.00     6   6.1185
#         884       0.01059      5.44      2.00     6   6.1187
#         885       0.01348      4.42      2.00     6   6.1196
#         886       0.01799     26.34      2.00     7   6.1200
#         887       0.01379     18.85      2.00     6   6.1205
#         889       0.01782      5.78      2.00     7   6.1216
#         891       0.01795     20.75      2.00     7   6.1223
#         892       0.01279     32.02      2.00     5   6.1235
#         893       0.01772     10.67      2.00     6   6.1239
#         895       0.01775     13.55      2.00     6   6.1239
#         897       0.01011     11.67      2.00     6   6.1245
#         898       0.01003     10.73      2.00     6   6.1248
#         899       0.01036     11.43      2.00     6   6.1245
#         900       0.01011     14.94      2.00     6   6.1248
#         901       0.01926      5.47      2.00     7   6.1244
#         902       0.01759      5.00      2.00     6   6.1251
#         903       0.01744      4.18      2.00     6   6.1251
#         904       0.01479      9.90      2.00     6   6.1255
#         905       0.02401      5.31      2.00     7   6.1252
#         906       0.00987     22.88      2.00     6   6.1260
#         907       0.01018     28.93      2.00     6   6.1260
#         908       0.00780      4.22      1.00     4   6.1265
#         909       0.01362     10.77      2.00     5   6.1265
#         910       0.00864      4.21      1.00     4   6.1296
#         911       0.01820      5.72      2.00     5   6.1308
#         912       0.01839      4.31      2.00     5   6.1318
#         913       0.00643     13.00      2.00     5   6.1326
#         914       0.01787      9.16      2.00     6   6.1324
#         915       0.00808      4.18      1.00     4   6.1344
#         916       0.01136      4.90      2.00     5   6.1354
#         917       0.01951      5.59      2.00     6   6.1359
#         919       0.02661      6.47      2.00     5   6.1387
#         920       0.02736      8.74      2.00     5   6.1398
#         921       0.02732      4.31      2.00     4   6.1411
#         922       0.02176      6.69      2.00     5   6.1413
#         923       0.00899      5.34      2.00     5   6.1424
#         924       0.02082      6.10      2.00     5   6.1423
#         925       0.00884      5.49      2.00     5   6.1424
#         926       0.02009      4.73      2.00     5   6.1449
#         928       0.00618     16.01      1.00     4   6.1465
#         929       0.01897      6.25      2.00     6   6.1473
#         930       0.02551      4.19      2.00     5   6.1478
#         931       0.00772      4.13      1.00     4   6.1502
#         932       0.01071     15.95      2.00     6   6.1511
#         933       0.01198     17.81      2.00     6   6.1511
#         934       0.03213      9.83      2.00     5   6.1517
#         936       0.01759      4.97      2.00     6   6.1540
#         937       0.02139      7.36      2.00     6   6.1540
#         938       0.01571      4.97      2.00     7   6.1538
#         939       0.02352      5.04      2.00     4   6.1552
#         940       0.01871      6.64      2.00     6   6.1554
#         941       0.04782      9.27      2.00     6   6.1554
#         943       0.02077      7.17      2.00     6   6.1562
#         944       0.02063      8.14      2.00     6   6.1560
#         948       0.01932      5.48      2.00     6   6.1584
#         950       0.01022      7.02      2.00     6   6.1594
#         951       0.01874      5.57      2.00     5   6.1605
#         952       0.01008     13.59      2.00     6   6.1601
#         953       0.01033     14.87      2.00     6   6.1601
#         954       0.02486      6.31      2.00     5   6.1612
#         955       0.01737      7.53      2.00     6   6.1623
#         956       0.01856      9.24      2.00     6   6.1623
#         960       0.00706     17.71      2.00     5   6.1652
#         961       0.00983      7.54      2.00     4   6.1660
#         962       0.03284      7.42      2.00     6   6.1681
#         963       0.01143      6.99      2.00     6   6.1683
#         964       0.02577      6.08      2.00     5   6.1686
#         966       0.01085     19.84      2.00     6   6.1686
#         967       0.01560      6.05      2.00     7   6.1686
#         969       0.01911     11.01      2.00     6   6.1698
#         970       0.01339     20.36      2.00     6   6.1707
#         971       0.01086     18.64      2.00     6   6.1707
#         972       0.00973     11.04      2.00     5   6.1716
#         973       0.01611      7.07      2.00     6   6.1715
#         974       0.01795      5.85      2.00     6   6.1723
#         975       0.01563      5.20      2.00     7   6.1727
#         976       0.01928      5.77      2.00     6   6.1737
#         977       0.01706      7.57      2.00     6   6.1736
#         978       0.01799      7.34      2.00     6   6.1780
#         979       0.00576      7.76      2.00     5   6.1803
#         980       0.01096      5.21      2.00     6   6.1812
#         982       0.01838      6.91      2.00     5   6.1828
#         983       0.02347      6.66      2.00     6   6.1831
#         985       0.01985      6.37      2.00     5   6.1838
#         990       0.01783      7.50      2.00     6   6.1890
#         992       0.03056      9.26      2.00     5   6.1914
#         993       0.01871      7.06      2.00     6   6.1912
#         994       0.01867      4.00      2.00     5   6.1931
#         997       0.01729      6.41      2.00     5   6.1947
#         998       0.02221     12.27      2.00     6   6.1958
#         999       0.00944      5.31      2.00     5   6.1963
#        1000       0.00940      5.41      2.00     5   6.1963
#        1001       0.01676      4.54      2.00     5   6.1962
#        1002       0.02301      6.74      2.00     6   6.1962
#        1008       0.00668     16.68      2.00     5   6.2031
#        1009       0.01072     15.92      2.00     6   6.2051
#        1010       0.01199     17.73      2.00     6   6.2051
#        1013       0.01011      4.54      2.00     3   6.2063
#        1014       0.00918      4.12      1.00     4   6.2083
#        1015       0.02502     12.93      2.00     5   6.2081
#        1017       0.01624      8.07      2.00     6   6.2080
#        1018       0.01808     15.14      2.00     6   6.2080
#        1021       0.01567      4.66      2.00     5   6.2118
#        1024       0.01022      6.13      2.00     6   6.2124
#        1025       0.02524      4.05      2.00     5   6.2126
#        1026       0.04030      4.50      2.00     4   6.2135
#        1027       0.00994      4.26      2.00     5   6.2134
#        1028       0.00966      7.04      2.00     4   6.2140
#        1030       0.01007     14.14      2.00     6   6.2145
#        1031       0.01036     15.05      2.00     6   6.2145
#        1032       0.01924      5.80      2.00     7   6.2145
#        1033       0.02146      4.14      2.00     5   6.2152
#        1034       0.02217      6.90      2.00     6   6.2153
#        1035       0.02263      7.25      2.00     6   6.2151
#        1036       0.01246      4.86      2.00     5   6.2155
#        1039       0.02451      5.60      2.00     7   6.2173
#        1042       0.01853      5.16      2.00     5   6.2222
#        1043       0.03057     14.19      2.00     7   6.2227
#        1045       0.00897      4.07      1.00     4   6.2243
#        1047       0.02002      5.92      2.00     5   6.2245
#        1052       0.01187      5.55      2.00     5   6.2288
#        1053       0.00668     16.73      2.00     5   6.2297
#        1054       0.02772     11.75      2.00     5   6.2306
#        1055       0.01043     19.22      1.00     6   6.2310
#        1056       0.00844      8.06      2.00     4   6.2338
#        1059       0.01542     72.80      2.00     5   6.2360
#        1061       0.01399      8.61      2.00     5   6.2427
#        1063       0.02619     12.95      2.00     5   6.2442
#        1064       0.01071      5.13      1.00     6   6.2450
#        1066       0.01925      4.61      2.00     5   6.2542
#        1067       0.01034      7.11      2.00     6   6.2564
#        1068       0.02239      5.34      2.00     6   6.2565
#        1071       0.02116     11.74      2.00     6   6.2574
#        1072       0.01378      7.43      2.00     6   6.2575
#        1073       0.04845     11.22      2.00     6   6.2574
#        1074       0.01120      6.84      2.00     6   6.2580
#        1076       0.01113     10.98      2.00     6   6.2583
#        1077       0.01535      5.11      2.00     6   6.2591
#        1078       0.02262      4.11      2.00     6   6.2592
#        1079       0.00997     30.47      2.00     6   6.2600
#        1082       0.01685     14.25      2.00     6   6.2617
#        1084       0.02985      6.84      2.00     6   6.2645
#        1085       0.02768      8.52      2.00     5   6.2657
#        1086       0.01984     11.86      2.00     6   6.2659
#        1087       0.00940      7.53      2.00     4   6.2665
#        1089       0.01098      6.52      1.00     6   6.2770
#        1090       0.01051     10.15      2.00     6   6.2769
#        1093       0.01957      5.27      2.00     5   6.2797
#        1094       0.01300      4.34      2.00     5   6.2810
#        1097       0.01045      7.89      2.00     6   6.2828
#        1098       0.01092      5.11      1.00     6   6.2857
#        1102       0.00983     18.71      2.00     6   6.2882
#        1103       0.00865      4.05      1.00     4   6.2910
#        1106       0.00971      7.31      2.00     6   6.2958
#        1107       0.01874      6.34      2.00     7   6.2968
#        1108       0.02476     12.99      2.00     7   6.2974
#        1109       0.01900     19.92      2.00     7   6.2972
#        1110       0.02997     18.11      2.00     7   6.2974
#        1111       0.05540     16.33      2.00     7   6.2970
#        1113       0.01112      7.96      2.00     5   6.2978
#        1114       0.01759      7.69      2.00     7   6.2999
#        1115       0.01004      6.72      2.00     6   6.3010
#        1117       0.02195      6.71      2.00     6   6.3023
#        1118       0.00858      4.01      1.00     4   6.3036
#        1119       0.05329      8.04      2.00     6   6.3032
#        1120       0.00821      4.04      1.00     4   6.3043
#        1121       0.01841      7.22      2.00     5   6.3048
#        1122       0.02164      6.68      2.00     6   6.3056
#        1124       0.02139      6.49      2.00     6   6.3060
#        1125       0.01403     30.93      1.00     6   6.3060
#        1126       0.02003      7.98      2.00     6   6.3061
#        1127       0.01042      6.86      2.00     3   6.3099
#        1128       0.01850      6.23      2.00     6   6.3097
#        1129       0.01964      7.64      2.00     6   6.3097
#        1130       0.00941      5.39      2.00     3   6.3111
#        1132       0.01021      8.67      2.00     6   6.3133
#        1133       0.01009      7.19      2.00     6   6.3154
#        1134       0.00872      4.00      1.00     4   6.3172
#        1135       0.01706     13.86      2.00     6   6.3180
#        1136       0.01716      6.16      2.00     6   6.3193
#        1138       0.00987      8.95      2.00     6   6.3208
#        1142       0.00981      7.24      2.00     6   6.3254
#        1143       0.02532     13.04      2.00     5   6.3260
#        1144       0.01589     91.64      1.00     6   6.3255
#        1147       0.01781      4.91      2.00     5   6.3303
#        1148       0.02429     10.09      2.00     5   6.3308
#        1150       0.01108     22.14      2.00     7   6.3367
#        1151       0.03671      7.45      1.00     6   6.3366
#        1153       0.01572      6.62      2.00     7   6.3369
#        1154       0.01373     38.89      2.00     7   6.3373
#        1155       0.01224      6.06      2.00     7   6.3371
#        1156       0.01623     38.41      2.00     7   6.3373
#        1157       0.02906      9.06      2.00     6   6.3393
#        1158       0.01059     31.03      2.00     7   6.3398
#        1160       0.02860      6.29      2.00     7   6.3402
#        1161       0.02633     14.56      1.00     6   6.3419
#        1162       0.01253      4.32      2.00     4   6.3434
#        1163       0.00958      8.86      2.00     5   6.3438
#        1166       0.01406      5.67      1.00     6   6.3454
#        1168       0.02507      8.09      2.00     7   6.3461
#        1169       0.02252     15.20      2.00     7   6.3461
#        1170       0.02118     25.75      2.00     7   6.3469
#        1171       0.01748     21.99      2.00     7   6.3470
#        1172       0.04956     29.35      2.00     7   6.3469
#        1173       0.01669      7.78      2.00     7   6.3466
#        1174       0.01385     22.84      2.00     7   6.3470
#        1175       0.01100     27.17      2.00     7   6.3475
#        1176       0.01524     13.03      2.00     7   6.3478
#        1177       0.01115     19.98      2.00     7   6.3478
#        1178       0.01554      8.80      2.00     7   6.3486
#        1179       0.02215      4.64      2.00     6   6.3492
#        1180       0.01014     54.63      2.00     7   6.3496
#        1181       0.01101      7.70      2.00     5   6.3505
#        1182       0.02840      4.48      2.00     6   6.3539
#        1183       0.00970     14.06      2.00     5   6.3560
#        1186       0.01849      6.88      2.00     5   6.3596
#        1188       0.02015      4.47      2.00     5   6.3625
#        1190       0.01212      5.03      2.00     5   6.3649
#        1193       0.03845      6.91      1.00     6   6.3661
#        1194       0.02423      4.30      2.00     7   6.3671
#        1195       0.04907      4.50      2.00     7   6.3673
#        1196       0.03122      8.85      2.00     6   6.3684
#        1197       0.01877      6.96      2.00     6   6.3683
#        1198       0.02747     14.93      1.00     6   6.3706
#        1199       0.02095      7.55      2.00     6   6.3711
#        1200       0.01935     11.63      2.00     6   6.3729
#        1201       0.01590      4.09      2.00     5   6.3741
#        1202       0.01778     14.02      2.00     6   6.3762
#        1203       0.01372     26.71      1.00     6   6.3778
#        1204       0.01210      4.98      2.00     4   6.3803
#        1205       0.02044      5.86      2.00     6   6.3815
#        1206       0.01447      5.98      2.00     7   6.3819
#        1207       0.01168     21.89      2.00     7   6.3828
#        1208       0.01349     38.11      2.00     7   6.3826
#        1209       0.01252      5.05      2.00     7   6.3824
#        1210       0.01564     36.97      2.00     7   6.3826
#        1212       0.01080     29.50      2.00     7   6.3847
#        1213       0.04998     14.69      2.00     7   6.3847
#        1214       0.02348     11.85      2.00     7   6.3855
#        1215       0.01838     17.85      2.00     7   6.3853
#        1216       0.02806     17.15      2.00     7   6.3855
#        1217       0.01900      5.75      2.00     7   6.3857
#        1218       0.01798      4.34      2.00     6   6.3876
#        1219       0.01773      7.18      2.00     7   6.3875
#        1220       0.03032     10.10      2.00     6   6.3880
#        1221       0.01021      4.82      2.00     6   6.3890
#        1222       0.01529     10.65      2.00     6   6.3890
#        1223       0.01801      4.94      2.00     6   6.3907
#        1227       0.01766      8.00      2.00     5   6.3941
#        1228       0.01652      4.13      2.00     5   6.3953
#        1229       0.00729      6.45      2.00     4   6.3963
#        1231       0.00699     29.65      2.00     5   6.3982
#        1232       0.01548     17.61      2.00     6   6.3994
#        1234       0.01587      5.04      2.00     6   6.4056
#        1236       0.02204      4.15      2.00     6   6.4069
#        1237       0.02290     10.70      2.00     6   6.4074
#        1238       0.01582     10.70      2.00     7   6.4069
#        1240       0.02678      6.32      2.00     7   6.4071
#        1242       0.01802      4.99      2.00     6   6.4075
#        1243       0.01935     15.79      2.00     7   6.4075
#        1244       0.01506      4.30      2.00     5   6.4099
#        1245       0.02726      6.38      2.00     6   6.4100
#        1246       0.01818      8.35      2.00     7   6.4100
#        1247       0.03845     14.48      2.00     6   6.4139
#        1248       0.02010      9.05      2.00     6   6.4145
#        1250       0.01507      4.40      2.00     5   6.4151
#        1251       0.03074      6.16      2.00     6   6.4153
#        1252       0.01925      5.47      2.00     6   6.4160
#        1253       0.01712     13.09      2.00     6   6.4157
#        1255       0.01597      6.72      2.00     6   6.4172
#        1256       0.02279      6.26      2.00     6   6.4181
#        1257       0.01951     12.39      2.00     6   6.4178
#        1258       0.01933      7.52      2.00     6   6.4198
#        1260       0.01670     10.91      2.00     7   6.4207
#        1261       0.01939     15.99      2.00     7   6.4206
#        1263       0.02866      5.96      2.00     5   6.4213
#        1264       0.01893      8.23      2.00     6   6.4217
#        1266       0.01788      7.92      2.00     6   6.4217
#        1268       0.01799      8.18      2.00     7   6.4226
#        1269       0.01881      4.22      2.00     6   6.4232
#        1272       0.02272      9.50      1.00     6   6.4255
#        1273       0.03508     24.07      2.00     7   6.4257
#        1274       0.02418      5.18      2.00     7   6.4253
#        1275       0.00957      8.22      2.00     5   6.4263
#        1276       0.02767      4.05      2.00     6   6.4274
#        1277       0.03058      5.50      1.00     6   6.4274
#        1278       0.02948      9.20      2.00     6   6.4271
#        1279       0.01713      4.32      2.00     6   6.4287
#        1280       0.01820      4.82      2.00     6   6.4294
#        1281       0.02790      8.16      2.00     6   6.4298
#        1282       0.02374      5.26      2.00     6   6.4300
#        1283       0.01039      5.05      2.00     6   6.4301
#        1284       0.01579     10.83      2.00     6   6.4301
#        1285       0.02009      6.06      2.00     6   6.4314
#        1286       0.02643     16.00      1.00     6   6.4323
#        1287       0.02144      4.43      2.00     6   6.4330
#        1289       0.02232      9.61      2.00     6   6.4331
#        1290       0.01084      7.16      2.00     5   6.4340
#        1291       0.01336      6.16      2.00     7   6.4339
#        1292       0.01734      5.04      2.00     6   6.4351
#        1293       0.01797      5.04      2.00     6   6.4360
#        1294       0.01627      5.98      2.00     6   6.4358
#        1295       0.01698      4.82      2.00     6   6.4362
#        1297       0.01114     21.77      2.00     7   6.4366
#        1299       0.01421     38.52      2.00     7   6.4367
#        1300       0.01593     35.95      2.00     7   6.4367
#        1302       0.02064      7.37      2.00     6   6.4371
#        1303       0.01960     16.22      2.00     6   6.4387
#        1304       0.01078     30.58      2.00     7   6.4388
#        1305       0.01017     30.05      2.00     6   6.4393
#        1307       0.01700     17.10      2.00     7   6.4396
#        1308       0.01549     11.58      2.00     7   6.4396
#        1309       0.02770      4.21      2.00     6   6.4406
#        1311       0.01786      8.31      2.00     7   6.4417
#        1312       0.01050      8.46      2.00     3   6.4432
#        1315       0.01844      4.91      2.00     6   6.4477
#        1316       0.02251      9.97      2.00     6   6.4475
#        1317       0.02014      5.48      2.00     6   6.4488
#        1318       0.02885      8.51      2.00     6   6.4487
#        1319       0.00862     11.51      2.00     5   6.4490
#        1320       0.02282      6.20      2.00     6   6.4498
#        1321       0.00834      6.00      2.00     5   6.4502
#        1322       0.01635      5.18      2.00     6   6.4509
#        1323       0.01813      5.31      2.00     6   6.4512
#        1324       0.01824      6.03      2.00     6   6.4509
#        1325       0.01634      6.38      2.00     6   6.4509
#        1328       0.00977     12.15      2.00     6   6.4524
#        1329       0.00968      4.61      2.00     6   6.4580
#        1330       0.01075      8.08      2.00     5   6.4594
#        1331       0.02129      5.48      2.00     5   6.4620
#        1333       0.01869      6.45      2.00     5   6.4655
#        1334       0.01045     27.40      2.00     6   6.4672
#        1335       0.00728      6.12      2.00     4   6.4683
#        1336       0.01506     16.06      2.00     6   6.4701
#        1337       0.02688      8.87      2.00     6   6.4732
#        1339       0.01717      4.10      2.00     6   6.4765
#        1340       0.01320      8.17      2.00     5   6.4772
#        1341       0.02563      5.29      2.00     6   6.4770
#        1343       0.01571      4.10      2.00     5   6.4784
#        1346       0.01878      4.45      2.00     7   6.4792
#        1349       0.01045      5.81      2.00     6   6.4812
#        1350       0.01606     11.52      2.00     6   6.4812
#        1351       0.00987      5.66      2.00     6   6.4815
#        1352       0.02883      4.32      2.00     6   6.4823
#        1353       0.02261      8.61      2.00     6   6.4831
#        1354       0.02264      9.42      2.00     7   6.4828
#        1356       0.01711      4.86      2.00     6   6.4840
#        1357       0.01782      4.67      2.00     6   6.4838
#        1358       0.03137      6.17      2.00     6   6.4845
#        1360       0.00979      4.54      2.00     6   6.4852
#        1361       0.00840     26.84      2.00     6   6.4853
#        1362       0.01646      5.66      2.00     6   6.4853
#        1363       0.00867     16.11      2.00     5   6.4858
#        1364       0.01963     15.82      2.00     6   6.4860
#        1366       0.01463     22.34      1.00     6   6.4873
#        1367       0.02497      8.90      2.00     7   6.4872
#        1368       0.00728     73.16      2.00     6   6.4877
#        1369       0.01722      4.14      2.00     6   6.4885
#        1370       0.02631     13.11      2.00     6   6.4888
#        1371       0.01650      6.58      2.00     6   6.4900
#        1373       0.01701     11.94      2.00     6   6.4903
#        1374       0.01689      6.28      2.00     7   6.4906
#        1375       0.01459     18.37      2.00     6   6.4915
#        1379       0.03033      6.03      2.00     6   6.4980
#        1380       0.01039     25.74      2.00     6   6.4978
#        1383       0.01632      4.44      2.00     6   6.4995
#        1384       0.02446      5.07      2.00     7   6.5002
#        1385       0.01654      4.99      2.00     6   6.5008
#        1386       0.01814      5.67      2.00     6   6.5004
#        1387       0.01654      6.03      2.00     6   6.5004
#        1388       0.01754      5.03      2.00     6   6.5014
#        1389       0.03391     23.51      2.00     7   6.5010
#        1392       0.01873      4.70      2.00     6   6.5039
#        1393       0.02247      8.70      2.00     6   6.5036
#        1394       0.01473      7.16      2.00     6   6.5046
#        1396       0.02305      6.11      2.00     6   6.5060
#        1397       0.01591      4.87      2.00     7   6.5083
#        1398       0.03254      7.89      2.00     5   6.5095
#        1399       0.01150      6.39      2.00     7   6.5092
#        1400       0.01562      8.08      2.00     7   6.5091
#        1401       0.01134     10.27      2.00     7   6.5097
#        1402       0.01384      8.48      2.00     7   6.5100
#        1403       0.01168     12.79      2.00     7   6.5100
#        1404       0.01554      5.52      2.00     7   6.5109
#        1406       0.00990     44.53      2.00     7   6.5118
#        1407       0.02549      5.95      2.00     7   6.5133
#        1410       0.01451      4.72      2.00     6   6.5151
#        1411       0.01425      8.06      2.00     5   6.5157
#        1412       0.01819      9.01      2.00     5   6.5161
#        1415       0.01087      4.79      2.00     7   6.5162
#        1416       0.01133     16.87      2.00     7   6.5166
#        1418       0.01218      8.63      2.00     5   6.5182
#        1419       0.01015     14.98      2.00     7   6.5191
#        1420       0.01890      6.66      2.00     6   6.5199
#        1421       0.01139      6.05      2.00     4   6.5213
#        1425       0.01977      4.11      2.00     6   6.5251
#        1426       0.02682      4.66      2.00     6   6.5255
#        1427       0.01808      5.14      2.00     6   6.5257
#        1430       0.02577      7.16      2.00     5   6.5276
#        1433       0.02030     13.41      2.00     6   6.5281
#        1435       0.01677      4.21      2.00     5   6.5294
#        1436       0.01011      7.57      2.00     5   6.5297
#        1439       0.01679      4.08      2.00     7   6.5300
#        1440       0.01667      4.43      2.00     6   6.5302
#        1441       0.01094     13.79      2.00     7   6.5305
#        1442       0.01095      5.85      2.00     5   6.5313
#        1443       0.05476     13.22      2.00     7   6.5312
#        1445       0.03869      7.57      2.00     5   6.5323
#        1450       0.02564     10.27      2.00     7   6.5339
#        1451       0.01952     14.73      2.00     7   6.5336
#        1452       0.02926     15.58      2.00     7   6.5339
#        1453       0.01962      4.99      2.00     7   6.5339
#        1454       0.01864      4.59      2.00     6   6.5343
#        1456       0.01858      6.73      2.00     7   6.5360
#        1457       0.01140      4.27      2.00     4   6.5368
#        1458       0.02053      7.84      2.00     6   6.5366
#        1460       0.01124     12.02      2.00     7   6.5373
#        1461       0.01641      7.96      2.00     5   6.5382
#        1462       0.00882     29.17      2.00     6   6.5385
#        1463       0.01038      5.53      2.00     7   6.5401
#        1464       0.01307      8.64      2.00     5   6.5402
#        1466       0.01114      4.34      2.00     7   6.5429
#        1468       0.01129     20.36      2.00     7   6.5429
#        1470       0.00793     24.13      2.00     6   6.5430
#        1471       0.03111      5.44      2.00     6   6.5441
#        1472       0.01841      4.34      2.00     6   6.5436
#        1475       0.01105     15.99      2.00     7   6.5449
#        1476       0.01041     18.02      2.00     7   6.5450
#        1477       0.02073      7.06      2.00     6   6.5466
#        1478       0.01050      4.60      2.00     7   6.5471
#        1479       0.01102     14.07      2.00     7   6.5469
#        1480       0.00699      6.08      2.00     4   6.5476
#        1481       0.01183      8.90      2.00     5   6.5473
#        1487       0.01129     17.52      2.00     7   6.5479
#        1488       0.01215      4.05      2.00     4   6.5488
#        1490       0.01038     14.63      2.00     7   6.5499
#        1491       0.01696      6.34      2.00     7   6.5497
#        1492       0.01695      5.32      2.00     6   6.5505
#        1493       0.01223      8.65      2.00     4   6.5511
#        1496       0.01626      4.03      2.00     6   6.5518
#        1497       0.01884      6.07      1.00     6   6.5521
#        1498       0.01924      4.23      2.00     7   6.5527
#        1499       0.01614      4.75      2.00     6   6.5529
#        1500       0.01680      6.45      2.00     6   6.5533
#        1502       0.01834      8.48      1.00     6   6.5544
#        1503       0.03405     10.52      2.00     6   6.5547
#        1506       0.01114      6.26      2.00     7   6.5554
#        1507       0.02024      4.69      2.00     6   6.5568
#        1508       0.01718      6.55      2.00     6   6.5571
#        1509       0.01691      4.14      2.00     6   6.5573
#        1510       0.00588      5.40      2.00     6   6.5577
#        1512       0.01100      8.40      2.00     7   6.5597
#        1513       0.02344      9.06      2.00     7   6.5599
#        1514       0.01255     14.86      2.00     7   6.5612
#        1515       0.01301      6.20      2.00     7   6.5608
#        1516       0.01107      7.57      2.00     7   6.5618
#        1517       0.02532      5.30      2.00     6   6.5624
#        1520       0.01588      5.12      2.00     6   6.5647
#        1522       0.02635      7.11      2.00     5   6.5650
#        1525       0.02363      8.34      2.00     7   6.5660
#        1526       0.01257      9.17      2.00     5   6.5668
#        1528       0.01803      5.58      2.00     7   6.5669
#        1529       0.01584      6.34      2.00     6   6.5673
#        1530       0.02235      6.81      2.00     6   6.5672
#        1531       0.01088     10.89      2.00     7   6.5675
#        1533       0.01591      6.27      2.00     6   6.5679
#        1534       0.01604      6.01      2.00     6   6.5680
#        1535       0.01063     10.29      2.00     7   6.5678
#        1536       0.01936      4.46      2.00     7   6.5681
#        1537       0.01705      7.59      2.00     5   6.5686
#        1538       0.01553      4.59      2.00     6   6.5685
#        1539       0.01048     24.18      2.00     7   6.5690
#        1541       0.01726      4.88      2.00     6   6.5697
#        1543       0.01667      5.22      2.00     6   6.5697
#        1544       0.01031     12.22      2.00     7   6.5699
#        1546       0.01103      7.71      2.00     5   6.5712
#        1549       0.01494      4.02      2.00     5   6.5722
#        1551       0.01965     15.75      2.00     6   6.5718
#        1552       0.01825      6.48      2.00     6   6.5743
#        1554       0.02211      4.12      2.00     6   6.5784
#        1557       0.01250     16.74      2.00     7   6.5793
#        1558       0.01250     15.17      2.00     7   6.5805
#        1559       0.01182      4.66      2.00     7   6.5802
#        1560       0.01455     16.37      2.00     6   6.5808
#        1563       0.01802      4.98      2.00     6   6.5821
#        1564       0.02001      6.67      2.00     6   6.5820
#        1566       0.02731      4.32      2.00     6   6.5819
#        1570       0.02071     12.97      2.00     6   6.5841
#        1574       0.01676      4.79      2.00     6   6.5862
#        1575       0.01826      5.01      2.00     6   6.5860
#        1576       0.01675      5.44      2.00     6   6.5860
#        1577       0.01016      4.01      2.00     7   6.5863
#        1579       0.01661      4.30      2.00     6   6.5876
#        1581       0.03035      5.01      2.00     6   6.5886
#        1582       0.02206      8.64      2.00     7   6.5882
#        1584       0.01045     13.16      2.00     7   6.5888
#        1585       0.02733      4.45      2.00     6   6.5893
#        1586       0.02203      4.56      2.00     6   6.5894
#        1587       0.01036     11.65      2.00     7   6.5895
#        1588       0.01145      5.05      2.00     5   6.5903
#        1590       0.01181      5.46      2.00     5   6.5915
#        1596       0.00801     23.14      2.00     6   6.5935
#        1600       0.02440      8.11      2.00     7   6.5945
#        1601       0.01204      6.47      2.00     5   6.5948
#        1602       0.01627     14.13      2.00     6   6.5951
#        1604       0.00942      8.29      2.00     6   6.5967
#        1605       0.00708      4.91      2.00     5   6.5972
#        1608       0.00761      4.89      2.00     5   6.6004
#        1612       0.01697      5.28      2.00     6   6.6024
#        1613       0.01828      4.30      2.00     6   6.6024
#        1614       0.02689      7.46      2.00     5   6.6060
#        1615       0.00974      6.78      2.00     3   6.6072
#        1616       0.00739      4.85      2.00     5   6.6075
#        1617       0.04641     10.64      2.00     7   6.6090
#        1618       0.03071      8.73      2.00     7   6.6094
#        1619       0.02489      4.73      2.00     7   6.6093
#        1620       0.01394      5.06      2.00     5   6.6100
#        1621       0.01401      5.21      2.00     5   6.6100
#        1623       0.01028      4.11      2.00     4   6.6124
#        1625       0.02692      4.77      2.00     6   6.6123
#        1627       0.03424     22.14      2.00     7   6.6121
#        1630       0.03000      4.39      2.00     6   6.6150
#        1631       0.03209     12.04      2.00     5   6.6157
#        1635       0.00766      8.06      2.00     4   6.6169
#        1636       0.02200      5.23      2.00     6   6.6168
#        1637       0.02306     12.77      2.00     6   6.6171
#        1638       0.02072      5.93      2.00     6   6.6177
#        1640       0.01249     12.79      2.00     6   6.6179
#        1641       0.02182      4.81      2.00     6   6.6183
#        1642       0.02475      4.71      2.00     6   6.6183
#        1643       0.02290      6.86      2.00     6   6.6189
#        1646       0.02829     12.63      2.00     6   6.6223
#        1647       0.01736      5.66      2.00     6   6.6227
#        1648       0.00723      4.77      2.00     5   6.6233
#        1649       0.01781      6.74      2.00     6   6.6241
#        1652       0.02230      7.53      2.00     5   6.6277
#        1653       0.01828      6.89      2.00     6   6.6285
#        1656       0.01669      4.47      2.00     6   6.6302
#        1657       0.01638      7.15      2.00     5   6.6309
#        1661       0.01781      4.71      2.00     6   6.6336
#        1662       0.01257      5.92      2.00     5   6.6360
#        1664       0.01296     23.30      2.00     6   6.6368
#        1666       0.01659      4.04      2.00     6   6.6393
#        1669       0.01781      6.73      2.00     7   6.6422
#        1670       0.01961      4.35      2.00     7   6.6423
#        1672       0.00766      5.20      2.00     5   6.6446
#        1673       0.03771     28.34      2.00     7   6.6442
#        1675       0.02088     10.06      2.00     7   6.6451
#        1676       0.02262     20.03      2.00     7   6.6448
#        1677       0.01833      6.39      2.00     7   6.6450
#        1679       0.01713      7.48      2.00     7   6.6468
#        1684       0.01080      4.04      2.00     7   6.6488
#        1685       0.02634      6.94      2.00     5   6.6493
#        1686       0.01064     11.32      2.00     7   6.6492
#        1687       0.01746     17.74      2.00     7   6.6492
#        1688       0.01931      9.45      2.00     5   6.6501
#        1689       0.00705     13.00      1.00     6   6.6499
#        1692       0.01713      5.62      2.00     6   6.6528
#        1697       0.01909      4.43      2.00     6   6.6567
#        1698       0.01962      5.86      2.00     7   6.6566
#        1699       0.02858      7.18      2.00     7   6.6563
#        1700       0.02510     17.87      2.00     7   6.6567
#        1701       0.02266     29.41      2.00     7   6.6570
#        1702       0.02134      8.99      2.00     7   6.6569
#        1703       0.02436      4.39      2.00     7   6.6574
#        1704       0.03251     10.22      2.00     7   6.6582
#        1705       0.01925      8.37      2.00     7   6.6583
#        1706       0.01079      5.62      2.00     7   6.6583
#        1707       0.01990     10.23      2.00     7   6.6589
#        1708       0.02197     12.89      2.00     7   6.6595
#        1710       0.02859     10.07      2.00     7   6.6593
#        1711       0.02211     10.86      2.00     7   6.6593
#        1712       0.00777      5.11      2.00     5   6.6606
#        1713       0.02133     32.30      2.00     7   6.6620
#        1714       0.01699      4.22      2.00     6   6.6657
#        1715       0.02380      7.15      2.00     5   6.6667
#        1716       0.01513      7.55      2.00     6   6.6669
#        1717       0.01174      9.08      2.00     5   6.6675
#        1720       0.00781     10.06      4.00     5   6.6730
#        1721       0.01657      4.31      2.00     6   6.6753
#        1722       0.01516      4.58      2.00     6   6.6773
#        1724       0.01569     19.25      2.00     6   6.6781
#        1725       0.01086     62.67      2.00     6   6.6790
#        1726       0.00704      6.49      2.00     4   6.6794
#        1731       0.01313      4.06      2.00     5   6.6855
#        1735       0.02026     10.41      2.00     6   6.6856
#        1738       0.01816      5.31      2.00     6   6.6867
#        1739       0.01552      5.06      2.00     6   6.6870
#        1740       0.01542      6.63      2.00     6   6.6873
#        1743       0.01812      4.73      2.00     6   6.6876
#        1744       0.01980     17.73      2.00     6   6.6885
#        1746       0.00743      5.57      2.00     5   6.6889
#        1747       0.02121     12.53      2.00     6   6.6897
#        1748       0.01233     12.17      2.00     6   6.6904
#        1749       0.01652      4.09      2.00     6   6.6922
#        1750       0.01980      5.51      2.00     6   6.6942
#        1752       0.02170      4.68      2.00     6   6.6940
#        1753       0.02336      4.59      2.00     6   6.6940
#        1754       0.01023      4.05      2.00     7   6.6945
#        1755       0.01055     11.33      2.00     7   6.6952
#        1756       0.01735     17.80      2.00     7   6.6952
#        1757       0.00729      5.64      2.00     5   6.6957
#        1758       0.02301      4.02      2.00     6   6.6967
#        1759       0.04137     10.01      2.00     7   6.6973
#        1760       0.01844      4.24      2.00     6   6.6981
#        1761       0.02790      8.14      2.00     7   6.6981
#        1762       0.01702      5.23      2.00     6   6.7013
#        1763       0.01850      5.56      2.00     6   6.7014
#        1764       0.01543      6.67      2.00     6   6.7014
#        1765       0.00737      5.50      2.00     5   6.7016
#        1768       0.01544      6.03      2.00     6   6.7021
#        1770       0.02029      5.57      2.00     7   6.7057
#        1771       0.02124      8.61      2.00     7   6.7063
#        1772       0.02479     16.06      2.00     7   6.7061
#        1773       0.02756      6.58      2.00     7   6.7065
#        1774       0.02285     29.04      2.00     7   6.7065
#        1775       0.02074      8.61      2.00     6   6.7075
#        1776       0.01824      5.14      2.00     7   6.7077
#        1777       0.03885      9.19      2.00     7   6.7081
#        1779       0.00733      5.57      2.00     5   6.7086
#        1780       0.01984      9.90      2.00     7   6.7087
#        1781       0.02288     12.80      2.00     7   6.7085
#        1782       0.02917      9.49      2.00     7   6.7083
#        1783       0.01762      5.92      2.00     7   6.7083
#        1784       0.02284     10.31      2.00     7   6.7083
#        1787       0.01194      7.99      2.00     5   6.7095
#        1788       0.02000      6.18      2.00     7   6.7107
#        1790       0.02171     31.88      2.00     7   6.7105
#        1792       0.01720      8.47      2.00     7   6.7115
#        1793       0.03125     19.54      2.00     7   6.7118
#        1794       0.00674      4.81      2.00     3   6.7134
#        1796       0.01845     11.83      2.00     7   6.7136
#        1797       0.00877      8.53      2.00     4   6.7149
#        1798       0.01093      5.42      2.00     6   6.7171
#        1800       0.01149      4.82      2.00     5   6.7185
#        1801       0.01727      8.94      2.00     7   6.7185
#        1802       0.01621     33.01      2.00     7   6.7195
#        1803       0.01287     11.95      2.00     6   6.7196
#        1804       0.02784     11.52      2.00     7   6.7204
#        1805       0.01726      8.10      2.00     7   6.7205
#        1806       0.03024     13.84      2.00     7   6.7211
#        1807       0.01733      5.71      2.00     7   6.7213
#        1808       0.01813      8.07      2.00     7   6.7231
#        1809       0.01416      6.69      2.00     6   6.7236
#        1810       0.02608      7.04      2.00     5   6.7244
#        1812       0.01872      4.21      2.00     6   6.7254
#        1816       0.13115      7.01      2.00     7   6.7265
#        1817       0.05231      6.82      2.00     7   6.7269
#        1821       0.08069      9.58      2.00     7   6.7292
#        1822       0.01461      5.41      2.00     6   6.7301
#        1824       0.01496     13.93      2.00     6   6.7309
#        1825       0.03887      9.36      2.00     7   6.7322
#        1827       0.02024      5.14      2.00     6   6.7376
#        1828       0.02384      5.55      2.00     6   6.7379
#        1829       0.01266     13.00      2.00     6   6.7393
#        1830       0.01832     14.53      2.00     6   6.7396
#        1832       0.01087     15.71      2.00     5   6.7432
#        1834       0.05294      6.56      2.00     7   6.7440
#        1836       0.01001      4.89      2.00     7   6.7444
#        1837       0.16155      6.75      2.00     7   6.7444
#        1838       0.01063      8.59      2.00     5   6.7460
#        1841       0.01963     14.24      2.00     7   6.7470
#        1842       0.08612      9.68      2.00     7   6.7466
#        1843       0.02458      5.47      2.00     7   6.7474
#        1844       0.01058     12.17      2.00     7   6.7472
#        1845       0.01746     19.04      2.00     7   6.7472
#        1846       0.02992     22.28      2.00     7   6.7476
#        1847       0.02311     10.48      2.00     7   6.7476
#        1848       0.03861      9.48      2.00     7   6.7485
#        1849       0.02334      6.69      2.00     5   6.7488
#        1850       0.02602      6.40      2.00     6   6.7491
#        1851       0.02274      7.67      2.00     7   6.7487
#        1852       0.01197      9.69      2.00     5   6.7493
#        1853       0.02110      8.41      2.00     6   6.7494
#        1854       0.02640      6.33      2.00     7   6.7501
#        1855       0.01498      8.95      2.00     6   6.7512
#        1856       0.02596      7.92      2.00     7   6.7521
#        1857       0.02193     13.89      2.00     7   6.7521
#        1858       0.01660      5.51      2.00     7   6.7528
#        1859       0.02929      4.84      2.00     7   6.7534
#        1860       0.02337      6.47      2.00     7   6.7534
#        1861       0.02364     11.65      2.00     7   6.7532
#        1862       0.01975      6.85      2.00     7   6.7557
#        1863       0.01665      6.76      2.00     7   6.7558
#        1864       0.01823      6.20      2.00     7   6.7561
#        1865       0.02671      5.71      2.00     7   6.7563
#        1866       0.02550      8.21      2.00     7   6.7563
#        1867       0.01492      4.17      2.00     6   6.7574
#        1869       0.03774     12.47      2.00     6   6.7589
#        1870       0.02026     18.35      2.00     7   6.7587
#        1871       0.01125     51.68      2.00     7   6.7594
#        1873       0.02594     17.31      2.00     6   6.7615
#        1874       0.01773      7.73      2.00     7   6.7623
#        1875       0.03008     15.46      2.00     7   6.7661
#        1877       0.01783      9.67      2.00     7   6.7667
#        1879       0.01684      5.09      2.00     7   6.7671
#        1880       0.03768      8.15      2.00     7   6.7671
#        1881       0.01828      4.75      2.00     7   6.7675
#        1882       0.01582     52.46      2.00     7   6.7676
#        1883       0.01758      5.66      2.00     7   6.7673
#        1884       0.00612      7.61      2.00     4   6.7684
#        1885       0.01744      6.41      2.00     7   6.7682
#        1887       0.01110    165.00      2.00     7   6.7685
#        1888       0.02051      5.74      2.00     7   6.7693
#        1889       0.01673      6.78      2.00     7   6.7710
#        1890       0.01674      6.55      2.00     7   6.7710
#        1891       0.01958      8.58      2.00     7   6.7739
#        1892       0.02537      9.25      2.00     7   6.7739
#        1895       0.02237     15.25      2.00     7   6.7745
#        1896       0.01723      8.97      2.00     7   6.7748
#        1897       0.02369      6.66      2.00     7   6.7747
#        1898       0.02398     21.28      2.00     7   6.7751
#        1899       0.02222      4.93      2.00     7   6.7754
#        1901       0.02130      4.66      2.00     6   6.7760
#        1902       0.01818     10.87      2.00     7   6.7763
#        1903       0.02068     10.81      2.00     7   6.7760
#        1904       0.01559     10.61      2.00     7   6.7769
#        1905       0.02029      7.83      2.00     7   6.7765
#        1906       0.02368      7.44      2.00     7   6.7772
#        1907       0.01720      8.64      2.00     7   6.7778
#        1909       0.01843     28.62      2.00     7   6.7780
#        1910       0.01516      8.67      2.00     6   6.7798
#        1911       0.01275      4.24      2.00     5   6.7806
#        1912       0.01273      4.29      2.00     5   6.7806
#        1913       0.01652      5.95      2.00     6   6.7802
#        1914       0.02241      6.53      2.00     6   6.7811
#        1915       0.02603      7.04      2.00     7   6.7812
#        1916       0.02502      6.49      2.00     5   6.7821
#        1918       0.00669      6.29      2.00     4   6.7832
#        1919       0.02106      6.89      2.00     7   6.7836
#        1920       0.01749      8.93      2.00     7   6.7877
#        1921       0.02041      5.18      2.00     7   6.7891
#        1922       0.02293      6.16      2.00     7   6.7897
#        1923       0.04677     11.56      2.00     6   6.7909
#        1924       0.01560     10.48      2.00     7   6.7909
#        1925       0.02505     12.50      2.00     7   6.7912
#        1926       0.02918      5.47      2.00     7   6.7915
#        1927       0.02313     27.65      2.00     7   6.7918
#        1928       0.02068      7.49      2.00     7   6.7915
#        1929       0.01759     10.12      2.00     7   6.7916
#        1930       0.01039      5.92      2.00     4   6.7934
#        1931       0.02721     16.79      2.00     6   6.7931
#        1932       0.02031      9.59      2.00     7   6.7939
#        1933       0.02306     12.86      2.00     7   6.7940
#        1934       0.02759      8.35      2.00     7   6.7936
#        1935       0.02263      9.36      2.00     7   6.7936
#        1936       0.08950      6.04      2.00     7   6.7944
#        1937       0.04011      5.84      2.00     7   6.7941
#        1938       0.02120      8.86      2.00     6   6.7960
#        1940       0.02211     32.54      2.00     7   6.7961
#        1943       0.01042      9.15      2.00     6   6.7964
#        1945       0.03750      4.06      2.00     7   6.7966
#        1946       0.07317      9.90      2.00     7   6.7969
#        1947       0.01280     10.03      2.00     6   6.7972
#        1948       0.00816      6.56      2.00     6   6.7972
#        1949       0.01311     10.68      2.00     6   6.7978
#        1950       0.01454      7.29      2.00     6   6.7981
#        1951       0.00798     11.34      2.00     6   6.7991
#        1952       0.01178     17.93      2.00     6   6.7991
#        1953       0.03617      9.70      2.00     7   6.7990
#        1954       0.02505      4.14      2.00     6   6.8007
#        1956       0.00606      7.18      2.00     4   6.8029
#        1957       0.01875      4.93      2.00     6   6.8053
#        1958       0.02243      4.40      2.00     6   6.8054
#        1959       0.02533      4.32      2.00     6   6.8054
#        1960       0.01215     11.45      2.00     6   6.8065
#        1961       0.01392      6.72      2.00     6   6.8063
#        1962       0.01901      9.78      2.00     7   6.8064
#        1964       0.01166     45.45      2.00     7   6.8072
#        1965       0.01391      8.58      2.00     6   6.8083
#        1966       0.01831      5.28      2.00     7   6.8090
#        1967       0.01237      7.31      2.00     6   6.8103
#        1968       0.01580     29.31      2.00     7   6.8100
#        1969       0.01723      6.04      2.00     6   6.8110
#        1970       0.01723      4.70      2.00     6   6.8124
#        1971       0.03474      7.32      2.00     7   6.8125
#        1972       0.01785      4.65      2.00     7   6.8128
#        1973       0.01766      5.70      2.00     7   6.8128
#        1974       0.02854     11.23      2.00     5   6.8149
#        1976       0.02374      5.13      2.00     7   6.8147
#        1977       0.02041      5.92      2.00     7   6.8150
#        1978       0.01920     13.57      2.00     7   6.8151
#        1979       0.02920     20.93      2.00     7   6.8149
#        1980       0.02292     10.54      2.00     7   6.8149
#        1982       0.02276      7.18      2.00     7   6.8164
#        1983       0.02683      6.13      2.00     7   6.8169
#        1984       0.06575      9.76      2.00     7   6.8173
#        1985       0.04250      9.86      2.00     7   6.8179
#        1986       0.01983      7.51      2.00     5   6.8200
#        1988       0.02335      5.66      2.00     6   6.8208
#        1989       0.00662      4.54      2.00     5   6.8216
#        1990       0.05214      9.43      2.00     7   6.8223
#        1991       0.02460      7.24      2.00     7   6.8223
#        1992       0.02112     13.17      2.00     7   6.8223
#        1993       0.02071      9.37      1.00     6   6.8226
#        1994       0.03738      9.13      2.00     7   6.8229
#        1995       0.02696      4.49      2.00     7   6.8232
#        1996       0.02214      5.99      2.00     7   6.8232
#        1997       0.02336     10.12      2.00     7   6.8230
#        1998       0.01692      4.88      2.00     7   6.8234
#        1999       0.01808      5.60      2.00     7   6.8237
#        2000       0.02062      8.33      2.00     6   6.8240
#        2001       0.02579      5.53      2.00     7   6.8239
#        2002       0.02428      7.77      2.00     7   6.8239
#        2003       0.01933      6.33      2.00     7   6.8241
#        2004       0.01852      8.56      2.00     7   6.8245
#        2005       0.01686      6.18      2.00     7   6.8253
#        2007       0.02064     17.29      2.00     7   6.8260
#        2008       0.01726      8.61      2.00     7   6.8287
#        2009       0.02904     14.92      2.00     6   6.8296
#        2010       0.01803      9.37      2.00     7   6.8296
#        2013       0.00974      8.85      2.00     5   6.8321
#        2014       0.01786      7.20      2.00     7   6.8317
#        2018       0.01084     23.14      2.00     6   6.8355
#        2019       0.01710      4.53      2.00     7   6.8366
#        2020       0.01059     10.99      2.00     6   6.8372
#        2024       0.01687      6.84      2.00     6   6.8388
#        2025       0.02116     20.54      2.00     6   6.8388
#        2026       0.02291      5.25      2.00     7   6.8387
#        2027       0.02950      7.74      2.00     7   6.8387
#        2028       0.01790      6.23      2.00     6   6.8398
#        2030       0.01696      6.20      2.00     7   6.8404
#        2031       0.01696      6.09      2.00     7   6.8407
#        2032       0.00712      4.41      2.00     5   6.8413
#        2033       0.00711      4.47      2.00     5   6.8413
#        2035       0.02185     19.80      2.00     7   6.8413
#        2036       0.03908      9.52      2.00     7   6.8417
#        2037       0.04963      7.70      2.00     7   6.8420
#        2038       0.01825      5.75      2.00     7   6.8422
#        2039       0.03193      7.54      2.00     7   6.8423
#        2040       0.01569      7.42      2.00     7   6.8424
#        2041       0.01565      4.84      2.00     7   6.8424
#        2042       0.02768      7.52      2.00     7   6.8444
#        2043       0.02691      4.50      2.00     7   6.8449
#        2044       0.01739      8.75      2.00     7   6.8451
#        2046       0.04767      7.41      2.00     7   6.8464
#        2047       0.03087      7.29      2.00     7   6.8467
#        2048       0.01943     13.54      2.00     7   6.8472
#        2051       0.01874      4.73      2.00     7   6.8474
#        2052       0.03023     20.55      2.00     7   6.8478
#        2053       0.01784      4.45      2.00     7   6.8476
#        2055       0.02223      5.85      2.00     7   6.8480
#        2058       0.02266      4.51      2.00     7   6.8493
#        2059       0.02363     14.54      2.00     6   6.8496
#        2060       0.01712      5.81      2.00     7   6.8502
#        2062       0.01190      4.48      2.00     6   6.8507
#        2063       0.02900      9.75      2.00     6   6.8526
#        2064       0.07886      9.77      2.00     7   6.8530
#        2065       0.03737      9.88      2.00     7   6.8529
#        2067       0.02585     16.66      2.00     6   6.8551
#        2068       0.02595     11.61      2.00     6   6.8554
#        2069       0.01236      7.82      2.00     6   6.8554
#        2070       0.01655      9.82      2.00     7   6.8554
#        2071       0.01650      7.98      2.00     7   6.8554
#        2072       0.01272      9.35      2.00     6   6.8556
#        2073       0.00848      6.24      2.00     6   6.8556
#        2074       0.01531      7.30      2.00     7   6.8575
#        2075       0.00580     12.27      2.00     5   6.8579
#        2076       0.01239      9.79      2.00     6   6.8583
#        2077       0.01883     16.07      2.00     6   6.8583
#        2078       0.01618      7.96      2.00     7   6.8595
#        2079       0.01614      5.64      2.00     7   6.8595
#        2080       0.05541      9.36      2.00     7   6.8602
#        2081       0.03751      9.07      2.00     7   6.8600
#        2082       0.01844      7.53      2.00     7   6.8603
#        2083       0.02236      5.06      2.00     7   6.8603
#        2084       0.01785     10.96      2.00     7   6.8608
#        2086       0.02378      4.90      2.00     7   6.8605
#        2088       0.02021      4.99      2.00     7   6.8609
#        2090       0.01178     41.27      2.00     7   6.8615
#        2091       0.01888      9.15      2.00     7   6.8629
#        2092       0.02673      6.79      2.00     7   6.8634
#        2093       0.01627      5.34      2.00     6   6.8636
#        2094       0.01622      8.16      2.00     7   6.8645
#        2095       0.02099      4.26      2.00     6   6.8652
#        2096       0.01887      6.63      2.00     7   6.8647
#        2097       0.01574      4.02      2.00     7   6.8664
#        2098       0.01572      5.21      2.00     7   6.8659
#        2100       0.01847      8.48      2.00     7   6.8665
#        2101       0.00618      4.69      2.00     5   6.8676
#        2102       0.01806      4.08      2.00     7   6.8706
#        2103       0.01436      5.32      2.00     5   6.8712
#        2104       0.02954     13.88      2.00     6   6.8723
#        2105       0.01609      4.30      2.00     7   6.8728
#        2107       0.03201      7.31      2.00     7   6.8735
#        2109       0.02843     16.29      2.00     7   6.8740
#        2110       0.02045      5.84      2.00     7   6.8754
#        2111       0.02216     19.94      2.00     7   6.8758
#        2112       0.01776     12.69      2.00     7   6.8758
#        2113       0.02319      4.89      2.00     7   6.8763
#        2115       0.02059      5.05      2.00     7   6.8771
#        2116       0.02248      5.12      2.00     7   6.8773
#        2117       0.02093      5.42      2.00     7   6.8782
#        2119       0.02092      5.36      2.00     7   6.8782
#        2121       0.02877      6.65      2.00     7   6.8791
#        2123       0.02608      6.96      2.00     7   6.8803
#        2124       0.01520      6.89      2.00     6   6.8809
#        2125       0.00740      7.51      2.00     5   6.8810
#        2127       0.02690      6.55      2.00     5   6.8833
#  1591/2000 paths used
#  -----------------------------------------------------------------------
#       k          chi          mag           phase @#
     0.0000    6.308854E+00  6.551020E+00  1.298047E+00
     0.0500    6.236354E+00  6.409323E+00  1.337947E+00
     0.1000    6.152660E+00  6.268766E+00  1.378033E+00
     0.1500    5.862397E+00  5.878579E+00  1.496581E+00
     0.2000    5.492265E+00  5.498091E+00  1.616833E+00
     0.2500    4.815463E+00  4.958898E+00  1.811899E+00
     0.3000    4.018339E+00  4.443356E+00  2.011744E+00
     0.3500    2.950237E+00  3.889805E+00  2.280655E+00
     0.4000    1.857845E+00  3.372151E+00  2.558105E+00
     0.4500    7.302992E-01  2.918699E+00  2.888691E+00
     0.5000   -2.137439E-01  2.499232E+00  3.227221E+00
     0.5500   -9.549925E-01  2.186181E+00  3.593666E+00
     0.6000   -1.375836E+00  1.886087E+00  3.959134E+00
     0.6500   -1.554583E+00  1.683485E+00  4.318522E+00
     0.7000   -1.465838E+00  1.467520E+00  4.664515E+00
     0.7500   -1.271752E+00  1.319618E+00  4.982553E+00
     0.8000   -9.697107E-01  1.149080E+00  5.278671E+00
     0.8500   -6.926776E-01  1.028280E+00  5.544079E+00
     0.9000   -4.291531E-01  8.923453E-01  5.781473E+00
     0.9500   -2.241844E-01  7.936071E-01  5.996799E+00
     1.0000   -7.077284E-02  6.916298E-01  6.180678E+00
     1.0500    4.711668E-02  6.203245E-01  6.359213E+00
     1.1000    1.248962E-01  5.513923E-01  6.511679E+00
     1.1500    1.881340E-01  4.968079E-01  6.671561E+00
     1.2000    2.243733E-01  4.456451E-01  6.810807E+00
     1.2500    2.492570E-01  3.993414E-01  6.957254E+00
     1.3000    2.556009E-01  3.568546E-01  7.081614E+00
     1.3500    2.518855E-01  3.168058E-01  7.202322E+00
     1.4000    2.408513E-01  2.834278E-01  7.298753E+00
     1.4500    2.280421E-01  2.560243E-01  7.382079E+00
     1.5000    2.174241E-01  2.359404E-01  7.455166E+00
     1.5500    2.120035E-01  2.231430E-01  7.536675E+00
     1.6000    2.088455E-01  2.141209E-01  7.631543E+00
     1.6500    2.050402E-01  2.059125E-01  7.761902E+00
     1.7000    1.954783E-01  1.957690E-01  7.908480E+00
     1.7500    1.762734E-01  1.810089E-01  8.083227E+00
     1.8000    1.480806E-01  1.607373E-01  8.253473E+00
     1.8500    1.141106E-01  1.354709E-01  8.423194E+00
     1.9000    8.565433E-02  1.105999E-01  8.538929E+00
     1.9500    6.444698E-02  7.974951E-02  8.483829E+00
     2.0000    5.523579E-02  7.036258E-02  8.522055E+00
     2.0500    5.086645E-02  6.109267E-02  8.440972E+00
     2.1000    5.511493E-02  6.205674E-02  8.331501E+00
     2.1500    6.084113E-02  6.842413E-02  8.329236E+00
     2.2000    6.158312E-02  7.251383E-02  8.410195E+00
     2.2500    5.265247E-02  6.755133E-02  8.531000E+00
     2.3000    4.623801E-02  6.244558E-02  8.591034E+00
     2.3500    4.486435E-02  6.002720E-02  8.580637E+00
     2.4000    4.905396E-02  6.317081E-02  8.535640E+00
     2.4500    5.181266E-02  6.713351E-02  8.543134E+00
     2.5000    5.582397E-02  7.517139E-02  8.587800E+00
     2.5500    5.806978E-02  8.599256E-02  8.683422E+00
     2.6000    5.552459E-02  9.798985E-02  8.822360E+00
     2.6500    4.501802E-02  1.061705E-01  8.986903E+00
     2.7000    2.899143E-02  1.143243E-01  9.168389E+00
     2.7500    7.583698E-03  1.220210E-01  9.362587E+00
     2.8000   -1.809413E-02  1.289440E-01  9.565568E+00
     2.8500   -4.416034E-02  1.319345E-01  9.766080E+00
     2.9000   -6.953369E-02  1.341082E-01  9.969861E+00
     2.9500   -9.238048E-02  1.354619E-01  1.017523E+01
     3.0000   -1.111283E-01  1.360418E-01  1.038074E+01
     3.0500   -1.233241E-01  1.348277E-01  1.057949E+01
     3.1000   -1.301135E-01  1.332685E-01  1.077755E+01
     3.1500   -1.313910E-01  1.314196E-01  1.097471E+01
     3.2000   -1.273473E-01  1.293281E-01  1.117082E+01
     3.2500   -1.183614E-01  1.267982E-01  1.136242E+01
     3.3000   -1.054231E-01  1.243410E-01  1.155444E+01
     3.3500   -8.893317E-02  1.217702E-01  1.174756E+01
     3.4000   -6.962288E-02  1.189103E-01  1.194086E+01
     3.4500   -4.876239E-02  1.158880E-01  1.213207E+01
     3.5000   -2.718041E-02  1.127129E-01  1.232282E+01
     3.5500   -5.883756E-03  1.093702E-01  1.251255E+01
     3.6000    1.415450E-02  1.058710E-01  1.270047E+01
     3.6500    3.186683E-02  1.022485E-01  1.288331E+01
     3.7000    4.693569E-02  9.860216E-02  1.306248E+01
     3.7500    5.909128E-02  9.504709E-02  1.323729E+01
     3.8000    6.835965E-02  9.171579E-02  1.340742E+01
     3.8500    7.502384E-02  8.891180E-02  1.357070E+01
     3.9000    7.949030E-02  8.655877E-02  1.373023E+01
     3.9500    8.211314E-02  8.473974E-02  1.388754E+01
     4.0000    8.312689E-02  8.348386E-02  1.404466E+01
     4.0500    8.271688E-02  8.288957E-02  1.420173E+01
     4.1000    8.067273E-02  8.276185E-02  1.436233E+01
     4.1500    7.672225E-02  8.298350E-02  1.452811E+01
     4.2000    7.053712E-02  8.340703E-02  1.470009E+01
     4.2500    6.207393E-02  8.405083E-02  1.487708E+01
     4.3000    5.107224E-02  8.463724E-02  1.506017E+01
     4.3500    3.768622E-02  8.504218E-02  1.524886E+01
     4.4000    2.235747E-02  8.516385E-02  1.544233E+01
     4.4500    5.866623E-03  8.511542E-02  1.563898E+01
     4.5000   -1.101064E-02  8.468609E-02  1.583835E+01
     4.5500   -2.728660E-02  8.386093E-02  1.603938E+01
     4.6000   -4.200466E-02  8.264937E-02  1.624109E+01
     4.6500   -5.446963E-02  8.122554E-02  1.644298E+01
     4.7000   -6.401004E-02  7.949582E-02  1.664398E+01
     4.7500   -7.026706E-02  7.750471E-02  1.684316E+01
     4.8000   -7.318304E-02  7.532476E-02  1.703972E+01
     4.8500   -7.302117E-02  7.309170E-02  1.723483E+01
     4.9000   -7.002741E-02  7.080560E-02  1.742716E+01
     4.9500   -6.464365E-02  6.851837E-02  1.761667E+01
     5.0000   -5.735581E-02  6.627064E-02  1.780345E+01
     5.0500   -4.864198E-02  6.413834E-02  1.798871E+01
     5.1000   -3.894658E-02  6.210096E-02  1.817167E+01
     5.1500   -2.868385E-02  6.017115E-02  1.835265E+01
     5.2000   -1.822043E-02  5.835406E-02  1.853201E+01
     5.2500   -7.794617E-03  5.671441E-02  1.871168E+01
     5.3000    2.258753E-03  5.518800E-02  1.889050E+01
     5.3500    1.169071E-02  5.376883E-02  1.906873E+01
     5.4000    2.028538E-02  5.245098E-02  1.924666E+01
     5.4500    2.798105E-02  5.128268E-02  1.942669E+01
     5.5000    3.449103E-02  5.019347E-02  1.960713E+01
     5.5500    3.967255E-02  4.917390E-02  1.978824E+01
     5.6000    4.341218E-02  4.821354E-02  1.997028E+01
     5.6500    4.569521E-02  4.734573E-02  2.015553E+01
     5.7000    4.635852E-02  4.650068E-02  2.034214E+01
     5.7500    4.538844E-02  4.566374E-02  2.053022E+01
     5.8000    4.282506E-02  4.481993E-02  2.071983E+01
     5.8500    3.879691E-02  4.401691E-02  2.091231E+01
     5.9000    3.342009E-02  4.317958E-02  2.110605E+01
     5.9500    2.693450E-02  4.229986E-02  2.130087E+01
     6.0000    1.963772E-02  4.137262E-02  2.149658E+01
     6.0500    1.187188E-02  4.057826E-02  2.169424E+01
     6.1000    3.924489E-03  3.974415E-02  2.189224E+01
     6.1500   -3.853325E-03  3.887375E-02  2.209044E+01
     6.2000   -1.113237E-02  3.797149E-02  2.228870E+01
     6.2500   -1.762230E-02  3.704186E-02  2.248695E+01
     6.3000   -2.308362E-02  3.608865E-02  2.268517E+01
     6.3500   -2.733495E-02  3.511437E-02  2.288335E+01
     6.4000   -3.025693E-02  3.412004E-02  2.308148E+01
     6.4500   -3.179396E-02  3.310536E-02  2.327954E+01
     6.5000   -3.195484E-02  3.206922E-02  2.347746E+01
     6.5500   -3.108160E-02  3.129212E-02  2.367801E+01
     6.6000   -2.896754E-02  3.048011E-02  2.387830E+01
     6.6500   -2.577469E-02  2.963356E-02  2.407798E+01
     6.7000   -2.171987E-02  2.875645E-02  2.427662E+01
     6.7500   -1.705703E-02  2.785671E-02  2.447376E+01
     6.8000   -1.205405E-02  2.694595E-02  2.466895E+01
     6.8500   -6.968130E-03  2.603882E-02  2.486183E+01
     6.9000   -2.024014E-03  2.515170E-02  2.505218E+01
     6.9500    2.600499E-03  2.430112E-02  2.523996E+01
     7.0000    6.779394E-03  2.350184E-02  2.542536E+01
     7.0500    1.054711E-02  2.287360E-02  2.561198E+01
     7.1000    1.374888E-02  2.230642E-02  2.579686E+01
     7.1500    1.635243E-02  2.180497E-02  2.598071E+01
     7.2000    1.833653E-02  2.136808E-02  2.616435E+01
     7.2500    1.968054E-02  2.098907E-02  2.634857E+01
     7.3000    2.036095E-02  2.065700E-02  2.653403E+01
     7.3500    2.035503E-02  2.035822E-02  2.672124E+01
     7.4000    1.965008E-02  2.007828E-02  2.691043E+01
     7.4500    1.825475E-02  1.980360E-02  2.710166E+01
     7.5000    1.620891E-02  1.952279E-02  2.729477E+01
     7.5500    1.360187E-02  1.925624E-02  2.748999E+01
     7.6000    1.053283E-02  1.897884E-02  2.768600E+01
     7.6500    7.137192E-03  1.868966E-02  2.788251E+01
     7.7000    3.564878E-03  1.838987E-02  2.807925E+01
     7.7500   -3.057996E-05  1.808217E-02  2.827603E+01
     7.8000   -3.502148E-03  1.777015E-02  2.847271E+01
     7.8500   -6.717013E-03  1.745755E-02  2.866928E+01
     7.9000   -9.561231E-03  1.714766E-02  2.886580E+01
     7.9500   -1.194155E-02  1.684276E-02  2.906242E+01
     8.0000   -1.378537E-02  1.654382E-02  2.925932E+01
     8.0500   -1.507788E-02  1.629063E-02  2.945683E+01
     8.1000   -1.575756E-02  1.604678E-02  2.965498E+01
     8.1500   -1.580920E-02  1.580982E-02  2.985402E+01
     8.2000   -1.523722E-02  1.557626E-02  3.005416E+01
     8.2500   -1.406792E-02  1.534199E-02  3.025555E+01
     8.3000   -1.235161E-02  1.510266E-02  3.045827E+01
     8.3500   -1.016386E-02  1.485401E-02  3.066235E+01
     8.4000   -7.604708E-03  1.459220E-02  3.086773E+01
     8.4500   -4.795455E-03  1.431398E-02  3.107430E+01
     8.5000   -1.872862E-03  1.401682E-02  3.128191E+01
     8.5500    1.038863E-03  1.378074E-02  3.149138E+01
     8.6000    3.810611E-03  1.352445E-02  3.170155E+01
     8.6500    6.307676E-03  1.324763E-02  3.191218E+01
     8.7000    8.413280E-03  1.295068E-02  3.212304E+01
     8.7500    1.003641E-02  1.263461E-02  3.233388E+01
     8.8000    1.111741E-02  1.230093E-02  3.254446E+01
     8.8500    1.163092E-02  1.195158E-02  3.275455E+01
     8.9000    1.158592E-02  1.158893E-02  3.296391E+01
     8.9500    1.102311E-02  1.121568E-02  3.317230E+01
     9.0000    1.000986E-02  1.083488E-02  3.337949E+01
     9.0500    8.689436E-03  1.053029E-02  3.358699E+01
     9.1000    7.078223E-03  1.022367E-02  3.379280E+01
     9.1500    5.275275E-03  9.919096E-03  3.399676E+01
     9.2000    3.377388E-03  9.620676E-03  3.419882E+01
     9.2500    1.472840E-03  9.332208E-03  3.439903E+01
     9.3000   -3.625390E-04  9.056909E-03  3.459756E+01
     9.3500   -2.066794E-03  8.797141E-03  3.479468E+01
     9.4000   -3.591140E-03  8.554210E-03  3.499075E+01
     9.4500   -4.897906E-03  8.328271E-03  3.518623E+01
     9.5000   -5.958099E-03  8.118351E-03  3.538157E+01
     9.5500   -6.797725E-03  7.970660E-03  3.557893E+01
     9.6000   -7.355736E-03  7.834720E-03  3.577683E+01
     9.6500   -7.618171E-03  7.707909E-03  3.597557E+01
     9.7000   -7.579064E-03  7.587444E-03  3.617532E+01
     9.7500   -7.242390E-03  7.470645E-03  3.637615E+01
     9.8000   -6.623772E-03  7.355150E-03  3.657805E+01
     9.8500   -5.751351E-03  7.239053E-03  3.678095E+01
     9.9000   -4.665416E-03  7.120968E-03  3.698471E+01
     9.9500   -3.416739E-03  7.000018E-03  3.718920E+01
    10.0000   -2.063803E-03  6.875771E-03  3.739426E+01
    10.0500   -6.672739E-04  6.777625E-03  3.760050E+01
    10.1000    7.206885E-04  6.676480E-03  3.780727E+01
    10.1500    2.038494E-03  6.572184E-03  3.801448E+01
    10.2000    3.228818E-03  6.464619E-03  3.822209E+01
    10.2500    4.241360E-03  6.353667E-03  3.843002E+01
    10.3000    5.035219E-03  6.239192E-03  3.863822E+01
    10.3500    5.580814E-03  6.121057E-03  3.884661E+01
    10.4000    5.861304E-03  5.999165E-03  3.905511E+01
    10.4500    5.873386E-03  5.873502E-03  3.926361E+01
    10.5000    5.627335E-03  5.744196E-03  3.947197E+01
    10.5500    5.146177E-03  5.611548E-03  3.968004E+01
    10.6000    4.463962E-03  5.476064E-03  3.988767E+01
    10.6500    3.623233E-03  5.338453E-03  4.009471E+01
    10.7000    2.671925E-03  5.199601E-03  4.030101E+01
    10.7500    1.660036E-03  5.060523E-03  4.050648E+01
    10.8000    6.364463E-04  4.922294E-03  4.071104E+01
    10.8500   -3.537601E-04  4.785974E-03  4.091469E+01
    10.9000   -1.271242E-03  4.652518E-03  4.111746E+01
    10.9500   -2.083527E-03  4.522706E-03  4.131947E+01
    11.0000   -2.765402E-03  4.397079E-03  4.152087E+01
    11.0500   -3.330807E-03  4.312468E-03  4.172326E+01
    11.1000   -3.741685E-03  4.232088E-03  4.192532E+01
    11.1500   -3.989193E-03  4.156006E-03  4.212722E+01
    11.2000   -4.070287E-03  4.084125E-03  4.232916E+01
    11.2500   -3.987366E-03  4.016183E-03  4.253137E+01
    11.3000   -3.747968E-03  3.951752E-03  4.273404E+01
    11.3500   -3.364564E-03  3.890240E-03  4.293740E+01
    11.4000   -2.854412E-03  3.830910E-03  4.314161E+01
    11.4500   -2.239424E-03  3.772899E-03  4.334683E+01
    11.5000   -1.545920E-03  3.715266E-03  4.355315E+01
    11.5500   -8.041016E-04  3.657043E-03  4.376061E+01
    11.6000   -4.712456E-05  3.597301E-03  4.396920E+01
    11.6500    6.903199E-04  3.535210E-03  4.417883E+01
    11.7000    1.373888E-03  3.470102E-03  4.438937E+01
    11.7500    1.971774E-03  3.401518E-03  4.460063E+01
    11.8000    2.456940E-03  3.329231E-03  4.481238E+01
    11.8500    2.809086E-03  3.253257E-03  4.502440E+01
    11.9000    3.016049E-03  3.173836E-03  4.523645E+01
    11.9500    3.074433E-03  3.091395E-03  4.544829E+01
    12.0000    2.989417E-03  3.006500E-03  4.565974E+01
    12.0500    2.804519E-03  2.956842E-03  4.587547E+01
    12.1000    2.494794E-03  2.904715E-03  4.609082E+01
    12.1500    2.080901E-03  2.850583E-03  4.630558E+01
    12.2000    1.588075E-03  2.795035E-03  4.651960E+01
    12.2500    1.044097E-03  2.738739E-03  4.673276E+01
    12.3000    4.772895E-04  2.682388E-03  4.694500E+01
    12.3500   -8.521745E-05  2.626648E-03  4.715634E+01
    12.4000   -6.187826E-04  2.572095E-03  4.736685E+01
    12.4500   -1.102059E-03  2.519168E-03  4.757667E+01
    12.5000   -1.517369E-03  2.468140E-03  4.778600E+01
    12.5500   -1.850795E-03  2.419102E-03  4.799505E+01
    12.6000   -2.092148E-03  2.371973E-03  4.820404E+01
    12.6500   -2.234951E-03  2.326526E-03  4.841318E+01
    12.7000   -2.276509E-03  2.282429E-03  4.862264E+01
    12.7500   -2.218043E-03  2.239292E-03  4.883256E+01
    12.8000   -2.064807E-03  2.196713E-03  4.904299E+01
    12.8500   -1.826069E-03  2.154318E-03  4.925398E+01
    12.9000   -1.514874E-03  2.111786E-03  4.946550E+01
    12.9500   -1.147516E-03  2.068865E-03  4.967753E+01
    13.0000   -7.427534E-04  2.025370E-03  4.989000E+01
    13.0500   -3.256492E-04  1.993830E-03  5.010142E+01
    13.1000    9.366877E-05  1.961611E-03  5.031325E+01
    13.1500    4.956975E-04  1.928597E-03  5.052542E+01
    13.2000    8.621071E-04  1.894713E-03  5.073786E+01
    13.2500    1.176719E-03  1.859917E-03  5.095048E+01
    13.3000    1.426351E-03  1.824196E-03  5.116320E+01
    13.3500    1.601472E-03  1.787561E-03  5.137593E+01
    13.4000    1.696630E-03  1.750043E-03  5.158858E+01
    13.4500    1.710634E-03  1.711696E-03  5.180105E+01
    13.5000    1.646480E-03  1.672598E-03  5.201323E+01
    13.5500    1.511029E-03  1.632856E-03  5.222501E+01
    13.6000    1.314447E-03  1.592612E-03  5.243627E+01
    13.6500    1.069442E-03  1.552044E-03  5.264689E+01
    13.7000    7.903718E-04  1.511366E-03  5.285676E+01
    13.7500    4.922717E-04  1.470822E-03  5.306580E+01
    13.8000    1.899258E-04  1.430678E-03  5.327393E+01
    13.8500   -1.029475E-04  1.391199E-03  5.348114E+01
    13.9000   -3.743139E-04  1.352637E-03  5.368746E+01
    13.9500   -6.142121E-04  1.315209E-03  5.389298E+01
    14.0000   -8.149164E-04  1.279075E-03  5.409782E+01
    14.0500   -9.834509E-04  1.257981E-03  5.430457E+01
    14.1000   -1.105697E-03  1.238167E-03  5.451107E+01
    14.1500   -1.178512E-03  1.219613E-03  5.471752E+01
    14.2000   -1.200509E-03  1.202245E-03  5.492413E+01
    14.2500   -1.172038E-03  1.185935E-03  5.513111E+01
    14.3000   -1.095179E-03  1.170522E-03  5.533862E+01
    14.3500   -9.737524E-04  1.155818E-03  5.554680E+01
    14.4000   -8.132809E-04  1.141622E-03  5.575577E+01
    14.4500   -6.209037E-04  1.127724E-03  5.596561E+01
    14.5000   -4.051987E-04  1.113912E-03  5.617636E+01
    14.5500   -1.759094E-04  1.099977E-03  5.638806E+01
    14.6000    5.643346E-05  1.085720E-03  5.660067E+01
    14.6500    2.809896E-04  1.070953E-03  5.681415E+01
    14.7000    4.871712E-04  1.055515E-03  5.702841E+01
    14.7500    6.652582E-04  1.039272E-03  5.724332E+01
    14.8000    8.070171E-04  1.022131E-03  5.745873E+01
    14.8500    9.062605E-04  1.004048E-03  5.767446E+01
    14.9000    9.592753E-04  9.850303E-04  5.789029E+01
    14.9500    9.650567E-04  9.651440E-04  5.810602E+01
    15.0000    9.253055E-04  9.445057E-04  5.832144E+01
    15.0500    8.507706E-04  9.289624E-04  5.853269E+01
    15.1000    7.410380E-04  9.130273E-04  5.874333E+01
    15.1500    6.027721E-04  8.968884E-04  5.895326E+01
    15.2000    4.435749E-04  8.807380E-04  5.916245E+01
    15.2500    2.714711E-04  8.647565E-04  5.937093E+01
    15.3000    9.446504E-05  8.490975E-04  5.957878E+01
    15.3500   -7.980150E-05  8.338772E-04  5.978611E+01
    15.4000   -2.442878E-04  8.191679E-04  5.999308E+01
    15.4500   -3.927141E-04  8.049981E-04  6.019988E+01
    15.5000   -5.196753E-04  7.913563E-04  6.040668E+01
    15.5500   -6.207363E-04  7.781982E-04  6.061366E+01
    15.6000   -6.925236E-04  7.654537E-04  6.082099E+01
    15.6500   -7.328143E-04  7.530318E-04  6.102881E+01
    15.7000   -7.406145E-04  7.408243E-04  6.123726E+01
    15.7500   -7.162220E-04  7.287070E-04  6.144643E+01
    15.8000   -6.612648E-04  7.165422E-04  6.165642E+01
    15.8500   -5.787070E-04  7.041818E-04  6.186726E+01
    15.9000   -4.728062E-04  6.914754E-04  6.207894E+01
    15.9500   -3.489966E-04  6.782806E-04  6.229139E+01
    16.0000   -2.136712E-04  6.644763E-04  6.250447E+01
    16.0500   -7.665123E-05  6.527366E-04  6.271415E+01
    16.1000    5.885305E-05  6.403254E-04  6.292389E+01
    16.1500    1.863373E-04  6.272727E-04  6.313346E+01
    16.2000    2.999795E-04  6.136437E-04  6.334262E+01
    16.2500    3.950034E-04  5.995349E-04  6.355114E+01
    16.3000    4.679365E-04  5.850683E-04  6.375881E+01
    16.3500    5.167369E-04  5.703848E-04  6.396546E+01
    16.4000    5.407881E-04  5.556363E-04  6.417095E+01
    16.4500    5.407734E-04  5.409772E-04  6.437520E+01
    16.5000    5.184635E-04  5.265563E-04  6.457820E+01
    16.5500    4.764538E-04  5.125084E-04  6.477998E+01
    16.6000    4.178931E-04  4.989471E-04  6.498066E+01
    16.6500    3.462381E-04  4.859584E-04  6.518041E+01
    16.7000    2.650571E-04  4.735958E-04  6.537946E+01
    16.7500    1.778936E-04  4.618779E-04  6.557807E+01
    16.8000    8.818725E-05  4.507880E-04  6.577655E+01
    16.8500   -7.646041E-07  4.402764E-04  6.597518E+01
    16.9000   -8.582496E-05  4.302648E-04  6.617426E+01
    16.9500   -1.640394E-04  4.206529E-04  6.637404E+01
    17.0000   -2.326810E-04  4.113265E-04  6.657471E+01
    17.0500   -2.925772E-04  4.048797E-04  6.678104E+01
    17.1000   -3.385037E-04  3.984632E-04  6.698853E+01
    17.1500   -3.685891E-04  3.919640E-04  6.719715E+01
    17.2000   -3.816522E-04  3.852841E-04  6.740683E+01
    17.2500   -3.773315E-04  3.783446E-04  6.761744E+01
    17.3000   -3.561630E-04  3.710878E-04  6.782882E+01
    17.3500   -3.195867E-04  3.634782E-04  6.804076E+01
    17.4000   -2.698751E-04  3.555024E-04  6.825305E+01
    17.4500   -2.099849E-04  3.471683E-04  6.846546E+01
    17.5000   -1.433493E-04  3.385027E-04  6.867775E+01
    17.5500   -7.362995E-05  3.295491E-04  6.888971E+01
    17.6000   -4.458988E-06  3.203651E-04  6.910112E+01
    17.6500    6.080218E-05  3.110184E-04  6.931180E+01
    17.7000    1.192626E-04  3.015837E-04  6.952160E+01
    17.7500    1.686425E-04  2.921382E-04  6.973042E+01
    17.8000    2.073461E-04  2.827577E-04  6.993820E+01
    17.8500    2.344692E-04  2.735121E-04  7.014495E+01
    17.9000    2.497512E-04  2.644612E-04  7.035074E+01
    17.9500    2.534893E-04  2.556514E-04  7.055569E+01
    18.0000    2.464331E-04  2.471124E-04  7.076000E+01
    18.0500    2.329478E-04  2.421373E-04  7.096222E+01
    18.1000    2.107674E-04  2.374362E-04  7.116435E+01
    18.1500    1.810481E-04  2.329959E-04  7.136667E+01
    18.2000    1.451280E-04  2.287867E-04  7.156948E+01
    18.2500    1.045102E-04  2.247647E-04  7.177302E+01
    18.3000    6.085063E-05  2.208753E-04  7.197752E+01
    18.3500    1.593700E-05  2.170568E-04  7.218314E+01
    18.4000   -2.835072E-05  2.132450E-04  7.238997E+01
    18.4500   -7.010500E-05  2.093773E-04  7.259805E+01
    18.5000   -1.074811E-04  2.053964E-04  7.280733E+01
    18.5500   -1.388070E-04  2.012538E-04  7.301772E+01
    18.6000   -1.626997E-04  1.969120E-04  7.322906E+01
    18.6500   -1.781737E-04  1.923461E-04  7.344115E+01
    18.7000   -1.847238E-04  1.875447E-04  7.365377E+01
    18.7500   -1.823692E-04  1.825096E-04  7.386666E+01
    18.8000   -1.716506E-04  1.772552E-04  7.407957E+01
    18.8500   -1.535793E-04  1.718068E-04  7.429224E+01
    18.9000   -1.295441E-04  1.661989E-04  7.450443E+01
    18.9500   -1.011880E-04  1.604727E-04  7.471595E+01
    19.0000   -7.027232E-05  1.546731E-04  7.492661E+01
    19.0500   -3.926499E-05  1.506011E-04  7.513445E+01
    19.1000   -8.343822E-06  1.465128E-04  7.534124E+01
    19.1500    2.110676E-05  1.424499E-04  7.554694E+01
    19.2000    4.791066E-05  1.384501E-04  7.575158E+01
    19.2500    7.113140E-05  1.345453E-04  7.595527E+01
    19.3000    9.007765E-05  1.307587E-04  7.615817E+01
    19.3500    1.042898E-04  1.271041E-04  7.636052E+01
    19.4000    1.135166E-04  1.235845E-04  7.656258E+01
    19.4500    1.176911E-04  1.201927E-04  7.676464E+01
    19.5000    1.169115E-04  1.169118E-04  7.696698E+01
    19.5500    1.114312E-04  1.137169E-04  7.716986E+01
    19.6000    1.016557E-04  1.105778E-04  7.737348E+01
    19.6500    8.814352E-05  1.074615E-04  7.757800E+01
    19.7000    7.160195E-05  1.043347E-04  7.778347E+01
    19.7500    5.287371E-05  1.011671E-04  7.798988E+01
    19.8000    3.290746E-05  9.793304E-05  7.819713E+01
    19.8500    1.271153E-05  9.461354E-05  7.840506E+01
    19.9000   -6.706957E-06  9.119753E-05  7.861343E+01
    19.9500   -2.441120E-05  8.768228E-05  7.882195E+01
    20.0000   -3.960312E-05  8.407338E-05  7.903030E+01
