# # Once                                                         FEFF 10.0.0 
# # POT  SCF 100  9.0000   0, NO core-hole, FOLP (folp(0)= 1.150)
# # Abs   Z=30 Rmt= 1.379 Rnm= 1.523 K  shell
# #   RGRID 0.0100
# # Pot 1 Z= 6 Rmt= 0.897 Rnm= 1.122
# # Pot 2 Z= 6 Rmt= 0.923 Rnm= 1.165
# # Pot 3 Z= 1 Rmt= 0.551 Rnm= 0.959
# # Pot 4 Z=16 Rmt= 1.259 Rnm= 1.479
# # Gam_ch=1.897E+00 H-L exch Vi=-5.000E-01 Vr= 0.000E+00
# # Mu=-7.331E+00eV kf=1.973E+00 Vint=-1.290E+01eV Rs_int= 1.838
# # PATH  Rmax= 9.000,  Keep_limit= 0.00, Heap_limit 0.00  Pwcrit= 2.50%
#  S02=1.000  Temp=  10.00  Debye_temp= 315.00  Global_sig2= 0.00000
#  Energy zero shift, vr, vi    0.00000E+00   0.00000E+00
#  Curved wave amplitude ratio filter   4.000%
#     file         sig2 tot  cw amp ratio   deg  nlegs   reff  inp sig2
#           1       0.00299    100.00      1.00     2   2.3550
#           2       0.00302     99.68      1.00     2   2.3581
#           3       0.00315    196.70      2.00     2   2.3710
#           4       0.02799     14.92      1.00     2   3.0096
#           5       0.02277     14.01      1.00     2   3.0883
#           6       0.02696     13.73      1.00     2   3.1143
#           7       0.00655     43.07      1.00     2   3.2754
#           8       0.00603     42.36      1.00     2   3.2974
#           9       0.02852     11.88      1.00     2   3.3037
#          10       0.00618     40.94      1.00     2   3.3423
#          11       0.00649     37.77      1.00     2   3.4511
#          12       0.02480      9.08      1.00     2   3.6855
#          13       0.01389     19.70      2.00     3   3.6889
#          14       0.00427     50.19      2.00     3   3.7288
#          15       0.01141     17.45      2.00     3   3.7395
#          16       0.00414     49.93      2.00     3   3.7404
#          17       0.00431     48.68      2.00     3   3.7717
#          18       0.01326     17.35      2.00     3   3.7745
#          19       0.00450     48.15      2.00     3   3.8253
#          20       0.04174      8.20      1.00     2   3.8385
#          21       0.04028      8.18      1.00     2   3.8425
#          22       0.03271      7.98      1.00     2   3.8819
#          23       0.01633      9.63      2.00     3   3.8869
#          24       0.01423     13.67      2.00     3   3.9226
#          25       0.01476      9.43      2.00     3   3.9276
#          26       0.01622      9.28      2.00     3   3.9464
#          27       0.01348     13.20      2.00     3   4.0377
#          28       0.01699      8.78      2.00     3   4.0441
#          29       0.02547     12.09      1.00     4   4.1024
#          30       0.01775      6.92      1.00     2   4.1099
#          32       0.01088     23.62      1.00     2   4.1506
#          33       0.01188     23.19      1.00     2   4.1802
#          34       0.01960     11.26      1.00     4   4.1816
#          35       0.00447     18.99      1.00     4   4.1822
#          37       0.00454     18.40      1.00     4   4.1835
#          38       0.01594      6.57      1.00     2   4.1936
#          39       0.00469     13.45      1.00     4   4.1996
#          40       0.00459     16.95      1.00     4   4.2011
#          41       0.01001      4.23      2.00     4   4.2039
#          42       0.02363     11.10      1.00     4   4.2067
#          43       0.01465      8.24      2.00     3   4.2280
#          44       0.01297     24.36      2.00     3   4.2393
#          45       0.00933     22.33      1.00     2   4.2416
#          46       0.00432     11.66      2.00     3   4.2423
#          47       0.00427     11.52      2.00     3   4.2526
#          48       0.01917      4.73      2.00     3   4.2661
#          49       0.00466     12.08      2.00     3   4.2896
#          50       0.01075      5.58      2.00     4   4.2969
#          51       0.00461     11.88      2.00     3   4.3023
#          52       0.01523      6.15      1.00     2   4.3070
#          53       0.01208     23.85      2.00     3   4.3146
#          54       0.00437     12.98      2.00     3   4.3309
#          55       0.00430     13.16      2.00     3   4.3376
#          56       0.01171     23.97      1.00     4   4.3686
#          57       0.01116      5.20      1.00     4   4.3899
#          58       0.02512      9.57      1.00     4   4.3941
#          59       0.01199     22.47      2.00     3   4.4256
#          60       0.01285     10.08      2.00     3   4.4325
#          61       0.01129     24.15      1.00     4   4.4355
#          62       0.02051      4.58      2.00     3   4.4384
#          63       0.00613     24.55      2.00     3   4.4706
#          64       0.01273     10.85      2.00     3   4.4788
#          65       0.01809      6.23      2.00     4   4.4798
#          66       0.01088      9.03      2.00     4   4.4807
#          67       0.00623     22.54      2.00     3   4.5201
#          68       0.01905      4.30      2.00     3   4.5328
#          69       0.01284     12.52      2.00     3   4.5339
#          70       0.02212     10.56      2.00     3   4.5409
#          71       0.01138     22.91      1.00     4   4.5443
#          72       0.02213     10.83      2.00     3   4.5580
#          73       0.00958     19.86      2.00     4   4.5618
#          74       0.01751      9.09      2.00     4   4.5677
#          75       0.00950      5.74      2.00     4   4.5803
#          76       0.00964     21.93      2.00     4   4.5998
#          77       0.00632     20.22      2.00     3   4.6054
#          78       0.01720     10.81      2.00     3   4.6084
#          81       0.00639     17.73      1.00     2   4.6324
#          82       0.01882      4.41      2.00     3   4.6365
#          83       0.02401      5.18      2.00     3   4.6452
#          84       0.00579     19.13      2.00     3   4.6499
#          85       0.02168      5.87      2.00     4   4.6528
#          86       0.00975     25.14      2.00     4   4.6526
#          87       0.01685      8.75      2.00     4   4.6537
#          88       0.01178      8.27      2.00     3   4.6562
#          89       0.01866      4.22      2.00     3   4.6736
#          91       0.00618     18.45      2.00     3   4.6853
#          92       0.01040     17.84      2.00     4   4.6927
#          93       0.00598     12.43      1.00     4   4.7099
#          94       0.00575     18.88      2.00     3   4.7116
#          96       0.00603     12.35      1.00     4   4.7161
#          97       0.00577     51.37      2.00     3   4.7219
#          98       0.01170      7.54      2.00     3   4.7231
#          99       0.00487      4.61      2.00     4   4.7259
#         101       0.00469      6.44      2.00     4   4.7291
#         102       0.00468      6.14      2.00     4   4.7288
#         103       0.00626     12.03      1.00     4   4.7415
#         104       0.00499      4.48      2.00     4   4.7417
#         105       0.00631     12.02      1.00     4   4.7420
#         106       0.01015     18.37      2.00     4   4.7439
#         107       0.02736      9.60      2.00     2   4.7450
#         108       0.02039      5.51      2.00     4   4.7468
#         110       0.02884      4.77      1.00     2   4.7560
#         111       0.02848      4.76      1.00     2   4.7594
#         112       0.01429      7.08      1.00     4   4.7608
#         114       0.01422      4.81      1.00     4   4.7640
#         115       0.01771      6.80      1.00     4   4.7780
#         116       0.01974     13.52      2.00     5   4.7821
#         117       0.00657     12.84      1.00     4   4.7907
#         118       0.01010     19.72      2.00     4   4.7999
#         119       0.01768      7.94      2.00     4   4.8012
#         120       0.00641     53.81      1.00     4   4.8114
#         122       0.00957     39.13      2.00     5   4.8220
#         123       0.01604      6.25      2.00     5   4.8320
#         124       0.00989      7.08      2.00     5   4.8329
#         125       0.01254      6.39      2.00     3   4.8490
#         126       0.00973      5.51      2.00     3   4.8597
#         127       0.00648     10.56      1.00     4   4.8601
#         128       0.01235     10.39      2.00     4   4.8609
#         129       0.00947     41.28      2.00     5   4.8649
#         130       0.01910     12.98      2.00     5   4.8677
#         131       0.00506     27.42      2.00     3   4.8842
#         132       0.01233      9.43      2.00     4   4.8841
#         133       0.02071      4.94      2.00     4   4.8972
#         134       0.01237      9.87      2.00     4   4.8980
#         137       0.00949     44.28      2.00     5   4.9185
#         138       0.00538     12.18      2.00     4   4.9240
#         139       0.04370      6.79      1.00     4   4.9312
#         140       0.00922      8.78      2.00     3   4.9350
#         141       0.04406      6.78      1.00     4   4.9359
#         142       0.00861      5.15      2.00     3   4.9362
#         143       0.00570     10.31      2.00     4   4.9495
#         144       0.01216      8.62      2.00     4   4.9523
#         145       0.00697      8.23      1.00     4   4.9692
#         146       0.00506     11.86      2.00     4   4.9700
#         147       0.00695      5.01      2.00     3   4.9717
#         148       0.01178      9.08      2.00     4   4.9721
#         149       0.00466     46.34      2.00     4   4.9737
#         150       0.03415      6.64      1.00     4   4.9751
#         151       0.01517      4.79      2.00     5   4.9753
#         152       0.01486     10.40      2.00     4   4.9762
#         153       0.01980      4.24      1.00     2   4.9786
#         154       0.00525      9.11      2.00     4   4.9797
#         156       0.01814     11.27      2.00     3   4.9943
#         157       0.01954     10.83      2.00     3   5.0146
#         158       0.00956     15.58      2.00     5   5.0152
#         159       0.01975     11.64      2.00     5   5.0158
#         161       0.01979      4.15      1.00     2   5.0226
#         164       0.00963     17.99      2.00     4   5.0245
#         165       0.00509     10.37      2.00     4   5.0253
#         166       0.00977     23.97      2.00     5   5.0268
#         167       0.00970     18.36      2.00     5   5.0291
#         168       0.01516      4.95      2.00     5   5.0320
#         171       0.02286      7.27      2.00     3   5.0457
#         172       0.01656      9.66      2.00     3   5.0469
#         173       0.02240      7.21      2.00     3   5.0483
#         174       0.01438      9.32      2.00     4   5.0630
#         176       0.02406      7.02      2.00     3   5.0683
#         177       0.02345      6.79      2.00     3   5.0756
#         178       0.00527      9.44      2.00     4   5.0754
#         179       0.01300      7.67      2.00     4   5.0769
#         181       0.01576      6.98      2.00     3   5.0908
#         182       0.01748      6.80      2.00     3   5.1017
#         183       0.00702      9.00      1.00     4   5.1026
#         184       0.01487     14.85      2.00     3   5.1124
#         186       0.00674      9.00      1.00     4   5.1228
#         188       0.01576      5.26      2.00     5   5.1241
#         189       0.01937     12.37      2.00     5   5.1302
#         190       0.01618      6.47      2.00     3   5.1315
#         191       0.00541     13.06      1.00     4   5.1359
#         193       0.01526     14.87      2.00     3   5.1490
#         195       0.00776      4.99      2.00     3   5.1495
#         196       0.01230     11.46      2.00     4   5.1641
#         197       0.00486     37.57      2.00     4   5.1650
#         198       0.00697      8.81      1.00     4   5.1727
#         199       0.01450      6.55      2.00     5   5.1755
#         201       0.01632      5.71      2.00     3   5.1868
#         203       0.05236     11.98      1.00     6   5.1953
#         204       0.01273     14.64      2.00     5   5.2042
#         205       0.01494      8.17      2.00     3   5.2092
#         206       0.01538      7.99      2.00     4   5.2127
#         207       0.01435     15.04      2.00     3   5.2306
#         208       0.00882      4.99      2.00     3   5.2319
#         209       0.01412      4.55      2.00     3   5.2352
#         211       0.01767      9.89      2.00     6   5.2355
#         212       0.02175     12.27      2.00     3   5.2375
#         213       0.01816      7.36      1.00     4   5.2436
#         214       0.00549     24.32      2.00     5   5.2441
#         215       0.01290     14.44      1.00     4   5.2462
#         216       0.01246     26.53      2.00     5   5.2536
#         217       0.00511     84.86      2.00     5   5.2545
#         218       0.02299      6.00      2.00     4   5.2607
#         219       0.01479      7.77      2.00     3   5.2644
#         220       0.01904      6.84      1.00     4   5.2731
#         222       0.01345     14.81      1.00     4   5.2754
#         223       0.00969      7.64      1.00     6   5.2750
#         224       0.01001     17.48      1.00     6   5.2754
#         225       0.03930     11.16      1.00     6   5.2750
#         226       0.01537      5.63      2.00     6   5.2750
#         229       0.00945      6.65      1.00     6   5.2768
#         230       0.00707      8.84      1.00     4   5.2797
#         231       0.00569     21.68      2.00     5   5.2894
#         232       0.00913      7.60      1.00     6   5.2900
#         233       0.01248     13.16      2.00     5   5.2923
#         234       0.00993     22.64      1.00     6   5.2928
#         235       0.00927      7.19      1.00     6   5.2935
#         236       0.00991     19.19      1.00     6   5.2943
#         237       0.01242     10.11      2.00     4   5.2950
#         239       0.01813      9.94      2.00     6   5.2971
#         240       0.04783     11.02      1.00     6   5.2992
#         241       0.01580      8.91      2.00     3   5.3008
#         242       0.02021      5.80      2.00     4   5.3100
#         243       0.02478      4.50      2.00     3   5.3128
#         244       0.00750      4.98      2.00     3   5.3140
#         245       0.01262     10.48      2.00     4   5.3143
#         246       0.01278      9.57      2.00     5   5.3143
#         247       0.01668      7.14      2.00     5   5.3205
#         248       0.01161     15.39      2.00     4   5.3214
#         249       0.01173     12.52      2.00     4   5.3247
#         250       0.01265      9.80      2.00     5   5.3274
#         251       0.02716      5.99      2.00     3   5.3285
#         253       0.02427     10.61      1.00     4   5.3322
#         254       0.02284     21.31      2.00     5   5.3325
#         255       0.01518      5.49      1.00     4   5.3345
#         256       0.01274      9.15      2.00     4   5.3341
#         257       0.01291     15.93      1.00     4   5.3370
#         258       0.01144      9.33      2.00     4   5.3401
#         259       0.01144     16.12      2.00     4   5.3430
#         260       0.00576     19.42      2.00     5   5.3434
#         262       0.01117     10.43      2.00     5   5.3464
#         263       0.02232      5.71      2.00     4   5.3474
#         265       0.01307      9.78      2.00     4   5.3545
#         266       0.01246      8.44      2.00     4   5.3559
#         267       0.02265      5.54      2.00     3   5.3687
#         268       0.01463      7.30      2.00     3   5.3702
#         270       0.01560      4.62      2.00     4   5.3784
#         271       0.02902      7.80      2.00     4   5.3804
#         272       0.01187      5.11      2.00     4   5.3818
#         274       0.01131      5.18      2.00     5   5.3835
#         276       0.01393      4.15      2.00     6   5.3873
#         277       0.01155      8.35      2.00     4   5.3901
#         278       0.02067      5.23      2.00     5   5.3898
#         279       0.01891     10.13      2.00     6   5.3901
#         280       0.01156     15.70      2.00     4   5.3908
#         281       0.01648      5.97      2.00     4   5.3915
#         284       0.01617     13.97      2.00     4   5.3955
#         285       0.01597      5.78      2.00     4   5.4050
#         286       0.02209     20.83      2.00     5   5.4078
#         287       0.01319      8.55      2.00     4   5.4107
#         289       0.00983      7.31      2.00     5   5.4158
#         290       0.00484     39.71      2.00     5   5.4167
#         291       0.01524     10.42      2.00     3   5.4210
#         292       0.00485      6.96      2.00     5   5.4234
#         294       0.02550      5.33      2.00     4   5.4286
#         295       0.01145      7.59      2.00     5   5.4296
#         296       0.01267     13.12      2.00     4   5.4325
#         297       0.01158      7.92      2.00     3   5.4343
#         298       0.01146     10.49      2.00     4   5.4345
#         300       0.01468      4.72      1.00     4   5.4398
#         302       0.01370     11.76      2.00     5   5.4407
#         303       0.01555      4.49      2.00     4   5.4421
#         304       0.02334      6.88      2.00     4   5.4433
#         306       0.02559      5.41      2.00     4   5.4453
#         307       0.00503      7.49      2.00     5   5.4497
#         308       0.01653      5.23      2.00     4   5.4511
#         309       0.00499      6.36      2.00     5   5.4547
#         310       0.01130      4.84      2.00     5   5.4575
#         311       0.01521      5.93      1.00     4   5.4588
#         313       0.01482      8.58      1.00     4   5.4594
#         314       0.02025      9.65      2.00     6   5.4614
#         315       0.02389     24.35      1.00     6   5.4618
#         316       0.01241      9.79      2.00     4   5.4622
#         317       0.01195      4.77      2.00     4   5.4670
#         318       0.01881      5.12      2.00     5   5.4666
#         319       0.00771     11.85      2.00     5   5.4675
#         320       0.00673     11.95      2.00     3   5.4735
#         321       0.01166      6.59      2.00     4   5.4744
#         322       0.01164     15.66      2.00     4   5.4765
#         323       0.00634     11.82      2.00     3   5.4768
#         324       0.02234      4.89      1.00     6   5.4824
#         325       0.02804      4.64      2.00     4   5.4853
#         327       0.01263     12.66      2.00     4   5.4889
#         329       0.01131     10.12      2.00     4   5.4924
#         330       0.01152      7.13      2.00     5   5.4924
#         331       0.01301      6.21      2.00     4   5.4937
#         332       0.01673      4.80      2.00     4   5.4957
#         333       0.02012      4.77      2.00     5   5.4952
#         334       0.02081      5.57      2.00     4   5.4959
#         335       0.02362      5.32      2.00     4   5.4985
#         336       0.01717      4.35      2.00     4   5.4999
#         337       0.00658     10.45      2.00     3   5.5016
#         339       0.02119      4.09      2.00     4   5.5043
#         340       0.01464      4.37      1.00     4   5.5062
#         342       0.01164      9.45      2.00     5   5.5161
#         343       0.01347      5.76      2.00     4   5.5169
#         344       0.02231     19.62      2.00     5   5.5189
#         345       0.01146     12.43      2.00     4   5.5238
#         347       0.01288      8.65      2.00     4   5.5251
#         348       0.01868      8.73      2.00     5   5.5257
#         350       0.02306     24.51      1.00     6   5.5287
#         351       0.01181     13.35      2.00     4   5.5290
#         353       0.01206      4.84      2.00     5   5.5469
#         354       0.01342     25.25      2.00     5   5.5517
#         355       0.01155     10.75      2.00     3   5.5550
#         356       0.00783     18.80      2.00     5   5.5560
#         357       0.01735      4.14      2.00     4   5.5575
#         358       0.01587      4.74      2.00     4   5.5611
#         359       0.01258     15.92      2.00     5   5.5637
#         361       0.01155     24.71      2.00     5   5.5638
#         362       0.00992      9.07      2.00     5   5.5649
#         363       0.00781     19.01      2.00     5   5.5658
#         364       0.01064     28.94      2.00     5   5.5663
#         365       0.02844      4.72      2.00     3   5.5672
#         366       0.01620      4.31      2.00     4   5.5688
#         367       0.01820      9.34      2.00     5   5.5720
#         368       0.02413      6.56      2.00     6   5.5723
#         369       0.01715      8.91      2.00     6   5.5732
#         370       0.05513      6.57      2.00     6   5.5731
#         371       0.00670      9.47      2.00     3   5.5743
#         373       0.01141      9.64      2.00     4   5.5800
#         374       0.01227      6.59      2.00     5   5.5870
#         376       0.01092     10.14      2.00     4   5.5923
#         377       0.01082     17.84      2.00     4   5.5934
#         378       0.01272     12.22      2.00     4   5.5944
#         382       0.01219      7.90      2.00     4   5.6008
#         383       0.00818     18.84      2.00     5   5.6020
#         384       0.01153      8.86      2.00     5   5.6049
#         385       0.02055      4.49      2.00     4   5.6104
#         386       0.01109      8.85      2.00     4   5.6118
#         387       0.01148      6.42      2.00     5   5.6135
#         388       0.01164     24.45      2.00     5   5.6133
#         389       0.01243     14.30      2.00     5   5.6131
#         390       0.01182      8.38      2.00     5   5.6151
#         391       0.01083     28.50      2.00     5   5.6153
#         392       0.01495      4.05      1.00     4   5.6161
#         394       0.01143     18.58      2.00     5   5.6185
#         395       0.00537     14.94      2.00     4   5.6246
#         396       0.01157      4.73      2.00     5   5.6253
#         397       0.00545     14.71      2.00     4   5.6264
#         398       0.01760     10.58      2.00     5   5.6271
#         399       0.01122     12.65      2.00     5   5.6280
#         400       0.01012      7.44      2.00     4   5.6303
#         401       0.03028      6.03      2.00     5   5.6339
#         403       0.02244      8.34      2.00     5   5.6365
#         405       0.02326     23.24      1.00     6   5.6375
#         407       0.01176     14.27      2.00     4   5.6446
#         408       0.00762     11.81      2.00     4   5.6461
#         410       0.03054      5.82      2.00     5   5.6510
#         411       0.00685     11.64      2.00     4   5.6524
#         412       0.02220      8.46      2.00     5   5.6532
#         413       0.01129      8.61      2.00     4   5.6542
#         415       0.01440     19.51      2.00     5   5.6544
#         416       0.00839     20.51      2.00     5   5.6539
#         417       0.01983     19.87      2.00     6   5.6550
#         418       0.00916      7.35      2.00     4   5.6555
#         420       0.01204     17.38      2.00     6   5.6576
#         421       0.02922      5.57      2.00     4   5.6587
#         424       0.01161     10.12      2.00     5   5.6601
#         425       0.08650      8.92      2.00     6   5.6605
#         426       0.02089      9.01      2.00     6   5.6609
#         427       0.01341      6.55      2.00     4   5.6626
#         428       0.01111     16.17      2.00     5   5.6631
#         429       0.00870     14.14      1.00     4   5.6658
#         431       0.01978      5.74      2.00     6   5.6727
#         432       0.01187     13.79      2.00     5   5.6737
#         434       0.01185      7.41      2.00     5   5.6741
#         436       0.01080     13.43      2.00     5   5.6814
#         437       0.01144     18.72      2.00     5   5.6818
#         438       0.01129     25.53      2.00     5   5.6829
#         439       0.01042      6.02      2.00     4   5.6846
#         440       0.01158      4.41      2.00     5   5.6846
#         441       0.02239      4.12      2.00     5   5.6843
#         443       0.01146      8.84      2.00     4   5.6860
#         444       0.01927     21.79      2.00     6   5.6930
#         445       0.01346      6.43      2.00     4   5.6938
#         448       0.01503     23.39      2.00     6   5.6966
#         449       0.00606     12.80      1.00     6   5.6975
#         450       0.00648     37.66      1.00     6   5.6975
#         451       0.00858     13.30      1.00     4   5.6979
#         452       0.01259     11.15      2.00     5   5.6983
#         453       0.01177     23.34      2.00     5   5.6986
#         454       0.01859      4.50      2.00     5   5.6985
#         455       0.01120      9.05      2.00     4   5.7006
#         456       0.01103     29.06      2.00     5   5.7007
#         458       0.02308      5.19      2.00     5   5.7012
#         459       0.00561     11.07      2.00     4   5.7032
#         460       0.02071      8.67      2.00     5   5.7037
#         461       0.01224      6.99      2.00     4   5.7122
#         463       0.00982      7.10      2.00     4   5.7131
#         465       0.00729      9.67      2.00     4   5.7133
#         466       0.01196      8.65      2.00     5   5.7139
#         468       0.01077      6.08      2.00     4   5.7158
#         469       0.00617     12.39      1.00     6   5.7177
#         470       0.00611     12.24      1.00     6   5.7188
#         471       0.01199      6.67      2.00     5   5.7196
#         472       0.01405     18.30      2.00     5   5.7217
#         473       0.01211     16.58      2.00     6   5.7217
#         476       0.01753      8.79      2.00     5   5.7246
#         478       0.01429      4.52      1.00     4   5.7257
#         479       0.01018      9.22      1.00     4   5.7275
#         480       0.01817      8.42      2.00     5   5.7279
#         482       0.02333      7.95      2.00     5   5.7297
#         483       0.01137      8.79      2.00     5   5.7300
#         484       0.01104     15.21      2.00     5   5.7307
#         486       0.01743      4.26      2.00     5   5.7333
#         487       0.01175      4.19      2.00     5   5.7355
#         488       0.01382      4.27      2.00     4   5.7368
#         490       0.01209      9.42      2.00     5   5.7430
#         491       0.01036      6.86      2.00     4   5.7434
#         494       0.00590     11.56      2.00     4   5.7440
#         495       0.01309      6.47      2.00     4   5.7445
#         497       0.01072     17.89      2.00     5   5.7456
#         498       0.01718      4.41      2.00     5   5.7455
#         499       0.01855     24.55      2.00     6   5.7458
#         500       0.03259      6.13      2.00     6   5.7460
#         501       0.06771      6.13      2.00     6   5.7456
#         502       0.07203      8.57      2.00     6   5.7461
#         503       0.01393      5.26      2.00     5   5.7471
#         504       0.02103      8.67      2.00     6   5.7469
#         505       0.01194      4.18      2.00     3   5.7474
#         506       0.01637      4.95      2.00     5   5.7486
#         507       0.01806      6.77      2.00     5   5.7492
#         508       0.01200      8.36      2.00     5   5.7512
#         510       0.01764      6.47      2.00     5   5.7536
#         511       0.01204     17.80      2.00     5   5.7546
#         513       0.01533      5.42      2.00     6   5.7563
#         514       0.01109      9.61      2.00     5   5.7570
#         515       0.00838     12.22      1.00     4   5.7597
#         516       0.01769      8.83      2.00     5   5.7597
#         517       0.00938     11.68      2.00     5   5.7645
#         518       0.02335      7.91      2.00     5   5.7668
#         520       0.01127     10.04      2.00     5   5.7678
#         521       0.01223      4.02      2.00     5   5.7677
#         523       0.01748      4.12      2.00     5   5.7687
#         524       0.01135     10.34      2.00     5   5.7776
#         525       0.01266      8.56      2.00     5   5.7783
#         526       0.01087     17.99      2.00     5   5.7806
#         527       0.01206     16.08      2.00     5   5.7807
#         530       0.01821      4.24      2.00     5   5.7820
#         534       0.01642      4.82      2.00     5   5.7853
#         535       0.01186      6.97      2.00     4   5.7858
#         538       0.01849     17.93      2.00     6   5.7859
#         539       0.01825      7.99      2.00     5   5.7868
#         540       0.01213      4.06      2.00     5   5.7902
#         541       0.01062      7.82      2.00     5   5.7935
#         542       0.01220      6.65      2.00     5   5.7944
#         543       0.01519      4.07      2.00     6   5.7944
#         544       0.01049     12.78      2.00     5   5.7964
#         546       0.01157      7.62      2.00     5   5.8045
#         548       0.00737      8.43      2.00     4   5.8060
#         549       0.00997     12.00      2.00     4   5.8068
#         550       0.01085     20.41      2.00     5   5.8070
#         551       0.01104     11.81      2.00     5   5.8069
#         555       0.01119      8.35      2.00     5   5.8144
#         556       0.01214      7.22      2.00     5   5.8150
#         557       0.01283     17.11      2.00     5   5.8152
#         558       0.01315     16.25      2.00     6   5.8150
#         559       0.01761      6.25      2.00     5   5.8161
#         560       0.00972     28.48      2.00     5   5.8170
#         562       0.01086      7.24      2.00     5   5.8195
#         563       0.01081     12.78      2.00     5   5.8202
#         564       0.01023      6.81      2.00     4   5.8221
#         565       0.01747      5.92      2.00     5   5.8223
#         567       0.01658      6.69      2.00     5   5.8248
#         568       0.01239      5.95      2.00     5   5.8258
#         570       0.01416     16.30      2.00     5   5.8308
#         571       0.01306      5.70      2.00     5   5.8315
#         572       0.01167     16.45      2.00     5   5.8323
#         573       0.01688      8.53      2.00     5   5.8338
#         576       0.01835     18.40      2.00     6   5.8371
#         578       0.02166      5.12      2.00     5   5.8376
#         579       0.01605     12.13      2.00     5   5.8385
#         580       0.01171      6.79      2.00     5   5.8381
#         581       0.01231      5.86      2.00     5   5.8393
#         582       0.05790      5.76      2.00     6   5.8392
#         583       0.01034      5.85      2.00     5   5.8395
#         584       0.03148      5.76      2.00     6   5.8400
#         585       0.01141     14.51      2.00     5   5.8403
#         586       0.02261      7.66      2.00     5   5.8408
#         589       0.01023      9.85      2.00     5   5.8424
#         591       0.00998     11.17      2.00     5   5.8440
#         593       0.01590      4.96      2.00     5   5.8449
#         594       0.00983     21.29      2.00     5   5.8452
#         596       0.01977      4.96      2.00     5   5.8457
#         597       0.01588      4.90      2.00     5   5.8480
#         598       0.01052      7.85      2.00     5   5.8476
#         599       0.01062      6.46      2.00     5   5.8486
#         601       0.02264      4.70      2.00     5   5.8501
#         603       0.01044     13.68      2.00     5   5.8508
#         604       0.01696      7.08      1.00     6   5.8541
#         606       0.01752      4.99      1.00     6   5.8572
#         607       0.01571      4.71      2.00     5   5.8597
#         608       0.02131      6.40      2.00     5   5.8631
#         609       0.01393      7.94      2.00     4   5.8640
#         610       0.00988      8.33      2.00     5   5.8640
#         611       0.01611      4.69      2.00     5   5.8700
#         612       0.01658      6.57      2.00     5   5.8702
#         613       0.02498      6.61      2.00     5   5.8727
#         614       0.06288     15.53      2.00     7   5.8749
#         615       0.03380     15.34      2.00     7   5.8754
#         617       0.01602      4.50      2.00     5   5.8805
#         619       0.01897      7.39      2.00     5   5.8823
#         623       0.01453     10.15      2.00     6   5.8835
#         624       0.01104      9.18      1.00     6   5.8833
#         625       0.02067     44.16      2.00     6   5.8839
#         626       0.01289      9.52      1.00     6   5.8837
#         627       0.01057      7.94      2.00     5   5.8860
#         628       0.01118     12.67      2.00     5   5.8859
#         629       0.01108     15.57      1.00     6   5.8864
#         631       0.07005      7.82      2.00     6   5.8917
#         632       0.01375      8.04      2.00     5   5.8932
#         634       0.01841     19.52      2.00     6   5.8931
#         635       0.02168      7.88      2.00     6   5.8944
#         636       0.01488      6.65      2.00     5   5.8948
#         637       0.01027      9.41      2.00     5   5.8960
#         639       0.02167      6.05      2.00     5   5.9009
#         641       0.01761      4.92      2.00     5   5.9021
#         642       0.01376      9.57      2.00     5   5.9018
#         643       0.01371     13.98      2.00     5   5.9024
#         645       0.01676     24.19      2.00     6   5.9039
#         646       0.01637     17.54      2.00     6   5.9048
#         647       0.01193     16.09      1.00     6   5.9045
#         648       0.01285     17.38      1.00     6   5.9048
#         650       0.00991     22.22      1.00     6   5.9065
#         654       0.01834      6.16      2.00     7   5.9148
#         655       0.01927     43.63      2.00     7   5.9152
#         658       0.01134     12.28      2.00     5   5.9183
#         659       0.00979      7.16      2.00     4   5.9199
#         665       0.02713      7.11      2.00     7   5.9245
#         666       0.01974      7.06      2.00     7   5.9254
#         667       0.05043      7.39      2.00     7   5.9253
#         670       0.01928      4.44      2.00     5   5.9330
#         671       0.01172      7.55      2.00     5   5.9339
#         672       0.02005      4.13      2.00     4   5.9346
#         673       0.01390      7.67      2.00     5   5.9356
#         674       0.01554      8.72      2.00     5   5.9356
#         675       0.01089      5.85      2.00     5   5.9370
#         676       0.02213      4.18      2.00     5   5.9392
#         677       0.01073      8.42      2.00     5   5.9391
#         678       0.01868      5.15      2.00     5   5.9418
#         680       0.01195     14.86      2.00     5   5.9438
#         683       0.01827      4.91      2.00     5   5.9459
#         684       0.01040      9.99      2.00     5   5.9465
#         685       0.01647      6.39      2.00     5   5.9467
#         688       0.01682     10.09      2.00     5   5.9529
#         689       0.01933     41.83      2.00     6   5.9533
#         690       0.01128      8.35      1.00     6   5.9534
#         691       0.01275      8.31      1.00     6   5.9531
#         692       0.01575     10.25      2.00     6   5.9535
#         693       0.01759     17.96      2.00     6   5.9541
#         694       0.02196      6.43      2.00     6   5.9540
#         695       0.01131     14.80      1.00     6   5.9553
#         697       0.01806      8.27      2.00     6   5.9566
#         698       0.01839      6.49      2.00     7   5.9573
#         699       0.01908     45.85      2.00     7   5.9581
#         700       0.02634      5.07      2.00     5   5.9605
#         701       0.05452     14.93      2.00     7   5.9601
#         702       0.03258     14.77      2.00     7   5.9609
#         704       0.01504      4.30      2.00     5   5.9626
#         706       0.01745      8.04      2.00     5   5.9659
#         707       0.01069      7.75      2.00     5   5.9668
#         709       0.01118     12.37      2.00     5   5.9687
#         710       0.01324     10.54      2.00     6   5.9695
#         713       0.01862     14.45      2.00     6   5.9772
#         714       0.05246      9.13      2.00     6   5.9770
#         715       0.01142     11.06      2.00     5   5.9775
#         716       0.02428      7.17      2.00     6   5.9774
#         717       0.01020      7.76      2.00     5   5.9785
#         718       0.01050     22.20      2.00     5   5.9792
#         719       0.01707      6.28      2.00     6   5.9798
#         721       0.01254     40.47      2.00     5   5.9859
#         722       0.05656      5.19      2.00     6   5.9876
#         724       0.01391      7.73      2.00     5   5.9903
#         725       0.03231      5.16      2.00     6   5.9904
#         726       0.01769     17.92      2.00     6   5.9912
#         727       0.02129      6.02      2.00     6   5.9910
#         728       0.01597      9.76      2.00     6   5.9914
#         729       0.01796      8.07      2.00     6   5.9932
#         730       0.02742      7.98      2.00     6   5.9938
#         731       0.01353     21.90      2.00     6   5.9948
#         733       0.01147      7.37      2.00     5   5.9975
#         734       0.01520      8.69      2.00     5   6.0007
#         735       0.01013      6.19      2.00     5   6.0046
#         736       0.01069      5.18      2.00     5   6.0048
#         737       0.01498     10.25      2.00     6   6.0079
#         738       0.00878      9.40      1.00     6   6.0088
#         739       0.01829      7.45      2.00     7   6.0090
#         740       0.00969     11.63      2.00     5   6.0094
#         741       0.00862      9.43      1.00     6   6.0094
#         742       0.01913     48.68      2.00     7   6.0118
#         744       0.01196      4.99      2.00     6   6.0171
#         745       0.01202     21.58      2.00     6   6.0172
#         746       0.01016     27.21      2.00     6   6.0197
#         747       0.00953      7.74      2.00     4   6.0238
#         748       0.01816      5.57      2.00     5   6.0283
#         749       0.00919      9.91      1.00     6   6.0282
#         751       0.01807      7.52      2.00     6   6.0286
#         753       0.01005      7.50      2.00     5   6.0302
#         755       0.00891      9.09      1.00     6   6.0314
#         756       0.01367      9.98      2.00     6   6.0343
#         757       0.01767      5.12      2.00     5   6.0344
#         758       0.01668      4.26      2.00     5   6.0354
#         759       0.01013      9.25      2.00     5   6.0353
#         761       0.00991     14.27      2.00     5   6.0365
#         763       0.01218     36.54      2.00     5   6.0379
#         765       0.01137      6.66      2.00     5   6.0399
#         767       0.01177     22.17      2.00     6   6.0427
#         769       0.01033     26.98      2.00     6   6.0447
#         770       0.04738      8.40      2.00     6   6.0447
#         771       0.01801     13.28      2.00     6   6.0453
#         772       0.01718      6.03      2.00     6   6.0475
#         773       0.01143      7.77      2.00     5   6.0500
#         775       0.01813      6.77      2.00     5   6.0511
#         776       0.01018      6.01      2.00     5   6.0558
#         777       0.01551     11.94      2.00     5   6.0561
#         778       0.01672     10.97      2.00     6   6.0606
#         779       0.01848      4.78      2.00     5   6.0615
#         780       0.01130     13.37      2.00     6   6.0615
#         781       0.01981     37.93      2.00     6   6.0624
#         782       0.01122      7.20      1.00     6   6.0624
#         783       0.01293      6.42      1.00     6   6.0621
#         785       0.01147      9.01      2.00     6   6.0630
#         786       0.01088     18.99      2.00     6   6.0632
#         788       0.01156     14.43      1.00     6   6.0645
#         789       0.01698      6.45      2.00     5   6.0650
#         790       0.01708     17.32      2.00     6   6.0654
#         791       0.01998      5.28      2.00     6   6.0650
#         792       0.01553      9.06      2.00     6   6.0653
#         794       0.01318     19.58      2.00     6   6.0657
#         795       0.01125      7.56      2.00     6   6.0662
#         796       0.00908      7.43      2.00     4   6.0662
#         797       0.02288      5.02      2.00     5   6.0665
#         798       0.01105     10.27      2.00     6   6.0667
#         799       0.01035      6.38      2.00     5   6.0668
#         800       0.01099     17.65      2.00     6   6.0670
#         802       0.00632     17.53      2.00     5   6.0677
#         803       0.01788      5.49      2.00     6   6.0679
#         804       0.02205      7.72      2.00     6   6.0679
#         805       0.01837      7.91      2.00     6   6.0675
#         806       0.01117     38.61      2.00     6   6.0688
#         809       0.02157      9.06      2.00     6   6.0693
#         810       0.02133      7.54      2.00     6   6.0695
#         811       0.05378     10.27      2.00     6   6.0690
#         814       0.01122     12.42      2.00     6   6.0710
#         817       0.01185     23.76      2.00     6   6.0729
#         819       0.01761      8.43      2.00     6   6.0737
#         820       0.01906     10.37      2.00     6   6.0737
#         821       0.01028     29.01      2.00     6   6.0750
#         822       0.01457     11.50      2.00     5   6.0758
#         824       0.01787      4.10      2.00     6   6.0766
#         826       0.01071     17.11      2.00     6   6.0771
#         827       0.01115      4.83      2.00     6   6.0787
#         828       0.00637     17.00      2.00     5   6.0798
#         830       0.01642      7.77      2.00     6   6.0830
#         831       0.00864      5.66      2.00     5   6.0837
#         832       0.00860      5.83      2.00     5   6.0837
#         834       0.00983      7.52      2.00     4   6.0863
#         835       0.01013      7.47      2.00     5   6.0864
#         837       0.03345     10.09      2.00     5   6.0873
#         838       0.01046     15.34      2.00     5   6.0876
#         839       0.02038      5.78      2.00     5   6.0899
#         840       0.01082     11.57      2.00     6   6.0929
#         842       0.01074     14.84      2.00     6   6.0943
#         843       0.01824      6.87      2.00     5   6.0972
#         844       0.00865      5.58      2.00     5   6.0985
#         845       0.00863      5.75      2.00     5   6.0985
#         847       0.01801      7.05      2.00     6   6.1063
#         848       0.05399     13.48      2.00     7   6.1063
#         849       0.01033      6.51      2.00     5   6.1072
#         850       0.01540      8.58      2.00     5   6.1069
#         851       0.03482      9.71      2.00     5   6.1076
#         852       0.01056     16.36      2.00     6   6.1078
#         853       0.01204     17.98      2.00     6   6.1078
#         854       0.01738      5.38      2.00     7   6.1080
#         855       0.01860      4.61      2.00     5   6.1089
#         856       0.01817     17.77      2.00     7   6.1084
#         858       0.03339     13.33      2.00     7   6.1090
#         859       0.02147      5.86      2.00     5   6.1098
#         860       0.01126      5.29      2.00     6   6.1097
#         865       0.01007      7.71      2.00     6   6.1135
#         866       0.01120      4.78      2.00     6   6.1140
#         867       0.01794      7.66      2.00     6   6.1158
#         869       0.00991     14.05      2.00     6   6.1165
#         870       0.01022     15.81      2.00     6   6.1165
#         871       0.01237     11.01      2.00     6   6.1167
#         872       0.01052     11.45      2.00     6   6.1167
#         874       0.01786      6.86      2.00     7   6.1173
#         875       0.01786     11.81      2.00     6   6.1178
#         876       0.01087     17.40      2.00     6   6.1175
#         878       0.04996     16.53      2.00     6   6.1178
#         879       0.01056      4.03      2.00     3   6.1185
#         880       0.00664     14.70      2.00     5   6.1182
#         881       0.01127      8.03      2.00     6   6.1183
#         882       0.01084     18.92      2.00     6   6.1185
#         884       0.01059      5.44      2.00     6   6.1187
#         885       0.01348      4.42      2.00     6   6.1196
#         886       0.01799     26.34      2.00     7   6.1200
#         887       0.01379     18.85      2.00     6   6.1205
#         889       0.01782      5.78      2.00     7   6.1216
#         891       0.01795     20.75      2.00     7   6.1223
#         892       0.01279     32.02      2.00     5   6.1235
#         893       0.01772     10.67      2.00     6   6.1239
#         895       0.01775     13.55      2.00     6   6.1239
#         897       0.01011     11.67      2.00     6   6.1245
#         898       0.01003     10.73      2.00     6   6.1248
#         899       0.01036     11.43      2.00     6   6.1245
#         900       0.01011     14.94      2.00     6   6.1248
#         901       0.01926      5.47      2.00     7   6.1244
#         902       0.01759      5.00      2.00     6   6.1251
#         903       0.01744      4.18      2.00     6   6.1251
#         904       0.01479      9.90      2.00     6   6.1255
#         905       0.02401      5.31      2.00     7   6.1252
#         906       0.00987     22.88      2.00     6   6.1260
#         907       0.01018     28.93      2.00     6   6.1260
#         908       0.00780      4.22      1.00     4   6.1265
#         909       0.01362     10.77      2.00     5   6.1265
#         910       0.00864      4.21      1.00     4   6.1296
#         911       0.01820      5.72      2.00     5   6.1308
#         912       0.01839      4.31      2.00     5   6.1318
#         913       0.00643     13.00      2.00     5   6.1326
#         914       0.01787      9.16      2.00     6   6.1324
#         915       0.00808      4.18      1.00     4   6.1344
#         916       0.01136      4.90      2.00     5   6.1354
#         917       0.01951      5.59      2.00     6   6.1359
#         919       0.02661      6.47      2.00     5   6.1387
#         920       0.02736      8.74      2.00     5   6.1398
#         921       0.02732      4.31      2.00     4   6.1411
#         922       0.02176      6.69      2.00     5   6.1413
#         923       0.00899      5.34      2.00     5   6.1424
#         924       0.02082      6.10      2.00     5   6.1423
#         925       0.00884      5.49      2.00     5   6.1424
#         926       0.02009      4.73      2.00     5   6.1449
#         928       0.00618     16.01      1.00     4   6.1465
#         929       0.01897      6.25      2.00     6   6.1473
#         930       0.02551      4.19      2.00     5   6.1478
#         931       0.00772      4.13      1.00     4   6.1502
#         932       0.01071     15.95      2.00     6   6.1511
#         933       0.01198     17.81      2.00     6   6.1511
#         934       0.03213      9.83      2.00     5   6.1517
#         936       0.01759      4.97      2.00     6   6.1540
#         937       0.02139      7.36      2.00     6   6.1540
#         938       0.01571      4.97      2.00     7   6.1538
#         939       0.02352      5.04      2.00     4   6.1552
#         940       0.01871      6.64      2.00     6   6.1554
#         941       0.04782      9.27      2.00     6   6.1554
#         943       0.02077      7.17      2.00     6   6.1562
#         944       0.02063      8.14      2.00     6   6.1560
#         948       0.01932      5.48      2.00     6   6.1584
#         950       0.01022      7.02      2.00     6   6.1594
#         951       0.01874      5.57      2.00     5   6.1605
#         952       0.01008     13.59      2.00     6   6.1601
#         953       0.01033     14.87      2.00     6   6.1601
#         954       0.02486      6.31      2.00     5   6.1612
#         955       0.01737      7.53      2.00     6   6.1623
#         956       0.01856      9.24      2.00     6   6.1623
#         960       0.00706     17.71      2.00     5   6.1652
#         961       0.00983      7.54      2.00     4   6.1660
#         962       0.03284      7.42      2.00     6   6.1681
#         963       0.01143      6.99      2.00     6   6.1683
#         964       0.02577      6.08      2.00     5   6.1686
#         966       0.01085     19.84      2.00     6   6.1686
#         967       0.01560      6.05      2.00     7   6.1686
#         969       0.01911     11.01      2.00     6   6.1698
#         970       0.01339     20.36      2.00     6   6.1707
#         971       0.01086     18.64      2.00     6   6.1707
#         972       0.00973     11.04      2.00     5   6.1716
#         973       0.01611      7.07      2.00     6   6.1715
#         974       0.01795      5.85      2.00     6   6.1723
#         975       0.01563      5.20      2.00     7   6.1727
#         976       0.01928      5.77      2.00     6   6.1737
#         977       0.01706      7.57      2.00     6   6.1736
#         978       0.01799      7.34      2.00     6   6.1780
#         979       0.00576      7.76      2.00     5   6.1803
#         980       0.01096      5.21      2.00     6   6.1812
#         982       0.01838      6.91      2.00     5   6.1828
#         983       0.02347      6.66      2.00     6   6.1831
#         985       0.01985      6.37      2.00     5   6.1838
#         990       0.01783      7.50      2.00     6   6.1890
#         992       0.03056      9.26      2.00     5   6.1914
#         993       0.01871      7.06      2.00     6   6.1912
#         994       0.01867      4.00      2.00     5   6.1931
#         997       0.01729      6.41      2.00     5   6.1947
#         998       0.02221     12.27      2.00     6   6.1958
#         999       0.00944      5.31      2.00     5   6.1963
#        1000       0.00940      5.41      2.00     5   6.1963
#        1001       0.01676      4.54      2.00     5   6.1962
#        1002       0.02301      6.74      2.00     6   6.1962
#        1008       0.00668     16.68      2.00     5   6.2031
#        1009       0.01072     15.92      2.00     6   6.2051
#        1010       0.01199     17.73      2.00     6   6.2051
#        1013       0.01011      4.54      2.00     3   6.2063
#        1014       0.00918      4.12      1.00     4   6.2083
#        1015       0.02502     12.93      2.00     5   6.2081
#        1017       0.01624      8.07      2.00     6   6.2080
#        1018       0.01808     15.14      2.00     6   6.2080
#        1021       0.01567      4.66      2.00     5   6.2118
#        1024       0.01022      6.13      2.00     6   6.2124
#        1025       0.02524      4.05      2.00     5   6.2126
#        1026       0.04030      4.50      2.00     4   6.2135
#        1027       0.00994      4.26      2.00     5   6.2134
#        1028       0.00966      7.04      2.00     4   6.2140
#        1030       0.01007     14.14      2.00     6   6.2145
#        1031       0.01036     15.05      2.00     6   6.2145
#        1032       0.01924      5.80      2.00     7   6.2145
#        1033       0.02146      4.14      2.00     5   6.2152
#        1034       0.02217      6.90      2.00     6   6.2153
#        1035       0.02263      7.25      2.00     6   6.2151
#        1036       0.01246      4.86      2.00     5   6.2155
#        1039       0.02451      5.60      2.00     7   6.2173
#        1042       0.01853      5.16      2.00     5   6.2222
#        1043       0.03057     14.19      2.00     7   6.2227
#        1045       0.00897      4.07      1.00     4   6.2243
#        1047       0.02002      5.92      2.00     5   6.2245
#        1052       0.01187      5.55      2.00     5   6.2288
#        1053       0.00668     16.73      2.00     5   6.2297
#        1054       0.02772     11.75      2.00     5   6.2306
#        1055       0.01043     19.22      1.00     6   6.2310
#        1056       0.00844      8.06      2.00     4   6.2338
#        1059       0.01542     72.80      2.00     5   6.2360
#        1061       0.01399      8.61      2.00     5   6.2427
#        1063       0.02619     12.95      2.00     5   6.2442
#        1064       0.01071      5.13      1.00     6   6.2450
#        1066       0.01925      4.61      2.00     5   6.2542
#        1067       0.01034      7.11      2.00     6   6.2564
#        1068       0.02239      5.34      2.00     6   6.2565
#        1071       0.02116     11.74      2.00     6   6.2574
#        1072       0.01378      7.43      2.00     6   6.2575
#        1073       0.04845     11.22      2.00     6   6.2574
#        1074       0.01120      6.84      2.00     6   6.2580
#        1076       0.01113     10.98      2.00     6   6.2583
#        1077       0.01535      5.11      2.00     6   6.2591
#        1078       0.02262      4.11      2.00     6   6.2592
#        1079       0.00997     30.47      2.00     6   6.2600
#        1082       0.01685     14.25      2.00     6   6.2617
#        1084       0.02985      6.84      2.00     6   6.2645
#        1085       0.02768      8.52      2.00     5   6.2657
#        1086       0.01984     11.86      2.00     6   6.2659
#        1087       0.00940      7.53      2.00     4   6.2665
#        1089       0.01098      6.52      1.00     6   6.2770
#        1090       0.01051     10.15      2.00     6   6.2769
#        1093       0.01957      5.27      2.00     5   6.2797
#        1094       0.01300      4.34      2.00     5   6.2810
#        1097       0.01045      7.89      2.00     6   6.2828
#        1098       0.01092      5.11      1.00     6   6.2857
#        1102       0.00983     18.71      2.00     6   6.2882
#        1103       0.00865      4.05      1.00     4   6.2910
#        1106       0.00971      7.31      2.00     6   6.2958
#        1107       0.01874      6.34      2.00     7   6.2968
#        1108       0.02476     12.99      2.00     7   6.2974
#        1109       0.01900     19.92      2.00     7   6.2972
#        1110       0.02997     18.11      2.00     7   6.2974
#        1111       0.05540     16.33      2.00     7   6.2970
#        1113       0.01112      7.96      2.00     5   6.2978
#        1114       0.01759      7.69      2.00     7   6.2999
#        1115       0.01004      6.72      2.00     6   6.3010
#        1117       0.02195      6.71      2.00     6   6.3023
#        1118       0.00858      4.01      1.00     4   6.3036
#        1119       0.05329      8.04      2.00     6   6.3032
#        1120       0.00821      4.04      1.00     4   6.3043
#        1121       0.01841      7.22      2.00     5   6.3048
#        1122       0.02164      6.68      2.00     6   6.3056
#        1124       0.02139      6.49      2.00     6   6.3060
#        1125       0.01403     30.93      1.00     6   6.3060
#        1126       0.02003      7.98      2.00     6   6.3061
#        1127       0.01042      6.86      2.00     3   6.3099
#        1128       0.01850      6.23      2.00     6   6.3097
#        1129       0.01964      7.64      2.00     6   6.3097
#        1130       0.00941      5.39      2.00     3   6.3111
#        1132       0.01021      8.67      2.00     6   6.3133
#        1133       0.01009      7.19      2.00     6   6.3154
#        1134       0.00872      4.00      1.00     4   6.3172
#        1135       0.01706     13.86      2.00     6   6.3180
#        1136       0.01716      6.16      2.00     6   6.3193
#        1138       0.00987      8.95      2.00     6   6.3208
#        1142       0.00981      7.24      2.00     6   6.3254
#        1143       0.02532     13.04      2.00     5   6.3260
#        1144       0.01589     91.64      1.00     6   6.3255
#        1147       0.01781      4.91      2.00     5   6.3303
#        1148       0.02429     10.09      2.00     5   6.3308
#        1150       0.01108     22.14      2.00     7   6.3367
#        1151       0.03671      7.45      1.00     6   6.3366
#        1153       0.01572      6.62      2.00     7   6.3369
#        1154       0.01373     38.89      2.00     7   6.3373
#        1155       0.01224      6.06      2.00     7   6.3371
#        1156       0.01623     38.41      2.00     7   6.3373
#        1157       0.02906      9.06      2.00     6   6.3393
#        1158       0.01059     31.03      2.00     7   6.3398
#        1160       0.02860      6.29      2.00     7   6.3402
#        1161       0.02633     14.56      1.00     6   6.3419
#        1162       0.01253      4.32      2.00     4   6.3434
#        1163       0.00958      8.86      2.00     5   6.3438
#        1166       0.01406      5.67      1.00     6   6.3454
#        1168       0.02507      8.09      2.00     7   6.3461
#        1169       0.02252     15.20      2.00     7   6.3461
#        1170       0.02118     25.75      2.00     7   6.3469
#        1171       0.01748     21.99      2.00     7   6.3470
#        1172       0.04956     29.35      2.00     7   6.3469
#        1173       0.01669      7.78      2.00     7   6.3466
#        1174       0.01385     22.84      2.00     7   6.3470
#        1175       0.01100     27.17      2.00     7   6.3475
#        1176       0.01524     13.03      2.00     7   6.3478
#        1177       0.01115     19.98      2.00     7   6.3478
#        1178       0.01554      8.80      2.00     7   6.3486
#        1179       0.02215      4.64      2.00     6   6.3492
#        1180       0.01014     54.63      2.00     7   6.3496
#        1181       0.01101      7.70      2.00     5   6.3505
#        1182       0.02840      4.48      2.00     6   6.3539
#        1183       0.00970     14.06      2.00     5   6.3560
#        1186       0.01849      6.88      2.00     5   6.3596
#        1188       0.02015      4.47      2.00     5   6.3625
#        1190       0.01212      5.03      2.00     5   6.3649
#        1193       0.03845      6.91      1.00     6   6.3661
#        1194       0.02423      4.30      2.00     7   6.3671
#        1195       0.04907      4.50      2.00     7   6.3673
#        1196       0.03122      8.85      2.00     6   6.3684
#        1197       0.01877      6.96      2.00     6   6.3683
#        1198       0.02747     14.93      1.00     6   6.3706
#        1199       0.02095      7.55      2.00     6   6.3711
#        1200       0.01935     11.63      2.00     6   6.3729
#        1201       0.01590      4.09      2.00     5   6.3741
#        1202       0.01778     14.02      2.00     6   6.3762
#        1203       0.01372     26.71      1.00     6   6.3778
#        1204       0.01210      4.98      2.00     4   6.3803
#        1205       0.02044      5.86      2.00     6   6.3815
#        1206       0.01447      5.98      2.00     7   6.3819
#        1207       0.01168     21.89      2.00     7   6.3828
#        1208       0.01349     38.11      2.00     7   6.3826
#        1209       0.01252      5.05      2.00     7   6.3824
#        1210       0.01564     36.97      2.00     7   6.3826
#        1212       0.01080     29.50      2.00     7   6.3847
#        1213       0.04998     14.69      2.00     7   6.3847
#        1214       0.02348     11.85      2.00     7   6.3855
#        1215       0.01838     17.85      2.00     7   6.3853
#        1216       0.02806     17.15      2.00     7   6.3855
#        1217       0.01900      5.75      2.00     7   6.3857
#        1218       0.01798      4.34      2.00     6   6.3876
#        1219       0.01773      7.18      2.00     7   6.3875
#        1220       0.03032     10.10      2.00     6   6.3880
#        1221       0.01021      4.82      2.00     6   6.3890
#        1222       0.01529     10.65      2.00     6   6.3890
#        1223       0.01801      4.94      2.00     6   6.3907
#        1227       0.01766      8.00      2.00     5   6.3941
#        1228       0.01652      4.13      2.00     5   6.3953
#        1229       0.00729      6.45      2.00     4   6.3963
#        1231       0.00699     29.65      2.00     5   6.3982
#        1232       0.01548     17.61      2.00     6   6.3994
#        1234       0.01587      5.04      2.00     6   6.4056
#        1236       0.02204      4.15      2.00     6   6.4069
#        1237       0.02290     10.70      2.00     6   6.4074
#        1238       0.01582     10.70      2.00     7   6.4069
#        1240       0.02678      6.32      2.00     7   6.4071
#        1242       0.01802      4.99      2.00     6   6.4075
#        1243       0.01935     15.79      2.00     7   6.4075
#        1244       0.01506      4.30      2.00     5   6.4099
#        1245       0.02726      6.38      2.00     6   6.4100
#        1246       0.01818      8.35      2.00     7   6.4100
#        1247       0.03845     14.48      2.00     6   6.4139
#        1248       0.02010      9.05      2.00     6   6.4145
#        1250       0.01507      4.40      2.00     5   6.4151
#        1251       0.03074      6.16      2.00     6   6.4153
#        1252       0.01925      5.47      2.00     6   6.4160
#        1253       0.01712     13.09      2.00     6   6.4157
#        1255       0.01597      6.72      2.00     6   6.4172
#        1256       0.02279      6.26      2.00     6   6.4181
#        1257       0.01951     12.39      2.00     6   6.4178
#        1258       0.01933      7.52      2.00     6   6.4198
#        1260       0.01670     10.91      2.00     7   6.4207
#        1261       0.01939     15.99      2.00     7   6.4206
#        1263       0.02866      5.96      2.00     5   6.4213
#        1264       0.01893      8.23      2.00     6   6.4217
#        1266       0.01788      7.92      2.00     6   6.4217
#        1268       0.01799      8.18      2.00     7   6.4226
#        1269       0.01881      4.22      2.00     6   6.4232
#        1272       0.02272      9.50      1.00     6   6.4255
#        1273       0.03508     24.07      2.00     7   6.4257
#        1274       0.02418      5.18      2.00     7   6.4253
#        1275       0.00957      8.22      2.00     5   6.4263
#        1276       0.02767      4.05      2.00     6   6.4274
#        1277       0.03058      5.50      1.00     6   6.4274
#        1278       0.02948      9.20      2.00     6   6.4271
#        1279       0.01713      4.32      2.00     6   6.4287
#        1280       0.01820      4.82      2.00     6   6.4294
#        1281       0.02790      8.16      2.00     6   6.4298
#        1282       0.02374      5.26      2.00     6   6.4300
#        1283       0.01039      5.05      2.00     6   6.4301
#        1284       0.01579     10.83      2.00     6   6.4301
#        1285       0.02009      6.06      2.00     6   6.4314
#        1286       0.02643     16.00      1.00     6   6.4323
#        1287       0.02144      4.43      2.00     6   6.4330
#        1289       0.02232      9.61      2.00     6   6.4331
#        1290       0.01084      7.16      2.00     5   6.4340
#        1291       0.01336      6.16      2.00     7   6.4339
#        1292       0.01734      5.04      2.00     6   6.4351
#        1293       0.01797      5.04      2.00     6   6.4360
#        1294       0.01627      5.98      2.00     6   6.4358
#        1295       0.01698      4.82      2.00     6   6.4362
#        1297       0.01114     21.77      2.00     7   6.4366
#        1299       0.01421     38.52      2.00     7   6.4367
#        1300       0.01593     35.95      2.00     7   6.4367
#        1302       0.02064      7.37      2.00     6   6.4371
#        1303       0.01960     16.22      2.00     6   6.4387
#        1304       0.01078     30.58      2.00     7   6.4388
#        1305       0.01017     30.05      2.00     6   6.4393
#        1307       0.01700     17.10      2.00     7   6.4396
#        1308       0.01549     11.58      2.00     7   6.4396
#        1309       0.02770      4.21      2.00     6   6.4406
#        1311       0.01786      8.31      2.00     7   6.4417
#        1312       0.01050      8.46      2.00     3   6.4432
#        1315       0.01844      4.91      2.00     6   6.4477
#        1316       0.02251      9.97      2.00     6   6.4475
#        1317       0.02014      5.48      2.00     6   6.4488
#        1318       0.02885      8.51      2.00     6   6.4487
#        1319       0.00862     11.51      2.00     5   6.4490
#        1320       0.02282      6.20      2.00     6   6.4498
#        1321       0.00834      6.00      2.00     5   6.4502
#        1322       0.01635      5.18      2.00     6   6.4509
#        1323       0.01813      5.31      2.00     6   6.4512
#        1324       0.01824      6.03      2.00     6   6.4509
#        1325       0.01634      6.38      2.00     6   6.4509
#        1328       0.00977     12.15      2.00     6   6.4524
#        1329       0.00968      4.61      2.00     6   6.4580
#        1330       0.01075      8.08      2.00     5   6.4594
#        1331       0.02129      5.48      2.00     5   6.4620
#        1333       0.01869      6.45      2.00     5   6.4655
#        1334       0.01045     27.40      2.00     6   6.4672
#        1335       0.00728      6.12      2.00     4   6.4683
#        1336       0.01506     16.06      2.00     6   6.4701
#        1337       0.02688      8.87      2.00     6   6.4732
#        1339       0.01717      4.10      2.00     6   6.4765
#        1340       0.01320      8.17      2.00     5   6.4772
#        1341       0.02563      5.29      2.00     6   6.4770
#        1343       0.01571      4.10      2.00     5   6.4784
#        1346       0.01878      4.45      2.00     7   6.4792
#        1349       0.01045      5.81      2.00     6   6.4812
#        1350       0.01606     11.52      2.00     6   6.4812
#        1351       0.00987      5.66      2.00     6   6.4815
#        1352       0.02883      4.32      2.00     6   6.4823
#        1353       0.02261      8.61      2.00     6   6.4831
#        1354       0.02264      9.42      2.00     7   6.4828
#        1356       0.01711      4.86      2.00     6   6.4840
#        1357       0.01782      4.67      2.00     6   6.4838
#        1358       0.03137      6.17      2.00     6   6.4845
#        1360       0.00979      4.54      2.00     6   6.4852
#        1361       0.00840     26.84      2.00     6   6.4853
#        1362       0.01646      5.66      2.00     6   6.4853
#        1363       0.00867     16.11      2.00     5   6.4858
#        1364       0.01963     15.82      2.00     6   6.4860
#        1366       0.01463     22.34      1.00     6   6.4873
#        1367       0.02497      8.90      2.00     7   6.4872
#        1368       0.00728     73.16      2.00     6   6.4877
#        1369       0.01722      4.14      2.00     6   6.4885
#        1370       0.02631     13.11      2.00     6   6.4888
#        1371       0.01650      6.58      2.00     6   6.4900
#        1373       0.01701     11.94      2.00     6   6.4903
#        1374       0.01689      6.28      2.00     7   6.4906
#        1375       0.01459     18.37      2.00     6   6.4915
#        1379       0.03033      6.03      2.00     6   6.4980
#        1380       0.01039     25.74      2.00     6   6.4978
#        1383       0.01632      4.44      2.00     6   6.4995
#        1384       0.02446      5.07      2.00     7   6.5002
#        1385       0.01654      4.99      2.00     6   6.5008
#        1386       0.01814      5.67      2.00     6   6.5004
#        1387       0.01654      6.03      2.00     6   6.5004
#        1388       0.01754      5.03      2.00     6   6.5014
#        1389       0.03391     23.51      2.00     7   6.5010
#        1392       0.01873      4.70      2.00     6   6.5039
#        1393       0.02247      8.70      2.00     6   6.5036
#        1394       0.01473      7.16      2.00     6   6.5046
#        1396       0.02305      6.11      2.00     6   6.5060
#        1397       0.01591      4.87      2.00     7   6.5083
#        1398       0.03254      7.89      2.00     5   6.5095
#        1399       0.01150      6.39      2.00     7   6.5092
#        1400       0.01562      8.08      2.00     7   6.5091
#        1401       0.01134     10.27      2.00     7   6.5097
#        1402       0.01384      8.48      2.00     7   6.5100
#        1403       0.01168     12.79      2.00     7   6.5100
#        1404       0.01554      5.52      2.00     7   6.5109
#        1406       0.00990     44.53      2.00     7   6.5118
#        1407       0.02549      5.95      2.00     7   6.5133
#        1410       0.01451      4.72      2.00     6   6.5151
#        1411       0.01425      8.06      2.00     5   6.5157
#        1412       0.01819      9.01      2.00     5   6.5161
#        1415       0.01087      4.79      2.00     7   6.5162
#        1416       0.01133     16.87      2.00     7   6.5166
#        1418       0.01218      8.63      2.00     5   6.5182
#        1419       0.01015     14.98      2.00     7   6.5191
#        1420       0.01890      6.66      2.00     6   6.5199
#        1421       0.01139      6.05      2.00     4   6.5213
#        1425       0.01977      4.11      2.00     6   6.5251
#        1426       0.02682      4.66      2.00     6   6.5255
#        1427       0.01808      5.14      2.00     6   6.5257
#        1430       0.02577      7.16      2.00     5   6.5276
#        1433       0.02030     13.41      2.00     6   6.5281
#        1435       0.01677      4.21      2.00     5   6.5294
#        1436       0.01011      7.57      2.00     5   6.5297
#        1439       0.01679      4.08      2.00     7   6.5300
#        1440       0.01667      4.43      2.00     6   6.5302
#        1441       0.01094     13.79      2.00     7   6.5305
#        1442       0.01095      5.85      2.00     5   6.5313
#        1443       0.05476     13.22      2.00     7   6.5312
#        1445       0.03869      7.57      2.00     5   6.5323
#        1450       0.02564     10.27      2.00     7   6.5339
#        1451       0.01952     14.73      2.00     7   6.5336
#        1452       0.02926     15.58      2.00     7   6.5339
#        1453       0.01962      4.99      2.00     7   6.5339
#        1454       0.01864      4.59      2.00     6   6.5343
#        1456       0.01858      6.73      2.00     7   6.5360
#        1457       0.01140      4.27      2.00     4   6.5368
#        1458       0.02053      7.84      2.00     6   6.5366
#        1460       0.01124     12.02      2.00     7   6.5373
#        1461       0.01641      7.96      2.00     5   6.5382
#        1462       0.00882     29.17      2.00     6   6.5385
#        1463       0.01038      5.53      2.00     7   6.5401
#        1464       0.01307      8.64      2.00     5   6.5402
#        1466       0.01114      4.34      2.00     7   6.5429
#        1468       0.01129     20.36      2.00     7   6.5429
#        1470       0.00793     24.13      2.00     6   6.5430
#        1471       0.03111      5.44      2.00     6   6.5441
#        1472       0.01841      4.34      2.00     6   6.5436
#        1475       0.01105     15.99      2.00     7   6.5449
#        1476       0.01041     18.02      2.00     7   6.5450
#        1477       0.02073      7.06      2.00     6   6.5466
#        1478       0.01050      4.60      2.00     7   6.5471
#        1479       0.01102     14.07      2.00     7   6.5469
#        1480       0.00699      6.08      2.00     4   6.5476
#        1481       0.01183      8.90      2.00     5   6.5473
#        1487       0.01129     17.52      2.00     7   6.5479
#        1488       0.01215      4.05      2.00     4   6.5488
#        1490       0.01038     14.63      2.00     7   6.5499
#        1491       0.01696      6.34      2.00     7   6.5497
#        1492       0.01695      5.32      2.00     6   6.5505
#        1493       0.01223      8.65      2.00     4   6.5511
#        1496       0.01626      4.03      2.00     6   6.5518
#        1497       0.01884      6.07      1.00     6   6.5521
#        1498       0.01924      4.23      2.00     7   6.5527
#        1499       0.01614      4.75      2.00     6   6.5529
#        1500       0.01680      6.45      2.00     6   6.5533
#        1502       0.01834      8.48      1.00     6   6.5544
#        1503       0.03405     10.52      2.00     6   6.5547
#        1506       0.01114      6.26      2.00     7   6.5554
#        1507       0.02024      4.69      2.00     6   6.5568
#        1508       0.01718      6.55      2.00     6   6.5571
#        1509       0.01691      4.14      2.00     6   6.5573
#        1510       0.00588      5.40      2.00     6   6.5577
#        1512       0.01100      8.40      2.00     7   6.5597
#        1513       0.02344      9.06      2.00     7   6.5599
#        1514       0.01255     14.86      2.00     7   6.5612
#        1515       0.01301      6.20      2.00     7   6.5608
#        1516       0.01107      7.57      2.00     7   6.5618
#        1517       0.02532      5.30      2.00     6   6.5624
#        1520       0.01588      5.12      2.00     6   6.5647
#        1522       0.02635      7.11      2.00     5   6.5650
#        1525       0.02363      8.34      2.00     7   6.5660
#        1526       0.01257      9.17      2.00     5   6.5668
#        1528       0.01803      5.58      2.00     7   6.5669
#        1529       0.01584      6.34      2.00     6   6.5673
#        1530       0.02235      6.81      2.00     6   6.5672
#        1531       0.01088     10.89      2.00     7   6.5675
#        1533       0.01591      6.27      2.00     6   6.5679
#        1534       0.01604      6.01      2.00     6   6.5680
#        1535       0.01063     10.29      2.00     7   6.5678
#        1536       0.01936      4.46      2.00     7   6.5681
#        1537       0.01705      7.59      2.00     5   6.5686
#        1538       0.01553      4.59      2.00     6   6.5685
#        1539       0.01048     24.18      2.00     7   6.5690
#        1541       0.01726      4.88      2.00     6   6.5697
#        1543       0.01667      5.22      2.00     6   6.5697
#        1544       0.01031     12.22      2.00     7   6.5699
#        1546       0.01103      7.71      2.00     5   6.5712
#        1549       0.01494      4.02      2.00     5   6.5722
#        1551       0.01965     15.75      2.00     6   6.5718
#        1552       0.01825      6.48      2.00     6   6.5743
#        1554       0.02211      4.12      2.00     6   6.5784
#        1557       0.01250     16.74      2.00     7   6.5793
#        1558       0.01250     15.17      2.00     7   6.5805
#        1559       0.01182      4.66      2.00     7   6.5802
#        1560       0.01455     16.37      2.00     6   6.5808
#        1563       0.01802      4.98      2.00     6   6.5821
#        1564       0.02001      6.67      2.00     6   6.5820
#        1566       0.02731      4.32      2.00     6   6.5819
#        1570       0.02071     12.97      2.00     6   6.5841
#        1574       0.01676      4.79      2.00     6   6.5862
#        1575       0.01826      5.01      2.00     6   6.5860
#        1576       0.01675      5.44      2.00     6   6.5860
#        1577       0.01016      4.01      2.00     7   6.5863
#        1579       0.01661      4.30      2.00     6   6.5876
#        1581       0.03035      5.01      2.00     6   6.5886
#        1582       0.02206      8.64      2.00     7   6.5882
#        1584       0.01045     13.16      2.00     7   6.5888
#        1585       0.02733      4.45      2.00     6   6.5893
#        1586       0.02203      4.56      2.00     6   6.5894
#        1587       0.01036     11.65      2.00     7   6.5895
#        1588       0.01145      5.05      2.00     5   6.5903
#        1590       0.01181      5.46      2.00     5   6.5915
#        1596       0.00801     23.14      2.00     6   6.5935
#        1600       0.02440      8.11      2.00     7   6.5945
#        1601       0.01204      6.47      2.00     5   6.5948
#        1602       0.01627     14.13      2.00     6   6.5951
#        1604       0.00942      8.29      2.00     6   6.5967
#        1605       0.00708      4.91      2.00     5   6.5972
#        1608       0.00761      4.89      2.00     5   6.6004
#        1612       0.01697      5.28      2.00     6   6.6024
#        1613       0.01828      4.30      2.00     6   6.6024
#        1614       0.02689      7.46      2.00     5   6.6060
#        1615       0.00974      6.78      2.00     3   6.6072
#        1616       0.00739      4.85      2.00     5   6.6075
#        1617       0.04641     10.64      2.00     7   6.6090
#        1618       0.03071      8.73      2.00     7   6.6094
#        1619       0.02489      4.73      2.00     7   6.6093
#        1620       0.01394      5.06      2.00     5   6.6100
#        1621       0.01401      5.21      2.00     5   6.6100
#        1623       0.01028      4.11      2.00     4   6.6124
#        1625       0.02692      4.77      2.00     6   6.6123
#        1627       0.03424     22.14      2.00     7   6.6121
#        1630       0.03000      4.39      2.00     6   6.6150
#        1631       0.03209     12.04      2.00     5   6.6157
#        1635       0.00766      8.06      2.00     4   6.6169
#        1636       0.02200      5.23      2.00     6   6.6168
#        1637       0.02306     12.77      2.00     6   6.6171
#        1638       0.02072      5.93      2.00     6   6.6177
#        1640       0.01249     12.79      2.00     6   6.6179
#        1641       0.02182      4.81      2.00     6   6.6183
#        1642       0.02475      4.71      2.00     6   6.6183
#        1643       0.02290      6.86      2.00     6   6.6189
#        1646       0.02829     12.63      2.00     6   6.6223
#        1647       0.01736      5.66      2.00     6   6.6227
#        1648       0.00723      4.77      2.00     5   6.6233
#        1649       0.01781      6.74      2.00     6   6.6241
#        1652       0.02230      7.53      2.00     5   6.6277
#        1653       0.01828      6.89      2.00     6   6.6285
#        1656       0.01669      4.47      2.00     6   6.6302
#        1657       0.01638      7.15      2.00     5   6.6309
#        1661       0.01781      4.71      2.00     6   6.6336
#        1662       0.01257      5.92      2.00     5   6.6360
#        1664       0.01296     23.30      2.00     6   6.6368
#        1666       0.01659      4.04      2.00     6   6.6393
#        1669       0.01781      6.73      2.00     7   6.6422
#        1670       0.01961      4.35      2.00     7   6.6423
#        1672       0.00766      5.20      2.00     5   6.6446
#        1673       0.03771     28.34      2.00     7   6.6442
#        1675       0.02088     10.06      2.00     7   6.6451
#        1676       0.02262     20.03      2.00     7   6.6448
#        1677       0.01833      6.39      2.00     7   6.6450
#        1679       0.01713      7.48      2.00     7   6.6468
#        1684       0.01080      4.04      2.00     7   6.6488
#        1685       0.02634      6.94      2.00     5   6.6493
#        1686       0.01064     11.32      2.00     7   6.6492
#        1687       0.01746     17.74      2.00     7   6.6492
#        1688       0.01931      9.45      2.00     5   6.6501
#        1689       0.00705     13.00      1.00     6   6.6499
#        1692       0.01713      5.62      2.00     6   6.6528
#        1697       0.01909      4.43      2.00     6   6.6567
#        1698       0.01962      5.86      2.00     7   6.6566
#        1699       0.02858      7.18      2.00     7   6.6563
#        1700       0.02510     17.87      2.00     7   6.6567
#        1701       0.02266     29.41      2.00     7   6.6570
#        1702       0.02134      8.99      2.00     7   6.6569
#        1703       0.02436      4.39      2.00     7   6.6574
#        1704       0.03251     10.22      2.00     7   6.6582
#        1705       0.01925      8.37      2.00     7   6.6583
#        1706       0.01079      5.62      2.00     7   6.6583
#        1707       0.01990     10.23      2.00     7   6.6589
#        1708       0.02197     12.89      2.00     7   6.6595
#        1710       0.02859     10.07      2.00     7   6.6593
#        1711       0.02211     10.86      2.00     7   6.6593
#        1712       0.00777      5.11      2.00     5   6.6606
#        1713       0.02133     32.30      2.00     7   6.6620
#        1714       0.01699      4.22      2.00     6   6.6657
#        1715       0.02380      7.15      2.00     5   6.6667
#        1716       0.01513      7.55      2.00     6   6.6669
#        1717       0.01174      9.08      2.00     5   6.6675
#        1720       0.00781     10.06      4.00     5   6.6730
#        1721       0.01657      4.31      2.00     6   6.6753
#        1722       0.01516      4.58      2.00     6   6.6773
#        1724       0.01569     19.25      2.00     6   6.6781
#        1725       0.01086     62.67      2.00     6   6.6790
#        1726       0.00704      6.49      2.00     4   6.6794
#        1731       0.01313      4.06      2.00     5   6.6855
#        1735       0.02026     10.41      2.00     6   6.6856
#        1738       0.01816      5.31      2.00     6   6.6867
#        1739       0.01552      5.06      2.00     6   6.6870
#        1740       0.01542      6.63      2.00     6   6.6873
#        1743       0.01812      4.73      2.00     6   6.6876
#        1744       0.01980     17.73      2.00     6   6.6885
#        1746       0.00743      5.57      2.00     5   6.6889
#        1747       0.02121     12.53      2.00     6   6.6897
#        1748       0.01233     12.17      2.00     6   6.6904
#        1749       0.01652      4.09      2.00     6   6.6922
#        1750       0.01980      5.51      2.00     6   6.6942
#        1752       0.02170      4.68      2.00     6   6.6940
#        1753       0.02336      4.59      2.00     6   6.6940
#        1754       0.01023      4.05      2.00     7   6.6945
#        1755       0.01055     11.33      2.00     7   6.6952
#        1756       0.01735     17.80      2.00     7   6.6952
#        1757       0.00729      5.64      2.00     5   6.6957
#        1758       0.02301      4.02      2.00     6   6.6967
#        1759       0.04137     10.01      2.00     7   6.6973
#        1760       0.01844      4.24      2.00     6   6.6981
#        1761       0.02790      8.14      2.00     7   6.6981
#        1762       0.01702      5.23      2.00     6   6.7013
#        1763       0.01850      5.56      2.00     6   6.7014
#        1764       0.01543      6.67      2.00     6   6.7014
#        1765       0.00737      5.50      2.00     5   6.7016
#        1768       0.01544      6.03      2.00     6   6.7021
#        1770       0.02029      5.57      2.00     7   6.7057
#        1771       0.02124      8.61      2.00     7   6.7063
#        1772       0.02479     16.06      2.00     7   6.7061
#        1773       0.02756      6.58      2.00     7   6.7065
#        1774       0.02285     29.04      2.00     7   6.7065
#        1775       0.02074      8.61      2.00     6   6.7075
#        1776       0.01824      5.14      2.00     7   6.7077
#        1777       0.03885      9.19      2.00     7   6.7081
#        1779       0.00733      5.57      2.00     5   6.7086
#        1780       0.01984      9.90      2.00     7   6.7087
#        1781       0.02288     12.80      2.00     7   6.7085
#        1782       0.02917      9.49      2.00     7   6.7083
#        1783       0.01762      5.92      2.00     7   6.7083
#        1784       0.02284     10.31      2.00     7   6.7083
#        1787       0.01194      7.99      2.00     5   6.7095
#        1788       0.02000      6.18      2.00     7   6.7107
#        1790       0.02171     31.88      2.00     7   6.7105
#        1792       0.01720      8.47      2.00     7   6.7115
#        1793       0.03125     19.54      2.00     7   6.7118
#        1794       0.00674      4.81      2.00     3   6.7134
#        1796       0.01845     11.83      2.00     7   6.7136
#        1797       0.00877      8.53      2.00     4   6.7149
#        1798       0.01093      5.42      2.00     6   6.7171
#        1800       0.01149      4.82      2.00     5   6.7185
#        1801       0.01727      8.94      2.00     7   6.7185
#        1802       0.01621     33.01      2.00     7   6.7195
#        1803       0.01287     11.95      2.00     6   6.7196
#        1804       0.02784     11.52      2.00     7   6.7204
#        1805       0.01726      8.10      2.00     7   6.7205
#        1806       0.03024     13.84      2.00     7   6.7211
#        1807       0.01733      5.71      2.00     7   6.7213
#        1808       0.01813      8.07      2.00     7   6.7231
#        1809       0.01416      6.69      2.00     6   6.7236
#        1810       0.02608      7.04      2.00     5   6.7244
#        1812       0.01872      4.21      2.00     6   6.7254
#        1816       0.13115      7.01      2.00     7   6.7265
#        1817       0.05231      6.82      2.00     7   6.7269
#        1821       0.08069      9.58      2.00     7   6.7292
#        1822       0.01461      5.41      2.00     6   6.7301
#        1824       0.01496     13.93      2.00     6   6.7309
#        1825       0.03887      9.36      2.00     7   6.7322
#        1827       0.02024      5.14      2.00     6   6.7376
#        1828       0.02384      5.55      2.00     6   6.7379
#        1829       0.01266     13.00      2.00     6   6.7393
#        1830       0.01832     14.53      2.00     6   6.7396
#        1832       0.01087     15.71      2.00     5   6.7432
#        1834       0.05294      6.56      2.00     7   6.7440
#        1836       0.01001      4.89      2.00     7   6.7444
#        1837       0.16155      6.75      2.00     7   6.7444
#        1838       0.01063      8.59      2.00     5   6.7460
#        1841       0.01963     14.24      2.00     7   6.7470
#        1842       0.08612      9.68      2.00     7   6.7466
#        1843       0.02458      5.47      2.00     7   6.7474
#        1844       0.01058     12.17      2.00     7   6.7472
#        1845       0.01746     19.04      2.00     7   6.7472
#        1846       0.02992     22.28      2.00     7   6.7476
#        1847       0.02311     10.48      2.00     7   6.7476
#        1848       0.03861      9.48      2.00     7   6.7485
#        1849       0.02334      6.69      2.00     5   6.7488
#        1850       0.02602      6.40      2.00     6   6.7491
#        1851       0.02274      7.67      2.00     7   6.7487
#        1852       0.01197      9.69      2.00     5   6.7493
#        1853       0.02110      8.41      2.00     6   6.7494
#        1854       0.02640      6.33      2.00     7   6.7501
#        1855       0.01498      8.95      2.00     6   6.7512
#        1856       0.02596      7.92      2.00     7   6.7521
#        1857       0.02193     13.89      2.00     7   6.7521
#        1858       0.01660      5.51      2.00     7   6.7528
#        1859       0.02929      4.84      2.00     7   6.7534
#        1860       0.02337      6.47      2.00     7   6.7534
#        1861       0.02364     11.65      2.00     7   6.7532
#        1862       0.01975      6.85      2.00     7   6.7557
#        1863       0.01665      6.76      2.00     7   6.7558
#        1864       0.01823      6.20      2.00     7   6.7561
#        1865       0.02671      5.71      2.00     7   6.7563
#        1866       0.02550      8.21      2.00     7   6.7563
#        1867       0.01492      4.17      2.00     6   6.7574
#        1869       0.03774     12.47      2.00     6   6.7589
#        1870       0.02026     18.35      2.00     7   6.7587
#        1871       0.01125     51.68      2.00     7   6.7594
#        1873       0.02594     17.31      2.00     6   6.7615
#        1874       0.01773      7.73      2.00     7   6.7623
#        1875       0.03008     15.46      2.00     7   6.7661
#        1877       0.01783      9.67      2.00     7   6.7667
#        1879       0.01684      5.09      2.00     7   6.7671
#        1880       0.03768      8.15      2.00     7   6.7671
#        1881       0.01828      4.75      2.00     7   6.7675
#        1882       0.01582     52.46      2.00     7   6.7676
#        1883       0.01758      5.66      2.00     7   6.7673
#        1884       0.00612      7.61      2.00     4   6.7684
#        1885       0.01744      6.41      2.00     7   6.7682
#        1887       0.01110    165.00      2.00     7   6.7685
#        1888       0.02051      5.74      2.00     7   6.7693
#        1889       0.01673      6.78      2.00     7   6.7710
#        1890       0.01674      6.55      2.00     7   6.7710
#        1891       0.01958      8.58      2.00     7   6.7739
#        1892       0.02537      9.25      2.00     7   6.7739
#        1895       0.02237     15.25      2.00     7   6.7745
#        1896       0.01723      8.97      2.00     7   6.7748
#        1897       0.02369      6.66      2.00     7   6.7747
#        1898       0.02398     21.28      2.00     7   6.7751
#        1899       0.02222      4.93      2.00     7   6.7754
#        1901       0.02130      4.66      2.00     6   6.7760
#        1902       0.01818     10.87      2.00     7   6.7763
#        1903       0.02068     10.81      2.00     7   6.7760
#        1904       0.01559     10.61      2.00     7   6.7769
#        1905       0.02029      7.83      2.00     7   6.7765
#        1906       0.02368      7.44      2.00     7   6.7772
#        1907       0.01720      8.64      2.00     7   6.7778
#        1909       0.01843     28.62      2.00     7   6.7780
#        1910       0.01516      8.67      2.00     6   6.7798
#        1911       0.01275      4.24      2.00     5   6.7806
#        1912       0.01273      4.29      2.00     5   6.7806
#        1913       0.01652      5.95      2.00     6   6.7802
#        1914       0.02241      6.53      2.00     6   6.7811
#        1915       0.02603      7.04      2.00     7   6.7812
#        1916       0.02502      6.49      2.00     5   6.7821
#        1918       0.00669      6.29      2.00     4   6.7832
#        1919       0.02106      6.89      2.00     7   6.7836
#        1920       0.01749      8.93      2.00     7   6.7877
#        1921       0.02041      5.18      2.00     7   6.7891
#        1922       0.02293      6.16      2.00     7   6.7897
#        1923       0.04677     11.56      2.00     6   6.7909
#        1924       0.01560     10.48      2.00     7   6.7909
#        1925       0.02505     12.50      2.00     7   6.7912
#        1926       0.02918      5.47      2.00     7   6.7915
#        1927       0.02313     27.65      2.00     7   6.7918
#        1928       0.02068      7.49      2.00     7   6.7915
#        1929       0.01759     10.12      2.00     7   6.7916
#        1930       0.01039      5.92      2.00     4   6.7934
#        1931       0.02721     16.79      2.00     6   6.7931
#        1932       0.02031      9.59      2.00     7   6.7939
#        1933       0.02306     12.86      2.00     7   6.7940
#        1934       0.02759      8.35      2.00     7   6.7936
#        1935       0.02263      9.36      2.00     7   6.7936
#        1936       0.08950      6.04      2.00     7   6.7944
#        1937       0.04011      5.84      2.00     7   6.7941
#        1938       0.02120      8.86      2.00     6   6.7960
#        1940       0.02211     32.54      2.00     7   6.7961
#        1943       0.01042      9.15      2.00     6   6.7964
#        1945       0.03750      4.06      2.00     7   6.7966
#        1946       0.07317      9.90      2.00     7   6.7969
#        1947       0.01280     10.03      2.00     6   6.7972
#        1948       0.00816      6.56      2.00     6   6.7972
#        1949       0.01311     10.68      2.00     6   6.7978
#        1950       0.01454      7.29      2.00     6   6.7981
#        1951       0.00798     11.34      2.00     6   6.7991
#        1952       0.01178     17.93      2.00     6   6.7991
#        1953       0.03617      9.70      2.00     7   6.7990
#        1954       0.02505      4.14      2.00     6   6.8007
#        1956       0.00606      7.18      2.00     4   6.8029
#        1957       0.01875      4.93      2.00     6   6.8053
#        1958       0.02243      4.40      2.00     6   6.8054
#        1959       0.02533      4.32      2.00     6   6.8054
#        1960       0.01215     11.45      2.00     6   6.8065
#        1961       0.01392      6.72      2.00     6   6.8063
#        1962       0.01901      9.78      2.00     7   6.8064
#        1964       0.01166     45.45      2.00     7   6.8072
#        1965       0.01391      8.58      2.00     6   6.8083
#        1966       0.01831      5.28      2.00     7   6.8090
#        1967       0.01237      7.31      2.00     6   6.8103
#        1968       0.01580     29.31      2.00     7   6.8100
#        1969       0.01723      6.04      2.00     6   6.8110
#        1970       0.01723      4.70      2.00     6   6.8124
#        1971       0.03474      7.32      2.00     7   6.8125
#        1972       0.01785      4.65      2.00     7   6.8128
#        1973       0.01766      5.70      2.00     7   6.8128
#        1974       0.02854     11.23      2.00     5   6.8149
#        1976       0.02374      5.13      2.00     7   6.8147
#        1977       0.02041      5.92      2.00     7   6.8150
#        1978       0.01920     13.57      2.00     7   6.8151
#        1979       0.02920     20.93      2.00     7   6.8149
#        1980       0.02292     10.54      2.00     7   6.8149
#        1982       0.02276      7.18      2.00     7   6.8164
#        1983       0.02683      6.13      2.00     7   6.8169
#        1984       0.06575      9.76      2.00     7   6.8173
#        1985       0.04250      9.86      2.00     7   6.8179
#        1986       0.01983      7.51      2.00     5   6.8200
#        1988       0.02335      5.66      2.00     6   6.8208
#        1989       0.00662      4.54      2.00     5   6.8216
#        1990       0.05214      9.43      2.00     7   6.8223
#        1991       0.02460      7.24      2.00     7   6.8223
#        1992       0.02112     13.17      2.00     7   6.8223
#        1993       0.02071      9.37      1.00     6   6.8226
#        1994       0.03738      9.13      2.00     7   6.8229
#        1995       0.02696      4.49      2.00     7   6.8232
#        1996       0.02214      5.99      2.00     7   6.8232
#        1997       0.02336     10.12      2.00     7   6.8230
#        1998       0.01692      4.88      2.00     7   6.8234
#        1999       0.01808      5.60      2.00     7   6.8237
#        2000       0.02062      8.33      2.00     6   6.8240
#        2001       0.02579      5.53      2.00     7   6.8239
#        2002       0.02428      7.77      2.00     7   6.8239
#        2003       0.01933      6.33      2.00     7   6.8241
#        2004       0.01852      8.56      2.00     7   6.8245
#        2005       0.01686      6.18      2.00     7   6.8253
#        2007       0.02064     17.29      2.00     7   6.8260
#        2008       0.01726      8.61      2.00     7   6.8287
#        2009       0.02904     14.92      2.00     6   6.8296
#        2010       0.01803      9.37      2.00     7   6.8296
#        2013       0.00974      8.85      2.00     5   6.8321
#        2014       0.01786      7.20      2.00     7   6.8317
#        2018       0.01084     23.14      2.00     6   6.8355
#        2019       0.01710      4.53      2.00     7   6.8366
#        2020       0.01059     10.99      2.00     6   6.8372
#        2024       0.01687      6.84      2.00     6   6.8388
#        2025       0.02116     20.54      2.00     6   6.8388
#        2026       0.02291      5.25      2.00     7   6.8387
#        2027       0.02950      7.74      2.00     7   6.8387
#        2028       0.01790      6.23      2.00     6   6.8398
#        2030       0.01696      6.20      2.00     7   6.8404
#        2031       0.01696      6.09      2.00     7   6.8407
#        2032       0.00712      4.41      2.00     5   6.8413
#        2033       0.00711      4.47      2.00     5   6.8413
#        2035       0.02185     19.80      2.00     7   6.8413
#        2036       0.03908      9.52      2.00     7   6.8417
#        2037       0.04963      7.70      2.00     7   6.8420
#        2038       0.01825      5.75      2.00     7   6.8422
#        2039       0.03193      7.54      2.00     7   6.8423
#        2040       0.01569      7.42      2.00     7   6.8424
#        2041       0.01565      4.84      2.00     7   6.8424
#        2042       0.02768      7.52      2.00     7   6.8444
#        2043       0.02691      4.50      2.00     7   6.8449
#        2044       0.01739      8.75      2.00     7   6.8451
#        2046       0.04767      7.41      2.00     7   6.8464
#        2047       0.03087      7.29      2.00     7   6.8467
#        2048       0.01943     13.54      2.00     7   6.8472
#        2051       0.01874      4.73      2.00     7   6.8474
#        2052       0.03023     20.55      2.00     7   6.8478
#        2053       0.01784      4.45      2.00     7   6.8476
#        2055       0.02223      5.85      2.00     7   6.8480
#        2058       0.02266      4.51      2.00     7   6.8493
#        2059       0.02363     14.54      2.00     6   6.8496
#        2060       0.01712      5.81      2.00     7   6.8502
#        2062       0.01190      4.48      2.00     6   6.8507
#        2063       0.02900      9.75      2.00     6   6.8526
#        2064       0.07886      9.77      2.00     7   6.8530
#        2065       0.03737      9.88      2.00     7   6.8529
#        2067       0.02585     16.66      2.00     6   6.8551
#        2068       0.02595     11.61      2.00     6   6.8554
#        2069       0.01236      7.82      2.00     6   6.8554
#        2070       0.01655      9.82      2.00     7   6.8554
#        2071       0.01650      7.98      2.00     7   6.8554
#        2072       0.01272      9.35      2.00     6   6.8556
#        2073       0.00848      6.24      2.00     6   6.8556
#        2074       0.01531      7.30      2.00     7   6.8575
#        2075       0.00580     12.27      2.00     5   6.8579
#        2076       0.01239      9.79      2.00     6   6.8583
#        2077       0.01883     16.07      2.00     6   6.8583
#        2078       0.01618      7.96      2.00     7   6.8595
#        2079       0.01614      5.64      2.00     7   6.8595
#        2080       0.05541      9.36      2.00     7   6.8602
#        2081       0.03751      9.07      2.00     7   6.8600
#        2082       0.01844      7.53      2.00     7   6.8603
#        2083       0.02236      5.06      2.00     7   6.8603
#        2084       0.01785     10.96      2.00     7   6.8608
#        2086       0.02378      4.90      2.00     7   6.8605
#        2088       0.02021      4.99      2.00     7   6.8609
#        2090       0.01178     41.27      2.00     7   6.8615
#        2091       0.01888      9.15      2.00     7   6.8629
#        2092       0.02673      6.79      2.00     7   6.8634
#        2093       0.01627      5.34      2.00     6   6.8636
#        2094       0.01622      8.16      2.00     7   6.8645
#        2095       0.02099      4.26      2.00     6   6.8652
#        2096       0.01887      6.63      2.00     7   6.8647
#        2097       0.01574      4.02      2.00     7   6.8664
#        2098       0.01572      5.21      2.00     7   6.8659
#        2100       0.01847      8.48      2.00     7   6.8665
#        2101       0.00618      4.69      2.00     5   6.8676
#        2102       0.01806      4.08      2.00     7   6.8706
#        2103       0.01436      5.32      2.00     5   6.8712
#        2104       0.02954     13.88      2.00     6   6.8723
#        2105       0.01609      4.30      2.00     7   6.8728
#        2107       0.03201      7.31      2.00     7   6.8735
#        2109       0.02843     16.29      2.00     7   6.8740
#        2110       0.02045      5.84      2.00     7   6.8754
#        2111       0.02216     19.94      2.00     7   6.8758
#        2112       0.01776     12.69      2.00     7   6.8758
#        2113       0.02319      4.89      2.00     7   6.8763
#        2115       0.02059      5.05      2.00     7   6.8771
#        2116       0.02248      5.12      2.00     7   6.8773
#        2117       0.02093      5.42      2.00     7   6.8782
#        2119       0.02092      5.36      2.00     7   6.8782
#        2121       0.02877      6.65      2.00     7   6.8791
#        2123       0.02608      6.96      2.00     7   6.8803
#        2124       0.01520      6.89      2.00     6   6.8809
#        2125       0.00740      7.51      2.00     5   6.8810
#        2127       0.02690      6.55      2.00     5   6.8833
#  1591/2000 paths used
#  xsedge+50, used to normalize mu           1.0000E+00
#  -----------------------------------------------------------------------
#  omega    e    k    mu    mu0     chi     @#
    9663.657     -7.331   0.000  2.08025E-03  1.53935E-04  6.30885E+00
    9663.666     -7.321   0.050  2.06515E-03  1.58093E-04  6.23635E+00
    9663.695     -7.293   0.100  2.04656E-03  1.62250E-04  6.15266E+00
    9663.742     -7.245   0.150  1.97744E-03  1.74317E-04  5.86240E+00
    9663.809     -7.178   0.200  1.88289E-03  1.86384E-04  5.49227E+00
    9663.895     -7.093   0.250  1.69947E-03  2.02803E-04  4.81546E+00
    9663.999     -6.988   0.300  1.47584E-03  2.19222E-04  4.01834E+00
    9664.123     -6.864   0.350  1.16293E-03  2.34021E-04  2.95024E+00
    9664.266     -6.721   0.400  8.37757E-04  2.48820E-04  1.85785E+00
    9664.428     -6.559   0.450  4.92345E-04  2.59434E-04  7.30299E-01
    9664.609     -6.378   0.500  2.01469E-04  2.70048E-04 -2.13744E-01
    9664.809     -6.178   0.550 -3.06213E-05  2.77025E-04 -9.54993E-01
    9665.028     -5.959   0.600 -1.60999E-04  2.84001E-04 -1.37584E+00
    9665.266     -5.721   0.650 -2.15077E-04  2.88250E-04 -1.55458E+00
    9665.523     -5.464   0.700 -1.82579E-04  2.92499E-04 -1.46584E+00
    9665.800     -5.188   0.750 -1.16543E-04  2.94608E-04 -1.27175E+00
    9666.095     -4.892   0.800 -1.60054E-05  2.96717E-04 -9.69711E-01
    9666.409     -4.578   0.850  7.50455E-05  2.97073E-04 -6.92678E-01
    9666.743     -4.245   0.900  1.60710E-04  2.97429E-04 -4.29153E-01
    9667.095     -3.892   0.950  2.25607E-04  2.96362E-04 -2.24184E-01
    9667.467     -3.521   1.000  2.73168E-04  2.95294E-04 -7.07728E-02
    9667.857     -3.130   1.050  3.07674E-04  2.93121E-04  4.71167E-02
    9668.267     -2.721   1.100  3.29054E-04  2.90947E-04  1.24896E-01
    9668.695     -2.292   1.150  3.44577E-04  2.87984E-04  1.88134E-01
    9669.143     -1.844   1.200  3.51550E-04  2.85021E-04  2.24373E-01
    9669.610     -1.378   1.250  3.54320E-04  2.81558E-04  2.49257E-01
    9670.095     -0.892   1.300  3.51535E-04  2.78095E-04  2.55601E-01
    9670.600     -0.387   1.350  3.45572E-04  2.74376E-04  2.51885E-01
    9671.124      0.137   1.400  3.37610E-04  2.70656E-04  2.40851E-01
    9671.667      0.680   1.450  3.29228E-04  2.66879E-04  2.28042E-01
    9672.229      1.242   1.500  3.21552E-04  2.63102E-04  2.17424E-01
    9672.810      1.823   1.550  3.15474E-04  2.59408E-04  2.12003E-01
    9673.410      2.423   1.600  3.10032E-04  2.55714E-04  2.08846E-01
    9674.029      3.042   1.650  3.04699E-04  2.52206E-04  2.05040E-01
    9674.667      3.680   1.700  2.97946E-04  2.48699E-04  1.95478E-01
    9675.325      4.337   1.750  2.89192E-04  2.45442E-04  1.76273E-01
    9676.001      5.014   1.800  2.78385E-04  2.42185E-04  1.48081E-01
    9676.696      5.709   1.850  2.66728E-04  2.39216E-04  1.14111E-01
    9677.411      6.423   1.900  2.56609E-04  2.36247E-04  8.56543E-02
    9678.144      7.157   1.950  2.48682E-04  2.33553E-04  6.44470E-02
    9678.896      7.909   2.000  2.43661E-04  2.30858E-04  5.52358E-02
    9679.668      8.681   2.050  2.40296E-04  2.28642E-04  5.08664E-02
    9680.459      9.471   2.100  2.38905E-04  2.26425E-04  5.51149E-02
    9681.268     10.281   2.150  2.37823E-04  2.24209E-04  6.08411E-02
    9682.097     11.110   2.200  2.35608E-04  2.21992E-04  6.15831E-02
    9682.945     11.957   2.250  2.33666E-04  2.22078E-04  5.26525E-02
    9683.811     12.824   2.300  2.32293E-04  2.22165E-04  4.62380E-02
    9684.697     13.710   2.350  2.32033E-04  2.22251E-04  4.48643E-02
    9685.602     14.615   2.400  2.32982E-04  2.22338E-04  4.90540E-02
    9686.526     15.539   2.450  2.33702E-04  2.22481E-04  5.18127E-02
    9687.469     16.482   2.500  2.34690E-04  2.22625E-04  5.58240E-02
    9688.431     17.444   2.550  2.35294E-04  2.22769E-04  5.80698E-02
    9689.412     18.425   2.600  2.34864E-04  2.22913E-04  5.55246E-02
    9690.412     19.425   2.650  2.32226E-04  2.22553E-04  4.50180E-02
    9691.431     20.444   2.700  2.28412E-04  2.22193E-04  2.89914E-02
    9692.470     21.482   2.750  2.23457E-04  2.21833E-04  7.58370E-03
    9693.527     22.540   2.800  2.17605E-04  2.21473E-04 -1.80941E-02
    9694.603     23.616   2.850  2.11941E-04  2.21391E-04 -4.41603E-02
    9695.698     24.711   2.900  2.06413E-04  2.21309E-04 -6.95337E-02
    9696.813     25.826   2.950  2.01415E-04  2.21226E-04 -9.23805E-02
    9697.946     26.959   3.000  1.97287E-04  2.21144E-04 -1.11128E-01
    9699.099     28.112   3.050  1.94759E-04  2.21305E-04 -1.23324E-01
    9700.270     29.283   3.100  1.93384E-04  2.21465E-04 -1.30113E-01
    9701.461     30.474   3.150  1.93193E-04  2.21626E-04 -1.31391E-01
    9702.671     31.684   3.200  1.94156E-04  2.21787E-04 -1.27347E-01
    9703.899     32.912   3.250  1.96364E-04  2.22137E-04 -1.18361E-01
    9705.147     34.160   3.300  1.99450E-04  2.22488E-04 -1.05423E-01
    9706.414     35.427   3.350  2.03335E-04  2.22839E-04 -8.89332E-02
    9707.700     36.713   3.400  2.07866E-04  2.23190E-04 -6.96229E-02
    9709.005     38.018   3.450  2.12898E-04  2.23673E-04 -4.87624E-02
    9710.329     39.342   3.500  2.18126E-04  2.24156E-04 -2.71804E-02
    9711.672     40.685   3.550  2.23328E-04  2.24639E-04 -5.88376E-03
    9713.034     42.047   3.600  2.28286E-04  2.25121E-04  1.41545E-02
    9714.415     43.428   3.650  2.32809E-04  2.25657E-04  3.18668E-02
    9715.815     44.828   3.700  2.36767E-04  2.26193E-04  4.69357E-02
    9717.234     46.247   3.750  2.40093E-04  2.26729E-04  5.90913E-02
    9718.673     47.686   3.800  2.42783E-04  2.27265E-04  6.83596E-02
    9720.130     49.143   3.850  2.44860E-04  2.27774E-04  7.50238E-02
    9721.606     50.619   3.900  2.46446E-04  2.28283E-04  7.94903E-02
    9723.102     52.115   3.950  2.47615E-04  2.28792E-04  8.21131E-02
    9724.616     53.629   4.000  2.48418E-04  2.29301E-04  8.31269E-02
    9726.150     55.163   4.050  2.48779E-04  2.29711E-04  8.27169E-02
    9727.702     56.715   4.100  2.48763E-04  2.30121E-04  8.06727E-02
    9729.274     58.287   4.150  2.48302E-04  2.30530E-04  7.67223E-02
    9730.865     59.877   4.200  2.47319E-04  2.30940E-04  7.05371E-02
    9732.474     61.487   4.250  2.45636E-04  2.31202E-04  6.20739E-02
    9734.103     63.116   4.300  2.43357E-04  2.31464E-04  5.10722E-02
    9735.751     64.764   4.350  2.40514E-04  2.31726E-04  3.76862E-02
    9737.418     66.431   4.400  2.37209E-04  2.31989E-04  2.23575E-02
    9739.104     68.117   4.450  2.33447E-04  2.32076E-04  5.86662E-03
    9740.809     69.822   4.500  2.29591E-04  2.32164E-04 -1.10106E-02
    9742.533     71.546   4.550  2.25872E-04  2.32251E-04 -2.72866E-02
    9744.276     73.289   4.600  2.22515E-04  2.32339E-04 -4.20047E-02
    9746.038     75.051   4.650  2.19523E-04  2.32257E-04 -5.44696E-02
    9747.819     76.832   4.700  2.17217E-04  2.32175E-04 -6.40100E-02
    9749.619     78.632   4.750  2.15680E-04  2.32093E-04 -7.02671E-02
    9751.439     80.451   4.800  2.14925E-04  2.32010E-04 -7.31830E-02
    9753.277     82.290   4.850  2.14761E-04  2.31791E-04 -7.30212E-02
    9755.134     84.147   4.900  2.15257E-04  2.31571E-04 -7.00274E-02
    9757.011     86.023   4.950  2.16308E-04  2.31351E-04 -6.46437E-02
    9758.906     87.919   5.000  2.17798E-04  2.31131E-04 -5.73558E-02
    9760.821     89.833   5.050  2.19532E-04  2.30824E-04 -4.86420E-02
    9762.754     91.767   5.100  2.21488E-04  2.30517E-04 -3.89466E-02
    9764.707     93.720   5.150  2.23569E-04  2.30209E-04 -2.86839E-02
    9766.679     95.691   5.200  2.25690E-04  2.29902E-04 -1.82204E-02
    9768.669     97.682   5.250  2.27769E-04  2.29568E-04 -7.79462E-03
    9770.679     99.692   5.300  2.29756E-04  2.29235E-04  2.25875E-03
    9772.708    101.721   5.350  2.31593E-04  2.28901E-04  1.16907E-02
    9774.756    103.768   5.400  2.33231E-04  2.28568E-04  2.02854E-02
    9776.823    105.835   5.450  2.34681E-04  2.28257E-04  2.79810E-02
    9778.909    107.921   5.500  2.35856E-04  2.27945E-04  3.44910E-02
    9781.014    110.026   5.550  2.36722E-04  2.27634E-04  3.96726E-02
    9783.138    112.150   5.600  2.37256E-04  2.27323E-04  4.34122E-02
    9785.281    114.294   5.650  2.37525E-04  2.27078E-04  4.56952E-02
    9787.443    116.456   5.700  2.37423E-04  2.26833E-04  4.63585E-02
    9789.624    118.637   5.750  2.36949E-04  2.26588E-04  4.53884E-02
    9791.824    120.837   5.800  2.36111E-04  2.26344E-04  4.28251E-02
    9794.044    123.057   5.850  2.35035E-04  2.26189E-04  3.87969E-02
    9796.282    125.295   5.900  2.33651E-04  2.26034E-04  3.34201E-02
    9798.539    127.552   5.950  2.32016E-04  2.25879E-04  2.69345E-02
    9800.816    129.829   6.000  2.30197E-04  2.25724E-04  1.96377E-02
    9803.111    132.124   6.050  2.28418E-04  2.25712E-04  1.18719E-02
    9805.426    134.439   6.100  2.26595E-04  2.25701E-04  3.92449E-03
    9807.760    136.772   6.150  2.24811E-04  2.25690E-04 -3.85332E-03
    9810.112    139.125   6.200  2.23139E-04  2.25678E-04 -1.11324E-02
    9812.484    141.497   6.250  2.21647E-04  2.25667E-04 -1.76223E-02
    9814.875    143.888   6.300  2.20388E-04  2.25655E-04 -2.30836E-02
    9817.285    146.297   6.350  2.19404E-04  2.25644E-04 -2.73350E-02
    9819.713    148.726   6.400  2.18724E-04  2.25633E-04 -3.02569E-02
    9822.161    151.174   6.450  2.18359E-04  2.25621E-04 -3.17940E-02
    9824.628    153.641   6.500  2.18309E-04  2.25610E-04 -3.19548E-02
    9827.114    156.127   6.550  2.18561E-04  2.25665E-04 -3.10816E-02
    9829.619    158.632   6.600  2.19097E-04  2.25720E-04 -2.89675E-02
    9832.144    161.156   6.650  2.19880E-04  2.25775E-04 -2.57747E-02
    9834.687    163.700   6.700  2.20861E-04  2.25830E-04 -2.17199E-02
    9837.249    166.262   6.750  2.21981E-04  2.25885E-04 -1.70570E-02
    9839.830    168.843   6.800  2.23181E-04  2.25940E-04 -1.20541E-02
    9842.431    171.443   6.850  2.24400E-04  2.25995E-04 -6.96813E-03
    9845.050    174.063   6.900  2.25587E-04  2.26051E-04 -2.02401E-03
    9847.688    176.701   6.950  2.26702E-04  2.26106E-04  2.60050E-03
    9850.346    179.359   7.000  2.27715E-04  2.26161E-04  6.77939E-03
    9853.022    182.035   7.050  2.28492E-04  2.26075E-04  1.05471E-02
    9855.718    184.731   7.100  2.29138E-04  2.25990E-04  1.37489E-02
    9858.432    187.445   7.150  2.29646E-04  2.25904E-04  1.63524E-02
    9861.166    190.179   7.200  2.30012E-04  2.25819E-04  1.83365E-02
    9863.919    192.932   7.250  2.30231E-04  2.25733E-04  1.96805E-02
    9866.691    195.703   7.300  2.30298E-04  2.25648E-04  2.03610E-02
    9869.481    198.494   7.350  2.30208E-04  2.25562E-04  2.03550E-02
    9872.291    201.304   7.400  2.29959E-04  2.25477E-04  1.96501E-02
    9875.120    204.133   7.450  2.29552E-04  2.25391E-04  1.82547E-02
    9877.968    206.981   7.500  2.28998E-04  2.25306E-04  1.62089E-02
    9880.835    209.848   7.550  2.28123E-04  2.25030E-04  1.36019E-02
    9883.721    212.734   7.600  2.27145E-04  2.24753E-04  1.05328E-02
    9886.626    215.639   7.650  2.26095E-04  2.24477E-04  7.13719E-03
    9889.550    218.563   7.700  2.25008E-04  2.24201E-04  3.56488E-03
    9892.494    221.507   7.750  2.23918E-04  2.23925E-04 -3.05800E-05
    9895.456    224.469   7.800  2.22859E-04  2.23649E-04 -3.50215E-03
    9898.437    227.450   7.850  2.21860E-04  2.23373E-04 -6.71701E-03
    9901.438    230.450   7.900  2.20947E-04  2.23096E-04 -9.56123E-03
    9904.457    233.470   7.950  2.20140E-04  2.22820E-04 -1.19416E-02
    9907.496    236.508   8.000  2.19455E-04  2.22544E-04 -1.37854E-02
    9910.553    239.566   8.050  2.18846E-04  2.22219E-04 -1.50779E-02
    9913.630    242.642   8.100  2.18376E-04  2.21895E-04 -1.57576E-02
    9916.725    245.738   8.150  2.18045E-04  2.21570E-04 -1.58092E-02
    9919.840    248.853   8.200  2.17854E-04  2.21245E-04 -1.52372E-02
    9922.974    251.986   8.250  2.17795E-04  2.20920E-04 -1.40679E-02
    9926.126    255.139   8.300  2.17856E-04  2.20595E-04 -1.23516E-02
    9929.298    258.311   8.350  2.18021E-04  2.20271E-04 -1.01639E-02
    9932.489    261.502   8.400  2.18265E-04  2.19946E-04 -7.60471E-03
    9935.699    264.712   8.450  2.18563E-04  2.19621E-04 -4.79546E-03
    9938.928    267.941   8.500  2.18884E-04  2.19296E-04 -1.87286E-03
    9942.176    271.189   8.550  2.19301E-04  2.19073E-04  1.03886E-03
    9945.443    274.456   8.600  2.19687E-04  2.18850E-04  3.81061E-03
    9948.729    277.742   8.650  2.20010E-04  2.18626E-04  6.30768E-03
    9952.034    281.047   8.700  2.20247E-04  2.18403E-04  8.41328E-03
    9955.358    284.371   8.750  2.20377E-04  2.18180E-04  1.00364E-02
    9958.702    287.715   8.800  2.20387E-04  2.17956E-04  1.11174E-02
    9962.064    291.077   8.850  2.20273E-04  2.17733E-04  1.16309E-02
    9965.445    294.458   8.900  2.20037E-04  2.17510E-04  1.15859E-02
    9968.846    297.859   8.950  2.19688E-04  2.17286E-04  1.10231E-02
    9972.265    301.278   9.000  2.19241E-04  2.17063E-04  1.00099E-02
    9975.704    304.717   9.050  2.18837E-04  2.16948E-04  8.68944E-03
    9979.161    308.174   9.100  2.18371E-04  2.16832E-04  7.07822E-03
    9982.638    311.651   9.150  2.17862E-04  2.16717E-04  5.27527E-03
    9986.134    315.146   9.200  2.17334E-04  2.16601E-04  3.37739E-03
    9989.648    318.661   9.250  2.16805E-04  2.16486E-04  1.47284E-03
    9993.182    322.195   9.300  2.16292E-04  2.16370E-04 -3.62539E-04
    9996.735    325.748   9.350  2.15807E-04  2.16255E-04 -2.06679E-03
   10000.307    329.320   9.400  2.15362E-04  2.16139E-04 -3.59114E-03
   10003.898    332.910   9.450  2.14964E-04  2.16024E-04 -4.89791E-03
   10007.508    336.520   9.500  2.14620E-04  2.15909E-04 -5.95810E-03
   10011.137    340.149   9.550  2.14308E-04  2.15777E-04 -6.79772E-03
   10014.785    343.797   9.600  2.14057E-04  2.15645E-04 -7.35574E-03
   10018.452    347.465   9.650  2.13870E-04  2.15514E-04 -7.61817E-03
   10022.138    351.151   9.700  2.13748E-04  2.15382E-04 -7.57906E-03
   10025.843    354.856   9.750  2.13690E-04  2.15251E-04 -7.24239E-03
   10029.567    358.580   9.800  2.13693E-04  2.15119E-04 -6.62377E-03
   10033.311    362.324   9.850  2.13750E-04  2.14988E-04 -5.75135E-03
   10037.073    366.086   9.900  2.13853E-04  2.14856E-04 -4.66542E-03
   10040.854    369.867   9.950  2.13990E-04  2.14724E-04 -3.41674E-03
   10044.655    373.668  10.000  2.14150E-04  2.14593E-04 -2.06380E-03
   10048.474    377.487  10.050  2.14193E-04  2.14336E-04 -6.67274E-04
   10052.313    381.326  10.100  2.14233E-04  2.14079E-04  7.20689E-04
   10056.171    385.183  10.150  2.14258E-04  2.13822E-04  2.03849E-03
   10060.047    389.060  10.200  2.14255E-04  2.13565E-04  3.22882E-03
   10063.943    392.956  10.250  2.14213E-04  2.13309E-04  4.24136E-03
   10067.858    396.871  10.300  2.14125E-04  2.13052E-04  5.03522E-03
   10071.792    400.804  10.350  2.13983E-04  2.12795E-04  5.58081E-03
   10075.744    404.757  10.400  2.13784E-04  2.12538E-04  5.86130E-03
   10079.716    408.729  10.450  2.13528E-04  2.12281E-04  5.87339E-03
   10083.707    412.720  10.500  2.13217E-04  2.12024E-04  5.62733E-03
   10087.717    416.730  10.550  2.12857E-04  2.11767E-04  5.14618E-03
   10091.746    420.759  10.600  2.12455E-04  2.11511E-04  4.46396E-03
   10095.794    424.807  10.650  2.12019E-04  2.11254E-04  3.62323E-03
   10099.862    428.874  10.700  2.11561E-04  2.10997E-04  2.67193E-03
   10103.948    432.961  10.750  2.11090E-04  2.10740E-04  1.66004E-03
   10108.053    437.066  10.800  2.10617E-04  2.10483E-04  6.36446E-04
   10112.177    441.190  10.850  2.10152E-04  2.10226E-04 -3.53760E-04
   10116.321    445.334  10.900  2.09703E-04  2.09969E-04 -1.27124E-03
   10120.483    449.496  10.950  2.09276E-04  2.09713E-04 -2.08353E-03
   10124.665    453.677  11.000  2.08877E-04  2.09456E-04 -2.76540E-03
   10128.865    457.878  11.050  2.08547E-04  2.09243E-04 -3.33081E-03
   10133.085    462.097  11.100  2.08249E-04  2.09031E-04 -3.74168E-03
   10137.323    466.336  11.150  2.07986E-04  2.08819E-04 -3.98919E-03
   10141.581    470.594  11.200  2.07757E-04  2.08606E-04 -4.07029E-03
   10145.858    474.870  11.250  2.07563E-04  2.08394E-04 -3.98737E-03
   10150.153    479.166  11.300  2.07401E-04  2.08182E-04 -3.74797E-03
   10154.468    483.481  11.350  2.07269E-04  2.07969E-04 -3.36456E-03
   10158.802    487.815  11.400  2.07163E-04  2.07757E-04 -2.85441E-03
   10163.155    492.168  11.450  2.07079E-04  2.07544E-04 -2.23942E-03
   10167.527    496.540  11.500  2.07011E-04  2.07332E-04 -1.54592E-03
   10171.918    500.931  11.550  2.06953E-04  2.07120E-04 -8.04102E-04
   10176.328    505.341  11.600  2.06898E-04  2.06907E-04 -4.71246E-05
   10180.757    509.770  11.650  2.06838E-04  2.06695E-04  6.90320E-04
   10185.205    514.218  11.700  2.06767E-04  2.06483E-04  1.37389E-03
   10189.672    518.685  11.750  2.06678E-04  2.06270E-04  1.97177E-03
   10194.159    523.172  11.800  2.06565E-04  2.06058E-04  2.45694E-03
   10198.664    527.677  11.850  2.06425E-04  2.05846E-04  2.80909E-03
   10203.188    532.201  11.900  2.06255E-04  2.05633E-04  3.01605E-03
   10207.732    536.745  11.950  2.06054E-04  2.05421E-04  3.07443E-03
   10212.294    541.307  12.000  2.05823E-04  2.05209E-04  2.98942E-03
   10216.876    545.889  12.050  2.05565E-04  2.04989E-04  2.80452E-03
   10221.476    550.489  12.100  2.05281E-04  2.04769E-04  2.49479E-03
   10226.096    555.109  12.150  2.04976E-04  2.04549E-04  2.08090E-03
   10230.735    559.747  12.200  2.04654E-04  2.04329E-04  1.58808E-03
   10235.392    564.405  12.250  2.04323E-04  2.04109E-04  1.04410E-03
   10240.069    569.082  12.300  2.03987E-04  2.03889E-04  4.77290E-04
   10244.765    573.778  12.350  2.03652E-04  2.03670E-04 -8.52175E-05
   10249.480    578.493  12.400  2.03323E-04  2.03450E-04 -6.18783E-04
   10254.214    583.226  12.450  2.03005E-04  2.03230E-04 -1.10206E-03
   10258.967    587.979  12.500  2.02701E-04  2.03010E-04 -1.51737E-03
   10263.739    592.751  12.550  2.02414E-04  2.02790E-04 -1.85080E-03
   10268.530    597.542  12.600  2.02145E-04  2.02570E-04 -2.09215E-03
   10273.340    602.353  12.650  2.01897E-04  2.02350E-04 -2.23495E-03
   10278.169    607.182  12.700  2.01669E-04  2.02130E-04 -2.27651E-03
   10283.017    612.030  12.750  2.01462E-04  2.01911E-04 -2.21804E-03
   10287.884    616.897  12.800  2.01273E-04  2.01691E-04 -2.06481E-03
   10292.771    621.783  12.850  2.01102E-04  2.01471E-04 -1.82607E-03
   10297.676    626.689  12.900  2.00945E-04  2.01251E-04 -1.51487E-03
   10302.600    631.613  12.950  2.00800E-04  2.01031E-04 -1.14752E-03
   10307.544    636.557  13.000  2.00662E-04  2.00811E-04 -7.42753E-04
   10312.506    641.519  13.050  2.00453E-04  2.00519E-04 -3.25649E-04
   10317.488    646.501  13.100  2.00245E-04  2.00226E-04  9.36688E-05
   10322.489    651.501  13.150  2.00033E-04  1.99933E-04  4.95698E-04
   10327.508    656.521  13.200  1.99813E-04  1.99641E-04  8.62107E-04
   10332.547    661.560  13.250  1.99583E-04  1.99348E-04  1.17672E-03
   10337.605    666.617  13.300  1.99340E-04  1.99055E-04  1.42635E-03
   10342.681    671.694  13.350  1.99082E-04  1.98763E-04  1.60147E-03
   10347.777    676.790  13.400  1.98807E-04  1.98470E-04  1.69663E-03
   10352.892    681.905  13.450  1.98517E-04  1.98177E-04  1.71063E-03
   10358.026    687.039  13.500  1.98211E-04  1.97885E-04  1.64648E-03
   10363.179    692.192  13.550  1.97891E-04  1.97592E-04  1.51103E-03
   10368.351    697.364  13.600  1.97559E-04  1.97299E-04  1.31445E-03
   10373.542    702.555  13.650  1.97218E-04  1.97007E-04  1.06944E-03
   10378.752    707.765  13.700  1.96870E-04  1.96714E-04  7.90372E-04
   10383.982    712.994  13.750  1.96518E-04  1.96421E-04  4.92272E-04
   10389.230    718.243  13.800  1.96166E-04  1.96129E-04  1.89926E-04
   10394.497    723.510  13.850  1.95816E-04  1.95836E-04 -1.02947E-04
   10399.784    728.796  13.900  1.95470E-04  1.95543E-04 -3.74314E-04
   10405.089    734.102  13.950  1.95130E-04  1.95251E-04 -6.14212E-04
   10410.413    739.426  14.000  1.94799E-04  1.94958E-04 -8.14916E-04
   10415.757    744.770  14.050  1.94536E-04  1.94728E-04 -9.83451E-04
   10421.119    750.132  14.100  1.94281E-04  1.94497E-04 -1.10570E-03
   10426.501    755.514  14.150  1.94037E-04  1.94267E-04 -1.17851E-03
   10431.902    760.915  14.200  1.93803E-04  1.94036E-04 -1.20051E-03
   10437.321    766.334  14.250  1.93578E-04  1.93806E-04 -1.17204E-03
   10442.760    771.773  14.300  1.93363E-04  1.93575E-04 -1.09518E-03
   10448.218    777.231  14.350  1.93156E-04  1.93345E-04 -9.73752E-04
   10453.695    782.708  14.400  1.92957E-04  1.93114E-04 -8.13281E-04
   10459.191    788.204  14.450  1.92764E-04  1.92884E-04 -6.20904E-04
   10464.706    793.719  14.500  1.92575E-04  1.92653E-04 -4.05199E-04
   10470.240    799.253  14.550  1.92389E-04  1.92423E-04 -1.75909E-04
   10475.793    804.806  14.600  1.92203E-04  1.92192E-04  5.64335E-05
   10481.365    810.378  14.650  1.92016E-04  1.91962E-04  2.80990E-04
   10486.956    815.969  14.700  1.91825E-04  1.91732E-04  4.87171E-04
   10492.566    821.579  14.750  1.91629E-04  1.91501E-04  6.65258E-04
   10498.195    827.208  14.800  1.91425E-04  1.91271E-04  8.07017E-04
   10503.844    832.857  14.850  1.91214E-04  1.91040E-04  9.06260E-04
   10509.511    838.524  14.900  1.90993E-04  1.90810E-04  9.59275E-04
   10515.198    844.210  14.950  1.90764E-04  1.90579E-04  9.65057E-04
   10520.903    849.916  15.000  1.90525E-04  1.90349E-04  9.25306E-04
   10526.627    855.640  15.050  1.90218E-04  1.90056E-04  8.50771E-04
   10532.371    861.384  15.100  1.89904E-04  1.89763E-04  7.41038E-04
   10538.134    867.146  15.150  1.89585E-04  1.89471E-04  6.02772E-04
   10543.915    872.928  15.200  1.89262E-04  1.89178E-04  4.43575E-04
   10549.716    878.729  15.250  1.88937E-04  1.88885E-04  2.71471E-04
   10555.536    884.549  15.300  1.88610E-04  1.88593E-04  9.44650E-05
   10561.375    890.387  15.350  1.88285E-04  1.88300E-04 -7.98015E-05
   10567.232    896.245  15.400  1.87961E-04  1.88007E-04 -2.44288E-04
   10573.109    902.122  15.450  1.87640E-04  1.87714E-04 -3.92714E-04
   10579.005    908.018  15.500  1.87324E-04  1.87422E-04 -5.19675E-04
   10584.920    913.933  15.550  1.87013E-04  1.87129E-04 -6.20736E-04
   10590.854    919.867  15.600  1.86707E-04  1.86836E-04 -6.92524E-04
   10596.807    925.820  15.650  1.86407E-04  1.86544E-04 -7.32814E-04
   10602.780    931.792  15.700  1.86113E-04  1.86251E-04 -7.40614E-04
   10608.771    937.784  15.750  1.85825E-04  1.85958E-04 -7.16222E-04
   10614.781    943.794  15.800  1.85542E-04  1.85665E-04 -6.61265E-04
   10620.810    949.823  15.850  1.85265E-04  1.85373E-04 -5.78707E-04
   10626.859    955.871  15.900  1.84992E-04  1.85080E-04 -4.72806E-04
   10632.926    961.939  15.950  1.84723E-04  1.84787E-04 -3.48997E-04
   10639.012    968.025  16.000  1.84455E-04  1.84495E-04 -2.13671E-04
   10645.118    974.131  16.050  1.84202E-04  1.84216E-04 -7.66512E-05
   10651.243    980.255  16.100  1.83948E-04  1.83937E-04  5.88530E-05
   10657.386    986.399  16.150  1.83692E-04  1.83658E-04  1.86337E-04
   10663.549    992.562  16.200  1.83434E-04  1.83379E-04  2.99979E-04
   10669.730    998.743  16.250  1.83173E-04  1.83101E-04  3.95003E-04
   10675.931   1004.944  16.300  1.82907E-04  1.82822E-04  4.67936E-04
   10682.151   1011.164  16.350  1.82637E-04  1.82543E-04  5.16737E-04
   10688.390   1017.403  16.400  1.82363E-04  1.82264E-04  5.40788E-04
   10694.648   1023.661  16.450  1.82084E-04  1.81985E-04  5.40773E-04
   10700.925   1029.938  16.500  1.81801E-04  1.81706E-04  5.18464E-04
   10707.221   1036.234  16.550  1.81514E-04  1.81428E-04  4.76454E-04
   10713.536   1042.549  16.600  1.81225E-04  1.81149E-04  4.17893E-04
   10719.870   1048.883  16.650  1.80933E-04  1.80870E-04  3.46238E-04
   10726.223   1055.236  16.700  1.80639E-04  1.80591E-04  2.65057E-04
   10732.595   1061.608  16.750  1.80345E-04  1.80312E-04  1.77894E-04
   10738.986   1067.999  16.800  1.80050E-04  1.80034E-04  8.81873E-05
   10745.397   1074.410  16.850  1.79755E-04  1.79755E-04 -7.64604E-07
   10751.826   1080.839  16.900  1.79461E-04  1.79476E-04 -8.58250E-05
   10758.275   1087.287  16.950  1.79168E-04  1.79197E-04 -1.64039E-04
   10764.742   1093.755  17.000  1.78877E-04  1.78918E-04 -2.32681E-04
   10771.228   1100.241  17.050  1.78591E-04  1.78643E-04 -2.92577E-04
   10777.734   1106.747  17.100  1.78308E-04  1.78369E-04 -3.38504E-04
   10784.259   1113.271  17.150  1.78028E-04  1.78094E-04 -3.68589E-04
   10790.802   1119.815  17.200  1.77751E-04  1.77819E-04 -3.81652E-04
   10797.365   1126.378  17.250  1.77477E-04  1.77544E-04 -3.77332E-04
   10803.947   1132.959  17.300  1.77206E-04  1.77269E-04 -3.56163E-04
   10810.547   1139.560  17.350  1.76937E-04  1.76994E-04 -3.19587E-04
   10817.167   1146.180  17.400  1.76671E-04  1.76719E-04 -2.69875E-04
   10823.806   1152.819  17.450  1.76407E-04  1.76444E-04 -2.09985E-04
   10830.464   1159.477  17.500  1.76144E-04  1.76169E-04 -1.43349E-04
   10837.141   1166.154  17.550  1.75881E-04  1.75894E-04 -7.36300E-05
   10843.837   1172.850  17.600  1.75618E-04  1.75619E-04 -4.45899E-06
   10850.552   1179.565  17.650  1.75355E-04  1.75344E-04  6.08022E-05
   10857.286   1186.299  17.700  1.75090E-04  1.75069E-04  1.19263E-04
   10864.040   1193.052  17.750  1.74824E-04  1.74794E-04  1.68643E-04
   10870.812   1199.825  17.800  1.74556E-04  1.74520E-04  2.07346E-04
   10877.603   1206.616  17.850  1.74286E-04  1.74245E-04  2.34469E-04
   10884.414   1213.426  17.900  1.74013E-04  1.73970E-04  2.49751E-04
   10891.243   1220.256  17.950  1.73739E-04  1.73695E-04  2.53489E-04
   10898.091   1227.104  18.000  1.73463E-04  1.73420E-04  2.46433E-04
   10904.959   1233.972  18.050  1.73151E-04  1.73111E-04  2.32948E-04
   10911.845   1240.858  18.100  1.72839E-04  1.72802E-04  2.10767E-04
   10918.751   1247.764  18.150  1.72525E-04  1.72493E-04  1.81048E-04
   10925.676   1254.688  18.200  1.72209E-04  1.72184E-04  1.45128E-04
   10932.619   1261.632  18.250  1.71894E-04  1.71876E-04  1.04510E-04
   10939.582   1268.595  18.300  1.71577E-04  1.71567E-04  6.08506E-05
   10946.564   1275.577  18.350  1.71261E-04  1.71258E-04  1.59370E-05
   10953.565   1282.578  18.400  1.70944E-04  1.70949E-04 -2.83507E-05
   10960.585   1289.597  18.450  1.70628E-04  1.70640E-04 -7.01050E-05
   10967.624   1296.636  18.500  1.70313E-04  1.70331E-04 -1.07481E-04
   10974.682   1303.694  18.550  1.69999E-04  1.70023E-04 -1.38807E-04
   10981.759   1310.771  18.600  1.69686E-04  1.69714E-04 -1.62700E-04
   10988.855   1317.868  18.650  1.69375E-04  1.69405E-04 -1.78174E-04
   10995.970   1324.983  18.700  1.69065E-04  1.69096E-04 -1.84724E-04
   11003.104   1332.117  18.750  1.68756E-04  1.68787E-04 -1.82369E-04
   11010.257   1339.270  18.800  1.68449E-04  1.68478E-04 -1.71651E-04
   11017.430   1346.442  18.850  1.68144E-04  1.68169E-04 -1.53579E-04
   11024.621   1353.634  18.900  1.67839E-04  1.67861E-04 -1.29544E-04
   11031.831   1360.844  18.950  1.67535E-04  1.67552E-04 -1.01188E-04
   11039.061   1368.074  19.000  1.67231E-04  1.67243E-04 -7.02723E-05
   11046.309   1375.322  19.050  1.66961E-04  1.66968E-04 -3.92650E-05
   11053.577   1382.590  19.100  1.66692E-04  1.66693E-04 -8.34382E-06
   11060.863   1389.876  19.150  1.66422E-04  1.66418E-04  2.11068E-05
   11068.169   1397.182  19.200  1.66152E-04  1.66144E-04  4.79107E-05
   11075.494   1404.507  19.250  1.65881E-04  1.65869E-04  7.11314E-05
   11082.838   1411.850  19.300  1.65609E-04  1.65594E-04  9.00776E-05
   11090.200   1419.213  19.350  1.65336E-04  1.65319E-04  1.04290E-04
   11097.582   1426.595  19.400  1.65063E-04  1.65044E-04  1.13517E-04
   11104.983   1433.996  19.450  1.64789E-04  1.64769E-04  1.17691E-04
   11112.403   1441.416  19.500  1.64514E-04  1.64495E-04  1.16912E-04
   11119.842   1448.855  19.550  1.64238E-04  1.64220E-04  1.11431E-04
   11127.300   1456.313  19.600  1.63962E-04  1.63945E-04  1.01656E-04
   11134.777   1463.790  19.650  1.63685E-04  1.63670E-04  8.81435E-05
   11142.273   1471.286  19.700  1.63407E-04  1.63395E-04  7.16019E-05
   11149.788   1478.801  19.750  1.63129E-04  1.63121E-04  5.28737E-05
   11157.323   1486.336  19.800  1.62851E-04  1.62846E-04  3.29075E-05
   11164.876   1493.889  19.850  1.62573E-04  1.62571E-04  1.27115E-05
   11172.448   1501.461  19.900  1.62295E-04  1.62296E-04 -6.70696E-06
   11180.040   1509.053  19.950  1.62017E-04  1.62021E-04 -2.44112E-05
   11187.650   1516.663  20.000  1.61740E-04  1.61746E-04 -3.96031E-05
