# # Once                                                         FEFF 10.0.0 
# # POT  SCF 100  9.0000   0, NO core-hole, FOLP (folp(0)= 1.150)
# # Abs   Z=30 Rmt= 1.380 Rnm= 1.524 K  shell
# #   RGRID 0.0100
# # Pot 1 Z= 6 Rmt= 0.897 Rnm= 1.122
# # Pot 2 Z= 6 Rmt= 0.923 Rnm= 1.165
# # Pot 3 Z= 1 Rmt= 0.551 Rnm= 0.959
# # Pot 4 Z=16 Rmt= 1.258 Rnm= 1.478
# # Gam_ch=1.897E+00 H-L exch Vi=-5.000E-01 Vr= 0.000E+00
# # Mu=-7.352E+00eV kf=1.973E+00 Vint=-1.289E+01eV Rs_int= 1.838
# # PATH  Rmax= 9.000,  Keep_limit= 0.00, Heap_limit 0.00  Pwcrit= 2.50%
#  S02=1.000  Temp=  10.00  Debye_temp= 315.00  Global_sig2= 0.00000
#  Energy zero shift, vr, vi    0.00000E+00   0.00000E+00
#  Curved wave amplitude ratio filter   4.000%
#     file         sig2 tot  cw amp ratio   deg  nlegs   reff  inp sig2
#           1       0.00295    100.00      1.00     2   2.3512
#           2       0.00305     98.84      1.00     2   2.3625
#           3       0.00309     98.09      1.00     2   2.3699
#           4       0.00316     97.69      1.00     2   2.3739
#           5       0.02795     14.63      1.00     2   3.0327
#           6       0.02299     14.10      1.00     2   3.0789
#           7       0.02747     13.45      1.00     2   3.1390
#           8       0.02711     12.26      1.00     2   3.2600
#           9       0.00635     42.90      1.00     2   3.2745
#          10       0.00608     42.55      1.00     2   3.2855
#          11       0.00616     40.77      1.00     2   3.3418
#          12       0.00644     37.59      1.00     2   3.4513
#          13       0.02470      9.27      1.00     2   3.6522
#          14       0.01375     18.93      2.00     3   3.7000
#          15       0.00418     50.26      2.00     3   3.7265
#          16       0.01153     17.58      2.00     3   3.7289
#          17       0.00417     49.74      2.00     3   3.7370
#          18       0.03674      8.71      1.00     2   3.7464
#          19       0.03942      8.64      1.00     2   3.7579
#          20       0.00430     48.64      2.00     3   3.7709
#          21       0.01345     16.62      2.00     3   3.7866
#          22       0.00448     47.83      2.00     3   3.8276
#          23       0.01631      9.64      2.00     3   3.8965
#          24       0.01362     14.80      2.00     3   3.9010
#          25       0.01478      9.45      2.00     3   3.9248
#          26       0.01632      9.25      2.00     3   3.9585
#          27       0.01344     12.97      2.00     3   4.0151
#          28       0.01663      8.88      2.00     3   4.0243
#          29       0.03498      7.23      1.00     2   4.0355
#          30       0.01029     24.33      1.00     2   4.0958
#          31       0.02509     11.98      1.00     4   4.1254
#          32       0.01225     23.84      1.00     2   4.1280
#          33       0.01605      6.80      1.00     2   4.1362
#          35       0.01952     11.47      1.00     4   4.1723
#          36       0.00443     19.10      1.00     4   4.1785
#          38       0.00458     18.74      1.00     4   4.1884
#          39       0.00458     17.02      1.00     4   4.2000
#          40       0.00468     13.47      1.00     4   4.2039
#          41       0.01467      8.24      2.00     3   4.2138
#          43       0.01520      6.48      1.00     2   4.2169
#          44       0.02409     10.98      1.00     4   4.2314
#          45       0.01925      4.81      2.00     3   4.2448
#          46       0.01229     25.21      2.00     3   4.2520
#          47       0.00423     11.61      2.00     3   4.2539
#          48       0.00437     11.79      2.00     3   4.2550
#          49       0.01647      6.30      1.00     2   4.2618
#          50       0.00446     11.77      2.00     3   4.2721
#          51       0.01026      6.19      2.00     4   4.2773
#          52       0.00452     12.17      2.00     3   4.3203
#          53       0.01186     24.57      2.00     3   4.3260
#          54       0.00432     12.73      2.00     3   4.3277
#          55       0.00431     12.79      2.00     3   4.3350
#          56       0.00983     20.97      1.00     2   4.3367
#          57       0.02407     10.06      1.00     4   4.3506
#          58       0.01140     26.10      1.00     4   4.3678
#          59       0.01098      4.90      1.00     4   4.3780
#          60       0.01227     21.38      2.00     3   4.4031
#          61       0.01126     26.00      1.00     4   4.4351
#          62       0.01245     10.48      2.00     3   4.4423
#          63       0.00621     23.35      2.00     3   4.4429
#          64       0.01804      6.38      2.00     4   4.4585
#          65       0.01954      4.54      2.00     3   4.4631
#          66       0.01087      8.71      2.00     4   4.4666
#          67       0.01958     11.79      2.00     3   4.4674
#          68       0.01256     11.21      2.00     3   4.4891
#          69       0.02203     11.95      2.00     3   4.4896
#          70       0.00629     21.71      2.00     3   4.4939
#          71       0.01309     11.64      2.00     3   4.5160
#          72       0.01123     20.24      1.00     4   4.5444
#          73       0.01876      4.26      2.00     3   4.5567
#          74       0.00949     21.72      2.00     4   4.5581
#          75       0.00952      5.48      2.00     4   4.5767
#          76       0.01725      9.46      2.00     4   4.5789
#          77       0.01827      4.49      2.00     3   4.5890
#          79       0.00963     23.63      2.00     4   4.5982
#          81       0.00578     18.96      2.00     3   4.6224
#          82       0.00637     17.62      1.00     2   4.6341
#          83       0.01920      4.01      2.00     3   4.6383
#          84       0.01210      8.00      2.00     3   4.6402
#          85       0.00634     21.87      2.00     3   4.6533
#          86       0.00975     21.85      2.00     4   4.6574
#          87       0.00619     18.27      2.00     3   4.6596
#          88       0.01691      9.05      2.00     4   4.6658
#          89       0.02093      5.84      2.00     4   4.6775
#          90       0.02713      4.96      1.00     2   4.6820
#          91       0.03014      4.93      1.00     2   4.6947
#          92       0.00590     12.56      1.00     4   4.7024
#          93       0.01003     18.61      2.00     4   4.7040
#          94       0.01199      7.29      2.00     3   4.7090
#          95       0.00482      4.01      2.00     4   4.7137
#          96       0.00585     52.82      2.00     3   4.7170
#          97       0.02426      5.10      2.00     3   4.7210
#          99       0.00611     12.26      1.00     4   4.7249
#         100       0.00483      4.13      2.00     4   4.7251
#         101       0.01838      9.08      2.00     3   4.7328
#         102       0.00466      5.86      2.00     4   4.7324
#         103       0.00470      5.99      2.00     4   4.7364
#         104       0.00618     12.07      1.00     4   4.7398
#         105       0.00488      5.06      2.00     4   4.7438
#         106       0.01768      7.05      1.00     4   4.7447
#         107       0.00631     11.97      1.00     4   4.7479
#         108       0.01398      4.23      1.00     4   4.7484
#         109       0.01002     19.04      2.00     4   4.7550
#         110       0.00585     19.53      2.00     3   4.7591
#         111       0.01420      5.27      1.00     4   4.7613
#         112       0.02670      4.75      1.00     2   4.7628
#         114       0.01425      5.90      1.00     4   4.7703
#         115       0.02034      5.48      2.00     4   4.7707
#         116       0.01029     18.60      2.00     4   4.7794
#         117       0.01729      7.64      2.00     4   4.7796
#         118       0.00654     10.06      1.00     4   4.7901
#         119       0.01945     14.07      2.00     5   4.7932
#         120       0.00650     56.06      1.00     4   4.7999
#         121       0.01208     10.20      2.00     4   4.8146
#         122       0.00937     42.81      2.00     5   4.8198
#         123       0.01589      6.13      2.00     5   4.8214
#         126       0.00981      6.34      2.00     5   4.8295
#         127       0.03818      7.33      1.00     4   4.8391
#         128       0.04342      7.28      1.00     4   4.8513
#         129       0.02052      5.15      2.00     4   4.8528
#         130       0.01233      9.71      2.00     4   4.8556
#         131       0.00649      8.27      1.00     4   4.8599
#         132       0.00943     44.56      2.00     5   4.8641
#         133       0.01246      9.09      2.00     4   4.8684
#         134       0.02682      4.48      1.00     2   4.8719
#         135       0.01192      6.84      2.00     3   4.8746
#         136       0.01930     13.42      2.00     5   4.8798
#         137       0.00506     27.07      2.00     3   4.8882
#         139       0.00532     10.40      2.00     4   4.8949
#         140       0.00864      5.30      2.00     3   4.9000
#         141       0.00946     39.08      2.00     5   4.9208
#         142       0.00568      8.82      2.00     4   4.9230
#         143       0.00930      8.88      2.00     3   4.9312
#         144       0.01981      4.34      1.00     2   4.9352
#         145       0.01734     11.50      2.00     3   4.9354
#         146       0.01226      8.31      2.00     4   4.9387
#         147       0.02024     11.02      2.00     3   4.9578
#         148       0.00708      5.01      2.00     3   4.9695
#         149       0.00694     12.54      1.00     4   4.9699
#         150       0.00502     10.50      2.00     4   4.9695
#         151       0.00468     47.13      2.00     4   4.9711
#         152       0.02000      4.23      1.00     2   4.9807
#         153       0.01517      4.97      2.00     5   4.9835
#         154       0.01497      9.64      2.00     4   4.9873
#         155       0.01897     11.39      2.00     5   4.9941
#         157       0.00952     17.35      2.00     5   5.0101
#         158       0.02288      6.82      2.00     3   5.0143
#         159       0.00966     18.50      2.00     4   5.0141
#         161       0.00511      9.35      2.00     4   5.0256
#         162       0.00968     20.03      2.00     5   5.0272
#         164       0.00539     12.78      2.00     4   5.0296
#         165       0.00975     20.52      2.00     5   5.0337
#         168       0.01533      5.09      2.00     5   5.0429
#         169       0.02373      6.39      2.00     3   5.0457
#         170       0.01215      9.62      2.00     4   5.0493
#         172       0.01583      6.70      2.00     3   5.0590
#         173       0.02226      7.31      2.00     3   5.0594
#         174       0.01493     15.51      2.00     3   5.0633
#         175       0.01482      8.67      2.00     4   5.0749
#         176       0.00522     12.36      2.00     4   5.0756
#         178       0.01635      6.21      2.00     3   5.1007
#         179       0.01554     15.48      2.00     3   5.1019
#         180       0.00691      9.05      1.00     4   5.1019
#         181       0.01272      8.23      2.00     4   5.1030
#         182       0.01750      7.01      2.00     3   5.1046
#         183       0.01536      5.10      2.00     5   5.1071
#         184       0.01896     12.33      2.00     5   5.1076
#         186       0.00670      8.98      1.00     4   5.1115
#         187       0.02364      8.02      2.00     3   5.1238
#         188       0.03900      6.06      1.00     4   5.1288
#         189       0.00544     12.80      1.00     4   5.1423
#         192       0.01622      9.50      2.00     3   5.1508
#         194       0.01424      6.33      2.00     5   5.1559
#         195       0.01242     11.67      2.00     4   5.1604
#         196       0.00487     37.91      2.00     4   5.1685
#         197       0.00702      8.84      1.00     4   5.1719
#         198       0.00577      4.59      1.00     4   5.1814
#         199       0.01482      7.97      2.00     3   5.1868
#         200       0.01608      7.41      1.00     4   5.1889
#         202       0.01320     15.41      1.00     4   5.1915
#         203       0.01435      9.26      2.00     4   5.1912
#         204       0.00754      5.22      2.00     3   5.1920
#         207       0.01280     13.52      2.00     5   5.2155
#         208       0.00889      5.16      2.00     3   5.2165
#         209       0.05100     12.01      1.00     6   5.2182
#         210       0.01877      6.85      1.00     4   5.2209
#         211       0.01363     15.73      1.00     4   5.2232
#         214       0.02166     12.08      2.00     3   5.2424
#         215       0.00550     20.36      2.00     5   5.2421
#         216       0.01472      7.58      2.00     3   5.2433
#         217       0.01622      6.19      2.00     3   5.2435
#         218       0.01261     27.37      2.00     5   5.2433
#         219       0.01389      4.60      2.00     3   5.2450
#         221       0.01772     10.32      2.00     6   5.2452
#         222       0.00514     86.92      2.00     5   5.2514
#         223       0.00756      4.61      2.00     3   5.2569
#         224       0.03908     11.51      1.00     6   5.2656
#         225       0.01199      9.64      2.00     5   5.2666
#         226       0.01238      9.46      2.00     4   5.2678
#         227       0.00957      7.27      1.00     6   5.2713
#         228       0.00981     19.33      1.00     6   5.2718
#         229       0.02278      5.98      2.00     4   5.2718
#         230       0.01536      5.52      2.00     6   5.2729
#         232       0.00703      8.81      1.00     4   5.2812
#         234       0.00943      6.36      1.00     6   5.2818
#         235       0.01281     10.27      2.00     4   5.2825
#         236       0.01250      9.87      2.00     5   5.2847
#         237       0.00572     18.29      2.00     5   5.2890
#         238       0.00928      6.75      1.00     6   5.2924
#         239       0.00989     20.88      1.00     6   5.2932
#         240       0.00912      8.74      1.00     6   5.2945
#         241       0.01586      9.06      2.00     3   5.2956
#         242       0.00987     19.86      1.00     6   5.2971
#         243       0.02511      4.08      2.00     3   5.2983
#         244       0.02029      5.84      2.00     4   5.2993
#         245       0.01151     15.87      2.00     4   5.2994
#         247       0.01262     12.19      2.00     5   5.3047
#         248       0.01642      7.21      2.00     5   5.3063
#         249       0.01183      5.46      2.00     4   5.3069
#         250       0.02632      4.18      2.00     4   5.3071
#         252       0.01275      8.56      2.00     4   5.3088
#         253       0.01841     10.32      2.00     6   5.3089
#         254       0.01153      8.84      2.00     4   5.3125
#         255       0.01154     16.07      2.00     4   5.3150
#         256       0.01438     14.06      2.00     3   5.3158
#         257       0.02950      4.13      2.00     4   5.3195
#         258       0.01334      9.58      2.00     4   5.3238
#         259       0.01176     12.77      2.00     4   5.3278
#         260       0.02428     10.34      1.00     4   5.3410
#         261       0.02236     22.23      2.00     5   5.3453
#         262       0.00568     26.61      2.00     5   5.3462
#         264       0.02712      5.90      2.00     3   5.3479
#         266       0.01192      5.30      2.00     4   5.3558
#         267       0.02327      5.72      2.00     4   5.3555
#         268       0.02294      5.60      2.00     3   5.3562
#         270       0.02243      5.68      2.00     4   5.3595
#         271       0.01583      4.71      2.00     4   5.3619
#         272       0.01162      7.90      2.00     4   5.3639
#         273       0.01166     15.63      2.00     4   5.3645
#         274       0.01372      4.59      2.00     6   5.3679
#         275       0.01811      9.90      2.00     6   5.3705
#         277       0.02417      4.30      1.00     4   5.3758
#         279       0.02552      5.78      2.00     4   5.3768
#         280       0.01642      5.21      2.00     4   5.3914
#         281       0.01619     14.00      2.00     4   5.3942
#         282       0.01140      5.07      2.00     5   5.3950
#         284       0.01599      6.09      2.00     4   5.4012
#         285       0.02903      7.66      2.00     4   5.4026
#         286       0.01242      9.84      2.00     4   5.4027
#         287       0.01480      7.68      2.00     3   5.4083
#         288       0.01270     13.20      2.00     4   5.4105
#         289       0.01539     10.55      2.00     3   5.4122
#         290       0.02106      5.17      2.00     5   5.4128
#         291       0.00988      7.38      2.00     5   5.4145
#         292       0.02217     21.64      2.00     5   5.4192
#         293       0.01329     13.67      2.00     5   5.4196
#         294       0.01137     10.75      2.00     4   5.4204
#         295       0.00486      5.19      2.00     5   5.4215
#         296       0.00487     39.53      2.00     5   5.4226
#         297       0.01169     10.58      2.00     5   5.4257
#         298       0.01585      4.57      2.00     4   5.4273
#         299       0.02358      7.01      2.00     4   5.4301
#         300       0.01642      5.63      1.00     4   5.4296
#         301       0.01272     14.47      1.00     4   5.4321
#         303       0.01153      7.94      2.00     3   5.4357
#         305       0.01464      4.42      1.00     4   5.4384
#         306       0.01168      7.21      2.00     5   5.4393
#         308       0.01250      9.97      2.00     4   5.4466
#         309       0.01492      8.77      1.00     4   5.4476
#         310       0.01527      6.12      1.00     4   5.4474
#         311       0.01659      4.57      2.00     4   5.4518
#         312       0.00504     11.56      2.00     5   5.4520
#         313       0.00496      4.82      2.00     5   5.4547
#         314       0.01904      5.24      2.00     5   5.4575
#         315       0.02330     26.76      1.00     6   5.4610
#         317       0.00771     12.03      2.00     5   5.4656
#         318       0.01289      9.11      2.00     4   5.4673
#         319       0.01270     12.74      2.00     4   5.4679
#         320       0.01154      4.74      2.00     5   5.4704
#         321       0.02197      4.62      1.00     6   5.4705
#         322       0.00645     12.20      2.00     3   5.4712
#         323       0.00663     12.05      2.00     3   5.4759
#         324       0.02310      5.45      2.00     4   5.4779
#         325       0.01130     10.37      2.00     4   5.4780
#         326       0.01758      4.34      2.00     4   5.4798
#         327       0.02126      4.09      2.00     4   5.4845
#         328       0.00664     10.16      2.00     3   5.4940
#         329       0.01667      6.24      2.00     4   5.4955
#         330       0.02177     18.99      2.00     5   5.4963
#         331       0.01199      4.03      2.00     4   5.4990
#         333       0.01194      6.76      2.00     5   5.5040
#         334       0.01463      4.09      1.00     4   5.5059
#         338       0.01149     12.70      2.00     4   5.5185
#         339       0.02050      4.71      2.00     5   5.5197
#         340       0.01162      7.45      2.00     4   5.5224
#         341       0.01161     15.99      2.00     4   5.5246
#         342       0.01154      5.18      2.00     5   5.5253
#         343       0.01166      9.43      2.00     5   5.5273
#         344       0.02303     26.63      1.00     6   5.5283
#         345       0.01350     26.01      2.00     5   5.5295
#         346       0.02697      4.99      2.00     3   5.5337
#         347       0.01181     13.21      2.00     4   5.5342
#         348       0.01088      6.86      2.00     5   5.5356
#         349       0.01815      9.14      2.00     5   5.5356
#         350       0.01238     15.33      2.00     5   5.5360
#         351       0.01165     26.63      2.00     5   5.5362
#         352       0.01244      8.10      2.00     4   5.5382
#         353       0.01073     29.69      2.00     5   5.5386
#         354       0.01774      4.15      2.00     4   5.5388
#         358       0.02380      6.80      2.00     6   5.5510
#         359       0.05368      6.82      2.00     6   5.5518
#         360       0.01163     10.68      2.00     3   5.5529
#         361       0.00780     19.00      2.00     5   5.5539
#         362       0.00993      9.14      2.00     5   5.5549
#         363       0.01692      8.68      2.00     6   5.5591
#         365       0.02540      6.38      2.00     5   5.5605
#         367       0.00783     18.85      2.00     5   5.5629
#         368       0.02194      9.03      2.00     5   5.5631
#         370       0.01142      7.47      2.00     5   5.5675
#         371       0.01315      6.50      2.00     4   5.5731
#         373       0.01807      9.72      2.00     5   5.5823
#         374       0.02948      6.09      2.00     5   5.5826
#         375       0.02218      9.09      2.00     5   5.5848
#         378       0.01139      6.78      2.00     5   5.5873
#         379       0.01171     26.16      2.00     5   5.5871
#         380       0.01241     13.74      2.00     5   5.5869
#         381       0.00658      9.85      2.00     3   5.5874
#         382       0.01097     10.34      2.00     4   5.5874
#         383       0.01089     17.91      2.00     4   5.5884
#         384       0.02053      4.55      2.00     4   5.5883
#         385       0.01087     29.21      2.00     5   5.5891
#         386       0.01116      8.86      2.00     4   5.5899
#         387       0.01561      4.29      2.00     4   5.5954
#         388       0.00814     18.98      2.00     5   5.6010
#         389       0.01150      9.44      2.00     4   5.6051
#         391       0.01743     10.08      2.00     5   5.6092
#         392       0.02772      6.10      2.00     4   5.6112
#         393       0.00865     14.00      1.00     4   5.6113
#         394       0.01218      7.41      2.00     4   5.6127
#         397       0.01177      7.51      2.00     5   5.6149
#         399       0.01494      4.60      1.00     4   5.6171
#         400       0.01178      8.84      2.00     5   5.6167
#         401       0.01145     18.79      2.00     5   5.6171
#         402       0.01571      5.33      2.00     4   5.6198
#         403       0.02218      5.07      2.00     4   5.6203
#         404       0.01147      4.58      2.00     5   5.6246
#         405       0.01124     13.04      2.00     5   5.6245
#         406       0.00975      7.47      2.00     4   5.6257
#         408       0.00539     14.79      2.00     4   5.6292
#         409       0.00544     14.69      2.00     4   5.6294
#         410       0.01262     12.29      2.00     4   5.6323
#         411       0.01137      8.62      2.00     4   5.6336
#         412       0.01185     14.47      2.00     4   5.6358
#         413       0.00691     12.28      2.00     4   5.6367
#         414       0.02290     20.84      1.00     6   5.6376
#         415       0.01327      6.49      2.00     4   5.6388
#         417       0.02136      4.36      2.00     5   5.6408
#         419       0.00744     12.05      2.00     4   5.6445
#         420       0.00890     13.17      1.00     4   5.6460
#         421       0.00929      7.35      2.00     4   5.6479
#         422       0.01913     21.88      2.00     6   5.6513
#         424       0.01416     19.26      2.00     5   5.6540
#         426       0.01045      6.11      2.00     4   5.6564
#         428       0.00836     20.43      2.00     5   5.6575
#         429       0.01150      9.19      2.00     5   5.6596
#         430       0.01196     13.60      2.00     5   5.6623
#         431       0.01106     15.62      2.00     5   5.6621
#         432       0.01209     16.89      2.00     6   5.6675
#         433       0.01087     14.17      2.00     5   5.6697
#         434       0.01959      5.55      2.00     6   5.6692
#         435       0.01150     19.44      2.00     5   5.6703
#         437       0.01137     26.14      2.00     5   5.6713
#         438       0.07799      9.35      2.00     6   5.6717
#         439       0.01335      6.36      2.00     4   5.6724
#         440       0.02082      9.46      2.00     6   5.6722
#         441       0.01189      6.64      2.00     5   5.6748
#         443       0.01729      9.44      2.00     5   5.6785
#         444       0.02327      8.57      2.00     5   5.6823
#         446       0.01161      4.30      2.00     5   5.6848
#         447       0.01726      4.31      2.00     5   5.6866
#         450       0.01144      8.77      2.00     4   5.6897
#         451       0.01080      6.14      2.00     4   5.6898
#         452       0.01214      7.98      2.00     4   5.6901
#         453       0.01900     23.64      2.00     6   5.6914
#         455       0.00598     11.58      1.00     6   5.6941
#         456       0.01524     23.75      2.00     6   5.6948
#         460       0.01521      5.97      2.00     6   5.6994
#         461       0.01193      8.61      2.00     5   5.7007
#         462       0.01614      5.10      2.00     5   5.7026
#         463       0.00655     38.07      1.00     6   5.7029
#         465       0.01836      8.46      2.00     5   5.7080
#         466       0.01865      4.47      2.00     5   5.7090
#         468       0.00977      7.11      2.00     4   5.7118
#         470       0.01143      8.93      2.00     5   5.7155
#         471       0.00728      9.29      2.00     4   5.7158
#         472       0.01768      9.43      2.00     5   5.7175
#         473       0.01078     18.33      2.00     5   5.7181
#         474       0.00606     11.11      1.00     6   5.7180
#         475       0.01194      8.48      2.00     5   5.7193
#         476       0.00558      9.85      2.00     4   5.7213
#         477       0.01406     17.98      2.00     5   5.7218
#         478       0.00625     15.43      1.00     6   5.7225
#         479       0.02337      8.46      2.00     5   5.7243
#         480       0.00572     13.45      2.00     4   5.7258
#         482       0.01104     10.32      2.00     5   5.7265
#         483       0.01745      4.15      2.00     5   5.7262
#         484       0.01425      4.54      1.00     4   5.7275
#         485       0.01011      9.08      1.00     4   5.7292
#         487       0.01137      7.98      2.00     5   5.7298
#         488       0.01151      8.66      2.00     5   5.7309
#         489       0.01102     14.71      2.00     5   5.7305
#         490       0.01380      4.34      2.00     4   5.7327
#         491       0.01822      6.73      2.00     5   5.7332
#         492       0.01221     16.05      2.00     6   5.7337
#         493       0.01171      4.82      2.00     5   5.7349
#         495       0.01712      4.55      2.00     5   5.7354
#         496       0.01402      5.39      2.00     5   5.7361
#         498       0.01112      9.38      2.00     4   5.7381
#         499       0.01775      6.43      2.00     5   5.7379
#         504       0.01637      4.97      2.00     5   5.7428
#         505       0.01166     21.26      2.00     5   5.7465
#         506       0.01276     12.50      2.00     5   5.7462
#         507       0.01199      4.13      2.00     3   5.7475
#         508       0.01079     28.53      2.00     5   5.7486
#         510       0.01132     10.98      2.00     5   5.7503
#         511       0.01857     21.83      2.00     6   5.7506
#         512       0.00933     11.81      2.00     5   5.7509
#         513       0.01251      8.09      2.00     5   5.7526
#         515       0.01077     18.37      2.00     5   5.7548
#         516       0.01530      5.23      2.00     6   5.7584
#         517       0.07174      8.94      2.00     6   5.7582
#         518       0.02091      9.06      2.00     6   5.7590
#         519       0.01062      7.41      2.00     5   5.7645
#         520       0.01049     12.87      2.00     5   5.7670
#         521       0.01173     17.28      2.00     5   5.7675
#         522       0.01843      8.04      2.00     5   5.7685
#         524       0.06214      6.17      2.00     6   5.7702
#         525       0.03215      6.17      2.00     6   5.7707
#         528       0.01119     10.07      2.00     5   5.7793
#         531       0.01188      6.95      2.00     4   5.7830
#         532       0.01335      6.71      2.00     4   5.7846
#         533       0.01233     15.74      2.00     5   5.7883
#         535       0.01039      6.98      2.00     4   5.7917
#         536       0.01649      6.91      2.00     5   5.7920
#         537       0.01087      6.82      2.00     5   5.7929
#         538       0.01082     12.82      2.00     5   5.7936
#         539       0.01864      4.22      2.00     5   5.7933
#         540       0.01216      5.75      2.00     5   5.7944
#         541       0.01214      4.31      2.00     5   5.7957
#         542       0.01290     17.77      2.00     6   5.7959
#         544       0.01517      4.12      2.00     6   5.7969
#         545       0.01820     18.94      2.00     6   5.7973
#         549       0.01781      6.20      2.00     5   5.8019
#         550       0.00725      9.07      2.00     4   5.8024
#         552       0.00999     11.92      2.00     4   5.8070
#         553       0.01756      5.87      2.00     5   5.8086
#         554       0.01113      8.03      2.00     5   5.8095
#         556       0.01204      7.70      2.00     5   5.8100
#         557       0.01294     17.56      2.00     5   5.8103
#         558       0.00970     28.70      2.00     5   5.8120
#         563       0.02104      4.15      2.00     4   5.8228
#         564       0.01018      6.78      2.00     4   5.8252
#         565       0.01238      7.94      2.00     5   5.8250
#         566       0.02558      5.01      2.00     5   5.8257
#         568       0.02106      7.94      2.00     5   5.8281
#         570       0.01392     17.17      2.00     5   5.8315
#         571       0.01305      5.72      2.00     5   5.8313
#         574       0.02173      5.13      2.00     5   5.8376
#         576       0.01173      8.37      2.00     5   5.8390
#         577       0.01660      6.78      2.00     5   5.8397
#         578       0.01227      5.08      2.00     5   5.8405
#         580       0.01019      9.35      2.00     5   5.8416
#         581       0.01141     15.74      2.00     5   5.8411
#         582       0.01000     11.27      2.00     5   5.8415
#         583       0.02062      6.53      2.00     5   5.8411
#         584       0.01736      4.46      1.00     6   5.8416
#         585       0.00985     21.38      2.00     5   5.8425
#         587       0.01584      4.27      2.00     5   5.8434
#         588       0.01153     16.00      2.00     5   5.8440
#         589       0.01047      7.68      2.00     5   5.8443
#         590       0.02413      4.19      2.00     4   5.8454
#         591       0.01608     11.96      2.00     5   5.8457
#         593       0.01838     19.31      2.00     6   5.8482
#         594       0.01170      8.80      2.00     5   5.8520
#         595       0.01590      5.10      2.00     5   5.8527
#         596       0.01076     20.62      2.00     5   5.8544
#         597       0.02444      6.78      2.00     5   5.8542
#         598       0.01730      5.50      1.00     6   5.8545
#         599       0.00823     12.55      1.00     4   5.8553
#         600       0.01986      4.70      2.00     5   5.8568
#         601       0.01117     10.79      2.00     5   5.8594
#         602       0.00988      8.33      2.00     5   5.8610
#         603       0.02258      4.46      2.00     5   5.8615
#         605       0.01118     12.63      2.00     5   5.8624
#         606       0.01703      6.09      1.00     6   5.8635
#         607       0.05712      5.80      2.00     6   5.8631
#         608       0.01403      7.96      2.00     4   5.8637
#         609       0.03183      5.79      2.00     6   5.8639
#         613       0.06839      7.67      2.00     6   5.8703
#         614       0.01612      6.25      2.00     5   5.8718
#         616       0.01817     18.59      2.00     6   5.8726
#         617       0.02170      7.71      2.00     6   5.8728
#         620       0.01072      8.82      1.00     6   5.8827
#         621       0.01270      8.81      1.00     6   5.8831
#         622       0.01997     45.15      2.00     6   5.8833
#         623       0.01246      4.03      2.00     4   5.8842
#         624       0.01493      6.86      2.00     5   5.8845
#         625       0.01060      7.70      2.00     5   5.8849
#         627       0.01119     15.47      1.00     6   5.8857
#         628       0.05831     16.35      2.00     7   5.8860
#         629       0.03322     16.17      2.00     7   5.8865
#         633       0.02181      6.23      2.00     5   5.8908
#         634       0.01374      7.61      2.00     5   5.8904
#         635       0.01780      5.05      2.00     5   5.8920
#         636       0.01691     23.66      2.00     6   5.8924
#         637       0.01183     16.81      1.00     6   5.8929
#         638       0.01642     18.09      2.00     6   5.8932
#         639       0.01296     18.17      1.00     6   5.8932
#         640       0.00988     22.87      1.00     6   5.8949
#         642       0.01028      8.95      2.00     5   5.8962
#         644       0.01137     12.20      2.00     5   5.8970
#         645       0.01379      9.69      2.00     5   5.8989
#         646       0.01067      7.46      2.00     5   5.8987
#         647       0.01375     14.15      2.00     5   5.8991
#         648       0.01052     13.88      2.00     5   5.9009
#         654       0.02079      6.54      2.00     6   5.9076
#         655       0.01508     10.22      2.00     6   5.9072
#         656       0.01746     19.41      2.00     6   5.9078
#         658       0.01802      8.61      2.00     6   5.9102
#         659       0.01729      7.84      2.00     5   5.9110
#         660       0.01798      4.12      2.00     5   5.9119
#         661       0.01795      6.31      2.00     7   5.9126
#         663       0.01888     48.28      2.00     7   5.9130
#         665       0.02686      7.04      2.00     7   5.9139
#         666       0.04830      7.34      2.00     7   5.9148
#         667       0.01864      7.60      2.00     5   5.9170
#         668       0.02293      7.02      2.00     5   5.9180
#         670       0.01732      4.06      2.00     5   5.9206
#         671       0.01224     16.13      2.00     5   5.9217
#         673       0.01958      6.19      2.00     7   5.9220
#         675       0.00980      7.00      2.00     4   5.9237
#         679       0.01517     10.80      2.00     5   5.9336
#         680       0.01522      9.12      2.00     5   5.9334
#         682       0.01388      7.24      2.00     5   5.9350
#         683       0.01613      4.66      2.00     5   5.9369
#         685       0.05663      5.48      2.00     6   5.9435
#         686       0.01050      5.75      2.00     5   5.9447
#         687       0.01065      8.97      2.00     5   5.9444
#         688       0.01970      4.21      2.00     5   5.9449
#         690       0.03093      5.44      2.00     6   5.9460
#         691       0.01036     11.44      2.00     5   5.9469
#         692       0.01140      7.50      2.00     5   5.9470
#         694       0.01774     19.23      2.00     6   5.9488
#         695       0.02089      6.08      2.00     6   5.9486
#         696       0.01568      9.76      2.00     6   5.9490
#         698       0.01791      8.38      2.00     6   5.9508
#         700       0.01925     42.56      2.00     6   5.9531
#         701       0.01275      7.69      1.00     6   5.9529
#         702       0.01120      8.08      1.00     6   5.9533
#         703       0.01137     14.73      1.00     6   5.9551
#         704       0.01834      6.58      2.00     7   5.9565
#         705       0.01902     50.06      2.00     7   5.9573
#         706       0.01223     37.80      2.00     5   5.9584
#         707       0.02841      5.36      2.00     5   5.9606
#         708       0.01858     14.43      2.00     6   5.9614
#         709       0.02429      7.41      2.00     6   5.9616
#         710       0.05165      8.92      2.00     6   5.9612
#         711       0.01751      8.20      2.00     5   5.9619
#         714       0.01722      6.49      2.00     6   5.9641
#         715       0.01820      5.46      2.00     5   5.9675
#         716       0.01068      7.96      2.00     5   5.9700
#         718       0.01802      5.19      2.00     5   5.9721
#         719       0.05434     15.62      2.00     7   5.9722
#         720       0.02730      8.24      2.00     6   5.9729
#         721       0.03282     15.47      2.00     7   5.9730
#         723       0.01333     10.61      2.00     6   5.9793
#         725       0.01356     22.25      2.00     6   5.9810
#         726       0.01135     11.02      2.00     5   5.9815
#         727       0.01455     12.22      2.00     5   5.9829
#         728       0.01052     21.84      2.00     5   5.9832
#         730       0.01209     23.24      2.00     6   5.9882
#         731       0.01147      4.17      2.00     6   5.9880
#         732       0.00999      7.45      2.00     5   5.9902
#         733       0.01021     27.65      2.00     6   5.9906
#         735       0.01401      5.04      2.00     5   5.9915
#         736       0.01390      8.69      2.00     5   5.9934
#         737       0.00962      7.80      2.00     4   5.9978
#         738       0.01519      9.03      2.00     5   5.9992
#         739       0.01665      6.30      2.00     5   6.0012
#         741       0.01009      5.97      2.00     5   6.0035
#         742       0.00856      9.56      1.00     6   6.0059
#         743       0.00970     11.68      2.00     5   6.0066
#         744       0.01519     10.33      2.00     6   6.0063
#         745       0.01458     11.76      2.00     5   6.0077
#         746       0.01070      5.11      2.00     5   6.0082
#         747       0.01119     12.98      2.00     5   6.0087
#         748       0.01136      7.29      2.00     5   6.0097
#         749       0.01808      7.53      2.00     7   6.0114
#         750       0.01197     34.21      2.00     5   6.0120
#         751       0.01663      4.39      2.00     5   6.0138
#         752       0.00884      9.47      1.00     6   6.0144
#         753       0.01906     43.55      2.00     7   6.0139
#         755       0.01182     23.67      2.00     6   6.0162
#         757       0.01026     27.28      2.00     6   6.0182
#         759       0.01821      7.31      2.00     5   6.0234
#         761       0.01849      5.67      2.00     5   6.0245
#         763       0.01162      8.18      2.00     5   6.0275
#         765       0.02951     10.41      2.00     5   6.0285
#         766       0.00888      9.20      1.00     6   6.0300
#         767       0.01782      5.20      2.00     5   6.0308
#         769       0.02075      6.13      2.00     5   6.0311
#         770       0.04703      8.21      2.00     6   6.0311
#         772       0.01802     13.23      2.00     6   6.0316
#         774       0.01853      5.01      2.00     5   6.0339
#         775       0.00918      9.87      1.00     6   6.0338
#         776       0.01737      6.23      2.00     6   6.0339
#         778       0.01014      9.25      2.00     5   6.0389
#         779       0.00993     14.22      2.00     5   6.0399
#         780       0.01815      7.18      2.00     6   6.0403
#         781       0.01008      7.20      2.00     5   6.0418
#         783       0.01385     10.03      2.00     6   6.0457
#         785       0.00920      7.51      2.00     4   6.0490
#         786       0.03424     10.00      2.00     5   6.0508
#         787       0.02195      6.21      2.00     5   6.0530
#         788       0.01145      6.61      2.00     5   6.0547
#         789       0.01020      5.80      2.00     5   6.0558
#         790       0.01708      6.61      2.00     5   6.0575
#         791       0.01929      4.19      2.00     5   6.0602
#         792       0.00987      7.57      2.00     4   6.0606
#         793       0.01677     11.05      2.00     6   6.0605
#         795       0.01959     38.13      2.00     6   6.0631
#         796       0.01306      7.82      1.00     6   6.0628
#         797       0.01151      8.19      2.00     6   6.0626
#         798       0.01076     19.82      2.00     6   6.0628
#         799       0.01157      8.14      1.00     6   6.0632
#         800       0.01113      6.99      2.00     6   6.0636
#         801       0.01086     10.77      2.00     6   6.0641
#         803       0.01096     17.98      2.00     6   6.0644
#         804       0.01322     19.07      2.00     6   6.0652
#         805       0.01126     15.07      1.00     6   6.0652
#         806       0.01110     39.03      2.00     6   6.0661
#         807       0.01003      8.24      2.00     5   6.0665
#         810       0.01134     13.69      2.00     6   6.0686
#         811       0.01831      7.36      2.00     5   6.0717
#         812       0.01046      6.38      2.00     5   6.0728
#         813       0.01067     17.26      2.00     6   6.0736
#         814       0.01850      5.98      2.00     5   6.0762
#         815       0.01123     12.61      2.00     6   6.0759
#         816       0.01982      5.56      2.00     7   6.0763
#         817       0.01107      4.73      2.00     6   6.0766
#         818       0.02409      5.41      2.00     7   6.0768
#         819       0.00849      5.71      2.00     5   6.0777
#         820       0.00843      5.89      2.00     5   6.0777
#         822       0.02090      4.99      2.00     5   6.0794
#         823       0.01789      5.24      2.00     6   6.0794
#         824       0.02172      8.06      2.00     6   6.0794
#         825       0.02178      8.73      2.00     6   6.0804
#         827       0.05298      9.72      2.00     6   6.0801
#         828       0.00638     16.96      2.00     5   6.0809
#         829       0.02126      7.90      2.00     6   6.0806
#         830       0.00635     17.15      2.00     5   6.0812
#         832       0.01866      4.80      2.00     5   6.0827
#         834       0.01765      8.13      2.00     6   6.0850
#         835       0.01901      9.88      2.00     6   6.0850
#         836       0.05249     13.37      2.00     7   6.0848
#         837       0.01050     15.39      2.00     5   6.0873
#         838       0.01792      4.02      2.00     6   6.0875
#         839       0.03222     13.16      2.00     7   6.0873
#         841       0.01085     11.93      2.00     6   6.0892
#         842       0.01936      5.79      2.00     6   6.0897
#         843       0.01077     14.79      2.00     6   6.0911
#         844       0.01634      7.60      2.00     6   6.0944
#         846       0.01797      6.58      2.00     6   6.0981
#         847       0.00877      5.58      2.00     5   6.0994
#         848       0.00876      5.77      2.00     5   6.0994
#         849       0.00648     17.22      2.00     5   6.1021
#         850       0.01735      5.58      2.00     7   6.1029
#         851       0.03729      4.04      2.00     3   6.1038
#         852       0.01779     19.99      2.00     7   6.1033
#         854       0.02989      9.75      2.00     5   6.1045
#         855       0.01814      7.92      2.00     6   6.1057
#         857       0.01055     16.20      2.00     6   6.1060
#         858       0.01188     18.18      2.00     6   6.1060
#         860       0.01503      4.06      2.00     6   6.1071
#         861       0.02546      6.17      2.00     5   6.1074
#         862       0.01811     12.26      2.00     6   6.1074
#         863       0.05116     17.15      2.00     6   6.1074
#         864       0.01434     10.16      2.00     6   6.1072
#         865       0.01028      7.22      2.00     5   6.1083
#         866       0.01890      5.79      2.00     5   6.1085
#         868       0.01327      4.55      2.00     6   6.1091
#         869       0.01523      8.14      2.00     5   6.1110
#         870       0.01129      6.07      2.00     6   6.1112
#         872       0.01005      7.04      2.00     6   6.1116
#         873       0.01852      6.93      2.00     6   6.1120
#         878       0.01790     11.05      2.00     6   6.1137
#         879       0.01787     14.02      2.00     6   6.1137
#         880       0.01118      4.73      2.00     6   6.1138
#         881       0.01233     10.62      2.00     6   6.1138
#         882       0.01056     11.06      2.00     6   6.1138
#         883       0.00989     13.64      2.00     6   6.1141
#         884       0.01020     14.93      2.00     6   6.1141
#         885       0.01775      5.18      2.00     6   6.1147
#         886       0.01763      4.29      2.00     6   6.1147
#         887       0.01062      5.23      2.00     6   6.1155
#         889       0.01083     17.43      2.00     6   6.1163
#         890       0.01920      5.64      2.00     6   6.1165
#         892       0.01136      7.30      2.00     6   6.1186
#         893       0.01081     19.56      2.00     6   6.1188
#         894       0.01827      6.72      2.00     6   6.1196
#         895       0.01786      5.87      2.00     7   6.1197
#         896       0.01051      4.19      2.00     3   6.1201
#         898       0.01371     18.41      2.00     6   6.1208
#         900       0.01790     22.83      2.00     7   6.1205
#         901       0.01014     12.07      2.00     6   6.1212
#         902       0.01032     11.80      2.00     6   6.1212
#         904       0.01812      9.43      2.00     6   6.1221
#         905       0.01006     11.23      2.00     6   6.1218
#         906       0.01014     15.26      2.00     6   6.1218
#         907       0.00991     23.26      2.00     6   6.1228
#         908       0.01022     29.29      2.00     6   6.1228
#         909       0.01180     21.86      2.00     6   6.1228
#         912       0.01774      6.96      2.00     7   6.1244
#         913       0.01023     29.82      2.00     6   6.1249
#         914       0.01791     23.02      2.00     7   6.1269
#         916       0.01712      7.71      2.00     6   6.1305
#         918       0.03958      5.09      2.00     4   6.1319
#         920       0.02341      7.01      2.00     6   6.1343
#         921       0.02647      4.25      2.00     4   6.1355
#         922       0.01935      5.69      2.00     7   6.1353
#         923       0.02393      5.53      2.00     7   6.1362
#         924       0.00793      4.20      1.00     4   6.1378
#         925       0.00697     17.08      2.00     5   6.1379
#         926       0.02555      5.82      2.00     5   6.1387
#         928       0.02322      5.05      2.00     4   6.1410
#         929       0.00896      5.36      2.00     5   6.1408
#         930       0.00883      5.52      2.00     5   6.1408
#         931       0.02090      5.51      2.00     6   6.1422
#         932       0.01728     15.99      2.00     6   6.1425
#         933       0.01643      9.65      2.00     6   6.1427
#         934       0.01835      4.31      2.00     5   6.1451
#         935       0.01841      7.80      2.00     6   6.1447
#         937       0.02529      4.26      2.00     5   6.1469
#         938       0.01764      7.83      2.00     6   6.1466
#         939       0.00790      4.22      1.00     4   6.1474
#         940       0.00614     16.19      1.00     4   6.1485
#         941       0.03002      9.18      2.00     5   6.1492
#         942       0.00637     11.46      2.00     5   6.1503
#         943       0.01553      5.11      2.00     7   6.1503
#         944       0.01069     15.69      2.00     6   6.1509
#         945       0.01195     17.88      2.00     6   6.1509
#         946       0.01898      6.20      2.00     5   6.1521
#         949       0.02177      6.84      2.00     5   6.1524
#         951       0.02303      7.04      2.00     6   6.1534
#         955       0.01976      4.72      2.00     5   6.1560
#         956       0.00770      4.15      1.00     4   6.1565
#         960       0.00877      4.18      1.00     4   6.1587
#         961       0.02568     13.64      2.00     5   6.1590
#         963       0.01021      6.38      2.00     6   6.1589
#         964       0.01006     13.19      2.00     6   6.1596
#         965       0.01031     14.00      2.00     6   6.1596
#         968       0.01151      4.43      2.00     5   6.1660
#         969       0.01769      4.74      2.00     6   6.1666
#         970       0.02158      7.63      2.00     6   6.1666
#         971       0.04782      8.79      2.00     6   6.1673
#         972       0.02102      7.85      2.00     6   6.1679
#         973       0.02120      7.47      2.00     6   6.1681
#         974       0.01146      8.77      2.00     6   6.1685
#         975       0.01080     19.39      2.00     6   6.1688
#         976       0.01696      4.12      2.00     5   6.1692
#         978       0.01821      8.06      2.00     6   6.1690
#         979       0.00832      4.17      1.00     4   6.1703
#         981       0.01286     22.48      2.00     6   6.1710
#         982       0.01324     36.62      2.00     5   6.1719
#         983       0.01560      5.25      2.00     7   6.1716
#         984       0.01555      6.12      2.00     7   6.1732
#         985       0.01748      7.26      2.00     6   6.1746
#         986       0.01872      8.81      2.00     6   6.1746
#         987       0.01177      5.64      2.00     5   6.1755
#         991       0.01088     19.05      2.00     6   6.1760
#         992       0.00663     16.07      2.00     5   6.1777
#         993       0.00975     10.85      2.00     5   6.1778
#         994       0.00570      8.33      2.00     5   6.1788
#         997       0.01098      6.08      2.00     6   6.1839
#         998       0.01611      6.91      2.00     6   6.1839
#        1003       0.00871      4.10      1.00     4   6.1930
#        1004       0.03135      7.43      2.00     6   6.1930
#        1006       0.01995      5.77      2.00     5   6.1937
#        1007       0.05093      8.20      2.00     6   6.1937
#        1010       0.02072     12.75      2.00     6   6.1952
#        1011       0.01898     11.71      2.00     6   6.1959
#        1014       0.02661     13.62      2.00     5   6.1971
#        1015       0.01721      6.66      2.00     5   6.1976
#        1016       0.01908      5.72      2.00     7   6.1977
#        1018       0.01732      5.82      2.00     6   6.1983
#        1019       0.01679      4.63      2.00     5   6.1992
#        1022       0.02996     14.31      2.00     7   6.2002
#        1023       0.02450      5.52      2.00     7   6.2003
#        1026       0.00936      5.28      2.00     5   6.2015
#        1027       0.00934      5.38      2.00     5   6.2015
#        1028       0.02092      6.73      2.00     6   6.2040
#        1029       0.01073     16.81      2.00     6   6.2078
#        1030       0.01197     18.07      2.00     6   6.2078
#        1032       0.01667      4.01      2.00     5   6.2110
#        1033       0.00993      7.47      2.00     4   6.2127
#        1034       0.02528      4.09      2.00     5   6.2131
#        1036       0.00995      5.27      2.00     5   6.2140
#        1037       0.00967      7.25      2.00     4   6.2144
#        1039       0.01571      4.73      2.00     5   6.2150
#        1041       0.01016      4.78      2.00     6   6.2149
#        1043       0.01024      7.61      2.00     6   6.2153
#        1044       0.02490      7.16      2.00     5   6.2167
#        1045       0.01007     15.31      2.00     6   6.2174
#        1046       0.01036     17.38      2.00     6   6.2174
#        1047       0.02696     11.74      2.00     5   6.2184
#        1048       0.01717     14.65      2.00     6   6.2195
#        1054       0.01833      6.30      2.00     5   6.2301
#        1056       0.01576     74.80      2.00     5   6.2314
#        1058       0.01942      4.80      2.00     5   6.2331
#        1059       0.01191      5.50      2.00     5   6.2345
#        1061       0.01045     19.09      1.00     6   6.2373
#        1063       0.02978      8.66      2.00     5   6.2437
#        1064       0.01078      4.77      1.00     6   6.2447
#        1065       0.02015      5.71      2.00     5   6.2461
#        1068       0.01936      5.87      2.00     6   6.2504
#        1069       0.01397     10.62      2.00     5   6.2514
#        1071       0.02254      5.44      2.00     6   6.2529
#        1072       0.01031      7.41      2.00     6   6.2531
#        1074       0.02150     12.01      2.00     6   6.2537
#        1075       0.04926     11.55      2.00     6   6.2537
#        1076       0.01768      7.30      2.00     6   6.2555
#        1077       0.01533      5.21      2.00     6   6.2554
#        1081       0.01384      6.97      2.00     6   6.2610
#        1083       0.01113      7.16      2.00     6   6.2615
#        1084       0.01113     11.35      2.00     6   6.2618
#        1086       0.00947      7.49      2.00     4   6.2627
#        1087       0.00997     30.33      2.00     6   6.2635
#        1088       0.01971     12.29      2.00     6   6.2651
#        1089       0.00894      4.01      1.00     4   6.2666
#        1090       0.00838      4.00      1.00     4   6.2706
#        1091       0.01099      7.86      2.00     5   6.2703
#        1092       0.01031      7.30      2.00     3   6.2711
#        1093       0.01660     13.74      2.00     6   6.2731
#        1094       0.01087      8.06      1.00     6   6.2767
#        1095       0.00667     18.49      2.00     5   6.2777
#        1096       0.01302      4.36      2.00     5   6.2796
#        1099       0.01842      4.86      2.00     6   6.2812
#        1100       0.02119      6.53      2.00     6   6.2812
#        1101       0.01057      9.97      2.00     6   6.2818
#        1102       0.05337      9.29      2.00     6   6.2818
#        1103       0.01041      8.09      2.00     6   6.2819
#        1104       0.02288      4.12      2.00     6   6.2823
#        1105       0.03248      7.56      1.00     6   6.2819
#        1106       0.01835      7.13      2.00     5   6.2825
#        1107       0.02070      7.57      2.00     6   6.2841
#        1108       0.02028      6.32      2.00     6   6.2843
#        1110       0.02893      9.49      2.00     6   6.2845
#        1111       0.01359      8.65      2.00     5   6.2852
#        1112       0.00867      4.04      1.00     4   6.2855
#        1114       0.01085      4.79      1.00     6   6.2865
#        1115       0.02696     15.71      1.00     6   6.2872
#        1116       0.01680      7.78      2.00     6   6.2873
#        1118       0.01816      7.02      2.00     6   6.2887
#        1119       0.02971      6.84      2.00     6   6.2888
#        1120       0.01921      8.77      2.00     6   6.2887
#        1123       0.01982      8.11      2.00     6   6.2926
#        1124       0.00847      4.02      1.00     4   6.2929
#        1126       0.00986     18.67      2.00     6   6.2940
#        1127       0.00969      6.84      2.00     6   6.2936
#        1128       0.02297      6.99      2.00     6   6.2943
#        1129       0.00822      4.02      1.00     4   6.2961
#        1130       0.01000      6.68      2.00     6   6.2963
#        1134       0.01700      6.75      2.00     6   6.2982
#        1135       0.01741     15.42      2.00     6   6.2980
#        1137       0.01379     26.86      1.00     6   6.3056
#        1140       0.01849      6.23      2.00     7   6.3082
#        1141       0.02460     12.79      2.00     7   6.3088
#        1142       0.01897     19.29      2.00     7   6.3085
#        1143       0.02914     19.02      2.00     7   6.3088
#        1144       0.05433     15.25      2.00     7   6.3083
#        1145       0.01776      7.72      2.00     7   6.3112
#        1146       0.01007      7.09      2.00     6   6.3140
#        1147       0.01618     95.62      1.00     6   6.3143
#        1148       0.03789      6.98      1.00     6   6.3139
#        1149       0.03141      9.24      2.00     6   6.3161
#        1150       0.01822      5.00      2.00     5   6.3172
#        1151       0.02786     16.04      1.00     6   6.3183
#        1152       0.01024      8.94      2.00     6   6.3207
#        1155       0.00991     10.47      2.00     6   6.3232
#        1156       0.01097      7.55      2.00     5   6.3240
#        1157       0.00977      6.78      2.00     6   6.3253
#        1158       0.02239      4.01      2.00     6   6.3279
#        1159       0.01720     13.61      2.00     6   6.3301
#        1160       0.01490      4.13      2.00     5   6.3328
#        1161       0.02363      4.45      2.00     7   6.3327
#        1162       0.04914      4.64      2.00     7   6.3328
#        1164       0.02442      5.54      2.00     7   6.3333
#        1165       0.02631      5.85      2.00     7   6.3330
#        1167       0.01489      5.67      2.00     7   6.3348
#        1168       0.01097     22.20      2.00     7   6.3347
#        1169       0.01177      5.18      2.00     7   6.3351
#        1170       0.01367     39.74      2.00     7   6.3353
#        1171       0.01574     39.05      2.00     7   6.3353
#        1173       0.02442     10.07      2.00     5   6.3358
#        1174       0.02471      7.96      2.00     7   6.3358
#        1175       0.02270     15.71      2.00     7   6.3358
#        1176       0.01931      5.74      2.00     5   6.3364
#        1177       0.02151     26.83      2.00     7   6.3366
#        1178       0.05048     30.62      2.00     7   6.3366
#        1179       0.01669      8.10      2.00     7   6.3363
#        1180       0.01002      4.50      2.00     3   6.3377
#        1182       0.01066     30.05      2.00     7   6.3377
#        1183       0.01846      6.79      2.00     5   6.3385
#        1186       0.01551      9.13      2.00     7   6.3383
#        1187       0.02738      6.96      2.00     7   6.3395
#        1188       0.01768      4.89      2.00     5   6.3400
#        1192       0.02923      8.92      2.00     5   6.3434
#        1193       0.01725     21.13      2.00     7   6.3439
#        1194       0.01394     22.02      2.00     7   6.3439
#        1195       0.01093     27.77      2.00     7   6.3444
#        1196       0.01271      4.34      2.00     4   6.3448
#        1198       0.00954      8.45      2.00     5   6.3449
#        1199       0.01502     12.81      2.00     7   6.3447
#        1200       0.01115     21.04      2.00     7   6.3447
#        1201       0.00979     14.31      2.00     5   6.3456
#        1202       0.02040      4.55      2.00     5   6.3460
#        1203       0.01013      4.76      2.00     3   6.3465
#        1204       0.01013     55.67      2.00     7   6.3464
#        1206       0.01412      5.72      1.00     6   6.3506
#        1207       0.01878      7.18      2.00     6   6.3541
#        1208       0.01218      5.12      2.00     5   6.3591
#        1209       0.02172      4.87      2.00     6   6.3589
#        1210       0.01546     10.91      2.00     7   6.3592
#        1212       0.01925     16.68      2.00     7   6.3598
#        1214       0.02905      9.63      2.00     6   6.3608
#        1215       0.01801      8.63      2.00     7   6.3622
#        1216       0.01805      4.84      2.00     6   6.3635
#        1218       0.02805      4.65      2.00     6   6.3651
#        1223       0.02074      7.88      2.00     6   6.3705
#        1224       0.03056      6.47      2.00     6   6.3714
#        1225       0.01681     12.79      2.00     6   6.3737
#        1226       0.01901     11.36      2.00     6   6.3744
#        1227       0.02177      4.15      2.00     6   6.3752
#        1228       0.01828      5.35      2.00     6   6.3758
#        1229       0.02246     10.59      2.00     6   6.3756
#        1230       0.01808      4.28      2.00     6   6.3767
#        1232       0.01358     23.33      1.00     6   6.3780
#        1233       0.01938     16.79      2.00     7   6.3779
#        1235       0.02212      6.51      2.00     6   6.3782
#        1236       0.01652     11.14      2.00     7   6.3781
#        1237       0.01785      8.40      2.00     7   6.3799
#        1238       0.01431      5.03      2.00     7   6.3814
#        1239       0.02018      5.91      2.00     6   6.3810
#        1241       0.01252      4.33      2.00     7   6.3819
#        1242       0.01167     21.99      2.00     7   6.3824
#        1243       0.01354     38.70      2.00     7   6.3822
#        1244       0.01554     37.24      2.00     7   6.3822
#        1245       0.01075     28.56      2.00     7   6.3842
#        1246       0.01545     17.33      2.00     6   6.3839
#        1247       0.01018      5.05      2.00     6   6.3854
#        1248       0.01512     11.22      2.00     6   6.3854
#        1249       0.01583      4.09      2.00     5   6.3862
#        1252       0.01753      8.22      2.00     5   6.3890
#        1253       0.01184      5.20      2.00     4   6.3894
#        1254       0.01654      4.22      2.00     5   6.3899
#        1257       0.03896     15.06      2.00     6   6.3919
#        1258       0.01972      9.45      2.00     6   6.3924
#        1260       0.01931      5.72      2.00     6   6.3936
#        1261       0.02448      4.22      2.00     7   6.3938
#        1263       0.05000     13.75      2.00     7   6.3971
#        1264       0.02365     11.66      2.00     7   6.3979
#        1265       0.01841     17.27      2.00     7   6.3976
#        1266       0.02820     17.89      2.00     7   6.3979
#        1267       0.01928      5.67      2.00     7   6.3981
#        1268       0.01900      8.59      2.00     6   6.3993
#        1269       0.01796      8.40      2.00     6   6.3993
#        1271       0.02684      4.26      2.00     6   6.3999
#        1273       0.01795      7.23      2.00     7   6.3999
#        1274       0.01721      4.45      2.00     6   6.4008
#        1275       0.00741      6.39      2.00     4   6.4011
#        1276       0.01886      4.39      2.00     6   6.4009
#        1279       0.02929      8.76      2.00     6   6.4018
#        1281       0.00707     29.65      2.00     5   6.4026
#        1282       0.02459      5.68      2.00     6   6.4025
#        1283       0.01592      4.86      2.00     6   6.4027
#        1284       0.01811      4.73      2.00     6   6.4040
#        1285       0.01511      4.39      2.00     5   6.4046
#        1286       0.02140      9.21      2.00     6   6.4055
#        1288       0.02690      6.91      2.00     7   6.4066
#        1289       0.01080      8.91      2.00     3   6.4078
#        1290       0.01709      5.23      2.00     6   6.4082
#        1291       0.01782      4.94      2.00     6   6.4080
#        1292       0.01635      5.93      2.00     6   6.4081
#        1296       0.01948     16.39      2.00     6   6.4106
#        1297       0.01004     27.47      2.00     6   6.4104
#        1298       0.02481     12.37      2.00     5   6.4111
#        1300       0.00850      7.17      2.00     5   6.4145
#        1302       0.02241      9.87      2.00     6   6.4167
#        1304       0.01870      5.24      2.00     6   6.4170
#        1305       0.02340      6.34      2.00     6   6.4190
#        1306       0.01508      4.34      2.00     5   6.4203
#        1308       0.01590      6.52      2.00     6   6.4204
#        1309       0.02309      6.44      2.00     6   6.4212
#        1310       0.01946     12.79      2.00     6   6.4209
#        1311       0.01807      6.08      2.00     6   6.4233
#        1312       0.01642      6.40      2.00     6   6.4233
#        1313       0.01944      7.67      2.00     6   6.4229
#        1314       0.01643      5.20      2.00     6   6.4236
#        1315       0.00960      7.86      2.00     5   6.4266
#        1317       0.01037      5.26      2.00     6   6.4282
#        1318       0.01576     11.33      2.00     6   6.4282
#        1319       0.02286      9.40      1.00     6   6.4343
#        1320       0.01343      8.42      2.00     7   6.4368
#        1321       0.02068      7.65      2.00     6   6.4377
#        1322       0.03430     25.39      2.00     7   6.4385
#        1323       0.02445      5.49      2.00     7   6.4380
#        1324       0.01190      5.04      2.00     7   6.4391
#        1325       0.01147     22.84      2.00     7   6.4395
#        1326       0.01421     39.08      2.00     7   6.4394
#        1327       0.01589     37.13      2.00     7   6.4394
#        1328       0.02810      5.93      2.00     5   6.4407
#        1329       0.01035     24.94      2.00     6   6.4411
#        1330       0.01737      5.14      2.00     6   6.4417
#        1331       0.01067     34.15      2.00     7   6.4415
#        1332       0.02161      4.63      2.00     6   6.4439
#        1333       0.00852     11.73      2.00     5   6.4456
#        1335       0.09594      5.66      2.00     6   6.4481
#        1337       0.02982      4.07      2.00     6   6.4488
#        1338       0.02015      5.49      2.00     6   6.4486
#        1339       0.02111      5.62      2.00     5   6.4495
#        1340       0.01332      8.27      2.00     5   6.4498
#        1341       0.01726      4.20      2.00     6   6.4498
#        1342       0.02783      7.96      2.00     5   6.4509
#        1343       0.02606      5.69      2.00     6   6.4510
#        1344       0.02608      5.67      2.00     6   6.4512
#        1345       0.02780      4.37      2.00     6   6.4527
#        1348       0.00966      4.24      2.00     6   6.4555
#        1350       0.02258      8.24      2.00     6   6.4568
#        1351       0.01512     15.77      2.00     6   6.4568
#        1352       0.01783      4.57      2.00     6   6.4575
#        1353       0.01721      5.24      2.00     6   6.4578
#        1354       0.00980     12.00      2.00     6   6.4581
#        1355       0.00752      6.18      2.00     4   6.4589
#        1356       0.01649      5.61      2.00     6   6.4591
#        1357       0.01955     15.96      2.00     6   6.4597
#        1359       0.01069      8.60      2.00     5   6.4608
#        1360       0.01103      6.64      2.00     4   6.4657
#        1361       0.02328      4.54      1.00     6   6.4687
#        1363       0.10311      5.70      2.00     6   6.4702
#        1365       0.02755      5.72      2.00     6   6.4720
#        1368       0.01577      4.16      2.00     5   6.4735
#        1370       0.01657      5.02      2.00     6   6.4745
#        1371       0.01814      5.70      2.00     6   6.4745
#        1372       0.01658      6.03      2.00     6   6.4745
#        1373       0.02919      4.30      2.00     6   6.4758
#        1374       0.03903      7.62      2.00     5   6.4759
#        1376       0.00741      6.39      2.00     4   6.4833
#        1377       0.01676      7.95      2.00     5   6.4834
#        1378       0.01134      7.46      2.00     5   6.4833
#        1379       0.00880     16.12      2.00     5   6.4839
#        1380       0.02990      5.49      2.00     6   6.4844
#        1381       0.00976      4.14      2.00     6   6.4849
#        1382       0.00990      7.01      2.00     6   6.4846
#        1384       0.00839     24.15      2.00     6   6.4850
#        1385       0.00734     74.34      2.00     6   6.4855
#        1388       0.01723      4.29      2.00     6   6.4869
#        1389       0.02638     13.30      2.00     6   6.4875
#        1390       0.01045      5.61      2.00     6   6.4873
#        1391       0.01597     10.90      2.00     6   6.4873
#        1392       0.01652      6.65      2.00     6   6.4885
#        1393       0.01489     29.04      1.00     6   6.4885
#        1394       0.01446      8.13      2.00     5   6.4897
#        1395       0.01886      4.46      2.00     7   6.4907
#        1397       0.02970      6.39      2.00     6   6.4943
#        1398       0.01695      4.07      2.00     6   6.4949
#        1399       0.02653      8.80      2.00     6   6.4954
#        1400       0.02876      9.87      2.00     6   6.4956
#        1401       0.01634      4.60      2.00     6   6.4959
#        1403       0.01800      5.81      2.00     6   6.4980
#        1404       0.01691      6.54      2.00     7   6.4990
#        1405       0.01756      5.09      2.00     6   6.5000
#        1406       0.01765      6.11      2.00     6   6.5008
#        1408       0.01249      9.37      2.00     4   6.5019
#        1409       0.01482     17.23      2.00     6   6.5028
#        1410       0.01970      4.10      2.00     6   6.5031
#        1411       0.01475      7.24      2.00     6   6.5032
#        1412       0.02678      4.59      2.00     6   6.5035
#        1413       0.01855      6.84      2.00     5   6.5036
#        1414       0.01809      5.47      2.00     6   6.5037
#        1419       0.02049     13.66      2.00     6   6.5061
#        1420       0.02285      9.48      2.00     7   6.5058
#        1421       0.01819      9.22      2.00     5   6.5072
#        1422       0.01590      4.91      2.00     7   6.5070
#        1424       0.01556      8.25      2.00     7   6.5078
#        1425       0.01545      5.61      2.00     7   6.5095
#        1427       0.05488     15.55      2.00     7   6.5102
#        1428       0.02498      8.95      2.00     7   6.5105
#        1429       0.01453      4.89      2.00     6   6.5116
#        1430       0.02488      5.34      2.00     7   6.5116
#        1431       0.02508     11.28      2.00     7   6.5127
#        1432       0.01934     16.73      2.00     7   6.5125
#        1433       0.02835     15.24      2.00     7   6.5127
#        1434       0.03398     24.70      2.00     7   6.5124
#        1435       0.01931      5.52      2.00     7   6.5129
#        1438       0.02543      5.42      2.00     7   6.5137
#        1440       0.01075      4.41      2.00     7   6.5143
#        1442       0.01121     17.71      2.00     7   6.5148
#        1443       0.01786      7.09      2.00     7   6.5149
#        1444       0.01127     10.60      2.00     7   6.5156
#        1445       0.01346      5.72      2.00     7   6.5151
#        1446       0.01646      4.62      2.00     6   6.5161
#        1447       0.01373      8.26      2.00     7   6.5159
#        1448       0.01170     13.22      2.00     7   6.5159
#        1449       0.01721      7.56      2.00     5   6.5166
#        1450       0.01232      8.52      2.00     5   6.5168
#        1452       0.01021     13.88      2.00     7   6.5172
#        1453       0.00991     44.35      2.00     7   6.5176
#        1454       0.02103      4.33      1.00     6   6.5179
#        1455       0.01631     11.87      2.00     7   6.5190
#        1456       0.01946     16.57      2.00     7   6.5188
#        1460       0.01799      8.55      2.00     7   6.5210
#        1461       0.01154      4.23      2.00     4   6.5212
#        1462       0.03311      5.71      1.00     6   6.5225
#        1463       0.02048      8.10      2.00     6   6.5235
#        1465       0.00701      6.12      2.00     4   6.5251
#        1466       0.02885      7.94      2.00     6   6.5249
#        1467       0.01086     13.73      2.00     7   6.5256
#        1469       0.02601     14.75      1.00     6   6.5274
#        1470       0.00869     30.14      2.00     6   6.5285
#        1471       0.02572      7.25      2.00     5   6.5290
#        1472       0.01013      8.30      2.00     5   6.5293
#        1477       0.01670      4.22      2.00     5   6.5307
#        1480       0.01790      6.70      2.00     6   6.5314
#        1481       0.01824      4.39      2.00     6   6.5321
#        1483       0.01839      4.54      2.00     6   6.5336
#        1488       0.03485     10.81      2.00     6   6.5392
#        1489       0.01685      4.10      2.00     7   6.5395
#        1490       0.01634      4.28      2.00     6   6.5401
#        1493       0.01621      5.02      2.00     6   6.5411
#        1494       0.01872      6.33      1.00     6   6.5408
#        1495       0.01687      4.24      2.00     6   6.5417
#        1496       0.01686      6.70      2.00     6   6.5417
#        1497       0.01837      8.76      1.00     6   6.5427
#        1498       0.01129     11.76      2.00     7   6.5426
#        1499       0.01037      6.87      2.00     7   6.5426
#        1500       0.01205      8.98      2.00     5   6.5430
#        1502       0.00798     21.73      2.00     6   6.5437
#        1503       0.03110      4.84      2.00     6   6.5447
#        1505       0.01122     19.88      2.00     7   6.5451
#        1508       0.01096     13.80      2.00     7   6.5453
#        1509       0.02047      6.87      2.00     6   6.5467
#        1513       0.01051      4.18      2.00     7   6.5471
#        1515       0.01032     22.57      2.00     7   6.5473
#        1517       0.01053     31.16      2.00     6   6.5482
#        1518       0.01163      4.16      2.00     7   6.5481
#        1519       0.01127     18.17      2.00     7   6.5479
#        1520       0.01092      5.73      2.00     5   6.5485
#        1521       0.01687      5.46      2.00     6   6.5500
#        1522       0.01033     13.51      2.00     7   6.5499
#        1524       0.02374      9.39      2.00     7   6.5508
#        1525       0.01113     17.07      2.00     7   6.5523
#        1526       0.01560      4.20      2.00     6   6.5529
#        1527       0.01596      5.35      2.00     6   6.5532
#        1528       0.01091      7.59      2.00     5   6.5556
#        1529       0.01593      6.59      2.00     6   6.5557
#        1530       0.01599      6.50      2.00     6   6.5564
#        1531       0.01562      4.83      2.00     6   6.5568
#        1532       0.01612      6.24      2.00     6   6.5564
#        1533       0.02381      8.63      2.00     7   6.5571
#        1534       0.02720      4.48      2.00     6   6.5577
#        1535       0.01239     15.02      2.00     7   6.5580
#        1536       0.02001      4.92      2.00     6   6.5587
#        1538       0.01302      6.46      2.00     7   6.5589
#        1539       0.02292      9.40      2.00     6   6.5602
#        1540       0.01122      7.14      2.00     7   6.5602
#        1541       0.02144      4.02      2.00     6   6.5607
#        1543       0.01833      4.45      2.00     6   6.5605
#        1544       0.01810      5.27      2.00     6   6.5611
#        1546       0.02749      4.26      2.00     6   6.5609
#        1548       0.01703      6.57      2.00     7   6.5610
#        1549       0.02080     13.21      2.00     6   6.5631
#        1550       0.02190      6.15      2.00     6   6.5627
#        1553       0.00976      6.21      2.00     3   6.5644
#        1554       0.01106      7.87      2.00     7   6.5653
#        1555       0.01823      5.82      2.00     7   6.5652
#        1557       0.01945      4.24      2.00     7   6.5656
#        1559       0.01026     11.49      2.00     7   6.5661
#        1560       0.01960      4.58      2.00     7   6.5662
#        1561       0.01112      7.43      2.00     7   6.5670
#        1562       0.01766     12.95      2.00     6   6.5680
#        1563       0.01229      9.80      2.00     5   6.5691
#        1570       0.01085     11.12      2.00     7   6.5726
#        1571       0.01652      4.48      2.00     6   6.5732
#        1572       0.01067     10.66      2.00     7   6.5733
#        1573       0.02670      7.18      2.00     5   6.5745
#        1574       0.01053     24.35      2.00     7   6.5743
#        1575       0.01495      4.02      2.00     5   6.5758
#        1578       0.02326      7.61      2.00     5   6.5788
#        1579       0.01248     15.22      2.00     7   6.5799
#        1583       0.02106      4.32      1.00     6   6.5837
#        1584       0.01245     17.05      2.00     7   6.5841
#        1585       0.03073      4.42      2.00     6   6.5847
#        1586       0.01798      6.53      2.00     6   6.5851
#        1587       0.01181      5.26      2.00     7   6.5848
#        1588       0.01029      8.66      2.00     6   6.5853
#        1590       0.02421      4.68      2.00     7   6.5869
#        1591       0.01203      6.72      2.00     5   6.5872
#        1593       0.02953      6.46      2.00     6   6.5884
#        1595       0.01032     10.89      2.00     7   6.5886
#        1596       0.01339      8.60      2.00     5   6.5890
#        1597       0.03349     21.72      2.00     7   6.5895
#        1600       0.01024      4.71      2.00     7   6.5913
#        1605       0.01509     15.37      2.00     6   6.5930
#        1606       0.02005      6.71      2.00     6   6.5941
#        1607       0.01049     15.37      2.00     7   6.5938
#        1608       0.00783     29.12      2.00     6   6.5943
#        1609       0.01695      4.15      2.00     6   6.5965
#        1611       0.02287      4.03      2.00     6   6.5989
#        1614       0.02194      4.23      2.00     6   6.6003
#        1618       0.01830      4.24      2.00     6   6.6018
#        1620       0.01643      4.43      2.00     6   6.6028
#        1623       0.01699      5.39      2.00     6   6.6034
#        1628       0.00729      4.97      2.00     5   6.6051
#        1629       0.00714      5.08      2.00     5   6.6061
#        1630       0.01114      5.09      2.00     5   6.6067
#        1631       0.01526      4.08      2.00     6   6.6068
#        1632       0.01722      6.10      2.00     6   6.6064
#        1635       0.01846      7.07      2.00     6   6.6094
#        1636       0.00763      7.79      2.00     4   6.6100
#        1637       0.02468      4.87      2.00     6   6.6102
#        1639       0.02226      5.40      2.00     6   6.6116
#        1640       0.02329     13.19      2.00     6   6.6119
#        1642       0.02230      8.69      2.00     7   6.6126
#        1644       0.02286      7.01      2.00     6   6.6136
#        1647       0.02197      7.77      2.00     6   6.6153
#        1650       0.00768      5.02      2.00     5   6.6174
#        1651       0.01710      4.43      2.00     6   6.6177
#        1652       0.01234     11.76      2.00     6   6.6174
#        1653       0.01816      4.35      2.00     6   6.6175
#        1654       0.01645      5.58      2.00     6   6.6177
#        1656       0.02645      6.69      2.00     5   6.6188
#        1657       0.03233     12.30      2.00     5   6.6190
#        1658       0.02468      8.15      2.00     7   6.6193
#        1659       0.02446      7.23      2.00     5   6.6200
#        1660       0.01961     16.22      2.00     6   6.6199
#        1661       0.04423     10.74      2.00     7   6.6201
#        1662       0.02904      9.11      2.00     7   6.6206
#        1663       0.01862      4.66      2.00     7   6.6207
#        1664       0.01600     15.07      2.00     6   6.6216
#        1665       0.01329      5.27      2.00     5   6.6219
#        1666       0.01335      5.45      2.00     5   6.6219
#        1668       0.03844     29.51      2.00     7   6.6220
#        1670       0.02220     21.00      2.00     7   6.6225
#        1671       0.00734      5.09      2.00     5   6.6233
#        1672       0.02106     10.58      2.00     7   6.6228
#        1673       0.01839      6.73      2.00     7   6.6228
#        1674       0.00719      4.88      2.00     5   6.6238
#        1676       0.01709      7.79      2.00     7   6.6246
#        1677       0.01319     23.92      2.00     6   6.6259
#        1678       0.01764      6.58      2.00     7   6.6257
#        1682       0.02844     12.66      2.00     6   6.6276
#        1684       0.02782      7.12      2.00     7   6.6286
#        1685       0.01782      6.68      2.00     6   6.6293
#        1686       0.01981      5.94      2.00     7   6.6290
#        1687       0.02126      9.59      2.00     7   6.6292
#        1688       0.02467     17.41      2.00     7   6.6290
#        1690       0.02288     31.97      2.00     7   6.6294
#        1691       0.01929      5.78      2.00     6   6.6308
#        1692       0.02177      5.02      2.00     6   6.6314
#        1693       0.02432      4.92      2.00     6   6.6314
#        1694       0.01982     10.46      2.00     7   6.6313
#        1695       0.02249     14.09      2.00     7   6.6319
#        1696       0.02771     10.19      2.00     7   6.6317
#        1697       0.02240     10.94      2.00     7   6.6317
#        1698       0.01652      5.00      2.00     6   6.6342
#        1699       0.01841      5.21      2.00     6   6.6338
#        1700       0.01651      5.73      2.00     6   6.6338
#        1701       0.01703      5.57      2.00     6   6.6346
#        1702       0.02149     33.59      2.00     7   6.6343
#        1703       0.01267      6.39      2.00     5   6.6351
#        1704       0.01762      4.00      2.00     6   6.6349
#        1705       0.01782      4.77      2.00     6   6.6366
#        1708       0.01710      4.17      2.00     6   6.6402
#        1710       0.02301      4.02      2.00     6   6.6422
#        1713       0.00708      6.59      2.00     4   6.6461
#        1714       0.00767      4.97      2.00     5   6.6461
#        1717       0.02340      4.34      2.00     7   6.6474
#        1718       0.01043     11.92      2.00     7   6.6472
#        1719       0.01682     18.77      2.00     7   6.6472
#        1720       0.01915      9.50      2.00     5   6.6480
#        1722       0.03198     10.41      2.00     7   6.6482
#        1723       0.01649      4.10      2.00     6   6.6507
#        1724       0.01709      5.73      2.00     6   6.6525
#        1725       0.09757      7.50      2.00     7   6.6531
#        1726       0.04409      7.26      2.00     7   6.6535
#        1728       0.01886      4.52      2.00     6   6.6555
#        1729       0.01892      8.10      2.00     7   6.6555
#        1730       0.01069      5.36      2.00     7   6.6555
#        1732       0.04070      4.26      2.00     7   6.6562
#        1733       0.07961     10.49      2.00     7   6.6558
#        1734       0.00713     12.77      1.00     6   6.6567
#        1737       0.00890      8.50      2.00     4   6.6578
#        1739       0.03822     10.23      2.00     7   6.6588
#        1745       0.01757      4.01      2.00     7   6.6671
#        1746       0.02695      5.06      2.00     6   6.6684
#        1747       0.02862      7.23      2.00     5   6.6694
#        1750       0.01165      6.84      2.00     6   6.6737
#        1751       0.01516      7.50      2.00     6   6.6744
#        1752       0.01588     19.69      2.00     6   6.6748
#        1753       0.02854     10.82      2.00     7   6.6755
#        1754       0.05132      6.92      2.00     7   6.6755
#        1755       0.15112      7.15      2.00     7   6.6760
#        1756       0.01149      5.03      2.00     5   6.6776
#        1758       0.04645      4.28      2.00     7   6.6778
#        1759       0.08736     10.52      2.00     7   6.6782
#        1760       0.02045      5.61      2.00     7   6.6795
#        1762       0.02153      9.12      2.00     7   6.6801
#        1763       0.02472     15.60      2.00     7   6.6798
#        1764       0.03876     10.29      2.00     7   6.6800
#        1765       0.01149      8.35      2.00     5   6.6806
#        1767       0.02013     10.72      2.00     6   6.6808
#        1768       0.02749      6.50      2.00     7   6.6803
#        1769       0.02301     31.36      2.00     7   6.6804
#        1772       0.01830      5.44      2.00     6   6.6817
#        1773       0.01550      5.25      2.00     6   6.6818
#        1774       0.02304     13.89      2.00     7   6.6823
#        1775       0.02948      9.59      2.00     7   6.6821
#        1776       0.02290     10.38      2.00     7   6.6821
#        1777       0.01518      4.69      2.00     6   6.6828
#        1778       0.01540      6.76      2.00     6   6.6825
#        1779       0.01986     10.11      2.00     7   6.6825
#        1780       0.01095     63.57      2.00     6   6.6829
#        1781       0.01986     18.01      2.00     6   6.6835
#        1782       0.02176     33.12      2.00     7   6.6843
#        1784       0.02090      8.72      2.00     6   6.6856
#        1786       0.01236     11.14      2.00     6   6.6900
#        1787       0.00740      5.50      2.00     5   6.6901
#        1788       0.00764      5.22      2.00     5   6.6902
#        1790       0.01854      4.38      2.00     6   6.6932
#        1792       0.00756      5.20      2.00     5   6.6942
#        1793       0.01052     11.87      2.00     7   6.6942
#        1794       0.01720     18.74      2.00     7   6.6942
#        1798       0.01861      5.69      2.00     6   6.6964
#        1799       0.01540      6.82      2.00     6   6.6964
#        1800       0.00736      5.52      2.00     5   6.6975
#        1801       0.00726      5.46      2.00     5   6.6976
#        1803       0.01541      6.17      2.00     6   6.6972
#        1807       0.01292      4.03      2.00     5   6.6999
#        1808       0.01656      4.27      2.00     6   6.7005
#        1809       0.02486      7.09      2.00     6   6.7018
#        1810       0.02573      6.72      2.00     5   6.7023
#        1811       0.02766     11.17      2.00     7   6.7024
#        1813       0.03009     12.42      2.00     6   6.7044
#        1816       0.01957      5.40      2.00     6   6.7061
#        1817       0.02171      4.86      2.00     6   6.7059
#        1818       0.02350      4.78      2.00     6   6.7059
#        1820       0.02785     17.87      2.00     6   6.7070
#        1821       0.01776      4.90      2.00     7   6.7075
#        1822       0.03508      8.35      2.00     7   6.7079
#        1823       0.01751      5.99      2.00     7   6.7081
#        1824       0.00733      5.45      2.00     5   6.7089
#        1825       0.04213     10.11      2.00     7   6.7091
#        1826       0.01382     16.15      2.00     6   6.7098
#        1827       0.02803      8.50      2.00     7   6.7099
#        1832       0.02012      5.79      2.00     7   6.7106
#        1833       0.01712      8.60      2.00     7   6.7101
#        1834       0.03098     19.98      2.00     7   6.7104
#        1836       0.01815      4.13      2.00     6   6.7108
#        1837       0.01839     12.01      2.00     7   6.7121
#        1839       0.01686      5.16      2.00     6   6.7129
#        1840       0.01202      7.92      2.00     5   6.7142
#        1844       0.01718      7.94      2.00     7   6.7170
#        1845       0.02992     14.40      2.00     7   6.7175
#        1846       0.01737      5.96      2.00     7   6.7178
#        1847       0.01373      7.24      2.00     6   6.7190
#        1848       0.01809      8.38      2.00     7   6.7195
#        1849       0.01091      5.36      2.00     6   6.7220
#        1850       0.00675      4.92      2.00     3   6.7227
#        1851       0.01251     12.75      2.00     6   6.7225
#        1853       0.01460      8.68      2.00     6   6.7223
#        1854       0.01873      4.30      2.00     6   6.7253
#        1855       0.02729      4.02      2.00     6   6.7252
#        1857       0.01790      4.55      2.00     6   6.7255
#        1859       0.01619      7.35      2.00     5   6.7266
#        1863       0.01463      5.50      2.00     6   6.7276
#        1864       0.02069     12.73      2.00     6   6.7277
#        1867       0.02040      5.32      2.00     6   6.7289
#        1868       0.02396      5.74      2.00     6   6.7292
#        1869       0.02095      8.51      2.00     6   6.7288
#        1871       0.01044      8.83      2.00     5   6.7309
#        1873       0.01824     14.90      2.00     6   6.7309
#        1874       0.01622     31.09      2.00     7   6.7310
#        1875       0.02305      7.96      2.00     7   6.7337
#        1876       0.01237     14.34      2.00     6   6.7377
#        1877       0.02534      7.49      2.00     7   6.7384
#        1878       0.04384     11.47      2.00     6   6.7390
#        1879       0.01658      4.45      2.00     6   6.7395
#        1881       0.02773     17.34      2.00     6   6.7412
#        1884       0.01912     14.54      2.00     7   6.7466
#        1885       0.02458      5.54      2.00     7   6.7470
#        1886       0.02941     22.31      2.00     7   6.7472
#        1887       0.02294     11.56      2.00     7   6.7472
#        1888       0.02241      7.61      2.00     7   6.7479
#        1889       0.01000      5.37      2.00     7   6.7482
#        1890       0.02610      6.61      2.00     7   6.7497
#        1891       0.02528      7.67      2.00     7   6.7504
#        1892       0.02151     14.32      2.00     7   6.7504
#        1893       0.01053     11.77      2.00     7   6.7507
#        1894       0.01729     18.19      2.00     7   6.7507
#        1895       0.01668      6.09      2.00     6   6.7520
#        1896       0.01093     15.61      2.00     5   6.7525
#        1897       0.01628      5.23      2.00     7   6.7522
#        1898       0.01518      8.34      2.00     6   6.7531
#        1899       0.02814      4.91      2.00     7   6.7528
#        1900       0.02302      6.56      2.00     7   6.7528
#        1901       0.02325     10.70      2.00     7   6.7526
#        1902       0.01295      4.36      2.00     5   6.7543
#        1903       0.01296      4.33      2.00     5   6.7543
#        1904       0.01956      6.67      2.00     7   6.7547
#        1905       0.02608      5.99      2.00     7   6.7553
#        1906       0.02484      8.48      2.00     7   6.7553
#        1907       0.01782      9.70      2.00     7   6.7553
#        1908       0.03030     15.36      2.00     7   6.7548
#        1909       0.01674      6.48      2.00     7   6.7553
#        1910       0.01810      5.84      2.00     7   6.7551
#        1912       0.02258      6.27      2.00     7   6.7555
#        1913       0.01747      6.43      2.00     7   6.7566
#        1915       0.02041     17.95      2.00     7   6.7578
#        1916       0.01121     43.71      2.00     7   6.7576
#        1917       0.01600     54.40      2.00     7   6.7577
#        1919       0.01186      9.76      2.00     5   6.7594
#        1920       0.02476      6.20      2.00     5   6.7614
#        1921       0.01772      7.57      2.00     7   6.7618
#        1922       0.02719      6.98      2.00     5   6.7621
#        1923       0.01974      8.56      2.00     7   6.7622
#        1924       0.02499      9.37      2.00     7   6.7622
#        1927       0.02220     16.26      2.00     7   6.7627
#        1928       0.01719      9.39      2.00     7   6.7634
#        1929       0.02390      7.10      2.00     7   6.7630
#        1930       0.02233      4.87      2.00     7   6.7638
#        1932       0.02419     22.34      2.00     7   6.7636
#        1933       0.01831     11.34      2.00     7   6.7646
#        1934       0.02043      8.28      2.00     7   6.7647
#        1935       0.02082     11.26      2.00     7   6.7643
#        1937       0.01556     11.02      2.00     7   6.7654
#        1939       0.01117    169.80      2.00     7   6.7658
#        1940       0.01837     29.65      2.00     7   6.7663
#        1942       0.01652      4.80      2.00     7   6.7673
#        1943       0.03709      7.40      2.00     7   6.7678
#        1944       0.01758      5.70      2.00     7   6.7680
#        1945       0.01837      4.50      2.00     7   6.7682
#        1947       0.02047      5.41      2.00     7   6.7700
#        1949       0.01683      6.58      2.00     7   6.7704
#        1950       0.01684      6.42      2.00     7   6.7708
#        1951       0.06267     10.60      2.00     7   6.7711
#        1952       0.03518     10.70      2.00     7   6.7717
#        1953       0.02118      6.90      2.00     7   6.7721
#        1954       0.00676      6.51      2.00     4   6.7737
#        1955       0.05147     10.30      2.00     7   6.7749
#        1956       0.00980      9.75      2.00     5   6.7755
#        1957       0.03741      9.94      2.00     7   6.7755
#        1958       0.01741      9.38      2.00     7   6.7761
#        1959       0.01557     10.92      2.00     7   6.7793
#        1960       0.01751     10.54      2.00     7   6.7800
#        1961       0.00615      7.66      2.00     4   6.7807
#        1962       0.01720      8.83      2.00     7   6.7821
#        1963       0.02239      4.28      2.00     6   6.7833
#        1964       0.02506      4.17      2.00     6   6.7833
#        1965       0.01923      5.42      2.00     6   6.7835
#        1966       0.02223      6.56      2.00     6   6.7848
#        1967       0.01729      6.15      2.00     6   6.7850
#        1968       0.02130      4.27      2.00     6   6.7873
#        1969       0.01464      7.55      2.00     6   6.7890
#        1970       0.01756      5.14      2.00     6   6.7905
#        1972       0.01048      5.13      2.00     4   6.7931
#        1974       0.01871      9.85      2.00     7   6.7932
#        1977       0.01817      5.36      2.00     7   6.7958
#        1978       0.01291      9.49      2.00     6   6.7969
#        1979       0.00814      6.22      2.00     6   6.7969
#        1980       0.00800     11.36      2.00     6   6.7971
#        1981       0.01189     18.18      2.00     6   6.7971
#        1983       0.00660      4.29      2.00     5   6.7976
#        1984       0.02807     14.50      2.00     6   6.7981
#        1985       0.01321     12.65      2.00     6   6.7998
#        1986       0.01709      8.28      2.00     7   6.8027
#        1987       0.01385      7.18      2.00     6   6.8050
#        1988       0.00614      7.66      2.00     4   6.8056
#        1990       0.01165     38.33      2.00     7   6.8070
#        1991       0.01212     11.90      2.00     6   6.8090
#        1992       0.02901     11.51      2.00     5   6.8100
#        1993       0.03613     10.67      2.00     7   6.8107
#        1994       0.08250     10.55      2.00     7   6.8109
#        1995       0.02680      7.70      2.00     7   6.8111
#        1996       0.03398      9.35      2.00     7   6.8122
#        1997       0.01759      6.04      2.00     7   6.8125
#        1998       0.00721      4.60      2.00     5   6.8128
#        1999       0.00721      4.70      2.00     5   6.8128
#        2000       0.01799      5.47      2.00     7   6.8126
#        2001       0.02076      8.67      2.00     6   6.8137
#        2002       0.01064     24.08      2.00     6   6.8138
#        2003       0.02197     20.49      2.00     7   6.8138
#        2004       0.01039      9.06      2.00     6   6.8145
#        2005       0.01996      6.96      2.00     7   6.8146
#        2006       0.02388      5.16      2.00     7   6.8148
#        2007       0.01920     13.86      2.00     7   6.8152
#        2008       0.02922     20.87      2.00     7   6.8150
#        2009       0.02281     11.48      2.00     7   6.8150
#        2010       0.02283      7.10      2.00     7   6.8158
#        2011       0.02673      6.39      2.00     7   6.8170
#        2012       0.05695     10.14      2.00     7   6.8177
#        2013       0.03768      9.80      2.00     7   6.8175
#        2014       0.02207      5.98      2.00     7   6.8184
#        2015       0.01042     10.87      2.00     6   6.8189
#        2016       0.01736      4.22      2.00     7   6.8195
#        2018       0.03868      9.94      2.00     7   6.8216
#        2019       0.02378     14.87      2.00     6   6.8224
#        2021       0.01598      4.31      2.00     7   6.8222
#        2022       0.02109     13.53      2.00     7   6.8220
#        2023       0.03792      5.55      2.00     6   6.8226
#        2024       0.02304      5.69      2.00     6   6.8225
#        2025       0.01835      8.83      2.00     7   6.8225
#        2026       0.02332      9.29      2.00     7   6.8228
#        2027       0.01591     27.61      2.00     7   6.8227
#        2028       0.01194      4.10      2.00     6   6.8230
#        2029       0.02685      4.52      2.00     7   6.8230
#        2030       0.02213      6.04      2.00     7   6.8230
#        2031       0.01685      4.62      2.00     7   6.8232
#        2033       0.02571      5.79      2.00     7   6.8237
#        2034       0.02421      7.97      2.00     7   6.8237
#        2035       0.01810      5.28      2.00     7   6.8235
#        2036       0.01933      6.15      2.00     7   6.8239
#        2037       0.02057      9.33      1.00     6   6.8242
#        2038       0.02660      7.49      2.00     7   6.8241
#        2039       0.01691      5.94      2.00     7   6.8250
#        2040       0.01985      7.51      2.00     5   6.8257
#        2041       0.02071     16.94      2.00     7   6.8257
#        2043       0.03198      7.59      2.00     7   6.8263
#        2044       0.04917      7.77      2.00     7   6.8260
#        2045       0.02141      5.21      2.00     7   6.8272
#        2047       0.02185      4.72      2.00     7   6.8273
#        2048       0.02570     11.02      2.00     6   6.8280
#        2049       0.01227      7.40      2.00     6   6.8280
#        2051       0.02038      5.32      2.00     7   6.8278
#        2052       0.01718      8.96      2.00     7   6.8280
#        2054       0.04427      5.22      2.00     7   6.8287
#        2055       0.03538      5.08      2.00     7   6.8284
#        2057       0.02738      4.67      2.00     7   6.8289
#        2059       0.04448      5.87      2.00     7   6.8295
#        2060       0.02660      6.80      2.00     7   6.8302
#        2061       0.01229      9.58      2.00     6   6.8305
#        2062       0.01887     15.67      2.00     6   6.8305
#        2063       0.04706      7.46      2.00     7   6.8307
#        2066       0.02999      7.35      2.00     7   6.8309
#        2067       0.01808      5.96      2.00     7   6.8312
#        2068       0.01790      7.05      2.00     7   6.8315
#        2071       0.02095      9.29      2.00     6   6.8334
#        2072       0.02278      4.68      2.00     7   6.8336
#        2074       0.02251      6.76      2.00     5   6.8344
#        2077       0.01703      4.29      2.00     7   6.8364
#        2079       0.01998      5.28      2.00     7   6.8371
#        2080       0.01553      7.85      2.00     7   6.8374
#        2081       0.01549      5.18      2.00     7   6.8374
#        2082       0.05013      5.52      2.00     6   6.8375
#        2085       0.02544     14.17      2.00     7   6.8391
#        2086       0.02775      6.04      2.00     7   6.8395
#        2087       0.02286     25.63      2.00     7   6.8397
#        2088       0.02122      7.30      2.00     7   6.8394
#        2090       0.01702      6.01      2.00     7   6.8405
#        2091       0.01702      6.00      2.00     7   6.8405
#        2093       0.03023     13.51      2.00     6   6.8418
#        2094       0.02003      9.94      2.00     7   6.8419
#        2095       0.02203     11.96      2.00     7   6.8418
#        2096       0.02919      8.71      2.00     7   6.8415
#        2097       0.02277      9.89      2.00     7   6.8415
#        2098       0.02154     21.15      2.00     6   6.8422
#        2101       0.01809      4.26      2.00     7   6.8432
#        2102       0.01516      7.45      2.00     7   6.8439
#        2103       0.02165     32.20      2.00     7   6.8439
#        2104       0.02366      4.74      2.00     7   6.8452
#        2105       0.01602      4.59      2.00     7   6.8455
#        2107       0.02282      5.24      2.00     7   6.8462
#        2108       0.02081      5.35      2.00     7   6.8460
#        2109       0.03191      7.26      2.00     7   6.8478
#        2110       0.02957      6.65      2.00     7   6.8480
#        2111       0.02196     20.57      2.00     7   6.8500
#        2112       0.01890      6.77      2.00     7   6.8508
#        2115       0.01815      4.07      2.00     7   6.8524
#        2116       0.03044      5.20      2.00     6   6.8531
#        2120       0.02404      5.22      2.00     6   6.8550
#        2121       0.01288      8.87      2.00     6   6.8557
#        2122       0.00848      5.91      2.00     6   6.8557
#        2123       0.01618      8.37      2.00     7   6.8573
#        2124       0.01613      5.97      2.00     7   6.8573
#        2128       0.01446      9.32      2.00     6   6.8596
#        2129       0.01860      4.42      2.00     7   6.8603
#        2130       0.01838     13.32      2.00     7   6.8602
#        2131       0.01690      5.19      2.00     7   6.8600
#        2132       0.02978     20.27      2.00     7   6.8608
#        2133       0.01771      4.37      2.00     7   6.8606
#        2135       0.01879     14.01      2.00     7   6.8626
#        2136       0.01691      5.88      2.00     7   6.8632
#        2137       0.00586     12.72      2.00     5   6.8636
#        2138       0.01641      9.20      2.00     7   6.8637
#  1603/2000 paths used
#  -----------------------------------------------------------------------
#       k          chi          mag           phase @#
     0.0000    6.177381E+00  6.433973E+00  1.287428E+00
     0.0500    6.105855E+00  6.290917E+00  1.327639E+00
     0.1000    6.023046E+00  6.148999E+00  1.368046E+00
     0.1500    5.735713E+00  5.755660E+00  1.487519E+00
     0.2000    5.368134E+00  5.372012E+00  1.608800E+00
     0.2500    4.697867E+00  4.830241E+00  1.805450E+00
     0.3000    3.907946E+00  4.312100E+00  2.007207E+00
     0.3500    2.856981E+00  3.759678E+00  2.278433E+00
     0.4000    1.784611E+00  3.242893E+00  2.558852E+00
     0.4500    6.895278E-01  2.793719E+00  2.892202E+00
     0.5000   -2.200277E-01  2.377710E+00  3.234263E+00
     0.5500   -9.213914E-01  2.070773E+00  3.602712E+00
     0.6000   -1.308477E+00  1.775224E+00  3.970327E+00
     0.6500   -1.462679E+00  1.577815E+00  4.328002E+00
     0.7000   -1.364462E+00  1.365617E+00  4.671254E+00
     0.7500   -1.177924E+00  1.221950E+00  4.981640E+00
     0.8000   -8.975369E-01  1.056119E+00  5.267496E+00
     0.8500   -6.530672E-01  9.419370E-01  5.517094E+00
     0.9000   -4.253875E-01  8.154322E-01  5.734377E+00
     0.9500   -2.535045E-01  7.286363E-01  5.927838E+00
     1.0000   -1.249064E-01  6.419860E-01  6.087374E+00
     1.0500   -2.224839E-02  5.871822E-01  6.245286E+00
     1.1000    5.268623E-02  5.360829E-01  6.381624E+00
     1.1500    1.234266E-01  4.979087E-01  6.533687E+00
     1.2000    1.753198E-01  4.613538E-01  6.672994E+00
     1.2500    2.206061E-01  4.268549E-01  6.826315E+00
     1.3000    2.489522E-01  3.935861E-01  6.967991E+00
     1.3500    2.656281E-01  3.599228E-01  7.113308E+00
     1.4000    2.693609E-01  3.281540E-01  7.246060E+00
     1.4500    2.654593E-01  2.992543E-01  7.374143E+00
     1.5000    2.554446E-01  2.732102E-01  7.491372E+00
     1.5500    2.441811E-01  2.514071E-01  7.613645E+00
     1.6000    2.310556E-01  2.328542E-01  7.729613E+00
     1.6500    2.151306E-01  2.151493E-01  7.867166E+00
     1.7000    1.955757E-01  1.978208E-01  8.004785E+00
     1.7500    1.700452E-01  1.783762E-01  8.160815E+00
     1.8000    1.402876E-01  1.561000E-01  8.307974E+00
     1.8500    1.081151E-01  1.309391E-01  8.453354E+00
     1.9000    8.383313E-02  1.087417E-01  8.544465E+00
     1.9500    5.387912E-02  7.081413E-02  8.560152E+00
     2.0000    5.650755E-02  7.357301E-02  8.548992E+00
     2.0500    4.995680E-02  6.362844E-02  8.521867E+00
     2.1000    5.043137E-02  6.088604E-02  8.448727E+00
     2.1500    5.309216E-02  6.313795E-02  8.425850E+00
     2.2000    5.342746E-02  6.512902E-02  8.462786E+00
     2.2500    4.717012E-02  6.040105E-02  8.528595E+00
     2.3000    4.389670E-02  5.675233E-02  8.540467E+00
     2.3500    4.549122E-02  5.665029E-02  8.492435E+00
     2.4000    5.236530E-02  6.295191E-02  8.442381E+00
     2.4500    5.616496E-02  6.877778E-02  8.469256E+00
     2.5000    6.034902E-02  7.797391E-02  8.539700E+00
     2.5500    6.189945E-02  8.916306E-02  8.657432E+00
     2.6000    5.814451E-02  1.009387E-01  8.810905E+00
     2.6500    4.665748E-02  1.089459E-01  8.982209E+00
     2.7000    2.967666E-02  1.168554E-01  9.168005E+00
     2.7500    7.465217E-03  1.242980E-01  9.364683E+00
     2.8000   -1.881908E-02  1.309845E-01  9.568951E+00
     2.8500   -4.533047E-02  1.337606E-01  9.770517E+00
     2.9000   -7.099742E-02  1.357759E-01  9.975030E+00
     2.9500   -9.402733E-02  1.370240E-01  1.018104E+01
     3.0000   -1.128655E-01  1.375356E-01  1.038729E+01
     3.0500   -1.250500E-01  1.362511E-01  1.058726E+01
     3.1000   -1.316799E-01  1.346067E-01  1.078666E+01
     3.1500   -1.326416E-01  1.326486E-01  1.098528E+01
     3.2000   -1.281321E-01  1.304140E-01  1.118291E+01
     3.2500   -1.185329E-01  1.276745E-01  1.137629E+01
     3.3000   -1.049145E-01  1.249551E-01  1.156979E+01
     3.3500   -8.778781E-02  1.220880E-01  1.176393E+01
     3.4000   -6.799181E-02  1.189178E-01  1.195773E+01
     3.4500   -4.686905E-02  1.155822E-01  1.214884E+01
     3.5000   -2.528880E-02  1.121094E-01  1.233884E+01
     3.5500   -4.262450E-03  1.085100E-01  1.252708E+01
     3.6000    1.529801E-02  1.048257E-01  1.271283E+01
     3.6500    3.244707E-02  1.011016E-01  1.289309E+01
     3.7000    4.697787E-02  9.744429E-02  1.306942E+01
     3.7500    5.872063E-02  9.396506E-02  1.324140E+01
     3.8000    6.776155E-02  9.078367E-02  1.340902E+01
     3.8500    7.438841E-02  8.818063E-02  1.357031E+01
     3.9000    7.897825E-02  8.605741E-02  1.372872E+01
     3.9500    8.181173E-02  8.446415E-02  1.388590E+01
     4.0000    8.303598E-02  8.339918E-02  1.404381E+01
     4.0500    8.278591E-02  8.296235E-02  1.420240E+01
     4.1000    8.077832E-02  8.292128E-02  1.436501E+01
     4.1500    7.673079E-02  8.315704E-02  1.453288E+01
     4.2000    7.034576E-02  8.353176E-02  1.470672E+01
     4.2500    6.163129E-02  8.408830E-02  1.488534E+01
     4.3000    5.037795E-02  8.454190E-02  1.506959E+01
     4.3500    3.681531E-02  8.478639E-02  1.525880E+01
     4.4000    2.144453E-02  8.474148E-02  1.545212E+01
     4.4500    5.014562E-03  8.453989E-02  1.564861E+01
     4.5000   -1.164032E-02  8.398101E-02  1.584702E+01
     4.5500   -2.757357E-02  8.305339E-02  1.604638E+01
     4.6000   -4.189617E-02  8.177023E-02  1.624590E+01
     4.6500   -5.402147E-02  8.030780E-02  1.644579E+01
     4.7000   -6.330383E-02  7.859198E-02  1.664444E+01
     4.7500   -6.945363E-02  7.667436E-02  1.684129E+01
     4.8000   -7.242050E-02  7.460933E-02  1.703594E+01
     4.8500   -7.244334E-02  7.253263E-02  1.722913E+01
     4.9000   -6.971355E-02  7.041437E-02  1.741996E+01
     4.9500   -6.461658E-02  6.829573E-02  1.760849E+01
     5.0000   -5.758358E-02  6.620749E-02  1.779487E+01
     5.0500   -4.907975E-02  6.425909E-02  1.798041E+01
     5.1000   -3.948518E-02  6.238194E-02  1.816419E+01
     5.1500   -2.920716E-02  6.058004E-02  1.834648E+01
     5.2000   -1.862794E-02  5.885352E-02  1.852750E+01
     5.2500   -8.006576E-03  5.728343E-02  1.870933E+01
     5.3000    2.283014E-03  5.579408E-02  1.889049E+01
     5.3500    1.195138E-02  5.438167E-02  1.907113E+01
     5.4000    2.074689E-02  5.304428E-02  1.925141E+01
     5.4500    2.858182E-02  5.183471E-02  1.943360E+01
     5.5000    3.515556E-02  5.068907E-02  1.961597E+01
     5.5500    4.032374E-02  4.960299E-02  1.979872E+01
     5.6000    4.398061E-02  4.857020E-02  1.998213E+01
     5.6500    4.612462E-02  4.762809E-02  2.016842E+01
     5.7000    4.661174E-02  4.670892E-02  2.035583E+01
     5.7500    4.544631E-02  4.579884E-02  2.054451E+01
     5.8000    4.268615E-02  4.488303E-02  2.073452E+01
     5.8500    3.847820E-02  4.401122E-02  2.092719E+01
     5.9000    3.295276E-02  4.310593E-02  2.112095E+01
     5.9500    2.636391E-02  4.215896E-02  2.131557E+01
     6.0000    1.902118E-02  4.116594E-02  2.151083E+01
     6.0500    1.127217E-02  4.031171E-02  2.170774E+01
     6.1000    3.404262E-03  3.942242E-02  2.190469E+01
     6.1500   -4.238802E-03  3.850450E-02  2.210146E+01
     6.2000   -1.134437E-02  3.756603E-02  2.229792E+01
     6.2500   -1.764675E-02  3.661534E-02  2.249403E+01
     6.3000   -2.293580E-02  3.565962E-02  2.268980E+01
     6.3500   -2.705880E-02  3.470379E-02  2.288535E+01
     6.4000   -2.991817E-02  3.374979E-02  2.308081E+01
     6.4500   -3.146792E-02  3.279645E-02  2.327634E+01
     6.5000   -3.171140E-02  3.183992E-02  2.347207E+01
     6.5500   -3.096645E-02  3.115136E-02  2.367096E+01
     6.6000   -2.900220E-02  3.043693E-02  2.387021E+01
     6.6500   -2.594732E-02  2.969118E-02  2.406956E+01
     6.7000   -2.198795E-02  2.891205E-02  2.426864E+01
     6.7500   -1.735661E-02  2.810170E-02  2.446701E+01
     6.8000   -1.231336E-02  2.726669E-02  2.466419E+01
     6.8500   -7.122265E-03  2.641761E-02  2.485976E+01
     6.9000   -2.027593E-03  2.556808E-02  2.505336E+01
     6.9500    2.765274E-03  2.473330E-02  2.524478E+01
     7.0000    7.100535E-03  2.392823E-02  2.543402E+01
     7.0500    1.099276E-02  2.328451E-02  2.562442E+01
     7.1000    1.426697E-02  2.268408E-02  2.581293E+01
     7.1500    1.687995E-02  2.213476E-02  2.600006E+01
     7.2000    1.881016E-02  2.163931E-02  2.618644E+01
     7.2500    2.004623E-02  2.119527E-02  2.637275E+01
     7.3000    2.058073E-02  2.079571E-02  2.655962E+01
     7.3500    2.041057E-02  2.043037E-02  2.674756E+01
     7.4000    1.954303E-02  2.008738E-02  2.693687E+01
     7.4500    1.800449E-02  1.975492E-02  2.712768E+01
     7.5000    1.584864E-02  1.942269E-02  2.731990E+01
     7.5500    1.316286E-02  1.910865E-02  2.751444E+01
     7.6000    1.005818E-02  1.878733E-02  2.770939E+01
     7.6500    6.673095E-03  1.845867E-02  2.790444E+01
     7.7000    3.155652E-03  1.812495E-02  2.809934E+01
     7.7500   -3.477040E-04  1.779017E-02  2.829388E+01
     7.8000   -3.701858E-03  1.745926E-02  2.848798E+01
     7.8500   -6.789482E-03  1.713724E-02  2.868169E+01
     7.9000   -9.513566E-03  1.682831E-02  2.887517E+01
     7.9500   -1.179654E-02  1.653513E-02  2.906870E+01
     8.0000   -1.357745E-02  1.625833E-02  2.926266E+01
     8.0500   -1.483975E-02  1.603003E-02  2.945734E+01
     8.1000   -1.552871E-02  1.581990E-02  2.965297E+01
     8.1500   -1.562358E-02  1.562376E-02  2.984994E+01
     8.2000   -1.511742E-02  1.543586E-02  3.004861E+01
     8.2500   -1.402158E-02  1.524947E-02  3.024917E+01
     8.3000   -1.237101E-02  1.505756E-02  3.045175E+01
     8.3500   -1.022856E-02  1.485338E-02  3.065632E+01
     8.4000   -7.686708E-03  1.463096E-02  3.086277E+01
     8.4500   -4.865508E-03  1.438547E-02  3.107090E+01
     8.5000   -1.906581E-03  1.411344E-02  3.128042E+01
     8.5500    1.056235E-03  1.389575E-02  3.149201E+01
     8.6000    3.883915E-03  1.365040E-02  3.170444E+01
     8.6500    6.430402E-03  1.337749E-02  3.191737E+01
     8.7000    8.569645E-03  1.307823E-02  3.213045E+01
     8.7500    1.020499E-02  1.275467E-02  3.234339E+01
     8.8000    1.127536E-02  1.240950E-02  3.255586E+01
     8.8500    1.175784E-02  1.204585E-02  3.276761E+01
     8.9000    1.166673E-02  1.166713E-02  3.297837E+01
     8.9500    1.104954E-02  1.127698E-02  3.318790E+01
     9.0000    9.980703E-03  1.087913E-02  3.339598E+01
     9.0500    8.609416E-03  1.055822E-02  3.360406E+01
     9.1000    6.957064E-03  1.023606E-02  3.381022E+01
     9.1500    5.125859E-03  9.916877E-03  3.401431E+01
     9.2000    3.214186E-03  9.604855E-03  3.421629E+01
     9.2500    1.310495E-03  9.303886E-03  3.441619E+01
     9.3000   -5.105006E-04  9.017354E-03  3.461416E+01
     9.3500   -2.189166E-03  8.747891E-03  3.481046E+01
     9.4000   -3.680126E-03  8.497177E-03  3.500545E+01
     9.4500   -4.949971E-03  8.265802E-03  3.519958E+01
     9.5000   -5.974383E-03  8.053223E-03  3.539336E+01
     9.5500   -6.784036E-03  7.905610E-03  3.558913E+01
     9.6000   -7.320171E-03  7.772637E-03  3.578543E+01
     9.6500   -7.570597E-03  7.651676E-03  3.598261E+01
     9.7000   -7.529286E-03  7.539732E-03  3.618096E+01
     9.7500   -7.198286E-03  7.433706E-03  3.638066E+01
     9.8000   -6.589807E-03  7.330630E-03  3.658176E+01
     9.8500   -5.727843E-03  7.227853E-03  3.678427E+01
     9.9000   -4.648750E-03  7.123176E-03  3.698807E+01
     9.9500   -3.400499E-03  7.014907E-03  3.719303E+01
    10.0000   -2.040563E-03  6.901872E-03  3.739897E+01
    10.0500   -6.322005E-04  6.811936E-03  3.760617E+01
    10.1000    7.707943E-04  6.717300E-03  3.781411E+01
    10.1500    2.103990E-03  6.617637E-03  3.802266E+01
    10.2000    3.306952E-03  6.512795E-03  3.823170E+01
    10.2500    4.326647E-03  6.402749E-03  3.844109E+01
    10.3000    5.120314E-03  6.287562E-03  3.865073E+01
    10.3500    5.657673E-03  6.167364E-03  3.886050E+01
    10.4000    5.922359E-03  6.042356E-03  3.907028E+01
    10.4500    5.912518E-03  5.912816E-03  3.927995E+01
    10.5000    5.640514E-03  5.779123E-03  3.948937E+01
    10.5500    5.131733E-03  5.641778E-03  3.969840E+01
    10.6000    4.422550E-03  5.501416E-03  3.990689E+01
    10.6500    3.557585E-03  5.358808E-03  4.011471E+01
    10.7000    2.586505E-03  5.214854E-03  4.032173E+01
    10.7500    1.560654E-03  5.070552E-03  4.052784E+01
    10.8000    5.298606E-04  4.926953E-03  4.073295E+01
    10.8500   -4.602784E-04  4.785116E-03  4.093704E+01
    10.9000   -1.370409E-03  4.646036E-03  4.114012E+01
    10.9500   -2.168628E-03  4.510590E-03  4.134226E+01
    11.0000   -2.830915E-03  4.379475E-03  4.154357E+01
    11.0500   -3.373216E-03  4.288478E-03  4.174595E+01
    11.1000   -3.757927E-03  4.201850E-03  4.194768E+01
    11.1500   -3.978773E-03  4.119962E-03  4.214895E+01
    11.2000   -4.035335E-03  4.042987E-03  4.234997E+01
    11.2500   -3.932306E-03  3.970875E-03  4.255099E+01
    11.3000   -3.678873E-03  3.903338E-03  4.275228E+01
    11.3500   -3.288340E-03  3.839859E-03  4.295410E+01
    11.4000   -2.777951E-03  3.779714E-03  4.315668E+01
    11.4500   -2.168853E-03  3.722013E-03  4.336024E+01
    11.5000   -1.486000E-03  3.665760E-03  4.356491E+01
    11.5500   -7.578441E-04  3.609911E-03  4.377079E+01
    11.6000   -1.562745E-05  3.553449E-03  4.397790E+01
    11.6500    7.078017E-04  3.495438E-03  4.418620E+01
    11.7000    1.379636E-03  3.435085E-03  4.439559E+01
    11.7500    1.969091E-03  3.371776E-03  4.460594E+01
    11.8000    2.449489E-03  3.305100E-03  4.481704E+01
    11.8500    2.800187E-03  3.234857E-03  4.502870E+01
    11.9000    3.008062E-03  3.161050E-03  4.524070E+01
    11.9500    3.068376E-03  3.083864E-03  4.545283E+01
    12.0000    2.984892E-03  3.003636E-03  4.566487E+01
    12.0500    2.800091E-03  2.957891E-03  4.588121E+01
    12.1000    2.488834E-03  2.909193E-03  4.609736E+01
    12.1500    2.071504E-03  2.857937E-03  4.631311E+01
    12.2000    1.573475E-03  2.804652E-03  4.652827E+01
    12.2500    1.023077E-03  2.749958E-03  4.674269E+01
    12.3000    4.495031E-04  2.694519E-03  4.695628E+01
    12.3500   -1.190492E-04  2.638988E-03  4.716902E+01
    12.4000   -6.568531E-04  2.583962E-03  4.738091E+01
    12.4500   -1.141646E-03  2.529932E-03  4.759206E+01
    12.5000   -1.555177E-03  2.477256E-03  4.780259E+01
    12.5500   -1.883416E-03  2.426143E-03  4.801267E+01
    12.6000   -2.116555E-03  2.376655E-03  4.822247E+01
    12.6500   -2.248937E-03  2.328717E-03  4.843217E+01
    12.7000   -2.278980E-03  2.282153E-03  4.864194E+01
    12.7500   -2.209123E-03  2.236714E-03  4.885192E+01
    12.8000   -2.045740E-03  2.192113E-03  4.906219E+01
    12.8500   -1.798959E-03  2.148060E-03  4.927283E+01
    12.9000   -1.482326E-03  2.104287E-03  4.948386E+01
    12.9500   -1.112262E-03  2.060558E-03  4.969530E+01
    13.0000   -7.073175E-04  2.016679E-03  4.990713E+01
    13.0500   -2.917374E-04  1.984523E-03  5.011794E+01
    13.1000    1.240940E-04  1.952024E-03  5.032910E+01
    13.1500    5.212612E-04  1.919073E-03  5.054056E+01
    13.2000    8.820850E-04  1.885589E-03  5.075229E+01
    13.2500    1.191002E-03  1.851510E-03  5.096423E+01
    13.3000    1.435324E-03  1.816792E-03  5.117634E+01
    13.3500    1.605831E-03  1.781405E-03  5.138857E+01
    13.4000    1.697182E-03  1.745329E-03  5.160085E+01
    13.4500    1.708099E-03  1.708558E-03  5.181311E+01
    13.5000    1.641346E-03  1.671104E-03  5.202528E+01
    13.5500    1.503475E-03  1.633001E-03  5.223725E+01
    13.6000    1.304354E-03  1.594316E-03  5.244893E+01
    13.6500    1.056494E-03  1.555150E-03  5.266020E+01
    13.7000    7.742184E-04  1.515642E-03  5.287094E+01
    13.7500    4.727297E-04  1.475973E-03  5.308105E+01
    13.8000    1.671677E-04  1.436353E-03  5.329043E+01
    13.8500   -1.282599E-04  1.397013E-03  5.349901E+01
    13.9000   -4.009889E-04  1.358190E-03  5.370678E+01
    13.9500   -6.405974E-04  1.320111E-03  5.391374E+01
    14.0000   -8.390735E-04  1.282970E-03  5.411995E+01
    14.0500   -1.003922E-03  1.260898E-03  5.432806E+01
    14.1000   -1.120601E-03  1.239788E-03  5.453579E+01
    14.1500   -1.186269E-03  1.219669E-03  5.474331E+01
    14.2000   -1.200081E-03  1.200522E-03  5.495075E+01
    14.2500   -1.163105E-03  1.182292E-03  5.515827E+01
    14.3000   -1.078236E-03  1.164890E-03  5.536602E+01
    14.3500   -9.500875E-04  1.148205E-03  5.557411E+01
    14.4000   -7.848582E-04  1.132112E-03  5.578265E+01
    14.4500   -5.901439E-04  1.116473E-03  5.599174E+01
    14.5000   -3.746983E-04  1.101143E-03  5.620145E+01
    14.5500   -1.481336E-04  1.085968E-03  5.641183E+01
    14.6000    7.943637E-05  1.070794E-03  5.662292E+01
    14.6500    2.978104E-04  1.055462E-03  5.683471E+01
    14.7000    4.971662E-04  1.039826E-03  5.704719E+01
    14.7500    6.685626E-04  1.023751E-03  5.726028E+01
    14.8000    8.044484E-04  1.007131E-03  5.747389E+01
    14.8500    8.991310E-04  9.898925E-04  5.768790E+01
    14.9000    9.491468E-04  9.720053E-04  5.790216E+01
    14.9500    9.534785E-04  9.534826E-04  5.811653E+01
    15.0000    9.135822E-04  9.343798E-04  5.833085E+01
    15.0500    8.397432E-04  9.203534E-04  5.854112E+01
    15.1000    7.312397E-04  9.060321E-04  5.875107E+01
    15.1500    5.942758E-04  8.915353E-04  5.896065E+01
    15.2000    4.360734E-04  8.769840E-04  5.916984E+01
    15.2500    2.644320E-04  8.624916E-04  5.937865E+01
    15.3000    8.731810E-05  8.481549E-04  5.958713E+01
    15.3500   -8.748775E-05  8.340484E-04  5.979535E+01
    15.4000   -2.526803E-04  8.202195E-04  6.000342E+01
    15.4500   -4.016595E-04  8.066878E-04  6.021145E+01
    15.5000   -5.287140E-04  7.934456E-04  6.041957E+01
    15.5500   -6.291733E-04  7.804612E-04  6.062789E+01
    15.6000   -6.995362E-04  7.676821E-04  6.083652E+01
    15.6500   -7.375789E-04  7.550394E-04  6.104558E+01
    15.7000   -7.424378E-04  7.424508E-04  6.125514E+01
    15.7500   -7.146603E-04  7.298243E-04  6.146526E+01
    15.8000   -6.562126E-04  7.170605E-04  6.167599E+01
    15.8500   -5.704358E-04  7.040566E-04  6.188734E+01
    15.9000   -4.619386E-04  6.907112E-04  6.209928E+01
    15.9500   -3.364147E-04  6.769294E-04  6.231175E+01
    16.0000   -2.003795E-04  6.626308E-04  6.252464E+01
    16.0500   -6.357545E-05  6.504755E-04  6.273396E+01
    16.1000    7.088093E-05  6.377681E-04  6.294322E+01
    16.1500    1.966880E-04  6.245441E-04  6.315224E+01
    16.2000    3.082626E-04  6.108661E-04  6.336081E+01
    16.2500    4.010611E-04  5.968204E-04  6.356875E+01
    16.3000    4.718019E-04  5.825133E-04  6.377591E+01
    16.3500    5.185726E-04  5.680652E-04  6.398213E+01
    16.4000    5.408184E-04  5.536046E-04  6.418731E+01
    16.4500    5.392274E-04  5.392615E-04  6.439140E+01
    16.5000    5.155375E-04  5.251606E-04  6.459438E+01
    16.5500    4.722980E-04  5.114147E-04  6.479631E+01
    16.6000    4.126216E-04  4.981185E-04  6.499727E+01
    16.6500    3.399544E-04  4.853436E-04  6.519743E+01
    16.7000    2.578869E-04  4.731345E-04  6.539698E+01
    16.7500    1.700145E-04  4.615062E-04  6.559617E+01
    16.8000    7.984635E-05  4.504437E-04  6.579524E+01
    16.8500   -9.248785E-06  4.399034E-04  6.599447E+01
    16.9000   -9.407820E-05  4.298168E-04  6.619411E+01
    16.9500   -1.716607E-04  4.200951E-04  6.639439E+01
    17.0000   -2.392790E-04  4.106356E-04  6.659550E+01
    17.0500   -2.978603E-04  4.040401E-04  6.680237E+01
    17.1000   -3.421395E-04  3.974544E-04  6.701034E+01
    17.1500   -3.703329E-04  3.907715E-04  6.721939E+01
    17.2000   -3.813713E-04  3.838985E-04  6.742944E+01
    17.2500   -3.750213E-04  3.767604E-04  6.764036E+01
    17.3000   -3.519523E-04  3.693029E-04  6.785199E+01
    17.3500   -3.137319E-04  3.614940E-04  6.806413E+01
    17.4000   -2.627430E-04  3.533232E-04  6.827655E+01
    17.4500   -2.020260E-04  3.448015E-04  6.848902E+01
    17.5000   -1.350620E-04  3.359588E-04  6.870132E+01
    17.5500   -6.552108E-05  3.268418E-04  6.891320E+01
    17.6000    2.996436E-06  3.175104E-04  6.912448E+01
    17.6500    6.719641E-05  3.080344E-04  6.933495E+01
    17.7000    1.242823E-04  2.984897E-04  6.954449E+01
    17.7500    1.720847E-04  2.889535E-04  6.975298E+01
    17.8000    2.091229E-04  2.795010E-04  6.996038E+01
    17.8500    2.346020E-04  2.702004E-04  7.016671E+01
    17.9000    2.483574E-04  2.611096E-04  7.037202E+01
    17.9500    2.507648E-04  2.522726E-04  7.057645E+01
    18.0000    2.426336E-04  2.437174E-04  7.078018E+01
    18.0500    2.283477E-04  2.387182E-04  7.098167E+01
    18.1000    2.056728E-04  2.340063E-04  7.118304E+01
    18.1500    1.757723E-04  2.295680E-04  7.138456E+01
    18.2000    1.399762E-04  2.253740E-04  7.158651E+01
    18.2500    9.976425E-05  2.213822E-04  7.178915E+01
    18.3000    5.675287E-05  2.175404E-04  7.199269E+01
    18.3500    1.267447E-05  2.137902E-04  7.219731E+01
    18.4000   -3.066026E-05  2.100707E-04  7.240311E+01
    18.4500   -7.142275E-05  2.063220E-04  7.261012E+01
    18.5000   -1.078500E-04  2.024894E-04  7.281833E+01
    18.5500   -1.383454E-04  1.985253E-04  7.302765E+01
    18.6000   -1.615862E-04  1.943923E-04  7.323796E+01
    18.6500   -1.766229E-04  1.900640E-04  7.344909E+01
    18.7000   -1.829578E-04  1.855260E-04  7.366084E+01
    18.7500   -1.805878E-04  1.807755E-04  7.387300E+01
    18.8000   -1.700060E-04  1.758212E-04  7.408534E+01
    18.8500   -1.521586E-04  1.706813E-04  7.429763E+01
    18.9000   -1.283636E-04  1.653826E-04  7.450967E+01
    18.9500   -1.002002E-04  1.599576E-04  7.472128E+01
    19.0000   -6.938379E-05  1.544429E-04  7.493230E+01
    19.0500   -3.834223E-05  1.506433E-04  7.514087E+01
    19.1000   -7.266042E-06  1.467988E-04  7.534871E+01
    19.1500    2.242625E-05  1.429424E-04  7.555576E+01
    19.2000    4.950040E-05  1.391044E-04  7.576205E+01
    19.2500    7.294849E-05  1.353109E-04  7.596761E+01
    19.3000    9.200803E-05  1.315822E-04  7.617256E+01
    19.3500    1.061626E-04  1.279314E-04  7.637704E+01
    19.4000    1.151300E-04  1.243644E-04  7.658123E+01
    19.4500    1.188455E-04  1.208793E-04  7.678532E+01
    19.5000    1.174429E-04  1.174675E-04  7.698950E+01
    19.5500    1.112395E-04  1.141143E-04  7.719396E+01
    19.6000    1.007219E-04  1.108004E-04  7.739885E+01
    19.6500    8.653267E-05  1.075043E-04  7.760427E+01
    19.7000    6.945280E-05  1.042035E-04  7.781030E+01
    19.7500    5.037642E-05  1.008766E-04  7.801693E+01
    19.8000    3.027506E-05  9.750511E-05  7.822410E+01
    19.8500    1.015058E-05  9.407492E-05  7.843171E+01
    19.9000   -9.021080E-06  9.057713E-05  7.863958E+01
    19.9500   -2.635044E-05  8.700885E-05  7.884750E+01
    20.0000   -4.109275E-05  8.337342E-05  7.905521E+01
