# # Once                                                         FEFF 10.0.0 
# # POT  SCF 100  9.0000   0, NO core-hole, FOLP (folp(0)= 1.150)
# # Abs   Z=30 Rmt= 1.379 Rnm= 1.523 K  shell
# #   RGRID 0.0100
# # Pot 1 Z= 6 Rmt= 0.895 Rnm= 1.120
# # Pot 2 Z= 6 Rmt= 0.925 Rnm= 1.165
# # Pot 3 Z= 1 Rmt= 0.549 Rnm= 0.952
# # Pot 4 Z=16 Rmt= 1.261 Rnm= 1.481
# # Gam_ch=1.897E+00 H-L exch Vi=-5.000E-01 Vr= 0.000E+00
# # Mu=-7.300E+00eV kf=1.980E+00 Vint=-1.304E+01eV Rs_int= 1.832
# # PATH  Rmax= 9.000,  Keep_limit= 0.00, Heap_limit 0.00  Pwcrit= 2.50%
#  S02=1.000  Temp=  10.00  Debye_temp= 315.00  Global_sig2= 0.00000
#  Energy zero shift, vr, vi    0.00000E+00   0.00000E+00
#  Curved wave amplitude ratio filter   4.000%
#     file         sig2 tot  cw amp ratio   deg  nlegs   reff  inp sig2
#           1       0.00298    100.00      1.00     2   2.3569
#           2       0.00302     99.79      1.00     2   2.3589
#           3       0.00304     99.37      1.00     2   2.3630
#           4       0.00319     97.45      1.00     2   2.3821
#           5       0.02180     14.62      1.00     2   3.0265
#           6       0.03084     14.21      1.00     2   3.0622
#           7       0.02487     12.45      1.00     2   3.2339
#           8       0.00618     44.49      1.00     2   3.2386
#           9       0.00585     44.40      1.00     2   3.2414
#          10       0.02479     11.93      1.00     2   3.2900
#          11       0.00595     42.37      1.00     2   3.3026
#          12       0.03087     11.81      1.00     2   3.3040
#          13       0.00609     40.92      1.00     2   3.3490
#          14       0.03284     11.34      1.00     2   3.3590
#          15       0.03263     10.91      1.00     2   3.4126
#          16       0.01466     17.10      2.00     3   3.6961
#          17       0.01109     19.24      2.00     3   3.7108
#          18       0.00416     50.05      2.00     3   3.7116
#          19       0.00420     48.88      2.00     3   3.7261
#          20       0.00413     49.23      2.00     3   3.7456
#          21       0.00422     48.94      2.00     3   3.7669
#          22       0.01213     12.87      2.00     3   3.7842
#          23       0.01228     12.00      2.00     3   3.8127
#          24       0.00931     29.38      1.00     2   3.8211
#          25       0.02365      8.23      1.00     2   3.8259
#          26       0.00935     28.38      1.00     2   3.8732
#          27       0.01464      9.34      2.00     3   3.8979
#          28       0.01551     11.44      2.00     3   3.8996
#          29       0.01703      9.31      2.00     3   3.9121
#          30       0.01511      8.73      2.00     3   4.0111
#          31       0.01496      8.58      2.00     3   4.0409
#          32       0.01765      8.58      2.00     3   4.0634
#          33       0.01625     19.03      2.00     3   4.1088
#          34       0.01341     15.69      2.00     3   4.1109
#          35       0.01939     11.54      1.00     4   4.1190
#          36       0.01896      4.86      2.00     3   4.1397
#          37       0.02684     11.07      1.00     4   4.1537
#          38       0.00847      4.38      2.00     4   4.1538
#          40       0.01404      6.60      1.00     2   4.1787
#          41       0.00449     19.29      1.00     4   4.1846
#          42       0.00446     16.35      1.00     4   4.1848
#          43       0.02817      4.27      2.00     3   4.1876
#          44       0.00452     17.68      1.00     4   4.1885
#          45       0.01725     16.65      2.00     3   4.1893
#          46       0.00465     18.87      1.00     4   4.2109
#          47       0.01171     27.69      2.00     3   4.2553
#          48       0.00424     11.61      2.00     3   4.2615
#          50       0.03580      6.23      1.00     2   4.2748
#          51       0.00428     12.07      2.00     3   4.2791
#          52       0.00442     11.55      2.00     3   4.2842
#          54       0.01441      8.14      2.00     3   4.3014
#          55       0.00437     12.44      2.00     3   4.3019
#          56       0.00433     11.76      2.00     3   4.3053
#          57       0.01914      4.65      2.00     3   4.3048
#          58       0.01222      6.10      1.00     2   4.3108
#          59       0.00579     23.32      2.00     3   4.3122
#          61       0.01841      9.44      1.00     4   4.3270
#          62       0.01137     32.19      1.00     4   4.3319
#          63       0.00592     23.65      2.00     3   4.3427
#          64       0.00424     12.85      2.00     3   4.3456
#          65       0.01689      6.25      2.00     4   4.3555
#          66       0.01092     26.48      2.00     3   4.3766
#          67       0.01766      8.97      1.00     4   4.3839
#          68       0.01107      8.22      1.00     4   4.3959
#          69       0.02913      9.72      1.00     4   4.3965
#          70       0.01167     31.76      1.00     4   4.4423
#          71       0.02871      8.65      1.00     4   4.4501
#          72       0.02952      5.62      1.00     2   4.4532
#          73       0.01196     10.70      2.00     3   4.4658
#          74       0.01921      4.32      2.00     3   4.5011
#          75       0.00558     18.18      2.00     3   4.5037
#          76       0.03213      8.90      1.00     4   4.5053
#          77       0.00553     18.49      2.00     3   4.5186
#          78       0.01844      5.97      2.00     4   4.5191
#          79       0.01192     12.99      2.00     3   4.5240
#          80       0.01279      7.40      2.00     3   4.5359
#          81       0.03366      5.35      1.00     2   4.5408
#          82       0.00949     24.89      2.00     4   4.5423
#          83       0.00751     18.76      1.00     2   4.5453
#          84       0.01101     11.19      2.00     4   4.5538
#          85       0.01774     10.06      2.00     4   4.5777
#          86       0.00950      7.93      2.00     4   4.5864
#          87       0.01607      5.06      2.00     4   4.5899
#          88       0.00951     30.53      2.00     4   4.5898
#          89       0.01905     10.63      2.00     3   4.5946
#          90       0.01079      9.17      2.00     4   4.6282
#          91       0.01092      7.72      2.00     4   4.6304
#          92       0.01401      5.50      2.00     3   4.6589
#          94       0.00574     43.35      2.00     3   4.6810
#          95       0.00562     17.23      1.00     2   4.6953
#          96       0.01750     12.48      2.00     3   4.7099
#          98       0.02131      5.50      2.00     4   4.7129
#          99       0.00595     11.90      1.00     4   4.7137
#         100       0.00467      4.41      2.00     4   4.7158
#         101       0.00604     11.85      1.00     4   4.7178
#         102       0.00477      5.07      2.00     4   4.7199
#         104       0.00608     11.74      1.00     4   4.7261
#         105       0.00579     64.31      2.00     3   4.7283
#         106       0.00976     18.98      2.00     4   4.7283
#         107       0.01977      4.82      1.00     2   4.7288
#         108       0.01411      7.67      1.00     4   4.7372
#         110       0.00468      5.95      2.00     4   4.7410
#         111       0.00472      4.26      2.00     4   4.7452
#         112       0.01837      4.76      1.00     2   4.7515
#         113       0.00620      4.22      1.00     4   4.7511
#         114       0.01401      4.65      1.00     4   4.7528
#         115       0.00496     11.82      2.00     4   4.7606
#         116       0.00632     70.78      1.00     4   4.7612
#         117       0.00639     11.29      1.00     4   4.7642
#         118       0.01247      7.75      2.00     4   4.7697
#         119       0.00812      5.91      2.00     3   4.7739
#         121       0.01834      8.91      2.00     4   4.7789
#         122       0.00504      9.13      2.00     4   4.7852
#         124       0.02056     14.63      2.00     5   4.7895
#         125       0.00944     20.70      2.00     4   4.7944
#         126       0.01620      7.88      2.00     5   4.8041
#         127       0.00936     48.55      2.00     5   4.8049
#         129       0.00634     41.46      1.00     4   4.8167
#         132       0.01435     19.50      2.00     3   4.8339
#         133       0.02515      5.02      2.00     3   4.8375
#         134       0.00978     12.83      2.00     5   4.8388
#         135       0.00523     24.51      2.00     3   4.8412
#         136       0.01449     17.43      2.00     3   4.8488
#         138       0.00958     53.99      2.00     5   4.8602
#         139       0.00934      9.00      2.00     3   4.8611
#         140       0.00603      6.05      1.00     4   4.8643
#         141       0.01515     10.89      2.00     5   4.8773
#         143       0.02467      5.13      2.00     4   4.8823
#         144       0.01324      6.43      2.00     4   4.8933
#         145       0.01663      4.54      2.00     3   4.8949
#         146       0.00734      5.20      2.00     3   4.9026
#         147       0.01591     10.36      2.00     5   4.9066
#         149       0.01343      5.10      1.00     4   4.9143
#         150       0.02322      5.39      2.00     3   4.9167
#         151       0.01286     22.03      1.00     4   4.9164
#         152       0.01721      5.88      1.00     4   4.9191
#         154       0.01546      5.81      2.00     3   4.9272
#         155       0.02086      4.60      2.00     4   4.9271
#         156       0.00498     27.12      2.00     3   4.9391
#         157       0.02325      5.91      2.00     3   4.9446
#         159       0.00502      9.63      2.00     4   4.9575
#         160       0.01492      7.70      1.00     4   4.9666
#         161       0.01234     17.47      1.00     4   4.9689
#         162       0.00471     54.89      2.00     4   4.9720
#         163       0.01664      7.31      2.00     4   4.9748
#         164       0.00471     35.26      2.00     4   4.9769
#         165       0.01370      9.80      2.00     5   4.9907
#         167       0.02244     12.58      2.00     5   4.9929
#         169       0.01940      7.94      2.00     4   4.9961
#         170       0.00996     16.10      2.00     4   4.9968
#         171       0.01599      4.82      2.00     5   4.9999
#         172       0.00775      4.95      2.00     3   5.0013
#         173       0.01823      5.76      2.00     3   5.0011
#         174       0.00956     26.49      2.00     5   5.0077
#         175       0.00957     18.93      2.00     5   5.0153
#         177       0.00511     10.60      2.00     4   5.0253
#         178       0.02531      4.71      2.00     4   5.0259
#         179       0.00951      4.97      2.00     5   5.0293
#         180       0.00890      7.67      2.00     3   5.0426
#         182       0.02125      4.07      1.00     2   5.0487
#         184       0.01023      9.14      2.00     5   5.0483
#         185       0.01420      7.11      2.00     3   5.0636
#         186       0.00711      8.73      1.00     4   5.0642
#         187       0.00895      7.30      2.00     3   5.0692
#         188       0.00634      8.50      1.00     4   5.0702
#         189       0.02186      4.36      2.00     4   5.0727
#         190       0.00958     19.22      2.00     4   5.0755
#         191       0.02066      6.72      2.00     4   5.0773
#         192       0.02079      4.01      1.00     2   5.0813
#         194       0.01784      4.79      2.00     3   5.0895
#         195       0.01181     11.09      2.00     4   5.0892
#         197       0.01077      8.66      2.00     5   5.1012
#         198       0.00983     18.89      2.00     4   5.1021
#         199       0.00679      4.86      2.00     3   5.1068
#         200       0.01411      7.43      2.00     4   5.1162
#         201       0.02324      4.73      2.00     4   5.1216
#         202       0.00503     30.69      2.00     4   5.1240
#         203       0.00654      8.68      1.00     4   5.1281
#         204       0.01351      6.34      2.00     3   5.1296
#         205       0.00542      9.61      1.00     4   5.1370
#         206       0.01708      5.10      2.00     5   5.1404
#         207       0.00725      4.87      2.00     3   5.1461
#         208       0.01294      9.54      2.00     4   5.1488
#         209       0.01228      5.00      2.00     4   5.1572
#         210       0.00566      4.62      1.00     4   5.1639
#         211       0.02347      4.52      2.00     4   5.1649
#         212       0.01208      7.24      2.00     4   5.1734
#         213       0.00700      8.69      1.00     4   5.1769
#         214       0.01137      6.38      2.00     4   5.1778
#         215       0.01834      5.20      2.00     4   5.1805
#         217       0.00550     13.37      1.00     4   5.1829
#         218       0.01118      7.35      2.00     4   5.1839
#         219       0.01119     14.54      2.00     4   5.1837
#         220       0.00567      4.80      1.00     4   5.1863
#         221       0.05783     14.47      2.00     5   5.2014
#         222       0.02007      6.02      2.00     5   5.2020
#         223       0.01994     13.80      2.00     5   5.2041
#         224       0.01981     12.08      2.00     5   5.2040
#         225       0.01146      6.91      2.00     4   5.2064
#         226       0.01320      9.10      2.00     5   5.2087
#         227       0.01135     14.57      2.00     4   5.2120
#         228       0.04008     11.00      1.00     6   5.2116
#         229       0.00488     40.81      2.00     4   5.2130
#         230       0.01134      4.34      2.00     4   5.2147
#         231       0.02188     11.47      2.00     3   5.2164
#         232       0.02140      9.51      2.00     3   5.2223
#         233       0.00554      9.77      2.00     5   5.2241
#         234       0.01211     11.64      2.00     4   5.2253
#         235       0.01187     23.22      2.00     5   5.2249
#         236       0.01658      8.77      2.00     3   5.2284
#         237       0.02142      9.94      2.00     3   5.2376
#         238       0.01651      8.95      2.00     3   5.2449
#         239       0.00505     96.66      2.00     5   5.2460
#         241       0.01540      6.52      2.00     6   5.2470
#         242       0.01659      4.70      2.00     4   5.2534
#         243       0.00528     65.92      2.00     5   5.2597
#         245       0.01905      9.99      2.00     6   5.2625
#         246       0.02352      5.61      2.00     4   5.2647
#         247       0.01275     11.06      2.00     4   5.2710
#         248       0.02291      5.29      2.00     3   5.2731
#         249       0.00941      4.75      1.00     6   5.2761
#         251       0.00987     20.81      1.00     6   5.2779
#         252       0.01017     25.48      1.00     6   5.2781
#         253       0.02001      5.75      2.00     4   5.2804
#         254       0.00946      7.60      1.00     6   5.2811
#         255       0.00570     10.35      2.00     5   5.2822
#         256       0.06069     12.71      2.00     5   5.2820
#         257       0.01000      5.46      1.00     6   5.2818
#         258       0.01557      8.48      2.00     3   5.2825
#         259       0.02281      6.99      2.00     5   5.2826
#         260       0.01968     10.37      2.00     5   5.2849
#         261       0.01249     12.82      2.00     4   5.2878
#         262       0.01275     10.74      2.00     4   5.2995
#         263       0.02864      5.04      2.00     3   5.3028
#         264       0.01326     28.59      2.00     5   5.3040
#         268       0.01755      4.72      2.00     5   5.3195
#         270       0.01094     11.28      2.00     4   5.3289
#         271       0.02422      9.28      1.00     4   5.3322
#         272       0.01333     28.10      2.00     5   5.3325
#         274       0.02272     22.98      2.00     5   5.3487
#         275       0.02027      5.10      2.00     4   5.3551
#         276       0.01236     12.67      2.00     4   5.3555
#         279       0.01240      8.64      2.00     3   5.3696
#         280       0.01837      4.17      2.00     4   5.3725
#         281       0.01775      4.63      2.00     4   5.3732
#         282       0.02260      5.97      2.00     4   5.3834
#         283       0.02008      4.97      2.00     4   5.3849
#         285       0.00952      6.54      2.00     5   5.3851
#         286       0.00809     13.56      1.00     4   5.3858
#         288       0.01508      9.75      2.00     3   5.3908
#         293       0.02414      7.12      1.00     4   5.3940
#         294       0.01728      6.83      2.00     5   5.3946
#         295       0.02408      6.47      1.00     4   5.3958
#         296       0.01187     13.20      2.00     4   5.3966
#         297       0.01554     11.10      2.00     3   5.3979
#         298       0.01621     12.47      2.00     4   5.3984
#         300       0.01614     11.46      2.00     4   5.4013
#         301       0.01611     10.69      2.00     4   5.4019
#         304       0.01489      9.62      1.00     4   5.4043
#         306       0.01063      7.65      2.00     5   5.4049
#         307       0.01814      5.17      2.00     5   5.4050
#         308       0.01133     31.15      2.00     5   5.4055
#         309       0.01162     13.42      2.00     5   5.4055
#         310       0.01496      5.55      1.00     4   5.4080
#         311       0.01063     28.97      2.00     5   5.4078
#         312       0.01517      5.85      1.00     4   5.4086
#         314       0.02110      9.96      2.00     6   5.4108
#         315       0.01361      7.08      2.00     5   5.4149
#         317       0.01159      5.91      2.00     3   5.4186
#         318       0.00482     29.73      2.00     5   5.4198
#         320       0.02018      9.41      2.00     6   5.4234
#         322       0.03198      5.53      2.00     4   5.4252
#         323       0.02333     31.04      1.00     6   5.4253
#         325       0.00656     12.19      2.00     3   5.4293
#         326       0.00486      5.50      2.00     5   5.4305
#         328       0.02173      4.69      2.00     5   5.4324
#         330       0.01149      6.23      2.00     3   5.4348
#         331       0.01074      7.04      2.00     5   5.4353
#         332       0.01162     31.20      2.00     5   5.4360
#         333       0.01086      7.80      2.00     5   5.4359
#         334       0.01105     32.15      2.00     5   5.4379
#         335       0.00799     10.49      2.00     5   5.4398
#         336       0.00487      7.62      2.00     5   5.4432
#         337       0.00654     12.78      2.00     3   5.4447
#         339       0.01322      5.47      2.00     5   5.4478
#         340       0.04375      6.38      2.00     6   5.4485
#         341       0.02072      6.36      2.00     6   5.4493
#         342       0.01144     13.07      2.00     4   5.4515
#         343       0.00500     40.70      2.00     5   5.4568
#         344       0.01512      5.33      1.00     4   5.4645
#         345       0.01468      7.43      1.00     4   5.4667
#         346       0.01147     13.09      2.00     4   5.4678
#         347       0.02346     21.93      2.00     5   5.4699
#         348       0.02417      4.97      2.00     4   5.4734
#         349       0.02369      4.64      2.00     3   5.4779
#         350       0.01241     11.24      2.00     3   5.4778
#         351       0.02237      5.44      2.00     4   5.4819
#         352       0.00655     11.69      2.00     3   5.4837
#         353       0.01192     13.51      2.00     4   5.4854
#         354       0.01205      9.40      2.00     4   5.4893
#         355       0.02229      7.81      1.00     6   5.4891
#         356       0.01120      8.40      2.00     4   5.4942
#         357       0.01580     10.83      2.00     5   5.4938
#         358       0.01598     11.18      2.00     5   5.4941
#         359       0.02152      9.88      2.00     5   5.4970
#         361       0.02163     10.14      2.00     5   5.4995
#         365       0.01150     11.63      2.00     4   5.5053
#         367       0.01096      7.47      2.00     5   5.5148
#         368       0.01120      8.48      2.00     4   5.5165
#         370       0.01275      8.51      2.00     5   5.5218
#         371       0.00658     10.42      2.00     3   5.5247
#         372       0.01025      6.64      2.00     4   5.5312
#         373       0.02145      6.69      2.00     6   5.5335
#         375       0.02397     30.54      1.00     6   5.5356
#         376       0.01275      5.93      2.00     4   5.5366
#         377       0.00952      8.95      2.00     5   5.5363
#         378       0.00770     17.63      2.00     5   5.5373
#         379       0.01256      6.02      2.00     4   5.5402
#         380       0.01120      7.50      2.00     5   5.5433
#         381       0.01145      4.19      2.00     4   5.5459
#         382       0.01195      5.76      2.00     4   5.5475
#         383       0.01022      5.88      2.00     4   5.5507
#         384       0.01091     10.37      2.00     4   5.5516
#         385       0.01086     17.03      2.00     4   5.5537
#         386       0.00793     16.93      2.00     5   5.5549
#         387       0.01817      8.85      2.00     5   5.5591
#         388       0.02358      4.71      2.00     3   5.5605
#         389       0.00815     11.78      2.00     5   5.5603
#         391       0.00785     18.03      2.00     5   5.5711
#         392       0.01359      4.01      2.00     4   5.5861
#         393       0.00838     11.72      2.00     5   5.5869
#         394       0.01102      9.65      2.00     3   5.5907
#         395       0.02579      5.12      2.00     4   5.5908
#         397       0.01180      8.43      2.00     4   5.5912
#         398       0.01180      7.53      2.00     4   5.5921
#         399       0.00797     18.58      2.00     5   5.5948
#         400       0.02109      4.59      2.00     4   5.5968
#         401       0.01084     17.06      2.00     4   5.5971
#         402       0.00968      7.30      2.00     4   5.5975
#         403       0.00685     12.62      2.00     4   5.5983
#         404       0.01095      6.98      2.00     4   5.5982
#         405       0.01094      7.69      2.00     4   5.5985
#         406       0.01505      4.13      2.00     5   5.5984
#         407       0.01056     20.57      2.00     5   5.5989
#         408       0.00723     11.68      2.00     4   5.6016
#         409       0.01840      7.89      2.00     5   5.6064
#         411       0.05687      6.07      2.00     6   5.6116
#         412       0.01180      5.00      2.00     5   5.6124
#         413       0.02523      6.03      2.00     6   5.6123
#         414       0.01064      7.46      2.00     5   5.6130
#         415       0.01181     13.44      2.00     4   5.6135
#         416       0.00530     13.17      2.00     4   5.6142
#         417       0.01050     17.67      2.00     5   5.6142
#         419       0.01070     11.06      2.00     5   5.6159
#         420       0.01426     16.38      2.00     5   5.6167
#         421       0.01827     10.48      2.00     5   5.6173
#         422       0.01982      4.34      2.00     5   5.6183
#         423       0.01151     16.09      2.00     5   5.6211
#         425       0.01077     12.53      2.00     5   5.6227
#         426       0.01117      6.43      2.00     5   5.6228
#         427       0.01157     14.52      2.00     4   5.6237
#         428       0.00939      7.09      2.00     4   5.6235
#         429       0.01260     11.61      2.00     5   5.6241
#         430       0.01137     17.07      2.00     5   5.6241
#         431       0.01320     22.40      2.00     5   5.6250
#         432       0.01197      9.82      2.00     5   5.6248
#         433       0.01134     16.49      2.00     5   5.6251
#         434       0.01192     10.05      2.00     5   5.6258
#         435       0.00556     13.57      2.00     4   5.6282
#         436       0.01128      9.31      2.00     5   5.6290
#         437       0.01854      6.33      2.00     5   5.6293
#         438       0.01020     12.69      2.00     5   5.6299
#         439       0.01124     27.50      2.00     5   5.6300
#         440       0.01111     19.14      2.00     5   5.6312
#         441       0.01132     19.68      2.00     5   5.6314
#         446       0.01879     23.72      2.00     6   5.6357
#         447       0.01633      5.23      1.00     4   5.6386
#         448       0.01079      9.78      1.00     4   5.6408
#         450       0.01772      5.94      2.00     5   5.6414
#         451       0.01087      7.23      2.00     5   5.6414
#         453       0.01556      7.05      2.00     5   5.6450
#         455       0.02566      5.42      2.00     4   5.6469
#         457       0.01754     10.65      2.00     6   5.6471
#         459       0.01025     11.68      2.00     5   5.6567
#         460       0.01042      5.55      2.00     5   5.6569
#         461       0.01589      7.19      2.00     5   5.6580
#         462       0.00690     11.09      2.00     4   5.6595
#         463       0.01238      4.31      2.00     4   5.6622
#         464       0.01143      6.41      2.00     4   5.6624
#         465       0.01166      8.40      2.00     4   5.6654
#         466       0.00925      7.07      2.00     4   5.6657
#         468       0.01942      7.11      2.00     5   5.6667
#         469       0.01347     20.91      2.00     6   5.6679
#         470       0.01191      9.45      2.00     5   5.6682
#         471       0.07990      9.38      2.00     6   5.6692
#         472       0.02065      9.51      2.00     6   5.6710
#         473       0.03139      5.22      2.00     3   5.6736
#         474       0.01977      4.13      2.00     5   5.6734
#         475       0.01144      6.81      2.00     4   5.6786
#         477       0.01987      7.65      2.00     6   5.6796
#         478       0.01176     15.75      2.00     5   5.6816
#         479       0.01227     12.67      2.00     6   5.6817
#         480       0.01881     28.39      2.00     6   5.6831
#         481       0.02012      4.11      2.00     4   5.6839
#         482       0.00544     11.94      2.00     4   5.6844
#         484       0.01424      4.24      2.00     4   5.6854
#         486       0.01065      9.87      2.00     5   5.6856
#         487       0.03145      6.80      2.00     4   5.6861
#         488       0.01139     16.30      2.00     5   5.6873
#         490       0.02372      9.40      2.00     5   5.6878
#         491       0.01114     22.16      2.00     5   5.6895
#         493       0.02263      7.85      2.00     5   5.6898
#         495       0.00552     12.29      2.00     4   5.6942
#         496       0.00580      7.37      1.00     6   5.6971
#         497       0.01542      5.93      2.00     6   5.6973
#         498       0.00559      7.06      1.00     6   5.7001
#         499       0.01336     12.63      2.00     5   5.7018
#         500       0.00650     28.88      1.00     6   5.7026
#         502       0.00957      6.98      2.00     4   5.7059
#         504       0.03154      4.53      2.00     3   5.7101
#         506       0.01812      4.05      2.00     5   5.7161
#         508       0.01411      8.76      2.00     6   5.7210
#         509       0.01419      4.93      2.00     5   5.7218
#         510       0.01610     21.73      2.00     6   5.7216
#         511       0.01810      6.14      2.00     6   5.7216
#         512       0.01397      7.51      2.00     6   5.7230
#         513       0.01646     22.33      2.00     6   5.7237
#         514       0.01660      4.94      2.00     6   5.7236
#         515       0.01694      8.51      2.00     6   5.7239
#         516       0.01805      8.82      2.00     6   5.7256
#         517       0.01430      7.43      2.00     5   5.7275
#         518       0.01464     12.27      2.00     5   5.7280
#         519       0.00728      9.35      2.00     4   5.7311
#         520       0.00661     38.39      1.00     6   5.7307
#         522       0.01072     11.40      2.00     5   5.7336
#         527       0.01865      4.44      2.00     5   5.7521
#         530       0.01109     11.36      2.00     5   5.7608
#         532       0.01842      4.13      2.00     5   5.7653
#         533       0.01107     14.53      2.00     5   5.7679
#         535       0.01023     10.73      2.00     4   5.7736
#         536       0.01086     10.73      2.00     5   5.7734
#         537       0.01213      5.25      2.00     5   5.7740
#         538       0.01104     11.33      2.00     5   5.7743
#         539       0.01233     16.83      2.00     5   5.7743
#         540       0.03278      5.35      2.00     4   5.7756
#         542       0.00993     27.00      2.00     5   5.7765
#         543       0.01195      6.94      2.00     4   5.7781
#         544       0.01230     14.45      2.00     5   5.7812
#         547       0.01221      8.29      2.00     5   5.7851
#         551       0.01792     21.87      2.00     6   5.7887
#         553       0.00986      7.46      1.00     4   5.7899
#         554       0.01191      5.92      2.00     4   5.7913
#         555       0.01450      4.98      2.00     5   5.7915
#         558       0.01596      4.35      2.00     5   5.8009
#         559       0.01332      5.29      2.00     5   5.8012
#         560       0.01868      5.81      2.00     5   5.8016
#         561       0.02727     10.79      2.00     5   5.8033
#         562       0.06130      5.55      2.00     6   5.8044
#         564       0.02082      6.58      2.00     5   5.8056
#         565       0.02119      4.80      2.00     5   5.8066
#         566       0.03415      5.53      2.00     6   5.8062
#         567       0.01486      4.88      2.00     5   5.8167
#         568       0.01335     21.46      2.00     6   5.8172
#         571       0.01143     13.00      2.00     5   5.8214
#         572       0.01212     13.95      2.00     5   5.8213
#         573       0.01572      5.91      2.00     5   5.8213
#         574       0.01846     18.52      2.00     6   5.8217
#         575       0.01609      5.51      2.00     5   5.8222
#         576       0.00964     26.46      2.00     5   5.8228
#         577       0.01075     29.24      2.00     5   5.8247
#         578       0.01058      5.74      2.00     5   5.8272
#         579       0.01610      4.28      2.00     5   5.8285
#         580       0.01019      7.16      2.00     5   5.8291
#         581       0.01707      7.34      1.00     6   5.8306
#         582       0.01312     10.57      2.00     6   5.8328
#         583       0.01388      7.36      2.00     4   5.8337
#         584       0.00986     11.40      2.00     4   5.8345
#         585       0.01230     10.42      2.00     5   5.8350
#         586       0.01227      9.39      2.00     5   5.8359
#         588       0.00973     10.29      2.00     5   5.8396
#         589       0.00987     21.44      2.00     5   5.8409
#         590       0.01603     10.67      2.00     5   5.8413
#         591       0.01005      8.01      2.00     5   5.8420
#         592       0.01004      8.68      2.00     5   5.8423
#         593       0.01055      7.04      1.00     6   5.8439
#         595       0.01945     42.71      2.00     6   5.8445
#         596       0.01201      6.52      1.00     6   5.8445
#         598       0.01726      4.67      1.00     6   5.8461
#         600       0.01116     13.37      1.00     6   5.8468
#         602       0.01004     10.14      2.00     5   5.8474
#         603       0.00992     17.55      2.00     5   5.8496
#         604       0.01070      9.88      2.00     6   5.8532
#         605       0.00968      7.64      2.00     5   5.8530
#         606       0.01807      6.38      2.00     5   5.8535
#         608       0.01571     10.83      2.00     5   5.8541
#         609       0.01619     14.93      2.00     6   5.8543
#         610       0.01204     19.08      1.00     6   5.8543
#         611       0.01134     18.87      1.00     6   5.8543
#         613       0.01663     14.38      2.00     6   5.8551
#         614       0.00994     26.57      2.00     6   5.8558
#         615       0.00978     23.38      1.00     6   5.8558
#         616       0.00998     22.45      2.00     5   5.8580
#         618       0.01811     13.13      2.00     6   5.8631
#         619       0.01795      5.97      2.00     6   5.8654
#         620       0.01515      6.25      2.00     5   5.8674
#         621       0.08906      8.30      2.00     6   5.8701
#         622       0.00889      7.80      2.00     4   5.8712
#         623       0.01366      5.48      2.00     5   5.8715
#         624       0.01592      7.23      2.00     6   5.8712
#         625       0.01006      8.08      2.00     5   5.8721
#         626       0.02098      8.45      2.00     6   5.8722
#         627       0.02120      5.76      2.00     5   5.8727
#         628       0.02411      7.83      2.00     6   5.8753
#         629       0.01696      4.55      2.00     5   5.8756
#         630       0.01066      4.86      2.00     5   5.8755
#         631       0.00997      6.67      2.00     4   5.8783
#         633       0.00990     25.00      2.00     6   5.8808
#         634       0.05913     16.17      2.00     7   5.8810
#         636       0.01441      7.72      2.00     4   5.8826
#         637       0.03487     16.04      2.00     7   5.8828
#         640       0.01614      8.88      2.00     5   5.8860
#         641       0.01611      8.30      2.00     5   5.8866
#         642       0.01901     20.01      2.00     6   5.8878
#         643       0.01392     14.26      2.00     5   5.8890
#         645       0.01862     11.86      2.00     5   5.8919
#         646       0.01404      8.29      2.00     5   5.8933
#         647       0.01023      6.81      2.00     5   5.8946
#         648       0.01520      9.55      2.00     5   5.8950
#         650       0.01786      8.25      2.00     5   5.8964
#         651       0.01772      4.87      2.00     7   5.8964
#         652       0.04985      8.91      2.00     7   5.8966
#         653       0.02767      8.59      2.00     7   5.8973
#         654       0.01890     52.09      2.00     7   5.8983
#         655       0.01816      5.42      2.00     5   5.9048
#         657       0.01373      8.47      2.00     5   5.9075
#         658       0.01378     12.04      2.00     5   5.9097
#         659       0.01623     16.43      2.00     6   5.9092
#         660       0.01189     12.90      1.00     6   5.9097
#         661       0.01642     29.21      2.00     6   5.9100
#         662       0.01244     14.60      1.00     6   5.9100
#         663       0.01017     19.10      1.00     6   5.9122
#         665       0.01718      7.89      2.00     5   5.9135
#         666       0.00907      7.81      2.00     4   5.9138
#         668       0.02543      9.12      2.00     5   5.9162
#         669       0.01809      9.11      2.00     5   5.9210
#         670       0.01375      4.67      2.00     5   5.9256
#         672       0.02557     16.14      2.00     5   5.9291
#         673       0.01833      5.53      2.00     6   5.9303
#         675       0.01656      6.34      2.00     6   5.9320
#         676       0.01957     13.34      2.00     7   5.9321
#         677       0.01179     11.21      2.00     5   5.9345
#         678       0.02413      5.00      2.00     5   5.9350
#         679       0.01826      4.26      2.00     5   5.9352
#         680       0.01076      8.77      2.00     5   5.9363
#         681       0.01068     20.06      2.00     5   5.9366
#         682       0.02204      5.65      2.00     5   5.9364
#         683       0.01342      4.69      2.00     5   5.9385
#         686       0.02297      4.14      2.00     5   5.9440
#         687       0.02406     14.56      2.00     5   5.9445
#         688       0.01500      6.03      2.00     5   5.9457
#         689       0.01089      6.54      2.00     5   5.9482
#         690       0.01931      4.66      2.00     5   5.9518
#         691       0.02224      5.43      2.00     5   5.9513
#         692       0.01850      5.23      2.00     7   5.9514
#         693       0.01077      8.64      2.00     5   5.9525
#         694       0.01935     57.33      2.00     7   5.9535
#         695       0.01709      5.89      2.00     5   5.9544
#         697       0.01965     35.93      2.00     6   5.9576
#         698       0.01716      5.50      2.00     5   5.9598
#         700       0.01081      5.68      2.00     5   5.9648
#         701       0.01363      4.51      2.00     5   5.9660
#         702       0.01494      5.21      2.00     5   5.9689
#         703       0.00977      6.05      2.00     4   5.9709
#         704       0.01526      5.78      2.00     5   5.9721
#         706       0.08612      5.19      2.00     6   5.9748
#         707       0.03183      5.14      2.00     6   5.9755
#         709       0.02202      5.15      2.00     5   5.9793
#         710       0.01365      9.83      2.00     6   5.9793
#         712       0.01959      4.51      2.00     5   5.9813
#         714       0.01779      9.21      2.00     6   5.9865
#         717       0.01946      5.86      2.00     6   5.9885
#         718       0.01012      4.76      2.00     5   5.9896
#         719       0.01026      9.16      2.00     5   5.9945
#         721       0.01393      9.39      2.00     6   5.9948
#         722       0.01009     13.33      2.00     5   5.9967
#         723       0.01562      9.62      2.00     5   5.9998
#         726       0.00969     11.40      2.00     5   6.0039
#         727       0.02697      4.79      1.00     6   6.0075
#         728       0.02146     10.34      2.00     6   6.0089
#         729       0.02678      8.86      2.00     6   6.0095
#         730       0.01751      7.08      2.00     5   6.0106
#         731       0.00863      8.93      1.00     6   6.0103
#         733       0.02638     21.12      1.00     6   6.0116
#         734       0.01024      5.67      2.00     5   6.0132
#         735       0.00867      8.76      1.00     6   6.0127
#         736       0.00977      9.78      2.00     5   6.0140
#         738       0.00874      8.73      1.00     6   6.0140
#         742       0.01899      5.19      2.00     5   6.0206
#         745       0.01739      6.90      2.00     5   6.0228
#         748       0.01637     10.10      2.00     6   6.0293
#         749       0.01029      5.94      2.00     5   6.0322
#         750       0.01079      6.72      2.00     5   6.0322
#         751       0.01675      5.99      2.00     5   6.0335
#         752       0.02801      7.46      2.00     6   6.0332
#         753       0.01074     18.91      2.00     5   6.0337
#         754       0.02185      5.44      2.00     5   6.0375
#         757       0.00893      8.64      1.00     6   6.0396
#         758       0.00941      8.39      2.00     4   6.0436
#         759       0.01072     18.87      2.00     6   6.0509
#         760       0.01317     15.54      2.00     6   6.0532
#         761       0.01052     14.46      2.00     6   6.0549
#         762       0.01066     13.97      2.00     5   6.0564
#         763       0.00677     15.16      1.00     4   6.0594
#         764       0.03013      7.47      1.00     6   6.0600
#         765       0.02012      8.38      2.00     6   6.0616
#         766       0.02641      9.80      2.00     6   6.0623
#         767       0.01129     10.48      2.00     6   6.0641
#         768       0.02522     16.90      1.00     6   6.0645
#         769       0.01004     14.83      2.00     6   6.0652
#         770       0.01045     15.48      2.00     6   6.0651
#         772       0.01098     38.06      2.00     6   6.0666
#         773       0.01905     19.27      2.00     6   6.0679
#         776       0.02270      7.09      2.00     6   6.0682
#         777       0.02294      8.19      2.00     6   6.0682
#         779       0.01185      6.47      2.00     6   6.0698
#         780       0.01113     10.66      2.00     6   6.0701
#         781       0.01060     15.26      2.00     6   6.0702
#         783       0.01211      5.37      2.00     5   6.0717
#         784       0.01118      9.45      2.00     6   6.0720
#         785       0.01202     31.58      2.00     6   6.0723
#         786       0.02273      7.99      2.00     6   6.0743
#         788       0.01040      4.85      2.00     5   6.0801
#         789       0.01790      6.51      2.00     6   6.0804
#         791       0.01950      7.46      2.00     6   6.0804
#         792       0.02016      4.55      2.00     5   6.0810
#         793       0.01096     12.30      2.00     6   6.0812
#         794       0.00997     12.69      2.00     5   6.0818
#         796       0.01093     12.27      2.00     6   6.0833
#         797       0.06474     13.96      2.00     7   6.0840
#         799       0.03729     13.97      2.00     7   6.0862
#         801       0.07810      7.32      2.00     6   6.0886
#         802       0.05028     14.48      2.00     6   6.0893
#         804       0.01733      4.30      2.00     5   6.0902
#         805       0.01628      6.22      2.00     6   6.0902
#         806       0.01862      4.42      2.00     6   6.0898
#         807       0.01589      4.20      2.00     6   6.0900
#         808       0.01737      6.95      2.00     6   6.0898
#         809       0.01730     10.77      2.00     6   6.0901
#         810       0.01042     12.62      2.00     6   6.0897
#         812       0.01186     15.74      2.00     6   6.0897
#         813       0.02227      7.35      2.00     6   6.0913
#         815       0.01524      4.08      2.00     6   6.0923
#         816       0.01003      5.58      2.00     5   6.0926
#         817       0.01731      5.37      2.00     5   6.0941
#         820       0.01366      8.69      2.00     5   6.0947
#         822       0.01708      9.83      2.00     6   6.0955
#         823       0.01737     12.56      2.00     6   6.0955
#         825       0.00978     10.62      2.00     6   6.0957
#         827       0.01009     10.48      2.00     6   6.0957
#         828       0.00994      4.64      2.00     6   6.0959
#         830       0.01710      4.27      2.00     5   6.0980
#         831       0.01698      4.55      2.00     6   6.0977
#         833       0.01799      8.36      2.00     6   6.0977
#         834       0.01769      4.06      2.00     7   6.0988
#         835       0.01078     14.90      2.00     6   6.1005
#         836       0.01836     28.23      2.00     7   6.1010
#         837       0.01702      8.65      2.00     6   6.1039
#         838       0.01055     13.94      2.00     6   6.1051
#         841       0.01766      4.42      2.00     7   6.1068
#         843       0.00841      5.28      2.00     5   6.1086
#         844       0.00838      5.42      2.00     5   6.1086
#         845       0.01048     14.24      2.00     5   6.1084
#         846       0.01142     13.55      2.00     6   6.1089
#         847       0.01787     20.82      2.00     7   6.1087
#         848       0.01139     13.35      2.00     6   6.1098
#         853       0.00647     14.58      2.00     5   6.1121
#         855       0.00646     14.44      2.00     5   6.1129
#         856       0.01609      4.46      2.00     5   6.1128
#         857       0.01032     28.18      2.00     6   6.1148
#         858       0.01003     22.84      2.00     6   6.1148
#         859       0.01021     13.95      2.00     6   6.1159
#         860       0.01021     14.24      2.00     6   6.1162
#         861       0.01032     12.53      2.00     6   6.1162
#         862       0.01020     12.53      2.00     6   6.1159
#         863       0.01093     18.25      2.00     6   6.1186
#         864       0.01388     16.39      2.00     6   6.1205
#         867       0.01824      5.07      2.00     7   6.1226
#         869       0.00855      5.23      2.00     5   6.1237
#         870       0.00841      5.35      2.00     5   6.1237
#         871       0.01064      5.38      2.00     6   6.1241
#         872       0.01229     12.97      2.00     6   6.1246
#         873       0.01061     13.35      2.00     6   6.1246
#         874       0.01827      8.19      2.00     6   6.1262
#         876       0.00635     13.33      2.00     5   6.1274
#         878       0.01016      8.61      2.00     6   6.1285
#         879       0.01049      8.90      2.00     6   6.1285
#         880       0.00999      8.26      2.00     6   6.1302
#         881       0.01016     12.67      2.00     6   6.1302
#         882       0.00999     19.42      2.00     6   6.1324
#         883       0.01025     24.30      2.00     6   6.1324
#         884       0.00947     11.01      2.00     3   6.1355
#         886       0.00895      6.98      2.00     5   6.1378
#         889       0.01490     12.14      2.00     6   6.1408
#         890       0.01395      9.68      2.00     7   6.1409
#         891       0.00916     10.21      2.00     3   6.1414
#         893       0.01646     16.33      2.00     7   6.1416
#         896       0.01750      8.14      2.00     7   6.1435
#         897       0.01510      8.65      2.00     6   6.1454
#         898       0.01206     14.32      2.00     6   6.1459
#         899       0.01486     11.12      2.00     6   6.1457
#         900       0.02057      4.02      2.00     5   6.1473
#         901       0.00977     10.57      2.00     6   6.1515
#         902       0.01012      8.52      2.00     6   6.1515
#         907       0.02028     12.76      2.00     6   6.1576
#         908       0.01842      6.12      2.00     5   6.1593
#         909       0.00808      4.05      1.00     4   6.1599
#         912       0.00775      4.04      1.00     4   6.1641
#         915       0.01791      8.86      2.00     6   6.1669
#         916       0.01908      7.01      2.00     6   6.1675
#         918       0.01785     11.11      2.00     6   6.1686
#         919       0.04718     16.81      2.00     6   6.1686
#         924       0.01297      4.02      2.00     6   6.1701
#         925       0.07779      6.30      2.00     6   6.1701
#         926       0.01168      4.84      2.00     5   6.1710
#         927       0.00835      5.78      2.00     5   6.1707
#         929       0.02463      4.67      2.00     6   6.1728
#         930       0.02578      6.30      2.00     6   6.1730
#         934       0.00975      8.58      2.00     5   6.1742
#         935       0.01879     10.04      2.00     6   6.1742
#         936       0.01816     11.92      2.00     6   6.1742
#         938       0.02621      4.32      2.00     5   6.1815
#         939       0.04932     10.38      2.00     6   6.1817
#         940       0.01977      8.08      2.00     6   6.1821
#         941       0.01949     12.24      2.00     6   6.1825
#         942       0.02220      5.52      2.00     6   6.1825
#         946       0.01525      5.04      2.00     6   6.1847
#         947       0.01968      5.20      2.00     5   6.1850
#         949       0.01411      9.25      2.00     7   6.1940
#         952       0.01445     62.39      2.00     5   6.1951
#         953       0.01738     10.83      2.00     6   6.1952
#         957       0.04312     16.53      2.00     6   6.1960
#         958       0.01813      8.50      2.00     6   6.1963
#         959       0.01911      6.79      2.00     6   6.1971
#         961       0.01695      7.96      2.00     7   6.1969
#         962       0.00847      4.04      1.00     4   6.1993
#         963       0.01188      4.96      2.00     5   6.1995
#         965       0.00806      4.03      1.00     4   6.2014
#         967       0.01848      4.55      2.00     6   6.2013
#         968       0.01886      9.73      2.00     6   6.2024
#         970       0.01796     11.38      2.00     6   6.2024
#         972       0.01010     11.90      2.00     4   6.2033
#         973       0.02008      4.23      2.00     5   6.2045
#         975       0.02001      7.85      2.00     6   6.2098
#         976       0.01971      5.68      2.00     6   6.2095
#         977       0.01898      7.23      2.00     6   6.2093
#         978       0.02777      6.31      2.00     6   6.2114
#         981       0.00591     16.47      1.00     4   6.2151
#         982       0.00982     10.21      2.00     5   6.2147
#         985       0.01354     10.30      2.00     6   6.2172
#         986       0.01129      9.48      2.00     6   6.2173
#         987       0.01013     27.83      2.00     6   6.2194
#         988       0.02142      7.98      2.00     6   6.2214
#         989       0.02741      7.69      2.00     5   6.2224
#         990       0.00924      7.40      2.00     4   6.2237
#         991       0.01783      5.46      2.00     5   6.2248
#         992       0.03119      6.57      2.00     6   6.2254
#         996       0.05038      5.42      2.00     7   6.2315
#         998       0.01059     14.45      1.00     6   6.2324
#         999       0.03639      5.27      2.00     7   6.2337
#        1000       0.01186      4.59      2.00     5   6.2342
#        1001       0.00990     10.54      2.00     4   6.2363
#        1003       0.01320      6.54      2.00     5   6.2394
#        1004       0.01565      4.15      2.00     4   6.2402
#        1005       0.00792      4.00      1.00     4   6.2407
#        1006       0.01622     11.24      2.00     6   6.2409
#        1008       0.01848      5.73      2.00     6   6.2422
#        1009       0.02100      9.35      2.00     6   6.2422
#        1010       0.02625      6.04      2.00     6   6.2445
#        1011       0.01304      4.24      2.00     5   6.2448
#        1015       0.01630     81.05      2.00     5   6.2481
#        1019       0.01566      7.39      2.00     5   6.2573
#        1021       0.01047      4.71      2.00     6   6.2606
#        1023       0.01021      6.36      2.00     6   6.2613
#        1024       0.01214      5.19      2.00     5   6.2628
#        1025       0.01677      4.51      2.00     6   6.2632
#        1026       0.01255     16.13      1.00     6   6.2637
#        1028       0.01017      7.48      2.00     6   6.2661
#        1029       0.02778      7.13      2.00     6   6.2668
#        1031       0.01641      8.10      2.00     6   6.2705
#        1032       0.02241     12.19      2.00     6   6.2703
#        1033       0.02471      4.44      2.00     6   6.2712
#        1036       0.02372      6.24      2.00     6   6.2735
#        1037       0.01855      7.78      2.00     6   6.2737
#        1038       0.02546      7.16      2.00     6   6.2738
#        1039       0.02384      4.62      2.00     6   6.2736
#        1041       0.00954     11.15      2.00     6   6.2759
#        1043       0.01686      5.91      2.00     6   6.2771
#        1044       0.01713      4.11      2.00     6   6.2771
#        1045       0.01675      4.09      2.00     6   6.2772
#        1046       0.02133      7.31      2.00     6   6.2773
#        1047       0.01058     18.32      1.00     6   6.2775
#        1049       0.02466      7.01      2.00     6   6.2786
#        1050       0.01629      4.95      2.00     6   6.2796
#        1051       0.01950     14.22      2.00     6   6.2794
#        1052       0.01646    109.10      1.00     6   6.2810
#        1053       0.01070      4.70      1.00     6   6.2815
#        1054       0.01553     14.92      2.00     6   6.2823
#        1055       0.00945      7.10      2.00     4   6.2831
#        1062       0.01823      4.24      2.00     6   6.2869
#        1065       0.01392      4.89      2.00     4   6.2920
#        1066       0.01477      4.11      2.00     5   6.2922
#        1067       0.01477      4.01      2.00     5   6.2919
#        1068       0.01734      5.65      2.00     6   6.2925
#        1069       0.01636      5.83      2.00     6   6.2925
#        1070       0.00981     14.91      2.00     6   6.2925
#        1071       0.01637      4.56      2.00     6   6.2930
#        1072       0.01020      5.49      2.00     6   6.2934
#        1073       0.00903     15.90      2.00     5   6.2937
#        1074       0.07196      6.78      2.00     7   6.2946
#        1075       0.03560      6.38      2.00     7   6.2952
#        1077       0.06449     13.17      2.00     7   6.2966
#        1078       0.00952     18.00      2.00     6   6.2977
#        1080       0.03119     15.18      2.00     7   6.2973
#        1081       0.03512      5.34      2.00     7   6.2972
#        1082       0.01641      9.02      2.00     6   6.2990
#        1083       0.03537     12.84      2.00     7   6.2992
#        1085       0.02255      6.76      2.00     6   6.2997
#        1086       0.01027      4.94      2.00     6   6.3002
#        1087       0.05059      9.72      2.00     7   6.3001
#        1088       0.02524      6.71      2.00     6   6.3016
#        1089       0.01965      4.79      2.00     7   6.3014
#        1090       0.00962      4.98      2.00     6   6.3021
#        1091       0.02453     10.50      2.00     7   6.3020
#        1092       0.01857     15.19      2.00     7   6.3020
#        1093       0.02996     18.76      2.00     7   6.3020
#        1095       0.01837      8.65      2.00     6   6.3044
#        1097       0.01860      6.34      2.00     7   6.3043
#        1098       0.02674      7.91      2.00     7   6.3050
#        1100       0.01721      6.42      2.00     6   6.3053
#        1102       0.01046      9.59      2.00     6   6.3061
#        1103       0.01090     10.00      2.00     6   6.3061
#        1105       0.01852     14.29      2.00     6   6.3072
#        1106       0.01018     25.65      2.00     6   6.3076
#        1109       0.02609      9.22      2.00     5   6.3097
#        1110       0.01668      4.12      2.00     6   6.3099
#        1111       0.01522      8.78      2.00     6   6.3098
#        1112       0.00903      7.08      2.00     5   6.3102
#        1113       0.00957      5.18      2.00     6   6.3125
#        1116       0.02284      7.97      2.00     5   6.3154
#        1118       0.00968     15.00      2.00     5   6.3161
#        1119       0.01054     18.25      2.00     7   6.3169
#        1120       0.01305     34.15      2.00     7   6.3175
#        1122       0.05093     24.84      2.00     7   6.3174
#        1123       0.01538     33.62      2.00     7   6.3175
#        1124       0.01884     10.96      2.00     6   6.3182
#        1125       0.02489     10.08      2.00     7   6.3182
#        1126       0.02229     14.05      2.00     7   6.3182
#        1127       0.01961     23.07      2.00     7   6.3182
#        1128       0.01655      6.79      2.00     7   6.3179
#        1129       0.01644      8.62      2.00     6   6.3185
#        1130       0.02370      5.90      2.00     6   6.3186
#        1131       0.01042     22.90      2.00     7   6.3198
#        1132       0.01653      4.34      2.00     5   6.3203
#        1133       0.01868      7.10      2.00     6   6.3207
#        1134       0.01549      7.90      2.00     7   6.3204
#        1136       0.01676      7.70      2.00     5   6.3215
#        1137       0.01678      4.24      2.00     6   6.3225
#        1138       0.01678      4.78      2.00     6   6.3232
#        1139       0.01000     17.85      2.00     6   6.3256
#        1140       0.02328      8.25      2.00     5   6.3307
#        1141       0.01516     71.25      1.00     6   6.3308
#        1143       0.01253      8.14      2.00     5   6.3317
#        1146       0.02747      9.09      2.00     5   6.3328
#        1148       0.02085      7.83      2.00     6   6.3353
#        1149       0.01657      4.30      2.00     5   6.3366
#        1151       0.01539      4.38      2.00     5   6.3380
#        1152       0.01673      7.84      2.00     5   6.3380
#        1153       0.01416      6.90      2.00     7   6.3390
#        1154       0.01036     24.68      2.00     7   6.3391
#        1155       0.01082     24.31      2.00     7   6.3390
#        1156       0.01784      9.77      2.00     7   6.3398
#        1157       0.01443      7.39      2.00     7   6.3398
#        1158       0.01029     52.43      2.00     7   6.3405
#        1160       0.02035      5.42      2.00     6   6.3437
#        1161       0.01237      7.92      2.00     5   6.3442
#        1166       0.01200      5.49      2.00     4   6.3491
#        1169       0.02272      4.87      2.00     6   6.3526
#        1170       0.01410      4.79      1.00     6   6.3526
#        1171       0.01573     12.25      2.00     7   6.3522
#        1172       0.01153     23.19      2.00     7   6.3527
#        1173       0.01668     26.43      2.00     7   6.3529
#        1174       0.01361     27.11      2.00     7   6.3529
#        1175       0.01138     14.85      2.00     7   6.3530
#        1176       0.01540      4.35      2.00     5   6.3544
#        1178       0.01036     44.87      2.00     7   6.3551
#        1179       0.00744     25.61      2.00     5   6.3552
#        1181       0.02900      4.66      2.00     6   6.3581
#        1182       0.00953     12.34      2.00     5   6.3594
#        1183       0.02178      7.91      2.00     6   6.3641
#        1185       0.04417     10.80      2.00     6   6.3641
#        1186       0.02132      4.04      2.00     6   6.3649
#        1187       0.01612      4.12      2.00     6   6.3656
#        1189       0.01013      4.80      2.00     6   6.3680
#        1190       0.01538     11.28      2.00     6   6.3680
#        1191       0.01518      4.14      2.00     5   6.3717
#        1192       0.01736      5.99      2.00     7   6.3734
#        1194       0.01432      5.47      1.00     6   6.3737
#        1195       0.01063     17.45      2.00     7   6.3748
#        1196       0.00926     11.09      2.00     5   6.3752
#        1197       0.01283     31.11      2.00     7   6.3755
#        1199       0.08264      7.81      2.00     7   6.3754
#        1200       0.01563     27.82      2.00     7   6.3755
#        1201       0.01889      7.36      2.00     5   6.3758
#        1202       0.04018      7.49      2.00     7   6.3760
#        1203       0.01053     21.66      2.00     7   6.3774
#        1204       0.06464     11.38      2.00     7   6.3777
#        1207       0.03549      4.54      2.00     7   6.3783
#        1208       0.01183     11.93      1.00     6   6.3796
#        1209       0.01984      7.06      2.00     6   6.3793
#        1212       0.03480     11.07      2.00     7   6.3806
#        1213       0.01802      5.63      2.00     6   6.3811
#        1216       0.02028     12.70      2.00     6   6.3834
#        1218       0.00745      4.65      2.00     4   6.3894
#        1221       0.02099      7.18      2.00     6   6.3926
#        1224       0.04133     10.56      2.00     6   6.3934
#        1226       0.01784      4.96      2.00     6   6.3970
#        1227       0.02169     23.74      2.00     7   6.3971
#        1228       0.04650     30.46      2.00     7   6.3971
#        1229       0.01689      7.24      2.00     7   6.3971
#        1230       0.03329      6.66      2.00     6   6.3976
#        1231       0.02198     12.96      2.00     7   6.3979
#        1232       0.01627      8.00      2.00     7   6.3986
#        1235       0.01820      4.02      2.00     5   6.4058
#        1238       0.01814      4.30      2.00     6   6.4120
#        1239       0.01563      6.14      2.00     6   6.4119
#        1240       0.02712      7.60      2.00     7   6.4128
#        1242       0.01024      5.48      2.00     6   6.4177
#        1243       0.01536     11.96      2.00     6   6.4177
#        1244       0.00673      7.18      2.00     4   6.4211
#        1246       0.00820     12.83      2.00     5   6.4224
#        1248       0.01620      4.44      2.00     6   6.4246
#        1249       0.02396      8.25      1.00     6   6.4255
#        1250       0.02145     12.61      2.00     7   6.4255
#        1251       0.02090     23.07      2.00     7   6.4256
#        1252       0.01762      7.05      2.00     7   6.4256
#        1253       0.04354     29.91      2.00     7   6.4264
#        1254       0.01646      7.79      2.00     7   6.4271
#        1256       0.00716      7.22      2.00     4   6.4310
#        1257       0.02334     18.78      2.00     6   6.4317
#        1261       0.02420      5.51      2.00     7   6.4402
#        1262       0.02985      5.48      2.00     6   6.4424
#        1263       0.03471     24.88      2.00     7   6.4420
#        1264       0.02132      7.82      2.00     6   6.4426
#        1265       0.01062      8.69      2.00     5   6.4449
#        1267       0.01168      4.84      2.00     4   6.4482
#        1268       0.01809      5.42      2.00     6   6.4488
#        1270       0.02139     12.68      2.00     6   6.4507
#        1273       0.00975      9.73      2.00     6   6.4570
#        1276       0.00707     29.25      2.00     5   6.4589
#        1278       0.02984      7.48      2.00     5   6.4629
#        1280       0.01726      4.18      2.00     5   6.4650
#        1281       0.01622      4.71      2.00     6   6.4655
#        1282       0.01414      4.19      2.00     5   6.4677
#        1283       0.01419      4.41      2.00     5   6.4677
#        1284       0.00810     16.20      2.00     6   6.4701
#        1286       0.02068      6.74      2.00     6   6.4759
#        1287       0.02883      5.15      2.00     5   6.4769
#        1289       0.01553      7.00      2.00     7   6.4776
#        1290       0.01595      4.70      2.00     7   6.4783
#        1292       0.02830     11.50      2.00     6   6.4791
#        1293       0.01969      5.89      2.00     6   6.4808
#        1294       0.01592      4.88      2.00     7   6.4805
#        1295       0.02231     17.52      2.00     6   6.4814
#        1298       0.02028      5.11      1.00     6   6.4824
#        1301       0.00739      7.39      2.00     4   6.4852
#        1303       0.01787      8.18      2.00     5   6.4862
#        1305       0.02276      6.57      1.00     6   6.4871
#        1307       0.01651     12.61      2.00     6   6.4874
#        1308       0.01752      5.47      2.00     6   6.4880
#        1309       0.00993     10.70      2.00     6   6.4886
#        1311       0.01903      4.41      2.00     6   6.4894
#        1312       0.02260      6.07      1.00     6   6.4889
#        1313       0.02104      7.47      2.00     6   6.4896
#        1314       0.03814     12.13      2.00     6   6.4899
#        1317       0.01695      5.90      2.00     5   6.4909
#        1318       0.01694      5.72      2.00     5   6.4909
#        1319       0.00796     57.78      2.00     6   6.4910
#        1321       0.02866     11.45      2.00     6   6.4917
#        1322       0.00715     77.18      2.00     6   6.4919
#        1323       0.01746      9.22      2.00     5   6.4925
#        1325       0.01232      5.33      2.00     5   6.4927
#        1326       0.01646      5.77      2.00     6   6.4930
#        1328       0.02185      6.77      2.00     6   6.4934
#        1330       0.01643      5.59      2.00     6   6.4939
#        1331       0.01867      6.95      2.00     6   6.4938
#        1332       0.01763      5.83      2.00     6   6.4938
#        1333       0.01661      5.60      2.00     6   6.4938
#        1335       0.01712      4.65      2.00     6   6.4941
#        1337       0.02676     10.67      2.00     6   6.4944
#        1338       0.02745      6.57      2.00     6   6.4951
#        1339       0.01708      4.62      2.00     6   6.4953
#        1340       0.02635     10.04      2.00     6   6.4950
#        1343       0.01963      5.27      2.00     7   6.4970
#        1349       0.02398      5.84      2.00     7   6.4983
#        1350       0.02008     16.61      2.00     7   6.4983
#        1351       0.02193      8.72      2.00     7   6.4983
#        1352       0.01779      9.05      1.00     6   6.4988
#        1353       0.02234     35.27      2.00     7   6.4989
#        1354       0.02034     10.02      2.00     7   6.4989
#        1355       0.02310     14.49      2.00     7   6.4989
#        1357       0.01672      6.56      2.00     6   6.5002
#        1358       0.01644      6.41      2.00     6   6.5000
#        1359       0.01964      9.07      2.00     7   6.5006
#        1361       0.01879      5.51      1.00     6   6.5011
#        1362       0.01671      5.16      2.00     6   6.5014
#        1363       0.02438      9.19      2.00     7   6.5012
#        1364       0.02125      9.64      2.00     7   6.5012
#        1365       0.02111     14.83      2.00     7   6.5012
#        1366       0.01854      5.78      1.00     6   6.5016
#        1368       0.00645      5.25      2.00     4   6.5029
#        1369       0.01988      4.85      2.00     6   6.5032
#        1370       0.02124     31.40      2.00     7   6.5035
#        1371       0.01764      4.30      2.00     6   6.5039
#        1372       0.02288      8.11      2.00     7   6.5037
#        1373       0.04422      7.61      2.00     7   6.5060
#        1374       0.01162      8.32      2.00     5   6.5065
#        1375       0.01480      6.16      2.00     6   6.5075
#        1376       0.01746      4.52      2.00     6   6.5076
#        1378       0.02431      7.86      2.00     7   6.5082
#        1379       0.03166     16.30      2.00     7   6.5082
#        1380       0.01823      9.92      2.00     7   6.5081
#        1383       0.01743      4.40      2.00     6   6.5085
#        1384       0.02025      5.74      2.00     7   6.5101
#        1385       0.01469      6.21      2.00     6   6.5107
#        1386       0.00959     25.84      2.00     6   6.5109
#        1389       0.01895      5.28      2.00     5   6.5117
#        1390       0.01466      6.01      2.00     6   6.5116
#        1392       0.01352      7.71      2.00     7   6.5123
#        1393       0.01173      6.74      2.00     7   6.5128
#        1394       0.01704      5.99      2.00     7   6.5124
#        1396       0.01141      9.14      2.00     7   6.5130
#        1397       0.01190      9.90      2.00     7   6.5131
#        1398       0.01589      5.36      2.00     6   6.5146
#        1399       0.03387     11.03      2.00     5   6.5152
#        1400       0.01598      6.79      2.00     6   6.5151
#        1401       0.01598      6.74      2.00     6   6.5150
#        1402       0.01605      5.45      2.00     6   6.5149
#        1403       0.01004     34.39      2.00     7   6.5153
#        1406       0.02844      6.22      2.00     6   6.5167
#        1408       0.01076      8.36      2.00     5   6.5171
#        1409       0.01607      6.26      2.00     6   6.5180
#        1410       0.01586      6.11      2.00     6   6.5177
#        1411       0.01160      7.70      2.00     5   6.5195
#        1413       0.01225     10.37      2.00     5   6.5227
#        1414       0.01416      8.40      2.00     7   6.5230
#        1415       0.01122     15.65      2.00     7   6.5239
#        1417       0.01077      4.75      2.00     5   6.5252
#        1418       0.01006     10.55      2.00     7   6.5262
#        1419       0.02299      8.30      2.00     7   6.5257
#        1420       0.01235      7.96      2.00     5   6.5269
#        1421       0.02067      4.76      2.00     7   6.5272
#        1422       0.02069      5.53      2.00     5   6.5279
#        1423       0.01065     10.15      2.00     7   6.5279
#        1425       0.01969     18.57      2.00     7   6.5286
#        1427       0.02295     35.15      2.00     7   6.5294
#        1428       0.01999      7.96      2.00     7   6.5292
#        1429       0.02148      8.21      2.00     7   6.5291
#        1431       0.02038      8.56      2.00     7   6.5305
#        1432       0.02338      7.43      2.00     7   6.5311
#        1433       0.02150      7.93      2.00     7   6.5311
#        1434       0.02265     16.02      2.00     7   6.5313
#        1435       0.01724      4.31      2.00     6   6.5331
#        1436       0.02207     35.04      2.00     7   6.5331
#        1437       0.01310      5.08      2.00     7   6.5331
#        1439       0.01053      6.86      2.00     7   6.5358
#        1441       0.01148     16.53      2.00     7   6.5365
#        1444       0.02576      7.68      2.00     7   6.5379
#        1446       0.03598      6.10      2.00     6   6.5385
#        1447       0.01008     10.42      2.00     7   6.5384
#        1448       0.01698      4.59      2.00     7   6.5384
#        1450       0.01797      4.02      2.00     7   6.5406
#        1452       0.01687      4.99      2.00     6   6.5417
#        1455       0.01122     12.21      2.00     7   6.5434
#        1456       0.02273      5.76      2.00     6   6.5446
#        1457       0.01967     12.70      2.00     6   6.5447
#        1458       0.02063      6.86      2.00     6   6.5461
#        1460       0.01355      4.22      2.00     7   6.5498
#        1461       0.01082     12.24      2.00     7   6.5499
#        1462       0.01131     12.53      2.00     7   6.5499
#        1463       0.02465      4.40      2.00     6   6.5504
#        1464       0.01848      4.25      2.00     6   6.5505
#        1467       0.01004     39.86      2.00     7   6.5514
#        1472       0.01753      5.90      2.00     6   6.5540
#        1476       0.01235      9.02      2.00     5   6.5570
#        1477       0.01667      4.08      2.00     6   6.5571
#        1479       0.02001      5.28      1.00     6   6.5578
#        1482       0.01676      5.49      2.00     6   6.5600
#        1485       0.02270      5.66      2.00     6   6.5609
#        1486       0.02112     12.77      2.00     6   6.5609
#        1487       0.02537      5.08      2.00     7   6.5610
#        1488       0.00871     10.46      2.00     5   6.5624
#        1489       0.01795      7.15      1.00     6   6.5622
#        1490       0.02094      6.81      2.00     6   6.5624
#        1491       0.01246     11.78      2.00     7   6.5628
#        1492       0.03581     23.72      2.00     7   6.5632
#        1493       0.01274     11.92      2.00     7   6.5638
#        1494       0.01529      5.94      2.00     7   6.5636
#        1499       0.01107      6.85      2.00     7   6.5670
#        1500       0.01104     10.49      2.00     7   6.5676
#        1501       0.00902     10.23      2.00     3   6.5679
#        1504       0.01014      7.85      2.00     7   6.5687
#        1505       0.00992      4.73      2.00     7   6.5684
#        1506       0.01003      6.05      2.00     7   6.5694
#        1507       0.01578      4.30      2.00     6   6.5701
#        1509       0.01088      8.22      2.00     7   6.5715
#        1511       0.02060      9.51      2.00     5   6.5732
#        1512       0.02754      5.76      2.00     6   6.5729
#        1514       0.01061      7.81      2.00     7   6.5732
#        1515       0.02191      5.85      2.00     6   6.5733
#        1516       0.01579      5.46      2.00     6   6.5736
#        1517       0.01573      5.38      2.00     6   6.5736
#        1518       0.01588      4.98      2.00     6   6.5745
#        1519       0.01052     19.73      2.00     7   6.5754
#        1520       0.01225      6.09      2.00     5   6.5770
#        1521       0.01110      7.64      2.00     6   6.5768
#        1524       0.03006     12.35      2.00     6   6.5787
#        1525       0.00642      6.00      2.00     4   6.5804
#        1526       0.01796      6.19      2.00     6   6.5809
#        1529       0.03205      9.85      2.00     6   6.5825
#        1532       0.00832      4.55      2.00     3   6.5845
#        1535       0.05211     11.48      2.00     7   6.5866
#        1536       0.05265     11.84      2.00     7   6.5867
#        1537       0.03342     11.57      2.00     7   6.5872
#        1538       0.03112     11.90      2.00     7   6.5874
#        1539       0.00893     10.17      2.00     5   6.5890
#        1541       0.01017      7.54      2.00     6   6.5892
#        1542       0.04166     11.26      2.00     7   6.5897
#        1543       0.01332     25.19      2.00     6   6.5900
#        1544       0.00916     11.26      2.00     4   6.5904
#        1545       0.03501     10.79      2.00     7   6.5903
#        1546       0.01982      5.04      1.00     6   6.5917
#        1547       0.04429     11.52      2.00     7   6.5920
#        1549       0.03555     11.02      2.00     7   6.5928
#        1551       0.00879     28.50      2.00     6   6.5953
#        1554       0.02193      4.50      2.00     6   6.5982
#        1555       0.02234     11.51      2.00     6   6.5986
#        1557       0.02111      5.84      2.00     7   6.5983
#        1558       0.01066     22.27      2.00     7   6.5995
#        1561       0.02372      6.18      2.00     6   6.6007
#        1562       0.01080     10.92      2.00     7   6.6009
#        1563       0.01085     10.90      2.00     7   6.6006
#        1565       0.01498     18.40      2.00     6   6.6033
#        1566       0.01330      9.72      2.00     5   6.6036
#        1567       0.01694      5.15      2.00     6   6.6036
#        1570       0.03742      8.01      2.00     7   6.6079
#        1571       0.00692      6.22      2.00     4   6.6086
#        1573       0.01527      4.80      2.00     7   6.6094
#        1576       0.01524      6.96      2.00     7   6.6138
#        1579       0.03020      8.83      2.00     7   6.6151
#        1580       0.01264      4.96      2.00     5   6.6184
#        1581       0.01270      5.27      2.00     5   6.6184
#        1582       0.01246      9.20      2.00     5   6.6180
#        1583       0.01893      4.21      2.00     6   6.6188
#        1584       0.00735      4.66      2.00     5   6.6204
#        1585       0.00922     14.15      2.00     5   6.6209
#        1586       0.01699      5.92      2.00     6   6.6224
#        1587       0.00902     27.88      2.00     6   6.6219
#        1589       0.00709      4.64      2.00     5   6.6245
#        1590       0.02124      4.34      2.00     7   6.6252
#        1591       0.02127      4.53      2.00     7   6.6266
#        1592       0.02013      5.27      2.00     7   6.6274
#        1594       0.03302      9.71      2.00     7   6.6289
#        1596       0.02785      5.51      2.00     7   6.6293
#        1597       0.02450      5.20      2.00     7   6.6296
#        1598       0.01046     11.38      2.00     7   6.6306
#        1599       0.01688     18.36      2.00     7   6.6306
#        1600       0.01077      4.37      2.00     5   6.6309
#        1601       0.02502     10.14      2.00     6   6.6315
#        1602       0.01929      4.73      2.00     6   6.6329
#        1604       0.02120      5.18      2.00     6   6.6335
#        1605       0.02373      5.13      2.00     6   6.6335
#        1607       0.00723      4.91      2.00     5   6.6360
#        1608       0.01633      4.63      2.00     6   6.6360
#        1610       0.03204      5.83      2.00     6   6.6369
#        1611       0.01724      8.02      2.00     7   6.6372
#        1612       0.00721      4.90      2.00     5   6.6380
#        1613       0.01089     51.79      2.00     6   6.6381
#        1614       0.01674      4.69      2.00     7   6.6379
#        1617       0.00741      4.67      2.00     5   6.6410
#        1619       0.01301     19.55      2.00     6   6.6422
#        1621       0.02146     10.23      2.00     6   6.6449
#        1622       0.01574      4.12      2.00     6   6.6453
#        1624       0.01772      5.10      2.00     6   6.6471
#        1625       0.01560      6.15      2.00     6   6.6470
#        1628       0.01932     16.32      2.00     6   6.6492
#        1629       0.00747     10.11      1.00     6   6.6511
#        1630       0.01359      6.51      2.00     7   6.6533
#        1631       0.01785      6.30      2.00     7   6.6557
#        1634       0.00725      5.07      2.00     5   6.6587
#        1635       0.02027      5.91      2.00     7   6.6589
#        1636       0.01804      5.47      2.00     6   6.6607
#        1637       0.01564      6.24      2.00     6   6.6607
#        1638       0.01564      5.36      2.00     6   6.6616
#        1639       0.02478     11.99      2.00     6   6.6614
#        1640       0.01038      4.07      2.00     7   6.6636
#        1641       0.01861     10.06      2.00     7   6.6643
#        1642       0.01072      6.81      2.00     7   6.6643
#        1643       0.00757      5.04      2.00     5   6.6649
#        1644       0.00758      4.55      2.00     5   6.6663
#        1645       0.01193      7.74      2.00     5   6.6667
#        1646       0.01539      6.09      2.00     6   6.6676
#        1647       0.00730      4.76      2.00     5   6.6684
#        1648       0.02339      5.61      2.00     6   6.6687
#        1650       0.00667      7.17      2.00     5   6.6752
#        1653       0.03068      5.66      2.00     6   6.6774
#        1654       0.01560      5.15      2.00     7   6.6787
#        1655       0.01371      6.55      2.00     7   6.6800
#        1657       0.01999      5.61      2.00     6   6.6838
#        1660       0.02817      8.01      2.00     6   6.6843
#        1661       0.01848      8.22      2.00     5   6.6853
#        1662       0.02795      7.22      2.00     6   6.6852
#        1664       0.01791      5.12      2.00     6   6.6858
#        1667       0.03844      4.48      2.00     5   6.6870
#        1668       0.01790      4.96      2.00     6   6.6867
#        1669       0.00745      4.66      2.00     5   6.6874
#        1670       0.01865      5.90      2.00     7   6.6872
#        1671       0.00635      4.99      2.00     5   6.6877
#        1672       0.00671      5.39      2.00     5   6.6879
#        1673       0.01073     11.86      2.00     7   6.6882
#        1674       0.01755     19.08      2.00     7   6.6882
#        1675       0.02081     14.63      2.00     6   6.6903
#        1677       0.01764      4.19      2.00     6   6.6902
#        1678       0.01390      8.11      2.00     6   6.6908
#        1681       0.02018      7.01      2.00     6   6.6913
#        1682       0.01993      7.69      2.00     6   6.6916
#        1683       0.01925     16.35      2.00     6   6.6917
#        1685       0.02326      5.20      2.00     7   6.6921
#        1686       0.01025      4.94      2.00     6   6.6922
#        1687       0.01535      5.74      2.00     6   6.6928
#        1688       0.01534      5.86      2.00     6   6.6931
#        1689       0.02236      4.04      2.00     6   6.6928
#        1690       0.02154     21.76      2.00     7   6.6941
#        1691       0.01224     16.07      2.00     6   6.6950
#        1692       0.02141      8.68      2.00     6   6.6964
#        1693       0.01756     12.64      2.00     6   6.6963
#        1694       0.02158      5.45      2.00     7   6.6963
#        1696       0.02247      6.36      2.00     7   6.7021
#        1697       0.00704     12.13      1.00     6   6.7027
#        1698       0.00729      5.22      2.00     5   6.7045
#        1703       0.03439      5.32      2.00     7   6.7058
#        1704       0.01754      4.79      2.00     7   6.7057
#        1705       0.01967      4.46      2.00     6   6.7065
#        1707       0.02470      5.00      2.00     6   6.7068
#        1708       0.01250     12.92      2.00     6   6.7075
#        1709       0.02385      6.37      2.00     7   6.7076
#        1711       0.01714      4.07      2.00     6   6.7079
#        1712       0.01777      4.33      2.00     6   6.7079
#        1713       0.01532      6.01      2.00     6   6.7079
#        1714       0.01531      6.07      2.00     6   6.7079
#        1715       0.01878     13.20      2.00     6   6.7089
#        1716       0.01943     13.13      2.00     7   6.7095
#        1718       0.02140     18.66      2.00     7   6.7099
#        1719       0.02352      4.88      2.00     7   6.7101
#        1720       0.02956     18.28      2.00     7   6.7101
#        1721       0.02192     13.58      2.00     7   6.7101
#        1722       0.02871     10.96      2.00     7   6.7107
#        1724       0.02436      7.29      2.00     7   6.7114
#        1725       0.01562      4.03      2.00     7   6.7116
#        1726       0.02515      6.40      2.00     7   6.7124
#        1727       0.02122     13.16      2.00     7   6.7126
#        1729       0.01817      7.23      2.00     7   6.7141
#        1730       0.02087      4.37      2.00     7   6.7146
#        1731       0.01776      4.25      2.00     7   6.7143
#        1732       0.02035     16.46      2.00     7   6.7144
#        1734       0.02010      5.07      2.00     7   6.7152
#        1736       0.01911      4.94      2.00     7   6.7154
#        1738       0.02580      5.98      2.00     7   6.7160
#        1739       0.02440      7.41      2.00     7   6.7160
#        1740       0.01745      4.11      2.00     7   6.7160
#        1741       0.01905      9.96      2.00     7   6.7166
#        1742       0.02742      4.41      2.00     7   6.7162
#        1743       0.02177      5.64      2.00     7   6.7162
#        1744       0.02187      7.09      2.00     7   6.7162
#        1745       0.02151      5.45      2.00     6   6.7168
#        1746       0.02183      5.50      2.00     6   6.7168
#        1747       0.02489      6.68      2.00     7   6.7170
#        1748       0.02588      5.59      2.00     7   6.7175
#        1749       0.02023      7.86      2.00     7   6.7175
#        1750       0.03030      8.52      2.00     7   6.7173
#        1751       0.01667      7.24      2.00     7   6.7173
#        1752       0.02886     17.42      2.00     7   6.7172
#        1753       0.01800     14.26      2.00     6   6.7183
#        1754       0.02285     16.39      2.00     7   6.7179
#        1755       0.03670     24.33      2.00     7   6.7182
#        1756       0.01766      5.40      2.00     7   6.7183
#        1757       0.01742      6.87      2.00     7   6.7179
#        1758       0.02836     16.88      2.00     7   6.7182
#        1760       0.01702      7.04      2.00     7   6.7182
#        1761       0.01675      4.75      2.00     7   6.7185
#        1762       0.02024     13.76      2.00     7   6.7183
#        1763       0.01798     10.16      2.00     7   6.7187
#        1764       0.02992     16.12      2.00     7   6.7193
#        1765       0.01801      6.97      2.00     7   6.7189
#        1766       0.01794      9.84      2.00     7   6.7197
#        1767       0.00629      4.80      2.00     4   6.7203
#        1768       0.01734      6.40      2.00     7   6.7204
#        1769       0.04213      7.03      2.00     7   6.7207
#        1770       0.01543      6.15      2.00     6   6.7215
#        1771       0.01653     21.65      2.00     7   6.7212
#        1772       0.03293      9.94      2.00     7   6.7220
#        1773       0.01524      5.92      2.00     6   6.7224
#        1774       0.03187      6.83      2.00     7   6.7226
#        1775       0.01724      8.34      2.00     7   6.7223
#        1776       0.01722      4.24      2.00     7   6.7223
#        1778       0.02144     11.53      2.00     7   6.7231
#        1779       0.02136     11.47      2.00     7   6.7232
#        1783       0.01871      5.81      2.00     7   6.7245
#        1784       0.01767      5.59      2.00     7   6.7242
#        1785       0.01947      5.95      2.00     7   6.7245
#        1786       0.01752      8.91      2.00     7   6.7243
#        1787       0.02130     20.77      2.00     7   6.7243
#        1788       0.02745      4.35      2.00     7   6.7249
#        1789       0.01824     29.59      2.00     7   6.7246
#        1790       0.01689      9.07      2.00     7   6.7246
#        1791       0.02261     21.37      2.00     7   6.7245
#        1792       0.01817     13.22      2.00     7   6.7251
#        1793       0.01967      5.77      2.00     7   6.7251
#        1795       0.01546     10.38      2.00     7   6.7260
#        1796       0.02106     10.15      2.00     7   6.7258
#        1797       0.01266     13.87      2.00     5   6.7267
#        1798       0.00723      5.10      2.00     5   6.7277
#        1800       0.01747     11.06      2.00     6   6.7273
#        1802       0.01469      4.87      2.00     6   6.7285
#        1803       0.01469      5.00      2.00     6   6.7288
#        1804       0.03297      5.09      1.00     6   6.7319
#        1805       0.01043     13.67      2.00     5   6.7324
#        1806       0.01111     63.00      2.00     6   6.7328
#        1807       0.04363      6.58      2.00     7   6.7329
#        1811       0.01466      4.53      2.00     6   6.7337
#        1812       0.02588      5.98      2.00     6   6.7341
#        1813       0.03213      6.47      2.00     7   6.7348
#        1814       0.02198      9.55      1.00     6   6.7362
#        1816       0.01108     18.77      2.00     7   6.7367
#        1817       0.02345      4.27      2.00     7   6.7371
#        1818       0.01698      9.79      2.00     7   6.7377
#        1819       0.01522     45.66      2.00     7   6.7390
#        1820       0.02274      4.88      2.00     6   6.7392
#        1821       0.02072     17.75      2.00     6   6.7393
#        1822       0.01563      5.58      2.00     7   6.7404
#        1824       0.01905      5.84      2.00     6   6.7408
#        1825       0.01769     10.96      2.00     7   6.7409
#        1826       0.01705     10.89      2.00     7   6.7408
#        1828       0.03071     12.21      2.00     5   6.7482
#        1830       0.01683      4.29      2.00     7   6.7501
#        1831       0.01203      5.69      2.00     6   6.7527
#        1832       0.01906     12.07      2.00     7   6.7524
#        1833       0.02071      4.91      2.00     6   6.7556
#        1834       0.02277      4.88      2.00     6   6.7556
#        1835       0.02057      5.99      2.00     6   6.7569
#        1836       0.01195      4.09      2.00     5   6.7587
#        1837       0.01200      4.38      2.00     5   6.7587
#        1838       0.02361      5.62      2.00     6   6.7609
#        1841       0.01818      9.94      2.00     7   6.7612
#        1842       0.01867      9.14      2.00     7   6.7614
#        1844       0.01848      8.13      2.00     7   6.7637
#        1845       0.03090     12.14      2.00     5   6.7647
#        1847       0.01115    175.30      2.00     7   6.7658
#        1848       0.01560      4.77      2.00     7   6.7660
#        1849       0.03074      5.26      2.00     5   6.7662
#        1850       0.02375      6.97      2.00     7   6.7665
#        1851       0.01169      7.13      2.00     5   6.7678
#        1852       0.01396      6.28      2.00     6   6.7676
#        1854       0.02069      5.99      2.00     6   6.7732
#        1855       0.02486      6.34      2.00     7   6.7737
#        1856       0.01131    125.70      2.00     7   6.7738
#        1857       0.01738      6.78      2.00     7   6.7744
#        1858       0.01770     10.22      2.00     7   6.7746
#        1859       0.02960     17.15      2.00     7   6.7749
#        1860       0.01822      4.08      2.00     7   6.7750
#        1862       0.02354      6.80      2.00     7   6.7755
#        1863       0.01995      6.50      2.00     5   6.7767
#        1865       0.01602      4.15      2.00     7   6.7771
#        1866       0.01091      6.90      2.00     6   6.7777
#        1867       0.02969      7.56      2.00     6   6.7786
#        1868       0.02476      9.01      2.00     7   6.7788
#        1869       0.01938      9.49      2.00     7   6.7788
#        1870       0.02225     10.82      2.00     7   6.7785
#        1871       0.02456      4.83      2.00     7   6.7789
#        1872       0.00645      4.90      2.00     4   6.7800
#        1873       0.01739      7.47      2.00     7   6.7802
#        1874       0.02276      4.51      2.00     7   6.7805
#        1876       0.02311     17.90      2.00     7   6.7806
#        1877       0.02427      6.47      2.00     7   6.7809
#        1878       0.01983      5.75      2.00     7   6.7810
#        1879       0.03043      4.00      2.00     7   6.7823
#        1880       0.02011      8.89      2.00     7   6.7824
#        1881       0.05053      8.78      2.00     7   6.7830
#        1882       0.02175      5.65      2.00     7   6.7827
#        1884       0.01581      9.02      2.00     7   6.7827
#        1885       0.01781      8.98      2.00     7   6.7828
#        1886       0.03617      8.97      2.00     7   6.7850
#        1887       0.01884     24.00      2.00     7   6.7849
#        1888       0.01035      6.04      1.00     6   6.7875
#        1889       0.01035      6.04      1.00     6   6.7875
#        1890       0.02973      5.11      2.00     5   6.7881
#        1891       0.02096      7.24      2.00     7   6.7883
#        1892       0.01635     16.90      2.00     6   6.7909
#        1893       0.01761      7.28      2.00     7   6.7928
#        1894       0.02022      7.13      2.00     6   6.7945
#        1895       0.03639      9.93      2.00     7   6.7952
#        1896       0.01585      8.85      2.00     7   6.7964
#        1897       0.02797      9.87      2.00     5   6.7966
#        1898       0.02953     14.17      2.00     7   6.7975
#        1899       0.01759      8.34      2.00     7   6.7973
#        1900       0.01130      7.44      2.00     7   6.7975
#        1901       0.01421      8.30      2.00     6   6.7992
#        1902       0.02058     12.18      2.00     6   6.8003
#        1903       0.00807     10.95      2.00     6   6.8008
#        1904       0.01157     18.03      2.00     6   6.8008
#        1905       0.00805      9.73      2.00     6   6.8024
#        1906       0.01158     15.15      2.00     6   6.8024
#        1909       0.01828      7.76      2.00     7   6.8083
#        1911       0.00627      5.01      2.00     3   6.8129
#        1912       0.02429      4.97      2.00     7   6.8144
#        1917       0.01632     16.24      2.00     6   6.8193
#        1918       0.02016     10.90      2.00     7   6.8206
#        1920       0.01624      5.03      2.00     6   6.8208
#        1921       0.03506      7.64      2.00     7   6.8208
#        1923       0.03031     13.87      2.00     7   6.8213
#        1924       0.02135     13.41      2.00     7   6.8213
#        1926       0.02708      6.21      2.00     7   6.8232
#        1927       0.01639     50.75      2.00     7   6.8238
#        1929       0.01252     13.87      2.00     6   6.8244
#        1930       0.02144     10.90      2.00     7   6.8259
#        1932       0.02449      6.52      2.00     7   6.8269
#        1933       0.02617      5.88      2.00     7   6.8269
#        1936       0.02103     12.57      2.00     7   6.8288
#        1939       0.01801      4.81      2.00     7   6.8348
#        1940       0.01588      8.91      2.00     7   6.8356
#        1941       0.01581      6.68      2.00     7   6.8356
#        1944       0.01666      4.58      2.00     7   6.8400
#        1945       0.00608      8.21      2.00     4   6.8411
#        1946       0.01589      4.73      2.00     7   6.8410
#        1947       0.02668      5.78      2.00     5   6.8429
#        1949       0.02672      6.29      2.00     5   6.8451
#        1950       0.00627     10.03      2.00     4   6.8459
#        1952       0.01535      4.75      2.00     5   6.8468
#        1953       0.02854      4.32      2.00     7   6.8473
#        1957       0.01638     49.34      2.00     7   6.8523
#        1958       0.00747      6.67      2.00     4   6.8548
#        1959       0.01579      4.14      2.00     7   6.8548
#        1962       0.01536      7.47      2.00     6   6.8589
#        1964       0.00604      4.74      2.00     5   6.8601
#        1965       0.02480      4.22      2.00     7   6.8605
#        1966       0.01854      7.25      2.00     7   6.8604
#        1967       0.01742     10.67      2.00     7   6.8606
#        1968       0.02577     16.46      2.00     7   6.8612
#        1972       0.01668      4.99      2.00     7   6.8635
#        1974       0.02407      4.62      2.00     7   6.8670
#        1975       0.01914      4.31      2.00     7   6.8668
#        1977       0.02696      6.93      2.00     7   6.8673
#        1978       0.02146     13.66      2.00     7   6.8675
#        1979       0.01949      4.21      2.00     7   6.8676
#        1980       0.02473     17.88      2.00     7   6.8676
#        1982       0.00752      6.12      2.00     4   6.8687
#        1983       0.03221      6.05      2.00     6   6.8684
#        1984       0.01925     11.43      2.00     7   6.8686
#        1985       0.02040     10.02      2.00     6   6.8691
#        1987       0.01911      9.65      2.00     7   6.8694
#        1988       0.02072      6.04      2.00     7   6.8697
#        1989       0.02835      8.81      2.00     7   6.8698
#        1990       0.02128     10.32      2.00     7   6.8698
#        1991       0.02055     10.20      2.00     6   6.8708
#        1992       0.02001     28.56      2.00     7   6.8719
#        1993       0.01464      6.62      2.00     6   6.8727
#        1994       0.00595     15.37      2.00     5   6.8741
#        1997       0.02999     14.40      2.00     7   6.8745
#        1999       0.02082      8.78      2.00     6   6.8749
#        2000       0.01658      5.88      2.00     7   6.8763
#        2002       0.01789     10.17      2.00     7   6.8767
#        2003       0.01944      9.09      2.00     7   6.8783
#        2004       0.01940      4.53      2.00     7   6.8805
#        2005       0.01429      5.57      2.00     5   6.8813
#        2009       0.02345      7.67      2.00     5   6.8837
#        2010       0.01431      5.66      2.00     5   6.8842
#        2011       0.02001      7.31      1.00     6   6.8845
#        2012       0.01791      5.13      2.00     7   6.8846
#        2013       0.01509      5.71      2.00     6   6.8867
#        2014       0.01544      7.38      2.00     6   6.8873
#        2015       0.01986      6.72      2.00     5   6.8881
#        2016       0.01984      6.53      2.00     5   6.8888
#        2019       0.02776      7.88      2.00     5   6.8911
#        2022       0.02747      6.73      2.00     5   6.8949
#        2023       0.03770      6.39      2.00     7   6.8948
#        2024       0.02779      6.84      2.00     5   6.8954
#        2025       0.02538      5.63      2.00     7   6.8961
#        2027       0.02954      6.40      2.00     7   6.8968
#        2028       0.02928      5.32      2.00     7   6.8968
#        2029       0.04256     11.79      2.00     7   6.8967
#        2031       0.04686      7.39      2.00     7   6.8989
#        2033       0.01248      7.91      2.00     6   6.8995
#        2034       0.01174     14.44      2.00     7   6.8992
#        2035       0.01310      4.37      2.00     6   6.9012
#        2036       0.01310      4.77      2.00     6   6.9012
#        2037       0.03293      7.62      2.00     7   6.9012
#        2039       0.02798      9.52      2.00     5   6.9049
#        2040       0.02050      8.60      2.00     6   6.9047
#        2042       0.01077      5.05      2.00     6   6.9054
#        2044       0.01151     18.93      2.00     6   6.9107
#        2047       0.01976     14.83      2.00     6   6.9124
#        2048       0.01439      8.60      1.00     6   6.9142
#        2049       0.02462      5.64      2.00     7   6.9145
#        2050       0.02608      5.98      2.00     7   6.9145
#        2052       0.02293     13.36      2.00     7   6.9145
#        2053       0.02433     14.42      2.00     7   6.9144
#        2054       0.01599      4.67      2.00     6   6.9147
#        2055       0.00601      8.02      2.00     5   6.9157
#        2057       0.02442      6.47      2.00     7   6.9160
#        2058       0.02584      6.92      2.00     7   6.9159
#        2059       0.02006     10.19      2.00     7   6.9160
#        2060       0.01992     10.27      2.00     7   6.9159
#        2061       0.01441      8.45      1.00     6   6.9172
#        2063       0.02939     11.62      2.00     5   6.9177
#        2064       0.01947     27.69      2.00     7   6.9174
#        2065       0.01977     26.87      2.00     7   6.9181
#        2066       0.02820     19.04      2.00     7   6.9181
#        2069       0.02047      4.06      2.00     7   6.9188
#        2070       0.01992      7.97      2.00     6   6.9190
#        2071       0.01685      5.28      2.00     7   6.9199
#        2073       0.01896     30.91      2.00     7   6.9204
#        2074       0.02112      5.31      2.00     7   6.9205
#        2075       0.01982      5.48      2.00     7   6.9205
#        2076       0.01979     16.35      2.00     6   6.9211
#        2077       0.01978     15.78      2.00     6   6.9217
#        2079       0.01571      5.14      2.00     7   6.9230
#        2080       0.02834     22.48      2.00     6   6.9241
#        2082       0.02304      7.47      2.00     7   6.9247
#        2083       0.01535      4.73      2.00     5   6.9266
#        2086       0.02920     17.39      2.00     6   6.9278
#        2087       0.01733      4.42      2.00     7   6.9281
#        2088       0.01861     10.57      2.00     7   6.9281
#        2089       0.02998     17.82      2.00     6   6.9284
#        2090       0.01650      5.97      2.00     7   6.9285
#        2091       0.02015     10.49      2.00     6   6.9291
#        2092       0.01778      4.52      2.00     7   6.9290
#        2093       0.01770      9.63      2.00     7   6.9290
#        2094       0.01779     10.23      2.00     7   6.9296
#        2095       0.01846      5.96      2.00     5   6.9300
#        2096       0.01665     15.12      2.00     7   6.9302
#        2097       0.01778      9.86      2.00     7   6.9305
#        2098       0.00656      8.24      2.00     4   6.9316
#        2099       0.01439      7.67      2.00     5   6.9321
#        2100       0.01607      6.44      2.00     7   6.9326
#        2101       0.02006      4.78      2.00     7   6.9339
#        2102       0.02004      4.53      2.00     7   6.9340
#        2103       0.02242      5.81      2.00     7   6.9338
#        2104       0.01121     49.34      2.00     7   6.9339
#        2106       0.01988      8.43      2.00     7   6.9351
#        2107       0.01969      4.06      2.00     7   6.9351
#        2108       0.02036     21.87      2.00     7   6.9354
#        2109       0.02021      9.10      2.00     7   6.9353
#        2111       0.02130      5.99      2.00     7   6.9367
#        2112       0.01993      8.26      2.00     7   6.9366
#        2114       0.01636      5.30      2.00     7   6.9368
#        2116       0.01992      8.48      2.00     7   6.9368
#        2117       0.01112      8.47      2.00     5   6.9384
#        2122       0.01958      4.55      2.00     7   6.9411
#        2123       0.01414      4.44      2.00     5   6.9413
#        2124       0.00736      4.99      2.00     5   6.9419
#        2128       0.01031      7.22      2.00     7   6.9431
#        2129       0.02072      5.13      2.00     7   6.9429
#        2130       0.02042      7.68      2.00     7   6.9428
#        2131       0.01642      4.14      2.00     6   6.9441
#        2133       0.02165     18.26      2.00     7   6.9450
#        2135       0.01537      4.98      2.00     7   6.9461
#        2136       0.01314      5.30      2.00     6   6.9466
#        2137       0.01308      5.80      2.00     6   6.9466
#        2138       0.01738      4.57      2.00     7   6.9469
#        2139       0.03623      7.02      2.00     7   6.9469
#        2143       0.01430     10.52      2.00     6   6.9495
#        2144       0.02860      7.00      2.00     7   6.9492
#        2145       0.03163      4.21      2.00     7   6.9492
#        2146       0.02465      4.53      2.00     7   6.9497
#        2147       0.01457      7.14      2.00     7   6.9504
#        2148       0.02499     12.17      2.00     7   6.9512
#        2149       0.02228     24.35      2.00     7   6.9513
#        2150       0.01549      7.85      2.00     7   6.9516
#        2151       0.01659      5.33      2.00     7   6.9517
#        2152       0.01660      5.07      2.00     7   6.9516
#        2153       0.01584      7.88      2.00     7   6.9517
#        2154       0.01937     28.91      2.00     7   6.9532
#        2156       0.01105      8.37      2.00     5   6.9546
#        2157       0.01620      6.56      2.00     7   6.9565
#        2159       0.01729      6.46      2.00     7   6.9574
#        2162       0.04441      6.56      2.00     7   6.9599
#        2163       0.02999      6.54      2.00     7   6.9607
#        2165       0.01167      6.72      2.00     6   6.9625
#        2167       0.00741     25.07      2.00     5   6.9645
#        2168       0.01348      5.82      2.00     6   6.9646
#        2169       0.01644      5.12      2.00     7   6.9651
#        2170       0.05248      6.25      2.00     7   6.9652
#        2172       0.02366      6.24      2.00     7   6.9660
#        2173       0.01466     11.01      2.00     6   6.9669
#        2174       0.01801      5.86      2.00     7   6.9672
#        2175       0.01712      5.49      2.00     7   6.9680
#  1605/2000 paths used
#  -----------------------------------------------------------------------
#       k          chi          mag           phase @#
     0.0000    6.848211E+00  7.219921E+00  1.248517E+00
     0.0500    6.792995E+00  7.076894E+00  1.286587E+00
     0.1000    6.726399E+00  6.935192E+00  1.324794E+00
     0.1500    6.480914E+00  6.538721E+00  1.437727E+00
     0.2000    6.152346E+00  6.153448E+00  1.551879E+00
     0.2500    5.519488E+00  5.597483E+00  1.737928E+00
     0.3000    4.750141E+00  5.068960E+00  1.927354E+00
     0.3500    3.678753E+00  4.486608E+00  2.180285E+00
     0.4000    2.551871E+00  3.946243E+00  2.438397E+00
     0.4500    1.318769E+00  3.444453E+00  2.748694E+00
     0.5000    2.343587E-01  2.987342E+00  3.063061E+00
     0.5500   -6.959364E-01  2.625670E+00  3.409849E+00
     0.6000   -1.316790E+00  2.291388E+00  3.753792E+00
     0.6500   -1.685081E+00  2.052629E+00  4.104645E+00
     0.7000   -1.750455E+00  1.816644E+00  4.441619E+00
     0.7500   -1.648089E+00  1.650592E+00  4.767468E+00
     0.8000   -1.377646E+00  1.472684E+00  5.073610E+00
     0.8500   -1.066062E+00  1.339944E+00  5.363186E+00
     0.9000   -7.237288E-01  1.194638E+00  5.632396E+00
     0.9500   -4.102653E-01  1.082004E+00  5.894284E+00
     1.0000   -1.390093E-01  9.596910E-01  6.137826E+00
     1.0500    8.059793E-02  8.592209E-01  6.377127E+00
     1.1000    2.343825E-01  7.530961E-01  6.599667E+00
     1.1500    3.380999E-01  6.595716E-01  6.821402E+00
     1.2000    3.806247E-01  5.639700E-01  7.024018E+00
     1.2500    3.842473E-01  4.771670E-01  7.219313E+00
     1.3000    3.509551E-01  3.935259E-01  7.384542E+00
     1.3500    3.031423E-01  3.203810E-01  7.524446E+00
     1.4000    2.496109E-01  2.573399E-01  7.608275E+00
     1.4500    2.060757E-01  2.108105E-01  7.641639E+00
     1.5000    1.761252E-01  1.813568E-01  7.613205E+00
     1.5500    1.633002E-01  1.691155E-01  7.590977E+00
     1.6000    1.616890E-01  1.672693E-01  7.594953E+00
     1.6500    1.648798E-01  1.676470E-01  7.672036E+00
     1.7000    1.662908E-01  1.667598E-01  7.778968E+00
     1.7500    1.606929E-01  1.610545E-01  7.921000E+00
     1.8000    1.457517E-01  1.491208E-01  8.066954E+00
     1.8500    1.255922E-01  1.343890E-01  8.217807E+00
     1.9000    1.055582E-01  1.181860E-01  8.320471E+00
     1.9500    8.631652E-02  9.652082E-02  8.317961E+00
     2.0000    7.449602E-02  9.050404E-02  8.457888E+00
     2.0500    6.185303E-02  7.895843E-02  8.524721E+00
     2.1000    5.475551E-02  7.101922E-02  8.544375E+00
     2.1500    5.072857E-02  6.581664E-02  8.544751E+00
     2.2000    4.831960E-02  6.152698E-02  8.521533E+00
     2.2500    4.436414E-02  5.530643E-02  8.493888E+00
     2.3000    4.698691E-02  5.506769E-02  8.402578E+00
     2.3500    5.509965E-02  6.223224E-02  8.337451E+00
     2.4000    6.559668E-02  7.506704E-02  8.361730E+00
     2.4500    6.828668E-02  8.359073E-02  8.468733E+00
     2.5000    6.790155E-02  9.263879E-02  8.602099E+00
     2.5500    6.319588E-02  1.017720E-01  8.754817E+00
     2.6000    5.349963E-02  1.106270E-01  8.920010E+00
     2.6500    3.698288E-02  1.161744E-01  9.100801E+00
     2.7000    1.665818E-02  1.214398E-01  9.287172E+00
     2.7500   -6.684096E-03  1.263436E-01  9.477707E+00
     2.8000   -3.190718E-02  1.308344E-01  9.671137E+00
     2.8500   -5.591611E-02  1.315859E-01  9.863674E+00
     2.9000   -7.793531E-02  1.320751E-01  1.005594E+01
     2.9500   -9.706099E-02  1.323739E-01  1.024784E+01
     3.0000   -1.125770E-01  1.325530E-01  1.043943E+01
     3.0500   -1.223723E-01  1.311970E-01  1.062671E+01
     3.1000   -1.278827E-01  1.300078E-01  1.081452E+01
     3.1500   -1.289053E-01  1.289096E-01  1.100376E+01
     3.2000   -1.252579E-01  1.277872E-01  1.119486E+01
     3.2500   -1.166909E-01  1.261150E-01  1.138461E+01
     3.3000   -1.039682E-01  1.244506E-01  1.157748E+01
     3.3500   -8.726201E-02  1.225047E-01  1.177358E+01
     3.4000   -6.729706E-02  1.200505E-01  1.197129E+01
     3.4500   -4.541875E-02  1.171352E-01  1.216819E+01
     3.5000   -2.279628E-02  1.138369E-01  1.236475E+01
     3.5500   -7.300313E-04  1.101802E-01  1.255974E+01
     3.6000    1.959410E-02  1.062400E-01  1.275186E+01
     3.6500    3.705277E-02  1.020176E-01  1.293807E+01
     3.7000    5.132148E-02  9.776461E-02  1.311903E+01
     3.7500    6.229756E-02  9.365325E-02  1.329412E+01
     3.8000    7.020831E-02  8.984713E-02  1.346331E+01
     3.8500    7.545008E-02  8.660380E-02  1.362403E+01
     3.9000    7.863662E-02  8.392637E-02  1.378023E+01
     3.9500    8.019644E-02  8.188108E-02  1.393397E+01
     4.0000    8.036471E-02  8.046300E-02  1.408773E+01
     4.0500    7.933061E-02  7.976497E-02  1.424157E+01
     4.1000    7.681485E-02  7.953905E-02  1.439964E+01
     4.1500    7.250743E-02  7.963400E-02  1.456345E+01
     4.2000    6.608758E-02  7.988362E-02  1.473368E+01
     4.2500    5.756948E-02  8.034554E-02  1.490916E+01
     4.3000    4.671760E-02  8.070280E-02  1.509060E+01
     4.3500    3.376122E-02  8.084141E-02  1.527714E+01
     4.4000    1.920348E-02  8.068223E-02  1.546764E+01
     4.4500    3.773632E-03  8.037736E-02  1.566100E+01
     4.5000   -1.177328E-02  7.971705E-02  1.585619E+01
     4.5500   -2.655664E-02  7.870961E-02  1.605212E+01
     4.6000   -3.977530E-02  7.738715E-02  1.624778E+01
     4.6500   -5.092256E-02  7.592450E-02  1.644312E+01
     4.7000   -5.945695E-02  7.424068E-02  1.663671E+01
     4.7500   -6.517019E-02  7.240124E-02  1.682802E+01
     4.8000   -6.806704E-02  7.047225E-02  1.701674E+01
     4.8500   -6.839557E-02  6.858840E-02  1.720376E+01
     4.9000   -6.632600E-02  6.672391E-02  1.738803E+01
     4.9500   -6.219324E-02  6.492334E-02  1.756979E+01
     5.0000   -5.634441E-02  6.321833E-02  1.774942E+01
     5.0500   -4.911556E-02  6.169198E-02  1.792866E+01
     5.1000   -4.077954E-02  6.029259E-02  1.810675E+01
     5.1500   -3.161726E-02  5.901926E-02  1.828421E+01
     5.2000   -2.189284E-02  5.786388E-02  1.846154E+01
     5.2500   -1.177510E-02  5.687886E-02  1.864103E+01
     5.3000   -1.577503E-03  5.598297E-02  1.882137E+01
     5.3500    8.424724E-03  5.515764E-02  1.900290E+01
     5.4000    1.794600E-02  5.438436E-02  1.918584E+01
     5.4500    2.683042E-02  5.369726E-02  1.937276E+01
     5.5000    3.463733E-02  5.301288E-02  1.956159E+01
     5.5500    4.106799E-02  5.231085E-02  1.975237E+01
     5.6000    4.585659E-02  5.157174E-02  1.994511E+01
     5.6500    4.885763E-02  5.081478E-02  2.014191E+01
     5.7000    4.981405E-02  4.997404E-02  2.034031E+01
     5.7500    4.868730E-02  4.903799E-02  2.054002E+01
     5.8000    4.555844E-02  4.799987E-02  2.074067E+01
     5.8500    4.064154E-02  4.691050E-02  2.094327E+01
     5.9000    3.421060E-02  4.572075E-02  2.114573E+01
     5.9500    2.666962E-02  4.444352E-02  2.134755E+01
     6.0000    1.846740E-02  4.309678E-02  2.154831E+01
     6.0500    1.004857E-02  4.187519E-02  2.174882E+01
     6.1000    1.771759E-03  4.063799E-02  2.194754E+01
     6.1500   -6.016868E-03  3.940833E-02  2.214443E+01
     6.2000   -1.304607E-02  3.820597E-02  2.233963E+01
     6.2500   -1.911816E-02  3.704553E-02  2.253341E+01
     6.3000   -2.409832E-02  3.593537E-02  2.272617E+01
     6.3500   -2.790024E-02  3.487721E-02  2.291837E+01
     6.4000   -3.047357E-02  3.386664E-02  2.311048E+01
     6.4500   -3.179704E-02  3.289433E-02  2.330293E+01
     6.5000   -3.187841E-02  3.194783E-02  2.349601E+01
     6.5500   -3.102060E-02  3.128806E-02  2.369279E+01
     6.6000   -2.897627E-02  3.061452E-02  2.389057E+01
     6.6500   -2.585591E-02  2.991708E-02  2.408908E+01
     6.7000   -2.182876E-02  2.919010E-02  2.428798E+01
     6.7500   -1.711341E-02  2.843252E-02  2.448687E+01
     6.8000   -1.196073E-02  2.764740E-02  2.468535E+01
     6.8500   -6.632559E-03  2.684105E-02  2.488305E+01
     6.9000   -1.380183E-03  2.602191E-02  2.507968E+01
     6.9500    3.573301E-03  2.519932E-02  2.527502E+01
     7.0000    8.044583E-03  2.438234E-02  2.546898E+01
     7.0500    1.203121E-02  2.370829E-02  2.566499E+01
     7.1000    1.531079E-02  2.304192E-02  2.585953E+01
     7.1500    1.781070E-02  2.238872E-02  2.605261E+01
     7.2000    1.949869E-02  2.175323E-02  2.624423E+01
     7.2500    2.037839E-02  2.113930E-02  2.643442E+01
     7.3000    2.048413E-02  2.055037E-02  2.662322E+01
     7.3500    1.987503E-02  1.998973E-02  2.681072E+01
     7.4000    1.862856E-02  1.946057E-02  2.699700E+01
     7.4500    1.683375E-02  1.896578E-02  2.718226E+01
     7.5000    1.458480E-02  1.850772E-02  2.736672E+01
     7.5500    1.196328E-02  1.810534E-02  2.755250E+01
     7.6000    9.071815E-03  1.774113E-02  2.773759E+01
     7.6500    6.003926E-03  1.741633E-02  2.792238E+01
     7.7000    2.846859E-03  1.713019E-02  2.810737E+01
     7.7500   -3.156956E-04  1.687989E-02  2.829304E+01
     7.8000   -3.399968E-03  1.666073E-02  2.847985E+01
     7.8500   -6.319152E-03  1.646656E-02  2.866819E+01
     7.9000   -8.982478E-03  1.629033E-02  2.885837E+01
     7.9500   -1.129704E-02  1.612470E-02  2.905058E+01
     8.0000   -1.317237E-02  1.596255E-02  2.924490E+01
     8.0500   -1.455722E-02  1.583001E-02  2.944139E+01
     8.1000   -1.536488E-02  1.569456E-02  2.963980E+01
     8.1500   -1.555128E-02  1.555148E-02  2.984009E+01
     8.2000   -1.509899E-02  1.539685E-02  3.004215E+01
     8.2500   -1.402089E-02  1.522742E-02  3.024589E+01
     8.3000   -1.236171E-02  1.504047E-02  3.045119E+01
     8.3500   -1.019730E-02  1.483359E-02  3.065796E+01
     8.4000   -7.631915E-03  1.460463E-02  3.086607E+01
     8.4500   -4.793450E-03  1.435159E-02  3.107538E+01
     8.5000   -1.826900E-03  1.407271E-02  3.128574E+01
     8.5500    1.128966E-03  1.384457E-02  3.149756E+01
     8.6000    3.940780E-03  1.359189E-02  3.171009E+01
     8.6500    6.466164E-03  1.331352E-02  3.192307E+01
     8.7000    8.580804E-03  1.300904E-02  3.213622E+01
     8.7500    1.018826E-02  1.267908E-02  3.234916E+01
     8.8000    1.122780E-02  1.232547E-02  3.256149E+01
     8.8500    1.167888E-02  1.195138E-02  3.277277E+01
     8.9000    1.156113E-02  1.156123E-02  3.298257E+01
     8.9500    1.092976E-02  1.116058E-02  3.319045E+01
     9.0000    9.867027E-03  1.075577E-02  3.339610E+01
     9.0500    8.526278E-03  1.043412E-02  3.360106E+01
     9.1000    6.927549E-03  1.012003E-02  3.380355E+01
     9.1500    5.164881E-03  9.819355E-03  3.400364E+01
     9.2000    3.323064E-03  9.536995E-03  3.420161E+01
     9.2500    1.474306E-03  9.276397E-03  3.439791E+01
     9.3000   -3.216912E-04  9.039291E-03  3.459311E+01
     9.3500   -2.015182E-03  8.825577E-03  3.478789E+01
     9.4000   -3.562740E-03  8.633432E-03  3.498290E+01
     9.4500   -4.924013E-03  8.459593E-03  3.517878E+01
     9.5000   -6.059999E-03  8.299771E-03  3.537605E+01
     9.5500   -6.980307E-03  8.196468E-03  3.557659E+01
     9.6000   -7.609409E-03  8.098614E-03  3.577896E+01
     9.6500   -7.917815E-03  8.001911E-03  3.598321E+01
     9.7000   -7.887866E-03  7.902543E-03  3.618927E+01
     9.7500   -7.517593E-03  7.797334E-03  3.639699E+01
     9.8000   -6.823249E-03  7.683835E-03  3.660613E+01
     9.8500   -5.839999E-03  7.560334E-03  3.681642E+01
     9.9000   -4.620531E-03  7.425832E-03  3.702753E+01
     9.9500   -3.231726E-03  7.279990E-03  3.723914E+01
    10.0000   -1.749791E-03  7.123068E-03  3.745092E+01
    10.0500   -2.518792E-04  6.989926E-03  3.766307E+01
    10.1000    1.198497E-03  6.848140E-03  3.787503E+01
    10.1500    2.530793E-03  6.698718E-03  3.808653E+01
    10.2000    3.684858E-03  6.542963E-03  3.829734E+01
    10.2500    4.614399E-03  6.382419E-03  3.850723E+01
    10.3000    5.288969E-03  6.218804E-03  3.871601E+01
    10.3500    5.694411E-03  6.053927E-03  3.892355E+01
    10.4000    5.831851E-03  5.889601E-03  3.912975E+01
    10.4500    5.715562E-03  5.727546E-03  3.933461E+01
    10.5000    5.370141E-03  5.569295E-03  3.953814E+01
    10.5500    4.827465E-03  5.416111E-03  3.974047E+01
    10.6000    4.123887E-03  5.268915E-03  3.994174E+01
    10.6500    3.297933E-03  5.128256E-03  4.014218E+01
    10.7000    2.388660E-03  4.994300E-03  4.034201E+01
    10.7500    1.434579E-03  4.866860E-03  4.054150E+01
    10.8000    4.729990E-04  4.745457E-03  4.074086E+01
    10.8500   -4.604681E-04  4.629394E-03  4.094034E+01
    10.9000   -1.332445E-03  4.517847E-03  4.114009E+01
    10.9500   -2.112492E-03  4.409943E-03  4.134025E+01
    11.0000   -2.774004E-03  4.304835E-03  4.154093E+01
    11.0500   -3.325046E-03  4.235443E-03  4.174349E+01
    11.1000   -3.725218E-03  4.167873E-03  4.194644E+01
    11.1500   -3.962071E-03  4.101727E-03  4.214980E+01
    11.2000   -4.029931E-03  4.036700E-03  4.235358E+01
    11.2500   -3.930133E-03  3.972560E-03  4.255778E+01
    11.3000   -3.670888E-03  3.909122E-03  4.276242E+01
    11.3500   -3.266815E-03  3.846210E-03  4.296753E+01
    11.4000   -2.738230E-03  3.783623E-03  4.317314E+01
    11.4500   -2.110271E-03  3.721109E-03  4.337931E+01
    11.5000   -1.411906E-03  3.658349E-03  4.358607E+01
    11.5500   -6.748393E-04  3.594965E-03  4.379346E+01
    11.6000    6.772385E-05  3.530543E-03  4.400148E+01
    11.6500    7.824830E-04  3.464668E-03  4.421011E+01
    11.7000    1.437632E-03  3.396968E-03  4.441928E+01
    11.7500    2.004557E-03  3.327161E-03  4.462891E+01
    11.8000    2.459511E-03  3.255087E-03  4.483885E+01
    11.8500    2.785051E-03  3.180729E-03  4.504898E+01
    11.9000    2.971053E-03  3.104215E-03  4.525913E+01
    11.9500    3.015153E-03  3.025803E-03  4.546917E+01
    12.0000    2.922542E-03  2.945847E-03  4.567896E+01
    12.0500    2.736795E-03  2.902300E-03  4.589243E+01
    12.1000    2.432103E-03  2.857790E-03  4.610592E+01
    12.1500    2.026275E-03  2.812397E-03  4.631940E+01
    12.2000    1.541438E-03  2.766192E-03  4.653283E+01
    12.2500    1.002803E-03  2.719245E-03  4.674619E+01
    12.3000    4.373206E-04  2.671623E-03  4.695946E+01
    12.3500   -1.277176E-04  2.623396E-03  4.717259E+01
    12.4000   -6.660511E-04  2.574647E-03  4.738556E+01
    12.4500   -1.153738E-03  2.525473E-03  4.759833E+01
    12.5000   -1.570271E-03  2.475989E-03  4.781086E+01
    12.5500   -1.899463E-03  2.426325E-03  4.802313E+01
    12.6000   -2.130034E-03  2.376621E-03  4.823512E+01
    12.6500   -2.255899E-03  2.327020E-03  4.844682E+01
    12.7000   -2.276143E-03  2.277657E-03  4.865822E+01
    12.7500   -2.194741E-03  2.228654E-03  4.886936E+01
    12.8000   -2.020053E-03  2.180110E-03  4.908026E+01
    12.8500   -1.764173E-03  2.132097E-03  4.929096E+01
    12.9000   -1.442172E-03  2.084659E-03  4.950150E+01
    12.9500   -1.071279E-03  2.037815E-03  4.971194E+01
    13.0000   -6.700438E-04  1.991555E-03  4.992235E+01
    13.0500   -2.626300E-04  1.958017E-03  5.013095E+01
    13.1000    1.427497E-04  1.925509E-03  5.033969E+01
    13.1500    5.292561E-04  1.893863E-03  5.054871E+01
    13.2000    8.810765E-04  1.862852E-03  5.075814E+01
    13.2500    1.183960E-03  1.832220E-03  5.096806E+01
    13.3000    1.425800E-03  1.801702E-03  5.117852E+01
    13.3500    1.597226E-03  1.771051E-03  5.138952E+01
    13.4000    1.692129E-03  1.740048E-03  5.160105E+01
    13.4500    1.708057E-03  1.708517E-03  5.181306E+01
    13.5000    1.646406E-03  1.676325E-03  5.202549E+01
    13.5500    1.512377E-03  1.643381E-03  5.223827E+01
    13.6000    1.314676E-03  1.609637E-03  5.245131E+01
    13.6500    1.064995E-03  1.575073E-03  5.266454E+01
    13.7000    7.773065E-04  1.539696E-03  5.287787E+01
    13.7500    4.670285E-04  1.503529E-03  5.309123E+01
    13.8000    1.501368E-04  1.466606E-03  5.330453E+01
    13.8500   -1.577291E-04  1.428969E-03  5.351768E+01
    13.9000   -4.421066E-04  1.390666E-03  5.373060E+01
    13.9500   -6.904582E-04  1.351754E-03  5.394317E+01
    14.0000   -8.927948E-04  1.312310E-03  5.415528E+01
    14.0500   -1.054980E-03  1.285999E-03  5.436911E+01
    14.1000   -1.161900E-03  1.259274E-03  5.458203E+01
    14.1500   -1.211598E-03  1.232391E-03  5.479392E+01
    14.2000   -1.205189E-03  1.205621E-03  5.500466E+01
    14.2500   -1.146463E-03  1.179246E-03  5.521422E+01
    14.3000   -1.041349E-03  1.153544E-03  5.542257E+01
    14.3500   -8.973021E-04  1.128780E-03  5.562977E+01
    14.4000   -7.226933E-04  1.105194E-03  5.583593E+01
    14.4500   -5.262760E-04  1.082980E-03  5.604122E+01
    14.5000   -3.167707E-04  1.062276E-03  5.624586E+01
    14.5500   -1.025991E-04  1.043151E-03  5.645015E+01
    14.6000    1.082467E-04  1.025592E-03  5.665441E+01
    14.6500    3.082426E-04  1.009507E-03  5.685896E+01
    14.7000    4.903386E-04  9.947311E-04  5.706413E+01
    14.7500    6.480015E-04  9.810361E-04  5.727019E+01
    14.8000    7.753400E-04  9.681527E-04  5.747737E+01
    14.8500    8.673307E-04  9.557894E-04  5.768584E+01
    14.9000    9.201251E-04  9.436526E-04  5.789569E+01
    14.9500    9.313904E-04  9.314632E-04  5.810696E+01
    15.0000    9.006184E-04  9.189676E-04  5.831963E+01
    15.0500    8.357648E-04  9.114540E-04  5.852987E+01
    15.1000    7.342161E-04  9.033577E-04  5.874138E+01
    15.1500    6.006412E-04  8.944854E-04  5.895404E+01
    15.2000    4.415501E-04  8.846756E-04  5.916769E+01
    15.2500    2.649914E-04  8.738019E-04  5.938215E+01
    15.3000    8.009308E-05  8.617781E-04  5.959719E+01
    15.3500   -1.035240E-04  8.485623E-04  5.981256E+01
    15.4000   -2.764100E-04  8.341612E-04  6.002801E+01
    15.4500   -4.299607E-04  8.186331E-04  6.024323E+01
    15.5000   -5.570267E-04  8.020894E-04  6.045794E+01
    15.5500   -6.523825E-04  7.846923E-04  6.067186E+01
    15.6000   -7.129963E-04  7.666496E-04  6.088472E+01
    15.6500   -7.380726E-04  7.482047E-04  6.109630E+01
    15.7000   -7.288727E-04  7.296240E-04  6.130644E+01
    15.7500   -6.883609E-04  7.111805E-04  6.151507E+01
    15.8000   -6.207442E-04  6.931367E-04  6.172217E+01
    15.8500   -5.309905E-04  6.757269E-04  6.192785E+01
    15.9000   -4.243973E-04  6.591420E-04  6.213232E+01
    15.9500   -3.062649E-04  6.435171E-04  6.233584E+01
    16.0000   -1.816947E-04  6.289225E-04  6.253878E+01
    16.0500   -5.747206E-05  6.178832E-04  6.273870E+01
    16.1000    6.487329E-05  6.076342E-04  6.293882E+01
    16.1500    1.810667E-04  5.980816E-04  6.313943E+01
    16.2000    2.870351E-04  5.890986E-04  6.334078E+01
    16.2500    3.789685E-04  5.805340E-04  6.354312E+01
    16.3000    4.534292E-04  5.722204E-04  6.374659E+01
    16.3500    5.075073E-04  5.639840E-04  6.395130E+01
    16.4000    5.390112E-04  5.556527E-04  6.415729E+01
    16.4500    5.466678E-04  5.470654E-04  6.436452E+01
    16.5000    5.303003E-04  5.380796E-04  6.457290E+01
    16.5500    4.909468E-04  5.285787E-04  6.478227E+01
    16.6000    4.308876E-04  5.184773E-04  6.499243E+01
    16.6500    3.535611E-04  5.077255E-04  6.520313E+01
    16.7000    2.633606E-04  4.963109E-04  6.541409E+01
    16.7500    1.653304E-04  4.842586E-04  6.562503E+01
    16.8000    6.478984E-05  4.716299E-04  6.583564E+01
    16.8500   -3.306497E-05  4.585174E-04  6.604562E+01
    16.9000   -1.235348E-04  4.450402E-04  6.625472E+01
    16.9500   -2.027182E-04  4.313358E-04  6.646271E+01
    17.0000   -2.677071E-04  4.175519E-04  6.666942E+01
    17.0500   -3.199182E-04  4.065987E-04  6.687908E+01
    17.1000   -3.552180E-04  3.958027E-04  6.708743E+01
    17.1500   -3.733259E-04  3.852753E-04  6.729453E+01
    17.2000   -3.747480E-04  3.751063E-04  6.750054E+01
    17.2500   -3.606109E-04  3.653588E-04  6.770563E+01
    17.3000   -3.325038E-04  3.560666E-04  6.791008E+01
    17.3500   -2.923518E-04  3.472335E-04  6.811416E+01
    17.4000   -2.423257E-04  3.388350E-04  6.831817E+01
    17.4500   -1.847858E-04  3.308229E-04  6.852238E+01
    17.5000   -1.222449E-04  3.231300E-04  6.872706E+01
    17.5500   -5.733263E-05  3.156772E-04  6.893241E+01
    17.6000    7.253796E-06  3.083795E-04  6.913856E+01
    17.6500    6.882568E-05  3.011522E-04  6.934562E+01
    17.7000    1.248066E-04  2.939160E-04  6.955360E+01
    17.7500    1.728596E-04  2.866012E-04  6.976247E+01
    17.8000    2.110242E-04  2.791503E-04  6.997215E+01
    17.8500    2.378475E-04  2.715206E-04  7.018251E+01
    17.9000    2.524891E-04  2.636842E-04  7.039340E+01
    17.9500    2.547860E-04  2.556286E-04  7.060462E+01
    18.0000    2.452643E-04  2.473561E-04  7.081598E+01
    18.0500    2.282934E-04  2.421116E-04  7.102532E+01
    18.1000    2.019591E-04  2.366845E-04  7.123438E+01
    18.1500    1.679747E-04  2.311078E-04  7.144294E+01
    18.2000    1.283625E-04  2.254238E-04  7.165082E+01
    18.2500    8.530068E-05  2.196819E-04  7.185785E+01
    18.3000    4.097143E-05  2.139354E-04  7.206393E+01
    18.3500   -2.571952E-06  2.082384E-04  7.226898E+01
    18.4000   -4.350816E-05  2.026424E-04  7.247302E+01
    18.4500   -8.031331E-05  1.971932E-04  7.267611E+01
    18.5000   -1.117893E-04  1.919271E-04  7.287838E+01
    18.5500   -1.370610E-04  1.868692E-04  7.308003E+01
    18.6000   -1.555531E-04  1.820308E-04  7.328130E+01
    18.6500   -1.669583E-04  1.774095E-04  7.348247E+01
    18.7000   -1.712083E-04  1.729888E-04  7.368383E+01
    18.7500   -1.684549E-04  1.687408E-04  7.388565E+01
    18.8000   -1.590627E-04  1.646276E-04  7.408818E+01
    18.8500   -1.436106E-04  1.606054E-04  7.429162E+01
    18.9000   -1.228955E-04  1.566276E-04  7.449612E+01
    18.9500   -9.792765E-05  1.526482E-04  7.470174E+01
    19.0000   -6.991041E-05  1.486250E-04  7.490850E+01
    19.0500   -4.096712E-05  1.462849E-04  7.511438E+01
    19.1000   -1.105087E-05  1.438588E-04  7.532133E+01
    19.1500    1.846198E-05  1.413219E-04  7.552924E+01
    19.2000    4.620317E-05  1.386574E-04  7.573794E+01
    19.2500    7.089887E-05  1.358561E-04  7.594726E+01
    19.3000    9.145290E-05  1.329158E-04  7.615702E+01
    19.3500    1.070172E-04  1.298413E-04  7.636704E+01
    19.4000    1.170420E-04  1.266428E-04  7.657713E+01
    19.4500    1.213006E-04  1.233349E-04  7.678715E+01
    19.5000    1.198884E-04  1.199352E-04  7.699694E+01
    19.5500    1.131966E-04  1.164630E-04  7.720642E+01
    19.6000    1.018677E-04  1.129382E-04  7.741549E+01
    19.6500    8.673696E-05  1.093798E-04  7.762412E+01
    19.7000    6.876856E-05  1.058049E-04  7.783229E+01
    19.7500    4.899166E-05  1.022279E-04  7.804003E+01
    19.8000    2.844205E-05  9.865971E-05  7.824738E+01
    19.8500    8.111883E-06  9.510761E-05  7.845442E+01
    19.9000   -1.109118E-05  9.157505E-05  7.866123E+01
    19.9500   -2.837597E-05  8.806197E-05  7.886790E+01
    20.0000   -4.309227E-05  8.456537E-05  7.907451E+01
