# # Once                                                         FEFF 10.0.0 
# # POT  SCF 100  9.0000   0, NO core-hole, FOLP (folp(0)= 1.150)
# # Abs   Z=30 Rmt= 1.379 Rnm= 1.523 K  shell
# #   RGRID 0.0100
# # Pot 1 Z= 6 Rmt= 0.895 Rnm= 1.120
# # Pot 2 Z= 6 Rmt= 0.925 Rnm= 1.165
# # Pot 3 Z= 1 Rmt= 0.549 Rnm= 0.952
# # Pot 4 Z=16 Rmt= 1.261 Rnm= 1.481
# # Gam_ch=1.897E+00 H-L exch Vi=-5.000E-01 Vr= 0.000E+00
# # Mu=-7.300E+00eV kf=1.980E+00 Vint=-1.304E+01eV Rs_int= 1.832
# # PATH  Rmax= 9.000,  Keep_limit= 0.00, Heap_limit 0.00  Pwcrit= 2.50%
#  S02=1.000  Temp=  10.00  Debye_temp= 315.00  Global_sig2= 0.00000
#  Energy zero shift, vr, vi    0.00000E+00   0.00000E+00
#  Curved wave amplitude ratio filter   4.000%
#     file         sig2 tot  cw amp ratio   deg  nlegs   reff  inp sig2
#           1       0.00298    100.00      1.00     2   2.3569
#           2       0.00302     99.79      1.00     2   2.3589
#           3       0.00304     99.37      1.00     2   2.3630
#           4       0.00319     97.45      1.00     2   2.3821
#           5       0.02180     14.62      1.00     2   3.0265
#           6       0.03084     14.21      1.00     2   3.0622
#           7       0.02487     12.45      1.00     2   3.2339
#           8       0.00618     44.49      1.00     2   3.2386
#           9       0.00585     44.40      1.00     2   3.2414
#          10       0.02479     11.93      1.00     2   3.2900
#          11       0.00595     42.37      1.00     2   3.3026
#          12       0.03087     11.81      1.00     2   3.3040
#          13       0.00609     40.92      1.00     2   3.3490
#          14       0.03284     11.34      1.00     2   3.3590
#          15       0.03263     10.91      1.00     2   3.4126
#          16       0.01466     17.10      2.00     3   3.6961
#          17       0.01109     19.24      2.00     3   3.7108
#          18       0.00416     50.05      2.00     3   3.7116
#          19       0.00420     48.88      2.00     3   3.7261
#          20       0.00413     49.23      2.00     3   3.7456
#          21       0.00422     48.94      2.00     3   3.7669
#          22       0.01213     12.87      2.00     3   3.7842
#          23       0.01228     12.00      2.00     3   3.8127
#          24       0.00931     29.38      1.00     2   3.8211
#          25       0.02365      8.23      1.00     2   3.8259
#          26       0.00935     28.38      1.00     2   3.8732
#          27       0.01464      9.34      2.00     3   3.8979
#          28       0.01551     11.44      2.00     3   3.8996
#          29       0.01703      9.31      2.00     3   3.9121
#          30       0.01511      8.73      2.00     3   4.0111
#          31       0.01496      8.58      2.00     3   4.0409
#          32       0.01765      8.58      2.00     3   4.0634
#          33       0.01625     19.03      2.00     3   4.1088
#          34       0.01341     15.69      2.00     3   4.1109
#          35       0.01939     11.54      1.00     4   4.1190
#          36       0.01896      4.86      2.00     3   4.1397
#          37       0.02684     11.07      1.00     4   4.1537
#          38       0.00847      4.38      2.00     4   4.1538
#          40       0.01404      6.60      1.00     2   4.1787
#          41       0.00449     19.29      1.00     4   4.1846
#          42       0.00446     16.35      1.00     4   4.1848
#          43       0.02817      4.27      2.00     3   4.1876
#          44       0.00452     17.68      1.00     4   4.1885
#          45       0.01725     16.65      2.00     3   4.1893
#          46       0.00465     18.87      1.00     4   4.2109
#          47       0.01171     27.69      2.00     3   4.2553
#          48       0.00424     11.61      2.00     3   4.2615
#          50       0.03580      6.23      1.00     2   4.2748
#          51       0.00428     12.07      2.00     3   4.2791
#          52       0.00442     11.55      2.00     3   4.2842
#          54       0.01441      8.14      2.00     3   4.3014
#          55       0.00437     12.44      2.00     3   4.3019
#          56       0.00433     11.76      2.00     3   4.3053
#          57       0.01914      4.65      2.00     3   4.3048
#          58       0.01222      6.10      1.00     2   4.3108
#          59       0.00579     23.32      2.00     3   4.3122
#          61       0.01841      9.44      1.00     4   4.3270
#          62       0.01137     32.19      1.00     4   4.3319
#          63       0.00592     23.65      2.00     3   4.3427
#          64       0.00424     12.85      2.00     3   4.3456
#          65       0.01689      6.25      2.00     4   4.3555
#          66       0.01092     26.48      2.00     3   4.3766
#          67       0.01766      8.97      1.00     4   4.3839
#          68       0.01107      8.22      1.00     4   4.3959
#          69       0.02913      9.72      1.00     4   4.3965
#          70       0.01167     31.76      1.00     4   4.4423
#          71       0.02871      8.65      1.00     4   4.4501
#          72       0.02952      5.62      1.00     2   4.4532
#          73       0.01196     10.70      2.00     3   4.4658
#          74       0.01921      4.32      2.00     3   4.5011
#          75       0.00558     18.18      2.00     3   4.5037
#          76       0.03213      8.90      1.00     4   4.5053
#          77       0.00553     18.49      2.00     3   4.5186
#          78       0.01844      5.97      2.00     4   4.5191
#          79       0.01192     12.99      2.00     3   4.5240
#          80       0.01279      7.40      2.00     3   4.5359
#          81       0.03366      5.35      1.00     2   4.5408
#          82       0.00949     24.89      2.00     4   4.5423
#          83       0.00751     18.76      1.00     2   4.5453
#          84       0.01101     11.19      2.00     4   4.5538
#          85       0.01774     10.06      2.00     4   4.5777
#          86       0.00950      7.93      2.00     4   4.5864
#          87       0.01607      5.06      2.00     4   4.5899
#          88       0.00951     30.53      2.00     4   4.5898
#          89       0.01905     10.63      2.00     3   4.5946
#          90       0.01079      9.17      2.00     4   4.6282
#          91       0.01092      7.72      2.00     4   4.6304
#          92       0.01401      5.50      2.00     3   4.6589
#          94       0.00574     43.35      2.00     3   4.6810
#          95       0.00562     17.23      1.00     2   4.6953
#          96       0.01750     12.48      2.00     3   4.7099
#          98       0.02131      5.50      2.00     4   4.7129
#          99       0.00595     11.90      1.00     4   4.7137
#         100       0.00467      4.41      2.00     4   4.7158
#         101       0.00604     11.85      1.00     4   4.7178
#         102       0.00477      5.07      2.00     4   4.7199
#         104       0.00608     11.74      1.00     4   4.7261
#         105       0.00579     64.31      2.00     3   4.7283
#         106       0.00976     18.98      2.00     4   4.7283
#         107       0.01977      4.82      1.00     2   4.7288
#         108       0.01411      7.67      1.00     4   4.7372
#         110       0.00468      5.95      2.00     4   4.7410
#         111       0.00472      4.26      2.00     4   4.7452
#         112       0.01837      4.76      1.00     2   4.7515
#         113       0.00620      4.22      1.00     4   4.7511
#         114       0.01401      4.65      1.00     4   4.7528
#         115       0.00496     11.82      2.00     4   4.7606
#         116       0.00632     70.78      1.00     4   4.7612
#         117       0.00639     11.29      1.00     4   4.7642
#         118       0.01247      7.75      2.00     4   4.7697
#         119       0.00812      5.91      2.00     3   4.7739
#         121       0.01834      8.91      2.00     4   4.7789
#         122       0.00504      9.13      2.00     4   4.7852
#         124       0.02056     14.63      2.00     5   4.7895
#         125       0.00944     20.70      2.00     4   4.7944
#         126       0.01620      7.88      2.00     5   4.8041
#         127       0.00936     48.55      2.00     5   4.8049
#         129       0.00634     41.46      1.00     4   4.8167
#         132       0.01435     19.50      2.00     3   4.8339
#         133       0.02515      5.02      2.00     3   4.8375
#         134       0.00978     12.83      2.00     5   4.8388
#         135       0.00523     24.51      2.00     3   4.8412
#         136       0.01449     17.43      2.00     3   4.8488
#         138       0.00958     53.99      2.00     5   4.8602
#         139       0.00934      9.00      2.00     3   4.8611
#         140       0.00603      6.05      1.00     4   4.8643
#         141       0.01515     10.89      2.00     5   4.8773
#         143       0.02467      5.13      2.00     4   4.8823
#         144       0.01324      6.43      2.00     4   4.8933
#         145       0.01663      4.54      2.00     3   4.8949
#         146       0.00734      5.20      2.00     3   4.9026
#         147       0.01591     10.36      2.00     5   4.9066
#         149       0.01343      5.10      1.00     4   4.9143
#         150       0.02322      5.39      2.00     3   4.9167
#         151       0.01286     22.03      1.00     4   4.9164
#         152       0.01721      5.88      1.00     4   4.9191
#         154       0.01546      5.81      2.00     3   4.9272
#         155       0.02086      4.60      2.00     4   4.9271
#         156       0.00498     27.12      2.00     3   4.9391
#         157       0.02325      5.91      2.00     3   4.9446
#         159       0.00502      9.63      2.00     4   4.9575
#         160       0.01492      7.70      1.00     4   4.9666
#         161       0.01234     17.47      1.00     4   4.9689
#         162       0.00471     54.89      2.00     4   4.9720
#         163       0.01664      7.31      2.00     4   4.9748
#         164       0.00471     35.26      2.00     4   4.9769
#         165       0.01370      9.80      2.00     5   4.9907
#         167       0.02244     12.58      2.00     5   4.9929
#         169       0.01940      7.94      2.00     4   4.9961
#         170       0.00996     16.10      2.00     4   4.9968
#         171       0.01599      4.82      2.00     5   4.9999
#         172       0.00775      4.95      2.00     3   5.0013
#         173       0.01823      5.76      2.00     3   5.0011
#         174       0.00956     26.49      2.00     5   5.0077
#         175       0.00957     18.93      2.00     5   5.0153
#         177       0.00511     10.60      2.00     4   5.0253
#         178       0.02531      4.71      2.00     4   5.0259
#         179       0.00951      4.97      2.00     5   5.0293
#         180       0.00890      7.67      2.00     3   5.0426
#         182       0.02125      4.07      1.00     2   5.0487
#         184       0.01023      9.14      2.00     5   5.0483
#         185       0.01420      7.11      2.00     3   5.0636
#         186       0.00711      8.73      1.00     4   5.0642
#         187       0.00895      7.30      2.00     3   5.0692
#         188       0.00634      8.50      1.00     4   5.0702
#         189       0.02186      4.36      2.00     4   5.0727
#         190       0.00958     19.22      2.00     4   5.0755
#         191       0.02066      6.72      2.00     4   5.0773
#         192       0.02079      4.01      1.00     2   5.0813
#         194       0.01784      4.79      2.00     3   5.0895
#         195       0.01181     11.09      2.00     4   5.0892
#         197       0.01077      8.66      2.00     5   5.1012
#         198       0.00983     18.89      2.00     4   5.1021
#         199       0.00679      4.86      2.00     3   5.1068
#         200       0.01411      7.43      2.00     4   5.1162
#         201       0.02324      4.73      2.00     4   5.1216
#         202       0.00503     30.69      2.00     4   5.1240
#         203       0.00654      8.68      1.00     4   5.1281
#         204       0.01351      6.34      2.00     3   5.1296
#         205       0.00542      9.61      1.00     4   5.1370
#         206       0.01708      5.10      2.00     5   5.1404
#         207       0.00725      4.87      2.00     3   5.1461
#         208       0.01294      9.54      2.00     4   5.1488
#         209       0.01228      5.00      2.00     4   5.1572
#         210       0.00566      4.62      1.00     4   5.1639
#         211       0.02347      4.52      2.00     4   5.1649
#         212       0.01208      7.24      2.00     4   5.1734
#         213       0.00700      8.69      1.00     4   5.1769
#         214       0.01137      6.38      2.00     4   5.1778
#         215       0.01834      5.20      2.00     4   5.1805
#         217       0.00550     13.37      1.00     4   5.1829
#         218       0.01118      7.35      2.00     4   5.1839
#         219       0.01119     14.54      2.00     4   5.1837
#         220       0.00567      4.80      1.00     4   5.1863
#         221       0.05783     14.47      2.00     5   5.2014
#         222       0.02007      6.02      2.00     5   5.2020
#         223       0.01994     13.80      2.00     5   5.2041
#         224       0.01981     12.08      2.00     5   5.2040
#         225       0.01146      6.91      2.00     4   5.2064
#         226       0.01320      9.10      2.00     5   5.2087
#         227       0.01135     14.57      2.00     4   5.2120
#         228       0.04008     11.00      1.00     6   5.2116
#         229       0.00488     40.81      2.00     4   5.2130
#         230       0.01134      4.34      2.00     4   5.2147
#         231       0.02188     11.47      2.00     3   5.2164
#         232       0.02140      9.51      2.00     3   5.2223
#         233       0.00554      9.77      2.00     5   5.2241
#         234       0.01211     11.64      2.00     4   5.2253
#         235       0.01187     23.22      2.00     5   5.2249
#         236       0.01658      8.77      2.00     3   5.2284
#         237       0.02142      9.94      2.00     3   5.2376
#         238       0.01651      8.95      2.00     3   5.2449
#         239       0.00505     96.66      2.00     5   5.2460
#         241       0.01540      6.52      2.00     6   5.2470
#         242       0.01659      4.70      2.00     4   5.2534
#         243       0.00528     65.92      2.00     5   5.2597
#         245       0.01905      9.99      2.00     6   5.2625
#         246       0.02352      5.61      2.00     4   5.2647
#         247       0.01275     11.06      2.00     4   5.2710
#         248       0.02291      5.29      2.00     3   5.2731
#         249       0.00941      4.75      1.00     6   5.2761
#         251       0.00987     20.81      1.00     6   5.2779
#         252       0.01017     25.48      1.00     6   5.2781
#         253       0.02001      5.75      2.00     4   5.2804
#         254       0.00946      7.60      1.00     6   5.2811
#         255       0.00570     10.35      2.00     5   5.2822
#         256       0.06069     12.71      2.00     5   5.2820
#         257       0.01000      5.46      1.00     6   5.2818
#         258       0.01557      8.48      2.00     3   5.2825
#         259       0.02281      6.99      2.00     5   5.2826
#         260       0.01968     10.37      2.00     5   5.2849
#         261       0.01249     12.82      2.00     4   5.2878
#         262       0.01275     10.74      2.00     4   5.2995
#         263       0.02864      5.04      2.00     3   5.3028
#         264       0.01326     28.59      2.00     5   5.3040
#         268       0.01755      4.72      2.00     5   5.3195
#         270       0.01094     11.28      2.00     4   5.3289
#         271       0.02422      9.28      1.00     4   5.3322
#         272       0.01333     28.10      2.00     5   5.3325
#         274       0.02272     22.98      2.00     5   5.3487
#         275       0.02027      5.10      2.00     4   5.3551
#         276       0.01236     12.67      2.00     4   5.3555
#         279       0.01240      8.64      2.00     3   5.3696
#         280       0.01837      4.17      2.00     4   5.3725
#         281       0.01775      4.63      2.00     4   5.3732
#         282       0.02260      5.97      2.00     4   5.3834
#         283       0.02008      4.97      2.00     4   5.3849
#         285       0.00952      6.54      2.00     5   5.3851
#         286       0.00809     13.56      1.00     4   5.3858
#         288       0.01508      9.75      2.00     3   5.3908
#         293       0.02414      7.12      1.00     4   5.3940
#         294       0.01728      6.83      2.00     5   5.3946
#         295       0.02408      6.47      1.00     4   5.3958
#         296       0.01187     13.20      2.00     4   5.3966
#         297       0.01554     11.10      2.00     3   5.3979
#         298       0.01621     12.47      2.00     4   5.3984
#         300       0.01614     11.46      2.00     4   5.4013
#         301       0.01611     10.69      2.00     4   5.4019
#         304       0.01489      9.62      1.00     4   5.4043
#         306       0.01063      7.65      2.00     5   5.4049
#         307       0.01814      5.17      2.00     5   5.4050
#         308       0.01133     31.15      2.00     5   5.4055
#         309       0.01162     13.42      2.00     5   5.4055
#         310       0.01496      5.55      1.00     4   5.4080
#         311       0.01063     28.97      2.00     5   5.4078
#         312       0.01517      5.85      1.00     4   5.4086
#         314       0.02110      9.96      2.00     6   5.4108
#         315       0.01361      7.08      2.00     5   5.4149
#         317       0.01159      5.91      2.00     3   5.4186
#         318       0.00482     29.73      2.00     5   5.4198
#         320       0.02018      9.41      2.00     6   5.4234
#         322       0.03198      5.53      2.00     4   5.4252
#         323       0.02333     31.04      1.00     6   5.4253
#         325       0.00656     12.19      2.00     3   5.4293
#         326       0.00486      5.50      2.00     5   5.4305
#         328       0.02173      4.69      2.00     5   5.4324
#         330       0.01149      6.23      2.00     3   5.4348
#         331       0.01074      7.04      2.00     5   5.4353
#         332       0.01162     31.20      2.00     5   5.4360
#         333       0.01086      7.80      2.00     5   5.4359
#         334       0.01105     32.15      2.00     5   5.4379
#         335       0.00799     10.49      2.00     5   5.4398
#         336       0.00487      7.62      2.00     5   5.4432
#         337       0.00654     12.78      2.00     3   5.4447
#         339       0.01322      5.47      2.00     5   5.4478
#         340       0.04375      6.38      2.00     6   5.4485
#         341       0.02072      6.36      2.00     6   5.4493
#         342       0.01144     13.07      2.00     4   5.4515
#         343       0.00500     40.70      2.00     5   5.4568
#         344       0.01512      5.33      1.00     4   5.4645
#         345       0.01468      7.43      1.00     4   5.4667
#         346       0.01147     13.09      2.00     4   5.4678
#         347       0.02346     21.93      2.00     5   5.4699
#         348       0.02417      4.97      2.00     4   5.4734
#         349       0.02369      4.64      2.00     3   5.4779
#         350       0.01241     11.24      2.00     3   5.4778
#         351       0.02237      5.44      2.00     4   5.4819
#         352       0.00655     11.69      2.00     3   5.4837
#         353       0.01192     13.51      2.00     4   5.4854
#         354       0.01205      9.40      2.00     4   5.4893
#         355       0.02229      7.81      1.00     6   5.4891
#         356       0.01120      8.40      2.00     4   5.4942
#         357       0.01580     10.83      2.00     5   5.4938
#         358       0.01598     11.18      2.00     5   5.4941
#         359       0.02152      9.88      2.00     5   5.4970
#         361       0.02163     10.14      2.00     5   5.4995
#         365       0.01150     11.63      2.00     4   5.5053
#         367       0.01096      7.47      2.00     5   5.5148
#         368       0.01120      8.48      2.00     4   5.5165
#         370       0.01275      8.51      2.00     5   5.5218
#         371       0.00658     10.42      2.00     3   5.5247
#         372       0.01025      6.64      2.00     4   5.5312
#         373       0.02145      6.69      2.00     6   5.5335
#         375       0.02397     30.54      1.00     6   5.5356
#         376       0.01275      5.93      2.00     4   5.5366
#         377       0.00952      8.95      2.00     5   5.5363
#         378       0.00770     17.63      2.00     5   5.5373
#         379       0.01256      6.02      2.00     4   5.5402
#         380       0.01120      7.50      2.00     5   5.5433
#         381       0.01145      4.19      2.00     4   5.5459
#         382       0.01195      5.76      2.00     4   5.5475
#         383       0.01022      5.88      2.00     4   5.5507
#         384       0.01091     10.37      2.00     4   5.5516
#         385       0.01086     17.03      2.00     4   5.5537
#         386       0.00793     16.93      2.00     5   5.5549
#         387       0.01817      8.85      2.00     5   5.5591
#         388       0.02358      4.71      2.00     3   5.5605
#         389       0.00815     11.78      2.00     5   5.5603
#         391       0.00785     18.03      2.00     5   5.5711
#         392       0.01359      4.01      2.00     4   5.5861
#         393       0.00838     11.72      2.00     5   5.5869
#         394       0.01102      9.65      2.00     3   5.5907
#         395       0.02579      5.12      2.00     4   5.5908
#         397       0.01180      8.43      2.00     4   5.5912
#         398       0.01180      7.53      2.00     4   5.5921
#         399       0.00797     18.58      2.00     5   5.5948
#         400       0.02109      4.59      2.00     4   5.5968
#         401       0.01084     17.06      2.00     4   5.5971
#         402       0.00968      7.30      2.00     4   5.5975
#         403       0.00685     12.62      2.00     4   5.5983
#         404       0.01095      6.98      2.00     4   5.5982
#         405       0.01094      7.69      2.00     4   5.5985
#         406       0.01505      4.13      2.00     5   5.5984
#         407       0.01056     20.57      2.00     5   5.5989
#         408       0.00723     11.68      2.00     4   5.6016
#         409       0.01840      7.89      2.00     5   5.6064
#         411       0.05687      6.07      2.00     6   5.6116
#         412       0.01180      5.00      2.00     5   5.6124
#         413       0.02523      6.03      2.00     6   5.6123
#         414       0.01064      7.46      2.00     5   5.6130
#         415       0.01181     13.44      2.00     4   5.6135
#         416       0.00530     13.17      2.00     4   5.6142
#         417       0.01050     17.67      2.00     5   5.6142
#         419       0.01070     11.06      2.00     5   5.6159
#         420       0.01426     16.38      2.00     5   5.6167
#         421       0.01827     10.48      2.00     5   5.6173
#         422       0.01982      4.34      2.00     5   5.6183
#         423       0.01151     16.09      2.00     5   5.6211
#         425       0.01077     12.53      2.00     5   5.6227
#         426       0.01117      6.43      2.00     5   5.6228
#         427       0.01157     14.52      2.00     4   5.6237
#         428       0.00939      7.09      2.00     4   5.6235
#         429       0.01260     11.61      2.00     5   5.6241
#         430       0.01137     17.07      2.00     5   5.6241
#         431       0.01320     22.40      2.00     5   5.6250
#         432       0.01197      9.82      2.00     5   5.6248
#         433       0.01134     16.49      2.00     5   5.6251
#         434       0.01192     10.05      2.00     5   5.6258
#         435       0.00556     13.57      2.00     4   5.6282
#         436       0.01128      9.31      2.00     5   5.6290
#         437       0.01854      6.33      2.00     5   5.6293
#         438       0.01020     12.69      2.00     5   5.6299
#         439       0.01124     27.50      2.00     5   5.6300
#         440       0.01111     19.14      2.00     5   5.6312
#         441       0.01132     19.68      2.00     5   5.6314
#         446       0.01879     23.72      2.00     6   5.6357
#         447       0.01633      5.23      1.00     4   5.6386
#         448       0.01079      9.78      1.00     4   5.6408
#         450       0.01772      5.94      2.00     5   5.6414
#         451       0.01087      7.23      2.00     5   5.6414
#         453       0.01556      7.05      2.00     5   5.6450
#         455       0.02566      5.42      2.00     4   5.6469
#         457       0.01754     10.65      2.00     6   5.6471
#         459       0.01025     11.68      2.00     5   5.6567
#         460       0.01042      5.55      2.00     5   5.6569
#         461       0.01589      7.19      2.00     5   5.6580
#         462       0.00690     11.09      2.00     4   5.6595
#         463       0.01238      4.31      2.00     4   5.6622
#         464       0.01143      6.41      2.00     4   5.6624
#         465       0.01166      8.40      2.00     4   5.6654
#         466       0.00925      7.07      2.00     4   5.6657
#         468       0.01942      7.11      2.00     5   5.6667
#         469       0.01347     20.91      2.00     6   5.6679
#         470       0.01191      9.45      2.00     5   5.6682
#         471       0.07990      9.38      2.00     6   5.6692
#         472       0.02065      9.51      2.00     6   5.6710
#         473       0.03139      5.22      2.00     3   5.6736
#         474       0.01977      4.13      2.00     5   5.6734
#         475       0.01144      6.81      2.00     4   5.6786
#         477       0.01987      7.65      2.00     6   5.6796
#         478       0.01176     15.75      2.00     5   5.6816
#         479       0.01227     12.67      2.00     6   5.6817
#         480       0.01881     28.39      2.00     6   5.6831
#         481       0.02012      4.11      2.00     4   5.6839
#         482       0.00544     11.94      2.00     4   5.6844
#         484       0.01424      4.24      2.00     4   5.6854
#         486       0.01065      9.87      2.00     5   5.6856
#         487       0.03145      6.80      2.00     4   5.6861
#         488       0.01139     16.30      2.00     5   5.6873
#         490       0.02372      9.40      2.00     5   5.6878
#         491       0.01114     22.16      2.00     5   5.6895
#         493       0.02263      7.85      2.00     5   5.6898
#         495       0.00552     12.29      2.00     4   5.6942
#         496       0.00580      7.37      1.00     6   5.6971
#         497       0.01542      5.93      2.00     6   5.6973
#         498       0.00559      7.06      1.00     6   5.7001
#         499       0.01336     12.63      2.00     5   5.7018
#         500       0.00650     28.88      1.00     6   5.7026
#         502       0.00957      6.98      2.00     4   5.7059
#         504       0.03154      4.53      2.00     3   5.7101
#         506       0.01812      4.05      2.00     5   5.7161
#         508       0.01411      8.76      2.00     6   5.7210
#         509       0.01419      4.93      2.00     5   5.7218
#         510       0.01610     21.73      2.00     6   5.7216
#         511       0.01810      6.14      2.00     6   5.7216
#         512       0.01397      7.51      2.00     6   5.7230
#         513       0.01646     22.33      2.00     6   5.7237
#         514       0.01660      4.94      2.00     6   5.7236
#         515       0.01694      8.51      2.00     6   5.7239
#         516       0.01805      8.82      2.00     6   5.7256
#         517       0.01430      7.43      2.00     5   5.7275
#         518       0.01464     12.27      2.00     5   5.7280
#         519       0.00728      9.35      2.00     4   5.7311
#         520       0.00661     38.39      1.00     6   5.7307
#         522       0.01072     11.40      2.00     5   5.7336
#         527       0.01865      4.44      2.00     5   5.7521
#         530       0.01109     11.36      2.00     5   5.7608
#         532       0.01842      4.13      2.00     5   5.7653
#         533       0.01107     14.53      2.00     5   5.7679
#         535       0.01023     10.73      2.00     4   5.7736
#         536       0.01086     10.73      2.00     5   5.7734
#         537       0.01213      5.25      2.00     5   5.7740
#         538       0.01104     11.33      2.00     5   5.7743
#         539       0.01233     16.83      2.00     5   5.7743
#         540       0.03278      5.35      2.00     4   5.7756
#         542       0.00993     27.00      2.00     5   5.7765
#         543       0.01195      6.94      2.00     4   5.7781
#         544       0.01230     14.45      2.00     5   5.7812
#         547       0.01221      8.29      2.00     5   5.7851
#         551       0.01792     21.87      2.00     6   5.7887
#         553       0.00986      7.46      1.00     4   5.7899
#         554       0.01191      5.92      2.00     4   5.7913
#         555       0.01450      4.98      2.00     5   5.7915
#         558       0.01596      4.35      2.00     5   5.8009
#         559       0.01332      5.29      2.00     5   5.8012
#         560       0.01868      5.81      2.00     5   5.8016
#         561       0.02727     10.79      2.00     5   5.8033
#         562       0.06130      5.55      2.00     6   5.8044
#         564       0.02082      6.58      2.00     5   5.8056
#         565       0.02119      4.80      2.00     5   5.8066
#         566       0.03415      5.53      2.00     6   5.8062
#         567       0.01486      4.88      2.00     5   5.8167
#         568       0.01335     21.46      2.00     6   5.8172
#         571       0.01143     13.00      2.00     5   5.8214
#         572       0.01212     13.95      2.00     5   5.8213
#         573       0.01572      5.91      2.00     5   5.8213
#         574       0.01846     18.52      2.00     6   5.8217
#         575       0.01609      5.51      2.00     5   5.8222
#         576       0.00964     26.46      2.00     5   5.8228
#         577       0.01075     29.24      2.00     5   5.8247
#         578       0.01058      5.74      2.00     5   5.8272
#         579       0.01610      4.28      2.00     5   5.8285
#         580       0.01019      7.16      2.00     5   5.8291
#         581       0.01707      7.34      1.00     6   5.8306
#         582       0.01312     10.57      2.00     6   5.8328
#         583       0.01388      7.36      2.00     4   5.8337
#         584       0.00986     11.40      2.00     4   5.8345
#         585       0.01230     10.42      2.00     5   5.8350
#         586       0.01227      9.39      2.00     5   5.8359
#         588       0.00973     10.29      2.00     5   5.8396
#         589       0.00987     21.44      2.00     5   5.8409
#         590       0.01603     10.67      2.00     5   5.8413
#         591       0.01005      8.01      2.00     5   5.8420
#         592       0.01004      8.68      2.00     5   5.8423
#         593       0.01055      7.04      1.00     6   5.8439
#         595       0.01945     42.71      2.00     6   5.8445
#         596       0.01201      6.52      1.00     6   5.8445
#         598       0.01726      4.67      1.00     6   5.8461
#         600       0.01116     13.37      1.00     6   5.8468
#         602       0.01004     10.14      2.00     5   5.8474
#         603       0.00992     17.55      2.00     5   5.8496
#         604       0.01070      9.88      2.00     6   5.8532
#         605       0.00968      7.64      2.00     5   5.8530
#         606       0.01807      6.38      2.00     5   5.8535
#         608       0.01571     10.83      2.00     5   5.8541
#         609       0.01619     14.93      2.00     6   5.8543
#         610       0.01204     19.08      1.00     6   5.8543
#         611       0.01134     18.87      1.00     6   5.8543
#         613       0.01663     14.38      2.00     6   5.8551
#         614       0.00994     26.57      2.00     6   5.8558
#         615       0.00978     23.38      1.00     6   5.8558
#         616       0.00998     22.45      2.00     5   5.8580
#         618       0.01811     13.13      2.00     6   5.8631
#         619       0.01795      5.97      2.00     6   5.8654
#         620       0.01515      6.25      2.00     5   5.8674
#         621       0.08906      8.30      2.00     6   5.8701
#         622       0.00889      7.80      2.00     4   5.8712
#         623       0.01366      5.48      2.00     5   5.8715
#         624       0.01592      7.23      2.00     6   5.8712
#         625       0.01006      8.08      2.00     5   5.8721
#         626       0.02098      8.45      2.00     6   5.8722
#         627       0.02120      5.76      2.00     5   5.8727
#         628       0.02411      7.83      2.00     6   5.8753
#         629       0.01696      4.55      2.00     5   5.8756
#         630       0.01066      4.86      2.00     5   5.8755
#         631       0.00997      6.67      2.00     4   5.8783
#         633       0.00990     25.00      2.00     6   5.8808
#         634       0.05913     16.17      2.00     7   5.8810
#         636       0.01441      7.72      2.00     4   5.8826
#         637       0.03487     16.04      2.00     7   5.8828
#         640       0.01614      8.88      2.00     5   5.8860
#         641       0.01611      8.30      2.00     5   5.8866
#         642       0.01901     20.01      2.00     6   5.8878
#         643       0.01392     14.26      2.00     5   5.8890
#         645       0.01862     11.86      2.00     5   5.8919
#         646       0.01404      8.29      2.00     5   5.8933
#         647       0.01023      6.81      2.00     5   5.8946
#         648       0.01520      9.55      2.00     5   5.8950
#         650       0.01786      8.25      2.00     5   5.8964
#         651       0.01772      4.87      2.00     7   5.8964
#         652       0.04985      8.91      2.00     7   5.8966
#         653       0.02767      8.59      2.00     7   5.8973
#         654       0.01890     52.09      2.00     7   5.8983
#         655       0.01816      5.42      2.00     5   5.9048
#         657       0.01373      8.47      2.00     5   5.9075
#         658       0.01378     12.04      2.00     5   5.9097
#         659       0.01623     16.43      2.00     6   5.9092
#         660       0.01189     12.90      1.00     6   5.9097
#         661       0.01642     29.21      2.00     6   5.9100
#         662       0.01244     14.60      1.00     6   5.9100
#         663       0.01017     19.10      1.00     6   5.9122
#         665       0.01718      7.89      2.00     5   5.9135
#         666       0.00907      7.81      2.00     4   5.9138
#         668       0.02543      9.12      2.00     5   5.9162
#         669       0.01809      9.11      2.00     5   5.9210
#         670       0.01375      4.67      2.00     5   5.9256
#         672       0.02557     16.14      2.00     5   5.9291
#         673       0.01833      5.53      2.00     6   5.9303
#         675       0.01656      6.34      2.00     6   5.9320
#         676       0.01957     13.34      2.00     7   5.9321
#         677       0.01179     11.21      2.00     5   5.9345
#         678       0.02413      5.00      2.00     5   5.9350
#         679       0.01826      4.26      2.00     5   5.9352
#         680       0.01076      8.77      2.00     5   5.9363
#         681       0.01068     20.06      2.00     5   5.9366
#         682       0.02204      5.65      2.00     5   5.9364
#         683       0.01342      4.69      2.00     5   5.9385
#         686       0.02297      4.14      2.00     5   5.9440
#         687       0.02406     14.56      2.00     5   5.9445
#         688       0.01500      6.03      2.00     5   5.9457
#         689       0.01089      6.54      2.00     5   5.9482
#         690       0.01931      4.66      2.00     5   5.9518
#         691       0.02224      5.43      2.00     5   5.9513
#         692       0.01850      5.23      2.00     7   5.9514
#         693       0.01077      8.64      2.00     5   5.9525
#         694       0.01935     57.33      2.00     7   5.9535
#         695       0.01709      5.89      2.00     5   5.9544
#         697       0.01965     35.93      2.00     6   5.9576
#         698       0.01716      5.50      2.00     5   5.9598
#         700       0.01081      5.68      2.00     5   5.9648
#         701       0.01363      4.51      2.00     5   5.9660
#         702       0.01494      5.21      2.00     5   5.9689
#         703       0.00977      6.05      2.00     4   5.9709
#         704       0.01526      5.78      2.00     5   5.9721
#         706       0.08612      5.19      2.00     6   5.9748
#         707       0.03183      5.14      2.00     6   5.9755
#         709       0.02202      5.15      2.00     5   5.9793
#         710       0.01365      9.83      2.00     6   5.9793
#         712       0.01959      4.51      2.00     5   5.9813
#         714       0.01779      9.21      2.00     6   5.9865
#         717       0.01946      5.86      2.00     6   5.9885
#         718       0.01012      4.76      2.00     5   5.9896
#         719       0.01026      9.16      2.00     5   5.9945
#         721       0.01393      9.39      2.00     6   5.9948
#         722       0.01009     13.33      2.00     5   5.9967
#         723       0.01562      9.62      2.00     5   5.9998
#         726       0.00969     11.40      2.00     5   6.0039
#         727       0.02697      4.79      1.00     6   6.0075
#         728       0.02146     10.34      2.00     6   6.0089
#         729       0.02678      8.86      2.00     6   6.0095
#         730       0.01751      7.08      2.00     5   6.0106
#         731       0.00863      8.93      1.00     6   6.0103
#         733       0.02638     21.12      1.00     6   6.0116
#         734       0.01024      5.67      2.00     5   6.0132
#         735       0.00867      8.76      1.00     6   6.0127
#         736       0.00977      9.78      2.00     5   6.0140
#         738       0.00874      8.73      1.00     6   6.0140
#         742       0.01899      5.19      2.00     5   6.0206
#         745       0.01739      6.90      2.00     5   6.0228
#         748       0.01637     10.10      2.00     6   6.0293
#         749       0.01029      5.94      2.00     5   6.0322
#         750       0.01079      6.72      2.00     5   6.0322
#         751       0.01675      5.99      2.00     5   6.0335
#         752       0.02801      7.46      2.00     6   6.0332
#         753       0.01074     18.91      2.00     5   6.0337
#         754       0.02185      5.44      2.00     5   6.0375
#         757       0.00893      8.64      1.00     6   6.0396
#         758       0.00941      8.39      2.00     4   6.0436
#         759       0.01072     18.87      2.00     6   6.0509
#         760       0.01317     15.54      2.00     6   6.0532
#         761       0.01052     14.46      2.00     6   6.0549
#         762       0.01066     13.97      2.00     5   6.0564
#         763       0.00677     15.16      1.00     4   6.0594
#         764       0.03013      7.47      1.00     6   6.0600
#         765       0.02012      8.38      2.00     6   6.0616
#         766       0.02641      9.80      2.00     6   6.0623
#         767       0.01129     10.48      2.00     6   6.0641
#         768       0.02522     16.90      1.00     6   6.0645
#         769       0.01004     14.83      2.00     6   6.0652
#         770       0.01045     15.48      2.00     6   6.0651
#         772       0.01098     38.06      2.00     6   6.0666
#         773       0.01905     19.27      2.00     6   6.0679
#         776       0.02270      7.09      2.00     6   6.0682
#         777       0.02294      8.19      2.00     6   6.0682
#         779       0.01185      6.47      2.00     6   6.0698
#         780       0.01113     10.66      2.00     6   6.0701
#         781       0.01060     15.26      2.00     6   6.0702
#         783       0.01211      5.37      2.00     5   6.0717
#         784       0.01118      9.45      2.00     6   6.0720
#         785       0.01202     31.58      2.00     6   6.0723
#         786       0.02273      7.99      2.00     6   6.0743
#         788       0.01040      4.85      2.00     5   6.0801
#         789       0.01790      6.51      2.00     6   6.0804
#         791       0.01950      7.46      2.00     6   6.0804
#         792       0.02016      4.55      2.00     5   6.0810
#         793       0.01096     12.30      2.00     6   6.0812
#         794       0.00997     12.69      2.00     5   6.0818
#         796       0.01093     12.27      2.00     6   6.0833
#         797       0.06474     13.96      2.00     7   6.0840
#         799       0.03729     13.97      2.00     7   6.0862
#         801       0.07810      7.32      2.00     6   6.0886
#         802       0.05028     14.48      2.00     6   6.0893
#         804       0.01733      4.30      2.00     5   6.0902
#         805       0.01628      6.22      2.00     6   6.0902
#         806       0.01862      4.42      2.00     6   6.0898
#         807       0.01589      4.20      2.00     6   6.0900
#         808       0.01737      6.95      2.00     6   6.0898
#         809       0.01730     10.77      2.00     6   6.0901
#         810       0.01042     12.62      2.00     6   6.0897
#         812       0.01186     15.74      2.00     6   6.0897
#         813       0.02227      7.35      2.00     6   6.0913
#         815       0.01524      4.08      2.00     6   6.0923
#         816       0.01003      5.58      2.00     5   6.0926
#         817       0.01731      5.37      2.00     5   6.0941
#         820       0.01366      8.69      2.00     5   6.0947
#         822       0.01708      9.83      2.00     6   6.0955
#         823       0.01737     12.56      2.00     6   6.0955
#         825       0.00978     10.62      2.00     6   6.0957
#         827       0.01009     10.48      2.00     6   6.0957
#         828       0.00994      4.64      2.00     6   6.0959
#         830       0.01710      4.27      2.00     5   6.0980
#         831       0.01698      4.55      2.00     6   6.0977
#         833       0.01799      8.36      2.00     6   6.0977
#         834       0.01769      4.06      2.00     7   6.0988
#         835       0.01078     14.90      2.00     6   6.1005
#         836       0.01836     28.23      2.00     7   6.1010
#         837       0.01702      8.65      2.00     6   6.1039
#         838       0.01055     13.94      2.00     6   6.1051
#         841       0.01766      4.42      2.00     7   6.1068
#         843       0.00841      5.28      2.00     5   6.1086
#         844       0.00838      5.42      2.00     5   6.1086
#         845       0.01048     14.24      2.00     5   6.1084
#         846       0.01142     13.55      2.00     6   6.1089
#         847       0.01787     20.82      2.00     7   6.1087
#         848       0.01139     13.35      2.00     6   6.1098
#         853       0.00647     14.58      2.00     5   6.1121
#         855       0.00646     14.44      2.00     5   6.1129
#         856       0.01609      4.46      2.00     5   6.1128
#         857       0.01032     28.18      2.00     6   6.1148
#         858       0.01003     22.84      2.00     6   6.1148
#         859       0.01021     13.95      2.00     6   6.1159
#         860       0.01021     14.24      2.00     6   6.1162
#         861       0.01032     12.53      2.00     6   6.1162
#         862       0.01020     12.53      2.00     6   6.1159
#         863       0.01093     18.25      2.00     6   6.1186
#         864       0.01388     16.39      2.00     6   6.1205
#         867       0.01824      5.07      2.00     7   6.1226
#         869       0.00855      5.23      2.00     5   6.1237
#         870       0.00841      5.35      2.00     5   6.1237
#         871       0.01064      5.38      2.00     6   6.1241
#         872       0.01229     12.97      2.00     6   6.1246
#         873       0.01061     13.35      2.00     6   6.1246
#         874       0.01827      8.19      2.00     6   6.1262
#         876       0.00635     13.33      2.00     5   6.1274
#         878       0.01016      8.61      2.00     6   6.1285
#         879       0.01049      8.90      2.00     6   6.1285
#         880       0.00999      8.26      2.00     6   6.1302
#         881       0.01016     12.67      2.00     6   6.1302
#         882       0.00999     19.42      2.00     6   6.1324
#         883       0.01025     24.30      2.00     6   6.1324
#         884       0.00947     11.01      2.00     3   6.1355
#         886       0.00895      6.98      2.00     5   6.1378
#         889       0.01490     12.14      2.00     6   6.1408
#         890       0.01395      9.68      2.00     7   6.1409
#         891       0.00916     10.21      2.00     3   6.1414
#         893       0.01646     16.33      2.00     7   6.1416
#         896       0.01750      8.14      2.00     7   6.1435
#         897       0.01510      8.65      2.00     6   6.1454
#         898       0.01206     14.32      2.00     6   6.1459
#         899       0.01486     11.12      2.00     6   6.1457
#         900       0.02057      4.02      2.00     5   6.1473
#         901       0.00977     10.57      2.00     6   6.1515
#         902       0.01012      8.52      2.00     6   6.1515
#         907       0.02028     12.76      2.00     6   6.1576
#         908       0.01842      6.12      2.00     5   6.1593
#         909       0.00808      4.05      1.00     4   6.1599
#         912       0.00775      4.04      1.00     4   6.1641
#         915       0.01791      8.86      2.00     6   6.1669
#         916       0.01908      7.01      2.00     6   6.1675
#         918       0.01785     11.11      2.00     6   6.1686
#         919       0.04718     16.81      2.00     6   6.1686
#         924       0.01297      4.02      2.00     6   6.1701
#         925       0.07779      6.30      2.00     6   6.1701
#         926       0.01168      4.84      2.00     5   6.1710
#         927       0.00835      5.78      2.00     5   6.1707
#         929       0.02463      4.67      2.00     6   6.1728
#         930       0.02578      6.30      2.00     6   6.1730
#         934       0.00975      8.58      2.00     5   6.1742
#         935       0.01879     10.04      2.00     6   6.1742
#         936       0.01816     11.92      2.00     6   6.1742
#         938       0.02621      4.32      2.00     5   6.1815
#         939       0.04932     10.38      2.00     6   6.1817
#         940       0.01977      8.08      2.00     6   6.1821
#         941       0.01949     12.24      2.00     6   6.1825
#         942       0.02220      5.52      2.00     6   6.1825
#         946       0.01525      5.04      2.00     6   6.1847
#         947       0.01968      5.20      2.00     5   6.1850
#         949       0.01411      9.25      2.00     7   6.1940
#         952       0.01445     62.39      2.00     5   6.1951
#         953       0.01738     10.83      2.00     6   6.1952
#         957       0.04312     16.53      2.00     6   6.1960
#         958       0.01813      8.50      2.00     6   6.1963
#         959       0.01911      6.79      2.00     6   6.1971
#         961       0.01695      7.96      2.00     7   6.1969
#         962       0.00847      4.04      1.00     4   6.1993
#         963       0.01188      4.96      2.00     5   6.1995
#         965       0.00806      4.03      1.00     4   6.2014
#         967       0.01848      4.55      2.00     6   6.2013
#         968       0.01886      9.73      2.00     6   6.2024
#         970       0.01796     11.38      2.00     6   6.2024
#         972       0.01010     11.90      2.00     4   6.2033
#         973       0.02008      4.23      2.00     5   6.2045
#         975       0.02001      7.85      2.00     6   6.2098
#         976       0.01971      5.68      2.00     6   6.2095
#         977       0.01898      7.23      2.00     6   6.2093
#         978       0.02777      6.31      2.00     6   6.2114
#         981       0.00591     16.47      1.00     4   6.2151
#         982       0.00982     10.21      2.00     5   6.2147
#         985       0.01354     10.30      2.00     6   6.2172
#         986       0.01129      9.48      2.00     6   6.2173
#         987       0.01013     27.83      2.00     6   6.2194
#         988       0.02142      7.98      2.00     6   6.2214
#         989       0.02741      7.69      2.00     5   6.2224
#         990       0.00924      7.40      2.00     4   6.2237
#         991       0.01783      5.46      2.00     5   6.2248
#         992       0.03119      6.57      2.00     6   6.2254
#         996       0.05038      5.42      2.00     7   6.2315
#         998       0.01059     14.45      1.00     6   6.2324
#         999       0.03639      5.27      2.00     7   6.2337
#        1000       0.01186      4.59      2.00     5   6.2342
#        1001       0.00990     10.54      2.00     4   6.2363
#        1003       0.01320      6.54      2.00     5   6.2394
#        1004       0.01565      4.15      2.00     4   6.2402
#        1005       0.00792      4.00      1.00     4   6.2407
#        1006       0.01622     11.24      2.00     6   6.2409
#        1008       0.01848      5.73      2.00     6   6.2422
#        1009       0.02100      9.35      2.00     6   6.2422
#        1010       0.02625      6.04      2.00     6   6.2445
#        1011       0.01304      4.24      2.00     5   6.2448
#        1015       0.01630     81.05      2.00     5   6.2481
#        1019       0.01566      7.39      2.00     5   6.2573
#        1021       0.01047      4.71      2.00     6   6.2606
#        1023       0.01021      6.36      2.00     6   6.2613
#        1024       0.01214      5.19      2.00     5   6.2628
#        1025       0.01677      4.51      2.00     6   6.2632
#        1026       0.01255     16.13      1.00     6   6.2637
#        1028       0.01017      7.48      2.00     6   6.2661
#        1029       0.02778      7.13      2.00     6   6.2668
#        1031       0.01641      8.10      2.00     6   6.2705
#        1032       0.02241     12.19      2.00     6   6.2703
#        1033       0.02471      4.44      2.00     6   6.2712
#        1036       0.02372      6.24      2.00     6   6.2735
#        1037       0.01855      7.78      2.00     6   6.2737
#        1038       0.02546      7.16      2.00     6   6.2738
#        1039       0.02384      4.62      2.00     6   6.2736
#        1041       0.00954     11.15      2.00     6   6.2759
#        1043       0.01686      5.91      2.00     6   6.2771
#        1044       0.01713      4.11      2.00     6   6.2771
#        1045       0.01675      4.09      2.00     6   6.2772
#        1046       0.02133      7.31      2.00     6   6.2773
#        1047       0.01058     18.32      1.00     6   6.2775
#        1049       0.02466      7.01      2.00     6   6.2786
#        1050       0.01629      4.95      2.00     6   6.2796
#        1051       0.01950     14.22      2.00     6   6.2794
#        1052       0.01646    109.10      1.00     6   6.2810
#        1053       0.01070      4.70      1.00     6   6.2815
#        1054       0.01553     14.92      2.00     6   6.2823
#        1055       0.00945      7.10      2.00     4   6.2831
#        1062       0.01823      4.24      2.00     6   6.2869
#        1065       0.01392      4.89      2.00     4   6.2920
#        1066       0.01477      4.11      2.00     5   6.2922
#        1067       0.01477      4.01      2.00     5   6.2919
#        1068       0.01734      5.65      2.00     6   6.2925
#        1069       0.01636      5.83      2.00     6   6.2925
#        1070       0.00981     14.91      2.00     6   6.2925
#        1071       0.01637      4.56      2.00     6   6.2930
#        1072       0.01020      5.49      2.00     6   6.2934
#        1073       0.00903     15.90      2.00     5   6.2937
#        1074       0.07196      6.78      2.00     7   6.2946
#        1075       0.03560      6.38      2.00     7   6.2952
#        1077       0.06449     13.17      2.00     7   6.2966
#        1078       0.00952     18.00      2.00     6   6.2977
#        1080       0.03119     15.18      2.00     7   6.2973
#        1081       0.03512      5.34      2.00     7   6.2972
#        1082       0.01641      9.02      2.00     6   6.2990
#        1083       0.03537     12.84      2.00     7   6.2992
#        1085       0.02255      6.76      2.00     6   6.2997
#        1086       0.01027      4.94      2.00     6   6.3002
#        1087       0.05059      9.72      2.00     7   6.3001
#        1088       0.02524      6.71      2.00     6   6.3016
#        1089       0.01965      4.79      2.00     7   6.3014
#        1090       0.00962      4.98      2.00     6   6.3021
#        1091       0.02453     10.50      2.00     7   6.3020
#        1092       0.01857     15.19      2.00     7   6.3020
#        1093       0.02996     18.76      2.00     7   6.3020
#        1095       0.01837      8.65      2.00     6   6.3044
#        1097       0.01860      6.34      2.00     7   6.3043
#        1098       0.02674      7.91      2.00     7   6.3050
#        1100       0.01721      6.42      2.00     6   6.3053
#        1102       0.01046      9.59      2.00     6   6.3061
#        1103       0.01090     10.00      2.00     6   6.3061
#        1105       0.01852     14.29      2.00     6   6.3072
#        1106       0.01018     25.65      2.00     6   6.3076
#        1109       0.02609      9.22      2.00     5   6.3097
#        1110       0.01668      4.12      2.00     6   6.3099
#        1111       0.01522      8.78      2.00     6   6.3098
#        1112       0.00903      7.08      2.00     5   6.3102
#        1113       0.00957      5.18      2.00     6   6.3125
#        1116       0.02284      7.97      2.00     5   6.3154
#        1118       0.00968     15.00      2.00     5   6.3161
#        1119       0.01054     18.25      2.00     7   6.3169
#        1120       0.01305     34.15      2.00     7   6.3175
#        1122       0.05093     24.84      2.00     7   6.3174
#        1123       0.01538     33.62      2.00     7   6.3175
#        1124       0.01884     10.96      2.00     6   6.3182
#        1125       0.02489     10.08      2.00     7   6.3182
#        1126       0.02229     14.05      2.00     7   6.3182
#        1127       0.01961     23.07      2.00     7   6.3182
#        1128       0.01655      6.79      2.00     7   6.3179
#        1129       0.01644      8.62      2.00     6   6.3185
#        1130       0.02370      5.90      2.00     6   6.3186
#        1131       0.01042     22.90      2.00     7   6.3198
#        1132       0.01653      4.34      2.00     5   6.3203
#        1133       0.01868      7.10      2.00     6   6.3207
#        1134       0.01549      7.90      2.00     7   6.3204
#        1136       0.01676      7.70      2.00     5   6.3215
#        1137       0.01678      4.24      2.00     6   6.3225
#        1138       0.01678      4.78      2.00     6   6.3232
#        1139       0.01000     17.85      2.00     6   6.3256
#        1140       0.02328      8.25      2.00     5   6.3307
#        1141       0.01516     71.25      1.00     6   6.3308
#        1143       0.01253      8.14      2.00     5   6.3317
#        1146       0.02747      9.09      2.00     5   6.3328
#        1148       0.02085      7.83      2.00     6   6.3353
#        1149       0.01657      4.30      2.00     5   6.3366
#        1151       0.01539      4.38      2.00     5   6.3380
#        1152       0.01673      7.84      2.00     5   6.3380
#        1153       0.01416      6.90      2.00     7   6.3390
#        1154       0.01036     24.68      2.00     7   6.3391
#        1155       0.01082     24.31      2.00     7   6.3390
#        1156       0.01784      9.77      2.00     7   6.3398
#        1157       0.01443      7.39      2.00     7   6.3398
#        1158       0.01029     52.43      2.00     7   6.3405
#        1160       0.02035      5.42      2.00     6   6.3437
#        1161       0.01237      7.92      2.00     5   6.3442
#        1166       0.01200      5.49      2.00     4   6.3491
#        1169       0.02272      4.87      2.00     6   6.3526
#        1170       0.01410      4.79      1.00     6   6.3526
#        1171       0.01573     12.25      2.00     7   6.3522
#        1172       0.01153     23.19      2.00     7   6.3527
#        1173       0.01668     26.43      2.00     7   6.3529
#        1174       0.01361     27.11      2.00     7   6.3529
#        1175       0.01138     14.85      2.00     7   6.3530
#        1176       0.01540      4.35      2.00     5   6.3544
#        1178       0.01036     44.87      2.00     7   6.3551
#        1179       0.00744     25.61      2.00     5   6.3552
#        1181       0.02900      4.66      2.00     6   6.3581
#        1182       0.00953     12.34      2.00     5   6.3594
#        1183       0.02178      7.91      2.00     6   6.3641
#        1185       0.04417     10.80      2.00     6   6.3641
#        1186       0.02132      4.04      2.00     6   6.3649
#        1187       0.01612      4.12      2.00     6   6.3656
#        1189       0.01013      4.80      2.00     6   6.3680
#        1190       0.01538     11.28      2.00     6   6.3680
#        1191       0.01518      4.14      2.00     5   6.3717
#        1192       0.01736      5.99      2.00     7   6.3734
#        1194       0.01432      5.47      1.00     6   6.3737
#        1195       0.01063     17.45      2.00     7   6.3748
#        1196       0.00926     11.09      2.00     5   6.3752
#        1197       0.01283     31.11      2.00     7   6.3755
#        1199       0.08264      7.81      2.00     7   6.3754
#        1200       0.01563     27.82      2.00     7   6.3755
#        1201       0.01889      7.36      2.00     5   6.3758
#        1202       0.04018      7.49      2.00     7   6.3760
#        1203       0.01053     21.66      2.00     7   6.3774
#        1204       0.06464     11.38      2.00     7   6.3777
#        1207       0.03549      4.54      2.00     7   6.3783
#        1208       0.01183     11.93      1.00     6   6.3796
#        1209       0.01984      7.06      2.00     6   6.3793
#        1212       0.03480     11.07      2.00     7   6.3806
#        1213       0.01802      5.63      2.00     6   6.3811
#        1216       0.02028     12.70      2.00     6   6.3834
#        1218       0.00745      4.65      2.00     4   6.3894
#        1221       0.02099      7.18      2.00     6   6.3926
#        1224       0.04133     10.56      2.00     6   6.3934
#        1226       0.01784      4.96      2.00     6   6.3970
#        1227       0.02169     23.74      2.00     7   6.3971
#        1228       0.04650     30.46      2.00     7   6.3971
#        1229       0.01689      7.24      2.00     7   6.3971
#        1230       0.03329      6.66      2.00     6   6.3976
#        1231       0.02198     12.96      2.00     7   6.3979
#        1232       0.01627      8.00      2.00     7   6.3986
#        1235       0.01820      4.02      2.00     5   6.4058
#        1238       0.01814      4.30      2.00     6   6.4120
#        1239       0.01563      6.14      2.00     6   6.4119
#        1240       0.02712      7.60      2.00     7   6.4128
#        1242       0.01024      5.48      2.00     6   6.4177
#        1243       0.01536     11.96      2.00     6   6.4177
#        1244       0.00673      7.18      2.00     4   6.4211
#        1246       0.00820     12.83      2.00     5   6.4224
#        1248       0.01620      4.44      2.00     6   6.4246
#        1249       0.02396      8.25      1.00     6   6.4255
#        1250       0.02145     12.61      2.00     7   6.4255
#        1251       0.02090     23.07      2.00     7   6.4256
#        1252       0.01762      7.05      2.00     7   6.4256
#        1253       0.04354     29.91      2.00     7   6.4264
#        1254       0.01646      7.79      2.00     7   6.4271
#        1256       0.00716      7.22      2.00     4   6.4310
#        1257       0.02334     18.78      2.00     6   6.4317
#        1261       0.02420      5.51      2.00     7   6.4402
#        1262       0.02985      5.48      2.00     6   6.4424
#        1263       0.03471     24.88      2.00     7   6.4420
#        1264       0.02132      7.82      2.00     6   6.4426
#        1265       0.01062      8.69      2.00     5   6.4449
#        1267       0.01168      4.84      2.00     4   6.4482
#        1268       0.01809      5.42      2.00     6   6.4488
#        1270       0.02139     12.68      2.00     6   6.4507
#        1273       0.00975      9.73      2.00     6   6.4570
#        1276       0.00707     29.25      2.00     5   6.4589
#        1278       0.02984      7.48      2.00     5   6.4629
#        1280       0.01726      4.18      2.00     5   6.4650
#        1281       0.01622      4.71      2.00     6   6.4655
#        1282       0.01414      4.19      2.00     5   6.4677
#        1283       0.01419      4.41      2.00     5   6.4677
#        1284       0.00810     16.20      2.00     6   6.4701
#        1286       0.02068      6.74      2.00     6   6.4759
#        1287       0.02883      5.15      2.00     5   6.4769
#        1289       0.01553      7.00      2.00     7   6.4776
#        1290       0.01595      4.70      2.00     7   6.4783
#        1292       0.02830     11.50      2.00     6   6.4791
#        1293       0.01969      5.89      2.00     6   6.4808
#        1294       0.01592      4.88      2.00     7   6.4805
#        1295       0.02231     17.52      2.00     6   6.4814
#        1298       0.02028      5.11      1.00     6   6.4824
#        1301       0.00739      7.39      2.00     4   6.4852
#        1303       0.01787      8.18      2.00     5   6.4862
#        1305       0.02276      6.57      1.00     6   6.4871
#        1307       0.01651     12.61      2.00     6   6.4874
#        1308       0.01752      5.47      2.00     6   6.4880
#        1309       0.00993     10.70      2.00     6   6.4886
#        1311       0.01903      4.41      2.00     6   6.4894
#        1312       0.02260      6.07      1.00     6   6.4889
#        1313       0.02104      7.47      2.00     6   6.4896
#        1314       0.03814     12.13      2.00     6   6.4899
#        1317       0.01695      5.90      2.00     5   6.4909
#        1318       0.01694      5.72      2.00     5   6.4909
#        1319       0.00796     57.78      2.00     6   6.4910
#        1321       0.02866     11.45      2.00     6   6.4917
#        1322       0.00715     77.18      2.00     6   6.4919
#        1323       0.01746      9.22      2.00     5   6.4925
#        1325       0.01232      5.33      2.00     5   6.4927
#        1326       0.01646      5.77      2.00     6   6.4930
#        1328       0.02185      6.77      2.00     6   6.4934
#        1330       0.01643      5.59      2.00     6   6.4939
#        1331       0.01867      6.95      2.00     6   6.4938
#        1332       0.01763      5.83      2.00     6   6.4938
#        1333       0.01661      5.60      2.00     6   6.4938
#        1335       0.01712      4.65      2.00     6   6.4941
#        1337       0.02676     10.67      2.00     6   6.4944
#        1338       0.02745      6.57      2.00     6   6.4951
#        1339       0.01708      4.62      2.00     6   6.4953
#        1340       0.02635     10.04      2.00     6   6.4950
#        1343       0.01963      5.27      2.00     7   6.4970
#        1349       0.02398      5.84      2.00     7   6.4983
#        1350       0.02008     16.61      2.00     7   6.4983
#        1351       0.02193      8.72      2.00     7   6.4983
#        1352       0.01779      9.05      1.00     6   6.4988
#        1353       0.02234     35.27      2.00     7   6.4989
#        1354       0.02034     10.02      2.00     7   6.4989
#        1355       0.02310     14.49      2.00     7   6.4989
#        1357       0.01672      6.56      2.00     6   6.5002
#        1358       0.01644      6.41      2.00     6   6.5000
#        1359       0.01964      9.07      2.00     7   6.5006
#        1361       0.01879      5.51      1.00     6   6.5011
#        1362       0.01671      5.16      2.00     6   6.5014
#        1363       0.02438      9.19      2.00     7   6.5012
#        1364       0.02125      9.64      2.00     7   6.5012
#        1365       0.02111     14.83      2.00     7   6.5012
#        1366       0.01854      5.78      1.00     6   6.5016
#        1368       0.00645      5.25      2.00     4   6.5029
#        1369       0.01988      4.85      2.00     6   6.5032
#        1370       0.02124     31.40      2.00     7   6.5035
#        1371       0.01764      4.30      2.00     6   6.5039
#        1372       0.02288      8.11      2.00     7   6.5037
#        1373       0.04422      7.61      2.00     7   6.5060
#        1374       0.01162      8.32      2.00     5   6.5065
#        1375       0.01480      6.16      2.00     6   6.5075
#        1376       0.01746      4.52      2.00     6   6.5076
#        1378       0.02431      7.86      2.00     7   6.5082
#        1379       0.03166     16.30      2.00     7   6.5082
#        1380       0.01823      9.92      2.00     7   6.5081
#        1383       0.01743      4.40      2.00     6   6.5085
#        1384       0.02025      5.74      2.00     7   6.5101
#        1385       0.01469      6.21      2.00     6   6.5107
#        1386       0.00959     25.84      2.00     6   6.5109
#        1389       0.01895      5.28      2.00     5   6.5117
#        1390       0.01466      6.01      2.00     6   6.5116
#        1392       0.01352      7.71      2.00     7   6.5123
#        1393       0.01173      6.74      2.00     7   6.5128
#        1394       0.01704      5.99      2.00     7   6.5124
#        1396       0.01141      9.14      2.00     7   6.5130
#        1397       0.01190      9.90      2.00     7   6.5131
#        1398       0.01589      5.36      2.00     6   6.5146
#        1399       0.03387     11.03      2.00     5   6.5152
#        1400       0.01598      6.79      2.00     6   6.5151
#        1401       0.01598      6.74      2.00     6   6.5150
#        1402       0.01605      5.45      2.00     6   6.5149
#        1403       0.01004     34.39      2.00     7   6.5153
#        1406       0.02844      6.22      2.00     6   6.5167
#        1408       0.01076      8.36      2.00     5   6.5171
#        1409       0.01607      6.26      2.00     6   6.5180
#        1410       0.01586      6.11      2.00     6   6.5177
#        1411       0.01160      7.70      2.00     5   6.5195
#        1413       0.01225     10.37      2.00     5   6.5227
#        1414       0.01416      8.40      2.00     7   6.5230
#        1415       0.01122     15.65      2.00     7   6.5239
#        1417       0.01077      4.75      2.00     5   6.5252
#        1418       0.01006     10.55      2.00     7   6.5262
#        1419       0.02299      8.30      2.00     7   6.5257
#        1420       0.01235      7.96      2.00     5   6.5269
#        1421       0.02067      4.76      2.00     7   6.5272
#        1422       0.02069      5.53      2.00     5   6.5279
#        1423       0.01065     10.15      2.00     7   6.5279
#        1425       0.01969     18.57      2.00     7   6.5286
#        1427       0.02295     35.15      2.00     7   6.5294
#        1428       0.01999      7.96      2.00     7   6.5292
#        1429       0.02148      8.21      2.00     7   6.5291
#        1431       0.02038      8.56      2.00     7   6.5305
#        1432       0.02338      7.43      2.00     7   6.5311
#        1433       0.02150      7.93      2.00     7   6.5311
#        1434       0.02265     16.02      2.00     7   6.5313
#        1435       0.01724      4.31      2.00     6   6.5331
#        1436       0.02207     35.04      2.00     7   6.5331
#        1437       0.01310      5.08      2.00     7   6.5331
#        1439       0.01053      6.86      2.00     7   6.5358
#        1441       0.01148     16.53      2.00     7   6.5365
#        1444       0.02576      7.68      2.00     7   6.5379
#        1446       0.03598      6.10      2.00     6   6.5385
#        1447       0.01008     10.42      2.00     7   6.5384
#        1448       0.01698      4.59      2.00     7   6.5384
#        1450       0.01797      4.02      2.00     7   6.5406
#        1452       0.01687      4.99      2.00     6   6.5417
#        1455       0.01122     12.21      2.00     7   6.5434
#        1456       0.02273      5.76      2.00     6   6.5446
#        1457       0.01967     12.70      2.00     6   6.5447
#        1458       0.02063      6.86      2.00     6   6.5461
#        1460       0.01355      4.22      2.00     7   6.5498
#        1461       0.01082     12.24      2.00     7   6.5499
#        1462       0.01131     12.53      2.00     7   6.5499
#        1463       0.02465      4.40      2.00     6   6.5504
#        1464       0.01848      4.25      2.00     6   6.5505
#        1467       0.01004     39.86      2.00     7   6.5514
#        1472       0.01753      5.90      2.00     6   6.5540
#        1476       0.01235      9.02      2.00     5   6.5570
#        1477       0.01667      4.08      2.00     6   6.5571
#        1479       0.02001      5.28      1.00     6   6.5578
#        1482       0.01676      5.49      2.00     6   6.5600
#        1485       0.02270      5.66      2.00     6   6.5609
#        1486       0.02112     12.77      2.00     6   6.5609
#        1487       0.02537      5.08      2.00     7   6.5610
#        1488       0.00871     10.46      2.00     5   6.5624
#        1489       0.01795      7.15      1.00     6   6.5622
#        1490       0.02094      6.81      2.00     6   6.5624
#        1491       0.01246     11.78      2.00     7   6.5628
#        1492       0.03581     23.72      2.00     7   6.5632
#        1493       0.01274     11.92      2.00     7   6.5638
#        1494       0.01529      5.94      2.00     7   6.5636
#        1499       0.01107      6.85      2.00     7   6.5670
#        1500       0.01104     10.49      2.00     7   6.5676
#        1501       0.00902     10.23      2.00     3   6.5679
#        1504       0.01014      7.85      2.00     7   6.5687
#        1505       0.00992      4.73      2.00     7   6.5684
#        1506       0.01003      6.05      2.00     7   6.5694
#        1507       0.01578      4.30      2.00     6   6.5701
#        1509       0.01088      8.22      2.00     7   6.5715
#        1511       0.02060      9.51      2.00     5   6.5732
#        1512       0.02754      5.76      2.00     6   6.5729
#        1514       0.01061      7.81      2.00     7   6.5732
#        1515       0.02191      5.85      2.00     6   6.5733
#        1516       0.01579      5.46      2.00     6   6.5736
#        1517       0.01573      5.38      2.00     6   6.5736
#        1518       0.01588      4.98      2.00     6   6.5745
#        1519       0.01052     19.73      2.00     7   6.5754
#        1520       0.01225      6.09      2.00     5   6.5770
#        1521       0.01110      7.64      2.00     6   6.5768
#        1524       0.03006     12.35      2.00     6   6.5787
#        1525       0.00642      6.00      2.00     4   6.5804
#        1526       0.01796      6.19      2.00     6   6.5809
#        1529       0.03205      9.85      2.00     6   6.5825
#        1532       0.00832      4.55      2.00     3   6.5845
#        1535       0.05211     11.48      2.00     7   6.5866
#        1536       0.05265     11.84      2.00     7   6.5867
#        1537       0.03342     11.57      2.00     7   6.5872
#        1538       0.03112     11.90      2.00     7   6.5874
#        1539       0.00893     10.17      2.00     5   6.5890
#        1541       0.01017      7.54      2.00     6   6.5892
#        1542       0.04166     11.26      2.00     7   6.5897
#        1543       0.01332     25.19      2.00     6   6.5900
#        1544       0.00916     11.26      2.00     4   6.5904
#        1545       0.03501     10.79      2.00     7   6.5903
#        1546       0.01982      5.04      1.00     6   6.5917
#        1547       0.04429     11.52      2.00     7   6.5920
#        1549       0.03555     11.02      2.00     7   6.5928
#        1551       0.00879     28.50      2.00     6   6.5953
#        1554       0.02193      4.50      2.00     6   6.5982
#        1555       0.02234     11.51      2.00     6   6.5986
#        1557       0.02111      5.84      2.00     7   6.5983
#        1558       0.01066     22.27      2.00     7   6.5995
#        1561       0.02372      6.18      2.00     6   6.6007
#        1562       0.01080     10.92      2.00     7   6.6009
#        1563       0.01085     10.90      2.00     7   6.6006
#        1565       0.01498     18.40      2.00     6   6.6033
#        1566       0.01330      9.72      2.00     5   6.6036
#        1567       0.01694      5.15      2.00     6   6.6036
#        1570       0.03742      8.01      2.00     7   6.6079
#        1571       0.00692      6.22      2.00     4   6.6086
#        1573       0.01527      4.80      2.00     7   6.6094
#        1576       0.01524      6.96      2.00     7   6.6138
#        1579       0.03020      8.83      2.00     7   6.6151
#        1580       0.01264      4.96      2.00     5   6.6184
#        1581       0.01270      5.27      2.00     5   6.6184
#        1582       0.01246      9.20      2.00     5   6.6180
#        1583       0.01893      4.21      2.00     6   6.6188
#        1584       0.00735      4.66      2.00     5   6.6204
#        1585       0.00922     14.15      2.00     5   6.6209
#        1586       0.01699      5.92      2.00     6   6.6224
#        1587       0.00902     27.88      2.00     6   6.6219
#        1589       0.00709      4.64      2.00     5   6.6245
#        1590       0.02124      4.34      2.00     7   6.6252
#        1591       0.02127      4.53      2.00     7   6.6266
#        1592       0.02013      5.27      2.00     7   6.6274
#        1594       0.03302      9.71      2.00     7   6.6289
#        1596       0.02785      5.51      2.00     7   6.6293
#        1597       0.02450      5.20      2.00     7   6.6296
#        1598       0.01046     11.38      2.00     7   6.6306
#        1599       0.01688     18.36      2.00     7   6.6306
#        1600       0.01077      4.37      2.00     5   6.6309
#        1601       0.02502     10.14      2.00     6   6.6315
#        1602       0.01929      4.73      2.00     6   6.6329
#        1604       0.02120      5.18      2.00     6   6.6335
#        1605       0.02373      5.13      2.00     6   6.6335
#        1607       0.00723      4.91      2.00     5   6.6360
#        1608       0.01633      4.63      2.00     6   6.6360
#        1610       0.03204      5.83      2.00     6   6.6369
#        1611       0.01724      8.02      2.00     7   6.6372
#        1612       0.00721      4.90      2.00     5   6.6380
#        1613       0.01089     51.79      2.00     6   6.6381
#        1614       0.01674      4.69      2.00     7   6.6379
#        1617       0.00741      4.67      2.00     5   6.6410
#        1619       0.01301     19.55      2.00     6   6.6422
#        1621       0.02146     10.23      2.00     6   6.6449
#        1622       0.01574      4.12      2.00     6   6.6453
#        1624       0.01772      5.10      2.00     6   6.6471
#        1625       0.01560      6.15      2.00     6   6.6470
#        1628       0.01932     16.32      2.00     6   6.6492
#        1629       0.00747     10.11      1.00     6   6.6511
#        1630       0.01359      6.51      2.00     7   6.6533
#        1631       0.01785      6.30      2.00     7   6.6557
#        1634       0.00725      5.07      2.00     5   6.6587
#        1635       0.02027      5.91      2.00     7   6.6589
#        1636       0.01804      5.47      2.00     6   6.6607
#        1637       0.01564      6.24      2.00     6   6.6607
#        1638       0.01564      5.36      2.00     6   6.6616
#        1639       0.02478     11.99      2.00     6   6.6614
#        1640       0.01038      4.07      2.00     7   6.6636
#        1641       0.01861     10.06      2.00     7   6.6643
#        1642       0.01072      6.81      2.00     7   6.6643
#        1643       0.00757      5.04      2.00     5   6.6649
#        1644       0.00758      4.55      2.00     5   6.6663
#        1645       0.01193      7.74      2.00     5   6.6667
#        1646       0.01539      6.09      2.00     6   6.6676
#        1647       0.00730      4.76      2.00     5   6.6684
#        1648       0.02339      5.61      2.00     6   6.6687
#        1650       0.00667      7.17      2.00     5   6.6752
#        1653       0.03068      5.66      2.00     6   6.6774
#        1654       0.01560      5.15      2.00     7   6.6787
#        1655       0.01371      6.55      2.00     7   6.6800
#        1657       0.01999      5.61      2.00     6   6.6838
#        1660       0.02817      8.01      2.00     6   6.6843
#        1661       0.01848      8.22      2.00     5   6.6853
#        1662       0.02795      7.22      2.00     6   6.6852
#        1664       0.01791      5.12      2.00     6   6.6858
#        1667       0.03844      4.48      2.00     5   6.6870
#        1668       0.01790      4.96      2.00     6   6.6867
#        1669       0.00745      4.66      2.00     5   6.6874
#        1670       0.01865      5.90      2.00     7   6.6872
#        1671       0.00635      4.99      2.00     5   6.6877
#        1672       0.00671      5.39      2.00     5   6.6879
#        1673       0.01073     11.86      2.00     7   6.6882
#        1674       0.01755     19.08      2.00     7   6.6882
#        1675       0.02081     14.63      2.00     6   6.6903
#        1677       0.01764      4.19      2.00     6   6.6902
#        1678       0.01390      8.11      2.00     6   6.6908
#        1681       0.02018      7.01      2.00     6   6.6913
#        1682       0.01993      7.69      2.00     6   6.6916
#        1683       0.01925     16.35      2.00     6   6.6917
#        1685       0.02326      5.20      2.00     7   6.6921
#        1686       0.01025      4.94      2.00     6   6.6922
#        1687       0.01535      5.74      2.00     6   6.6928
#        1688       0.01534      5.86      2.00     6   6.6931
#        1689       0.02236      4.04      2.00     6   6.6928
#        1690       0.02154     21.76      2.00     7   6.6941
#        1691       0.01224     16.07      2.00     6   6.6950
#        1692       0.02141      8.68      2.00     6   6.6964
#        1693       0.01756     12.64      2.00     6   6.6963
#        1694       0.02158      5.45      2.00     7   6.6963
#        1696       0.02247      6.36      2.00     7   6.7021
#        1697       0.00704     12.13      1.00     6   6.7027
#        1698       0.00729      5.22      2.00     5   6.7045
#        1703       0.03439      5.32      2.00     7   6.7058
#        1704       0.01754      4.79      2.00     7   6.7057
#        1705       0.01967      4.46      2.00     6   6.7065
#        1707       0.02470      5.00      2.00     6   6.7068
#        1708       0.01250     12.92      2.00     6   6.7075
#        1709       0.02385      6.37      2.00     7   6.7076
#        1711       0.01714      4.07      2.00     6   6.7079
#        1712       0.01777      4.33      2.00     6   6.7079
#        1713       0.01532      6.01      2.00     6   6.7079
#        1714       0.01531      6.07      2.00     6   6.7079
#        1715       0.01878     13.20      2.00     6   6.7089
#        1716       0.01943     13.13      2.00     7   6.7095
#        1718       0.02140     18.66      2.00     7   6.7099
#        1719       0.02352      4.88      2.00     7   6.7101
#        1720       0.02956     18.28      2.00     7   6.7101
#        1721       0.02192     13.58      2.00     7   6.7101
#        1722       0.02871     10.96      2.00     7   6.7107
#        1724       0.02436      7.29      2.00     7   6.7114
#        1725       0.01562      4.03      2.00     7   6.7116
#        1726       0.02515      6.40      2.00     7   6.7124
#        1727       0.02122     13.16      2.00     7   6.7126
#        1729       0.01817      7.23      2.00     7   6.7141
#        1730       0.02087      4.37      2.00     7   6.7146
#        1731       0.01776      4.25      2.00     7   6.7143
#        1732       0.02035     16.46      2.00     7   6.7144
#        1734       0.02010      5.07      2.00     7   6.7152
#        1736       0.01911      4.94      2.00     7   6.7154
#        1738       0.02580      5.98      2.00     7   6.7160
#        1739       0.02440      7.41      2.00     7   6.7160
#        1740       0.01745      4.11      2.00     7   6.7160
#        1741       0.01905      9.96      2.00     7   6.7166
#        1742       0.02742      4.41      2.00     7   6.7162
#        1743       0.02177      5.64      2.00     7   6.7162
#        1744       0.02187      7.09      2.00     7   6.7162
#        1745       0.02151      5.45      2.00     6   6.7168
#        1746       0.02183      5.50      2.00     6   6.7168
#        1747       0.02489      6.68      2.00     7   6.7170
#        1748       0.02588      5.59      2.00     7   6.7175
#        1749       0.02023      7.86      2.00     7   6.7175
#        1750       0.03030      8.52      2.00     7   6.7173
#        1751       0.01667      7.24      2.00     7   6.7173
#        1752       0.02886     17.42      2.00     7   6.7172
#        1753       0.01800     14.26      2.00     6   6.7183
#        1754       0.02285     16.39      2.00     7   6.7179
#        1755       0.03670     24.33      2.00     7   6.7182
#        1756       0.01766      5.40      2.00     7   6.7183
#        1757       0.01742      6.87      2.00     7   6.7179
#        1758       0.02836     16.88      2.00     7   6.7182
#        1760       0.01702      7.04      2.00     7   6.7182
#        1761       0.01675      4.75      2.00     7   6.7185
#        1762       0.02024     13.76      2.00     7   6.7183
#        1763       0.01798     10.16      2.00     7   6.7187
#        1764       0.02992     16.12      2.00     7   6.7193
#        1765       0.01801      6.97      2.00     7   6.7189
#        1766       0.01794      9.84      2.00     7   6.7197
#        1767       0.00629      4.80      2.00     4   6.7203
#        1768       0.01734      6.40      2.00     7   6.7204
#        1769       0.04213      7.03      2.00     7   6.7207
#        1770       0.01543      6.15      2.00     6   6.7215
#        1771       0.01653     21.65      2.00     7   6.7212
#        1772       0.03293      9.94      2.00     7   6.7220
#        1773       0.01524      5.92      2.00     6   6.7224
#        1774       0.03187      6.83      2.00     7   6.7226
#        1775       0.01724      8.34      2.00     7   6.7223
#        1776       0.01722      4.24      2.00     7   6.7223
#        1778       0.02144     11.53      2.00     7   6.7231
#        1779       0.02136     11.47      2.00     7   6.7232
#        1783       0.01871      5.81      2.00     7   6.7245
#        1784       0.01767      5.59      2.00     7   6.7242
#        1785       0.01947      5.95      2.00     7   6.7245
#        1786       0.01752      8.91      2.00     7   6.7243
#        1787       0.02130     20.77      2.00     7   6.7243
#        1788       0.02745      4.35      2.00     7   6.7249
#        1789       0.01824     29.59      2.00     7   6.7246
#        1790       0.01689      9.07      2.00     7   6.7246
#        1791       0.02261     21.37      2.00     7   6.7245
#        1792       0.01817     13.22      2.00     7   6.7251
#        1793       0.01967      5.77      2.00     7   6.7251
#        1795       0.01546     10.38      2.00     7   6.7260
#        1796       0.02106     10.15      2.00     7   6.7258
#        1797       0.01266     13.87      2.00     5   6.7267
#        1798       0.00723      5.10      2.00     5   6.7277
#        1800       0.01747     11.06      2.00     6   6.7273
#        1802       0.01469      4.87      2.00     6   6.7285
#        1803       0.01469      5.00      2.00     6   6.7288
#        1804       0.03297      5.09      1.00     6   6.7319
#        1805       0.01043     13.67      2.00     5   6.7324
#        1806       0.01111     63.00      2.00     6   6.7328
#        1807       0.04363      6.58      2.00     7   6.7329
#        1811       0.01466      4.53      2.00     6   6.7337
#        1812       0.02588      5.98      2.00     6   6.7341
#        1813       0.03213      6.47      2.00     7   6.7348
#        1814       0.02198      9.55      1.00     6   6.7362
#        1816       0.01108     18.77      2.00     7   6.7367
#        1817       0.02345      4.27      2.00     7   6.7371
#        1818       0.01698      9.79      2.00     7   6.7377
#        1819       0.01522     45.66      2.00     7   6.7390
#        1820       0.02274      4.88      2.00     6   6.7392
#        1821       0.02072     17.75      2.00     6   6.7393
#        1822       0.01563      5.58      2.00     7   6.7404
#        1824       0.01905      5.84      2.00     6   6.7408
#        1825       0.01769     10.96      2.00     7   6.7409
#        1826       0.01705     10.89      2.00     7   6.7408
#        1828       0.03071     12.21      2.00     5   6.7482
#        1830       0.01683      4.29      2.00     7   6.7501
#        1831       0.01203      5.69      2.00     6   6.7527
#        1832       0.01906     12.07      2.00     7   6.7524
#        1833       0.02071      4.91      2.00     6   6.7556
#        1834       0.02277      4.88      2.00     6   6.7556
#        1835       0.02057      5.99      2.00     6   6.7569
#        1836       0.01195      4.09      2.00     5   6.7587
#        1837       0.01200      4.38      2.00     5   6.7587
#        1838       0.02361      5.62      2.00     6   6.7609
#        1841       0.01818      9.94      2.00     7   6.7612
#        1842       0.01867      9.14      2.00     7   6.7614
#        1844       0.01848      8.13      2.00     7   6.7637
#        1845       0.03090     12.14      2.00     5   6.7647
#        1847       0.01115    175.30      2.00     7   6.7658
#        1848       0.01560      4.77      2.00     7   6.7660
#        1849       0.03074      5.26      2.00     5   6.7662
#        1850       0.02375      6.97      2.00     7   6.7665
#        1851       0.01169      7.13      2.00     5   6.7678
#        1852       0.01396      6.28      2.00     6   6.7676
#        1854       0.02069      5.99      2.00     6   6.7732
#        1855       0.02486      6.34      2.00     7   6.7737
#        1856       0.01131    125.70      2.00     7   6.7738
#        1857       0.01738      6.78      2.00     7   6.7744
#        1858       0.01770     10.22      2.00     7   6.7746
#        1859       0.02960     17.15      2.00     7   6.7749
#        1860       0.01822      4.08      2.00     7   6.7750
#        1862       0.02354      6.80      2.00     7   6.7755
#        1863       0.01995      6.50      2.00     5   6.7767
#        1865       0.01602      4.15      2.00     7   6.7771
#        1866       0.01091      6.90      2.00     6   6.7777
#        1867       0.02969      7.56      2.00     6   6.7786
#        1868       0.02476      9.01      2.00     7   6.7788
#        1869       0.01938      9.49      2.00     7   6.7788
#        1870       0.02225     10.82      2.00     7   6.7785
#        1871       0.02456      4.83      2.00     7   6.7789
#        1872       0.00645      4.90      2.00     4   6.7800
#        1873       0.01739      7.47      2.00     7   6.7802
#        1874       0.02276      4.51      2.00     7   6.7805
#        1876       0.02311     17.90      2.00     7   6.7806
#        1877       0.02427      6.47      2.00     7   6.7809
#        1878       0.01983      5.75      2.00     7   6.7810
#        1879       0.03043      4.00      2.00     7   6.7823
#        1880       0.02011      8.89      2.00     7   6.7824
#        1881       0.05053      8.78      2.00     7   6.7830
#        1882       0.02175      5.65      2.00     7   6.7827
#        1884       0.01581      9.02      2.00     7   6.7827
#        1885       0.01781      8.98      2.00     7   6.7828
#        1886       0.03617      8.97      2.00     7   6.7850
#        1887       0.01884     24.00      2.00     7   6.7849
#        1888       0.01035      6.04      1.00     6   6.7875
#        1889       0.01035      6.04      1.00     6   6.7875
#        1890       0.02973      5.11      2.00     5   6.7881
#        1891       0.02096      7.24      2.00     7   6.7883
#        1892       0.01635     16.90      2.00     6   6.7909
#        1893       0.01761      7.28      2.00     7   6.7928
#        1894       0.02022      7.13      2.00     6   6.7945
#        1895       0.03639      9.93      2.00     7   6.7952
#        1896       0.01585      8.85      2.00     7   6.7964
#        1897       0.02797      9.87      2.00     5   6.7966
#        1898       0.02953     14.17      2.00     7   6.7975
#        1899       0.01759      8.34      2.00     7   6.7973
#        1900       0.01130      7.44      2.00     7   6.7975
#        1901       0.01421      8.30      2.00     6   6.7992
#        1902       0.02058     12.18      2.00     6   6.8003
#        1903       0.00807     10.95      2.00     6   6.8008
#        1904       0.01157     18.03      2.00     6   6.8008
#        1905       0.00805      9.73      2.00     6   6.8024
#        1906       0.01158     15.15      2.00     6   6.8024
#        1909       0.01828      7.76      2.00     7   6.8083
#        1911       0.00627      5.01      2.00     3   6.8129
#        1912       0.02429      4.97      2.00     7   6.8144
#        1917       0.01632     16.24      2.00     6   6.8193
#        1918       0.02016     10.90      2.00     7   6.8206
#        1920       0.01624      5.03      2.00     6   6.8208
#        1921       0.03506      7.64      2.00     7   6.8208
#        1923       0.03031     13.87      2.00     7   6.8213
#        1924       0.02135     13.41      2.00     7   6.8213
#        1926       0.02708      6.21      2.00     7   6.8232
#        1927       0.01639     50.75      2.00     7   6.8238
#        1929       0.01252     13.87      2.00     6   6.8244
#        1930       0.02144     10.90      2.00     7   6.8259
#        1932       0.02449      6.52      2.00     7   6.8269
#        1933       0.02617      5.88      2.00     7   6.8269
#        1936       0.02103     12.57      2.00     7   6.8288
#        1939       0.01801      4.81      2.00     7   6.8348
#        1940       0.01588      8.91      2.00     7   6.8356
#        1941       0.01581      6.68      2.00     7   6.8356
#        1944       0.01666      4.58      2.00     7   6.8400
#        1945       0.00608      8.21      2.00     4   6.8411
#        1946       0.01589      4.73      2.00     7   6.8410
#        1947       0.02668      5.78      2.00     5   6.8429
#        1949       0.02672      6.29      2.00     5   6.8451
#        1950       0.00627     10.03      2.00     4   6.8459
#        1952       0.01535      4.75      2.00     5   6.8468
#        1953       0.02854      4.32      2.00     7   6.8473
#        1957       0.01638     49.34      2.00     7   6.8523
#        1958       0.00747      6.67      2.00     4   6.8548
#        1959       0.01579      4.14      2.00     7   6.8548
#        1962       0.01536      7.47      2.00     6   6.8589
#        1964       0.00604      4.74      2.00     5   6.8601
#        1965       0.02480      4.22      2.00     7   6.8605
#        1966       0.01854      7.25      2.00     7   6.8604
#        1967       0.01742     10.67      2.00     7   6.8606
#        1968       0.02577     16.46      2.00     7   6.8612
#        1972       0.01668      4.99      2.00     7   6.8635
#        1974       0.02407      4.62      2.00     7   6.8670
#        1975       0.01914      4.31      2.00     7   6.8668
#        1977       0.02696      6.93      2.00     7   6.8673
#        1978       0.02146     13.66      2.00     7   6.8675
#        1979       0.01949      4.21      2.00     7   6.8676
#        1980       0.02473     17.88      2.00     7   6.8676
#        1982       0.00752      6.12      2.00     4   6.8687
#        1983       0.03221      6.05      2.00     6   6.8684
#        1984       0.01925     11.43      2.00     7   6.8686
#        1985       0.02040     10.02      2.00     6   6.8691
#        1987       0.01911      9.65      2.00     7   6.8694
#        1988       0.02072      6.04      2.00     7   6.8697
#        1989       0.02835      8.81      2.00     7   6.8698
#        1990       0.02128     10.32      2.00     7   6.8698
#        1991       0.02055     10.20      2.00     6   6.8708
#        1992       0.02001     28.56      2.00     7   6.8719
#        1993       0.01464      6.62      2.00     6   6.8727
#        1994       0.00595     15.37      2.00     5   6.8741
#        1997       0.02999     14.40      2.00     7   6.8745
#        1999       0.02082      8.78      2.00     6   6.8749
#        2000       0.01658      5.88      2.00     7   6.8763
#        2002       0.01789     10.17      2.00     7   6.8767
#        2003       0.01944      9.09      2.00     7   6.8783
#        2004       0.01940      4.53      2.00     7   6.8805
#        2005       0.01429      5.57      2.00     5   6.8813
#        2009       0.02345      7.67      2.00     5   6.8837
#        2010       0.01431      5.66      2.00     5   6.8842
#        2011       0.02001      7.31      1.00     6   6.8845
#        2012       0.01791      5.13      2.00     7   6.8846
#        2013       0.01509      5.71      2.00     6   6.8867
#        2014       0.01544      7.38      2.00     6   6.8873
#        2015       0.01986      6.72      2.00     5   6.8881
#        2016       0.01984      6.53      2.00     5   6.8888
#        2019       0.02776      7.88      2.00     5   6.8911
#        2022       0.02747      6.73      2.00     5   6.8949
#        2023       0.03770      6.39      2.00     7   6.8948
#        2024       0.02779      6.84      2.00     5   6.8954
#        2025       0.02538      5.63      2.00     7   6.8961
#        2027       0.02954      6.40      2.00     7   6.8968
#        2028       0.02928      5.32      2.00     7   6.8968
#        2029       0.04256     11.79      2.00     7   6.8967
#        2031       0.04686      7.39      2.00     7   6.8989
#        2033       0.01248      7.91      2.00     6   6.8995
#        2034       0.01174     14.44      2.00     7   6.8992
#        2035       0.01310      4.37      2.00     6   6.9012
#        2036       0.01310      4.77      2.00     6   6.9012
#        2037       0.03293      7.62      2.00     7   6.9012
#        2039       0.02798      9.52      2.00     5   6.9049
#        2040       0.02050      8.60      2.00     6   6.9047
#        2042       0.01077      5.05      2.00     6   6.9054
#        2044       0.01151     18.93      2.00     6   6.9107
#        2047       0.01976     14.83      2.00     6   6.9124
#        2048       0.01439      8.60      1.00     6   6.9142
#        2049       0.02462      5.64      2.00     7   6.9145
#        2050       0.02608      5.98      2.00     7   6.9145
#        2052       0.02293     13.36      2.00     7   6.9145
#        2053       0.02433     14.42      2.00     7   6.9144
#        2054       0.01599      4.67      2.00     6   6.9147
#        2055       0.00601      8.02      2.00     5   6.9157
#        2057       0.02442      6.47      2.00     7   6.9160
#        2058       0.02584      6.92      2.00     7   6.9159
#        2059       0.02006     10.19      2.00     7   6.9160
#        2060       0.01992     10.27      2.00     7   6.9159
#        2061       0.01441      8.45      1.00     6   6.9172
#        2063       0.02939     11.62      2.00     5   6.9177
#        2064       0.01947     27.69      2.00     7   6.9174
#        2065       0.01977     26.87      2.00     7   6.9181
#        2066       0.02820     19.04      2.00     7   6.9181
#        2069       0.02047      4.06      2.00     7   6.9188
#        2070       0.01992      7.97      2.00     6   6.9190
#        2071       0.01685      5.28      2.00     7   6.9199
#        2073       0.01896     30.91      2.00     7   6.9204
#        2074       0.02112      5.31      2.00     7   6.9205
#        2075       0.01982      5.48      2.00     7   6.9205
#        2076       0.01979     16.35      2.00     6   6.9211
#        2077       0.01978     15.78      2.00     6   6.9217
#        2079       0.01571      5.14      2.00     7   6.9230
#        2080       0.02834     22.48      2.00     6   6.9241
#        2082       0.02304      7.47      2.00     7   6.9247
#        2083       0.01535      4.73      2.00     5   6.9266
#        2086       0.02920     17.39      2.00     6   6.9278
#        2087       0.01733      4.42      2.00     7   6.9281
#        2088       0.01861     10.57      2.00     7   6.9281
#        2089       0.02998     17.82      2.00     6   6.9284
#        2090       0.01650      5.97      2.00     7   6.9285
#        2091       0.02015     10.49      2.00     6   6.9291
#        2092       0.01778      4.52      2.00     7   6.9290
#        2093       0.01770      9.63      2.00     7   6.9290
#        2094       0.01779     10.23      2.00     7   6.9296
#        2095       0.01846      5.96      2.00     5   6.9300
#        2096       0.01665     15.12      2.00     7   6.9302
#        2097       0.01778      9.86      2.00     7   6.9305
#        2098       0.00656      8.24      2.00     4   6.9316
#        2099       0.01439      7.67      2.00     5   6.9321
#        2100       0.01607      6.44      2.00     7   6.9326
#        2101       0.02006      4.78      2.00     7   6.9339
#        2102       0.02004      4.53      2.00     7   6.9340
#        2103       0.02242      5.81      2.00     7   6.9338
#        2104       0.01121     49.34      2.00     7   6.9339
#        2106       0.01988      8.43      2.00     7   6.9351
#        2107       0.01969      4.06      2.00     7   6.9351
#        2108       0.02036     21.87      2.00     7   6.9354
#        2109       0.02021      9.10      2.00     7   6.9353
#        2111       0.02130      5.99      2.00     7   6.9367
#        2112       0.01993      8.26      2.00     7   6.9366
#        2114       0.01636      5.30      2.00     7   6.9368
#        2116       0.01992      8.48      2.00     7   6.9368
#        2117       0.01112      8.47      2.00     5   6.9384
#        2122       0.01958      4.55      2.00     7   6.9411
#        2123       0.01414      4.44      2.00     5   6.9413
#        2124       0.00736      4.99      2.00     5   6.9419
#        2128       0.01031      7.22      2.00     7   6.9431
#        2129       0.02072      5.13      2.00     7   6.9429
#        2130       0.02042      7.68      2.00     7   6.9428
#        2131       0.01642      4.14      2.00     6   6.9441
#        2133       0.02165     18.26      2.00     7   6.9450
#        2135       0.01537      4.98      2.00     7   6.9461
#        2136       0.01314      5.30      2.00     6   6.9466
#        2137       0.01308      5.80      2.00     6   6.9466
#        2138       0.01738      4.57      2.00     7   6.9469
#        2139       0.03623      7.02      2.00     7   6.9469
#        2143       0.01430     10.52      2.00     6   6.9495
#        2144       0.02860      7.00      2.00     7   6.9492
#        2145       0.03163      4.21      2.00     7   6.9492
#        2146       0.02465      4.53      2.00     7   6.9497
#        2147       0.01457      7.14      2.00     7   6.9504
#        2148       0.02499     12.17      2.00     7   6.9512
#        2149       0.02228     24.35      2.00     7   6.9513
#        2150       0.01549      7.85      2.00     7   6.9516
#        2151       0.01659      5.33      2.00     7   6.9517
#        2152       0.01660      5.07      2.00     7   6.9516
#        2153       0.01584      7.88      2.00     7   6.9517
#        2154       0.01937     28.91      2.00     7   6.9532
#        2156       0.01105      8.37      2.00     5   6.9546
#        2157       0.01620      6.56      2.00     7   6.9565
#        2159       0.01729      6.46      2.00     7   6.9574
#        2162       0.04441      6.56      2.00     7   6.9599
#        2163       0.02999      6.54      2.00     7   6.9607
#        2165       0.01167      6.72      2.00     6   6.9625
#        2167       0.00741     25.07      2.00     5   6.9645
#        2168       0.01348      5.82      2.00     6   6.9646
#        2169       0.01644      5.12      2.00     7   6.9651
#        2170       0.05248      6.25      2.00     7   6.9652
#        2172       0.02366      6.24      2.00     7   6.9660
#        2173       0.01466     11.01      2.00     6   6.9669
#        2174       0.01801      5.86      2.00     7   6.9672
#        2175       0.01712      5.49      2.00     7   6.9680
#  1605/2000 paths used
#  xsedge+50, used to normalize mu           1.0000E+00
#  -----------------------------------------------------------------------
#  omega    e    k    mu    mu0     chi     @#
    9663.657     -7.300   0.000  2.20341E-03  1.51245E-04  6.84821E+00
    9663.666     -7.290   0.050  2.19392E-03  1.55326E-04  6.79300E+00
    9663.695     -7.262   0.100  2.18096E-03  1.59406E-04  6.72640E+00
    9663.742     -7.214   0.150  2.12709E-03  1.71251E-04  6.48091E+00
    9663.809     -7.147   0.200  2.04744E-03  1.83096E-04  6.15235E+00
    9663.895     -7.062   0.250  1.88185E-03  1.99208E-04  5.51949E+00
    9663.999     -6.957   0.300  1.67209E-03  2.15321E-04  4.75014E+00
    9664.123     -6.833   0.350  1.36562E-03  2.29846E-04  3.67875E+00
    9664.266     -6.690   0.400  1.03749E-03  2.44371E-04  2.55187E+00
    9664.428     -6.528   0.450  6.67182E-04  2.54803E-04  1.31877E+00
    9664.609     -6.347   0.500  3.38965E-04  2.65236E-04  2.34359E-01
    9664.809     -6.147   0.550  5.22602E-05  2.72138E-04 -6.95936E-01
    9665.028     -5.928   0.600 -1.38764E-04  2.79040E-04 -1.31679E+00
    9665.266     -5.690   0.650 -2.52148E-04  2.83320E-04 -1.68508E+00
    9665.523     -5.433   0.700 -2.69481E-04  2.87601E-04 -1.75045E+00
    9665.800     -5.157   0.750 -2.33733E-04  2.89840E-04 -1.64809E+00
    9666.095     -4.861   0.800 -1.44800E-04  2.92079E-04 -1.37765E+00
    9666.409     -4.547   0.850 -4.36787E-05  2.92648E-04 -1.06606E+00
    9666.743     -4.214   0.900  6.60738E-05  2.93216E-04 -7.23729E-01
    9667.095     -3.861   0.950  1.64724E-04  2.92415E-04 -4.10265E-01
    9667.467     -3.490   1.000  2.48712E-04  2.91615E-04 -1.39009E-01
    9667.857     -3.099   1.050  3.14339E-04  2.89738E-04  8.05979E-02
    9668.267     -2.690   1.100  3.58607E-04  2.87861E-04  2.34383E-01
    9668.695     -2.261   1.150  3.85916E-04  2.85197E-04  3.38100E-01
    9669.143     -1.813   1.200  3.94418E-04  2.82533E-04  3.80625E-01
    9669.610     -1.347   1.250  3.90662E-04  2.79351E-04  3.84247E-01
    9670.095     -0.861   1.300  3.76338E-04  2.76169E-04  3.50955E-01
    9670.600     -0.356   1.350  3.57895E-04  2.72703E-04  3.03142E-01
    9671.124      0.168   1.400  3.38289E-04  2.69237E-04  2.49611E-01
    9671.667      0.711   1.450  3.21787E-04  2.65673E-04  2.06076E-01
    9672.229      1.273   1.500  3.09303E-04  2.62109E-04  1.76125E-01
    9672.810      1.854   1.550  3.01670E-04  2.58594E-04  1.63300E-01
    9673.410      2.454   1.600  2.97055E-04  2.55080E-04  1.61689E-01
    9674.029      3.073   1.650  2.93870E-04  2.51715E-04  1.64880E-01
    9674.667      3.711   1.700  2.90212E-04  2.48349E-04  1.66291E-01
    9675.325      4.368   1.750  2.85078E-04  2.45207E-04  1.60693E-01
    9676.001      5.045   1.800  2.77700E-04  2.42065E-04  1.45752E-01
    9676.696      5.740   1.850  2.69475E-04  2.39181E-04  1.25592E-01
    9677.411      6.454   1.900  2.61412E-04  2.36297E-04  1.05558E-01
    9678.144      7.188   1.950  2.53947E-04  2.33662E-04  8.63165E-02
    9678.896      7.940   2.000  2.48317E-04  2.31028E-04  7.44960E-02
    9679.668      8.712   2.050  2.43025E-04  2.28834E-04  6.18530E-02
    9680.459      9.502   2.100  2.39058E-04  2.26640E-04  5.47555E-02
    9681.268     10.312   2.150  2.35816E-04  2.24446E-04  5.07286E-02
    9682.097     11.141   2.200  2.32955E-04  2.22252E-04  4.83196E-02
    9682.945     11.988   2.250  2.32099E-04  2.22318E-04  4.43641E-02
    9683.811     12.855   2.300  2.32694E-04  2.22384E-04  4.69869E-02
    9684.697     13.741   2.350  2.34483E-04  2.22451E-04  5.50996E-02
    9685.602     14.646   2.400  2.36774E-04  2.22517E-04  6.55967E-02
    9686.526     15.570   2.450  2.37532E-04  2.22718E-04  6.82867E-02
    9687.469     16.513   2.500  2.37623E-04  2.22919E-04  6.79016E-02
    9688.431     17.475   2.550  2.36780E-04  2.23120E-04  6.31959E-02
    9689.412     18.456   2.600  2.34864E-04  2.23321E-04  5.34996E-02
    9690.412     19.456   2.650  2.30924E-04  2.22959E-04  3.69829E-02
    9691.431     20.475   2.700  2.26178E-04  2.22597E-04  1.66582E-02
    9692.470     21.513   2.750  2.20801E-04  2.22235E-04 -6.68410E-03
    9693.527     22.571   2.800  2.15038E-04  2.21873E-04 -3.19072E-02
    9694.603     23.647   2.850  2.09776E-04  2.21766E-04 -5.59161E-02
    9695.698     24.742   2.900  2.04932E-04  2.21658E-04 -7.79353E-02
    9696.813     25.857   2.950  2.00701E-04  2.21551E-04 -9.70610E-02
    9697.946     26.990   3.000  1.97238E-04  2.21443E-04 -1.12577E-01
    9699.099     28.143   3.050  1.95201E-04  2.21578E-04 -1.22372E-01
    9700.270     29.314   3.100  1.94080E-04  2.21714E-04 -1.27883E-01
    9701.461     30.505   3.150  1.93924E-04  2.21849E-04 -1.28905E-01
    9702.671     31.715   3.200  1.94782E-04  2.21985E-04 -1.25258E-01
    9703.899     32.943   3.250  1.96879E-04  2.22308E-04 -1.16691E-01
    9705.147     34.191   3.300  1.99897E-04  2.22632E-04 -1.03968E-01
    9706.414     35.458   3.350  2.03809E-04  2.22955E-04 -8.72620E-02
    9707.700     36.744   3.400  2.08462E-04  2.23279E-04 -6.72971E-02
    9709.005     38.049   3.450  2.13699E-04  2.23736E-04 -4.54188E-02
    9710.329     39.373   3.500  2.19137E-04  2.24194E-04 -2.27963E-02
    9711.672     40.716   3.550  2.24490E-04  2.24652E-04 -7.30031E-04
    9713.034     42.078   3.600  2.29490E-04  2.25110E-04  1.95941E-02
    9714.415     43.459   3.650  2.33937E-04  2.25624E-04  3.70528E-02
    9715.815     44.859   3.700  2.37695E-04  2.26138E-04  5.13215E-02
    9717.234     46.278   3.750  2.40732E-04  2.26652E-04  6.22976E-02
    9718.673     47.716   3.800  2.43092E-04  2.27165E-04  7.02083E-02
    9720.130     49.174   3.850  2.44830E-04  2.27660E-04  7.54501E-02
    9721.606     50.650   3.900  2.46107E-04  2.28154E-04  7.86366E-02
    9723.102     52.146   3.950  2.47015E-04  2.28648E-04  8.01964E-02
    9724.616     53.660   4.000  2.47606E-04  2.29142E-04  8.03647E-02
    9726.150     55.194   4.050  2.47817E-04  2.29546E-04  7.93306E-02
    9727.702     56.746   4.100  2.47685E-04  2.29951E-04  7.68148E-02
    9729.274     58.318   4.150  2.47135E-04  2.30355E-04  7.25074E-02
    9730.865     59.908   4.200  2.46090E-04  2.30760E-04  6.60876E-02
    9732.474     61.518   4.250  2.44398E-04  2.31025E-04  5.75695E-02
    9734.103     63.147   4.300  2.42157E-04  2.31289E-04  4.67176E-02
    9735.751     64.795   4.350  2.39419E-04  2.31554E-04  3.37612E-02
    9737.418     66.462   4.400  2.36298E-04  2.31818E-04  1.92035E-02
    9739.104     68.148   4.450  2.32794E-04  2.31913E-04  3.77363E-03
    9740.809     69.852   4.500  2.29259E-04  2.32008E-04 -1.17733E-02
    9742.533     71.577   4.550  2.25900E-04  2.32103E-04 -2.65566E-02
    9744.276     73.320   4.600  2.22902E-04  2.32198E-04 -3.97753E-02
    9746.038     75.082   4.650  2.20230E-04  2.32126E-04 -5.09226E-02
    9747.819     76.863   4.700  2.18170E-04  2.32055E-04 -5.94569E-02
    9749.619     78.663   4.750  2.16770E-04  2.31983E-04 -6.51702E-02
    9751.439     80.482   4.800  2.16028E-04  2.31911E-04 -6.80670E-02
    9753.277     82.321   4.850  2.15762E-04  2.31706E-04 -6.83956E-02
    9755.134     84.178   4.900  2.16055E-04  2.31500E-04 -6.63260E-02
    9757.011     86.054   4.950  2.16827E-04  2.31295E-04 -6.21932E-02
    9758.906     87.950   5.000  2.17995E-04  2.31090E-04 -5.63444E-02
    9760.821     89.864   5.050  2.19395E-04  2.30795E-04 -4.91156E-02
    9762.754     91.798   5.100  2.21048E-04  2.30500E-04 -4.07795E-02
    9764.707     93.751   5.150  2.22886E-04  2.30205E-04 -3.16173E-02
    9766.679     95.722   5.200  2.24849E-04  2.29911E-04 -2.18928E-02
    9768.669     97.713   5.250  2.26866E-04  2.29585E-04 -1.17751E-02
    9770.679     99.723   5.300  2.28895E-04  2.29259E-04 -1.57750E-03
    9772.708    101.752   5.350  2.30873E-04  2.28934E-04  8.42472E-03
    9774.756    103.799   5.400  2.32734E-04  2.28608E-04  1.79460E-02
    9776.823    105.866   5.450  2.34466E-04  2.28304E-04  2.68304E-02
    9778.909    107.952   5.500  2.35946E-04  2.28000E-04  3.46373E-02
    9781.014    110.057   5.550  2.37106E-04  2.27696E-04  4.10680E-02
    9783.138    112.181   5.600  2.37888E-04  2.27391E-04  4.58566E-02
    9785.281    114.325   5.650  2.38321E-04  2.27147E-04  4.88576E-02
    9787.443    116.487   5.700  2.38287E-04  2.26903E-04  4.98140E-02
    9789.624    118.668   5.750  2.37777E-04  2.26658E-04  4.86873E-02
    9791.824    120.868   5.800  2.36810E-04  2.26414E-04  4.55584E-02
    9794.044    123.087   5.850  2.35529E-04  2.26258E-04  4.06415E-02
    9796.282    125.326   5.900  2.33904E-04  2.26103E-04  3.42106E-02
    9798.539    127.583   5.950  2.32028E-04  2.25948E-04  2.66696E-02
    9800.816    129.860   6.000  2.30001E-04  2.25793E-04  1.84674E-02
    9803.111    132.155   6.050  2.28066E-04  2.25775E-04  1.00486E-02
    9805.426    134.470   6.100  2.26162E-04  2.25758E-04  1.77176E-03
    9807.760    136.803   6.150  2.24368E-04  2.25741E-04 -6.01687E-03
    9810.112    139.156   6.200  2.22747E-04  2.25723E-04 -1.30461E-02
    9812.484    141.528   6.250  2.21343E-04  2.25706E-04 -1.91182E-02
    9814.875    143.919   6.300  2.20188E-04  2.25689E-04 -2.40983E-02
    9817.285    146.328   6.350  2.19301E-04  2.25672E-04 -2.79002E-02
    9819.713    148.757   6.400  2.18695E-04  2.25654E-04 -3.04736E-02
    9822.161    151.205   6.450  2.18373E-04  2.25637E-04 -3.17970E-02
    9824.628    153.672   6.500  2.18335E-04  2.25620E-04 -3.18784E-02
    9827.114    156.158   6.550  2.18579E-04  2.25670E-04 -3.10206E-02
    9829.619    158.663   6.600  2.19095E-04  2.25720E-04 -2.89763E-02
    9832.144    161.187   6.650  2.19857E-04  2.25770E-04 -2.58559E-02
    9834.687    163.731   6.700  2.20826E-04  2.25821E-04 -2.18288E-02
    9837.249    166.293   6.750  2.21954E-04  2.25871E-04 -1.71134E-02
    9839.830    168.874   6.800  2.23183E-04  2.25921E-04 -1.19607E-02
    9842.431    171.474   6.850  2.24452E-04  2.25971E-04 -6.63256E-03
    9845.050    174.094   6.900  2.25705E-04  2.26021E-04 -1.38018E-03
    9847.688    176.732   6.950  2.26890E-04  2.26071E-04  3.57330E-03
    9850.346    179.390   7.000  2.27965E-04  2.26122E-04  8.04458E-03
    9853.022    182.066   7.050  2.28792E-04  2.26036E-04  1.20312E-02
    9855.718    184.762   7.100  2.29455E-04  2.25950E-04  1.53108E-02
    9858.432    187.476   7.150  2.29940E-04  2.25865E-04  1.78107E-02
    9861.166    190.210   7.200  2.30237E-04  2.25779E-04  1.94987E-02
    9863.919    192.963   7.250  2.30350E-04  2.25694E-04  2.03784E-02
    9866.691    195.734   7.300  2.30286E-04  2.25608E-04  2.04841E-02
    9869.481    198.525   7.350  2.30058E-04  2.25523E-04  1.98750E-02
    9872.291    201.335   7.400  2.29686E-04  2.25437E-04  1.86286E-02
    9875.120    204.164   7.450  2.29188E-04  2.25352E-04  1.68337E-02
    9877.968    207.012   7.500  2.28588E-04  2.25266E-04  1.45848E-02
    9880.835    209.879   7.550  2.27714E-04  2.24994E-04  1.19633E-02
    9883.721    212.765   7.600  2.26781E-04  2.24722E-04  9.07182E-03
    9886.626    215.670   7.650  2.25810E-04  2.24450E-04  6.00393E-03
    9889.550    218.594   7.700  2.24822E-04  2.24177E-04  2.84686E-03
    9892.494    221.537   7.750  2.23834E-04  2.23905E-04 -3.15696E-04
    9895.456    224.500   7.800  2.22866E-04  2.23633E-04 -3.39997E-03
    9898.437    227.481   7.850  2.21938E-04  2.23361E-04 -6.31915E-03
    9901.438    230.481   7.900  2.21069E-04  2.23088E-04 -8.98248E-03
    9904.457    233.501   7.950  2.20280E-04  2.22816E-04 -1.12970E-02
    9907.496    236.539   8.000  2.19592E-04  2.22544E-04 -1.31724E-02
    9910.553    239.597   8.050  2.18965E-04  2.22222E-04 -1.45572E-02
    9913.630    242.673   8.100  2.18469E-04  2.21900E-04 -1.53649E-02
    9916.725    245.769   8.150  2.18111E-04  2.21578E-04 -1.55513E-02
    9919.840    248.884   8.200  2.17896E-04  2.21257E-04 -1.50990E-02
    9922.974    252.017   8.250  2.17820E-04  2.20935E-04 -1.40209E-02
    9926.126    255.170   8.300  2.17871E-04  2.20613E-04 -1.23617E-02
    9929.298    258.342   8.350  2.18034E-04  2.20291E-04 -1.01973E-02
    9932.489    261.533   8.400  2.18283E-04  2.19969E-04 -7.63191E-03
    9935.699    264.743   8.450  2.18590E-04  2.19647E-04 -4.79345E-03
    9938.928    267.972   8.500  2.18923E-04  2.19326E-04 -1.82690E-03
    9942.176    271.220   8.550  2.19350E-04  2.19101E-04  1.12897E-03
    9945.443    274.487   8.600  2.19743E-04  2.18877E-04  3.94078E-03
    9948.729    277.773   8.650  2.20072E-04  2.18653E-04  6.46616E-03
    9952.034    281.078   8.700  2.20309E-04  2.18428E-04  8.58080E-03
    9955.358    284.402   8.750  2.20435E-04  2.18204E-04  1.01883E-02
    9958.702    287.745   8.800  2.20435E-04  2.17980E-04  1.12278E-02
    9962.064    291.108   8.850  2.20307E-04  2.17756E-04  1.16789E-02
    9965.445    294.489   8.900  2.20054E-04  2.17531E-04  1.15611E-02
    9968.846    297.890   8.950  2.19689E-04  2.17307E-04  1.09298E-02
    9972.265    301.309   9.000  2.19230E-04  2.17083E-04  9.86703E-03
    9975.704    304.748   9.050  2.18820E-04  2.16965E-04  8.52628E-03
    9979.161    308.205   9.100  2.18354E-04  2.16848E-04  6.92755E-03
    9982.638    311.682   9.150  2.17852E-04  2.16731E-04  5.16488E-03
    9986.134    315.177   9.200  2.17334E-04  2.16613E-04  3.32306E-03
    9989.648    318.692   9.250  2.16815E-04  2.16496E-04  1.47431E-03
    9993.182    322.226   9.300  2.16308E-04  2.16378E-04 -3.21691E-04
    9996.735    325.779   9.350  2.15824E-04  2.16261E-04 -2.01518E-03
   10000.307    329.351   9.400  2.15372E-04  2.16143E-04 -3.56274E-03
   10003.898    332.941   9.450  2.14960E-04  2.16026E-04 -4.92401E-03
   10007.508    336.551   9.500  2.14598E-04  2.15908E-04 -6.06000E-03
   10011.137    340.180   9.550  2.14267E-04  2.15775E-04 -6.98031E-03
   10014.785    343.828   9.600  2.13998E-04  2.15641E-04 -7.60941E-03
   10018.452    347.496   9.650  2.13800E-04  2.15508E-04 -7.91781E-03
   10022.138    351.182   9.700  2.13674E-04  2.15374E-04 -7.88787E-03
   10025.843    354.887   9.750  2.13621E-04  2.15241E-04 -7.51759E-03
   10029.567    358.611   9.800  2.13638E-04  2.15107E-04 -6.82325E-03
   10033.311    362.355   9.850  2.13718E-04  2.14974E-04 -5.84000E-03
   10037.073    366.117   9.900  2.13847E-04  2.14840E-04 -4.62053E-03
   10040.854    369.898   9.950  2.14013E-04  2.14707E-04 -3.23173E-03
   10044.655    373.699  10.000  2.14198E-04  2.14573E-04 -1.74979E-03
   10048.474    377.518  10.050  2.14264E-04  2.14319E-04 -2.51879E-04
   10052.313    381.357  10.100  2.14320E-04  2.14064E-04  1.19850E-03
   10056.171    385.214  10.150  2.14350E-04  2.13809E-04  2.53079E-03
   10060.047    389.091  10.200  2.14341E-04  2.13554E-04  3.68486E-03
   10063.943    392.987  10.250  2.14283E-04  2.13299E-04  4.61440E-03
   10067.858    396.902  10.300  2.14171E-04  2.13044E-04  5.28897E-03
   10071.792    400.835  10.350  2.14001E-04  2.12789E-04  5.69441E-03
   10075.744    404.788  10.400  2.13774E-04  2.12534E-04  5.83185E-03
   10079.716    408.760  10.450  2.13493E-04  2.12279E-04  5.71556E-03
   10083.707    412.751  10.500  2.13163E-04  2.12024E-04  5.37014E-03
   10087.717    416.761  10.550  2.12792E-04  2.11769E-04  4.82747E-03
   10091.746    420.790  10.600  2.12387E-04  2.11514E-04  4.12389E-03
   10095.794    424.838  10.650  2.11956E-04  2.11260E-04  3.29793E-03
   10099.862    428.905  10.700  2.11509E-04  2.11005E-04  2.38866E-03
   10103.948    432.992  10.750  2.11052E-04  2.10750E-04  1.43458E-03
   10108.053    437.097  10.800  2.10594E-04  2.10495E-04  4.72999E-04
   10112.177    441.221  10.850  2.10143E-04  2.10240E-04 -4.60468E-04
   10116.321    445.365  10.900  2.09705E-04  2.09985E-04 -1.33244E-03
   10120.483    449.527  10.950  2.09287E-04  2.09730E-04 -2.11249E-03
   10124.665    453.708  11.000  2.08894E-04  2.09475E-04 -2.77400E-03
   10128.865    457.909  11.050  2.08566E-04  2.09262E-04 -3.32505E-03
   10133.085    462.128  11.100  2.08270E-04  2.09049E-04 -3.72522E-03
   10137.323    466.367  11.150  2.08008E-04  2.08835E-04 -3.96207E-03
   10141.581    470.625  11.200  2.07781E-04  2.08622E-04 -4.02993E-03
   10145.858    474.901  11.250  2.07589E-04  2.08409E-04 -3.93013E-03
   10150.153    479.197  11.300  2.07431E-04  2.08195E-04 -3.67089E-03
   10154.468    483.512  11.350  2.07302E-04  2.07982E-04 -3.26681E-03
   10158.802    487.846  11.400  2.07199E-04  2.07769E-04 -2.73823E-03
   10163.155    492.199  11.450  2.07117E-04  2.07555E-04 -2.11027E-03
   10167.527    496.571  11.500  2.07049E-04  2.07342E-04 -1.41191E-03
   10171.918    500.962  11.550  2.06989E-04  2.07129E-04 -6.74839E-04
   10176.328    505.372  11.600  2.06929E-04  2.06915E-04  6.77239E-05
   10180.757    509.801  11.650  2.06864E-04  2.06702E-04  7.82483E-04
   10185.205    514.249  11.700  2.06786E-04  2.06489E-04  1.43763E-03
   10189.672    518.716  11.750  2.06689E-04  2.06275E-04  2.00456E-03
   10194.159    523.203  11.800  2.06570E-04  2.06062E-04  2.45951E-03
   10198.664    527.708  11.850  2.06423E-04  2.05849E-04  2.78505E-03
   10203.188    532.232  11.900  2.06248E-04  2.05635E-04  2.97105E-03
   10207.732    536.776  11.950  2.06043E-04  2.05422E-04  3.01515E-03
   10212.294    541.338  12.000  2.05810E-04  2.05209E-04  2.92254E-03
   10216.876    545.920  12.050  2.05551E-04  2.04988E-04  2.73680E-03
   10221.476    550.520  12.100  2.05267E-04  2.04768E-04  2.43210E-03
   10226.096    555.140  12.150  2.04963E-04  2.04548E-04  2.02627E-03
   10230.735    559.778  12.200  2.04643E-04  2.04327E-04  1.54144E-03
   10235.392    564.436  12.250  2.04312E-04  2.04107E-04  1.00280E-03
   10240.069    569.113  12.300  2.03976E-04  2.03887E-04  4.37321E-04
   10244.765    573.809  12.350  2.03640E-04  2.03666E-04 -1.27718E-04
   10249.480    578.523  12.400  2.03310E-04  2.03446E-04 -6.66051E-04
   10254.214    583.257  12.450  2.02990E-04  2.03225E-04 -1.15374E-03
   10258.967    588.010  12.500  2.02686E-04  2.03005E-04 -1.57027E-03
   10263.739    592.782  12.550  2.02399E-04  2.02785E-04 -1.89946E-03
   10268.530    597.573  12.600  2.02132E-04  2.02564E-04 -2.13003E-03
   10273.340    602.384  12.650  2.01886E-04  2.02344E-04 -2.25590E-03
   10278.169    607.213  12.700  2.01662E-04  2.02124E-04 -2.27614E-03
   10283.017    612.061  12.750  2.01459E-04  2.01903E-04 -2.19474E-03
   10287.884    616.928  12.800  2.01274E-04  2.01683E-04 -2.02005E-03
   10292.771    621.814  12.850  2.01106E-04  2.01463E-04 -1.76417E-03
   10297.676    626.720  12.900  2.00951E-04  2.01242E-04 -1.44217E-03
   10302.600    631.644  12.950  2.00806E-04  2.01022E-04 -1.07128E-03
   10307.544    636.588  13.000  2.00667E-04  2.00801E-04 -6.70044E-04
   10312.506    641.550  13.050  2.00457E-04  2.00510E-04 -2.62630E-04
   10317.488    646.532  13.100  2.00248E-04  2.00219E-04  1.42750E-04
   10322.489    651.532  13.150  2.00034E-04  1.99928E-04  5.29256E-04
   10327.508    656.552  13.200  1.99813E-04  1.99637E-04  8.81077E-04
   10332.547    661.591  13.250  1.99582E-04  1.99345E-04  1.18396E-03
   10337.605    666.648  13.300  1.99339E-04  1.99054E-04  1.42580E-03
   10342.681    671.725  13.350  1.99081E-04  1.98763E-04  1.59723E-03
   10347.777    676.821  13.400  1.98809E-04  1.98472E-04  1.69213E-03
   10352.892    681.936  13.450  1.98520E-04  1.98181E-04  1.70806E-03
   10358.026    687.070  13.500  1.98216E-04  1.97890E-04  1.64641E-03
   10363.179    692.223  13.550  1.97898E-04  1.97598E-04  1.51238E-03
   10368.351    697.395  13.600  1.97567E-04  1.97307E-04  1.31468E-03
   10373.542    702.586  13.650  1.97226E-04  1.97016E-04  1.06500E-03
   10378.752    707.796  13.700  1.96878E-04  1.96725E-04  7.77306E-04
   10383.982    713.025  13.750  1.96526E-04  1.96434E-04  4.67029E-04
   10389.230    718.274  13.800  1.96172E-04  1.96142E-04  1.50137E-04
   10394.497    723.541  13.850  1.95820E-04  1.95851E-04 -1.57729E-04
   10399.784    728.827  13.900  1.95473E-04  1.95560E-04 -4.42107E-04
   10405.089    734.133  13.950  1.95134E-04  1.95269E-04 -6.90458E-04
   10410.413    739.457  14.000  1.94803E-04  1.94978E-04 -8.92795E-04
   10415.757    744.801  14.050  1.94540E-04  1.94746E-04 -1.05498E-03
   10421.119    750.163  14.100  1.94288E-04  1.94515E-04 -1.16190E-03
   10426.501    755.545  14.150  1.94047E-04  1.94283E-04 -1.21160E-03
   10431.902    760.946  14.200  1.93817E-04  1.94052E-04 -1.20519E-03
   10437.321    766.365  14.250  1.93598E-04  1.93820E-04 -1.14646E-03
   10442.760    771.804  14.300  1.93387E-04  1.93589E-04 -1.04135E-03
   10448.218    777.262  14.350  1.93184E-04  1.93358E-04 -8.97302E-04
   10453.695    782.739  14.400  1.92986E-04  1.93126E-04 -7.22693E-04
   10459.191    788.235  14.450  1.92793E-04  1.92895E-04 -5.26276E-04
   10464.706    793.749  14.500  1.92602E-04  1.92663E-04 -3.16771E-04
   10470.240    799.283  14.550  1.92412E-04  1.92432E-04 -1.02599E-04
   10475.793    804.837  14.600  1.92221E-04  1.92200E-04  1.08247E-04
   10481.365    810.409  14.650  1.92028E-04  1.91969E-04  3.08243E-04
   10486.956    816.000  14.700  1.91832E-04  1.91738E-04  4.90339E-04
   10492.566    821.610  14.750  1.91631E-04  1.91506E-04  6.48002E-04
   10498.195    827.239  14.800  1.91423E-04  1.91275E-04  7.75340E-04
   10503.844    832.888  14.850  1.91209E-04  1.91043E-04  8.67331E-04
   10509.511    838.555  14.900  1.90988E-04  1.90812E-04  9.20125E-04
   10515.198    844.241  14.950  1.90758E-04  1.90580E-04  9.31390E-04
   10520.903    849.947  15.000  1.90521E-04  1.90349E-04  9.00618E-04
   10526.627    855.671  15.050  1.90216E-04  1.90057E-04  8.35765E-04
   10532.371    861.415  15.100  1.89904E-04  1.89764E-04  7.34216E-04
   10538.134    867.177  15.150  1.89586E-04  1.89472E-04  6.00641E-04
   10543.915    872.959  15.200  1.89264E-04  1.89180E-04  4.41550E-04
   10549.716    878.760  15.250  1.88938E-04  1.88888E-04  2.64991E-04
   10555.536    884.580  15.300  1.88611E-04  1.88596E-04  8.00931E-05
   10561.375    890.418  15.350  1.88284E-04  1.88303E-04 -1.03524E-04
   10567.232    896.276  15.400  1.87959E-04  1.88011E-04 -2.76410E-04
   10573.109    902.153  15.450  1.87638E-04  1.87719E-04 -4.29961E-04
   10579.005    908.049  15.500  1.87322E-04  1.87427E-04 -5.57027E-04
   10584.920    913.964  15.550  1.87012E-04  1.87134E-04 -6.52382E-04
   10590.854    919.898  15.600  1.86709E-04  1.86842E-04 -7.12996E-04
   10596.807    925.851  15.650  1.86412E-04  1.86550E-04 -7.38073E-04
   10602.780    931.823  15.700  1.86122E-04  1.86258E-04 -7.28873E-04
   10608.771    937.815  15.750  1.85837E-04  1.85966E-04 -6.88361E-04
   10614.781    943.825  15.800  1.85558E-04  1.85673E-04 -6.20744E-04
   10620.810    949.854  15.850  1.85283E-04  1.85381E-04 -5.30990E-04
   10626.859    955.902  15.900  1.85010E-04  1.85089E-04 -4.24397E-04
   10632.926    961.970  15.950  1.84740E-04  1.84797E-04 -3.06265E-04
   10639.012    968.056  16.000  1.84471E-04  1.84504E-04 -1.81695E-04
   10645.118    974.162  16.050  1.84215E-04  1.84225E-04 -5.74721E-05
   10651.243    980.286  16.100  1.83958E-04  1.83946E-04  6.48733E-05
   10657.386    986.430  16.150  1.83700E-04  1.83667E-04  1.81067E-04
   10663.549    992.593  16.200  1.83440E-04  1.83387E-04  2.87035E-04
   10669.730    998.774  16.250  1.83178E-04  1.83108E-04  3.78968E-04
   10675.931   1004.975  16.300  1.82912E-04  1.82829E-04  4.53429E-04
   10682.151   1011.195  16.350  1.82642E-04  1.82549E-04  5.07507E-04
   10688.390   1017.434  16.400  1.82369E-04  1.82270E-04  5.39011E-04
   10694.648   1023.692  16.450  1.82090E-04  1.81991E-04  5.46668E-04
   10700.925   1029.968  16.500  1.81808E-04  1.81711E-04  5.30300E-04
   10707.221   1036.264  16.550  1.81521E-04  1.81432E-04  4.90947E-04
   10713.536   1042.580  16.600  1.81231E-04  1.81153E-04  4.30888E-04
   10719.870   1048.914  16.650  1.80938E-04  1.80874E-04  3.53561E-04
   10726.223   1055.267  16.700  1.80642E-04  1.80594E-04  2.63361E-04
   10732.595   1061.639  16.750  1.80345E-04  1.80315E-04  1.65330E-04
   10738.986   1068.030  16.800  1.80047E-04  1.80036E-04  6.47898E-05
   10745.397   1074.441  16.850  1.79750E-04  1.79756E-04 -3.30650E-05
   10751.826   1080.870  16.900  1.79455E-04  1.79477E-04 -1.23535E-04
   10758.275   1087.318  16.950  1.79161E-04  1.79198E-04 -2.02718E-04
   10764.742   1093.786  17.000  1.78870E-04  1.78918E-04 -2.67707E-04
   10771.228   1100.272  17.050  1.78586E-04  1.78644E-04 -3.19918E-04
   10777.734   1106.778  17.100  1.78305E-04  1.78369E-04 -3.55218E-04
   10784.259   1113.302  17.150  1.78027E-04  1.78094E-04 -3.73326E-04
   10790.802   1119.846  17.200  1.77752E-04  1.77819E-04 -3.74748E-04
   10797.365   1126.409  17.250  1.77480E-04  1.77544E-04 -3.60611E-04
   10803.947   1132.990  17.300  1.77210E-04  1.77269E-04 -3.32504E-04
   10810.547   1139.591  17.350  1.76942E-04  1.76994E-04 -2.92352E-04
   10817.167   1146.211  17.400  1.76676E-04  1.76719E-04 -2.42326E-04
   10823.806   1152.850  17.450  1.76411E-04  1.76444E-04 -1.84786E-04
   10830.464   1159.508  17.500  1.76148E-04  1.76169E-04 -1.22245E-04
   10837.141   1166.185  17.550  1.75884E-04  1.75894E-04 -5.73326E-05
   10843.837   1172.881  17.600  1.75621E-04  1.75619E-04  7.25380E-06
   10850.552   1179.596  17.650  1.75356E-04  1.75344E-04  6.88257E-05
   10857.286   1186.330  17.700  1.75091E-04  1.75069E-04  1.24807E-04
   10864.040   1193.083  17.750  1.74825E-04  1.74795E-04  1.72860E-04
   10870.812   1199.856  17.800  1.74556E-04  1.74520E-04  2.11024E-04
   10877.603   1206.647  17.850  1.74286E-04  1.74245E-04  2.37847E-04
   10884.414   1213.457  17.900  1.74014E-04  1.73970E-04  2.52489E-04
   10891.243   1220.287  17.950  1.73739E-04  1.73695E-04  2.54786E-04
   10898.091   1227.135  18.000  1.73462E-04  1.73420E-04  2.45264E-04
   10904.959   1234.003  18.050  1.73151E-04  1.73112E-04  2.28293E-04
   10911.845   1240.889  18.100  1.72838E-04  1.72803E-04  2.01959E-04
   10918.751   1247.795  18.150  1.72524E-04  1.72495E-04  1.67975E-04
   10925.676   1254.719  18.200  1.72209E-04  1.72186E-04  1.28363E-04
   10932.619   1261.663  18.250  1.71893E-04  1.71878E-04  8.53007E-05
   10939.582   1268.626  18.300  1.71577E-04  1.71570E-04  4.09714E-05
   10946.564   1275.608  18.350  1.71261E-04  1.71261E-04 -2.57195E-06
   10953.565   1282.609  18.400  1.70946E-04  1.70953E-04 -4.35082E-05
   10960.585   1289.628  18.450  1.70631E-04  1.70645E-04 -8.03133E-05
   10967.624   1296.667  18.500  1.70317E-04  1.70336E-04 -1.11789E-04
   10974.682   1303.725  18.550  1.70005E-04  1.70028E-04 -1.37061E-04
   10981.759   1310.802  18.600  1.69693E-04  1.69720E-04 -1.55553E-04
   10988.855   1317.899  18.650  1.69383E-04  1.69411E-04 -1.66958E-04
   10995.970   1325.014  18.700  1.69074E-04  1.69103E-04 -1.71208E-04
   11003.104   1332.148  18.750  1.68766E-04  1.68795E-04 -1.68455E-04
   11010.257   1339.301  18.800  1.68459E-04  1.68486E-04 -1.59063E-04
   11017.430   1346.473  18.850  1.68154E-04  1.68178E-04 -1.43611E-04
   11024.621   1353.665  18.900  1.67849E-04  1.67869E-04 -1.22896E-04
   11031.831   1360.875  18.950  1.67545E-04  1.67561E-04 -9.79277E-05
   11039.061   1368.105  19.000  1.67241E-04  1.67253E-04 -6.99104E-05
   11046.309   1375.353  19.050  1.66971E-04  1.66977E-04 -4.09671E-05
   11053.577   1382.621  19.100  1.66700E-04  1.66702E-04 -1.10509E-05
   11060.863   1389.907  19.150  1.66430E-04  1.66427E-04  1.84620E-05
   11068.169   1397.213  19.200  1.66159E-04  1.66152E-04  4.62032E-05
   11075.494   1404.538  19.250  1.65888E-04  1.65876E-04  7.08989E-05
   11082.838   1411.881  19.300  1.65616E-04  1.65601E-04  9.14529E-05
   11090.200   1419.244  19.350  1.65343E-04  1.65326E-04  1.07017E-04
   11097.582   1426.626  19.400  1.65070E-04  1.65050E-04  1.17042E-04
   11104.983   1434.027  19.450  1.64795E-04  1.64775E-04  1.21301E-04
   11112.403   1441.447  19.500  1.64519E-04  1.64500E-04  1.19888E-04
   11119.842   1448.886  19.550  1.64243E-04  1.64224E-04  1.13197E-04
   11127.300   1456.344  19.600  1.63966E-04  1.63949E-04  1.01868E-04
   11134.777   1463.821  19.650  1.63688E-04  1.63674E-04  8.67370E-05
   11142.273   1471.317  19.700  1.63410E-04  1.63398E-04  6.87686E-05
   11149.788   1478.832  19.750  1.63131E-04  1.63123E-04  4.89917E-05
   11157.323   1486.366  19.800  1.62852E-04  1.62848E-04  2.84421E-05
   11164.876   1493.920  19.850  1.62574E-04  1.62572E-04  8.11188E-06
   11172.448   1501.492  19.900  1.62295E-04  1.62297E-04 -1.10912E-05
   11180.040   1509.084  19.950  1.62017E-04  1.62022E-04 -2.83760E-05
   11187.650   1516.694  20.000  1.61740E-04  1.61747E-04 -4.30923E-05
