# # Once                                                         FEFF 10.0.0 
# # POT  SCF 100  9.0000   0, NO core-hole, FOLP (folp(0)= 1.150)
# # Abs   Z=30 Rmt= 1.378 Rnm= 1.522 K  shell
# #   RGRID 0.0100
# # Pot 1 Z= 6 Rmt= 0.897 Rnm= 1.122
# # Pot 2 Z= 6 Rmt= 0.924 Rnm= 1.165
# # Pot 3 Z= 1 Rmt= 0.551 Rnm= 0.958
# # Pot 4 Z=16 Rmt= 1.260 Rnm= 1.480
# # Gam_ch=1.897E+00 H-L exch Vi=-5.000E-01 Vr= 0.000E+00
# # Mu=-7.339E+00eV kf=1.972E+00 Vint=-1.291E+01eV Rs_int= 1.839
# # PATH  Rmax= 9.000,  Keep_limit= 0.00, Heap_limit 0.00  Pwcrit= 2.50%
#  S02=1.000  Temp=  10.00  Debye_temp= 315.00  Global_sig2= 0.00000
#  Energy zero shift, vr, vi    0.00000E+00   0.00000E+00
#  Curved wave amplitude ratio filter   4.000%
#     file         sig2 tot  cw amp ratio   deg  nlegs   reff  inp sig2
#           1       0.00300    100.00      1.00     2   2.3552
#           2       0.00304     99.50      1.00     2   2.3600
#           3       0.00311     98.64      1.00     2   2.3685
#           4       0.00313     98.53      1.00     2   2.3695
#           5       0.02608     15.07      1.00     2   2.9994
#           6       0.02606     13.07      1.00     2   3.1801
#           7       0.02909     12.70      1.00     2   3.2176
#           8       0.03365     12.41      1.00     2   3.2477
#           9       0.03038     12.36      1.00     2   3.2533
#          10       0.00608     42.35      1.00     2   3.2973
#          11       0.00646     42.25      1.00     2   3.3006
#          12       0.00598     41.71      1.00     2   3.3176
#          13       0.00594     39.38      1.00     2   3.3942
#          14       0.03180     10.83      1.00     2   3.4336
#          15       0.01309     20.54      2.00     3   3.6965
#          16       0.00421     49.83      2.00     3   3.7413
#          17       0.00433     49.33      2.00     3   3.7483
#          18       0.00419     49.74      2.00     3   3.7499
#          19       0.01098     30.12      1.00     2   3.7758
#          20       0.00427     48.58      2.00     3   3.7945
#          21       0.01403     14.18      2.00     3   3.8136
#          22       0.01464     13.19      2.00     3   3.8215
#          23       0.01278     16.19      2.00     3   3.8332
#          24       0.01608      9.59      2.00     3   3.8880
#          25       0.00989     27.63      1.00     2   3.9058
#          26       0.03944      7.86      1.00     2   3.9081
#          27       0.01617      9.18      2.00     3   3.9765
#          28       0.01670      9.18      2.00     3   3.9886
#          29       0.01696      9.05      2.00     3   4.0094
#          30       0.01948      7.15      1.00     2   4.0587
#          31       0.01850     20.38      2.00     3   4.0583
#          32       0.03381      7.09      1.00     2   4.0726
#          33       0.02430     12.37      1.00     4   4.0923
#          34       0.00955      4.64      2.00     4   4.1441
#          35       0.00448     17.79      1.00     4   4.1822
#          36       0.00450     18.37      1.00     4   4.1853
#          37       0.00457     15.34      1.00     4   4.1947
#          38       0.00456     18.19      1.00     4   4.1960
#          39       0.01718     16.85      2.00     3   4.2162
#          40       0.01329     22.01      2.00     3   4.2263
#          41       0.01550      6.43      1.00     2   4.2321
#          42       0.00983      5.33      2.00     4   4.2334
#          43       0.00428     11.31      2.00     3   4.2372
#          44       0.01171     22.35      1.00     2   4.2399
#          46       0.00431     11.74      2.00     3   4.2528
#          47       0.00429     11.64      2.00     3   4.2598
#          48       0.03659      6.33      1.00     2   4.2605
#          49       0.01294      6.32      1.00     2   4.2612
#          51       0.01231      6.30      1.00     2   4.2691
#          52       0.00460     11.45      2.00     3   4.2695
#          53       0.02304     10.64      1.00     4   4.2721
#          54       0.00635     24.79      2.00     3   4.2943
#          55       0.00843     21.56      1.00     2   4.2995
#          56       0.02557     10.17      1.00     4   4.3097
#          57       0.01102     28.13      2.00     3   4.3299
#          58       0.01112     26.95      2.00     3   4.3360
#          59       0.03439     10.60      1.00     4   4.3408
#          60       0.02676      9.81      1.00     4   4.3458
#          61       0.01170     22.83      2.00     3   4.3598
#          62       0.00439     14.13      2.00     3   4.3623
#          63       0.00605     22.65      2.00     3   4.3699
#          64       0.00440     14.27      2.00     3   4.3710
#          65       0.01140     34.81      1.00     4   4.3906
#          66       0.01141     18.85      1.00     4   4.3938
#          67       0.02036      4.66      2.00     3   4.4086
#          68       0.01118     31.86      1.00     4   4.4109
#          69       0.03307      5.78      1.00     2   4.4151
#          70       0.01337      9.39      2.00     3   4.4164
#          71       0.00598     18.64      2.00     3   4.4707
#          72       0.01093     22.60      1.00     4   4.4876
#          73       0.01271     11.34      2.00     3   4.4988
#          74       0.01199     12.26      2.00     3   4.5018
#          75       0.01180     12.23      2.00     3   4.5092
#          76       0.03164      9.19      1.00     4   4.5267
#          77       0.00573     18.54      2.00     3   4.5379
#          78       0.00587     28.35      2.00     3   4.5585
#          79       0.02113     11.70      2.00     3   4.5646
#          80       0.00953     29.83      2.00     4   4.5700
#          81       0.00616     21.95      2.00     3   4.5756
#          82       0.01692      8.13      2.00     4   4.5762
#          83       0.00951     28.60      2.00     4   4.5767
#          84       0.01157      8.47      2.00     4   4.5768
#          85       0.00965     16.05      2.00     4   4.5839
#          86       0.01824      4.16      2.00     3   4.5870
#          87       0.01371      6.10      2.00     3   4.5880
#          88       0.01765      4.07      2.00     3   4.6196
#          89       0.02194     10.31      2.00     3   4.6207
#          90       0.02115      6.06      2.00     4   4.6221
#          91       0.00959     22.33      2.00     4   4.6265
#          92       0.01294      6.46      2.00     3   4.6355
#          94       0.01753      4.00      2.00     3   4.6412
#          95       0.02469      5.24      2.00     3   4.6481
#          96       0.01075     16.23      2.00     4   4.6740
#          97       0.01110      8.77      2.00     4   4.6803
#          98       0.01986      4.96      1.00     2   4.6888
#          99       0.01715      9.64      2.00     4   4.6945
#         100       0.01763      9.91      2.00     4   4.7019
#         101       0.00605     19.14      2.00     3   4.7043
#         102       0.01905     11.34      2.00     3   4.7070
#         103       0.00601     12.38      1.00     4   4.7103
#         105       0.01638      8.28      2.00     4   4.7147
#         106       0.00608     12.26      1.00     4   4.7200
#         108       0.01094      8.75      2.00     3   4.7244
#         109       0.00472      7.95      2.00     4   4.7247
#         110       0.02340      5.17      2.00     3   4.7269
#         111       0.00475      8.21      2.00     4   4.7285
#         113       0.01868      4.07      2.00     3   4.7312
#         114       0.00542     19.68      2.00     3   4.7313
#         115       0.01744      8.12      2.00     3   4.7325
#         116       0.00622     12.04      1.00     4   4.7370
#         118       0.00533     12.17      2.00     4   4.7383
#         119       0.00626     12.01      1.00     4   4.7390
#         120       0.01411      6.55      1.00     4   4.7424
#         121       0.01408      6.55      1.00     4   4.7493
#         122       0.01005     18.81      2.00     4   4.7601
#         123       0.01414      5.45      1.00     4   4.7654
#         124       0.01762      4.47      2.00     3   4.7666
#         125       0.00958     20.72      2.00     4   4.7683
#         126       0.00949     21.02      2.00     4   4.7739
#         128       0.01574     19.99      2.00     3   4.7800
#         129       0.01149      7.24      2.00     3   4.7849
#         130       0.01860     12.38      2.00     5   4.7897
#         131       0.01229     16.76      2.00     5   4.7894
#         132       0.02847      4.68      1.00     2   4.7941
#         133       0.01962      5.42      2.00     4   4.7988
#         134       0.00517      9.76      2.00     4   4.8022
#         135       0.01876      4.66      1.00     2   4.8048
#         137       0.00638      6.59      1.00     4   4.8128
#         138       0.02514      5.25      2.00     3   4.8143
#         139       0.00667     20.41      1.00     4   4.8175
#         140       0.01299      6.91      2.00     4   4.8186
#         141       0.01998      5.23      2.00     4   4.8321
#         142       0.00632      4.27      1.00     4   4.8340
#         144       0.00942     56.80      2.00     5   4.8347
#         145       0.00959     31.22      2.00     5   4.8415
#         147       0.00933     53.64      2.00     5   4.8432
#         148       0.02737      5.50      2.00     4   4.8471
#         151       0.02017      5.10      2.00     4   4.8541
#         152       0.01700      4.89      2.00     3   4.8603
#         154       0.01254      7.30      2.00     4   4.8659
#         155       0.01621      6.05      1.00     4   4.8687
#         156       0.01365     22.33      1.00     4   4.8712
#         158       0.00937     41.26      2.00     5   4.8878
#         159       0.02452      5.47      2.00     3   4.8931
#         160       0.02338      4.44      1.00     2   4.8964
#         161       0.01466     18.32      2.00     3   4.9029
#         162       0.02003     14.15      2.00     5   4.9070
#         163       0.00653     10.86      1.00     4   4.9112
#         164       0.01373     11.48      2.00     5   4.9140
#         165       0.02082     14.40      2.00     5   4.9149
#         166       0.01840     12.50      2.00     5   4.9265
#         167       0.02364      4.15      2.00     4   4.9413
#         168       0.02195      8.33      2.00     4   4.9458
#         169       0.01657      5.27      2.00     3   4.9481
#         170       0.01201     10.11      2.00     4   4.9543
#         171       0.01240      9.70      2.00     4   4.9563
#         173       0.00561     11.08      2.00     4   4.9758
#         174       0.01479      4.59      2.00     5   4.9798
#         175       0.01345     12.27      2.00     4   4.9834
#         176       0.00512     11.22      2.00     4   4.9893
#         177       0.00507     16.71      2.00     4   4.9903
#         178       0.01156     10.89      2.00     4   4.9915
#         179       0.01571      6.22      1.00     4   4.9988
#         180       0.01289     19.98      1.00     4   5.0011
#         181       0.04794      6.57      1.00     4   5.0014
#         182       0.00506      9.74      2.00     4   5.0020
#         184       0.00511     17.23      2.00     4   5.0062
#         185       0.00961     24.41      2.00     5   5.0090
#         186       0.00961     24.90      2.00     5   5.0140
#         187       0.01204      8.38      2.00     4   5.0145
#         188       0.02559      4.94      2.00     4   5.0175
#         190       0.00827      4.95      2.00     3   5.0207
#         191       0.01078      9.24      2.00     5   5.0208
#         193       0.00968     19.92      2.00     5   5.0267
#         195       0.00964     12.33      2.00     5   5.0316
#         196       0.00504     10.94      2.00     4   5.0399
#         197       0.02550      5.13      2.00     4   5.0626
#         198       0.01919     10.23      2.00     3   5.0635
#         199       0.01499      5.14      2.00     5   5.0654
#         200       0.01591      5.30      2.00     5   5.0727
#         201       0.01403      6.53      2.00     3   5.0751
#         202       0.02355      7.42      2.00     3   5.0813
#         203       0.01473      8.30      2.00     4   5.0831
#         205       0.01636      5.22      2.00     5   5.0942
#         206       0.01932      4.00      1.00     2   5.0963
#         207       0.01626      6.52      2.00     4   5.0996
#         210       0.02071      7.34      2.00     4   5.1034
#         212       0.01727      5.69      2.00     4   5.1066
#         213       0.00726      5.04      2.00     3   5.1091
#         214       0.01067      9.49      2.00     5   5.1126
#         215       0.01375      6.45      2.00     5   5.1149
#         216       0.01278      5.75      2.00     4   5.1185
#         217       0.01377      9.17      2.00     4   5.1206
#         218       0.00698      8.98      1.00     4   5.1225
#         219       0.00712      8.89      1.00     4   5.1271
#         220       0.02240      8.52      2.00     3   5.1279
#         222       0.01386      6.93      2.00     3   5.1430
#         223       0.01473     10.54      2.00     3   5.1445
#         224       0.00707      8.99      1.00     4   5.1446
#         225       0.02317      7.00      2.00     5   5.1513
#         226       0.06926     16.10      2.00     5   5.1514
#         227       0.01601      5.18      1.00     4   5.1520
#         228       0.02100     13.01      2.00     5   5.1538
#         229       0.01187      7.48      2.00     4   5.1587
#         230       0.00562      4.44      1.00     4   5.1631
#         231       0.01176      5.08      2.00     4   5.1644
#         233       0.00575      5.15      1.00     4   5.1657
#         234       0.03415      5.85      1.00     4   5.1655
#         235       0.01179     14.84      2.00     4   5.1663
#         237       0.00565      4.58      1.00     4   5.1700
#         238       0.00713      5.23      2.00     3   5.1706
#         239       0.01394      8.58      2.00     4   5.1711
#         240       0.01618      6.27      2.00     3   5.1763
#         242       0.01558      7.53      2.00     3   5.1802
#         243       0.01257      6.46      2.00     4   5.1849
#         244       0.05085     12.28      1.00     6   5.1852
#         245       0.02362      4.61      2.00     4   5.2134
#         246       0.01252     17.39      2.00     5   5.2133
#         247       0.01519     14.66      2.00     3   5.2159
#         248       0.00702      8.89      1.00     4   5.2205
#         249       0.01164      6.47      2.00     4   5.2334
#         251       0.01688      9.34      2.00     6   5.2373
#         252       0.01147      5.86      2.00     4   5.2399
#         253       0.01146     15.34      2.00     4   5.2412
#         254       0.01351     13.49      2.00     3   5.2509
#         255       0.00589     10.71      2.00     5   5.2568
#         256       0.00552     35.89      2.00     5   5.2652
#         257       0.02245      6.05      2.00     4   5.2668
#         258       0.00571     10.35      2.00     5   5.2663
#         259       0.01736      5.42      2.00     5   5.2702
#         260       0.00930      4.55      1.00     6   5.2743
#         261       0.00980     25.15      1.00     6   5.2755
#         263       0.00995     26.16      1.00     6   5.2787
#         264       0.01496      8.64      2.00     3   5.2865
#         265       0.00914      8.01      1.00     6   5.2868
#         266       0.00977     20.10      1.00     6   5.2880
#         267       0.00962      8.54      1.00     6   5.2889
#         268       0.00996     13.91      1.00     6   5.2892
#         269       0.01286     13.40      2.00     4   5.2985
#         270       0.02580      6.05      2.00     3   5.3034
#         271       0.01763      4.86      2.00     4   5.3086
#         272       0.02303      6.56      2.00     5   5.3093
#         273       0.06048     13.37      2.00     5   5.3093
#         274       0.00568     22.89      2.00     5   5.3114
#         275       0.01989     11.44      2.00     5   5.3116
#         276       0.02185     19.49      2.00     5   5.3195
#         278       0.01127     11.96      2.00     4   5.3269
#         279       0.01758     10.26      2.00     6   5.3267
#         280       0.01457      7.68      2.00     3   5.3281
#         281       0.01303      8.84      2.00     5   5.3300
#         282       0.01790      6.22      1.00     4   5.3329
#         283       0.01383     14.89      1.00     4   5.3354
#         284       0.01344      7.53      2.00     5   5.3371
#         286       0.01921     10.87      2.00     6   5.3393
#         287       0.01995      4.22      2.00     4   5.3503
#         288       0.01248     13.11      2.00     5   5.3501
#         289       0.01264      9.52      2.00     4   5.3507
#         290       0.01669      4.77      2.00     4   5.3566
#         291       0.01233     10.20      2.00     5   5.3566
#         293       0.02689      7.82      2.00     4   5.3594
#         294       0.02406      4.88      1.00     4   5.3594
#         295       0.01984     10.90      2.00     6   5.3589
#         296       0.01239     13.13      2.00     4   5.3670
#         298       0.01210     11.58      2.00     4   5.3760
#         299       0.01974      4.02      2.00     4   5.3769
#         300       0.01963      5.40      2.00     5   5.3792
#         301       0.01464      4.23      2.00     4   5.3805
#         302       0.02280      5.51      2.00     4   5.3834
#         305       0.01078      5.48      2.00     5   5.3861
#         306       0.01105      7.94      2.00     5   5.3874
#         307       0.01198     34.80      2.00     5   5.3877
#         308       0.01207      9.49      2.00     5   5.3873
#         310       0.01107     11.29      2.00     4   5.3883
#         311       0.01106     33.67      2.00     5   5.3898
#         312       0.02324      5.39      2.00     4   5.3907
#         313       0.01477      6.94      1.00     4   5.3926
#         314       0.01183     12.66      1.00     4   5.3951
#         316       0.00697      7.16      2.00     3   5.3970
#         317       0.02719      4.51      2.00     3   5.3977
#         318       0.01300      9.39      2.00     4   5.3991
#         319       0.02705      4.15      2.00     3   5.4020
#         320       0.02202      5.64      2.00     4   5.4025
#         321       0.01216     10.93      2.00     4   5.4035
#         322       0.01655      7.96      2.00     4   5.4117
#         323       0.02296     24.24      2.00     5   5.4233
#         325       0.01120     10.13      2.00     4   5.4283
#         326       0.02234     23.32      2.00     5   5.4294
#         327       0.01114     16.45      2.00     4   5.4307
#         328       0.01043      8.65      2.00     5   5.4310
#         329       0.00491      8.10      2.00     5   5.4333
#         330       0.00486      6.17      2.00     5   5.4343
#         331       0.01904      4.05      2.00     4   5.4367
#         332       0.00494     12.69      2.00     5   5.4380
#         333       0.01158      9.78      2.00     5   5.4392
#         334       0.00498      8.37      2.00     5   5.4402
#         335       0.01685     12.28      2.00     5   5.4413
#         336       0.02840      4.24      2.00     3   5.4428
#         339       0.02265     11.21      2.00     5   5.4449
#         340       0.01146      7.77      2.00     4   5.4457
#         341       0.01149     15.82      2.00     4   5.4476
#         342       0.01473      4.52      2.00     4   5.4478
#         343       0.01676      4.03      2.00     5   5.4488
#         344       0.02430      5.61      2.00     4   5.4525
#         345       0.02133     20.06      2.00     5   5.4532
#         348       0.01069      7.51      2.00     5   5.4629
#         349       0.01159     31.57      2.00     5   5.4632
#         350       0.01208     10.58      2.00     5   5.4629
#         352       0.01645      5.64      2.00     4   5.4635
#         353       0.01079     32.19      2.00     5   5.4652
#         354       0.00649     11.52      2.00     3   5.4664
#         355       0.01476      5.52      1.00     4   5.4663
#         356       0.01369      4.01      2.00     4   5.4690
#         357       0.00643      8.32      2.00     3   5.4699
#         358       0.00654     11.36      2.00     3   5.4708
#         360       0.01154      8.95      2.00     4   5.4750
#         361       0.01113      4.95      2.00     5   5.4789
#         363       0.00645     10.83      2.00     3   5.4825
#         365       0.02078      8.04      2.00     6   5.4832
#         366       0.01166      9.98      2.00     4   5.4842
#         367       0.02343     34.90      1.00     6   5.4840
#         368       0.01969      9.07      2.00     6   5.4868
#         369       0.02322     19.29      1.00     6   5.4871
#         370       0.01222      4.41      2.00     5   5.4980
#         371       0.01071      6.74      2.00     4   5.5032
#         372       0.02024      8.29      2.00     6   5.5030
#         374       0.02293     32.07      1.00     6   5.5043
#         375       0.01530      4.43      2.00     4   5.5075
#         376       0.02543      5.35      2.00     4   5.5080
#         377       0.01234     13.12      2.00     4   5.5099
#         378       0.01821      8.23      2.00     5   5.5096
#         379       0.01266     10.01      2.00     4   5.5134
#         380       0.01230      5.85      2.00     4   5.5191
#         381       0.01123      7.18      2.00     5   5.5208
#         382       0.01112      9.57      2.00     5   5.5229
#         384       0.01350      6.19      2.00     4   5.5279
#         385       0.01328      5.19      2.00     5   5.5319
#         386       0.01121      8.82      2.00     4   5.5350
#         387       0.01119      9.89      2.00     4   5.5412
#         388       0.01636     11.20      2.00     5   5.5439
#         389       0.02696      4.80      2.00     4   5.5496
#         390       0.02191     10.14      2.00     5   5.5493
#         392       0.01411      4.36      2.00     5   5.5506
#         393       0.01244     12.51      2.00     4   5.5515
#         394       0.01631      4.06      2.00     5   5.5517
#         396       0.01463      4.40      1.00     4   5.5598
#         397       0.02013      4.60      2.00     5   5.5595
#         398       0.01068     21.44      2.00     5   5.5662
#         399       0.00793     18.96      2.00     5   5.5666
#         400       0.01052      6.56      2.00     4   5.5688
#         402       0.03339      5.41      2.00     3   5.5693
#         403       0.01632      4.43      2.00     4   5.5694
#         404       0.01384     12.75      2.00     5   5.5739
#         405       0.00795     18.67      2.00     5   5.5748
#         406       0.01242      6.06      2.00     4   5.5753
#         407       0.01239      7.01      2.00     4   5.5763
#         408       0.02121      4.09      2.00     4   5.5760
#         409       0.01574      5.03      2.00     4   5.5765
#         410       0.00797     19.21      2.00     5   5.5769
#         412       0.02232     23.05      1.00     6   5.5809
#         413       0.02031      4.28      2.00     4   5.5822
#         414       0.03016      4.16      2.00     4   5.5861
#         415       0.01765      9.77      2.00     5   5.5921
#         416       0.02233      5.09      2.00     4   5.5946
#         417       0.01795     10.39      2.00     5   5.5951
#         418       0.02179      4.33      2.00     5   5.5956
#         420       0.03439      7.09      2.00     4   5.6029
#         421       0.01819     10.34      2.00     5   5.6026
#         423       0.01935      7.83      2.00     5   5.6074
#         424       0.03147      4.40      2.00     4   5.6084
#         425       0.01724      4.07      2.00     4   5.6085
#         427       0.01640      7.82      2.00     5   5.6095
#         429       0.01062     12.67      2.00     5   5.6103
#         431       0.00540     14.69      2.00     4   5.6160
#         432       0.01244      4.65      2.00     4   5.6165
#         435       0.02120      4.64      2.00     4   5.6202
#         436       0.00815     19.82      2.00     5   5.6207
#         439       0.01218      5.55      2.00     4   5.6226
#         441       0.01084     12.83      2.00     5   5.6290
#         442       0.02261      4.16      2.00     5   5.6308
#         443       0.02978      4.09      2.00     5   5.6311
#         444       0.01058     20.41      2.00     5   5.6332
#         445       0.00536     13.64      2.00     4   5.6341
#         446       0.01186     10.70      2.00     5   5.6350
#         449       0.01252      8.37      2.00     5   5.6407
#         450       0.01156      5.54      2.00     5   5.6458
#         451       0.01176      7.82      2.00     4   5.6464
#         452       0.01297      8.16      2.00     5   5.6468
#         453       0.01181      4.29      2.00     5   5.6490
#         454       0.01121     20.57      2.00     5   5.6517
#         455       0.01215     16.88      2.00     5   5.6516
#         456       0.00716     11.12      2.00     4   5.6524
#         457       0.00537     12.80      2.00     4   5.6545
#         458       0.01039     28.10      2.00     5   5.6541
#         459       0.00959      7.31      2.00     4   5.6573
#         460       0.02898     10.71      2.00     5   5.6576
#         461       0.01135      8.79      2.00     5   5.6594
#         462       0.02341      8.29      2.00     5   5.6601
#         463       0.00738     10.89      2.00     4   5.6606
#         464       0.01207     18.93      2.00     6   5.6610
#         466       0.01867     29.18      2.00     6   5.6633
#         468       0.01900      7.86      2.00     5   5.6671
#         469       0.01157     23.34      2.00     5   5.6689
#         470       0.01235     13.19      2.00     5   5.6686
#         471       0.07942      8.12      2.00     6   5.6691
#         472       0.02158      8.17      2.00     6   5.6694
#         473       0.01012      7.22      2.00     4   5.6702
#         475       0.01726     25.14      2.00     6   5.6702
#         476       0.01794      5.80      2.00     6   5.6698
#         477       0.01856     28.03      2.00     6   5.6700
#         478       0.01435      8.61      2.00     6   5.6699
#         479       0.01067     28.66      2.00     5   5.6711
#         480       0.01522      6.64      2.00     6   5.6710
#         481       0.01059      4.74      2.00     5   5.6722
#         482       0.01786      9.77      2.00     6   5.6723
#         483       0.00951      7.28      2.00     4   5.6727
#         484       0.01047     12.92      2.00     5   5.6735
#         485       0.01437     13.69      2.00     5   5.6773
#         486       0.01967     16.22      2.00     6   5.6772
#         487       0.01513      6.48      2.00     6   5.6780
#         488       0.01116      9.06      2.00     4   5.6803
#         489       0.01912      5.19      2.00     5   5.6810
#         490       0.01397     19.58      2.00     5   5.6810
#         491       0.01081      9.08      2.00     4   5.6827
#         495       0.01092     11.94      2.00     5   5.6848
#         496       0.01035      5.38      2.00     5   5.6855
#         497       0.00705     10.13      2.00     4   5.6861
#         498       0.01178      7.83      2.00     5   5.6863
#         500       0.01175     12.27      2.00     5   5.6873
#         501       0.01825      4.94      2.00     5   5.6887
#         502       0.01120     17.90      2.00     5   5.6897
#         506       0.00568      8.50      2.00     4   5.6954
#         508       0.01158      4.54      2.00     5   5.6964
#         509       0.01411     15.39      2.00     5   5.6975
#         510       0.01592      7.35      2.00     5   5.6988
#         511       0.00579      8.12      1.00     6   5.6986
#         512       0.00588      7.15      1.00     6   5.7009
#         514       0.01114      4.97      2.00     5   5.7040
#         516       0.01087     12.97      2.00     5   5.7053
#         517       0.01710      4.71      2.00     5   5.7068
#         519       0.00614     13.35      1.00     6   5.7117
#         520       0.00629     17.15      1.00     6   5.7128
#         521       0.02847      5.46      2.00     5   5.7137
#         524       0.03042      6.36      2.00     6   5.7153
#         525       0.06528      6.37      2.00     6   5.7150
#         526       0.02278      8.33      2.00     5   5.7162
#         527       0.01868     22.18      2.00     6   5.7198
#         529       0.01518      5.62      2.00     6   5.7229
#         531       0.01329      6.53      2.00     4   5.7283
#         532       0.01871      5.46      2.00     5   5.7285
#         536       0.01298     12.38      2.00     5   5.7326
#         537       0.01359      6.81      2.00     4   5.7341
#         538       0.01780      5.19      2.00     5   5.7360
#         540       0.01071      6.55      2.00     4   5.7378
#         541       0.01118     11.56      2.00     5   5.7426
#         542       0.01266     19.27      2.00     5   5.7432
#         543       0.01229     16.92      2.00     6   5.7504
#         544       0.00721      4.89      2.00     4   5.7542
#         546       0.00940     12.93      1.00     4   5.7569
#         547       0.01928      6.54      2.00     5   5.7566
#         548       0.01939      6.61      2.00     5   5.7564
#         549       0.00958      6.96      2.00     4   5.7628
#         550       0.01256     13.11      2.00     6   5.7623
#         551       0.00701      6.59      2.00     4   5.7638
#         552       0.01019      6.09      2.00     4   5.7659
#         554       0.01820     16.29      2.00     6   5.7672
#         556       0.03149      4.82      2.00     3   5.7691
#         557       0.01845      5.77      2.00     6   5.7734
#         558       0.01415      8.88      2.00     6   5.7734
#         559       0.01368     17.66      2.00     5   5.7741
#         560       0.01652     22.83      2.00     6   5.7737
#         561       0.01753      9.18      2.00     6   5.7757
#         563       0.01131      8.33      2.00     5   5.7814
#         564       0.01281     11.42      2.00     6   5.7811
#         565       0.01105     15.31      2.00     5   5.7833
#         567       0.07159      9.36      2.00     6   5.7866
#         568       0.02077      9.52      2.00     6   5.7878
#         570       0.07522      9.57      2.00     6   5.7944
#         571       0.02087      9.78      2.00     6   5.7953
#         573       0.01220      8.70      2.00     5   5.7973
#         574       0.01073     19.47      2.00     5   5.7998
#         576       0.01099     11.74      2.00     5   5.7993
#         577       0.01787      8.50      2.00     5   5.7993
#         578       0.02821     10.33      2.00     5   5.8000
#         579       0.01583      4.28      2.00     5   5.8008
#         580       0.01230      4.10      2.00     4   5.8015
#         581       0.03224      6.17      2.00     4   5.8021
#         582       0.02219      7.50      2.00     5   5.8023
#         583       0.02300      6.85      2.00     5   5.8027
#         584       0.06659      8.18      2.00     6   5.8067
#         585       0.01230      9.12      2.00     5   5.8077
#         586       0.02224      4.01      2.00     5   5.8075
#         587       0.01130     10.78      2.00     5   5.8078
#         588       0.02115      8.26      2.00     6   5.8080
#         591       0.01056     24.56      2.00     5   5.8099
#         592       0.01227      6.85      2.00     5   5.8151
#         594       0.00769     14.34      1.00     4   5.8164
#         595       0.01735      6.86      2.00     5   5.8174
#         596       0.01777      8.45      2.00     5   5.8193
#         599       0.02359      7.64      2.00     5   5.8246
#         600       0.01735      6.46      2.00     5   5.8241
#         601       0.01093     10.49      2.00     5   5.8243
#         602       0.02410      5.39      2.00     5   5.8256
#         606       0.01069     17.92      2.00     5   5.8269
#         607       0.02037      7.24      2.00     5   5.8281
#         608       0.01749      4.08      2.00     5   5.8284
#         609       0.01162     10.25      2.00     6   5.8314
#         611       0.01006     28.35      2.00     6   5.8338
#         612       0.01688      6.65      1.00     6   5.8358
#         613       0.01823      7.84      2.00     5   5.8381
#         616       0.01092      8.38      2.00     5   5.8418
#         617       0.01704      6.65      1.00     6   5.8427
#         618       0.01757      4.18      2.00     5   5.8432
#         619       0.01638      4.78      2.00     5   5.8437
#         620       0.01901     13.12      2.00     5   5.8455
#         621       0.01076      7.29      2.00     5   5.8460
#         622       0.01074     13.27      2.00     5   5.8479
#         623       0.01650      7.48      2.00     6   5.8495
#         626       0.01163      4.76      2.00     5   5.8512
#         627       0.00956      8.14      2.00     4   5.8520
#         628       0.01092     13.99      2.00     5   5.8524
#         630       0.01842      5.61      2.00     5   5.8531
#         631       0.01811     18.77      2.00     6   5.8534
#         632       0.01680      7.47      2.00     5   5.8550
#         633       0.01074      4.91      2.00     5   5.8566
#         635       0.01709      5.63      1.00     6   5.8587
#         636       0.02230      6.75      2.00     5   5.8598
#         637       0.02238      5.24      2.00     5   5.8598
#         638       0.01604      6.85      2.00     5   5.8593
#         639       0.01036      7.38      2.00     5   5.8600
#         641       0.01029      7.09      2.00     5   5.8613
#         643       0.01842     20.94      2.00     6   5.8617
#         645       0.01026     11.70      2.00     5   5.8625
#         646       0.01064      6.10      2.00     5   5.8632
#         648       0.01598      5.27      2.00     5   5.8637
#         649       0.01673      4.34      2.00     5   5.8637
#         651       0.01872     21.31      2.00     6   5.8673
#         653       0.01046      8.33      2.00     5   5.8711
#         655       0.01023      7.67      2.00     5   5.8733
#         658       0.02699     17.27      2.00     5   5.8755
#         659       0.01043      8.72      2.00     5   5.8759
#         660       0.01842      9.77      2.00     5   5.8764
#         661       0.01172     16.21      2.00     5   5.8768
#         662       0.01027     13.00      2.00     5   5.8784
#         663       0.01757      5.87      2.00     5   5.8779
#         664       0.01569      4.80      2.00     5   5.8792
#         666       0.05869     14.36      2.00     7   5.8826
#         667       0.03198     14.08      2.00     7   5.8829
#         668       0.01736      5.55      2.00     5   5.8847
#         669       0.01868      4.98      2.00     5   5.8863
#         670       0.01858      6.24      2.00     5   5.8864
#         671       0.01085     27.06      2.00     5   5.8862
#         674       0.05419      5.71      2.00     6   5.8908
#         675       0.03020      5.69      2.00     6   5.8921
#         677       0.01099      9.22      2.00     6   5.8952
#         681       0.01001     28.05      2.00     6   5.8975
#         684       0.01383      4.70      2.00     5   5.9054
#         686       0.01246      4.26      1.00     6   5.9058
#         687       0.01938     41.13      2.00     6   5.9062
#         688       0.01094      6.26      1.00     6   5.9059
#         690       0.01170     14.53      1.00     6   5.9083
#         691       0.01034      5.38      2.00     5   5.9101
#         692       0.01112     10.24      1.00     6   5.9104
#         693       0.02010     41.57      2.00     6   5.9107
#         694       0.01480     12.64      2.00     6   5.9104
#         695       0.01242     11.25      1.00     6   5.9106
#         697       0.01022     10.30      2.00     5   5.9120
#         698       0.01389      6.28      2.00     5   5.9116
#         699       0.01833     11.11      2.00     6   5.9115
#         700       0.01378      5.64      2.00     5   5.9135
#         701       0.01054      8.39      2.00     5   5.9131
#         702       0.01078     16.47      1.00     6   5.9131
#         703       0.01385      9.32      2.00     5   5.9139
#         704       0.01856      6.73      2.00     6   5.9140
#         705       0.01209      7.90      2.00     5   5.9160
#         706       0.01634      6.47      2.00     5   5.9172
#         707       0.01658      6.49      2.00     5   5.9219
#         708       0.05451      5.50      2.00     6   5.9242
#         709       0.03299      5.49      2.00     6   5.9255
#         710       0.01897     41.80      2.00     6   5.9273
#         711       0.01057      6.71      1.00     6   5.9270
#         712       0.01243      5.12      1.00     6   5.9270
#         713       0.01822      5.12      2.00     7   5.9272
#         714       0.01903     63.31      2.00     7   5.9280
#         715       0.01137     14.57      1.00     6   5.9293
#         716       0.00933      7.95      2.00     4   5.9326
#         717       0.01828      6.03      2.00     7   5.9344
#         718       0.01928     34.90      2.00     7   5.9347
#         719       0.01794      5.76      2.00     7   5.9353
#         720       0.01884     59.71      2.00     7   5.9366
#         721       0.01642      7.36      2.00     6   5.9394
#         722       0.03713      5.74      2.00     6   5.9401
#         723       0.10994      5.80      2.00     6   5.9402
#         725       0.01873      6.08      2.00     6   5.9437
#         726       0.05543      5.36      2.00     6   5.9467
#         728       0.03425      5.36      2.00     6   5.9475
#         729       0.01823      8.95      2.00     5   5.9490
#         731       0.01532     10.24      2.00     5   5.9512
#         732       0.01121     12.63      2.00     5   5.9518
#         735       0.01102     13.11      2.00     5   5.9575
#         737       0.01823     11.66      2.00     6   5.9590
#         738       0.01388      8.03      2.00     5   5.9601
#         739       0.01014      8.70      2.00     5   5.9611
#         740       0.01792      6.47      2.00     6   5.9613
#         741       0.01835      4.90      2.00     5   5.9616
#         742       0.03242      5.93      2.00     6   5.9618
#         743       0.03260      5.97      1.00     6   5.9617
#         744       0.01524      7.82      2.00     5   5.9627
#         746       0.02930     10.27      2.00     6   5.9642
#         747       0.02161     11.37      2.00     6   5.9643
#         748       0.02796     22.39      1.00     6   5.9667
#         751       0.01307     10.61      2.00     6   5.9706
#         752       0.01511      9.91      2.00     5   5.9714
#         753       0.02588      8.94      2.00     5   5.9723
#         754       0.01577      8.30      2.00     6   5.9762
#         756       0.01796      7.26      2.00     7   5.9798
#         757       0.01889     45.79      2.00     7   5.9811
#         761       0.01868      4.27      2.00     5   5.9908
#         764       0.02198      4.01      2.00     5   5.9975
#         765       0.02543     15.89      2.00     5   5.9983
#         766       0.05476     16.34      2.00     7   5.9991
#         767       0.03368     16.28      2.00     7   6.0003
#         768       0.01860     40.19      2.00     6   6.0045
#         769       0.01136      8.05      1.00     6   6.0046
#         770       0.01267      7.84      1.00     6   6.0042
#         771       0.01139      7.85      2.00     5   6.0055
#         772       0.01115     14.86      1.00     6   6.0067
#         773       0.05729     16.61      2.00     7   6.0074
#         774       0.03480     16.62      2.00     7   6.0083
#         775       0.00869      9.36      1.00     6   6.0092
#         776       0.00871      9.39      1.00     6   6.0106
#         777       0.01083      6.76      2.00     5   6.0118
#         778       0.05105     14.50      2.00     7   6.0185
#         779       0.03134     14.31      2.00     7   6.0198
#         780       0.00891      9.45      1.00     6   6.0209
#         781       0.00882      9.26      1.00     6   6.0224
#         782       0.01014      7.11      2.00     5   6.0249
#         784       0.01761      8.64      2.00     6   6.0308
#         786       0.01018      5.23      2.00     5   6.0329
#         790       0.09238      8.04      2.00     6   6.0389
#         794       0.02369      8.06      2.00     6   6.0413
#         797       0.00993      7.79      2.00     5   6.0467
#         798       0.01840     14.55      2.00     6   6.0474
#         799       0.02366      6.90      2.00     6   6.0475
#         800       0.05315      9.78      2.00     6   6.0473
#         801       0.02079      5.74      2.00     6   6.0493
#         802       0.01793     17.24      2.00     6   6.0496
#         803       0.01641      5.95      2.00     6   6.0499
#         804       0.01605      9.64      2.00     6   6.0497
#         805       0.00972      6.08      2.00     4   6.0510
#         806       0.01814      7.97      2.00     6   6.0518
#         807       0.01058     11.28      2.00     3   6.0521
#         808       0.01489      8.53      2.00     5   6.0524
#         810       0.02240      5.20      2.00     5   6.0527
#         811       0.01021      5.79      2.00     5   6.0549
#         813       0.01362     10.12      2.00     6   6.0596
#         814       0.01042      4.97      2.00     5   6.0605
#         815       0.00633     17.26      2.00     5   6.0637
#         818       0.01180     22.65      2.00     6   6.0691
#         820       0.01025     28.40      2.00     6   6.0713
#         821       0.01440      9.67      2.00     6   6.0730
#         822       0.01012      6.56      2.00     5   6.0735
#         823       0.01335     46.93      2.00     5   6.0754
#         824       0.01968      6.81      2.00     6   6.0766
#         825       0.01997     10.01      2.00     6   6.0765
#         827       0.05508     11.95      2.00     6   6.0763
#         828       0.01776      6.26      2.00     6   6.0768
#         829       0.02082      6.95      2.00     6   6.0768
#         830       0.00629     15.95      2.00     5   6.0781
#         835       0.01125      5.49      2.00     6   6.0826
#         836       0.01086     20.20      2.00     6   6.0826
#         838       0.01752      9.19      2.00     6   6.0831
#         839       0.01874     11.61      2.00     6   6.0831
#         840       0.01264     11.21      2.00     6   6.0834
#         841       0.01094     17.29      2.00     6   6.0835
#         842       0.01428     17.57      2.00     6   6.0847
#         843       0.01652     15.27      2.00     6   6.0847
#         844       0.02150      6.40      2.00     6   6.0846
#         845       0.01620     10.72      2.00     6   6.0844
#         846       0.01758      4.34      2.00     6   6.0855
#         847       0.01069     14.48      2.00     6   6.0855
#         849       0.01271     22.39      2.00     6   6.0859
#         850       0.00623     15.27      2.00     5   6.0868
#         852       0.01806      7.93      2.00     6   6.0871
#         853       0.01458      9.47      2.00     6   6.0908
#         854       0.03162      6.20      1.00     6   6.0919
#         855       0.01226     36.01      2.00     5   6.0925
#         856       0.01509     12.26      2.00     6   6.0924
#         857       0.01652      8.36      2.00     6   6.0930
#         858       0.01120      5.87      2.00     6   6.0934
#         859       0.01064     15.92      2.00     6   6.0931
#         860       0.02760      9.81      2.00     6   6.0942
#         861       0.02090      9.45      2.00     6   6.0942
#         862       0.00652     10.76      2.00     5   6.0957
#         863       0.01075     20.27      2.00     6   6.0953
#         865       0.01123      5.33      2.00     6   6.0966
#         866       0.02641     20.09      1.00     6   6.0965
#         867       0.03477      4.24      2.00     5   6.0972
#         868       0.01346     17.63      2.00     6   6.0973
#         869       0.00890      4.96      2.00     4   6.0979
#         871       0.01103      6.65      2.00     6   6.0992
#         872       0.01368     18.42      2.00     6   6.0994
#         873       0.01085     17.16      2.00     6   6.1008
#         874       0.01780      5.15      2.00     7   6.1011
#         875       0.00865      5.54      2.00     5   6.1013
#         876       0.00855      5.71      2.00     5   6.1013
#         877       0.01020     27.47      2.00     6   6.1018
#         878       0.01773     27.44      2.00     7   6.1023
#         879       0.00777      4.18      1.00     4   6.1050
#         880       0.00874      5.52      2.00     5   6.1050
#         881       0.00861      5.68      2.00     5   6.1050
#         882       0.04696      8.22      2.00     6   6.1065
#         883       0.01773      4.28      2.00     7   6.1065
#         884       0.01805     12.49      2.00     6   6.1075
#         885       0.01802     28.05      2.00     7   6.1073
#         886       0.00931      7.56      2.00     4   6.1101
#         887       0.01684      5.92      2.00     6   6.1100
#         888       0.03679      5.15      2.00     6   6.1105
#         889       0.09584      5.20      2.00     6   6.1105
#         891       0.01513     10.28      2.00     7   6.1140
#         893       0.00831      4.16      1.00     4   6.1145
#         894       0.01709     18.07      2.00     7   6.1142
#         897       0.01730      9.15      2.00     7   6.1163
#         898       0.00880      5.44      2.00     5   6.1178
#         899       0.00878      5.61      2.00     5   6.1178
#         900       0.01761      6.55      2.00     7   6.1188
#         901       0.00919      6.23      2.00     5   6.1196
#         902       0.01774     22.35      2.00     7   6.1200
#         903       0.01191     15.10      2.00     6   6.1213
#         904       0.01754      5.20      2.00     7   6.1245
#         905       0.01783      7.59      2.00     6   6.1253
#         906       0.01811     14.09      2.00     7   6.1248
#         911       0.01208      8.79      1.00     6   6.1287
#         912       0.00998     10.75      2.00     6   6.1288
#         913       0.01026      9.18      2.00     6   6.1288
#         914       0.01208      8.79      1.00     6   6.1287
#         915       0.01053     13.06      2.00     6   6.1298
#         916       0.01184     16.45      2.00     6   6.1298
#         917       0.00974      7.61      2.00     4   6.1303
#         918       0.01164     12.43      2.00     4   6.1309
#         920       0.01019      4.80      2.00     6   6.1331
#         922       0.01032      5.73      2.00     6   6.1331
#         923       0.01133      8.29      2.00     6   6.1329
#         924       0.01072     19.59      2.00     6   6.1333
#         928       0.01010      4.56      2.00     6   6.1349
#         929       0.01019      9.48      2.00     6   6.1349
#         931       0.01320     20.58      2.00     6   6.1355
#         934       0.01790      5.73      2.00     5   6.1370
#         936       0.01546     11.13      2.00     5   6.1376
#         937       0.00991     11.68      2.00     6   6.1376
#         938       0.01005     15.72      2.00     6   6.1374
#         939       0.01020     10.75      2.00     6   6.1376
#         940       0.01031     18.56      2.00     6   6.1374
#         941       0.03206      7.59      2.00     6   6.1390
#         942       0.01086     18.28      2.00     6   6.1434
#         943       0.00774      4.20      1.00     4   6.1457
#         944       0.00823      4.18      1.00     4   6.1505
#         945       0.01207      4.86      2.00     5   6.1506
#         946       0.00801      4.17      1.00     4   6.1511
#         947       0.01829      4.18      2.00     5   6.1514
#         948       0.01814      6.69      2.00     5   6.1552
#         949       0.01903      4.66      2.00     5   6.1552
#         951       0.01551      4.45      2.00     7   6.1551
#         952       0.08444      5.34      2.00     6   6.1557
#         953       0.03256      9.23      2.00     5   6.1565
#         954       0.01909      5.72      2.00     7   6.1574
#         955       0.01248      4.97      2.00     5   6.1584
#         956       0.03643      5.29      2.00     6   6.1580
#         958       0.02141      5.84      2.00     5   6.1590
#         959       0.02412      5.53      2.00     7   6.1587
#         961       0.00892      5.30      2.00     5   6.1630
#         962       0.01879      4.64      2.00     5   6.1631
#         963       0.01713      6.98      2.00     5   6.1633
#         964       0.00883      5.43      2.00     5   6.1630
#         965       0.00780      4.13      1.00     4   6.1645
#         966       0.01974      5.87      2.00     7   6.1648
#         967       0.02418      5.71      2.00     7   6.1661
#         968       0.01850      4.27      2.00     5   6.1667
#         970       0.01566      4.72      2.00     7   6.1686
#         971       0.01551      5.75      2.00     7   6.1683
#         972       0.00871      4.09      1.00     4   6.1694
#         973       0.00937      4.09      1.00     4   6.1704
#         974       0.01834      5.86      2.00     5   6.1705
#         976       0.02267      4.04      2.00     5   6.1726
#         978       0.02480      6.65      2.00     5   6.1743
#         979       0.01070     16.41      2.00     6   6.1744
#         980       0.01189     17.95      2.00     6   6.1744
#         982       0.02022      6.38      2.00     6   6.1765
#         983       0.02133      8.43      2.00     6   6.1761
#         984       0.03064      6.90      2.00     6   6.1786
#         986       0.01029      4.18      2.00     6   6.1797
#         987       0.01931      5.74      2.00     6   6.1806
#         989       0.01021      7.14      2.00     6   6.1816
#         991       0.01007     14.27      2.00     6   6.1835
#         992       0.01034     15.88      2.00     6   6.1835
#         994       0.01901      4.86      2.00     5   6.1861
#         995       0.04598      5.79      2.00     7   6.1867
#         996       0.00958     10.23      2.00     3   6.1871
#         998       0.03268      5.65      2.00     7   6.1876
#         999       0.01848      7.07      2.00     6   6.1886
#        1002       0.01864     16.75      2.00     6   6.1908
#        1003       0.02256      6.16      2.00     6   6.1926
#        1004       0.02261      7.99      2.00     6   6.1929
#        1005       0.02219      8.03      2.00     6   6.1936
#        1006       0.02805      4.57      2.00     7   6.1936
#        1007       0.02610      5.65      2.00     7   6.1945
#        1008       0.02412      5.86      2.00     7   6.1941
#        1009       0.05520      4.50      2.00     7   6.1942
#        1011       0.00909      6.74      2.00     5   6.1969
#        1013       0.07971      7.11      2.00     6   6.1965
#        1014       0.01530     11.97      2.00     6   6.1967
#        1017       0.00984      4.49      2.00     5   6.1977
#        1019       0.02454      7.13      2.00     6   6.1988
#        1020       0.02354      5.47      2.00     6   6.1995
#        1021       0.01778      5.74      2.00     6   6.2001
#        1022       0.02372      8.24      2.00     6   6.1999
#        1023       0.01911      6.57      2.00     6   6.2001
#        1025       0.02295      8.23      2.00     6   6.2015
#        1027       0.01322      8.02      2.00     5   6.2024
#        1028       0.00988      4.17      2.00     5   6.2022
#        1031       0.01456     10.60      2.00     7   6.2057
#        1033       0.01642     17.75      2.00     7   6.2060
#        1034       0.01816      5.12      2.00     6   6.2072
#        1035       0.01958      5.58      2.00     6   6.2072
#        1036       0.01728      8.77      2.00     7   6.2080
#        1038       0.01761      4.93      2.00     6   6.2131
#        1039       0.02063      7.03      2.00     6   6.2131
#        1040       0.04801      9.16      2.00     6   6.2126
#        1041       0.01798      4.19      2.00     6   6.2139
#        1042       0.01995      6.90      2.00     6   6.2139
#        1043       0.02014      7.80      2.00     6   6.2136
#        1044       0.02034     13.80      2.00     6   6.2159
#        1045       0.01752      7.80      2.00     6   6.2195
#        1046       0.01870      5.33      2.00     5   6.2205
#        1047       0.01739      7.20      2.00     6   6.2203
#        1048       0.01841      8.90      2.00     6   6.2203
#        1049       0.02093     11.33      2.00     6   6.2203
#        1050       0.02523      7.46      2.00     5   6.2210
#        1051       0.00671     17.55      2.00     5   6.2213
#        1053       0.02994      7.66      2.00     5   6.2234
#        1054       0.02341      7.06      2.00     6   6.2248
#        1058       0.01613      6.89      2.00     6   6.2317
#        1060       0.02708      9.46      2.00     5   6.2376
#        1061       0.01957     13.24      2.00     6   6.2379
#        1063       0.01855      6.19      2.00     5   6.2384
#        1064       0.01887      5.22      2.00     5   6.2401
#        1066       0.01219     10.80      2.00     5   6.2412
#        1069       0.09896      8.19      2.00     7   6.2444
#        1070       0.04117      7.75      2.00     7   6.2442
#        1072       0.03900      6.00      2.00     7   6.2467
#        1073       0.07690     14.82      2.00     7   6.2469
#        1074       0.00722     19.61      2.00     5   6.2482
#        1075       0.03003      9.09      2.00     5   6.2482
#        1077       0.02200      4.22      2.00     6   6.2490
#        1078       0.03754     14.42      2.00     7   6.2492
#        1079       0.01392     11.27      2.00     5   6.2494
#        1081       0.02765      4.18      2.00     6   6.2517
#        1082       0.01676     10.14      2.00     6   6.2518
#        1083       0.02271      7.60      2.00     6   6.2521
#        1084       0.00979     12.19      2.00     6   6.2539
#        1085       0.02694      7.45      2.00     6   6.2542
#        1086       0.01906      9.80      2.00     6   6.2555
#        1087       0.02313      5.21      2.00     6   6.2574
#        1089       0.01070      7.11      1.00     6   6.2587
#        1091       0.01754      7.06      2.00     6   6.2597
#        1092       0.01667      4.65      2.00     6   6.2599
#        1093       0.01932      5.55      2.00     6   6.2599
#        1095       0.01086      5.06      1.00     6   6.2612
#        1096       0.01023      7.96      2.00     6   6.2611
#        1097       0.01022      7.41      2.00     6   6.2620
#        1098       0.01915     15.18      2.00     6   6.2618
#        1100       0.01299      8.42      2.00     5   6.2640
#        1102       0.01082      6.43      1.00     6   6.2642
#        1103       0.02146      8.73      2.00     6   6.2641
#        1104       0.01945      5.93      2.00     6   6.2644
#        1105       0.01070      4.72      1.00     6   6.2653
#        1106       0.02880      6.67      2.00     6   6.2664
#        1109       0.04515      4.49      2.00     7   6.2685
#        1110       0.01890      5.78      2.00     5   6.2693
#        1111       0.02430      5.68      2.00     7   6.2695
#        1112       0.02382      4.37      2.00     7   6.2695
#        1114       0.01048      9.06      2.00     6   6.2722
#        1115       0.01853      6.86      2.00     5   6.2733
#        1116       0.01048      6.75      2.00     6   6.2736
#        1117       0.01051     10.98      2.00     4   6.2743
#        1118       0.01678      5.49      2.00     6   6.2751
#        1119       0.01681      4.75      2.00     6   6.2749
#        1120       0.01766      5.81      2.00     6   6.2748
#        1122       0.01655     14.78      2.00     6   6.2770
#        1123       0.02894      6.68      2.00     6   6.2779
#        1124       0.00774      6.09      2.00     4   6.2786
#        1126       0.01802      4.31      2.00     6   6.2802
#        1127       0.01736      5.20      2.00     5   6.2799
#        1128       0.03035     10.21      2.00     5   6.2835
#        1130       0.01566     11.14      2.00     6   6.2847
#        1132       0.01553      9.74      2.00     6   6.2895
#        1134       0.01643      7.25      2.00     5   6.2935
#        1136       0.01311      8.46      2.00     5   6.2960
#        1137       0.01031      5.96      2.00     6   6.2955
#        1139       0.01033      4.98      2.00     6   6.3006
#        1140       0.01679      6.71      2.00     6   6.3026
#        1143       0.00964      5.59      2.00     6   6.3056
#        1144       0.00965      5.25      2.00     6   6.3053
#        1145       0.05688     19.48      2.00     7   6.3063
#        1146       0.01792      6.68      2.00     7   6.3062
#        1147       0.02430     14.00      2.00     7   6.3065
#        1148       0.01871     21.88      2.00     7   6.3064
#        1149       0.02843     16.31      2.00     7   6.3065
#        1150       0.02239      6.11      2.00     6   6.3075
#        1154       0.01685      7.88      2.00     7   6.3089
#        1155       0.00984      9.25      2.00     6   6.3101
#        1156       0.02697     12.80      2.00     5   6.3114
#        1158       0.00983      8.65      2.00     6   6.3122
#        1159       0.01015      8.02      2.00     6   6.3133
#        1160       0.01894     11.94      2.00     6   6.3138
#        1163       0.02864      6.72      2.00     6   6.3157
#        1164       0.00979     16.28      2.00     6   6.3185
#        1165       0.01017      7.02      2.00     6   6.3188
#        1166       0.01728      7.24      2.00     6   6.3204
#        1168       0.01955      4.41      2.00     5   6.3250
#        1169       0.01646      8.55      2.00     6   6.3265
#        1170       0.02601      4.14      2.00     6   6.3264
#        1172       0.02474      6.80      2.00     6   6.3287
#        1173       0.01254     13.19      1.00     6   6.3284
#        1176       0.01885      8.14      2.00     6   6.3319
#        1178       0.02202      6.05      2.00     6   6.3329
#        1182       0.01712      6.39      2.00     6   6.3345
#        1183       0.01472     42.16      1.00     6   6.3344
#        1184       0.01644      4.97      2.00     6   6.3352
#        1185       0.01942     15.64      2.00     6   6.3365
#        1189       0.02282     11.83      2.00     5   6.3465
#        1190       0.02887      6.49      2.00     6   6.3485
#        1194       0.01149     19.15      2.00     7   6.3499
#        1195       0.01655      4.82      2.00     6   6.3501
#        1196       0.01268     14.67      1.00     6   6.3504
#        1197       0.01359     34.71      2.00     7   6.3502
#        1198       0.01546     31.64      2.00     7   6.3502
#        1199       0.01784      5.41      2.00     6   6.3505
#        1200       0.01653      5.62      2.00     6   6.3505
#        1202       0.01068     23.78      2.00     7   6.3523
#        1203       0.00914      5.17      2.00     3   6.3541
#        1204       0.03158      4.61      2.00     6   6.3550
#        1205       0.00830      4.02      1.00     4   6.3551
#        1207       0.01217      4.41      2.00     4   6.3564
#        1208       0.01475      9.27      2.00     7   6.3581
#        1209       0.01073     22.96      2.00     7   6.3581
#        1211       0.02116      4.21      2.00     6   6.3586
#        1212       0.01387     37.58      2.00     7   6.3584
#        1213       0.01125      8.55      2.00     7   6.3582
#        1214       0.01618     37.19      2.00     7   6.3584
#        1215       0.01087     20.22      2.00     7   6.3593
#        1217       0.02763      4.14      2.00     6   6.3600
#        1218       0.01332     36.71      2.00     7   6.3596
#        1219       0.01526     34.17      2.00     7   6.3596
#        1221       0.01058     35.28      2.00     7   6.3608
#        1222       0.01057     25.14      2.00     7   6.3616
#        1224       0.04059      7.32      2.00     6   6.3627
#        1225       0.00724      7.25      2.00     4   6.3636
#        1226       0.02738      8.93      2.00     7   6.3636
#        1227       0.01283      8.41      2.00     5   6.3649
#        1229       0.02780      5.09      2.00     7   6.3665
#        1231       0.00974      9.93      2.00     5   6.3691
#        1232       0.02920      6.37      2.00     6   6.3697
#        1235       0.01720      7.01      2.00     6   6.3813
#        1238       0.01866      7.65      2.00     5   6.3821
#        1239       0.01521     14.32      2.00     6   6.3823
#        1240       0.02682      8.27      2.00     7   6.3839
#        1241       0.03264      9.66      2.00     6   6.3843
#        1242       0.01117      8.20      2.00     5   6.3850
#        1245       0.02716     20.65      2.00     6   6.3868
#        1247       0.01174      5.01      2.00     4   6.3902
#        1250       0.01847      6.27      2.00     6   6.3919
#        1251       0.02134     13.94      2.00     6   6.3940
#        1254       0.02097      8.62      2.00     6   6.3949
#        1255       0.01024      5.70      2.00     6   6.3952
#        1256       0.01541     12.67      2.00     6   6.3952
#        1257       0.02723      6.07      2.00     5   6.3963
#        1258       0.02051      6.98      2.00     6   6.3961
#        1260       0.00928      7.00      2.00     5   6.3967
#        1264       0.01150      5.49      2.00     4   6.4010
#        1266       0.01097      7.52      2.00     5   6.4018
#        1268       0.09060      7.68      2.00     7   6.4024
#        1269       0.04061      7.31      2.00     7   6.4023
#        1270       0.01429      6.99      2.00     7   6.4035
#        1271       0.01026      5.65      2.00     6   6.4037
#        1272       0.01554     12.40      2.00     6   6.4037
#        1273       0.02055      4.58      2.00     6   6.4048
#        1274       0.01198     22.02      2.00     7   6.4048
#        1275       0.01359     39.05      2.00     7   6.4048
#        1276       0.01215      4.72      2.00     7   6.4044
#        1278       0.01532     37.34      2.00     7   6.4048
#        1279       0.03688      5.30      2.00     7   6.4046
#        1280       0.06710     13.06      2.00     7   6.4047
#        1281       0.00849      5.84      2.00     3   6.4050
#        1282       0.01072     31.52      2.00     7   6.4070
#        1283       0.03526     12.73      2.00     7   6.4069
#        1284       0.01999      5.71      2.00     6   6.4104
#        1285       0.01030      4.52      2.00     6   6.4104
#        1286       0.01549      9.56      2.00     6   6.4104
#        1287       0.03370     22.17      2.00     7   6.4127
#        1288       0.02368      4.87      2.00     7   6.4124
#        1289       0.01902      6.34      2.00     5   6.4135
#        1290       0.01911      6.19      2.00     5   6.4135
#        1291       0.02079      8.31      2.00     6   6.4131
#        1293       0.01076      7.04      2.00     3   6.4181
#        1295       0.01622      5.26      2.00     6   6.4224
#        1296       0.04768      9.85      2.00     7   6.4221
#        1297       0.02391     10.10      2.00     7   6.4234
#        1298       0.01865     13.58      2.00     7   6.4231
#        1299       0.02876     18.95      2.00     7   6.4234
#        1300       0.01945      4.86      2.00     7   6.4231
#        1301       0.01856      6.82      2.00     5   6.4236
#        1302       0.02016      4.87      2.00     6   6.4257
#        1303       0.01860      6.80      2.00     7   6.4254
#        1304       0.03612      6.28      1.00     6   6.4259
#        1305       0.01386     26.87      1.00     6   6.4282
#        1306       0.03208      8.41      2.00     6   6.4284
#        1309       0.04845      8.33      2.00     7   6.4296
#        1311       0.02461      9.36      2.00     7   6.4305
#        1312       0.01880     12.10      2.00     7   6.4301
#        1313       0.02981     19.52      2.00     7   6.4305
#        1314       0.02053      4.54      2.00     7   6.4302
#        1315       0.02828     15.06      1.00     6   6.4310
#        1316       0.01931      6.75      2.00     7   6.4325
#        1318       0.02934      4.49      2.00     6   6.4344
#        1319       0.01212      4.28      2.00     4   6.4355
#        1322       0.05018     14.73      2.00     7   6.4422
#        1323       0.00700      7.66      2.00     4   6.4425
#        1324       0.02335     11.72      2.00     7   6.4434
#        1325       0.01842     17.11      2.00     7   6.4431
#        1326       0.02690     16.51      2.00     7   6.4434
#        1327       0.02903      7.28      2.00     6   6.4440
#        1328       0.02849      9.55      2.00     6   6.4437
#        1329       0.01885      5.54      2.00     7   6.4435
#        1330       0.02292      7.34      2.00     6   6.4459
#        1331       0.01738      7.07      2.00     7   6.4456
#        1332       0.01792      5.32      2.00     6   6.4462
#        1336       0.01717     11.40      2.00     7   6.4499
#        1337       0.01926     16.67      2.00     7   6.4499
#        1339       0.01072      6.89      2.00     5   6.4517
#        1340       0.02518      9.00      2.00     6   6.4523
#        1341       0.02317      5.04      1.00     6   6.4524
#        1342       0.01795      8.38      2.00     7   6.4521
#        1343       0.01036      5.47      2.00     6   6.4527
#        1344       0.01555     11.03      2.00     6   6.4527
#        1347       0.01786      5.92      2.00     6   6.4604
#        1348       0.02613      6.05      2.00     7   6.4611
#        1350       0.02080     13.62      2.00     6   6.4624
#        1351       0.01066      9.55      2.00     5   6.4628
#        1357       0.00966      8.20      2.00     5   6.4659
#        1358       0.02222      4.87      2.00     6   6.4675
#        1359       0.02863     11.40      2.00     6   6.4690
#        1360       0.01545     18.27      2.00     6   6.4712
#        1361       0.01794      5.46      2.00     6   6.4716
#        1363       0.02178      9.73      2.00     7   6.4723
#        1364       0.00980      6.04      2.00     6   6.4726
#        1365       0.01726     12.86      2.00     6   6.4733
#        1366       0.00981      5.58      2.00     6   6.4737
#        1368       0.02297      5.02      2.00     6   6.4755
#        1369       0.02828      4.58      2.00     6   6.4767
#        1370       0.02443      9.09      2.00     7   6.4789
#        1371       0.02097      5.23      2.00     7   6.4802
#        1372       0.02694      4.82      2.00     7   6.4804
#        1373       0.02388     10.49      2.00     7   6.4802
#        1374       0.02367      4.18      2.00     7   6.4802
#        1375       0.01861      4.19      2.00     5   6.4810
#        1376       0.01996     21.41      2.00     7   6.4808
#        1377       0.02367     40.93      2.00     7   6.4810
#        1378       0.02200      9.70      2.00     7   6.4806
#        1379       0.01069      8.28      2.00     5   6.4813
#        1381       0.01773      4.62      2.00     7   6.4817
#        1384       0.02755      8.87      2.00     7   6.4827
#        1385       0.02248      9.32      2.00     7   6.4827
#        1386       0.02038      9.80      2.00     7   6.4829
#        1387       0.02379     18.49      2.00     7   6.4831
#        1388       0.01612      4.97      2.00     6   6.4837
#        1389       0.02887      4.74      2.00     6   6.4840
#        1390       0.02208     38.27      2.00     7   6.4852
#        1391       0.02985      7.06      1.00     6   6.4856
#        1392       0.01819      4.04      2.00     5   6.4861
#        1393       0.02594      8.22      2.00     6   6.4882
#        1395       0.02414     12.85      1.00     6   6.4907
#        1396       0.02025      7.17      2.00     6   6.4909
#        1397       0.02079      4.25      2.00     6   6.4914
#        1398       0.02222      9.61      2.00     6   6.4921
#        1400       0.01842      4.77      2.00     6   6.4925
#        1401       0.01040     28.64      2.00     6   6.4928
#        1403       0.02263      6.17      2.00     6   6.4947
#        1404       0.02719      4.11      2.00     6   6.4958
#        1406       0.02188      4.33      2.00     6   6.4964
#        1407       0.01756      4.36      2.00     6   6.4967
#        1408       0.02211     11.22      2.00     6   6.4966
#        1409       0.01697      5.98      2.00     7   6.4966
#        1412       0.02505      6.35      2.00     6   6.4991
#        1414       0.01300     21.33      2.00     6   6.5003
#        1415       0.01925      6.87      2.00     6   6.5004
#        1418       0.01979      5.17      2.00     6   6.5023
#        1419       0.02858      8.06      2.00     6   6.5047
#        1423       0.00826     34.91      2.00     6   6.5072
#        1424       0.01855     15.21      2.00     6   6.5084
#        1425       0.01683      4.14      2.00     6   6.5093
#        1427       0.01677      4.04      2.00     6   6.5147
#        1429       0.03034     10.17      2.00     6   6.5152
#        1430       0.02616      5.93      2.00     7   6.5158
#        1431       0.03502     27.37      2.00     7   6.5166
#        1432       0.02192      4.45      2.00     6   6.5176
#        1433       0.02429     19.26      2.00     6   6.5175
#        1435       0.00820     15.56      2.00     6   6.5183
#        1436       0.02080     10.45      2.00     6   6.5213
#        1438       0.02540      5.76      2.00     7   6.5215
#        1439       0.01517      4.43      2.00     6   6.5223
#        1441       0.01052     36.80      2.00     6   6.5230
#        1442       0.03412     26.35      2.00     7   6.5227
#        1443       0.01660      4.02      2.00     6   6.5239
#        1444       0.01763      5.30      2.00     6   6.5238
#        1445       0.01605      6.23      2.00     6   6.5239
#        1446       0.01533      4.09      2.00     7   6.5241
#        1447       0.01443     11.05      2.00     7   6.5254
#        1448       0.01998     16.56      2.00     6   6.5263
#        1450       0.01131      7.28      2.00     7   6.5264
#        1451       0.01140     17.86      2.00     7   6.5266
#        1453       0.01085      6.53      2.00     5   6.5274
#        1454       0.01075      6.39      2.00     7   6.5273
#        1456       0.01123     18.48      2.00     7   6.5276
#        1457       0.01024     11.87      2.00     7   6.5287
#        1458       0.01446      8.97      2.00     7   6.5295
#        1459       0.01013     11.56      2.00     7   6.5296
#        1460       0.01410      8.45      2.00     5   6.5305
#        1462       0.01161      5.35      2.00     7   6.5310
#        1464       0.01080      6.03      2.00     7   6.5309
#        1467       0.01502     15.57      2.00     6   6.5314
#        1468       0.01133     15.47      2.00     7   6.5312
#        1469       0.01561     10.93      2.00     7   6.5320
#        1471       0.01865     14.43      2.00     7   6.5324
#        1472       0.01039      5.63      2.00     7   6.5322
#        1475       0.01677      4.17      2.00     7   6.5332
#        1476       0.03668      6.57      2.00     6   6.5338
#        1478       0.01075      4.97      2.00     7   6.5334
#        1479       0.01113     19.15      2.00     7   6.5335
#        1480       0.01020     20.01      2.00     7   6.5336
#        1481       0.02575      5.17      2.00     6   6.5340
#        1482       0.06418     13.57      2.00     7   6.5344
#        1483       0.00670      5.43      2.00     4   6.5348
#        1484       0.00856      5.75      2.00     4   6.5350
#        1486       0.03153     13.65      2.00     7   6.5347
#        1487       0.01806      8.35      2.00     7   6.5348
#        1488       0.01033     18.05      2.00     7   6.5357
#        1489       0.01526      6.41      2.00     7   6.5364
#        1491       0.01078      4.07      2.00     7   6.5372
#        1492       0.01031     11.21      2.00     5   6.5376
#        1493       0.05184     13.28      2.00     7   6.5380
#        1494       0.03722     12.72      2.00     7   6.5383
#        1495       0.01611      5.30      2.00     6   6.5391
#        1497       0.01787      6.01      2.00     6   6.5389
#        1498       0.02144      8.06      2.00     6   6.5387
#        1499       0.01610      6.47      2.00     6   6.5389
#        1501       0.01777      4.44      2.00     6   6.5406
#        1502       0.01703      4.74      2.00     6   6.5409
#        1503       0.01628      5.56      2.00     6   6.5412
#        1504       0.01169      5.01      2.00     5   6.5417
#        1505       0.02028      5.69      1.00     6   6.5417
#        1506       0.01182      6.17      2.00     5   6.5419
#        1509       0.01963     15.98      2.00     6   6.5431
#        1510       0.01104     15.53      2.00     7   6.5437
#        1512       0.02387      5.06      2.00     7   6.5452
#        1513       0.06649      5.47      2.00     6   6.5455
#        1514       0.03277     22.75      2.00     7   6.5465
#        1515       0.01109      6.98      2.00     7   6.5468
#        1516       0.02661      5.63      2.00     6   6.5479
#        1517       0.01115     14.31      2.00     7   6.5485
#        1518       0.01909      4.10      2.00     6   6.5489
#        1531       0.02007      5.38      2.00     7   6.5553
#        1532       0.01740      6.06      2.00     6   6.5555
#        1533       0.01636      4.96      2.00     6   6.5563
#        1534       0.01803      5.43      2.00     6   6.5561
#        1535       0.01635      5.85      2.00     6   6.5561
#        1536       0.02616      5.27      2.00     7   6.5560
#        1537       0.01956     17.81      2.00     7   6.5563
#        1538       0.02085      9.40      2.00     7   6.5563
#        1539       0.02396     11.83      2.00     7   6.5560
#        1540       0.02890      5.86      2.00     6   6.5565
#        1541       0.00796     25.99      2.00     6   6.5569
#        1543       0.02285     37.26      2.00     7   6.5565
#        1545       0.01249      8.03      2.00     5   6.5577
#        1548       0.02675      8.99      2.00     7   6.5583
#        1549       0.02190      9.57      2.00     7   6.5583
#        1550       0.01995      9.86      2.00     7   6.5583
#        1551       0.02182     16.88      2.00     7   6.5586
#        1552       0.01219     11.02      2.00     5   6.5597
#        1554       0.01710      4.31      2.00     6   6.5595
#        1555       0.01680      4.11      2.00     6   6.5593
#        1556       0.01819      4.72      2.00     6   6.5602
#        1560       0.02157     36.47      2.00     7   6.5606
#        1561       0.02019      5.22      1.00     6   6.5610
#        1562       0.01877      5.66      1.00     6   6.5619
#        1563       0.01240     13.56      2.00     7   6.5621
#        1565       0.01179      8.87      2.00     5   6.5633
#        1567       0.01215      7.62      2.00     5   6.5641
#        1570       0.01255     11.99      2.00     7   6.5653
#        1572       0.01697      5.21      2.00     6   6.5688
#        1575       0.01011      4.19      2.00     7   6.5686
#        1578       0.01016      7.97      2.00     7   6.5699
#        1582       0.01690      5.62      2.00     6   6.5714
#        1583       0.01020      6.77      2.00     7   6.5728
#        1585       0.01176      4.40      2.00     7   6.5742
#        1588       0.01578      4.51      2.00     6   6.5746
#        1589       0.01573      4.25      2.00     6   6.5745
#        1590       0.01592      4.02      2.00     6   6.5747
#        1591       0.01236     16.16      2.00     7   6.5746
#        1592       0.01839      4.42      2.00     7   6.5744
#        1594       0.01201      9.25      2.00     5   6.5758
#        1595       0.01219      4.59      2.00     7   6.5758
#        1596       0.01251     14.79      2.00     7   6.5763
#        1598       0.00727      7.16      2.00     4   6.5783
#        1599       0.03559      6.59      2.00     6   6.5781
#        1600       0.01678      4.27      2.00     6   6.5798
#        1602       0.03726      7.43      2.00     5   6.5805
#        1603       0.01691      5.55      2.00     6   6.5811
#        1604       0.01047      4.75      2.00     7   6.5808
#        1606       0.01061      4.44      2.00     7   6.5826
#        1607       0.01711      6.57      2.00     7   6.5824
#        1608       0.01041     13.14      2.00     7   6.5838
#        1609       0.01046     14.71      2.00     7   6.5850
#        1610       0.01411      4.55      2.00     5   6.5863
#        1611       0.01414      4.61      2.00     5   6.5863
#        1612       0.01764      6.91      2.00     6   6.5863
#        1613       0.01734      6.83      2.00     7   6.5891
#        1616       0.01197      5.98      2.00     5   6.5946
#        1617       0.01706      6.46      2.00     6   6.5954
#        1618       0.03022     11.23      2.00     6   6.5987
#        1619       0.00655      6.04      2.00     4   6.5990
#        1620       0.01695      6.41      2.00     6   6.5992
#        1621       0.01213      6.45      2.00     4   6.5999
#        1625       0.01968      4.30      2.00     6   6.6027
#        1626       0.01765      4.57      2.00     6   6.6031
#        1627       0.02526      4.90      2.00     6   6.6029
#        1628       0.02790      6.43      2.00     6   6.6036
#        1629       0.02208      6.53      2.00     6   6.6039
#        1630       0.01975     13.44      2.00     6   6.6055
#        1632       0.02000      6.45      2.00     6   6.6063
#        1633       0.03259      9.93      2.00     6   6.6067
#        1635       0.00730      4.97      2.00     5   6.6080
#        1637       0.01758      6.78      2.00     7   6.6098
#        1638       0.01805      6.11      2.00     6   6.6111
#        1639       0.00739      4.94      2.00     5   6.6128
#        1642       0.00735      4.92      2.00     5   6.6150
#        1645       0.04502     10.80      2.00     7   6.6158
#        1646       0.01670     11.46      2.00     6   6.6160
#        1647       0.02825      8.08      2.00     7   6.6161
#        1649       0.02164      6.24      2.00     7   6.6167
#        1650       0.01691      5.58      2.00     6   6.6196
#        1651       0.02169      4.10      2.00     7   6.6197
#        1652       0.02317      4.86      2.00     7   6.6203
#        1654       0.02053      5.84      2.00     7   6.6205
#        1657       0.02285      4.07      2.00     6   6.6214
#        1658       0.03058      6.12      2.00     7   6.6226
#        1661       0.02902      4.74      2.00     6   6.6234
#        1665       0.00727      4.86      2.00     5   6.6283
#        1666       0.01749      7.47      2.00     5   6.6289
#        1667       0.01345      6.89      2.00     6   6.6292
#        1668       0.01555      6.78      2.00     7   6.6290
#        1669       0.00671      5.16      2.00     5   6.6311
#        1674       0.01631      4.34      2.00     6   6.6367
#        1675       0.05542     12.40      2.00     7   6.6370
#        1676       0.03158     12.49      2.00     7   6.6372
#        1677       0.01393     16.10      2.00     6   6.6375
#        1678       0.00757      4.77      2.00     5   6.6380
#        1679       0.01146      5.00      2.00     6   6.6381
#        1680       0.00761      4.76      2.00     5   6.6390
#        1681       0.04432     12.03      2.00     7   6.6424
#        1682       0.03575     11.55      2.00     7   6.6426
#        1684       0.01312     15.43      2.00     6   6.6440
#        1686       0.02704      4.11      2.00     6   6.6445
#        1687       0.01781      4.84      2.00     6   6.6448
#        1690       0.01481      5.47      2.00     6   6.6464
#        1691       0.02044     12.86      2.00     6   6.6470
#        1692       0.01207      6.39      2.00     6   6.6502
#        1695       0.02211      8.36      2.00     7   6.6525
#        1700       0.01788      4.18      2.00     6   6.6552
#        1702       0.02796      6.21      2.00     7   6.6592
#        1703       0.02425      7.84      2.00     7   6.6592
#        1705       0.00917      4.80      2.00     4   6.6595
#        1706       0.01054     13.25      2.00     7   6.6599
#        1707       0.01704     21.29      2.00     7   6.6599
#        1708       0.01809      4.11      2.00     7   6.6600
#        1710       0.02322      7.83      2.00     5   6.6614
#        1711       0.01152      6.98      2.00     6   6.6610
#        1712       0.01317      5.94      2.00     6   6.6618
#        1714       0.02178     23.70      2.00     7   6.6616
#        1715       0.03598      5.67      2.00     5   6.6624
#        1716       0.01568      5.36      2.00     7   6.6624
#        1718       0.01053      4.55      2.00     5   6.6667
#        1719       0.03951     10.15      2.00     7   6.6668
#        1721       0.01060      4.59      2.00     7   6.6677
#        1723       0.01062     10.36      2.00     7   6.6680
#        1724       0.01741     15.99      2.00     7   6.6680
#        1728       0.03432     18.11      2.00     7   6.6693
#        1730       0.01044     12.88      2.00     7   6.6702
#        1731       0.01679     20.58      2.00     7   6.6702
#        1732       0.02487      4.75      2.00     6   6.6719
#        1734       0.01265      6.15      2.00     6   6.6734
#        1735       0.01905      4.07      2.00     6   6.6794
#        1736       0.01180      6.99      2.00     6   6.6812
#        1737       0.01799     12.03      2.00     6   6.6819
#        1738       0.01867      4.23      2.00     6   6.6832
#        1739       0.01197      5.04      2.00     5   6.6850
#        1740       0.01202      5.38      2.00     5   6.6850
#        1741       0.01676      4.36      2.00     6   6.6848
#        1742       0.02794     10.79      2.00     7   6.6854
#        1743       0.01794      6.37      2.00     5   6.6861
#        1747       0.02812     11.75      2.00     6   6.6875
#        1748       0.01548      7.94      2.00     5   6.6885
#        1749       0.02823     11.41      2.00     7   6.6885
#        1750       0.02336      7.99      2.00     7   6.6887
#        1756       0.02146      6.07      2.00     7   6.6928
#        1757       0.02646      6.90      2.00     5   6.6933
#        1761       0.02273      4.06      2.00     7   6.6955
#        1762       0.01431      6.09      2.00     6   6.6963
#        1763       0.03522      8.29      2.00     6   6.6960
#        1764       0.02854     11.36      2.00     7   6.6960
#        1765       0.02551      7.52      2.00     7   6.6961
#        1767       0.02187      5.06      2.00     7   6.6965
#        1768       0.02113      5.72      2.00     7   6.6967
#        1769       0.02722      8.25      2.00     5   6.6971
#        1770       0.02834      6.24      2.00     7   6.6987
#        1771       0.01878      4.14      2.00     6   6.7004
#        1777       0.01208      4.39      2.00     5   6.7046
#        1778       0.01213      4.75      2.00     5   6.7046
#        1779       0.01907     13.73      2.00     7   6.7058
#        1780       0.00753      5.43      2.00     4   6.7068
#        1781       0.00657      5.90      2.00     5   6.7068
#        1782       0.01038     10.32      2.00     6   6.7092
#        1783       0.01894      4.37      2.00     6   6.7096
#        1784       0.02133      5.45      2.00     6   6.7099
#        1785       0.02390      5.41      2.00     6   6.7099
#        1786       0.01605      4.71      2.00     6   6.7117
#        1787       0.01004      4.73      2.00     7   6.7127
#        1788       0.01601      4.29      2.00     6   6.7132
#        1789       0.01044     11.93      2.00     7   6.7140
#        1790       0.01673     18.53      2.00     7   6.7140
#        1792       0.01858      4.66      2.00     6   6.7157
#        1793       0.02131      5.24      2.00     6   6.7160
#        1794       0.02319      5.19      2.00     6   6.7160
#        1795       0.00738      5.99      2.00     5   6.7175
#        1797       0.01573      5.75      2.00     7   6.7189
#        1801       0.01617      4.52      2.00     6   6.7211
#        1802       0.02349      4.94      2.00     6   6.7210
#        1803       0.02655      7.80      2.00     7   6.7208
#        1804       0.01789      4.21      2.00     7   6.7220
#        1807       0.02391      7.73      2.00     7   6.7238
#        1808       0.01569      5.24      2.00     7   6.7243
#        1809       0.02536      7.47      2.00     7   6.7245
#        1810       0.02676      6.46      2.00     7   6.7263
#        1811       0.02281      4.74      2.00     6   6.7268
#        1812       0.01021     14.32      2.00     6   6.7275
#        1813       0.01785      6.01      2.00     7   6.7278
#        1814       0.03430     11.68      2.00     7   6.7280
#        1815       0.01767      5.90      2.00     7   6.7282
#        1817       0.02158     22.57      2.00     7   6.7286
#        1820       0.03139      5.96      2.00     6   6.7298
#        1821       0.01607     37.94      2.00     7   6.7302
#        1822       0.01760      4.58      2.00     7   6.7304
#        1823       0.01969      7.49      2.00     7   6.7306
#        1824       0.00744      6.00      2.00     5   6.7310
#        1825       0.00754      5.90      2.00     5   6.7318
#        1826       0.02628      7.28      2.00     7   6.7314
#        1827       0.02475      6.99      2.00     5   6.7328
#        1828       0.04301      9.56      2.00     7   6.7328
#        1829       0.02881      8.85      2.00     7   6.7340
#        1830       0.01257     11.92      2.00     6   6.7374
#        1831       0.03207      6.13      2.00     7   6.7387
#        1833       0.01725      8.95      2.00     7   6.7390
#        1834       0.00755      5.95      2.00     5   6.7395
#        1835       0.04281      9.32      2.00     7   6.7393
#        1836       0.01907      5.37      2.00     6   6.7398
#        1837       0.02175      4.53      2.00     6   6.7397
#        1838       0.02345      4.43      2.00     6   6.7397
#        1839       0.03031      9.17      2.00     7   6.7402
#        1842       0.03578      4.70      2.00     7   6.7420
#        1843       0.01757      4.98      2.00     7   6.7423
#        1844       0.02051      4.12      2.00     7   6.7443
#        1845       0.01915      5.70      2.00     7   6.7446
#        1846       0.02694      7.47      2.00     7   6.7444
#        1847       0.02193     24.82      2.00     7   6.7449
#        1848       0.01957      7.82      2.00     7   6.7448
#        1849       0.02429     18.95      2.00     7   6.7446
#        1850       0.01707      5.15      2.00     6   6.7451
#        1851       0.01237      4.14      2.00     5   6.7459
#        1852       0.01228     17.41      2.00     6   6.7458
#        1854       0.01940     10.26      2.00     7   6.7470
#        1856       0.02062     10.96      2.00     7   6.7473
#        1857       0.02567     10.00      2.00     7   6.7472
#        1858       0.02136     10.98      2.00     7   6.7472
#        1859       0.01018     12.49      2.00     6   6.7479
#        1861       0.02158     14.20      2.00     6   6.7498
#        1862       0.02087     31.36      2.00     7   6.7497
#        1863       0.01393      9.10      2.00     6   6.7507
#        1864       0.04551     12.27      2.00     7   6.7505
#        1867       0.04028      9.99      2.00     7   6.7514
#        1868       0.02633      7.98      2.00     7   6.7527
#        1869       0.05433      9.70      2.00     7   6.7530
#        1870       0.03024      4.42      2.00     7   6.7532
#        1872       0.00705      6.31      2.00     4   6.7537
#        1873       0.01228     10.02      2.00     6   6.7539
#        1874       0.03730      9.92      2.00     7   6.7555
#        1875       0.02343      7.56      2.00     6   6.7563
#        1877       0.01792     12.90      2.00     6   6.7576
#        1881       0.01998      5.47      2.00     7   6.7609
#        1882       0.02462     14.86      2.00     7   6.7616
#        1883       0.02715      6.20      2.00     7   6.7619
#        1884       0.02271     27.85      2.00     7   6.7622
#        1885       0.02170      8.06      2.00     7   6.7619
#        1886       0.01398      5.40      2.00     6   6.7634
#        1887       0.02890      9.02      2.00     7   6.7641
#        1889       0.02277      9.99      2.00     7   6.7641
#        1890       0.01971      9.83      2.00     7   6.7645
#        1891       0.02297     12.65      2.00     7   6.7644
#        1892       0.01474      4.92      2.00     6   6.7649
#        1894       0.01371      8.54      2.00     6   6.7661
#        1895       0.01743      4.33      2.00     7   6.7665
#        1896       0.02139     32.17      2.00     7   6.7666
#        1898       0.01980      7.43      2.00     5   6.7677
#        1899       0.02343      5.72      2.00     7   6.7682
#        1900       0.01916     14.01      2.00     7   6.7688
#        1901       0.01955     12.89      2.00     7   6.7704
#        1902       0.02488      4.26      2.00     7   6.7702
#        1903       0.02976     16.13      2.00     7   6.7706
#        1904       0.02193     15.36      2.00     7   6.7706
#        1905       0.01161      7.93      2.00     7   6.7724
#        1906       0.02699      7.11      2.00     7   6.7727
#        1907       0.04410      6.05      2.00     7   6.7735
#        1908       0.03219      5.90      2.00     7   6.7740
#        1909       0.02207      8.01      2.00     7   6.7737
#        1910       0.01898     13.67      2.00     7   6.7739
#        1911       0.02120     12.96      2.00     7   6.7740
#        1912       0.02318      5.43      2.00     7   6.7741
#        1913       0.02905     22.37      2.00     7   6.7742
#        1914       0.02366      8.23      2.00     7   6.7742
#        1915       0.02089      8.90      2.00     6   6.7758
#        1917       0.02173      4.77      2.00     7   6.7763
#        1918       0.02875      4.84      2.00     7   6.7765
#        1919       0.02483      5.87      2.00     7   6.7766
#        1920       0.01834      4.04      2.00     6   6.7770
#        1922       0.01951      4.45      2.00     7   6.7779
#        1923       0.02058      8.92      2.00     6   6.7783
#        1924       0.02433      7.56      2.00     7   6.7782
#        1925       0.02589      6.65      2.00     7   6.7782
#        1926       0.02067      6.16      2.00     7   6.7783
#        1928       0.02541      8.88      2.00     7   6.7787
#        1929       0.02153     13.20      2.00     7   6.7787
#        1930       0.01205     15.00      2.00     6   6.7794
#        1931       0.03406      8.62      2.00     7   6.7793
#        1932       0.01745      5.96      2.00     7   6.7797
#        1933       0.01890      4.25      1.00     6   6.7799
#        1934       0.01809      5.05      2.00     7   6.7797
#        1935       0.01669      6.35      2.00     7   6.7801
#        1937       0.02345      6.33      2.00     7   6.7805
#        1938       0.02834      4.73      2.00     7   6.7805
#        1939       0.02112     13.70      2.00     7   6.7803
#        1940       0.02287     14.16      2.00     7   6.7803
#        1941       0.01548      4.19      2.00     6   6.7808
#        1942       0.04314      5.75      2.00     7   6.7812
#        1944       0.03393      5.69      2.00     7   6.7816
#        1945       0.01986      6.30      2.00     7   6.7819
#        1946       0.01148     73.89      2.00     7   6.7821
#        1947       0.01571      5.85      2.00     7   6.7824
#        1949       0.01140     15.68      2.00     7   6.7827
#        1950       0.01785      7.27      2.00     7   6.7828
#        1951       0.01979      7.66      2.00     7   6.7826
#        1953       0.02611      5.21      2.00     7   6.7829
#        1954       0.02494      7.93      2.00     7   6.7829
#        1955       0.01638      7.66      2.00     7   6.7829
#        1956       0.02129      5.71      2.00     6   6.7836
#        1958       0.02401      4.83      2.00     7   6.7841
#        1959       0.01978     20.38      2.00     7   6.7853
#        1960       0.01800      5.28      2.00     7   6.7858
#        1961       0.01059      9.53      2.00     6   6.7888
#        1962       0.02282      6.19      2.00     7   6.7890
#        1963       0.01714      8.84      2.00     7   6.7897
#        1964       0.01763      8.12      2.00     7   6.7901
#        1965       0.01918     13.19      2.00     7   6.7906
#        1966       0.02401      4.57      2.00     7   6.7905
#        1967       0.02926     17.97      2.00     7   6.7908
#        1968       0.02205     14.02      2.00     7   6.7908
#        1969       0.02533      6.81      2.00     7   6.7928
#        1970       0.01688      5.91      2.00     7   6.7939
#        1972       0.02092     13.12      2.00     7   6.7960
#        1973       0.01091      5.18      2.00     4   6.7968
#        1974       0.02263      5.68      2.00     7   6.7970
#        1975       0.02652      4.08      2.00     7   6.7973
#        1976       0.02154      5.20      2.00     7   6.7973
#        1978       0.01645      7.52      2.00     7   6.7979
#        1979       0.01646      7.17      2.00     7   6.7981
#        1981       0.02394      7.81      2.00     7   6.7986
#        1982       0.02549      6.32      2.00     7   6.7986
#        1984       0.01920      4.98      2.00     7   6.7984
#        1985       0.02434      6.21      2.00     7   6.7994
#        1987       0.01692      4.65      2.00     7   6.7993
#        1988       0.02057     14.87      2.00     7   6.8006
#        1989       0.01492      8.90      2.00     6   6.8020
#        1990       0.02684      7.89      2.00     5   6.8033
#        1991       0.04930      6.18      2.00     7   6.8067
#        1992       0.01792      5.83      2.00     7   6.8069
#        1993       0.13953      6.38      2.00     7   6.8071
#        1996       0.10194      9.58      2.00     7   6.8096
#        1997       0.03962      9.38      2.00     7   6.8117
#        1998       0.02163     11.52      2.00     6   6.8141
#        1999       0.01242     11.65      2.00     6   6.8167
#        2000       0.00823      7.54      2.00     6   6.8167
#        2002       0.04382      6.34      2.00     7   6.8206
#        2003       0.03187      6.18      2.00     7   6.8216
#        2004       0.02783      4.72      2.00     7   6.8239
#        2005       0.03785      9.59      2.00     7   6.8257
#        2006       0.03065     16.07      2.00     7   6.8280
#        2007       0.04252      6.03      2.00     7   6.8281
#        2008       0.01165     48.77      2.00     7   6.8284
#        2009       0.01266      7.75      2.00     6   6.8290
#        2010       0.03206      5.95      2.00     7   6.8290
#        2011       0.02341      4.71      2.00     7   6.8313
#        2012       0.01421      9.69      2.00     6   6.8326
#        2013       0.01746      6.56      2.00     6   6.8334
#        2014       0.01603      9.03      2.00     7   6.8360
#        2015       0.01596      6.53      2.00     7   6.8360
#        2016       0.01919      5.71      2.00     7   6.8361
#        2017       0.01982     14.65      2.00     7   6.8360
#        2018       0.03224     22.18      2.00     7   6.8364
#        2019       0.01795      4.86      2.00     7   6.8362
#        2021       0.01718      6.07      2.00     7   6.8388
#        2022       0.01594      8.96      2.00     7   6.8392
#        2023       0.01587      6.39      2.00     7   6.8392
#        2024       0.01835      8.09      2.00     7   6.8390
#        2028       0.01672      6.40      2.00     7   6.8437
#        2029       0.01857      8.22      2.00     7   6.8437
#        2031       0.02520      6.40      2.00     5   6.8450
#        2032       0.01202      4.17      2.00     5   6.8452
#        2033       0.01832      8.41      2.00     7   6.8454
#        2034       0.01743      6.22      2.00     7   6.8461
#        2036       0.01616     20.57      2.00     7   6.8464
#        2038       0.01188      6.28      2.00     6   6.8476
#        2041       0.03987      7.52      2.00     7   6.8496
#        2043       0.03909     10.91      2.00     6   6.8499
#        2045       0.02586      6.12      2.00     7   6.8519
#        2046       0.03128     16.73      2.00     6   6.8524
#        2047       0.03051      7.51      2.00     7   6.8521
#        2048       0.03344      5.77      2.00     7   6.8521
#        2049       0.01596      8.74      2.00     7   6.8529
#        2050       0.01591      6.70      2.00     7   6.8529
#        2051       0.01654     17.63      2.00     7   6.8527
#        2052       0.01583      5.09      2.00     5   6.8563
#        2053       0.01353      6.47      2.00     6   6.8561
#        2054       0.01559      4.98      2.00     7   6.8561
#        2055       0.01193      8.13      2.00     6   6.8571
#        2056       0.00608      5.77      2.00     5   6.8580
#        2057       0.01586      6.76      2.00     7   6.8581
#        2058       0.01583      4.48      2.00     7   6.8581
#        2059       0.01715      4.91      2.00     7   6.8581
#        2062       0.01593      4.29      2.00     7   6.8592
#        2063       0.01667      6.10      2.00     6   6.8615
#        2064       0.01296      9.75      2.00     6   6.8662
#        2065       0.00836      7.11      2.00     6   6.8662
#        2066       0.00852      6.66      2.00     6   6.8662
#        2067       0.02188      7.11      2.00     7   6.8670
#        2068       0.02368      4.89      2.00     7   6.8671
#        2069       0.01578     28.88      2.00     7   6.8671
#        2070       0.01209      7.20      2.00     6   6.8677
#        2071       0.01869     12.96      2.00     7   6.8675
#        2072       0.02841     20.27      2.00     7   6.8675
#        2073       0.02300      9.93      2.00     7   6.8675
#        2074       0.02576      5.99      2.00     7   6.8697
#        2075       0.02387      7.09      2.00     7   6.8728
#        2076       0.02062     12.68      2.00     7   6.8728
#        2077       0.00626      5.16      2.00     5   6.8739
#        2078       0.01695      8.88      2.00     7   6.8735
#        2079       0.02323      9.65      2.00     7   6.8744
#        2080       0.02598      4.29      2.00     7   6.8747
#        2081       0.02196      5.72      2.00     7   6.8747
#        2082       0.01700      4.69      2.00     7   6.8747
#        2083       0.01803      5.45      2.00     7   6.8763
#        2084       0.02495      5.39      2.00     7   6.8766
#        2085       0.02357      7.66      2.00     7   6.8766
#        2086       0.01669      6.07      2.00     7   6.8769
#        2087       0.01968      6.24      2.00     7   6.8766
#        2088       0.02036     17.47      2.00     7   6.8788
#        2089       0.02086     12.14      2.00     6   6.8834
#        2090       0.01454      4.58      2.00     5   6.8844
#        2091       0.01776      7.09      2.00     7   6.8848
#        2092       0.01025      4.80      2.00     4   6.8859
#        2093       0.01719      4.36      2.00     7   6.8876
#        2095       0.01838      8.74      2.00     7   6.8911
#        2096       0.02208      5.69      2.00     7   6.8914
#        2097       0.01678      6.04      2.00     7   6.8917
#        2098       0.01679      6.05      2.00     7   6.8919
#        2099       0.02163      5.28      2.00     7   6.8928
#        2100       0.01836      4.32      2.00     7   6.8924
#        2103       0.02052      5.24      2.00     7   6.8927
#        2105       0.01238      8.73      2.00     6   6.8928
#        2106       0.02438      5.43      2.00     7   6.8928
#        2107       0.04425     11.81      2.00     7   6.8931
#        2109       0.02975      7.50      2.00     7   6.8928
#        2110       0.02789      7.02      2.00     7   6.8949
#        2111       0.01926     13.06      2.00     7   6.8947
#        2112       0.03214      7.16      2.00     6   6.8952
#        2113       0.02190     21.69      2.00     7   6.8953
#        2114       0.05130      8.79      2.00     7   6.8954
#        2115       0.02962      4.00      2.00     7   6.8954
#        2117       0.03530      9.00      2.00     7   6.8977
#        2120       0.01774      4.16      2.00     7   6.9008
#        2122       0.03616     14.67      2.00     7   6.9028
#        2123       0.01227     13.13      2.00     7   6.9030
#        2124       0.01604      4.69      2.00     7   6.9033
#        2125       0.02169     28.27      2.00     7   6.9032
#        2126       0.01797      5.88      2.00     7   6.9034
#        2127       0.02384      5.97      2.00     7   6.9042
#        2129       0.01968     32.38      2.00     7   6.9053
#        2130       0.00608      5.25      2.00     5   6.9066
#        2131       0.02490      6.80      2.00     7   6.9066
#        2133       0.01714      4.37      2.00     6   6.9084
#        2135       0.02635     12.50      2.00     6   6.9094
#        2137       0.04851      7.80      2.00     7   6.9104
#        2138       0.03120      7.65      2.00     7   6.9105
#        2139       0.01802      4.79      2.00     7   6.9106
#        2140       0.02334     16.52      2.00     6   6.9120
#        2142       0.02452      6.47      2.00     7   6.9120
#        2143       0.02265      5.68      2.00     7   6.9122
#        2144       0.10244      9.41      2.00     7   6.9126
#        2145       0.03506      9.51      2.00     7   6.9126
#        2146       0.02579      4.41      2.00     7   6.9130
#        2147       0.01242      7.55      2.00     6   6.9137
#        2148       0.00901     10.34      2.00     5   6.9139
#        2150       0.02868     13.68      2.00     6   6.9161
#        2151       0.04746      7.44      2.00     7   6.9170
#        2152       0.02822      7.32      2.00     7   6.9171
#        2153       0.03789      8.80      2.00     7   6.9179
#        2154       0.06670      9.10      2.00     7   6.9179
#        2156       0.00678      4.43      2.00     5   6.9185
#        2157       0.00681      4.45      2.00     5   6.9185
#        2159       0.08319      6.31      2.00     7   6.9184
#        2160       0.04120      6.18      2.00     7   6.9186
#        2165       0.02112      4.05      2.00     6   6.9194
#        2167       0.02206      4.37      2.00     7   6.9197
#        2168       0.02602     16.25      2.00     6   6.9204
#        2169       0.02204      5.65      2.00     7   6.9200
#        2170       0.02440      8.17      2.00     7   6.9200
#        2175       0.06660      8.39      2.00     7   6.9210
#        2176       0.02180     20.05      2.00     7   6.9225
#        2177       0.03492      8.23      2.00     7   6.9237
#  1645/2000 paths used
#  -----------------------------------------------------------------------
#       k          chi          mag           phase @#
     0.0000    9.820906E+00  1.073656E+01  1.986787E+00
     0.0500    9.487689E+00  1.057011E+01  2.027308E+00
     0.1000    9.145084E+00  1.040452E+01  2.067931E+00
     0.1500    8.111435E+00  9.940421E+00  2.187127E+00
     0.2000    7.025952E+00  9.482894E+00  2.307171E+00
     0.2500    5.287897E+00  8.819526E+00  2.498633E+00
     0.3000    3.550548E+00  8.169057E+00  2.691961E+00
     0.3500    1.452186E+00  7.438640E+00  2.945109E+00
     0.4000   -3.933817E-01  6.721202E+00  3.200155E+00
     0.4500   -2.100041E+00  6.024998E+00  3.497621E+00
     0.5000   -3.240979E+00  5.331702E+00  3.794967E+00
     0.5500   -3.912727E+00  4.724992E+00  4.117288E+00
     0.6000   -3.948863E+00  4.104808E+00  4.435861E+00
     0.6500   -3.595469E+00  3.599964E+00  4.762367E+00
     0.7000   -2.864257E+00  3.069720E+00  5.080335E+00
     0.7500   -2.060273E+00  2.654727E+00  5.394764E+00
     0.8000   -1.230134E+00  2.216189E+00  5.694742E+00
     0.8500   -5.505655E-01  1.880924E+00  5.986125E+00
     0.9000   -4.318501E-02  1.533718E+00  6.255025E+00
     0.9500    2.936451E-01  1.269009E+00  6.516699E+00
     1.0000    4.477581E-01  1.006647E+00  6.744138E+00
     1.0500    5.129186E-01  8.126501E-01  6.966243E+00
     1.1000    4.769378E-01  6.315301E-01  7.139160E+00
     1.1500    4.222487E-01  4.943502E-01  7.307098E+00
     1.2000    3.392960E-01  3.769757E-01  7.403064E+00
     1.2500    2.670340E-01  2.869658E-01  7.479079E+00
     1.3000    2.047161E-01  2.228719E-01  7.447549E+00
     1.3500    1.592772E-01  1.803011E-01  7.366244E+00
     1.4000    1.358616E-01  1.676004E-01  7.228409E+00
     1.4500    1.280967E-01  1.692584E-01  7.141607E+00
     1.5000    1.391305E-01  1.843957E-01  7.138110E+00
     1.5500    1.587174E-01  1.985598E-01  7.209386E+00
     1.6000    1.829261E-01  2.106929E-01  7.334773E+00
     1.6500    2.025219E-01  2.162332E-01  7.495955E+00
     1.7000    2.116094E-01  2.149086E-01  7.678533E+00
     1.7500    2.069028E-01  2.069385E-01  7.872548E+00
     1.8000    1.868922E-01  1.913063E-01  8.069215E+00
     1.8500    1.577193E-01  1.714590E-01  8.257039E+00
     1.9000    1.248795E-01  1.487285E-01  8.428145E+00
     1.9500    8.375894E-02  1.097749E-01  8.556827E+00
     2.0000    7.180048E-02  1.048534E-01  8.670490E+00
     2.0500    5.275976E-02  8.684019E-02  8.771806E+00
     2.1000    4.260018E-02  7.255700E-02  8.797273E+00
     2.1500    3.901888E-02  6.383798E-02  8.767180E+00
     2.2000    3.776627E-02  5.840160E-02  8.721574E+00
     2.2500    3.258096E-02  5.017783E-02  8.718101E+00
     2.3000    3.316548E-02  4.610345E-02  8.621882E+00
     2.3500    3.863476E-02  4.826427E-02  8.496676E+00
     2.4000    4.717502E-02  5.628394E-02  8.430875E+00
     2.4500    5.276767E-02  6.367072E-02  8.447892E+00
     2.5000    5.785949E-02  7.373919E-02  8.522646E+00
     2.5500    5.976071E-02  8.501784E-02  8.645284E+00
     2.6000    5.656375E-02  9.650178E-02  8.798489E+00
     2.6500    4.565250E-02  1.040768E-01  8.970690E+00
     2.7000    2.970156E-02  1.114407E-01  9.154994E+00
     2.7500    9.080844E-03  1.183407E-01  9.347968E+00
     2.8000   -1.514751E-02  1.246125E-01  9.546636E+00
     2.8500   -3.950446E-02  1.274502E-01  9.739929E+00
     2.9000   -6.356179E-02  1.298432E-01  9.936326E+00
     2.9500   -8.587129E-02  1.317380E-01  1.013478E+01
     3.0000   -1.050650E-01  1.331431E-01  1.033414E+01
     3.0500   -1.189320E-01  1.331758E-01  1.052885E+01
     3.1000   -1.281570E-01  1.329791E-01  1.072545E+01
     3.1500   -1.321150E-01  1.324553E-01  1.092388E+01
     3.2000   -1.304616E-01  1.315358E-01  1.112346E+01
     3.2500   -1.231421E-01  1.299959E-01  1.132174E+01
     3.3000   -1.108718E-01  1.282114E-01  1.152170E+01
     3.3500   -9.408422E-02  1.259948E-01  1.172324E+01
     3.4000   -7.372896E-02  1.232064E-01  1.192485E+01
     3.4500   -5.127308E-02  1.198854E-01  1.212444E+01
     3.5000   -2.809807E-02  1.162197E-01  1.232218E+01
     3.5500   -5.519874E-03  1.122871E-01  1.251719E+01
     3.6000    1.533964E-02  1.081897E-01  1.270863E+01
     3.6500    3.335969E-02  1.039245E-01  1.289316E+01
     3.7000    4.836110E-02  9.976084E-02  1.307247E+01
     3.7500    6.027363E-02  9.584443E-02  1.324647E+01
     3.8000    6.929712E-02  9.230581E-02  1.341554E+01
     3.8500    7.575040E-02  8.939217E-02  1.357743E+01
     3.9000    8.012908E-02  8.702294E-02  1.373645E+01
     3.9500    8.271881E-02  8.521600E-02  1.389448E+01
     4.0000    8.364097E-02  8.393436E-02  1.405353E+01
     4.0500    8.302255E-02  8.326176E-02  1.421299E+01
     4.1000    8.058904E-02  8.294994E-02  1.437632E+01
     4.1500    7.609183E-02  8.287278E-02  1.454451E+01
     4.2000    6.930504E-02  8.289869E-02  1.471797E+01
     4.2500    6.034766E-02  8.309982E-02  1.489517E+01
     4.3000    4.908286E-02  8.321523E-02  1.507711E+01
     4.3500    3.577782E-02  8.316000E-02  1.526322E+01
     4.4000    2.092040E-02  8.287126E-02  1.545276E+01
     4.4500    5.239198E-03  8.250174E-02  1.564442E+01
     4.5000   -1.061273E-02  8.185616E-02  1.583798E+01
     4.5500   -2.582178E-02  8.093079E-02  1.603270E+01
     4.6000   -3.961530E-02  7.973738E-02  1.622790E+01
     4.6500   -5.144564E-02  7.844217E-02  1.642326E+01
     4.7000   -6.074319E-02  7.693717E-02  1.661798E+01
     4.7500   -6.719575E-02  7.525800E-02  1.681165E+01
     4.8000   -7.068576E-02  7.344222E-02  1.700392E+01
     4.8500   -7.137773E-02  7.162815E-02  1.719512E+01
     4.9000   -6.935758E-02  6.974743E-02  1.738454E+01
     4.9500   -6.493563E-02  6.783463E-02  1.757217E+01
     5.0000   -5.849575E-02  6.592263E-02  1.775801E+01
     5.0500   -5.049264E-02  6.411799E-02  1.794282E+01
     5.1000   -4.130432E-02  6.237125E-02  1.812576E+01
     5.1500   -3.134195E-02  6.070136E-02  1.830700E+01
     5.2000   -2.098340E-02  5.912370E-02  1.848674E+01
     5.2500   -1.047660E-02  5.772358E-02  1.866705E+01
     5.3000   -1.587113E-04  5.643562E-02  1.884674E+01
     5.3500    9.714092E-03  5.526069E-02  1.902626E+01
     5.4000    1.891542E-02  5.419504E-02  1.920609E+01
     5.4500    2.737625E-02  5.328830E-02  1.938909E+01
     5.5000    3.474461E-02  5.244939E-02  1.957363E+01
     5.5500    4.079656E-02  5.165382E-02  1.976005E+01
     5.6000    4.531810E-02  5.087472E-02  1.994861E+01
     5.6500    4.819570E-02  5.012988E-02  2.014166E+01
     5.7000    4.916180E-02  4.933351E-02  2.033690E+01
     5.7500    4.814990E-02  4.846302E-02  2.053409E+01
     5.8000    4.520010E-02  4.750154E-02  2.073291E+01
     5.8500    4.048802E-02  4.649797E-02  2.093443E+01
     5.9000    3.423854E-02  4.538852E-02  2.113649E+01
     5.9500    2.682639E-02  4.417923E-02  2.133860E+01
     6.0000    1.868778E-02  4.288253E-02  2.154023E+01
     6.0500    1.026945E-02  4.169010E-02  2.174226E+01
     6.1000    1.952344E-03  4.045236E-02  2.194287E+01
     6.1500   -5.883654E-03  3.919120E-02  2.214185E+01
     6.2000   -1.293282E-02  3.792731E-02  2.233912E+01
     6.2500   -1.897073E-02  3.667830E-02  2.253475E+01
     6.3000   -2.384991E-02  3.545723E-02  2.272892E+01
     6.3500   -2.748841E-02  3.427181E-02  2.292190E+01
     6.4000   -2.985651E-02  3.312432E-02  2.311402E+01
     6.4500   -3.096599E-02  3.201226E-02  2.330557E+01
     6.5000   -3.086406E-02  3.092964E-02  2.349681E+01
     6.5500   -2.988790E-02  3.013657E-02  2.369050E+01
     6.6000   -2.783741E-02  2.934857E-02  2.388424E+01
     6.6500   -2.484041E-02  2.855806E-02  2.407790E+01
     6.7000   -2.106608E-02  2.776060E-02  2.427120E+01
     6.7500   -1.671723E-02  2.695572E-02  2.446378E+01
     6.8000   -1.201611E-02  2.614711E-02  2.465524E+01
     6.8500   -7.186294E-03  2.534235E-02  2.484523E+01
     6.9000   -2.434012E-03  2.455194E-02  2.503344E+01
     6.9500    2.066834E-03  2.378806E-02  2.521974E+01
     7.0000    6.183028E-03  2.306287E-02  2.540416E+01
     7.0500    9.930488E-03  2.249148E-02  2.559004E+01
     7.1000    1.314613E-02  2.196938E-02  2.577422E+01
     7.1500    1.578899E-02  2.150460E-02  2.595725E+01
     7.2000    1.783566E-02  2.110056E-02  2.613981E+01
     7.2500    1.926835E-02  2.075549E-02  2.632269E+01
     7.3000    2.006730E-02  2.046262E-02  2.650665E+01
     7.3500    2.020976E-02  2.021102E-02  2.669236E+01
     7.4000    1.967555E-02  1.998697E-02  2.688029E+01
     7.4500    1.845755E-02  1.977561E-02  2.707070E+01
     7.5000    1.657379E-02  1.956259E-02  2.726361E+01
     7.5500    1.409452E-02  1.936155E-02  2.745899E+01
     7.6000    1.110139E-02  1.914891E-02  2.765592E+01
     7.6500    7.717175E-03  1.891892E-02  2.785417E+01
     7.7000    4.090575E-03  1.866794E-02  2.805342E+01
     7.7500    3.865562E-04  1.839457E-02  2.825332E+01
     7.8000   -3.225994E-03  1.809960E-02  2.845353E+01
     7.8500   -6.587196E-03  1.778571E-02  2.865374E+01
     7.9000   -9.557544E-03  1.745707E-02  2.885369E+01
     7.9500   -1.202596E-02  1.711877E-02  2.905324E+01
     8.0000   -1.391366E-02  1.677612E-02  2.925232E+01
     8.0500   -1.521932E-02  1.648313E-02  2.945099E+01
     8.1000   -1.589001E-02  1.619906E-02  2.964948E+01
     8.1500   -1.592555E-02  1.592562E-02  2.984808E+01
     8.2000   -1.534445E-02  1.566280E-02  3.004709E+01
     8.2500   -1.418214E-02  1.540889E-02  3.024686E+01
     8.3000   -1.249090E-02  1.516065E-02  3.044766E+01
     8.3500   -1.034101E-02  1.491376E-02  3.064975E+01
     8.4000   -7.821996E-03  1.466323E-02  3.085326E+01
     8.4500   -5.042641E-03  1.440392E-02  3.105826E+01
     8.5000   -2.128683E-03  1.413103E-02  3.126471E+01
     8.5500    7.980462E-04  1.392314E-02  3.147328E+01
     8.6000    3.616953E-03  1.369771E-02  3.168315E+01
     8.6500    6.190238E-03  1.345164E-02  3.189413E+01
     8.7000    8.391691E-03  1.318291E-02  3.210595E+01
     8.7500    1.011678E-02  1.289062E-02  3.231833E+01
     8.8000    1.129116E-02  1.257490E-02  3.253093E+01
     8.8500    1.187649E-02  1.223690E-02  3.274342E+01
     8.9000    1.187292E-02  1.187873E-02  3.295544E+01
     8.9500    1.131776E-02  1.150344E-02  3.316664E+01
     9.0000    1.028045E-02  1.111493E-02  3.337669E+01
     9.0500    8.914445E-03  1.080331E-02  3.358704E+01
     9.1000    7.236612E-03  1.048561E-02  3.379583E+01
     9.1500    5.353607E-03  1.016588E-02  3.400289E+01
     9.2000    3.371215E-03  9.848037E-03  3.420813E+01
     9.2500    1.387355E-03  9.535775E-03  3.441151E+01
     9.3000   -5.127738E-04  9.232310E-03  3.461309E+01
     9.3500   -2.259250E-03  8.940245E-03  3.481299E+01
     9.4000   -3.797930E-03  8.661459E-03  3.501143E+01
     9.4500   -5.089444E-03  8.397043E-03  3.520867E+01
     9.5000   -6.107340E-03  8.147292E-03  3.540500E+01
     9.5500   -6.886988E-03  7.963405E-03  3.560233E+01
     9.6000   -7.375091E-03  7.792735E-03  3.579944E+01
     9.6500   -7.567758E-03  7.633862E-03  3.599662E+01
     9.7000   -7.468846E-03  7.485045E-03  3.619412E+01
     9.7500   -7.090309E-03  7.344384E-03  3.639212E+01
     9.8000   -6.452703E-03  7.209964E-03  3.659075E+01
     9.8500   -5.585479E-03  7.079983E-03  3.679008E+01
     9.9000   -4.526770E-03  6.952833E-03  3.699012E+01
     9.9500   -3.322481E-03  6.827167E-03  3.719085E+01
    10.0000   -2.024628E-03  6.701924E-03  3.739222E+01
    10.0500   -6.850758E-04  6.604528E-03  3.759520E+01
    10.1000    6.473640E-04  6.505969E-03  3.779878E+01
    10.1500    1.916034E-03  6.405759E-03  3.800287E+01
    10.2000    3.067737E-03  6.303616E-03  3.820738E+01
    10.2500    4.055500E-03  6.199434E-03  3.841220E+01
    10.3000    4.840923E-03  6.093239E-03  3.861725E+01
    10.3500    5.395948E-03  5.985155E-03  3.882246E+01
    10.4000    5.703965E-03  5.875375E-03  3.902776E+01
    10.4500    5.760228E-03  5.764132E-03  3.923310E+01
    10.5000    5.571610E-03  5.651678E-03  3.943844E+01
    10.5500    5.155777E-03  5.538268E-03  3.964374E+01
    10.6000    4.539853E-03  5.424147E-03  3.984898E+01
    10.6500    3.758723E-03  5.309540E-03  4.005416E+01
    10.7000    2.853053E-03  5.194648E-03  4.025926E+01
    10.7500    1.867179E-03  5.079645E-03  4.046430E+01
    10.8000    8.469446E-04  4.964675E-03  4.066927E+01
    10.8500   -1.624001E-04  4.849854E-03  4.087420E+01
    10.9000   -1.118155E-03  4.735269E-03  4.107909E+01
    10.9500   -1.981909E-03  4.620981E-03  4.128397E+01
    11.0000   -2.721007E-03  4.507024E-03  4.148887E+01
    11.0500   -3.341944E-03  4.432229E-03  4.169485E+01
    11.1000   -3.802211E-03  4.358219E-03  4.190084E+01
    11.1500   -4.087733E-03  4.285002E-03  4.210689E+01
    11.2000   -4.192150E-03  4.212559E-03  4.231302E+01
    11.2500   -4.116809E-03  4.140846E-03  4.251930E+01
    11.3000   -3.870465E-03  4.069787E-03  4.272577E+01
    11.3500   -3.468714E-03  3.999268E-03  4.293247E+01
    11.4000   -2.933203E-03  3.929133E-03  4.313947E+01
    11.4500   -2.290659E-03  3.859175E-03  4.334682E+01
    11.5000   -1.571769E-03  3.789141E-03  4.355456E+01
    11.5500   -8.099254E-04  3.718736E-03  4.376274E+01
    11.6000   -3.985817E-05  3.647639E-03  4.397137E+01
    11.6500    7.038628E-04  3.575522E-03  4.418045E+01
    11.7000    1.388410E-03  3.502079E-03  4.438995E+01
    11.7500    1.984317E-03  3.427053E-03  4.459982E+01
    11.8000    2.467018E-03  3.350254E-03  4.480998E+01
    11.8500    2.818192E-03  3.271585E-03  4.502035E+01
    11.9000    3.026742E-03  3.191048E-03  4.523080E+01
    11.9500    3.089314E-03  3.108750E-03  4.544121E+01
    12.0000    3.010263E-03  3.024891E-03  4.565148E+01
    12.0500    2.832114E-03  2.976762E-03  4.586612E+01
    12.1000    2.529091E-03  2.926991E-03  4.608061E+01
    12.1500    2.120258E-03  2.875792E-03  4.629486E+01
    12.2000    1.629339E-03  2.823448E-03  4.650875E+01
    12.2500    1.083105E-03  2.770294E-03  4.672220E+01
    12.3000    5.096609E-04  2.716693E-03  4.693517E+01
    12.3500   -6.318102E-05  2.663011E-03  4.714762E+01
    12.4000   -6.093253E-04  2.609594E-03  4.735956E+01
    12.4500   -1.105518E-03  2.556739E-03  4.757104E+01
    12.5000   -1.532150E-03  2.504679E-03  4.778212E+01
    12.5500   -1.873760E-03  2.453564E-03  4.799290E+01
    12.6000   -2.119292E-03  2.403452E-03  4.820349E+01
    12.6500   -2.262186E-03  2.354312E-03  4.841401E+01
    12.7000   -2.300363E-03  2.306029E-03  4.862458E+01
    12.7500   -2.236138E-03  2.258420E-03  4.883527E+01
    12.8000   -2.076065E-03  2.211260E-03  4.904618E+01
    12.8500   -1.830681E-03  2.164306E-03  4.925732E+01
    12.9000   -1.514099E-03  2.117323E-03  4.946871E+01
    12.9500   -1.143397E-03  2.070111E-03  4.968032E+01
    13.0000   -7.377961E-04  2.022525E-03  4.989208E+01
    13.0500   -3.215848E-04  1.987004E-03  5.010292E+01
    13.1000    9.425362E-05  1.950843E-03  5.031382E+01
    13.1500    4.905169E-04  1.914055E-03  5.052464E+01
    13.2000    8.496424E-04  1.876714E-03  5.073531E+01
    13.2500    1.156626E-03  1.838939E-03  5.094570E+01
    13.3000    1.399726E-03  1.800885E-03  5.115575E+01
    13.3500    1.570893E-03  1.762728E-03  5.136540E+01
    13.4000    1.665941E-03  1.724648E-03  5.157461E+01
    13.4500    1.684457E-03  1.686818E-03  5.178337E+01
    13.5000    1.629512E-03  1.649391E-03  5.199169E+01
    13.5500    1.507230E-03  1.612497E-03  5.219961E+01
    13.6000    1.326269E-03  1.576230E-03  5.240717E+01
    13.6500    1.097255E-03  1.540652E-03  5.261445E+01
    13.7000    8.322169E-04  1.505794E-03  5.282150E+01
    13.7500    5.440259E-04  1.471656E-03  5.302842E+01
    13.8000    2.458609E-04  1.438212E-03  5.323528E+01
    13.8500   -4.929955E-05  1.405414E-03  5.344216E+01
    13.9000   -3.291537E-04  1.373200E-03  5.364913E+01
    13.9500   -5.825164E-04  1.341493E-03  5.385626E+01
    14.0000   -7.997148E-04  1.310207E-03  5.406361E+01
    14.0500   -9.852708E-04  1.292816E-03  5.427364E+01
    14.1000   -1.123112E-03  1.275612E-03  5.448388E+01
    14.1500   -1.208310E-03  1.258559E-03  5.469434E+01
    14.2000   -1.238330E-03  1.241622E-03  5.490503E+01
    14.2500   -1.213109E-03  1.224769E-03  5.511597E+01
    14.3000   -1.135016E-03  1.207963E-03  5.532717E+01
    14.3500   -1.008720E-03  1.191163E-03  5.553866E+01
    14.4000   -8.409545E-04  1.174324E-03  5.575044E+01
    14.4500   -6.402075E-04  1.157397E-03  5.596253E+01
    14.5000   -4.163274E-04  1.140330E-03  5.617493E+01
    14.5500   -1.800692E-04  1.123070E-03  5.638764E+01
    14.6000    5.741303E-05  1.105571E-03  5.660062E+01
    14.6500    2.851058E-04  1.087790E-03  5.681386E+01
    14.7000    4.926820E-04  1.069700E-03  5.702732E+01
    14.7500    6.710202E-04  1.051285E-03  5.724094E+01
    14.8000    8.126600E-04  1.032544E-03  5.745467E+01
    14.8500    9.121601E-04  1.013493E-03  5.766847E+01
    14.9000    9.663295E-04  9.941600E-04  5.788229E+01
    14.9500    9.743184E-04  9.745848E-04  5.809608E+01
    15.0000    9.375660E-04  9.548124E-04  5.830982E+01
    15.0500    8.659454E-04  9.404604E-04  5.852022E+01
    15.1000    7.583656E-04  9.259063E-04  5.873050E+01
    15.1500    6.208436E-04  9.111921E-04  5.894065E+01
    15.2000    4.605573E-04  8.963603E-04  5.915064E+01
    15.2500    2.854526E-04  8.814509E-04  5.936047E+01
    15.3000    1.038380E-04  8.665003E-04  5.957014E+01
    15.3500   -7.601213E-05  8.515407E-04  5.977964E+01
    15.4000   -2.462301E-04  8.365995E-04  5.998901E+01
    15.4500   -3.996879E-04  8.217000E-04  6.019824E+01
    15.5000   -5.302796E-04  8.068607E-04  6.040738E+01
    15.5500   -6.331422E-04  7.920947E-04  6.061643E+01
    15.6000   -7.048104E-04  7.774087E-04  6.082545E+01
    15.6500   -7.433035E-04  7.628015E-04  6.103447E+01
    15.7000   -7.481474E-04  7.482623E-04  6.124353E+01
    15.7500   -7.203400E-04  7.337705E-04  6.145268E+01
    15.8000   -6.622667E-04  7.192961E-04  6.166194E+01
    15.8500   -5.775698E-04  7.048017E-04  6.187135E+01
    15.9000   -4.709745E-04  6.902464E-04  6.208091E+01
    15.9500   -3.480687E-04  6.755900E-04  6.229060E+01
    16.0000   -2.150373E-04  6.607981E-04  6.250040E+01
    16.0500   -8.111456E-05  6.488312E-04  6.270651E+01
    16.1000    5.138574E-05  6.367195E-04  6.291264E+01
    16.1500    1.767070E-04  6.244635E-04  6.311875E+01
    16.2000    2.896231E-04  6.120737E-04  6.332475E+01
    16.2500    3.856824E-04  5.995692E-04  6.353061E+01
    16.3000    4.613982E-04  5.869760E-04  6.373626E+01
    16.3500    5.143747E-04  5.743246E-04  6.394167E+01
    16.4000    5.433651E-04  5.616475E-04  6.414680E+01
    16.4500    5.482623E-04  5.489765E-04  6.435164E+01
    16.5000    5.300323E-04  5.363404E-04  6.455617E+01
    16.5500    4.906009E-04  5.237636E-04  6.476041E+01
    16.6000    4.327067E-04  5.112645E-04  6.496436E+01
    16.6500    3.597327E-04  4.988559E-04  6.516803E+01
    16.7000    2.755247E-04  4.865455E-04  6.537145E+01
    16.7500    1.842032E-04  4.743369E-04  6.557462E+01
    16.8000    8.997578E-05  4.622317E-04  6.577754E+01
    16.8500   -3.047073E-06  4.502314E-04  6.598021E+01
    16.9000   -9.102623E-05  4.383390E-04  6.618263E+01
    16.9500   -1.705507E-04  4.265605E-04  6.638477E+01
    17.0000   -2.387692E-04  4.149060E-04  6.658663E+01
    17.0500   -2.965824E-04  4.062167E-04  6.679193E+01
    17.1000   -3.396830E-04  3.977616E-04  6.699705E+01
    17.1500   -3.669591E-04  3.895409E-04  6.720208E+01
    17.2000   -3.779669E-04  3.815487E-04  6.740711E+01
    17.2500   -3.729085E-04  3.737727E-04  6.761226E+01
    17.3000   -3.525949E-04  3.661933E-04  6.781762E+01
    17.3500   -3.183960E-04  3.587842E-04  6.802330E+01
    17.4000   -2.721825E-04  3.515124E-04  6.822940E+01
    17.4500   -2.162572E-04  3.443398E-04  6.843601E+01
    17.5000   -1.532742E-04  3.372243E-04  6.864321E+01
    17.5500   -8.614342E-05  3.301219E-04  6.885104E+01
    17.6000   -1.791906E-05  3.229886E-04  6.905953E+01
    17.6500    4.833001E-05  3.157827E-04  6.926869E+01
    17.7000    1.096621E-04  3.084665E-04  6.947850E+01
    17.7500    1.634106E-04  3.010082E-04  6.968890E+01
    17.8000    2.073276E-04  2.933830E-04  6.989983E+01
    17.8500    2.397099E-04  2.855742E-04  7.011121E+01
    17.9000    2.594950E-04  2.775734E-04  7.032293E+01
    17.9500    2.663172E-04  2.693805E-04  7.053488E+01
    18.0000    2.605160E-04  2.610032E-04  7.074695E+01
    18.0500    2.464779E-04  2.558722E-04  7.095765E+01
    18.1000    2.219630E-04  2.505497E-04  7.116819E+01
    18.1500    1.886002E-04  2.450641E-04  7.137842E+01
    18.2000    1.483976E-04  2.394499E-04  7.158821E+01
    18.2500    1.035979E-04  2.337454E-04  7.179746E+01
    18.3000    5.652944E-05  2.279908E-04  7.200607E+01
    18.3500    9.467608E-06  2.222260E-04  7.221401E+01
    18.4000   -3.548306E-05  2.164885E-04  7.242128E+01
    18.4500   -7.647904E-05  2.108116E-04  7.262788E+01
    18.5000   -1.119979E-04  2.052230E-04  7.283390E+01
    18.5500   -1.408704E-04  1.997433E-04  7.303942E+01
    18.6000   -1.622897E-04  1.943855E-04  7.324456E+01
    18.6500   -1.758034E-04  1.891547E-04  7.344946E+01
    18.7000   -1.812964E-04  1.840486E-04  7.365427E+01
    18.7500   -1.789677E-04  1.790578E-04  7.385916E+01
    18.8000   -1.693054E-04  1.741670E-04  7.406426E+01
    18.8500   -1.530604E-04  1.693566E-04  7.426971E+01
    18.9000   -1.312161E-04  1.646040E-04  7.447564E+01
    18.9500   -1.049540E-04  1.598847E-04  7.468214E+01
    19.0000   -7.561028E-05  1.551746E-04  7.488928E+01
    19.0500   -4.548875E-05  1.522323E-04  7.509478E+01
    19.1000   -1.449241E-05  1.492804E-04  7.530099E+01
    19.1500    1.601855E-05  1.462970E-04  7.550794E+01
    19.2000    4.471117E-05  1.432615E-04  7.571562E+01
    19.2500    7.034343E-05  1.401554E-04  7.592401E+01
    19.3000    9.182885E-05  1.369625E-04  7.613306E+01
    19.3500    1.082972E-04  1.336697E-04  7.634269E+01
    19.4000    1.191458E-04  1.302674E-04  7.655280E+01
    19.4500    1.240761E-04  1.267493E-04  7.676328E+01
    19.5000    1.231117E-04  1.231132E-04  7.697397E+01
    19.5500    1.165948E-04  1.193609E-04  7.718472E+01
    19.6000    1.051592E-04  1.154979E-04  7.739536E+01
    19.6500    8.968276E-05  1.115341E-04  7.760568E+01
    19.7000    7.122185E-05  1.074832E-04  7.781549E+01
    19.7500    5.093311E-05  1.033626E-04  7.802456E+01
    19.8000    2.999050E-05  9.919313E-05  7.823266E+01
    19.8500    9.504935E-06  9.499827E-05  7.843959E+01
    19.9000   -9.545748E-06  9.080372E-05  7.864514E+01
    19.9500   -2.636997E-05  8.663639E-05  7.884910E+01
    20.0000   -4.039469E-05  8.252333E-05  7.905133E+01
