# # Once                                                         FEFF 10.0.0 
# # POT  SCF 100  9.0000   0, NO core-hole, FOLP (folp(0)= 1.150)
# # Abs   Z=30 Rmt= 1.379 Rnm= 1.521 K  shell
# #   RGRID 0.0100
# # Pot 1 Z= 6 Rmt= 0.895 Rnm= 1.120
# # Pot 2 Z= 6 Rmt= 0.925 Rnm= 1.165
# # Pot 3 Z= 1 Rmt= 0.549 Rnm= 0.956
# # Pot 4 Z=16 Rmt= 1.257 Rnm= 1.478
# # Gam_ch=1.897E+00 H-L exch Vi=-5.000E-01 Vr= 0.000E+00
# # Mu=-7.370E+00eV kf=1.978E+00 Vint=-1.298E+01eV Rs_int= 1.833
# # PATH  Rmax= 9.000,  Keep_limit= 0.00, Heap_limit 0.00  Pwcrit= 2.50%
#  S02=1.000  Temp=  10.00  Debye_temp= 315.00  Global_sig2= 0.00000
#  Energy zero shift, vr, vi    0.00000E+00   0.00000E+00
#  Curved wave amplitude ratio filter   4.000%
#     file         sig2 tot  cw amp ratio   deg  nlegs   reff  inp sig2
#           1       0.00295    100.00      1.00     2   2.3518
#           2       0.00301     99.23      1.00     2   2.3593
#           3       0.00308     98.08      1.00     2   2.3706
#           4       0.00310     97.70      1.00     2   2.3743
#           5       0.02269     15.42      1.00     2   2.9616
#           6       0.02281     13.56      1.00     2   3.1221
#           7       0.00557     47.98      1.00     2   3.1334
#           8       0.03107     13.35      1.00     2   3.1428
#           9       0.02391     13.28      1.00     2   3.1494
#          10       0.00563     43.87      1.00     2   3.2479
#          11       0.00578     43.14      1.00     2   3.2698
#          12       0.00649     42.21      1.00     2   3.2984
#          13       0.02848     11.47      1.00     2   3.3436
#          14       0.02491     10.98      1.00     2   3.4038
#          15       0.02581     10.23      1.00     2   3.5029
#          16       0.03338     10.19      1.00     2   3.5091
#          17       0.01091     18.90      2.00     3   3.5940
#          18       0.00388     51.71      2.00     3   3.6543
#          19       0.00408     49.33      2.00     3   3.7240
#          20       0.00417     48.92      2.00     3   3.7371
#          21       0.00428     49.49      2.00     3   3.7418
#          22       0.01126     15.92      2.00     3   3.7425
#          23       0.01148     14.92      2.00     3   3.7451
#          24       0.01507     15.71      2.00     3   3.7673
#          25       0.01358     12.38      2.00     3   3.7852
#          26       0.01424      9.74      2.00     3   3.8565
#          27       0.01244     11.30      2.00     3   3.8726
#          28       0.01309     11.26      2.00     3   3.9332
#          29       0.01477      9.18      2.00     3   3.9502
#          30       0.01724      9.21      2.00     3   3.9543
#          31       0.00965     26.66      1.00     2   3.9565
#          32       0.01479      9.15      2.00     3   3.9608
#          33       0.01903      5.32      2.00     3   4.0310
#          34       0.01524      8.78      2.00     3   4.0509
#          35       0.01774     12.20      1.00     4   4.0547
#          36       0.01487      8.48      2.00     3   4.0934
#          38       0.01506      8.25      2.00     3   4.1456
#          39       0.01863      4.89      2.00     3   4.1544
#          40       0.00439     21.94      1.00     4   4.1752
#          41       0.00441     18.07      1.00     4   4.1853
#          42       0.01895      4.81      2.00     3   4.1914
#          43       0.00449     19.16      1.00     4   4.2001
#          44       0.00455     18.59      1.00     4   4.2045
#          47       0.01846     10.72      1.00     4   4.2152
#          49       0.00421     11.42      2.00     3   4.2225
#          50       0.01432      6.42      1.00     2   4.2246
#          52       0.02788     10.56      1.00     4   4.2362
#          53       0.01767     10.43      1.00     4   4.2424
#          54       0.01697      6.96      2.00     4   4.2458
#          55       0.00420     11.73      2.00     3   4.2756
#          56       0.01772     15.37      2.00     3   4.2793
#          57       0.00425     11.95      2.00     3   4.2824
#          58       0.00441     11.51      2.00     3   4.2906
#          59       0.01115      6.76      2.00     4   4.3061
#          60       0.01193     26.46      2.00     3   4.3082
#          61       0.00422     12.73      2.00     3   4.3266
#          62       0.01043      5.16      2.00     4   4.3487
#          63       0.00421     13.59      2.00     3   4.3605
#          65       0.01664      6.37      2.00     4   4.3699
#          66       0.00615     22.16      2.00     3   4.3854
#          67       0.01174     30.29      1.00     4   4.3917
#          68       0.01085      6.24      2.00     4   4.4006
#          69       0.01721      6.30      2.00     4   4.4059
#          70       0.01806      8.65      1.00     4   4.4369
#          73       0.01216     11.38      2.00     3   4.4888
#          74       0.00928      4.56      2.00     4   4.4925
#          75       0.01789      8.35      1.00     4   4.4973
#          76       0.02960      5.43      1.00     2   4.5139
#          77       0.00549     18.48      1.00     2   4.5567
#          78       0.00569     18.54      2.00     3   4.5590
#          79       0.01950      4.18      2.00     3   4.5623
#          80       0.00957     25.90      2.00     4   4.5723
#          81       0.00955      4.22      2.00     4   4.5758
#          82       0.01789      7.71      1.00     4   4.5966
#          83       0.00543     66.90      2.00     3   4.6010
#          84       0.03297      8.48      1.00     4   4.6021
#          86       0.01320      6.90      2.00     3   4.6261
#          87       0.00594     74.14      1.00     4   4.6453
#          88       0.01822      9.58      2.00     4   4.6459
#          89       0.00723      6.67      2.00     3   4.6493
#          90       0.00558     34.34      2.00     2   4.6856
#          91       0.01482      4.61      2.00     5   4.6873
#          92       0.00590     12.28      1.00     4   4.7035
#          93       0.01146      9.15      2.00     4   4.7082
#          95       0.00602     12.09      1.00     4   4.7185
#          96       0.00464      4.43      2.00     4   4.7223
#          97       0.00461      4.10      2.00     4   4.7261
#          98       0.00560     62.26      2.00     3   4.7267
#          99       0.00464      5.80      2.00     4   4.7298
#         100       0.00461      7.22      2.00     4   4.7336
#         101       0.00774      5.96      2.00     3   4.7362
#         102       0.00566     58.96      2.00     3   4.7378
#         103       0.00615     11.81      1.00     4   4.7411
#         106       0.00620     11.72      1.00     4   4.7487
#         107       0.00983     19.71      2.00     4   4.7516
#         108       0.01400      5.51      1.00     4   4.7529
#         109       0.00615     68.61      1.00     4   4.7678
#         110       0.02156      5.28      2.00     4   4.7771
#         111       0.01762     11.71      2.00     3   4.7817
#         112       0.00624     64.09      1.00     4   4.7901
#         113       0.02440      4.62      1.00     2   4.8049
#         114       0.00662      4.41      1.00     4   4.8144
#         116       0.02027      4.58      1.00     2   4.8245
#         118       0.00512      8.84      2.00     4   4.8289
#         120       0.00859      9.65      2.00     3   4.8335
#         121       0.00951     49.64      2.00     5   4.8351
#         122       0.01510      4.39      2.00     5   4.8361
#         124       0.00469     25.07      2.00     3   4.8441
#         125       0.01307      7.72      2.00     4   4.8543
#         126       0.02112     13.86      2.00     5   4.8606
#         127       0.00867     21.87      2.00     4   4.8777
#         128       0.01744     11.58      2.00     5   4.8785
#         129       0.00440     52.09      2.00     4   4.8884
#         131       0.00713      5.24      2.00     3   4.9036
#         132       0.00907      5.25      2.00     3   4.9058
#         133       0.02413      4.37      1.00     2   4.9122
#         134       0.00493     27.35      2.00     3   4.9285
#         135       0.00501     27.05      2.00     3   4.9312
#         137       0.01505     17.05      2.00     3   4.9383
#         138       0.02365      5.71      2.00     3   4.9411
#         139       0.00750      5.08      2.00     3   4.9522
#         140       0.00617      9.14      1.00     4   4.9569
#         141       0.01631     10.43      2.00     5   4.9661
#         142       0.02293      4.24      1.00     2   4.9681
#         143       0.00461     54.42      2.00     4   4.9696
#         144       0.00874      8.53      2.00     3   4.9808
#         145       0.00468     51.77      2.00     4   4.9835
#         146       0.01587      5.71      2.00     3   4.9868
#         147       0.00514      9.18      2.00     4   4.9879
#         148       0.00876      8.27      2.00     3   4.9972
#         150       0.00954     21.36      2.00     5   5.0157
#         151       0.00853      4.85      2.00     3   5.0185
#         153       0.00911      6.68      2.00     3   5.0262
#         154       0.01751     10.57      2.00     5   5.0268
#         155       0.00898     19.17      2.00     4   5.0331
#         156       0.00906     19.59      2.00     4   5.0383
#         158       0.01615      4.97      2.00     5   5.0412
#         160       0.01682      8.60      2.00     3   5.0490
#         161       0.01506      7.05      1.00     4   5.0495
#         162       0.01889      4.07      1.00     2   5.0504
#         163       0.01289     17.63      1.00     4   5.0521
#         165       0.01688      7.24      2.00     4   5.0550
#         166       0.01197     12.94      2.00     4   5.0616
#         167       0.01121     19.38      2.00     4   5.0705
#         168       0.02148      7.75      2.00     3   5.0747
#         169       0.00637      8.79      1.00     4   5.0774
#         170       0.00650      8.74      1.00     4   5.1000
#         171       0.02499      4.61      2.00     4   5.1045
#         172       0.01216     32.08      2.00     5   5.1059
#         173       0.00866      6.55      2.00     3   5.1208
#         174       0.00458     39.67      2.00     4   5.1219
#         175       0.00699      8.91      1.00     4   5.1244
#         177       0.00526     10.25      1.00     4   5.1315
#         178       0.01464      7.09      2.00     3   5.1437
#         179       0.03488     12.01      1.00     6   5.1477
#         180       0.02197      8.12      2.00     3   5.1516
#         181       0.01104      9.27      2.00     5   5.1516
#         182       0.01901      5.98      2.00     4   5.1590
#         184       0.01003     18.18      2.00     4   5.1619
#         185       0.00565      4.29      1.00     4   5.1614
#         186       0.02249      4.05      2.00     4   5.1631
#         187       0.00474     97.44      2.00     5   5.1661
#         188       0.02118      6.59      2.00     4   5.1673
#         189       0.00889      5.96      2.00     3   5.1710
#         190       0.00542     13.61      1.00     4   5.1714
#         191       0.01572     10.16      2.00     3   5.1729
#         192       0.01706      7.78      2.00     3   5.1741
#         193       0.02175      8.81      2.00     3   5.1761
#         194       0.00547     13.32      1.00     4   5.1769
#         196       0.01688      8.29      2.00     3   5.1911
#         197       0.02077     10.65      2.00     3   5.1945
#         198       0.00479     41.15      2.00     4   5.2028
#         199       0.00485     39.92      2.00     4   5.2052
#         200       0.01512      4.03      2.00     6   5.2082
#         202       0.01234      7.47      2.00     4   5.2089
#         203       0.01317      9.19      2.00     4   5.2106
#         204       0.01223     11.46      2.00     4   5.2105
#         205       0.01080     17.15      2.00     4   5.2233
#         206       0.01239     11.62      2.00     4   5.2240
#         207       0.01252      5.40      2.00     3   5.2274
#         208       0.00497     97.64      2.00     5   5.2439
#         209       0.01171      6.02      2.00     4   5.2493
#         211       0.01295     11.35      2.00     4   5.2528
#         212       0.01153      7.02      2.00     4   5.2546
#         213       0.02131     10.80      2.00     3   5.2552
#         214       0.01154     14.91      2.00     4   5.2575
#         215       0.00505     93.47      2.00     5   5.2575
#         216       0.00580     11.25      2.00     5   5.2578
#         217       0.02446      4.37      2.00     4   5.2611
#         218       0.02267      6.09      2.00     3   5.2613
#         219       0.01251     28.13      2.00     5   5.2629
#         220       0.01278     29.40      2.00     5   5.2651
#         221       0.00961      4.08      1.00     6   5.2683
#         223       0.01605      9.20      2.00     3   5.2716
#         224       0.01133     14.09      2.00     4   5.2717
#         225       0.01528     11.70      2.00     3   5.2727
#         226       0.02136     11.21      2.00     3   5.2735
#         227       0.00953      5.27      1.00     6   5.2787
#         228       0.01009     22.67      1.00     6   5.2785
#         229       0.01365      9.84      2.00     5   5.2833
#         230       0.01455     10.09      1.00     4   5.2935
#         231       0.01459      4.85      1.00     4   5.2930
#         234       0.01488      7.30      1.00     4   5.2954
#         235       0.01389     30.69      2.00     5   5.2970
#         236       0.00959      4.32      1.00     6   5.2976
#         238       0.01603      9.16      2.00     3   5.2993
#         242       0.01935     10.29      2.00     6   5.3040
#         243       0.01979      5.55      2.00     4   5.3130
#         244       0.01966      5.48      2.00     4   5.3142
#         247       0.01587     13.45      2.00     4   5.3170
#         248       0.01580      7.96      2.00     4   5.3188
#         249       0.02367      7.77      2.00     4   5.3208
#         250       0.00633     13.28      2.00     3   5.3285
#         251       0.02413      5.59      2.00     4   5.3369
#         252       0.02394      8.00      1.00     4   5.3385
#         253       0.01798      5.63      2.00     5   5.3384
#         254       0.02151      7.28      2.00     6   5.3391
#         255       0.05072      7.32      2.00     6   5.3389
#         257       0.01701      4.61      2.00     4   5.3447
#         258       0.01260      4.91      2.00     3   5.3454
#         259       0.00979      7.49      2.00     5   5.3490
#         260       0.01093      7.93      2.00     3   5.3503
#         261       0.01254     10.47      2.00     4   5.3514
#         262       0.02072      5.01      2.00     4   5.3535
#         263       0.02246      4.46      2.00     3   5.3638
#         264       0.01297     12.79      2.00     4   5.3672
#         265       0.02280      6.66      2.00     5   5.3723
#         266       0.06175     12.05      2.00     5   5.3722
#         267       0.01212      5.36      2.00     3   5.3734
#         268       0.02060     10.32      2.00     5   5.3748
#         269       0.01774      4.13      2.00     4   5.3760
#         271       0.02415      8.46      1.00     4   5.3835
#         272       0.02410      5.43      1.00     4   5.3842
#         273       0.02414      9.15      1.00     4   5.3869
#         275       0.02413      4.53      1.00     4   5.3911
#         276       0.01326     27.95      2.00     5   5.3925
#         277       0.01117     14.27      2.00     4   5.3946
#         278       0.02879      5.08      2.00     3   5.3953
#         279       0.01122     10.96      2.00     4   5.3952
#         281       0.01152     12.87      2.00     4   5.3977
#         282       0.01535     11.06      2.00     3   5.3996
#         283       0.01607      9.26      2.00     4   5.3992
#         285       0.01629      6.59      2.00     6   5.3994
#         286       0.01606     12.84      2.00     4   5.3999
#         287       0.01275     10.11      2.00     4   5.4012
#         288       0.02342     22.63      2.00     5   5.4014
#         289       0.00471     35.48      2.00     5   5.4093
#         290       0.01476      9.58      1.00     4   5.4102
#         291       0.01616     13.35      2.00     4   5.4126
#         292       0.02268      5.28      2.00     3   5.4135
#         293       0.01611      7.95      2.00     4   5.4135
#         294       0.01495      4.86      1.00     4   5.4141
#         295       0.01148     13.15      2.00     4   5.4145
#         297       0.01540     10.80      2.00     3   5.4149
#         298       0.01488      6.27      1.00     4   5.4163
#         299       0.00976      9.03      2.00     5   5.4175
#         300       0.00484      4.66      2.00     5   5.4313
#         301       0.01483      9.21      1.00     4   5.4328
#         302       0.01485      4.20      1.00     4   5.4359
#         303       0.01516      6.30      1.00     4   5.4384
#         305       0.01586      5.04      2.00     6   5.4422
#         306       0.00488     41.95      2.00     5   5.4457
#         307       0.02001      4.88      2.00     4   5.4468
#         308       0.00644     11.99      2.00     3   5.4478
#         309       0.01863      4.03      2.00     4   5.4513
#         310       0.00493     40.99      2.00     5   5.4509
#         311       0.01099     10.37      2.00     3   5.4520
#         312       0.01115      6.91      2.00     3   5.4528
#         313       0.01362     26.88      2.00     5   5.4535
#         315       0.01016      7.32      2.00     5   5.4563
#         316       0.01246      4.50      2.00     5   5.4568
#         317       0.00663     11.41      2.00     3   5.4617
#         319       0.04384      6.68      2.00     6   5.4629
#         320       0.02085      6.66      2.00     6   5.4634
#         321       0.01042      7.65      2.00     5   5.4669
#         322       0.01126      7.27      2.00     3   5.4694
#         323       0.01070      5.29      2.00     4   5.4715
#         324       0.01063     11.06      2.00     4   5.4728
#         325       0.01057     18.16      2.00     4   5.4727
#         326       0.00843     13.16      1.00     4   5.4724
#         327       0.00732     18.16      2.00     5   5.4777
#         328       0.01084      7.43      2.00     5   5.4784
#         329       0.01173     29.81      2.00     5   5.4787
#         330       0.01218     12.60      2.00     5   5.4784
#         332       0.01091     29.80      2.00     5   5.4810
#         333       0.00651     12.40      2.00     3   5.4839
#         334       0.02110      8.68      2.00     6   5.4851
#         335       0.02407     30.14      1.00     6   5.4850
#         336       0.00858      7.85      2.00     4   5.4852
#         338       0.02364      6.37      2.00     4   5.4927
#         339       0.00674     13.33      2.00     4   5.4927
#         341       0.01124     13.23      2.00     4   5.4939
#         343       0.03205      5.93      2.00     4   5.4946
#         344       0.01147     11.41      2.00     4   5.4944
#         345       0.01631      6.08      2.00     6   5.4942
#         346       0.01140     15.69      2.00     4   5.4962
#         347       0.01159      4.94      2.00     4   5.4972
#         348       0.01327      5.59      2.00     5   5.4985
#         349       0.05026      6.61      2.00     6   5.4990
#         350       0.02197      6.57      2.00     6   5.4995
#         351       0.00760     12.04      2.00     5   5.5004
#         352       0.01834      4.88      2.00     5   5.5058
#         353       0.02053      4.68      2.00     4   5.5084
#         354       0.01167     13.31      2.00     5   5.5102
#         355       0.01164     11.96      2.00     5   5.5120
#         356       0.01159      4.99      2.00     4   5.5148
#         357       0.00774     12.20      2.00     5   5.5144
#         358       0.01072     18.97      2.00     5   5.5157
#         359       0.01095     29.70      2.00     5   5.5170
#         360       0.01114     23.42      2.00     5   5.5171
#         361       0.01140     12.94      2.00     4   5.5218
#         362       0.02473      4.64      2.00     4   5.5237
#         363       0.02290      4.51      2.00     5   5.5239
#         364       0.00530     13.85      2.00     4   5.5251
#         367       0.01561      4.09      2.00     5   5.5295
#         368       0.01514      4.10      2.00     5   5.5311
#         369       0.01891      4.78      2.00     5   5.5355
#         371       0.01117     18.47      2.00     5   5.5386
#         372       0.01207      8.01      2.00     5   5.5402
#         373       0.01145      8.65      2.00     4   5.5407
#         374       0.01104     14.40      2.00     5   5.5415
#         375       0.00771     17.86      2.00     5   5.5535
#         379       0.00781     17.88      2.00     5   5.5673
#         380       0.00773     18.74      2.00     5   5.5679
#         381       0.01652     10.51      2.00     5   5.5721
#         382       0.00994      8.34      2.00     5   5.5727
#         383       0.01019      8.12      2.00     5   5.5747
#         384       0.02238      9.54      2.00     5   5.5764
#         387       0.01665      4.01      2.00     5   5.5803
#         388       0.01182      6.03      2.00     4   5.5815
#         389       0.01173     10.34      2.00     4   5.5811
#         390       0.01832      9.61      2.00     5   5.5820
#         391       0.01179     11.42      2.00     4   5.5828
#         392       0.01098      9.86      2.00     3   5.5846
#         393       0.01191      4.88      2.00     4   5.5848
#         394       0.01292      6.01      2.00     4   5.5872
#         395       0.01113      9.96      2.00     3   5.5885
#         396       0.01182      5.04      2.00     4   5.5911
#         397       0.01041      6.14      2.00     4   5.5922
#         398       0.01280      8.55      2.00     5   5.5933
#         399       0.01270      6.15      2.00     4   5.5948
#         400       0.01146      7.89      2.00     5   5.5943
#         401       0.01071     17.40      2.00     4   5.5952
#         402       0.01083      5.63      2.00     4   5.5965
#         403       0.01078      9.04      2.00     4   5.5976
#         404       0.01343      5.83      2.00     5   5.5995
#         405       0.01559      5.11      2.00     5   5.6000
#         406       0.00541     14.84      2.00     4   5.6051
#         407       0.01078     17.26      2.00     4   5.6064
#         408       0.01092      4.59      2.00     4   5.6072
#         409       0.01086      9.65      2.00     4   5.6086
#         410       0.01211      7.18      2.00     5   5.6086
#         411       0.01163      5.74      2.00     4   5.6163
#         412       0.00909      7.27      2.00     4   5.6184
#         414       0.00678     11.70      2.00     4   5.6222
#         415       0.01127     15.72      2.00     5   5.6225
#         416       0.01132     18.36      2.00     5   5.6222
#         417       0.01143     14.66      2.00     4   5.6257
#         418       0.01283      4.54      2.00     4   5.6271
#         419       0.01573     23.79      2.00     6   5.6268
#         420       0.01180     10.34      2.00     5   5.6307
#         422       0.01183     10.95      2.00     5   5.6340
#         423       0.01142     18.47      2.00     5   5.6351
#         424       0.01111     27.76      2.00     5   5.6363
#         425       0.01130     14.51      2.00     5   5.6371
#         426       0.01102      7.90      2.00     4   5.6377
#         427       0.01104     18.08      2.00     5   5.6375
#         428       0.00859     11.99      2.00     5   5.6380
#         429       0.01190      5.24      2.00     5   5.6379
#         430       0.01108     20.66      2.00     5   5.6386
#         431       0.00686     12.41      2.00     4   5.6403
#         432       0.01154     14.38      2.00     4   5.6409
#         433       0.00552     12.51      2.00     4   5.6440
#         434       0.00928      7.16      2.00     4   5.6441
#         435       0.01187      8.03      2.00     5   5.6469
#         437       0.00756     10.87      2.00     4   5.6502
#         438       0.01250      4.36      1.00     4   5.6503
#         439       0.00965      8.08      1.00     4   5.6519
#         440       0.01141      7.06      2.00     5   5.6520
#         441       0.00554     14.01      2.00     4   5.6534
#         442       0.01186     11.16      2.00     5   5.6534
#         443       0.01188     10.99      2.00     5   5.6535
#         445       0.01073     18.78      2.00     5   5.6545
#         446       0.01005      7.22      2.00     4   5.6577
#         447       0.01117     26.78      2.00     5   5.6587
#         448       0.01093     16.47      2.00     5   5.6595
#         449       0.01079     11.68      2.00     5   5.6593
#         450       0.01136     20.27      2.00     5   5.6609
#         451       0.01903     25.25      2.00     6   5.6656
#         452       0.02105      4.59      2.00     4   5.6691
#         453       0.01534      6.15      2.00     6   5.6721
#         454       0.01460     16.42      2.00     5   5.6783
#         456       0.01886      7.82      2.00     5   5.6795
#         457       0.01165      6.31      2.00     5   5.6836
#         458       0.01099     13.05      2.00     5   5.6865
#         459       0.00622     37.39      1.00     6   5.6870
#         460       0.00906     11.76      2.00     5   5.6907
#         461       0.01252     11.19      2.00     5   5.6942
#         462       0.01581      6.32      2.00     5   5.6943
#         463       0.01178     19.08      2.00     5   5.6945
#         464       0.01129      7.67      2.00     4   5.6957
#         465       0.00941     28.96      2.00     5   5.6962
#         467       0.01053      5.72      2.00     5   5.6981
#         469       0.02361      4.46      2.00     3   5.6996
#         470       0.01163      6.56      2.00     4   5.7001
#         472       0.01037     12.19      2.00     5   5.7010
#         473       0.00609      8.44      1.00     6   5.7012
#         474       0.01130      7.09      2.00     5   5.7022
#         475       0.02936      4.05      2.00     4   5.7029
#         480       0.01135      8.02      2.00     4   5.7152
#         481       0.01618      7.04      2.00     5   5.7179
#         482       0.01907      5.94      2.00     5   5.7191
#         483       0.00646     40.20      1.00     6   5.7200
#         485       0.02228      4.05      2.00     5   5.7222
#         486       0.01833      5.70      2.00     5   5.7236
#         487       0.00651     39.08      1.00     6   5.7249
#         489       0.01235     13.77      2.00     6   5.7267
#         492       0.01612     22.91      2.00     6   5.7302
#         495       0.01624     19.05      2.00     6   5.7386
#         496       0.01557     20.86      2.00     6   5.7383
#         497       0.01180     22.07      1.00     6   5.7388
#         498       0.01235     20.51      1.00     6   5.7385
#         499       0.00964     10.73      2.00     4   5.7393
#         500       0.08497      9.16      2.00     6   5.7393
#         501       0.02073      9.34      2.00     6   5.7391
#         502       0.00955     25.94      1.00     6   5.7405
#         503       0.01748     23.37      2.00     6   5.7412
#         505       0.01403      7.64      2.00     5   5.7496
#         508       0.01363      5.22      2.00     5   5.7511
#         512       0.01390      5.23      2.00     5   5.7554
#         513       0.01603      4.50      2.00     5   5.7552
#         514       0.02115      6.90      2.00     5   5.7560
#         516       0.01771      5.60      2.00     5   5.7578
#         517       0.02564      9.17      2.00     6   5.7577
#         518       0.00984      5.83      2.00     5   5.7589
#         519       0.00963     20.22      2.00     5   5.7601
#         520       0.00976     10.89      2.00     5   5.7602
#         521       0.01574      4.54      2.00     5   5.7624
#         524       0.01171      6.73      2.00     5   5.7634
#         525       0.01209      4.01      2.00     3   5.7647
#         526       0.01319      4.16      2.00     4   5.7647
#         527       0.01294      4.09      2.00     4   5.7644
#         529       0.01215      4.01      2.00     3   5.7714
#         530       0.01260      5.19      2.00     5   5.7711
#         532       0.01187      7.07      2.00     4   5.7753
#         533       0.00951      8.40      2.00     5   5.7777
#         534       0.02165      4.61      2.00     5   5.7776
#         535       0.02560      5.24      2.00     4   5.7782
#         538       0.00987      7.99      1.00     4   5.7801
#         539       0.00974      7.81      1.00     4   5.7802
#         540       0.04353      5.39      2.00     7   5.7804
#         541       0.02487      5.11      2.00     7   5.7806
#         542       0.01211     12.67      2.00     5   5.7818
#         543       0.01203      5.65      2.00     5   5.7846
#         544       0.01639      5.03      2.00     5   5.7866
#         545       0.01196      6.96      2.00     4   5.7893
#         546       0.01095      9.63      2.00     5   5.7926
#         547       0.01413      7.95      2.00     4   5.7936
#         548       0.01354     12.25      2.00     5   5.7952
#         550       0.01689      4.50      2.00     5   5.8002
#         551       0.01687     21.36      2.00     6   5.8015
#         552       0.01952      6.03      2.00     6   5.8012
#         553       0.01451      9.05      2.00     6   5.8012
#         554       0.01752      8.66      2.00     6   5.8038
#         556       0.01128     11.71      2.00     5   5.8106
#         557       0.01359     14.74      2.00     5   5.8144
#         559       0.01363      9.62      2.00     5   5.8163
#         561       0.01431     22.67      2.00     6   5.8179
#         562       0.01192     11.35      2.00     5   5.8198
#         563       0.01184     16.00      2.00     5   5.8199
#         564       0.01555      5.48      2.00     5   5.8202
#         565       0.00949     27.36      2.00     5   5.8213
#         567       0.01229     12.67      2.00     5   5.8240
#         568       0.01222      7.76      2.00     5   5.8244
#         569       0.01138     14.62      2.00     5   5.8241
#         570       0.00982     11.67      2.00     4   5.8275
#         571       0.01231     13.75      2.00     5   5.8285
#         573       0.01210      9.74      2.00     5   5.8308
#         574       0.01226      6.28      2.00     5   5.8305
#         575       0.01191     16.67      2.00     5   5.8310
#         576       0.01616      5.86      2.00     5   5.8315
#         577       0.00957     27.13      2.00     5   5.8324
#         578       0.00992     11.60      2.00     4   5.8343
#         582       0.01588      9.79      2.00     5   5.8379
#         583       0.00980     21.93      2.00     5   5.8381
#         584       0.01001      6.84      2.00     5   5.8394
#         586       0.00995     10.07      2.00     5   5.8405
#         589       0.01874     19.67      2.00     6   5.8448
#         591       0.01736      5.61      1.00     6   5.8462
#         592       0.00964      7.91      2.00     5   5.8515
#         593       0.00988     21.45      2.00     5   5.8521
#         594       0.01009      5.67      2.00     5   5.8529
#         595       0.01002     10.56      2.00     5   5.8543
#         597       0.01687      8.47      2.00     5   5.8552
#         598       0.01066      6.42      2.00     5   5.8589
#         599       0.01031      7.71      2.00     5   5.8600
#         600       0.03398      4.12      2.00     4   5.8609
#         601       0.01624     16.99      2.00     6   5.8608
#         602       0.01181     19.82      1.00     6   5.8610
#         603       0.01178     18.90      1.00     6   5.8609
#         604       0.01599     15.74      2.00     6   5.8613
#         605       0.00965     23.90      1.00     6   5.8624
#         606       0.01105      9.44      2.00     5   5.8651
#         607       0.00978      7.86      2.00     5   5.8659
#         608       0.01330     22.23      2.00     6   5.8687
#         610       0.03496      5.46      2.00     6   5.8703
#         611       0.06405      5.44      2.00     6   5.8705
#         612       0.02631      4.23      2.00     4   5.8735
#         613       0.02744     10.44      2.00     5   5.8747
#         614       0.01430      7.91      2.00     4   5.8757
#         615       0.01515      4.78      2.00     5   5.8754
#         616       0.01605      7.46      2.00     5   5.8753
#         617       0.01607     10.28      2.00     5   5.8760
#         618       0.02107      6.72      2.00     5   5.8772
#         619       0.01295      5.33      2.00     5   5.8780
#         620       0.00951      5.71      2.00     4   5.8793
#         621       0.01610     10.87      2.00     5   5.8800
#         622       0.01608      6.50      2.00     5   5.8809
#         623       0.01430      7.84      2.00     4   5.8823
#         624       0.01456      4.45      2.00     5   5.8828
#         625       0.01592     17.26      2.00     6   5.8832
#         626       0.01194     17.85      1.00     6   5.8831
#         628       0.01658     17.50      2.00     6   5.8838
#         629       0.01191     19.11      1.00     6   5.8833
#         630       0.00973     23.04      1.00     6   5.8847
#         632       0.02206      4.70      2.00     5   5.8854
#         633       0.01386     14.62      2.00     5   5.8863
#         634       0.01604      4.21      2.00     5   5.8895
#         635       0.02395      8.20      2.00     6   5.8898
#         636       0.01091      9.35      2.00     5   5.8906
#         637       0.01303      5.15      2.00     5   5.8927
#         638       0.01379      9.21      2.00     5   5.8925
#         640       0.02228      4.58      2.00     5   5.8972
#         641       0.01390     14.27      2.00     5   5.9001
#         642       0.01163     29.38      2.00     5   5.9014
#         643       0.01433      6.67      2.00     5   5.9038
#         644       0.01388      9.42      2.00     5   5.9058
#         645       0.01377      5.89      2.00     5   5.9064
#         646       0.02057     42.27      2.00     6   5.9076
#         647       0.01071      7.17      1.00     6   5.9073
#         648       0.01255      6.32      1.00     6   5.9074
#         649       0.01444      6.56      2.00     5   5.9091
#         650       0.01147     13.96      1.00     6   5.9099
#         652       0.02163      6.00      2.00     5   5.9111
#         654       0.01795      4.94      2.00     5   5.9118
#         656       0.01842      4.96      2.00     5   5.9124
#         657       0.02156      5.95      2.00     5   5.9136
#         658       0.01036      8.77      2.00     5   5.9155
#         659       0.01382     21.84      2.00     6   5.9209
#         662       0.01193     25.64      2.00     6   5.9221
#         663       0.00943     11.16      2.00     5   5.9236
#         664       0.01710      7.16      2.00     5   5.9235
#         667       0.01011     26.46      2.00     6   5.9244
#         669       0.04510      7.01      2.00     5   5.9266
#         670       0.02592      7.98      2.00     6   5.9263
#         671       0.01776      5.71      2.00     5   5.9270
#         674       0.01867      5.66      2.00     7   5.9285
#         675       0.01919     54.64      2.00     7   5.9284
#         676       0.04485      5.14      2.00     7   5.9292
#         677       0.02531      4.89      2.00     7   5.9298
#         679       0.01748      5.20      2.00     5   5.9335
#         681       0.01601      4.54      2.00     5   5.9358
#         682       0.01846      6.18      2.00     5   5.9369
#         684       0.01100      9.64      2.00     5   5.9376
#         685       0.01551     10.05      2.00     6   5.9384
#         686       0.01048     17.79      2.00     5   5.9393
#         688       0.01658      5.44      2.00     5   5.9409
#         689       0.00946      7.84      2.00     4   5.9415
#         691       0.02224      4.90      2.00     5   5.9448
#         692       0.02129      4.50      2.00     5   5.9471
#         693       0.01891     12.64      2.00     6   5.9474
#         694       0.01830      6.35      2.00     6   5.9499
#         696       0.06283     15.69      2.00     7   5.9540
#         697       0.03574     15.66      2.00     7   5.9539
#         698       0.01560      9.55      2.00     5   5.9549
#         701       0.00972      6.33      2.00     4   5.9603
#         702       0.00979      6.43      2.00     4   5.9630
#         704       0.01817      8.15      2.00     5   5.9690
#         705       0.01060      8.71      2.00     5   5.9701
#         707       0.01454      4.52      2.00     6   5.9709
#         708       0.04567     19.59      2.00     6   5.9708
#         709       0.01724     13.78      2.00     6   5.9712
#         710       0.01792      8.61      2.00     6   5.9726
#         711       0.01220      4.91      2.00     6   5.9729
#         712       0.01852      5.11      2.00     5   5.9731
#         713       0.01763      4.27      2.00     6   5.9764
#         714       0.01718      4.18      2.00     6   5.9764
#         715       0.01883      5.81      2.00     6   5.9773
#         716       0.01727      4.62      2.00     6   5.9776
#         717       0.01732      5.59      2.00     6   5.9776
#         718       0.01761     12.39      2.00     6   5.9777
#         719       0.01724     15.43      2.00     6   5.9777
#         721       0.01185     12.91      2.00     6   5.9816
#         723       0.01682      6.90      2.00     6   5.9821
#         724       0.01056     17.92      2.00     6   5.9819
#         725       0.01086     37.68      2.00     6   5.9836
#         726       0.01838     10.27      2.00     6   5.9843
#         727       0.01061      5.69      2.00     5   5.9857
#         728       0.01065      8.34      2.00     5   5.9891
#         729       0.01717      7.61      2.00     5   5.9912
#         730       0.00970     13.29      2.00     5   5.9936
#         731       0.01732      7.70      2.00     5   5.9945
#         732       0.01114      6.82      2.00     5   5.9976
#         733       0.00837     10.09      1.00     6   5.9986
#         734       0.02751      8.99      2.00     5   5.9990
#         735       0.01668     10.01      2.00     6   5.9993
#         736       0.01060     13.72      2.00     6   6.0008
#         737       0.00961     11.77      2.00     5   6.0014
#         739       0.01057     14.34      2.00     6   6.0043
#         740       0.00853      9.20      1.00     6   6.0113
#         742       0.00969     11.55      2.00     5   6.0153
#         743       0.01383      4.28      2.00     5   6.0166
#         744       0.01029     14.75      2.00     5   6.0171
#         746       0.01023      5.14      2.00     5   6.0211
#         747       0.01089      4.63      2.00     5   6.0217
#         748       0.01071      8.51      2.00     5   6.0217
#         749       0.01060     19.89      2.00     5   6.0231
#         753       0.01070      9.44      2.00     5   6.0244
#         754       0.01058     20.06      2.00     5   6.0258
#         756       0.00863      9.15      1.00     6   6.0297
#         759       0.01549      5.32      2.00     5   6.0316
#         760       0.01038      7.55      2.00     6   6.0329
#         761       0.02528     14.63      2.00     5   6.0338
#         762       0.00877      9.02      1.00     6   6.0347
#         763       0.00993     13.36      2.00     6   6.0366
#         764       0.01015     13.15      2.00     6   6.0366
#         765       0.01385      9.70      2.00     6   6.0368
#         767       0.01026      6.07      2.00     5   6.0382
#         768       0.01004     29.09      2.00     6   6.0378
#         769       0.00975     24.33      2.00     6   6.0378
#         770       0.00993     13.37      2.00     6   6.0380
#         771       0.00992     15.58      2.00     6   6.0380
#         772       0.02203      4.74      2.00     5   6.0389
#         773       0.01719      6.84      2.00     5   6.0392
#         774       0.01598      9.33      2.00     6   6.0401
#         775       0.01072      4.56      2.00     5   6.0410
#         777       0.02008      4.29      2.00     5   6.0432
#         778       0.01077      4.59      2.00     5   6.0438
#         779       0.01857      4.24      2.00     4   6.0448
#         781       0.00626     17.49      2.00     5   6.0485
#         782       0.01973      5.04      2.00     6   6.0502
#         783       0.01698      9.14      2.00     6   6.0508
#         786       0.01118     14.19      2.00     6   6.0595
#         787       0.01724      6.60      2.00     5   6.0611
#         789       0.01114     12.50      2.00     6   6.0624
#         790       0.01061     14.02      2.00     6   6.0627
#         791       0.01032     17.25      2.00     6   6.0628
#         793       0.01087     39.52      2.00     6   6.0642
#         794       0.00579     17.99      1.00     4   6.0686
#         796       0.02104      4.08      2.00     6   6.0692
#         798       0.00989     13.29      2.00     5   6.0713
#         800       0.01229      5.86      2.00     5   6.0740
#         801       0.00995     13.30      2.00     5   6.0738
#         803       0.01726      5.03      2.00     5   6.0740
#         806       0.01014      8.20      2.00     5   6.0759
#         808       0.01069     12.61      2.00     6   6.0765
#         809       0.01080     12.75      2.00     6   6.0764
#         810       0.01045     17.46      2.00     6   6.0767
#         813       0.01090     38.56      2.00     6   6.0781
#         815       0.01944      5.24      2.00     5   6.0798
#         817       0.01774      4.56      2.00     5   6.0813
#         819       0.01136      5.71      2.00     6   6.0809
#         820       0.01086     19.81      2.00     6   6.0812
#         821       0.01081     13.11      2.00     6   6.0821
#         823       0.01456     16.89      2.00     6   6.0834
#         824       0.00751      4.22      1.00     4   6.0858
#         825       0.01075     15.84      2.00     6   6.0882
#         826       0.01780      4.63      2.00     5   6.0903
#         827       0.01091     12.10      2.00     6   6.0909
#         828       0.01623      4.80      2.00     5   6.0927
#         829       0.00761      4.20      1.00     4   6.0933
#         830       0.01793      4.23      2.00     5   6.0948
#         831       0.01086     13.29      2.00     6   6.0961
#         832       0.01135     14.38      2.00     6   6.0983
#         833       0.01132     13.56      2.00     6   6.0987
#         834       0.02216      4.27      2.00     5   6.0993
#         835       0.00868      5.44      2.00     5   6.1011
#         836       0.00860      5.61      2.00     5   6.1011
#         837       0.01042     14.86      2.00     5   6.1018
#         838       0.01138     14.02      2.00     6   6.1025
#         839       0.01135     12.94      2.00     6   6.1045
#         840       0.01913      5.63      2.00     6   6.1068
#         841       0.01059      5.86      2.00     6   6.1068
#         842       0.01708     10.13      2.00     6   6.1078
#         843       0.01049     14.79      2.00     5   6.1082
#         844       0.01768      5.07      2.00     7   6.1091
#         845       0.01828     23.89      2.00     7   6.1090
#         848       0.01470      8.96      2.00     5   6.1118
#         849       0.01026     29.46      2.00     6   6.1124
#         850       0.00995     23.73      2.00     6   6.1124
#         851       0.01505     89.06      2.00     5   6.1129
#         854       0.01014     13.90      2.00     6   6.1137
#         855       0.01032     12.87      2.00     6   6.1137
#         856       0.01006     12.91      2.00     6   6.1148
#         857       0.01012     15.37      2.00     6   6.1148
#         858       0.00756      6.89      2.00     4   6.1169
#         861       0.01732      9.86      2.00     6   6.1195
#         862       0.00642     13.73      2.00     5   6.1201
#         864       0.00645     15.57      2.00     5   6.1208
#         866       0.01065      7.48      2.00     6   6.1209
#         867       0.01063     13.72      2.00     6   6.1217
#         868       0.01199     16.54      2.00     6   6.1217
#         874       0.01082      5.61      2.00     5   6.1261
#         875       0.01823      7.61      2.00     6   6.1263
#         876       0.01689     12.00      2.00     6   6.1263
#         877       0.01029     28.89      2.00     6   6.1261
#         878       0.00999     23.12      2.00     6   6.1261
#         879       0.04729     17.25      2.00     6   6.1262
#         882       0.01019     13.07      2.00     6   6.1269
#         883       0.01015      4.87      2.00     6   6.1270
#         884       0.01034     12.35      2.00     6   6.1269
#         885       0.01245      4.31      2.00     6   6.1277
#         886       0.01858      7.58      2.00     6   6.1279
#         887       0.01016     12.28      2.00     6   6.1283
#         888       0.01018     15.28      2.00     6   6.1283
#         891       0.02039      8.50      2.00     6   6.1295
#         892       0.01004     11.47      2.00     6   6.1299
#         893       0.01021     11.38      2.00     6   6.1299
#         894       0.01719     12.00      2.00     6   6.1314
#         895       0.04527     17.61      2.00     6   6.1313
#         896       0.01315      4.07      2.00     6   6.1314
#         897       0.01758      4.09      2.00     6   6.1315
#         898       0.01762      4.92      2.00     6   6.1315
#         901       0.01233      4.32      2.00     6   6.1328
#         902       0.01794     10.76      2.00     6   6.1336
#         903       0.01766     13.40      2.00     6   6.1336
#         904       0.01787      4.13      2.00     6   6.1336
#         905       0.01792      5.06      2.00     6   6.1336
#         906       0.02100      4.68      2.00     5   6.1342
#         907       0.02358      5.29      2.00     7   6.1345
#         910       0.01997      5.42      2.00     7   6.1346
#         911       0.01825     10.87      2.00     6   6.1359
#         912       0.01759     13.23      2.00     6   6.1359
#         916       0.01103      4.72      2.00     5   6.1413
#         918       0.01720      7.87      2.00     5   6.1422
#         919       0.01855      8.92      2.00     6   6.1420
#         921       0.03038      7.01      1.00     6   6.1425
#         922       0.01645      4.80      2.00     5   6.1434
#         923       0.01909      8.82      2.00     6   6.1431
#         924       0.01692      4.14      2.00     5   6.1435
#         927       0.02754      9.72      2.00     6   6.1451
#         928       0.02058      8.25      2.00     6   6.1450
#         929       0.00891      7.53      2.00     4   6.1467
#         931       0.02336      7.96      2.00     6   6.1472
#         932       0.02637     17.54      1.00     6   6.1476
#         934       0.02333      6.85      2.00     6   6.1480
#         935       0.02336      7.83      2.00     6   6.1483
#         937       0.01838      6.44      2.00     6   6.1525
#         938       0.02016      7.46      2.00     6   6.1525
#         939       0.00971      8.63      2.00     3   6.1543
#         941       0.01620      4.30      2.00     5   6.1548
#         942       0.02089     11.97      2.00     6   6.1551
#         943       0.02099      5.37      2.00     6   6.1549
#         945       0.04464     12.61      2.00     6   6.1547
#         947       0.01517      5.07      2.00     6   6.1568
#         948       0.01529    121.10      1.00     6   6.1571
#         949       0.01580      4.57      2.00     7   6.1572
#         950       0.01540      4.90      2.00     5   6.1582
#         951       0.00857     22.04      2.00     5   6.1611
#         952       0.01979      6.92      2.00     6   6.1620
#         953       0.01679      6.23      2.00     6   6.1618
#         954       0.02188     11.27      2.00     6   6.1637
#         955       0.04215     17.67      2.00     6   6.1638
#         956       0.01516      4.09      2.00     6   6.1640
#         959       0.01511      4.12      2.00     6   6.1657
#         960       0.00957      8.38      2.00     5   6.1667
#         961       0.01941     10.30      2.00     6   6.1675
#         962       0.01822     11.02      2.00     6   6.1675
#         963       0.02395      6.97      2.00     5   6.1679
#         965       0.01921      5.03      2.00     6   6.1687
#         966       0.02017      4.31      2.00     6   6.1689
#         970       0.02088      7.82      2.00     6   6.1753
#         971       0.00797      4.11      1.00     4   6.1768
#         972       0.01266      4.47      2.00     5   6.1769
#         976       0.01846      8.31      2.00     6   6.1783
#         978       0.01442      4.76      2.00     5   6.1794
#         982       0.00761     16.18      2.00     5   6.1909
#         983       0.01891      7.53      2.00     6   6.1932
#         984       0.01981      5.04      2.00     6   6.1936
#         985       0.00803      4.10      1.00     4   6.1943
#         988       0.02262      6.01      2.00     7   6.1992
#         989       0.02123     16.83      2.00     7   6.1992
#         990       0.04585     35.05      2.00     7   6.1990
#         991       0.01652      8.89      2.00     7   6.1991
#         992       0.00845      4.04      1.00     4   6.1993
#         994       0.02089     29.91      2.00     7   6.1994
#         995       0.01277      4.05      2.00     5   6.2009
#         996       0.01532      9.76      2.00     7   6.2011
#         998       0.00974     10.68      2.00     5   6.2032
#        1000       0.00582     16.54      1.00     4   6.2055
#        1001       0.00589     16.21      1.00     4   6.2059
#        1002       0.00788      4.00      1.00     4   6.2068
#        1003       0.00978     10.61      2.00     5   6.2087
#        1005       0.02177      4.22      2.00     6   6.2102
#        1006       0.00841      7.00      2.00     5   6.2114
#        1007       0.00832      4.05      1.00     4   6.2131
#        1010       0.01160      8.74      2.00     6   6.2151
#        1012       0.01082     12.21      2.00     6   6.2154
#        1014       0.02158      7.89      2.00     5   6.2170
#        1015       0.00998     26.61      2.00     6   6.2171
#        1016       0.02162     13.01      2.00     6   6.2177
#        1017       0.00798     17.86      2.00     5   6.2183
#        1020       0.01180      4.81      2.00     5   6.2210
#        1023       0.01622     12.04      2.00     6   6.2242
#        1026       0.01037     15.56      1.00     6   6.2267
#        1028       0.01959      8.01      2.00     6   6.2308
#        1032       0.01851      6.25      2.00     5   6.2393
#        1036       0.02260      7.24      2.00     5   6.2446
#        1037       0.01484     10.23      2.00     7   6.2446
#        1040       0.01675     16.96      2.00     7   6.2449
#        1041       0.01569     81.26      2.00     5   6.2466
#        1043       0.01834      8.25      2.00     6   6.2473
#        1044       0.01734      8.36      2.00     7   6.2472
#        1046       0.00791     10.47      2.00     5   6.2481
#        1048       0.01204      5.41      2.00     5   6.2514
#        1049       0.01845     10.62      2.00     6   6.2550
#        1051       0.04175     16.50      2.00     6   6.2554
#        1052       0.01207      5.36      2.00     5   6.2567
#        1054       0.01087      4.32      1.00     6   6.2570
#        1055       0.01567     78.03      2.00     5   6.2582
#        1057       0.01918      6.56      2.00     6   6.2587
#        1058       0.01411      7.91      2.00     7   6.2592
#        1060       0.01142     28.31      2.00     7   6.2593
#        1061       0.01762     13.52      2.00     7   6.2595
#        1062       0.01360     14.06      2.00     7   6.2595
#        1063       0.01082     25.14      2.00     7   6.2597
#        1064       0.02640      4.77      2.00     4   6.2600
#        1066       0.08894      6.33      2.00     6   6.2603
#        1068       0.01847      4.59      2.00     6   6.2610
#        1069       0.01022      7.52      2.00     6   6.2618
#        1070       0.01011     55.49      2.00     7   6.2613
#        1071       0.01880      9.55      2.00     6   6.2623
#        1072       0.01797     10.67      2.00     6   6.2623
#        1075       0.02441      6.34      2.00     6   6.2629
#        1077       0.01042     19.21      1.00     6   6.2660
#        1078       0.01630      4.53      2.00     5   6.2663
#        1079       0.01770      8.99      2.00     5   6.2664
#        1080       0.01659      4.49      2.00     5   6.2663
#        1081       0.01677      7.14      2.00     5   6.2670
#        1083       0.01681     11.87      2.00     6   6.2675
#        1084       0.01207      4.98      2.00     5   6.2687
#        1087       0.02234      7.72      2.00     5   6.2692
#        1088       0.02009      7.57      2.00     6   6.2700
#        1089       0.01045     18.87      1.00     6   6.2715
#        1091       0.03402      4.17      2.00     4   6.2763
#        1095       0.01502      4.68      2.00     5   6.2804
#        1097       0.00972     16.61      2.00     6   6.2810
#        1098       0.00928      7.25      2.00     4   6.2820
#        1099       0.01293      4.10      2.00     5   6.2824
#        1101       0.00820      4.01      1.00     4   6.2827
#        1103       0.01657      4.52      2.00     5   6.2830
#        1105       0.01635      7.55      2.00     5   6.2842
#        1107       0.01552      4.51      2.00     5   6.2846
#        1110       0.01591    109.60      1.00     6   6.2877
#        1111       0.02453      8.92      2.00     5   6.2880
#        1115       0.03226      6.60      2.00     6   6.2930
#        1116       0.00937      7.22      2.00     4   6.2940
#        1118       0.01303      4.17      2.00     5   6.2953
#        1121       0.01087      9.12      2.00     6   6.2960
#        1122       0.01076     11.23      2.00     6   6.2960
#        1124       0.02700      7.56      2.00     5   6.2976
#        1125       0.01006     27.44      2.00     6   6.2974
#        1130       0.01112      8.24      2.00     6   6.2982
#        1131       0.01074     11.30      2.00     6   6.2984
#        1132       0.01459      4.29      2.00     5   6.2989
#        1136       0.01005     27.65      2.00     6   6.2998
#        1137       0.01873      7.69      2.00     6   6.3005
#        1138       0.01551      4.54      2.00     5   6.3011
#        1139       0.02893      7.57      2.00     6   6.3019
#        1140       0.01027      5.89      2.00     6   6.3023
#        1141       0.00963      5.48      2.00     6   6.3034
#        1144       0.02053     10.47      2.00     6   6.3037
#        1146       0.01865      5.65      2.00     6   6.3039
#        1148       0.04615     11.23      2.00     6   6.3037
#        1149       0.02198      9.26      2.00     6   6.3036
#        1150       0.01791      4.22      2.00     6   6.3045
#        1152       0.02163      4.79      2.00     6   6.3042
#        1153       0.01537      4.60      2.00     6   6.3051
#        1154       0.02725      6.28      2.00     6   6.3062
#        1155       0.01049      8.27      2.00     4   6.3083
#        1156       0.01596    103.30      1.00     6   6.3105
#        1157       0.00989     18.67      2.00     6   6.3142
#        1160       0.01938      9.95      2.00     6   6.3163
#        1162       0.01226      4.83      2.00     5   6.3168
#        1163       0.01944      6.15      2.00     6   6.3169
#        1164       0.02123      9.70      2.00     6   6.3171
#        1165       0.04093     15.67      2.00     6   6.3170
#        1167       0.04365     11.50      2.00     6   6.3170
#        1169       0.02091      4.55      2.00     6   6.3175
#        1170       0.01553      4.60      2.00     6   6.3186
#        1171       0.00993     18.35      2.00     6   6.3195
#        1174       0.01910      5.04      2.00     5   6.3206
#        1175       0.01466      4.22      2.00     5   6.3211
#        1178       0.01714      4.39      2.00     5   6.3226
#        1180       0.01883      4.41      2.00     6   6.3222
#        1181       0.00951     15.19      2.00     5   6.3230
#        1182       0.01913      8.99      2.00     6   6.3229
#        1183       0.01810      9.63      2.00     6   6.3229
#        1187       0.01346     16.82      1.00     6   6.3303
#        1188       0.02043      6.89      2.00     6   6.3321
#        1191       0.01467      8.56      2.00     7   6.3369
#        1192       0.01073     26.81      2.00     7   6.3370
#        1193       0.01071     24.81      2.00     7   6.3371
#        1194       0.01705     11.55      2.00     7   6.3374
#        1195       0.01374     11.14      2.00     7   6.3374
#        1196       0.01020     55.57      2.00     7   6.3385
#        1197       0.00840     11.02      2.00     5   6.3416
#        1198       0.01661      7.70      2.00     6   6.3423
#        1199       0.02555      4.21      2.00     6   6.3424
#        1201       0.01639      7.34      2.00     5   6.3445
#        1202       0.02561      6.31      2.00     6   6.3449
#        1203       0.01013     18.98      2.00     6   6.3448
#        1204       0.00810     12.76      2.00     5   6.3453
#        1205       0.00961     14.73      2.00     5   6.3463
#        1206       0.02522      5.82      2.00     6   6.3460
#        1209       0.03729     11.76      2.00     6   6.3461
#        1211       0.01934      7.33      2.00     6   6.3465
#        1213       0.02204      7.18      2.00     6   6.3477
#        1214       0.01705      4.41      2.00     6   6.3480
#        1215       0.02388      9.02      2.00     5   6.3483
#        1218       0.01760      4.12      2.00     6   6.3505
#        1219       0.01651      5.13      2.00     6   6.3502
#        1220       0.01095     26.64      2.00     7   6.3505
#        1221       0.01090     19.87      2.00     7   6.3507
#        1222       0.01725      5.89      2.00     6   6.3508
#        1223       0.01459      9.98      2.00     7   6.3506
#        1224       0.01397     36.66      2.00     7   6.3510
#        1226       0.01606     35.02      2.00     7   6.3510
#        1227       0.01073     23.21      2.00     7   6.3507
#        1229       0.01760     13.96      2.00     7   6.3512
#        1230       0.01405     14.35      2.00     7   6.3512
#        1232       0.01019     54.32      2.00     7   6.3521
#        1233       0.01065     24.94      2.00     7   6.3533
#        1234       0.01956     14.97      2.00     6   6.3531
#        1235       0.02008      5.94      2.00     5   6.3544
#        1237       0.04758     30.76      2.00     7   6.3560
#        1238       0.01670      7.73      2.00     7   6.3558
#        1239       0.00693     28.92      2.00     5   6.3560
#        1240       0.02053     25.89      2.00     7   6.3561
#        1242       0.02325      5.52      2.00     7   6.3565
#        1243       0.02194     14.63      2.00     7   6.3565
#        1244       0.01555      8.54      2.00     7   6.3575
#        1247       0.02118     26.06      2.00     7   6.3582
#        1248       0.04526     32.20      2.00     7   6.3581
#        1249       0.01691      7.97      2.00     7   6.3582
#        1250       0.01543      4.26      2.00     5   6.3586
#        1251       0.02159      4.84      2.00     7   6.3586
#        1252       0.02134     14.37      2.00     7   6.3586
#        1253       0.01569      8.78      2.00     7   6.3596
#        1255       0.01637      4.36      2.00     5   6.3624
#        1257       0.01425      5.74      1.00     6   6.3625
#        1259       0.02716      7.62      2.00     7   6.3636
#        1260       0.01716      8.21      2.00     5   6.3648
#        1261       0.01551      4.49      2.00     6   6.3650
#        1262       0.02234      6.83      2.00     6   6.3652
#        1263       0.02101     13.91      2.00     6   6.3649
#        1264       0.01788      5.59      2.00     6   6.3658
#        1265       0.01660      5.80      2.00     6   6.3658
#        1266       0.01661      4.74      2.00     6   6.3664
#        1268       0.02373      9.26      2.00     5   6.3667
#        1270       0.01959      7.82      2.00     6   6.3669
#        1271       0.01427      5.63      1.00     6   6.3675
#        1272       0.01748      9.98      2.00     5   6.3679
#        1276       0.01610     14.95      2.00     6   6.3703
#        1277       0.00954      7.20      2.00     5   6.3705
#        1279       0.02596     10.43      2.00     7   6.3765
#        1280       0.01937     15.06      2.00     7   6.3763
#        1281       0.03137     18.61      2.00     7   6.3765
#        1282       0.05673     10.80      2.00     7   6.3767
#        1283       0.01961      5.07      2.00     7   6.3762
#        1285       0.01897      6.85      2.00     7   6.3788
#        1288       0.01514      4.41      2.00     5   6.3802
#        1290       0.01165      5.16      2.00     4   6.3812
#        1291       0.01632      4.14      2.00     6   6.3825
#        1294       0.01275      8.22      2.00     5   6.3850
#        1296       0.01608      6.40      2.00     6   6.3874
#        1297       0.01632      5.55      2.00     6   6.3876
#        1298       0.01639      7.63      2.00     6   6.3888
#        1299       0.01784      9.80      1.00     6   6.3887
#        1300       0.01901      7.34      1.00     6   6.3889
#        1302       0.00821     34.60      2.00     6   6.3896
#        1303       0.02097     12.82      2.00     7   6.3901
#        1304       0.02498     24.83      2.00     7   6.3902
#        1305       0.01649      4.24      2.00     5   6.3904
#        1306       0.04037     33.83      2.00     7   6.3903
#        1307       0.01786      8.01      2.00     7   6.3905
#        1310       0.01723      8.82      2.00     7   6.3922
#        1311       0.01713      8.14      2.00     5   6.3925
#        1313       0.02118      7.85      2.00     6   6.3980
#        1314       0.01013      5.32      2.00     6   6.3983
#        1315       0.01538     11.74      2.00     6   6.3983
#        1316       0.01551      5.56      2.00     6   6.3988
#        1317       0.01568      6.34      2.00     6   6.3999
#        1318       0.00706     78.12      2.00     6   6.4002
#        1319       0.01560      7.66      2.00     6   6.4010
#        1321       0.01570      7.28      2.00     6   6.4015
#        1322       0.02068      5.27      2.00     6   6.4020
#        1323       0.01548      6.16      2.00     6   6.4023
#        1324       0.01571      7.39      2.00     6   6.4029
#        1327       0.01519      4.30      2.00     5   6.4080
#        1329       0.01695      4.62      2.00     6   6.4091
#        1330       0.01628      6.18      2.00     6   6.4103
#        1331       0.02622     12.66      2.00     6   6.4105
#        1334       0.02986      8.02      2.00     6   6.4120
#        1335       0.01617      4.90      2.00     6   6.4132
#        1336       0.01676      4.45      2.00     6   6.4133
#        1337       0.01929      8.69      2.00     6   6.4139
#        1338       0.00920     11.38      2.00     3   6.4185
#        1339       0.01726      4.89      2.00     6   6.4214
#        1340       0.00705      6.65      2.00     4   6.4222
#        1341       0.02332      4.78      2.00     6   6.4238
#        1342       0.00840     16.29      2.00     5   6.4240
#        1343       0.01148      9.67      2.00     5   6.4244
#        1344       0.01448      6.87      2.00     6   6.4244
#        1345       0.01716      4.05      2.00     6   6.4246
#        1346       0.01434      5.36      2.00     6   6.4280
#        1347       0.02968      4.57      2.00     6   6.4302
#        1348       0.00773      5.20      2.00     4   6.4311
#        1349       0.00942     13.21      2.00     4   6.4318
#        1350       0.02317      7.49      1.00     6   6.4320
#        1351       0.02302      9.82      2.00     7   6.4319
#        1352       0.01131      7.69      2.00     5   6.4341
#        1353       0.01728      4.82      2.00     6   6.4349
#        1354       0.01066      9.00      2.00     5   6.4356
#        1356       0.02323      8.99      2.00     7   6.4383
#        1357       0.01717      4.28      2.00     5   6.4400
#        1358       0.00777      5.91      2.00     4   6.4410
#        1359       0.03693      8.19      2.00     7   6.4421
#        1360       0.01570      4.36      2.00     7   6.4423
#        1361       0.02241      7.12      2.00     5   6.4438
#        1362       0.00965      9.45      2.00     6   6.4445
#        1364       0.01423      5.20      2.00     7   6.4442
#        1365       0.02196      6.10      2.00     6   6.4446
#        1367       0.03881     10.76      2.00     6   6.4450
#        1369       0.01644      4.08      2.00     6   6.4460
#        1370       0.00692     29.95      2.00     5   6.4484
#        1371       0.00692     29.44      2.00     5   6.4516
#        1372       0.02444      7.34      2.00     5   6.4542
#        1377       0.01852      5.58      2.00     6   6.4605
#        1379       0.02091     13.02      2.00     6   6.4628
#        1381       0.08361      7.66      2.00     7   6.4652
#        1382       0.04009      7.36      2.00     7   6.4653
#        1386       0.01687      4.14      2.00     5   6.4680
#        1388       0.03721      4.72      2.00     7   6.4679
#        1389       0.07289     11.65      2.00     7   6.4678
#        1390       0.01240     27.06      2.00     6   6.4687
#        1392       0.03638     11.35      2.00     7   6.4704
#        1395       0.00873     13.68      2.00     5   6.4722
#        1396       0.02291      7.77      1.00     6   6.4766
#        1397       0.01751      5.64      2.00     6   6.4770
#        1398       0.00981     11.43      2.00     6   6.4775
#        1399       0.02266      5.41      1.00     6   6.4773
#        1401       0.02741      4.25      2.00     6   6.4797
#        1405       0.02253      8.28      1.00     6   6.4801
#        1406       0.01749      5.40      2.00     6   6.4820
#        1408       0.00985     11.45      2.00     6   6.4826
#        1410       0.02341      4.64      1.00     6   6.4840
#        1412       0.02125     12.35      2.00     7   6.4855
#        1414       0.02181     23.07      2.00     7   6.4857
#        1415       0.04140     30.72      2.00     7   6.4860
#        1416       0.01739      7.25      2.00     7   6.4857
#        1418       0.01663      7.98      2.00     7   6.4871
#        1420       0.02208      6.01      2.00     6   6.4878
#        1421       0.02108     14.46      2.00     6   6.4881
#        1423       0.00704     79.15      2.00     6   6.4895
#        1424       0.01684      7.39      2.00     6   6.4898
#        1425       0.01641      6.28      2.00     6   6.4907
#        1426       0.02010     12.71      2.00     6   6.4906
#        1427       0.01637      4.58      2.00     6   6.4907
#        1429       0.01637      5.44      2.00     6   6.4910
#        1430       0.02243      6.21      2.00     6   6.4909
#        1431       0.01991      7.24      2.00     6   6.4923
#        1432       0.02693      9.11      2.00     6   6.4923
#        1433       0.01710      4.77      2.00     6   6.4920
#        1434       0.01286      7.00      2.00     7   6.4921
#        1435       0.02640     12.09      2.00     6   6.4931
#        1436       0.01700      4.67      2.00     6   6.4934
#        1438       0.01769      9.43      2.00     5   6.4942
#        1439       0.00870     10.62      2.00     3   6.4945
#        1440       0.02271      5.08      2.00     6   6.4942
#        1443       0.03581     25.23      2.00     7   6.4947
#        1445       0.03725     10.52      2.00     6   6.4949
#        1446       0.02548      5.36      2.00     7   6.4948
#        1450       0.02019      4.53      2.00     7   6.4985
#        1451       0.01842      6.35      2.00     7   6.4986
#        1454       0.00811     11.23      2.00     5   6.5011
#        1455       0.01194     11.35      2.00     7   6.5025
#        1456       0.01323      5.54      2.00     7   6.5024
#        1458       0.01140     13.95      2.00     7   6.5028
#        1460       0.01650      6.34      2.00     6   6.5037
#        1461       0.00854     17.09      2.00     6   6.5038
#        1462       0.00708     76.35      2.00     6   6.5039
#        1463       0.01719      4.57      2.00     6   6.5045
#        1464       0.00987     35.71      2.00     7   6.5045
#        1465       0.01800      9.28      1.00     6   6.5048
#        1466       0.01639      5.05      2.00     6   6.5057
#        1467       0.01742      4.86      2.00     6   6.5057
#        1468       0.01636      6.21      2.00     6   6.5060
#        1469       0.02571     12.48      2.00     6   6.5058
#        1470       0.01736      4.31      2.00     6   6.5061
#        1471       0.02880      7.96      2.00     6   6.5065
#        1472       0.01654      6.94      2.00     6   6.5071
#        1474       0.01873      4.99      1.00     6   6.5073
#        1476       0.02268      6.20      2.00     6   6.5077
#        1477       0.01703      4.41      2.00     6   6.5078
#        1478       0.02016     13.06      2.00     6   6.5076
#        1479       0.01675      5.16      2.00     6   6.5084
#        1480       0.01465      6.77      2.00     6   6.5085
#        1481       0.01777      9.23      2.00     5   6.5095
#        1482       0.01876      6.34      1.00     6   6.5095
#        1483       0.01460      5.81      2.00     6   6.5091
#        1484       0.02036      7.26      2.00     6   6.5091
#        1492       0.02121      5.86      2.00     4   6.5166
#        1493       0.00825     11.14      2.00     5   6.5171
#        1494       0.00868     11.99      2.00     4   6.5176
#        1495       0.01751      4.88      2.00     6   6.5185
#        1497       0.01740      4.01      2.00     6   6.5207
#        1498       0.01475      6.83      2.00     6   6.5213
#        1499       0.01574      7.02      2.00     6   6.5212
#        1500       0.01584      6.80      2.00     6   6.5214
#        1501       0.01584      5.22      2.00     6   6.5211
#        1502       0.01587      5.67      2.00     6   6.5222
#        1506       0.01462      5.35      2.00     6   6.5240
#        1507       0.01580      5.89      2.00     6   6.5241
#        1508       0.01088      5.30      2.00     7   6.5243
#        1510       0.01142     17.71      2.00     7   6.5246
#        1511       0.01212      8.25      2.00     5   6.5248
#        1512       0.01590      6.61      2.00     6   6.5250
#        1517       0.01024     11.21      2.00     7   6.5269
#        1518       0.01805      8.95      1.00     6   6.5274
#        1519       0.01625      5.71      2.00     6   6.5281
#        1521       0.01661      6.81      2.00     6   6.5295
#        1522       0.01650      4.83      2.00     6   6.5302
#        1523       0.01852      6.36      1.00     6   6.5316
#        1524       0.01088     11.56      2.00     7   6.5317
#        1527       0.01030     10.40      2.00     5   6.5380
#        1528       0.01119     12.32      2.00     7   6.5389
#        1529       0.01374      5.97      2.00     7   6.5387
#        1530       0.01124     13.73      2.00     7   6.5389
#        1532       0.01221      8.21      2.00     5   6.5398
#        1533       0.00989     42.87      2.00     7   6.5403
#        1534       0.02087      4.91      1.00     6   6.5422
#        1535       0.01571      4.81      2.00     6   6.5431
#        1536       0.01581      6.80      2.00     6   6.5436
#        1537       0.01592      6.48      2.00     6   6.5440
#        1538       0.01138     11.47      2.00     7   6.5439
#        1539       0.01365      6.68      2.00     7   6.5440
#        1541       0.01592      5.51      2.00     6   6.5442
#        1544       0.01124     13.43      2.00     7   6.5441
#        1547       0.00992     42.57      2.00     7   6.5455
#        1548       0.02131      6.25      2.00     5   6.5460
#        1549       0.01568      5.42      2.00     6   6.5464
#        1550       0.02109     11.32      2.00     7   6.5467
#        1551       0.02252     21.69      2.00     7   6.5465
#        1552       0.01784      6.91      2.00     7   6.5467
#        1554       0.01810      9.06      2.00     5   6.5471
#        1555       0.01595      6.50      2.00     6   6.5471
#        1556       0.04025     29.62      2.00     7   6.5472
#        1558       0.01694      7.68      2.00     7   6.5481
#        1559       0.00678      4.35      2.00     4   6.5487
#        1560       0.03885      8.02      2.00     7   6.5494
#        1561       0.01601      4.27      2.00     7   6.5499
#        1563       0.01448      5.17      2.00     7   6.5509
#        1565       0.00824     29.75      2.00     6   6.5534
#        1566       0.01240      9.83      2.00     5   6.5550
#        1568       0.01189      9.23      2.00     5   6.5563
#        1570       0.01712      6.45      2.00     7   6.5572
#        1571       0.00836     30.16      2.00     6   6.5582
#        1572       0.01135      9.78      2.00     7   6.5582
#        1573       0.01039     22.78      2.00     7   6.5587
#        1575       0.03692      8.40      2.00     7   6.5599
#        1576       0.01622      4.03      2.00     7   6.5604
#        1577       0.03058     13.65      2.00     5   6.5608
#        1578       0.01470      5.27      2.00     7   6.5615
#        1579       0.02199      6.54      2.00     5   6.5626
#        1580       0.01140      9.98      2.00     7   6.5635
#        1582       0.01741      4.29      2.00     6   6.5650
#        1583       0.02131      5.52      2.00     6   6.5647
#        1584       0.02733     11.03      2.00     6   6.5654
#        1585       0.01265     13.43      2.00     7   6.5651
#        1588       0.01518      5.88      2.00     6   6.5667
#        1589       0.01736      5.63      2.00     6   6.5662
#        1590       0.02046     11.23      2.00     6   6.5663
#        1592       0.01192      9.11      2.00     5   6.5680
#        1593       0.02745     17.96      2.00     6   6.5680
#        1594       0.01511      6.86      2.00     6   6.5680
#        1595       0.01926     17.90      2.00     6   6.5679
#        1599       0.01678     12.70      2.00     6   6.5710
#        1600       0.01948      6.01      2.00     7   6.5710
#        1601       0.01699      5.29      2.00     6   6.5715
#        1602       0.03042      5.90      2.00     7   6.5714
#        1603       0.02079     15.92      2.00     7   6.5716
#        1604       0.02070      9.64      2.00     7   6.5717
#        1605       0.02419     14.00      2.00     7   6.5715
#        1606       0.02072      5.36      2.00     7   6.5721
#        1607       0.02311     34.77      2.00     7   6.5720
#        1608       0.01527     21.28      2.00     6   6.5735
#        1609       0.01024      8.48      2.00     7   6.5733
#        1610       0.02638      9.29      2.00     7   6.5740
#        1611       0.02213      9.83      2.00     7   6.5740
#        1612       0.01962      9.60      2.00     7   6.5739
#        1613       0.02360     15.14      2.00     7   6.5743
#        1614       0.02181     33.19      2.00     7   6.5766
#        1616       0.01743      4.76      2.00     6   6.5773
#        1617       0.01791      6.36      2.00     6   6.5776
#        1621       0.01511      6.48      2.00     6   6.5807
#        1622       0.01751      5.84      2.00     6   6.5803
#        1623       0.01509      7.02      2.00     6   6.5803
#        1625       0.01043     29.47      2.00     6   6.5823
#        1627       0.01984      7.16      2.00     6   6.5858
#        1628       0.01117      5.07      2.00     7   6.5862
#        1629       0.02196      5.72      2.00     6   6.5871
#        1630       0.02089     13.36      2.00     6   6.5871
#        1631       0.02922      6.72      2.00     6   6.5880
#        1633       0.02874     10.91      2.00     6   6.5879
#        1634       0.02120      7.02      2.00     6   6.5885
#        1635       0.01117      4.45      2.00     7   6.5883
#        1636       0.01120      5.97      2.00     7   6.5882
#        1637       0.01059     23.83      2.00     7   6.5885
#        1638       0.01770      5.45      2.00     6   6.5896
#        1639       0.02071      5.91      2.00     6   6.5894
#        1640       0.02238      6.33      2.00     6   6.5897
#        1641       0.01096     11.55      2.00     7   6.5898
#        1642       0.03036      5.05      2.00     6   6.5904
#        1644       0.01068     11.62      2.00     7   6.5909
#        1645       0.01758     15.82      2.00     6   6.5914
#        1647       0.01776      4.41      2.00     6   6.5924
#        1648       0.01061     23.50      2.00     7   6.5935
#        1649       0.01286      6.62      2.00     7   6.5936
#        1650       0.01090     11.19      2.00     7   6.5943
#        1651       0.01083     11.18      2.00     7   6.5956
#        1653       0.01283     25.96      2.00     6   6.5973
#        1654       0.02273      8.52      2.00     7   6.5990
#        1656       0.02058      4.22      2.00     7   6.5989
#        1657       0.01883      5.95      2.00     7   6.6010
#        1660       0.01710      5.42      2.00     7   6.6035
#        1662       0.01820      8.62      2.00     7   6.6052
#        1663       0.02984     12.50      2.00     7   6.6053
#        1665       0.02381      7.77      2.00     7   6.6063
#        1668       0.01310      6.84      2.00     7   6.6075
#        1669       0.01923      7.40      2.00     7   6.6090
#        1670       0.01951      8.62      2.00     7   6.6090
#        1671       0.02321     21.21      2.00     7   6.6089
#        1672       0.02320      9.31      2.00     7   6.6092
#        1673       0.02174      4.30      2.00     7   6.6097
#        1674       0.01987      5.93      2.00     6   6.6100
#        1679       0.01764     10.86      2.00     7   6.6103
#        1680       0.02089     12.72      2.00     7   6.6102
#        1681       0.01738     13.02      2.00     7   6.6105
#        1682       0.02075     10.38      2.00     7   6.6109
#        1683       0.02211     26.21      2.00     7   6.6106
#        1684       0.01965      6.23      2.00     7   6.6120
#        1685       0.01523     12.39      2.00     7   6.6123
#        1686       0.01783     32.88      2.00     7   6.6122
#        1687       0.01081      4.67      2.00     5   6.6149
#        1688       0.02215      5.49      2.00     6   6.6147
#        1689       0.02119     13.12      2.00     6   6.6150
#        1690       0.02192      6.85      2.00     6   6.6164
#        1691       0.02088      5.93      2.00     7   6.6168
#        1692       0.02391      8.11      2.00     7   6.6170
#        1694       0.01534     62.25      2.00     7   6.6177
#        1697       0.01293     25.17      2.00     6   6.6203
#        1698       0.03457      6.03      2.00     6   6.6204
#        1699       0.01803     11.15      2.00     7   6.6215
#        1700       0.02668      7.69      2.00     7   6.6214
#        1703       0.01752     12.57      2.00     7   6.6245
#        1704       0.01794     12.11      2.00     7   6.6250
#        1706       0.00710      4.96      2.00     5   6.6273
#        1708       0.02355      8.29      2.00     7   6.6287
#        1711       0.01742      8.06      2.00     7   6.6318
#        1713       0.03008     19.41      2.00     7   6.6322
#        1715       0.02387      7.63      2.00     7   6.6332
#        1716       0.01809      8.92      2.00     7   6.6335
#        1717       0.01028     65.86      2.00     6   6.6337
#        1718       0.01796     11.36      2.00     7   6.6338
#        1719       0.00718      5.07      2.00     5   6.6342
#        1720       0.03193     15.46      2.00     7   6.6347
#        1721       0.01715      5.21      2.00     7   6.6348
#        1722       0.01715      6.56      2.00     7   6.6350
#        1723       0.01795      4.94      2.00     7   6.6353
#        1724       0.02095      8.34      2.00     6   6.6363
#        1725       0.01780      9.04      2.00     7   6.6367
#        1727       0.00940      9.81      2.00     5   6.6407
#        1728       0.01293      8.03      2.00     6   6.6404
#        1729       0.00699     10.18      1.00     6   6.6434
#        1730       0.01447      4.34      2.00     6   6.6454
#        1731       0.01439      5.32      2.00     6   6.6460
#        1733       0.01842      5.20      2.00     7   6.6471
#        1735       0.00722      4.84      2.00     5   6.6499
#        1736       0.01410      8.76      2.00     6   6.6516
#        1737       0.00725      4.97      2.00     5   6.6530
#        1738       0.01376      7.30      2.00     6   6.6549
#        1739       0.01287      4.76      2.00     5   6.6599
#        1740       0.01291      5.04      2.00     5   6.6599
#        1742       0.00749      4.77      2.00     5   6.6611
#        1743       0.01904      5.77      2.00     7   6.6610
#        1744       0.01062     12.32      2.00     7   6.6611
#        1746       0.01753     19.61      2.00     7   6.6611
#        1748       0.00756      4.75      2.00     5   6.6649
#        1751       0.05810     11.48      2.00     7   6.6651
#        1752       0.03256     11.57      2.00     7   6.6654
#        1753       0.02871      5.81      2.00     6   6.6657
#        1755       0.01078      7.66      2.00     5   6.6676
#        1757       0.02273      5.86      2.00     6   6.6673
#        1758       0.01522      6.03      2.00     6   6.6675
#        1759       0.01653      6.93      2.00     7   6.6676
#        1760       0.04866     11.16      2.00     7   6.6693
#        1761       0.03637     10.74      2.00     7   6.6696
#        1762       0.01981     10.29      2.00     6   6.6709
#        1763       0.01500      4.46      2.00     6   6.6711
#        1764       0.01096     13.36      2.00     5   6.6725
#        1768       0.02796      6.07      2.00     6   6.6746
#        1770       0.02844      9.92      2.00     6   6.6743
#        1771       0.01785      5.70      2.00     6   6.6757
#        1773       0.02883     10.47      2.00     7   6.6753
#        1774       0.01782      4.99      2.00     6   6.6760
#        1775       0.02795     10.85      2.00     6   6.6760
#        1776       0.01779      5.90      2.00     6   6.6774
#        1777       0.00615      5.34      2.00     3   6.6781
#        1779       0.02880      4.98      2.00     6   6.6777
#        1781       0.01037    186.80      2.00     7   6.6780
#        1782       0.01833      8.63      2.00     5   6.6792
#        1783       0.01788      4.78      2.00     6   6.6794
#        1785       0.01931      4.20      2.00     6   6.6805
#        1787       0.00953     27.29      2.00     6   6.6818
#        1788       0.01859      8.70      2.00     5   6.6831
#        1789       0.01573      7.32      2.00     7   6.6845
#        1790       0.02878     13.12      2.00     5   6.6848
#        1791       0.02030      6.34      2.00     6   6.6857
#        1793       0.00721      5.38      2.00     5   6.6859
#        1794       0.03182      8.78      2.00     7   6.6866
#        1795       0.04698      9.58      2.00     7   6.6868
#        1797       0.01920      4.84      2.00     6   6.6877
#        1798       0.02184      5.08      2.00     6   6.6880
#        1799       0.02531      5.02      2.00     6   6.6880
#        1800       0.01759      8.74      2.00     7   6.6879
#        1802       0.01738      4.86      2.00     6   6.6884
#        1804       0.01718      4.99      2.00     7   6.6889
#        1806       0.02007      5.86      2.00     6   6.6896
#        1808       0.01949     17.16      2.00     6   6.6898
#        1810       0.02016      9.24      2.00     6   6.6907
#        1811       0.00690     12.69      1.00     6   6.6913
#        1812       0.01525      5.74      2.00     6   6.6910
#        1813       0.00981      9.25      2.00     5   6.6914
#        1814       0.00659      4.40      2.00     5   6.6921
#        1815       0.01662      4.70      2.00     6   6.6919
#        1816       0.01520      6.33      2.00     6   6.6921
#        1817       0.04090      6.23      2.00     7   6.6925
#        1821       0.04034      5.66      2.00     7   6.6931
#        1822       0.03469      5.56      2.00     7   6.6932
#        1823       0.02238      6.00      2.00     7   6.6931
#        1825       0.03113     12.25      2.00     5   6.6944
#        1826       0.02569      6.32      2.00     7   6.6947
#        1829       0.00725      5.31      2.00     5   6.6972
#        1830       0.00694     12.60      1.00     6   6.6973
#        1831       0.01248     13.34      2.00     6   6.6984
#        1833       0.01743      5.07      2.00     6   6.6996
#        1834       0.02089      4.80      2.00     6   6.7002
#        1836       0.01952     17.02      2.00     6   6.7010
#        1837       0.03197      4.40      2.00     5   6.7018
#        1839       0.01991      9.83      2.00     6   6.7018
#        1840       0.01535      5.45      2.00     6   6.7018
#        1843       0.01752      4.09      2.00     6   6.7034
#        1844       0.01527      6.37      2.00     6   6.7032
#        1845       0.01755      4.98      2.00     6   6.7062
#        1846       0.01518      6.47      2.00     6   6.7062
#        1848       0.01518      6.16      2.00     6   6.7064
#        1849       0.01519      6.84      2.00     6   6.7103
#        1850       0.02052      6.35      2.00     6   6.7109
#        1851       0.01522      5.71      2.00     6   6.7109
#        1852       0.00731      7.25      2.00     4   6.7111
#        1853       0.03151     12.50      2.00     5   6.7110
#        1854       0.00746     11.15      2.00     6   6.7118
#        1855       0.01065     19.36      2.00     6   6.7118
#        1857       0.01753      4.18      2.00     6   6.7144
#        1858       0.00586      8.59      2.00     4   6.7149
#        1859       0.01521      6.98      2.00     6   6.7147
#        1860       0.01708      7.99      2.00     7   6.7153
#        1861       0.02950     19.21      2.00     7   6.7154
#        1863       0.02844     16.68      2.00     7   6.7157
#        1864       0.01700      7.02      2.00     7   6.7157
#        1865       0.01693      4.82      2.00     7   6.7161
#        1866       0.01798     11.22      2.00     7   6.7168
#        1867       0.01526      5.23      2.00     6   6.7174
#        1868       0.01761      5.19      2.00     6   6.7172
#        1869       0.01527      6.46      2.00     6   6.7172
#        1870       0.01780      9.75      2.00     7   6.7171
#        1872       0.01528      6.00      2.00     6   6.7177
#        1873       0.02102      5.57      2.00     6   6.7188
#        1874       0.02216      5.81      2.00     6   6.7188
#        1875       0.00719      5.69      2.00     5   6.7198
#        1876       0.01778     14.80      2.00     6   6.7202
#        1877       0.00603     10.41      2.00     4   6.7223
#        1878       0.01086     65.43      2.00     6   6.7228
#        1879       0.02483      4.26      2.00     6   6.7228
#        1880       0.01772      7.50      2.00     7   6.7238
#        1881       0.02896     10.53      2.00     7   6.7242
#        1882       0.01096     63.73      2.00     6   6.7256
#        1883       0.01465      4.74      2.00     6   6.7259
#        1884       0.01459      5.37      2.00     6   6.7268
#        1885       0.02773     12.15      2.00     6   6.7266
#        1886       0.01783      7.82      2.00     7   6.7272
#        1887       0.01729      4.55      2.00     7   6.7275
#        1889       0.01709      8.07      2.00     7   6.7281
#        1890       0.02900     19.30      2.00     7   6.7283
#        1892       0.01736     12.09      2.00     7   6.7295
#        1893       0.02115     11.89      2.00     7   6.7294
#        1894       0.01805     11.29      2.00     7   6.7297
#        1895       0.03004     15.50      2.00     7   6.7300
#        1897       0.02213     20.21      2.00     7   6.7307
#        1898       0.01714      6.53      2.00     7   6.7303
#        1900       0.01565     18.47      2.00     6   6.7309
#        1901       0.01427      7.07      2.00     7   6.7311
#        1902       0.01930      6.30      2.00     7   6.7311
#        1903       0.01714      5.70      2.00     7   6.7307
#        1904       0.01957      7.45      2.00     7   6.7311
#        1905       0.01799     30.74      2.00     7   6.7309
#        1906       0.02352      8.82      2.00     7   6.7307
#        1907       0.03814      5.72      2.00     7   6.7309
#        1908       0.01766      5.21      2.00     7   6.7311
#        1909       0.01793      9.04      2.00     7   6.7317
#        1910       0.01924      6.84      2.00     7   6.7317
#        1912       0.01723      9.71      2.00     7   6.7318
#        1913       0.02113      9.98      2.00     7   6.7321
#        1914       0.02214     23.12      2.00     7   6.7318
#        1915       0.02093      5.83      2.00     6   6.7329
#        1916       0.02095      4.34      2.00     7   6.7334
#        1917       0.01533     11.16      2.00     7   6.7332
#        1919       0.02078      5.38      2.00     6   6.7338
#        1920       0.02281      5.72      2.00     6   6.7341
#        1921       0.00724      5.60      2.00     5   6.7349
#        1922       0.01793     14.52      2.00     6   6.7355
#        1925       0.01863      6.36      2.00     7   6.7384
#        1926       0.02155      5.14      2.00     7   6.7388
#        1927       0.01169      9.87      2.00     5   6.7393
#        1928       0.01474      4.38      2.00     6   6.7398
#        1929       0.01466      5.36      2.00     6   6.7405
#        1931       0.01807      8.91      2.00     7   6.7406
#        1932       0.01759      4.97      2.00     7   6.7415
#        1933       0.01254     15.05      2.00     6   6.7434
#        1934       0.00995     25.55      2.00     6   6.7437
#        1936       0.01592     18.53      2.00     6   6.7439
#        1937       0.01750     10.15      2.00     7   6.7445
#        1938       0.02194      5.20      2.00     6   6.7454
#        1940       0.01788      7.88      2.00     7   6.7465
#        1941       0.02246      4.88      2.00     7   6.7470
#        1942       0.01104      4.10      2.00     6   6.7470
#        1945       0.01959      8.13      1.00     6   6.7471
#        1946       0.02542      6.78      2.00     7   6.7475
#        1947       0.01731      5.03      2.00     7   6.7471
#        1948       0.02997     11.63      2.00     7   6.7472
#        1950       0.02058      5.44      2.00     7   6.7473
#        1951       0.01752     11.45      2.00     7   6.7473
#        1952       0.01743     11.18      2.00     7   6.7475
#        1955       0.02651      6.08      2.00     7   6.7496
#        1956       0.01399      6.44      2.00     5   6.7496
#        1957       0.02188     20.45      2.00     7   6.7501
#        1959       0.01422      8.00      2.00     6   6.7510
#        1960       0.02104     11.44      2.00     7   6.7517
#        1961       0.01744     11.67      2.00     7   6.7519
#        1962       0.01744      4.20      2.00     7   6.7523
#        1966       0.02242     18.44      2.00     7   6.7525
#        1967       0.02335      8.11      2.00     7   6.7527
#        1968       0.01442      5.64      2.00     5   6.7530
#        1971       0.01957      6.73      2.00     7   6.7531
#        1972       0.01985      7.84      2.00     7   6.7531
#        1973       0.01813     29.70      2.00     7   6.7533
#        1974       0.01730      9.49      2.00     7   6.7538
#        1975       0.02231     22.72      2.00     7   6.7541
#        1978       0.02081      9.20      2.00     7   6.7541
#        1979       0.01576      4.59      2.00     7   6.7549
#        1980       0.01542     10.97      2.00     7   6.7555
#        1981       0.01156      7.43      2.00     5   6.7581
#        1982       0.00569     15.49      2.00     5   6.7592
#        1983       0.02623      6.91      2.00     5   6.7606
#        1984       0.02643      8.55      2.00     5   6.7611
#        1985       0.01171      7.44      2.00     5   6.7614
#        1987       0.02118      5.48      2.00     7   6.7624
#        1989       0.02658      7.83      2.00     5   6.7630
#        1990       0.01094    182.70      2.00     7   6.7638
#        1991       0.00747      6.08      2.00     4   6.7643
#        1992       0.01670     17.10      2.00     6   6.7646
#        1993       0.02447     14.26      2.00     6   6.7653
#        1994       0.01755      9.72      2.00     7   6.7667
#        1995       0.01761     11.07      2.00     7   6.7696
#        1996       0.01759     10.70      2.00     7   6.7700
#        1997       0.02640      8.60      2.00     6   6.7706
#        1998       0.01968     13.31      2.00     7   6.7712
#        1999       0.02447      4.78      2.00     7   6.7713
#        2000       0.03028     18.81      2.00     7   6.7715
#        2001       0.02268     13.11      2.00     7   6.7715
#        2002       0.02356      6.34      2.00     7   6.7728
#        2003       0.01817     13.15      2.00     6   6.7735
#        2004       0.01162     21.77      2.00     7   6.7737
#        2005       0.02799      6.56      2.00     7   6.7738
#        2006       0.02198     13.24      2.00     7   6.7755
#        2007       0.03345      5.60      2.00     6   6.7770
#        2008       0.02903      4.30      2.00     7   6.7768
#        2009       0.02330      5.63      2.00     7   6.7768
#        2011       0.02286      7.16      2.00     7   6.7766
#        2012       0.01109    175.10      2.00     7   6.7779
#        2013       0.01699      5.01      2.00     7   6.7791
#        2014       0.02678      6.04      2.00     7   6.7797
#        2015       0.02543      7.61      2.00     7   6.7797
#        2016       0.01791      4.25      2.00     7   6.7795
#        2017       0.01907      5.23      2.00     7   6.7794
#        2018       0.02082     14.72      2.00     7   6.7820
#        2019       0.02166     23.93      2.00     6   6.7835
#        2020       0.01574     53.08      2.00     7   6.7832
#        2021       0.01479      7.03      2.00     7   6.7837
#        2022       0.01946      7.09      2.00     5   6.7846
#        2023       0.02821     12.76      2.00     5   6.7846
#        2024       0.00644      4.62      2.00     3   6.7851
#        2026       0.01598     54.76      2.00     7   6.7850
#        2027       0.01779      6.13      2.00     7   6.7863
#        2028       0.02505     11.58      2.00     7   6.7874
#        2031       0.02652      5.18      2.00     7   6.7877
#        2032       0.02455      8.12      2.00     7   6.7877
#        2033       0.02369     20.55      2.00     7   6.7880
#        2035       0.02110      7.94      2.00     7   6.7876
#        2036       0.03060      5.80      2.00     7   6.7894
#        2037       0.01954     11.32      2.00     7   6.7894
#        2038       0.02645      9.53      2.00     7   6.7897
#        2040       0.02020     11.83      2.00     7   6.7897
#        2042       0.02102      6.30      2.00     6   6.7903
#        2043       0.01910      6.35      2.00     7   6.7903
#        2045       0.02913     12.18      2.00     5   6.7915
#        2046       0.01900     31.21      2.00     7   6.7914
#        2049       0.01407      8.72      1.00     6   6.7939
#        2050       0.01701      4.53      2.00     7   6.7940
#        2051       0.01710      5.33      2.00     7   6.7947
#        2052       0.01480      6.47      2.00     6   6.7953
#        2054       0.01710      5.33      2.00     7   6.7954
#        2055       0.00633      8.82      2.00     4   6.7961
#        2056       0.01903     13.00      2.00     7   6.7965
#        2057       0.01459      9.85      1.00     6   6.7973
#        2058       0.00788     11.45      2.00     6   6.7992
#        2059       0.01145     18.74      2.00     6   6.7992
#        2060       0.01706     22.83      2.00     7   6.7992
#        2061       0.02825     17.47      2.00     6   6.8049
#        2062       0.02713     24.68      2.00     6   6.8053
#        2063       0.02842     21.22      2.00     6   6.8073
#        2067       0.01679     54.76      2.00     7   6.8089
#        2068       0.01575      5.37      2.00     7   6.8099
#        2069       0.02156      6.25      2.00     6   6.8098
#        2070       0.00651      4.92      2.00     3   6.8107
#        2071       0.00735      6.24      2.00     4   6.8106
#        2072       0.03279      6.60      2.00     7   6.8121
#        2073       0.05031      6.74      2.00     7   6.8125
#        2074       0.01268      7.89      2.00     6   6.8139
#        2075       0.00798     11.26      2.00     6   6.8137
#        2076       0.01156     18.26      2.00     6   6.8137
#        2077       0.02836      4.44      2.00     7   6.8147
#        2078       0.02895      7.11      2.00     7   6.8154
#        2079       0.03223      6.41      2.00     7   6.8166
#        2081       0.04796      6.48      2.00     7   6.8170
#        2082       0.01465      7.56      2.00     6   6.8191
#        2083       0.02379      4.47      2.00     7   6.8191
#        2084       0.02559      6.52      2.00     7   6.8193
#        2085       0.02939     11.75      2.00     5   6.8197
#        2087       0.01484      7.74      2.00     6   6.8203
#        2089       0.01605      4.68      2.00     6   6.8234
#        2091       0.00623      8.84      2.00     4   6.8262
#        2093       0.01935     18.09      2.00     6   6.8288
#        2094       0.01943     13.90      2.00     6   6.8306
#        2095       0.02050      9.02      2.00     6   6.8334
#        2097       0.02048      9.24      2.00     6   6.8341
#        2100       0.01967     10.28      2.00     6   6.8345
#        2101       0.00736      5.92      2.00     4   6.8373
#        2103       0.00710     26.41      2.00     5   6.8404
#        2105       0.01846      8.24      2.00     7   6.8414
#        2106       0.01588      8.32      2.00     7   6.8417
#        2107       0.01582      5.82      2.00     7   6.8417
#        2109       0.01571      7.92      2.00     6   6.8427
#        2110       0.04185      8.13      2.00     7   6.8426
#        2112       0.02612      4.12      2.00     7   6.8429
#        2114       0.03217      8.17      2.00     7   6.8431
#        2117       0.04213      5.57      2.00     7   6.8442
#        2119       0.02577      5.67      2.00     7   6.8457
#        2121       0.00618      7.94      2.00     4   6.8475
#        2124       0.04127      4.99      2.00     7   6.8483
#        2125       0.03295      4.91      2.00     7   6.8481
#        2126       0.00614      7.08      2.00     4   6.8485
#        2128       0.04063      5.58      2.00     7   6.8484
#        2130       0.04912      7.69      2.00     7   6.8491
#        2131       0.02300      4.01      2.00     7   6.8494
#        2132       0.02244      7.66      2.00     7   6.8495
#        2135       0.02628      5.68      2.00     7   6.8500
#        2137       0.00617      4.14      2.00     5   6.8512
#        2140       0.02011      5.62      2.00     7   6.8536
#        2144       0.02061     11.75      2.00     7   6.8537
#        2145       0.01963      7.52      2.00     7   6.8541
#        2148       0.02012     21.46      2.00     7   6.8553
#        2149       0.04179      5.01      2.00     7   6.8554
#        2150       0.03186      4.96      2.00     7   6.8555
#        2151       0.01982      9.18      2.00     7   6.8554
#  1596/2000 paths used
#  -----------------------------------------------------------------------
#       k          chi          mag           phase @#
     0.0000   -1.283813E+00  9.799826E+00 -1.313813E-01
     0.0500   -9.706316E-01  9.610619E+00 -1.011682E-01
     0.1000   -6.685122E-01  9.422454E+00 -7.100851E-02
     0.1500    1.595717E-01  8.890843E+00  1.794884E-02
     0.2000    8.888356E-01  8.368248E+00  1.064160E-01
     0.2500    1.876272E+00  7.598099E+00  2.495208E-01
     0.3000    2.612525E+00  6.850769E+00  3.912537E-01
     0.3500    3.292010E+00  5.984832E+00  5.824348E-01
     0.4000    3.594127E+00  5.157001E+00  7.711236E-01
     0.4500    3.671852E+00  4.348983E+00  1.005260E+00
     0.5000    3.389940E+00  3.588267E+00  1.236767E+00
     0.5500    2.929427E+00  2.934237E+00  1.513529E+00
     0.6000    2.272347E+00  2.328458E+00  1.790775E+00
     0.6500    1.592577E+00  1.869883E+00  2.122374E+00
     0.7000    9.108466E-01  1.455595E+00  2.465493E+00
     0.7500    3.170021E-01  1.191611E+00  2.872322E+00
     0.8000   -1.519993E-01  9.648941E-01  3.299781E+00
     0.8500   -5.011797E-01  8.634620E-01  3.760850E+00
     0.9000   -6.838725E-01  7.783226E-01  4.214618E+00
     0.9500   -7.619550E-01  7.642821E-01  4.634333E+00
     1.0000   -7.001464E-01  7.363865E-01  5.027421E+00
     1.0500   -5.785635E-01  7.360167E-01  5.378754E+00
     1.1000   -3.832337E-01  7.097245E-01  5.712778E+00
     1.1500   -1.816668E-01  6.904371E-01  6.016932E+00
     1.2000    1.798322E-02  6.463931E-01  6.311010E+00
     1.2500    1.791776E-01  6.047527E-01  6.583983E+00
     1.3000    2.907081E-01  5.444579E-01  6.846439E+00
     1.3500    3.531103E-01  4.881853E-01  7.091772E+00
     1.4000    3.624434E-01  4.212553E-01  7.319218E+00
     1.4500    3.430278E-01  3.621885E-01  7.527254E+00
     1.5000    2.973622E-01  3.008398E-01  7.701783E+00
     1.5500    2.517677E-01  2.517677E-01  7.853999E+00
     1.6000    2.067154E-01  2.077631E-01  7.954449E+00
     1.6500    1.728107E-01  1.761658E-01  8.049461E+00
     1.7000    1.472445E-01  1.519455E-01  8.103381E+00
     1.7500    1.261794E-01  1.333202E-01  8.182756E+00
     1.8000    1.063523E-01  1.157343E-01  8.259408E+00
     1.8500    8.554159E-02  9.705179E-02  8.345957E+00
     1.9000    6.935265E-02  7.963417E-02  8.367767E+00
     1.9500    5.634642E-02  5.858792E-02  8.131489E+00
     2.0000    5.477592E-02  5.706383E-02  8.138111E+00
     2.0500    5.562671E-02  5.614540E-02  7.990015E+00
     2.1000    6.454666E-02  6.464873E-02  7.910183E+00
     2.1500    7.492867E-02  7.535844E-02  7.960831E+00
     2.2000    8.045091E-02  8.230736E-02  8.066775E+00
     2.2500    7.815306E-02  8.234205E-02  8.174326E+00
     2.3000    7.695933E-02  8.378220E-02  8.260346E+00
     2.3500    7.821755E-02  8.783626E-02  8.326351E+00
     2.4000    8.312360E-02  9.670653E-02  8.390399E+00
     2.4500    8.080035E-02  1.022430E-01  8.513516E+00
     2.5000    7.646075E-02  1.091562E-01  8.648721E+00
     2.5500    6.854955E-02  1.171177E-01  8.799522E+00
     2.6000    5.561136E-02  1.254729E-01  8.965597E+00
     2.6500    3.599313E-02  1.305878E-01  9.145539E+00
     2.7000    1.239313E-02  1.356105E-01  9.333263E+00
     2.7500   -1.436359E-02  1.402430E-01  9.527377E+00
     2.8000   -4.280087E-02  1.442464E-01  9.726035E+00
     2.8500   -6.959795E-02  1.441529E-01  9.928635E+00
     2.9000   -9.302600E-02  1.433642E-01  1.013089E+01
     2.9500   -1.118105E-01  1.419666E-01  1.033166E+01
     3.0000   -1.251745E-01  1.400837E-01  1.053001E+01
     3.0500   -1.311384E-01  1.361547E-01  1.072328E+01
     3.1000   -1.318343E-01  1.322888E-01  1.091266E+01
     3.1500   -1.279208E-01  1.286023E-01  1.109857E+01
     3.2000   -1.200871E-01  1.251720E-01  1.128159E+01
     3.2500   -1.086374E-01  1.214755E-01  1.145947E+01
     3.3000   -9.485389E-02  1.183794E-01  1.163696E+01
     3.3500   -7.886637E-02  1.156460E-01  1.181593E+01
     3.4000   -6.098112E-02  1.130078E-01  1.199639E+01
     3.4500   -4.197104E-02  1.103845E-01  1.217633E+01
     3.5000   -2.227183E-02  1.078332E-01  1.235833E+01
     3.5500   -2.560685E-03  1.051960E-01  1.254203E+01
     3.6000    1.629991E-02  1.023803E-01  1.272626E+01
     3.6500    3.323746E-02  9.932945E-02  1.290757E+01
     3.7000    4.781735E-02  9.613180E-02  1.308699E+01
     3.7500    5.960690E-02  9.287165E-02  1.326324E+01
     3.8000    6.848589E-02  8.967657E-02  1.343539E+01
     3.8500    7.460200E-02  8.681662E-02  1.360028E+01
     3.9000    7.840019E-02  8.430364E-02  1.376071E+01
     3.9500    8.029524E-02  8.226609E-02  1.391783E+01
     4.0000    8.061541E-02  8.077850E-02  1.407361E+01
     4.0500    7.967276E-02  8.000328E-02  1.422810E+01
     4.1000    7.729700E-02  7.974710E-02  1.438569E+01
     4.1500    7.322675E-02  7.989175E-02  1.454853E+01
     4.2000    6.710893E-02  8.027319E-02  1.471800E+01
     4.2500    5.886802E-02  8.092887E-02  1.489343E+01
     4.3000    4.816555E-02  8.151258E-02  1.507579E+01
     4.3500    3.514280E-02  8.187174E-02  1.526431E+01
     4.4000    2.027293E-02  8.188984E-02  1.545780E+01
     4.4500    4.328352E-03  8.169716E-02  1.565496E+01
     4.5000   -1.183932E-02  8.106036E-02  1.585454E+01
     4.5500   -2.721097E-02  7.997690E-02  1.605513E+01
     4.6000   -4.084911E-02  7.847971E-02  1.625541E+01
     4.6500   -5.216118E-02  7.675807E-02  1.645512E+01
     4.7000   -6.055663E-02  7.474028E-02  1.665250E+01
     4.7500   -6.585095E-02  7.251206E-02  1.684678E+01
     4.8000   -6.812889E-02  7.016238E-02  1.703741E+01
     4.8500   -6.774643E-02  6.784363E-02  1.722523E+01
     4.9000   -6.499811E-02  6.555323E-02  1.740899E+01
     4.9500   -6.033119E-02  6.335437E-02  1.758893E+01
     5.0000   -5.417465E-02  6.129240E-02  1.776548E+01
     5.0500   -4.690401E-02  5.945358E-02  1.794051E+01
     5.1000   -3.880899E-02  5.779645E-02  1.811336E+01
     5.1500   -3.014800E-02  5.632162E-02  1.828471E+01
     5.2000   -2.113897E-02  5.502085E-02  1.845522E+01
     5.2500   -1.189204E-02  5.394330E-02  1.862728E+01
     5.3000   -2.640805E-03  5.301247E-02  1.879972E+01
     5.3500    6.428437E-03  5.221234E-02  1.897299E+01
     5.4000    1.512629E-02  5.152805E-02  1.914750E+01
     5.4500    2.338863E-02  5.099504E-02  1.932603E+01
     5.5000    3.087132E-02  5.053436E-02  1.950675E+01
     5.5500    3.734069E-02  5.012415E-02  1.969004E+01
     5.6000    4.255487E-02  4.973835E-02  1.987622E+01
     5.6500    4.635001E-02  4.938882E-02  2.006773E+01
     5.7000    4.838130E-02  4.899124E-02  2.026239E+01
     5.7500    4.847455E-02  4.851285E-02  2.046009E+01
     5.8000    4.654688E-02  4.792287E-02  2.066056E+01
     5.8500    4.266121E-02  4.725598E-02  2.086499E+01
     5.9000    3.694603E-02  4.643237E-02  2.107099E+01
     5.9500    2.973609E-02  4.544544E-02  2.127786E+01
     6.0000    2.148581E-02  4.429988E-02  2.148478E+01
     6.0500    1.270354E-02  4.318274E-02  2.169255E+01
     6.1000    3.878553E-03  4.195236E-02  2.189857E+01
     6.1500   -4.502313E-03  4.064376E-02  2.210215E+01
     6.2000   -1.205083E-02  3.929678E-02  2.230283E+01
     6.2500   -1.850232E-02  3.795210E-02  2.250039E+01
     6.3000   -2.371421E-02  3.664678E-02  2.269493E+01
     6.3500   -2.764279E-02  3.541016E-02  2.288685E+01
     6.4000   -3.030800E-02  3.426056E-02  2.307685E+01
     6.4500   -3.175852E-02  3.320360E-02  2.326583E+01
     6.5000   -3.204743E-02  3.223254E-02  2.345472E+01
     6.5500   -3.148852E-02  3.160144E-02  2.364651E+01
     6.6000   -2.982531E-02  3.101539E-02  2.383986E+01
     6.6500   -2.710238E-02  3.044748E-02  2.403510E+01
     6.7000   -2.340962E-02  2.987244E-02  2.423222E+01
     6.7500   -1.889700E-02  2.927004E-02  2.443092E+01
     6.8000   -1.377545E-02  2.862730E-02  2.463072E+01
     6.8500   -8.302927E-03  2.793915E-02  2.483100E+01
     6.9000   -2.759215E-03  2.720796E-02  2.503115E+01
     6.9500    2.583632E-03  2.644206E-02  2.523061E+01
     7.0000    7.487598E-03  2.565371E-02  2.542892E+01
     7.0500    1.192175E-02  2.502616E-02  2.562926E+01
     7.1000    1.563433E-02  2.439245E-02  2.582848E+01
     7.1500    1.852155E-02  2.376078E-02  2.602661E+01
     7.2000    2.052459E-02  2.313628E-02  2.622380E+01
     7.2500    2.162309E-02  2.252100E-02  2.642021E+01
     7.3000    2.183047E-02  2.191446E-02  2.661596E+01
     7.3500    2.119172E-02  2.131486E-02  2.681108E+01
     7.4000    1.978268E-02  2.072035E-02  2.700553E+01
     7.4500    1.770836E-02  2.013028E-02  2.719913E+01
     7.5000    1.509822E-02  1.954603E-02  2.739165E+01
     7.5500    1.207244E-02  1.899899E-02  2.758577E+01
     7.6000    8.792085E-03  1.846064E-02  2.777794E+01
     7.6500    5.411126E-03  1.794078E-02  2.796795E+01
     7.7000    2.062973E-03  1.744970E-02  2.815583E+01
     7.7500   -1.146196E-03  1.699681E-02  2.834182E+01
     7.8000   -4.137378E-03  1.658911E-02  2.852640E+01
     7.8500   -6.852837E-03  1.623012E-02  2.871024E+01
     7.9000   -9.246954E-03  1.591928E-02  2.889413E+01
     7.9500   -1.127727E-02  1.565207E-02  2.907885E+01
     8.0000   -1.289877E-02  1.542074E-02  2.926512E+01
     8.0500   -1.408420E-02  1.523637E-02  2.945374E+01
     8.1000   -1.477162E-02  1.507417E-02  2.964444E+01
     8.1500   -1.492399E-02  1.492443E-02  2.983745E+01
     8.2000   -1.451837E-02  1.477799E-02  3.003285E+01
     8.2500   -1.355399E-02  1.462698E-02  3.023054E+01
     8.3000   -1.205811E-02  1.446522E-02  3.043034E+01
     8.3500   -1.008825E-02  1.428828E-02  3.063202E+01
     8.4000   -7.730578E-03  1.409329E-02  3.083532E+01
     8.4500   -5.095060E-03  1.387859E-02  3.104002E+01
     8.5000   -2.308442E-03  1.364334E-02  3.124591E+01
     8.5500    5.065268E-04  1.346018E-02  3.145357E+01
     8.6000    3.231533E-03  1.325877E-02  3.166213E+01
     8.6500    5.736502E-03  1.303833E-02  3.187149E+01
     8.7000    7.902948E-03  1.279796E-02  3.208151E+01
     8.7500    9.631180E-03  1.253689E-02  3.229199E+01
     8.8000    1.084713E-02  1.225474E-02  3.250272E+01
     8.8500    1.150805E-02  1.195178E-02  3.271338E+01
     8.9000    1.160611E-02  1.162924E-02  3.292364E+01
     8.9500    1.116877E-02  1.128951E-02  3.313311E+01
     9.0000    1.025543E-02  1.093612E-02  3.334140E+01
     9.0500    9.008455E-03  1.065475E-02  3.355004E+01
     9.1000    7.442454E-03  1.036848E-02  3.375689E+01
     9.1500    5.657781E-03  1.008282E-02  3.396177E+01
     9.2000    3.752987E-03  9.803249E-03  3.416466E+01
     9.2500    1.817627E-03  9.534694E-03  3.436571E+01
     9.3000   -7.163657E-05  9.280961E-03  3.456524E+01
     9.3500   -1.851539E-03  9.044347E-03  3.476369E+01
     9.4000   -3.470184E-03  8.825415E-03  3.496163E+01
     9.4500   -4.883912E-03  8.623018E-03  3.515963E+01
     9.5000   -6.054633E-03  8.434547E-03  3.535821E+01
     9.5500   -6.997378E-03  8.304563E-03  3.555960E+01
     9.6000   -7.638985E-03  8.181275E-03  3.576217E+01
     9.6500   -7.954980E-03  8.060872E-03  3.596605E+01
     9.7000   -7.932594E-03  7.939896E-03  3.617121E+01
     9.7500   -7.574122E-03  7.815550E-03  3.637752E+01
     9.8000   -6.898970E-03  7.685850E-03  3.658477E+01
     9.8500   -5.943737E-03  7.549660E-03  3.679272E+01
     9.9000   -4.760236E-03  7.406611E-03  3.700109E+01
     9.9500   -3.411839E-03  7.256945E-03  3.720965E+01
    10.0000   -1.968817E-03  7.101336E-03  3.741819E+01
    10.0500   -5.014147E-04  6.969052E-03  3.762710E+01
    10.1000    9.309192E-04  6.833107E-03  3.783577E+01
    10.1500    2.264026E-03  6.694282E-03  3.804412E+01
    10.2000    3.441855E-03  6.553293E-03  3.825207E+01
    10.2500    4.418735E-03  6.410776E-03  3.845959E+01
    10.3000    5.160952E-03  6.267306E-03  3.866662E+01
    10.3500    5.647664E-03  6.123435E-03  3.887311E+01
    10.4000    5.871132E-03  5.979740E-03  3.907903E+01
    10.4500    5.836236E-03  5.836843E-03  3.928432E+01
    10.5000    5.559289E-03  5.695415E-03  3.948898E+01
    10.5500    5.066226E-03  5.556149E-03  3.969300E+01
    10.6000    4.390382E-03  5.419704E-03  3.989642E+01
    10.6500    3.570133E-03  5.286635E-03  4.009932E+01
    10.7000    2.646693E-03  5.157320E-03  4.030181E+01
    10.7500    1.662264E-03  5.031908E-03  4.050404E+01
    10.8000    6.586046E-04  4.910288E-03  4.070617E+01
    10.8500   -3.240409E-04  4.792107E-03  4.090838E+01
    10.9000   -1.247849E-03  4.676808E-03  4.111079E+01
    10.9500   -2.078337E-03  4.563713E-03  4.131353E+01
    11.0000   -2.785427E-03  4.452112E-03  4.151666E+01
    11.0500   -3.377074E-03  4.378904E-03  4.172145E+01
    11.1000   -3.810221E-03  4.306603E-03  4.192664E+01
    11.1500   -4.070610E-03  4.234707E-03  4.213220E+01
    11.2000   -4.151647E-03  4.162854E-03  4.233810E+01
    11.2500   -4.054827E-03  4.090838E-03  4.254428E+01
    11.3000   -3.789624E-03  4.018583E-03  4.275069E+01
    11.3500   -3.372827E-03  3.946117E-03  4.295729E+01
    11.4000   -2.827454E-03  3.873514E-03  4.316405E+01
    11.4500   -2.181393E-03  3.800843E-03  4.337101E+01
    11.5000   -1.465936E-03  3.728122E-03  4.357818E+01
    11.5500   -7.143428E-04  3.655285E-03  4.378560E+01
    11.6000    3.954225E-05  3.582172E-03  4.399334E+01
    11.6500    7.626164E-04  3.508542E-03  4.420141E+01
    11.7000    1.423849E-03  3.434100E-03  4.440982E+01
    11.7500    1.995634E-03  3.358546E-03  4.461856E+01
    11.8000    2.455137E-03  3.281621E-03  4.482756E+01
    11.8500    2.785529E-03  3.203161E-03  4.503673E+01
    11.9000    2.976946E-03  3.123122E-03  4.524593E+01
    11.9500    3.026994E-03  3.041605E-03  4.545504E+01
    12.0000    2.940702E-03  2.958849E-03  4.566390E+01
    12.0500    2.761978E-03  2.912878E-03  4.587638E+01
    12.1000    2.464360E-03  2.865965E-03  4.608887E+01
    12.1500    2.065538E-03  2.818173E-03  4.630126E+01
    12.2000    1.587641E-03  2.769672E-03  4.651346E+01
    12.2500    1.055784E-03  2.720714E-03  4.672537E+01
    12.3000    4.964919E-04  2.671599E-03  4.693696E+01
    12.3500   -6.380519E-05  2.622632E-03  4.714822E+01
    12.4000   -6.000721E-04  2.574087E-03  4.735918E+01
    12.4500   -1.089686E-03  2.526175E-03  4.756989E+01
    12.5000   -1.513178E-03  2.479024E-03  4.778045E+01
    12.5500   -1.854743E-03  2.432668E-03  4.799095E+01
    12.6000   -2.102599E-03  2.387054E-03  4.820151E+01
    12.6500   -2.249240E-03  2.342057E-03  4.841221E+01
    12.7000   -2.291620E-03  2.297497E-03  4.862314E+01
    12.7500   -2.231234E-03  2.253170E-03  4.883434E+01
    12.8000   -2.074079E-03  2.208866E-03  4.904583E+01
    12.8500   -1.830414E-03  2.164394E-03  4.925762E+01
    12.9000   -1.514303E-03  2.119594E-03  4.946967E+01
    12.9500   -1.142917E-03  2.074353E-03  4.968195E+01
    13.0000   -7.356294E-04  2.028599E-03  4.989439E+01
    13.0500   -3.195625E-04  1.994900E-03  5.010460E+01
    13.1000    9.715400E-05  1.961510E-03  5.031503E+01
    13.1500    4.962630E-04  1.928228E-03  5.052578E+01
    13.2000    8.604936E-04  1.894805E-03  5.073688E+01
    13.2500    1.174284E-03  1.860980E-03  5.094833E+01
    13.3000    1.424583E-03  1.826531E-03  5.116005E+01
    13.3500    1.601637E-03  1.791311E-03  5.137193E+01
    13.4000    1.699637E-03  1.755278E-03  5.158382E+01
    13.4500    1.717081E-03  1.718507E-03  5.179555E+01
    13.5000    1.656742E-03  1.681174E-03  5.200697E+01
    13.5500    1.525249E-03  1.643533E-03  5.221798E+01
    13.6000    1.332360E-03  1.605868E-03  5.242854E+01
    13.6500    1.090069E-03  1.568446E-03  5.263866E+01
    13.7000    8.117345E-04  1.531465E-03  5.284843E+01
    13.7500    5.113448E-04  1.495022E-03  5.305800E+01
    13.8000    2.029680E-04  1.459096E-03  5.326752E+01
    13.8500   -9.965197E-05  1.423552E-03  5.347713E+01
    13.9000   -3.834561E-04  1.388175E-03  5.368694E+01
    13.9500   -6.364905E-04  1.352714E-03  5.389696E+01
    14.0000   -8.484406E-04  1.316941E-03  5.410712E+01
    14.0500   -1.023263E-03  1.294402E-03  5.431875E+01
    14.1000   -1.146462E-03  1.271870E-03  5.453007E+01
    14.1500   -1.214515E-03  1.249388E-03  5.474105E+01
    14.2000   -1.226580E-03  1.227001E-03  5.495167E+01
    14.2500   -1.184426E-03  1.204766E-03  5.516189E+01
    14.3000   -1.092225E-03  1.182754E-03  5.537167E+01
    14.3500   -9.562174E-04  1.161062E-03  5.558099E+01
    14.4000   -7.842654E-04  1.139799E-03  5.578984E+01
    14.4500   -5.853380E-04  1.119085E-03  5.599824E+01
    14.5000   -3.689978E-04  1.099028E-03  5.620627E+01
    14.5500   -1.449416E-04  1.079710E-03  5.641402E+01
    14.6000    7.736660E-05  1.061175E-03  5.662164E+01
    14.6500    2.889695E-04  1.043416E-03  5.682928E+01
    14.7000    4.816261E-04  1.026380E-03  5.703711E+01
    14.7500    6.480027E-04  1.009973E-03  5.724526E+01
    14.8000    7.818773E-04  9.940808E-04  5.745384E+01
    14.8500    8.783682E-04  9.785804E-04  5.766295E+01
    14.9000    9.341600E-04  9.633589E-04  5.787263E+01
    14.9500    9.476878E-04  9.483211E-04  5.808292E+01
    15.0000    9.192350E-04  9.333900E-04  5.829384E+01
    15.0500    8.578341E-04  9.246394E-04  5.850192E+01
    15.1000    7.602348E-04  9.158720E-04  5.871103E+01
    15.1500    6.307125E-04  9.068997E-04  5.892120E+01
    15.2000    4.751238E-04  8.975361E-04  5.913241E+01
    15.2500    3.007390E-04  8.876067E-04  5.934460E+01
    15.3000    1.159426E-04  8.769592E-04  5.955766E+01
    15.3500   -7.019728E-05  8.654727E-04  5.977146E+01
    15.4000   -2.484677E-04  8.530655E-04  5.998581E+01
    15.4500   -4.101082E-04  8.396993E-04  6.020051E+01
    15.5000   -5.474020E-04  8.253801E-04  6.041536E+01
    15.5500   -6.541908E-04  8.101567E-04  6.063014E+01
    15.6000   -7.262522E-04  7.941143E-04  6.084464E+01
    15.6500   -7.615019E-04  7.773682E-04  6.105867E+01
    15.7000   -7.600090E-04  7.600551E-04  6.127207E+01
    15.7500   -7.238395E-04  7.423249E-04  6.148469E+01
    15.8000   -6.567642E-04  7.243343E-04  6.169643E+01
    15.8500   -5.638729E-04  7.062410E-04  6.190720E+01
    15.9000   -4.511428E-04  6.881992E-04  6.211695E+01
    15.9500   -3.250027E-04  6.703560E-04  6.232569E+01
    16.0000   -1.919303E-04  6.528462E-04  6.253345E+01
    16.0500   -6.092438E-05  6.385025E-04  6.273629E+01
    16.1000    6.639015E-05  6.247565E-04  6.293832E+01
    16.1500    1.853759E-04  6.116756E-04  6.313976E+01
    16.2000    2.920366E-04  5.992859E-04  6.334086E+01
    16.2500    3.830154E-04  5.875704E-04  6.354189E+01
    16.3000    4.555798E-04  5.764704E-04  6.374314E+01
    16.3500    5.076195E-04  5.658899E-04  6.394485E+01
    16.4000    5.376791E-04  5.557039E-04  6.414726E+01
    16.4500    5.450263E-04  5.457680E-04  6.435051E+01
    16.5000    5.297447E-04  5.359294E-04  6.455472E+01
    16.5500    4.928240E-04  5.260381E-04  6.475991E+01
    16.6000    4.362168E-04  5.159571E-04  6.496604E+01
    16.6500    3.628297E-04  5.055705E-04  6.517300E+01
    16.7000    2.764294E-04  4.947903E-04  6.538065E+01
    16.7500    1.814564E-04  4.835601E-04  6.558878E+01
    16.8000    8.275845E-05  4.718571E-04  6.579715E+01
    16.8500   -1.473127E-05  4.596912E-04  6.600550E+01
    16.9000   -1.063324E-04  4.471035E-04  6.621357E+01
    16.9500   -1.879322E-04  4.341617E-04  6.642111E+01
    17.0000   -2.562391E-04  4.209559E-04  6.662788E+01
    17.0500   -3.122716E-04  4.103821E-04  6.683819E+01
    17.1000   -3.513960E-04  3.997200E-04  6.704743E+01
    17.1500   -3.729700E-04  3.890783E-04  6.725549E+01
    17.2000   -3.772941E-04  3.785639E-04  6.746231E+01
    17.2500   -3.654622E-04  3.682752E-04  6.766792E+01
    17.3000   -3.391793E-04  3.582971E-04  6.787238E+01
    17.3500   -3.005760E-04  3.486969E-04  6.807584E+01
    17.4000   -2.520403E-04  3.395209E-04  6.827848E+01
    17.4500   -1.960851E-04  3.307924E-04  6.848054E+01
    17.5000   -1.352529E-04  3.225115E-04  6.868228E+01
    17.5500   -7.205560E-05  3.146559E-04  6.888399E+01
    17.6000   -8.938248E-06  3.071832E-04  6.908594E+01
    17.6500    5.174796E-05  3.000349E-04  6.928838E+01
    17.7000    1.077769E-04  2.931400E-04  6.949153E+01
    17.7500    1.570939E-04  2.864204E-04  6.969558E+01
    17.8000    1.978818E-04  2.797957E-04  6.990062E+01
    17.8500    2.286448E-04  2.731874E-04  7.010673E+01
    17.9000    2.483005E-04  2.665238E-04  7.031390E+01
    17.9500    2.562679E-04  2.597426E-04  7.052208E+01
    18.0000    2.525340E-04  2.527938E-04  7.073118E+01
    18.0500    2.410683E-04  2.490353E-04  7.093946E+01
    18.1000    2.193054E-04  2.450648E-04  7.114845E+01
    18.1500    1.884836E-04  2.408686E-04  7.135793E+01
    18.2000    1.503139E-04  2.364476E-04  7.156769E+01
    18.2500    1.068651E-04  2.318160E-04  7.177752E+01
    18.3000    6.042022E-05  2.269993E-04  7.198721E+01
    18.3500    1.331946E-05  2.220322E-04  7.219661E+01
    18.4000   -3.219099E-05  2.169558E-04  7.240556E+01
    18.4500   -7.408926E-05  2.118147E-04  7.261397E+01
    18.5000   -1.106758E-04  2.066539E-04  7.282180E+01
    18.5500   -1.406334E-04  2.015161E-04  7.302906E+01
    18.6000   -1.630509E-04  1.964382E-04  7.323580E+01
    18.6500   -1.774152E-04  1.914493E-04  7.344215E+01
    18.7000   -1.835826E-04  1.865689E-04  7.364827E+01
    18.7500   -1.817393E-04  1.818052E-04  7.385435E+01
    18.8000   -1.723600E-04  1.771550E-04  7.406062E+01
    18.8500   -1.561717E-04  1.726042E-04  7.426732E+01
    18.9000   -1.341239E-04  1.681286E-04  7.447468E+01
    18.9500   -1.073633E-04  1.636962E-04  7.468289E+01
    19.0000   -7.720771E-05  1.592695E-04  7.489213E+01
    19.0500   -4.587035E-05  1.565732E-04  7.510090E+01
    19.1000   -1.343618E-05  1.538070E-04  7.531075E+01
    19.1500    1.858906E-05  1.509378E-04  7.552169E+01
    19.2000    4.869721E-05  1.479357E-04  7.573366E+01
    19.2500    7.546410E-05  1.447757E-04  7.594654E+01
    19.3000    9.764164E-05  1.414395E-04  7.616019E+01
    19.3500    1.142457E-04  1.379159E-04  7.637442E+01
    19.4000    1.246282E-04  1.342013E-04  7.658902E+01
    19.4500    1.285249E-04  1.303000E-04  7.680377E+01
    19.5000    1.260698E-04  1.262236E-04  7.701840E+01
    19.5500    1.177750E-04  1.219905E-04  7.723267E+01
    19.6000    1.044782E-04  1.176245E-04  7.744633E+01
    19.6500    8.726267E-05  1.131540E-04  7.765912E+01
    19.7000    6.736118E-05  1.086106E-04  7.787081E+01
    19.7500    4.605443E-05  1.040274E-04  7.808119E+01
    19.8000    2.457547E-05  9.943812E-05  7.829009E+01
    19.8500    4.029326E-06  9.487528E-05  7.849733E+01
    19.9000   -1.466572E-05  9.036928E-05  7.870282E+01
    19.9500   -3.081255E-05  8.594735E-05  7.890648E+01
    20.0000   -4.394601E-05  8.163265E-05  7.910828E+01
