# # Once                                                         FEFF 10.0.0 
# # POT  SCF 100  9.0000   0, NO core-hole, FOLP (folp(0)= 1.150)
# # Abs   Z=30 Rmt= 1.379 Rnm= 1.521 K  shell
# #   RGRID 0.0100
# # Pot 1 Z= 6 Rmt= 0.895 Rnm= 1.120
# # Pot 2 Z= 6 Rmt= 0.925 Rnm= 1.165
# # Pot 3 Z= 1 Rmt= 0.549 Rnm= 0.956
# # Pot 4 Z=16 Rmt= 1.257 Rnm= 1.478
# # Gam_ch=1.897E+00 H-L exch Vi=-5.000E-01 Vr= 0.000E+00
# # Mu=-7.370E+00eV kf=1.978E+00 Vint=-1.298E+01eV Rs_int= 1.833
# # PATH  Rmax= 9.000,  Keep_limit= 0.00, Heap_limit 0.00  Pwcrit= 2.50%
#  S02=1.000  Temp=  10.00  Debye_temp= 315.00  Global_sig2= 0.00000
#  Energy zero shift, vr, vi    0.00000E+00   0.00000E+00
#  Curved wave amplitude ratio filter   4.000%
#     file         sig2 tot  cw amp ratio   deg  nlegs   reff  inp sig2
#           1       0.00295    100.00      1.00     2   2.3518
#           2       0.00301     99.23      1.00     2   2.3593
#           3       0.00308     98.08      1.00     2   2.3706
#           4       0.00310     97.70      1.00     2   2.3743
#           5       0.02269     15.42      1.00     2   2.9616
#           6       0.02281     13.56      1.00     2   3.1221
#           7       0.00557     47.98      1.00     2   3.1334
#           8       0.03107     13.35      1.00     2   3.1428
#           9       0.02391     13.28      1.00     2   3.1494
#          10       0.00563     43.87      1.00     2   3.2479
#          11       0.00578     43.14      1.00     2   3.2698
#          12       0.00649     42.21      1.00     2   3.2984
#          13       0.02848     11.47      1.00     2   3.3436
#          14       0.02491     10.98      1.00     2   3.4038
#          15       0.02581     10.23      1.00     2   3.5029
#          16       0.03338     10.19      1.00     2   3.5091
#          17       0.01091     18.90      2.00     3   3.5940
#          18       0.00388     51.71      2.00     3   3.6543
#          19       0.00408     49.33      2.00     3   3.7240
#          20       0.00417     48.92      2.00     3   3.7371
#          21       0.00428     49.49      2.00     3   3.7418
#          22       0.01126     15.92      2.00     3   3.7425
#          23       0.01148     14.92      2.00     3   3.7451
#          24       0.01507     15.71      2.00     3   3.7673
#          25       0.01358     12.38      2.00     3   3.7852
#          26       0.01424      9.74      2.00     3   3.8565
#          27       0.01244     11.30      2.00     3   3.8726
#          28       0.01309     11.26      2.00     3   3.9332
#          29       0.01477      9.18      2.00     3   3.9502
#          30       0.01724      9.21      2.00     3   3.9543
#          31       0.00965     26.66      1.00     2   3.9565
#          32       0.01479      9.15      2.00     3   3.9608
#          33       0.01903      5.32      2.00     3   4.0310
#          34       0.01524      8.78      2.00     3   4.0509
#          35       0.01774     12.20      1.00     4   4.0547
#          36       0.01487      8.48      2.00     3   4.0934
#          38       0.01506      8.25      2.00     3   4.1456
#          39       0.01863      4.89      2.00     3   4.1544
#          40       0.00439     21.94      1.00     4   4.1752
#          41       0.00441     18.07      1.00     4   4.1853
#          42       0.01895      4.81      2.00     3   4.1914
#          43       0.00449     19.16      1.00     4   4.2001
#          44       0.00455     18.59      1.00     4   4.2045
#          47       0.01846     10.72      1.00     4   4.2152
#          49       0.00421     11.42      2.00     3   4.2225
#          50       0.01432      6.42      1.00     2   4.2246
#          52       0.02788     10.56      1.00     4   4.2362
#          53       0.01767     10.43      1.00     4   4.2424
#          54       0.01697      6.96      2.00     4   4.2458
#          55       0.00420     11.73      2.00     3   4.2756
#          56       0.01772     15.37      2.00     3   4.2793
#          57       0.00425     11.95      2.00     3   4.2824
#          58       0.00441     11.51      2.00     3   4.2906
#          59       0.01115      6.76      2.00     4   4.3061
#          60       0.01193     26.46      2.00     3   4.3082
#          61       0.00422     12.73      2.00     3   4.3266
#          62       0.01043      5.16      2.00     4   4.3487
#          63       0.00421     13.59      2.00     3   4.3605
#          65       0.01664      6.37      2.00     4   4.3699
#          66       0.00615     22.16      2.00     3   4.3854
#          67       0.01174     30.29      1.00     4   4.3917
#          68       0.01085      6.24      2.00     4   4.4006
#          69       0.01721      6.30      2.00     4   4.4059
#          70       0.01806      8.65      1.00     4   4.4369
#          73       0.01216     11.38      2.00     3   4.4888
#          74       0.00928      4.56      2.00     4   4.4925
#          75       0.01789      8.35      1.00     4   4.4973
#          76       0.02960      5.43      1.00     2   4.5139
#          77       0.00549     18.48      1.00     2   4.5567
#          78       0.00569     18.54      2.00     3   4.5590
#          79       0.01950      4.18      2.00     3   4.5623
#          80       0.00957     25.90      2.00     4   4.5723
#          81       0.00955      4.22      2.00     4   4.5758
#          82       0.01789      7.71      1.00     4   4.5966
#          83       0.00543     66.90      2.00     3   4.6010
#          84       0.03297      8.48      1.00     4   4.6021
#          86       0.01320      6.90      2.00     3   4.6261
#          87       0.00594     74.14      1.00     4   4.6453
#          88       0.01822      9.58      2.00     4   4.6459
#          89       0.00723      6.67      2.00     3   4.6493
#          90       0.00558     34.34      2.00     2   4.6856
#          91       0.01482      4.61      2.00     5   4.6873
#          92       0.00590     12.28      1.00     4   4.7035
#          93       0.01146      9.15      2.00     4   4.7082
#          95       0.00602     12.09      1.00     4   4.7185
#          96       0.00464      4.43      2.00     4   4.7223
#          97       0.00461      4.10      2.00     4   4.7261
#          98       0.00560     62.26      2.00     3   4.7267
#          99       0.00464      5.80      2.00     4   4.7298
#         100       0.00461      7.22      2.00     4   4.7336
#         101       0.00774      5.96      2.00     3   4.7362
#         102       0.00566     58.96      2.00     3   4.7378
#         103       0.00615     11.81      1.00     4   4.7411
#         106       0.00620     11.72      1.00     4   4.7487
#         107       0.00983     19.71      2.00     4   4.7516
#         108       0.01400      5.51      1.00     4   4.7529
#         109       0.00615     68.61      1.00     4   4.7678
#         110       0.02156      5.28      2.00     4   4.7771
#         111       0.01762     11.71      2.00     3   4.7817
#         112       0.00624     64.09      1.00     4   4.7901
#         113       0.02440      4.62      1.00     2   4.8049
#         114       0.00662      4.41      1.00     4   4.8144
#         116       0.02027      4.58      1.00     2   4.8245
#         118       0.00512      8.84      2.00     4   4.8289
#         120       0.00859      9.65      2.00     3   4.8335
#         121       0.00951     49.64      2.00     5   4.8351
#         122       0.01510      4.39      2.00     5   4.8361
#         124       0.00469     25.07      2.00     3   4.8441
#         125       0.01307      7.72      2.00     4   4.8543
#         126       0.02112     13.86      2.00     5   4.8606
#         127       0.00867     21.87      2.00     4   4.8777
#         128       0.01744     11.58      2.00     5   4.8785
#         129       0.00440     52.09      2.00     4   4.8884
#         131       0.00713      5.24      2.00     3   4.9036
#         132       0.00907      5.25      2.00     3   4.9058
#         133       0.02413      4.37      1.00     2   4.9122
#         134       0.00493     27.35      2.00     3   4.9285
#         135       0.00501     27.05      2.00     3   4.9312
#         137       0.01505     17.05      2.00     3   4.9383
#         138       0.02365      5.71      2.00     3   4.9411
#         139       0.00750      5.08      2.00     3   4.9522
#         140       0.00617      9.14      1.00     4   4.9569
#         141       0.01631     10.43      2.00     5   4.9661
#         142       0.02293      4.24      1.00     2   4.9681
#         143       0.00461     54.42      2.00     4   4.9696
#         144       0.00874      8.53      2.00     3   4.9808
#         145       0.00468     51.77      2.00     4   4.9835
#         146       0.01587      5.71      2.00     3   4.9868
#         147       0.00514      9.18      2.00     4   4.9879
#         148       0.00876      8.27      2.00     3   4.9972
#         150       0.00954     21.36      2.00     5   5.0157
#         151       0.00853      4.85      2.00     3   5.0185
#         153       0.00911      6.68      2.00     3   5.0262
#         154       0.01751     10.57      2.00     5   5.0268
#         155       0.00898     19.17      2.00     4   5.0331
#         156       0.00906     19.59      2.00     4   5.0383
#         158       0.01615      4.97      2.00     5   5.0412
#         160       0.01682      8.60      2.00     3   5.0490
#         161       0.01506      7.05      1.00     4   5.0495
#         162       0.01889      4.07      1.00     2   5.0504
#         163       0.01289     17.63      1.00     4   5.0521
#         165       0.01688      7.24      2.00     4   5.0550
#         166       0.01197     12.94      2.00     4   5.0616
#         167       0.01121     19.38      2.00     4   5.0705
#         168       0.02148      7.75      2.00     3   5.0747
#         169       0.00637      8.79      1.00     4   5.0774
#         170       0.00650      8.74      1.00     4   5.1000
#         171       0.02499      4.61      2.00     4   5.1045
#         172       0.01216     32.08      2.00     5   5.1059
#         173       0.00866      6.55      2.00     3   5.1208
#         174       0.00458     39.67      2.00     4   5.1219
#         175       0.00699      8.91      1.00     4   5.1244
#         177       0.00526     10.25      1.00     4   5.1315
#         178       0.01464      7.09      2.00     3   5.1437
#         179       0.03488     12.01      1.00     6   5.1477
#         180       0.02197      8.12      2.00     3   5.1516
#         181       0.01104      9.27      2.00     5   5.1516
#         182       0.01901      5.98      2.00     4   5.1590
#         184       0.01003     18.18      2.00     4   5.1619
#         185       0.00565      4.29      1.00     4   5.1614
#         186       0.02249      4.05      2.00     4   5.1631
#         187       0.00474     97.44      2.00     5   5.1661
#         188       0.02118      6.59      2.00     4   5.1673
#         189       0.00889      5.96      2.00     3   5.1710
#         190       0.00542     13.61      1.00     4   5.1714
#         191       0.01572     10.16      2.00     3   5.1729
#         192       0.01706      7.78      2.00     3   5.1741
#         193       0.02175      8.81      2.00     3   5.1761
#         194       0.00547     13.32      1.00     4   5.1769
#         196       0.01688      8.29      2.00     3   5.1911
#         197       0.02077     10.65      2.00     3   5.1945
#         198       0.00479     41.15      2.00     4   5.2028
#         199       0.00485     39.92      2.00     4   5.2052
#         200       0.01512      4.03      2.00     6   5.2082
#         202       0.01234      7.47      2.00     4   5.2089
#         203       0.01317      9.19      2.00     4   5.2106
#         204       0.01223     11.46      2.00     4   5.2105
#         205       0.01080     17.15      2.00     4   5.2233
#         206       0.01239     11.62      2.00     4   5.2240
#         207       0.01252      5.40      2.00     3   5.2274
#         208       0.00497     97.64      2.00     5   5.2439
#         209       0.01171      6.02      2.00     4   5.2493
#         211       0.01295     11.35      2.00     4   5.2528
#         212       0.01153      7.02      2.00     4   5.2546
#         213       0.02131     10.80      2.00     3   5.2552
#         214       0.01154     14.91      2.00     4   5.2575
#         215       0.00505     93.47      2.00     5   5.2575
#         216       0.00580     11.25      2.00     5   5.2578
#         217       0.02446      4.37      2.00     4   5.2611
#         218       0.02267      6.09      2.00     3   5.2613
#         219       0.01251     28.13      2.00     5   5.2629
#         220       0.01278     29.40      2.00     5   5.2651
#         221       0.00961      4.08      1.00     6   5.2683
#         223       0.01605      9.20      2.00     3   5.2716
#         224       0.01133     14.09      2.00     4   5.2717
#         225       0.01528     11.70      2.00     3   5.2727
#         226       0.02136     11.21      2.00     3   5.2735
#         227       0.00953      5.27      1.00     6   5.2787
#         228       0.01009     22.67      1.00     6   5.2785
#         229       0.01365      9.84      2.00     5   5.2833
#         230       0.01455     10.09      1.00     4   5.2935
#         231       0.01459      4.85      1.00     4   5.2930
#         234       0.01488      7.30      1.00     4   5.2954
#         235       0.01389     30.69      2.00     5   5.2970
#         236       0.00959      4.32      1.00     6   5.2976
#         238       0.01603      9.16      2.00     3   5.2993
#         242       0.01935     10.29      2.00     6   5.3040
#         243       0.01979      5.55      2.00     4   5.3130
#         244       0.01966      5.48      2.00     4   5.3142
#         247       0.01587     13.45      2.00     4   5.3170
#         248       0.01580      7.96      2.00     4   5.3188
#         249       0.02367      7.77      2.00     4   5.3208
#         250       0.00633     13.28      2.00     3   5.3285
#         251       0.02413      5.59      2.00     4   5.3369
#         252       0.02394      8.00      1.00     4   5.3385
#         253       0.01798      5.63      2.00     5   5.3384
#         254       0.02151      7.28      2.00     6   5.3391
#         255       0.05072      7.32      2.00     6   5.3389
#         257       0.01701      4.61      2.00     4   5.3447
#         258       0.01260      4.91      2.00     3   5.3454
#         259       0.00979      7.49      2.00     5   5.3490
#         260       0.01093      7.93      2.00     3   5.3503
#         261       0.01254     10.47      2.00     4   5.3514
#         262       0.02072      5.01      2.00     4   5.3535
#         263       0.02246      4.46      2.00     3   5.3638
#         264       0.01297     12.79      2.00     4   5.3672
#         265       0.02280      6.66      2.00     5   5.3723
#         266       0.06175     12.05      2.00     5   5.3722
#         267       0.01212      5.36      2.00     3   5.3734
#         268       0.02060     10.32      2.00     5   5.3748
#         269       0.01774      4.13      2.00     4   5.3760
#         271       0.02415      8.46      1.00     4   5.3835
#         272       0.02410      5.43      1.00     4   5.3842
#         273       0.02414      9.15      1.00     4   5.3869
#         275       0.02413      4.53      1.00     4   5.3911
#         276       0.01326     27.95      2.00     5   5.3925
#         277       0.01117     14.27      2.00     4   5.3946
#         278       0.02879      5.08      2.00     3   5.3953
#         279       0.01122     10.96      2.00     4   5.3952
#         281       0.01152     12.87      2.00     4   5.3977
#         282       0.01535     11.06      2.00     3   5.3996
#         283       0.01607      9.26      2.00     4   5.3992
#         285       0.01629      6.59      2.00     6   5.3994
#         286       0.01606     12.84      2.00     4   5.3999
#         287       0.01275     10.11      2.00     4   5.4012
#         288       0.02342     22.63      2.00     5   5.4014
#         289       0.00471     35.48      2.00     5   5.4093
#         290       0.01476      9.58      1.00     4   5.4102
#         291       0.01616     13.35      2.00     4   5.4126
#         292       0.02268      5.28      2.00     3   5.4135
#         293       0.01611      7.95      2.00     4   5.4135
#         294       0.01495      4.86      1.00     4   5.4141
#         295       0.01148     13.15      2.00     4   5.4145
#         297       0.01540     10.80      2.00     3   5.4149
#         298       0.01488      6.27      1.00     4   5.4163
#         299       0.00976      9.03      2.00     5   5.4175
#         300       0.00484      4.66      2.00     5   5.4313
#         301       0.01483      9.21      1.00     4   5.4328
#         302       0.01485      4.20      1.00     4   5.4359
#         303       0.01516      6.30      1.00     4   5.4384
#         305       0.01586      5.04      2.00     6   5.4422
#         306       0.00488     41.95      2.00     5   5.4457
#         307       0.02001      4.88      2.00     4   5.4468
#         308       0.00644     11.99      2.00     3   5.4478
#         309       0.01863      4.03      2.00     4   5.4513
#         310       0.00493     40.99      2.00     5   5.4509
#         311       0.01099     10.37      2.00     3   5.4520
#         312       0.01115      6.91      2.00     3   5.4528
#         313       0.01362     26.88      2.00     5   5.4535
#         315       0.01016      7.32      2.00     5   5.4563
#         316       0.01246      4.50      2.00     5   5.4568
#         317       0.00663     11.41      2.00     3   5.4617
#         319       0.04384      6.68      2.00     6   5.4629
#         320       0.02085      6.66      2.00     6   5.4634
#         321       0.01042      7.65      2.00     5   5.4669
#         322       0.01126      7.27      2.00     3   5.4694
#         323       0.01070      5.29      2.00     4   5.4715
#         324       0.01063     11.06      2.00     4   5.4728
#         325       0.01057     18.16      2.00     4   5.4727
#         326       0.00843     13.16      1.00     4   5.4724
#         327       0.00732     18.16      2.00     5   5.4777
#         328       0.01084      7.43      2.00     5   5.4784
#         329       0.01173     29.81      2.00     5   5.4787
#         330       0.01218     12.60      2.00     5   5.4784
#         332       0.01091     29.80      2.00     5   5.4810
#         333       0.00651     12.40      2.00     3   5.4839
#         334       0.02110      8.68      2.00     6   5.4851
#         335       0.02407     30.14      1.00     6   5.4850
#         336       0.00858      7.85      2.00     4   5.4852
#         338       0.02364      6.37      2.00     4   5.4927
#         339       0.00674     13.33      2.00     4   5.4927
#         341       0.01124     13.23      2.00     4   5.4939
#         343       0.03205      5.93      2.00     4   5.4946
#         344       0.01147     11.41      2.00     4   5.4944
#         345       0.01631      6.08      2.00     6   5.4942
#         346       0.01140     15.69      2.00     4   5.4962
#         347       0.01159      4.94      2.00     4   5.4972
#         348       0.01327      5.59      2.00     5   5.4985
#         349       0.05026      6.61      2.00     6   5.4990
#         350       0.02197      6.57      2.00     6   5.4995
#         351       0.00760     12.04      2.00     5   5.5004
#         352       0.01834      4.88      2.00     5   5.5058
#         353       0.02053      4.68      2.00     4   5.5084
#         354       0.01167     13.31      2.00     5   5.5102
#         355       0.01164     11.96      2.00     5   5.5120
#         356       0.01159      4.99      2.00     4   5.5148
#         357       0.00774     12.20      2.00     5   5.5144
#         358       0.01072     18.97      2.00     5   5.5157
#         359       0.01095     29.70      2.00     5   5.5170
#         360       0.01114     23.42      2.00     5   5.5171
#         361       0.01140     12.94      2.00     4   5.5218
#         362       0.02473      4.64      2.00     4   5.5237
#         363       0.02290      4.51      2.00     5   5.5239
#         364       0.00530     13.85      2.00     4   5.5251
#         367       0.01561      4.09      2.00     5   5.5295
#         368       0.01514      4.10      2.00     5   5.5311
#         369       0.01891      4.78      2.00     5   5.5355
#         371       0.01117     18.47      2.00     5   5.5386
#         372       0.01207      8.01      2.00     5   5.5402
#         373       0.01145      8.65      2.00     4   5.5407
#         374       0.01104     14.40      2.00     5   5.5415
#         375       0.00771     17.86      2.00     5   5.5535
#         379       0.00781     17.88      2.00     5   5.5673
#         380       0.00773     18.74      2.00     5   5.5679
#         381       0.01652     10.51      2.00     5   5.5721
#         382       0.00994      8.34      2.00     5   5.5727
#         383       0.01019      8.12      2.00     5   5.5747
#         384       0.02238      9.54      2.00     5   5.5764
#         387       0.01665      4.01      2.00     5   5.5803
#         388       0.01182      6.03      2.00     4   5.5815
#         389       0.01173     10.34      2.00     4   5.5811
#         390       0.01832      9.61      2.00     5   5.5820
#         391       0.01179     11.42      2.00     4   5.5828
#         392       0.01098      9.86      2.00     3   5.5846
#         393       0.01191      4.88      2.00     4   5.5848
#         394       0.01292      6.01      2.00     4   5.5872
#         395       0.01113      9.96      2.00     3   5.5885
#         396       0.01182      5.04      2.00     4   5.5911
#         397       0.01041      6.14      2.00     4   5.5922
#         398       0.01280      8.55      2.00     5   5.5933
#         399       0.01270      6.15      2.00     4   5.5948
#         400       0.01146      7.89      2.00     5   5.5943
#         401       0.01071     17.40      2.00     4   5.5952
#         402       0.01083      5.63      2.00     4   5.5965
#         403       0.01078      9.04      2.00     4   5.5976
#         404       0.01343      5.83      2.00     5   5.5995
#         405       0.01559      5.11      2.00     5   5.6000
#         406       0.00541     14.84      2.00     4   5.6051
#         407       0.01078     17.26      2.00     4   5.6064
#         408       0.01092      4.59      2.00     4   5.6072
#         409       0.01086      9.65      2.00     4   5.6086
#         410       0.01211      7.18      2.00     5   5.6086
#         411       0.01163      5.74      2.00     4   5.6163
#         412       0.00909      7.27      2.00     4   5.6184
#         414       0.00678     11.70      2.00     4   5.6222
#         415       0.01127     15.72      2.00     5   5.6225
#         416       0.01132     18.36      2.00     5   5.6222
#         417       0.01143     14.66      2.00     4   5.6257
#         418       0.01283      4.54      2.00     4   5.6271
#         419       0.01573     23.79      2.00     6   5.6268
#         420       0.01180     10.34      2.00     5   5.6307
#         422       0.01183     10.95      2.00     5   5.6340
#         423       0.01142     18.47      2.00     5   5.6351
#         424       0.01111     27.76      2.00     5   5.6363
#         425       0.01130     14.51      2.00     5   5.6371
#         426       0.01102      7.90      2.00     4   5.6377
#         427       0.01104     18.08      2.00     5   5.6375
#         428       0.00859     11.99      2.00     5   5.6380
#         429       0.01190      5.24      2.00     5   5.6379
#         430       0.01108     20.66      2.00     5   5.6386
#         431       0.00686     12.41      2.00     4   5.6403
#         432       0.01154     14.38      2.00     4   5.6409
#         433       0.00552     12.51      2.00     4   5.6440
#         434       0.00928      7.16      2.00     4   5.6441
#         435       0.01187      8.03      2.00     5   5.6469
#         437       0.00756     10.87      2.00     4   5.6502
#         438       0.01250      4.36      1.00     4   5.6503
#         439       0.00965      8.08      1.00     4   5.6519
#         440       0.01141      7.06      2.00     5   5.6520
#         441       0.00554     14.01      2.00     4   5.6534
#         442       0.01186     11.16      2.00     5   5.6534
#         443       0.01188     10.99      2.00     5   5.6535
#         445       0.01073     18.78      2.00     5   5.6545
#         446       0.01005      7.22      2.00     4   5.6577
#         447       0.01117     26.78      2.00     5   5.6587
#         448       0.01093     16.47      2.00     5   5.6595
#         449       0.01079     11.68      2.00     5   5.6593
#         450       0.01136     20.27      2.00     5   5.6609
#         451       0.01903     25.25      2.00     6   5.6656
#         452       0.02105      4.59      2.00     4   5.6691
#         453       0.01534      6.15      2.00     6   5.6721
#         454       0.01460     16.42      2.00     5   5.6783
#         456       0.01886      7.82      2.00     5   5.6795
#         457       0.01165      6.31      2.00     5   5.6836
#         458       0.01099     13.05      2.00     5   5.6865
#         459       0.00622     37.39      1.00     6   5.6870
#         460       0.00906     11.76      2.00     5   5.6907
#         461       0.01252     11.19      2.00     5   5.6942
#         462       0.01581      6.32      2.00     5   5.6943
#         463       0.01178     19.08      2.00     5   5.6945
#         464       0.01129      7.67      2.00     4   5.6957
#         465       0.00941     28.96      2.00     5   5.6962
#         467       0.01053      5.72      2.00     5   5.6981
#         469       0.02361      4.46      2.00     3   5.6996
#         470       0.01163      6.56      2.00     4   5.7001
#         472       0.01037     12.19      2.00     5   5.7010
#         473       0.00609      8.44      1.00     6   5.7012
#         474       0.01130      7.09      2.00     5   5.7022
#         475       0.02936      4.05      2.00     4   5.7029
#         480       0.01135      8.02      2.00     4   5.7152
#         481       0.01618      7.04      2.00     5   5.7179
#         482       0.01907      5.94      2.00     5   5.7191
#         483       0.00646     40.20      1.00     6   5.7200
#         485       0.02228      4.05      2.00     5   5.7222
#         486       0.01833      5.70      2.00     5   5.7236
#         487       0.00651     39.08      1.00     6   5.7249
#         489       0.01235     13.77      2.00     6   5.7267
#         492       0.01612     22.91      2.00     6   5.7302
#         495       0.01624     19.05      2.00     6   5.7386
#         496       0.01557     20.86      2.00     6   5.7383
#         497       0.01180     22.07      1.00     6   5.7388
#         498       0.01235     20.51      1.00     6   5.7385
#         499       0.00964     10.73      2.00     4   5.7393
#         500       0.08497      9.16      2.00     6   5.7393
#         501       0.02073      9.34      2.00     6   5.7391
#         502       0.00955     25.94      1.00     6   5.7405
#         503       0.01748     23.37      2.00     6   5.7412
#         505       0.01403      7.64      2.00     5   5.7496
#         508       0.01363      5.22      2.00     5   5.7511
#         512       0.01390      5.23      2.00     5   5.7554
#         513       0.01603      4.50      2.00     5   5.7552
#         514       0.02115      6.90      2.00     5   5.7560
#         516       0.01771      5.60      2.00     5   5.7578
#         517       0.02564      9.17      2.00     6   5.7577
#         518       0.00984      5.83      2.00     5   5.7589
#         519       0.00963     20.22      2.00     5   5.7601
#         520       0.00976     10.89      2.00     5   5.7602
#         521       0.01574      4.54      2.00     5   5.7624
#         524       0.01171      6.73      2.00     5   5.7634
#         525       0.01209      4.01      2.00     3   5.7647
#         526       0.01319      4.16      2.00     4   5.7647
#         527       0.01294      4.09      2.00     4   5.7644
#         529       0.01215      4.01      2.00     3   5.7714
#         530       0.01260      5.19      2.00     5   5.7711
#         532       0.01187      7.07      2.00     4   5.7753
#         533       0.00951      8.40      2.00     5   5.7777
#         534       0.02165      4.61      2.00     5   5.7776
#         535       0.02560      5.24      2.00     4   5.7782
#         538       0.00987      7.99      1.00     4   5.7801
#         539       0.00974      7.81      1.00     4   5.7802
#         540       0.04353      5.39      2.00     7   5.7804
#         541       0.02487      5.11      2.00     7   5.7806
#         542       0.01211     12.67      2.00     5   5.7818
#         543       0.01203      5.65      2.00     5   5.7846
#         544       0.01639      5.03      2.00     5   5.7866
#         545       0.01196      6.96      2.00     4   5.7893
#         546       0.01095      9.63      2.00     5   5.7926
#         547       0.01413      7.95      2.00     4   5.7936
#         548       0.01354     12.25      2.00     5   5.7952
#         550       0.01689      4.50      2.00     5   5.8002
#         551       0.01687     21.36      2.00     6   5.8015
#         552       0.01952      6.03      2.00     6   5.8012
#         553       0.01451      9.05      2.00     6   5.8012
#         554       0.01752      8.66      2.00     6   5.8038
#         556       0.01128     11.71      2.00     5   5.8106
#         557       0.01359     14.74      2.00     5   5.8144
#         559       0.01363      9.62      2.00     5   5.8163
#         561       0.01431     22.67      2.00     6   5.8179
#         562       0.01192     11.35      2.00     5   5.8198
#         563       0.01184     16.00      2.00     5   5.8199
#         564       0.01555      5.48      2.00     5   5.8202
#         565       0.00949     27.36      2.00     5   5.8213
#         567       0.01229     12.67      2.00     5   5.8240
#         568       0.01222      7.76      2.00     5   5.8244
#         569       0.01138     14.62      2.00     5   5.8241
#         570       0.00982     11.67      2.00     4   5.8275
#         571       0.01231     13.75      2.00     5   5.8285
#         573       0.01210      9.74      2.00     5   5.8308
#         574       0.01226      6.28      2.00     5   5.8305
#         575       0.01191     16.67      2.00     5   5.8310
#         576       0.01616      5.86      2.00     5   5.8315
#         577       0.00957     27.13      2.00     5   5.8324
#         578       0.00992     11.60      2.00     4   5.8343
#         582       0.01588      9.79      2.00     5   5.8379
#         583       0.00980     21.93      2.00     5   5.8381
#         584       0.01001      6.84      2.00     5   5.8394
#         586       0.00995     10.07      2.00     5   5.8405
#         589       0.01874     19.67      2.00     6   5.8448
#         591       0.01736      5.61      1.00     6   5.8462
#         592       0.00964      7.91      2.00     5   5.8515
#         593       0.00988     21.45      2.00     5   5.8521
#         594       0.01009      5.67      2.00     5   5.8529
#         595       0.01002     10.56      2.00     5   5.8543
#         597       0.01687      8.47      2.00     5   5.8552
#         598       0.01066      6.42      2.00     5   5.8589
#         599       0.01031      7.71      2.00     5   5.8600
#         600       0.03398      4.12      2.00     4   5.8609
#         601       0.01624     16.99      2.00     6   5.8608
#         602       0.01181     19.82      1.00     6   5.8610
#         603       0.01178     18.90      1.00     6   5.8609
#         604       0.01599     15.74      2.00     6   5.8613
#         605       0.00965     23.90      1.00     6   5.8624
#         606       0.01105      9.44      2.00     5   5.8651
#         607       0.00978      7.86      2.00     5   5.8659
#         608       0.01330     22.23      2.00     6   5.8687
#         610       0.03496      5.46      2.00     6   5.8703
#         611       0.06405      5.44      2.00     6   5.8705
#         612       0.02631      4.23      2.00     4   5.8735
#         613       0.02744     10.44      2.00     5   5.8747
#         614       0.01430      7.91      2.00     4   5.8757
#         615       0.01515      4.78      2.00     5   5.8754
#         616       0.01605      7.46      2.00     5   5.8753
#         617       0.01607     10.28      2.00     5   5.8760
#         618       0.02107      6.72      2.00     5   5.8772
#         619       0.01295      5.33      2.00     5   5.8780
#         620       0.00951      5.71      2.00     4   5.8793
#         621       0.01610     10.87      2.00     5   5.8800
#         622       0.01608      6.50      2.00     5   5.8809
#         623       0.01430      7.84      2.00     4   5.8823
#         624       0.01456      4.45      2.00     5   5.8828
#         625       0.01592     17.26      2.00     6   5.8832
#         626       0.01194     17.85      1.00     6   5.8831
#         628       0.01658     17.50      2.00     6   5.8838
#         629       0.01191     19.11      1.00     6   5.8833
#         630       0.00973     23.04      1.00     6   5.8847
#         632       0.02206      4.70      2.00     5   5.8854
#         633       0.01386     14.62      2.00     5   5.8863
#         634       0.01604      4.21      2.00     5   5.8895
#         635       0.02395      8.20      2.00     6   5.8898
#         636       0.01091      9.35      2.00     5   5.8906
#         637       0.01303      5.15      2.00     5   5.8927
#         638       0.01379      9.21      2.00     5   5.8925
#         640       0.02228      4.58      2.00     5   5.8972
#         641       0.01390     14.27      2.00     5   5.9001
#         642       0.01163     29.38      2.00     5   5.9014
#         643       0.01433      6.67      2.00     5   5.9038
#         644       0.01388      9.42      2.00     5   5.9058
#         645       0.01377      5.89      2.00     5   5.9064
#         646       0.02057     42.27      2.00     6   5.9076
#         647       0.01071      7.17      1.00     6   5.9073
#         648       0.01255      6.32      1.00     6   5.9074
#         649       0.01444      6.56      2.00     5   5.9091
#         650       0.01147     13.96      1.00     6   5.9099
#         652       0.02163      6.00      2.00     5   5.9111
#         654       0.01795      4.94      2.00     5   5.9118
#         656       0.01842      4.96      2.00     5   5.9124
#         657       0.02156      5.95      2.00     5   5.9136
#         658       0.01036      8.77      2.00     5   5.9155
#         659       0.01382     21.84      2.00     6   5.9209
#         662       0.01193     25.64      2.00     6   5.9221
#         663       0.00943     11.16      2.00     5   5.9236
#         664       0.01710      7.16      2.00     5   5.9235
#         667       0.01011     26.46      2.00     6   5.9244
#         669       0.04510      7.01      2.00     5   5.9266
#         670       0.02592      7.98      2.00     6   5.9263
#         671       0.01776      5.71      2.00     5   5.9270
#         674       0.01867      5.66      2.00     7   5.9285
#         675       0.01919     54.64      2.00     7   5.9284
#         676       0.04485      5.14      2.00     7   5.9292
#         677       0.02531      4.89      2.00     7   5.9298
#         679       0.01748      5.20      2.00     5   5.9335
#         681       0.01601      4.54      2.00     5   5.9358
#         682       0.01846      6.18      2.00     5   5.9369
#         684       0.01100      9.64      2.00     5   5.9376
#         685       0.01551     10.05      2.00     6   5.9384
#         686       0.01048     17.79      2.00     5   5.9393
#         688       0.01658      5.44      2.00     5   5.9409
#         689       0.00946      7.84      2.00     4   5.9415
#         691       0.02224      4.90      2.00     5   5.9448
#         692       0.02129      4.50      2.00     5   5.9471
#         693       0.01891     12.64      2.00     6   5.9474
#         694       0.01830      6.35      2.00     6   5.9499
#         696       0.06283     15.69      2.00     7   5.9540
#         697       0.03574     15.66      2.00     7   5.9539
#         698       0.01560      9.55      2.00     5   5.9549
#         701       0.00972      6.33      2.00     4   5.9603
#         702       0.00979      6.43      2.00     4   5.9630
#         704       0.01817      8.15      2.00     5   5.9690
#         705       0.01060      8.71      2.00     5   5.9701
#         707       0.01454      4.52      2.00     6   5.9709
#         708       0.04567     19.59      2.00     6   5.9708
#         709       0.01724     13.78      2.00     6   5.9712
#         710       0.01792      8.61      2.00     6   5.9726
#         711       0.01220      4.91      2.00     6   5.9729
#         712       0.01852      5.11      2.00     5   5.9731
#         713       0.01763      4.27      2.00     6   5.9764
#         714       0.01718      4.18      2.00     6   5.9764
#         715       0.01883      5.81      2.00     6   5.9773
#         716       0.01727      4.62      2.00     6   5.9776
#         717       0.01732      5.59      2.00     6   5.9776
#         718       0.01761     12.39      2.00     6   5.9777
#         719       0.01724     15.43      2.00     6   5.9777
#         721       0.01185     12.91      2.00     6   5.9816
#         723       0.01682      6.90      2.00     6   5.9821
#         724       0.01056     17.92      2.00     6   5.9819
#         725       0.01086     37.68      2.00     6   5.9836
#         726       0.01838     10.27      2.00     6   5.9843
#         727       0.01061      5.69      2.00     5   5.9857
#         728       0.01065      8.34      2.00     5   5.9891
#         729       0.01717      7.61      2.00     5   5.9912
#         730       0.00970     13.29      2.00     5   5.9936
#         731       0.01732      7.70      2.00     5   5.9945
#         732       0.01114      6.82      2.00     5   5.9976
#         733       0.00837     10.09      1.00     6   5.9986
#         734       0.02751      8.99      2.00     5   5.9990
#         735       0.01668     10.01      2.00     6   5.9993
#         736       0.01060     13.72      2.00     6   6.0008
#         737       0.00961     11.77      2.00     5   6.0014
#         739       0.01057     14.34      2.00     6   6.0043
#         740       0.00853      9.20      1.00     6   6.0113
#         742       0.00969     11.55      2.00     5   6.0153
#         743       0.01383      4.28      2.00     5   6.0166
#         744       0.01029     14.75      2.00     5   6.0171
#         746       0.01023      5.14      2.00     5   6.0211
#         747       0.01089      4.63      2.00     5   6.0217
#         748       0.01071      8.51      2.00     5   6.0217
#         749       0.01060     19.89      2.00     5   6.0231
#         753       0.01070      9.44      2.00     5   6.0244
#         754       0.01058     20.06      2.00     5   6.0258
#         756       0.00863      9.15      1.00     6   6.0297
#         759       0.01549      5.32      2.00     5   6.0316
#         760       0.01038      7.55      2.00     6   6.0329
#         761       0.02528     14.63      2.00     5   6.0338
#         762       0.00877      9.02      1.00     6   6.0347
#         763       0.00993     13.36      2.00     6   6.0366
#         764       0.01015     13.15      2.00     6   6.0366
#         765       0.01385      9.70      2.00     6   6.0368
#         767       0.01026      6.07      2.00     5   6.0382
#         768       0.01004     29.09      2.00     6   6.0378
#         769       0.00975     24.33      2.00     6   6.0378
#         770       0.00993     13.37      2.00     6   6.0380
#         771       0.00992     15.58      2.00     6   6.0380
#         772       0.02203      4.74      2.00     5   6.0389
#         773       0.01719      6.84      2.00     5   6.0392
#         774       0.01598      9.33      2.00     6   6.0401
#         775       0.01072      4.56      2.00     5   6.0410
#         777       0.02008      4.29      2.00     5   6.0432
#         778       0.01077      4.59      2.00     5   6.0438
#         779       0.01857      4.24      2.00     4   6.0448
#         781       0.00626     17.49      2.00     5   6.0485
#         782       0.01973      5.04      2.00     6   6.0502
#         783       0.01698      9.14      2.00     6   6.0508
#         786       0.01118     14.19      2.00     6   6.0595
#         787       0.01724      6.60      2.00     5   6.0611
#         789       0.01114     12.50      2.00     6   6.0624
#         790       0.01061     14.02      2.00     6   6.0627
#         791       0.01032     17.25      2.00     6   6.0628
#         793       0.01087     39.52      2.00     6   6.0642
#         794       0.00579     17.99      1.00     4   6.0686
#         796       0.02104      4.08      2.00     6   6.0692
#         798       0.00989     13.29      2.00     5   6.0713
#         800       0.01229      5.86      2.00     5   6.0740
#         801       0.00995     13.30      2.00     5   6.0738
#         803       0.01726      5.03      2.00     5   6.0740
#         806       0.01014      8.20      2.00     5   6.0759
#         808       0.01069     12.61      2.00     6   6.0765
#         809       0.01080     12.75      2.00     6   6.0764
#         810       0.01045     17.46      2.00     6   6.0767
#         813       0.01090     38.56      2.00     6   6.0781
#         815       0.01944      5.24      2.00     5   6.0798
#         817       0.01774      4.56      2.00     5   6.0813
#         819       0.01136      5.71      2.00     6   6.0809
#         820       0.01086     19.81      2.00     6   6.0812
#         821       0.01081     13.11      2.00     6   6.0821
#         823       0.01456     16.89      2.00     6   6.0834
#         824       0.00751      4.22      1.00     4   6.0858
#         825       0.01075     15.84      2.00     6   6.0882
#         826       0.01780      4.63      2.00     5   6.0903
#         827       0.01091     12.10      2.00     6   6.0909
#         828       0.01623      4.80      2.00     5   6.0927
#         829       0.00761      4.20      1.00     4   6.0933
#         830       0.01793      4.23      2.00     5   6.0948
#         831       0.01086     13.29      2.00     6   6.0961
#         832       0.01135     14.38      2.00     6   6.0983
#         833       0.01132     13.56      2.00     6   6.0987
#         834       0.02216      4.27      2.00     5   6.0993
#         835       0.00868      5.44      2.00     5   6.1011
#         836       0.00860      5.61      2.00     5   6.1011
#         837       0.01042     14.86      2.00     5   6.1018
#         838       0.01138     14.02      2.00     6   6.1025
#         839       0.01135     12.94      2.00     6   6.1045
#         840       0.01913      5.63      2.00     6   6.1068
#         841       0.01059      5.86      2.00     6   6.1068
#         842       0.01708     10.13      2.00     6   6.1078
#         843       0.01049     14.79      2.00     5   6.1082
#         844       0.01768      5.07      2.00     7   6.1091
#         845       0.01828     23.89      2.00     7   6.1090
#         848       0.01470      8.96      2.00     5   6.1118
#         849       0.01026     29.46      2.00     6   6.1124
#         850       0.00995     23.73      2.00     6   6.1124
#         851       0.01505     89.06      2.00     5   6.1129
#         854       0.01014     13.90      2.00     6   6.1137
#         855       0.01032     12.87      2.00     6   6.1137
#         856       0.01006     12.91      2.00     6   6.1148
#         857       0.01012     15.37      2.00     6   6.1148
#         858       0.00756      6.89      2.00     4   6.1169
#         861       0.01732      9.86      2.00     6   6.1195
#         862       0.00642     13.73      2.00     5   6.1201
#         864       0.00645     15.57      2.00     5   6.1208
#         866       0.01065      7.48      2.00     6   6.1209
#         867       0.01063     13.72      2.00     6   6.1217
#         868       0.01199     16.54      2.00     6   6.1217
#         874       0.01082      5.61      2.00     5   6.1261
#         875       0.01823      7.61      2.00     6   6.1263
#         876       0.01689     12.00      2.00     6   6.1263
#         877       0.01029     28.89      2.00     6   6.1261
#         878       0.00999     23.12      2.00     6   6.1261
#         879       0.04729     17.25      2.00     6   6.1262
#         882       0.01019     13.07      2.00     6   6.1269
#         883       0.01015      4.87      2.00     6   6.1270
#         884       0.01034     12.35      2.00     6   6.1269
#         885       0.01245      4.31      2.00     6   6.1277
#         886       0.01858      7.58      2.00     6   6.1279
#         887       0.01016     12.28      2.00     6   6.1283
#         888       0.01018     15.28      2.00     6   6.1283
#         891       0.02039      8.50      2.00     6   6.1295
#         892       0.01004     11.47      2.00     6   6.1299
#         893       0.01021     11.38      2.00     6   6.1299
#         894       0.01719     12.00      2.00     6   6.1314
#         895       0.04527     17.61      2.00     6   6.1313
#         896       0.01315      4.07      2.00     6   6.1314
#         897       0.01758      4.09      2.00     6   6.1315
#         898       0.01762      4.92      2.00     6   6.1315
#         901       0.01233      4.32      2.00     6   6.1328
#         902       0.01794     10.76      2.00     6   6.1336
#         903       0.01766     13.40      2.00     6   6.1336
#         904       0.01787      4.13      2.00     6   6.1336
#         905       0.01792      5.06      2.00     6   6.1336
#         906       0.02100      4.68      2.00     5   6.1342
#         907       0.02358      5.29      2.00     7   6.1345
#         910       0.01997      5.42      2.00     7   6.1346
#         911       0.01825     10.87      2.00     6   6.1359
#         912       0.01759     13.23      2.00     6   6.1359
#         916       0.01103      4.72      2.00     5   6.1413
#         918       0.01720      7.87      2.00     5   6.1422
#         919       0.01855      8.92      2.00     6   6.1420
#         921       0.03038      7.01      1.00     6   6.1425
#         922       0.01645      4.80      2.00     5   6.1434
#         923       0.01909      8.82      2.00     6   6.1431
#         924       0.01692      4.14      2.00     5   6.1435
#         927       0.02754      9.72      2.00     6   6.1451
#         928       0.02058      8.25      2.00     6   6.1450
#         929       0.00891      7.53      2.00     4   6.1467
#         931       0.02336      7.96      2.00     6   6.1472
#         932       0.02637     17.54      1.00     6   6.1476
#         934       0.02333      6.85      2.00     6   6.1480
#         935       0.02336      7.83      2.00     6   6.1483
#         937       0.01838      6.44      2.00     6   6.1525
#         938       0.02016      7.46      2.00     6   6.1525
#         939       0.00971      8.63      2.00     3   6.1543
#         941       0.01620      4.30      2.00     5   6.1548
#         942       0.02089     11.97      2.00     6   6.1551
#         943       0.02099      5.37      2.00     6   6.1549
#         945       0.04464     12.61      2.00     6   6.1547
#         947       0.01517      5.07      2.00     6   6.1568
#         948       0.01529    121.10      1.00     6   6.1571
#         949       0.01580      4.57      2.00     7   6.1572
#         950       0.01540      4.90      2.00     5   6.1582
#         951       0.00857     22.04      2.00     5   6.1611
#         952       0.01979      6.92      2.00     6   6.1620
#         953       0.01679      6.23      2.00     6   6.1618
#         954       0.02188     11.27      2.00     6   6.1637
#         955       0.04215     17.67      2.00     6   6.1638
#         956       0.01516      4.09      2.00     6   6.1640
#         959       0.01511      4.12      2.00     6   6.1657
#         960       0.00957      8.38      2.00     5   6.1667
#         961       0.01941     10.30      2.00     6   6.1675
#         962       0.01822     11.02      2.00     6   6.1675
#         963       0.02395      6.97      2.00     5   6.1679
#         965       0.01921      5.03      2.00     6   6.1687
#         966       0.02017      4.31      2.00     6   6.1689
#         970       0.02088      7.82      2.00     6   6.1753
#         971       0.00797      4.11      1.00     4   6.1768
#         972       0.01266      4.47      2.00     5   6.1769
#         976       0.01846      8.31      2.00     6   6.1783
#         978       0.01442      4.76      2.00     5   6.1794
#         982       0.00761     16.18      2.00     5   6.1909
#         983       0.01891      7.53      2.00     6   6.1932
#         984       0.01981      5.04      2.00     6   6.1936
#         985       0.00803      4.10      1.00     4   6.1943
#         988       0.02262      6.01      2.00     7   6.1992
#         989       0.02123     16.83      2.00     7   6.1992
#         990       0.04585     35.05      2.00     7   6.1990
#         991       0.01652      8.89      2.00     7   6.1991
#         992       0.00845      4.04      1.00     4   6.1993
#         994       0.02089     29.91      2.00     7   6.1994
#         995       0.01277      4.05      2.00     5   6.2009
#         996       0.01532      9.76      2.00     7   6.2011
#         998       0.00974     10.68      2.00     5   6.2032
#        1000       0.00582     16.54      1.00     4   6.2055
#        1001       0.00589     16.21      1.00     4   6.2059
#        1002       0.00788      4.00      1.00     4   6.2068
#        1003       0.00978     10.61      2.00     5   6.2087
#        1005       0.02177      4.22      2.00     6   6.2102
#        1006       0.00841      7.00      2.00     5   6.2114
#        1007       0.00832      4.05      1.00     4   6.2131
#        1010       0.01160      8.74      2.00     6   6.2151
#        1012       0.01082     12.21      2.00     6   6.2154
#        1014       0.02158      7.89      2.00     5   6.2170
#        1015       0.00998     26.61      2.00     6   6.2171
#        1016       0.02162     13.01      2.00     6   6.2177
#        1017       0.00798     17.86      2.00     5   6.2183
#        1020       0.01180      4.81      2.00     5   6.2210
#        1023       0.01622     12.04      2.00     6   6.2242
#        1026       0.01037     15.56      1.00     6   6.2267
#        1028       0.01959      8.01      2.00     6   6.2308
#        1032       0.01851      6.25      2.00     5   6.2393
#        1036       0.02260      7.24      2.00     5   6.2446
#        1037       0.01484     10.23      2.00     7   6.2446
#        1040       0.01675     16.96      2.00     7   6.2449
#        1041       0.01569     81.26      2.00     5   6.2466
#        1043       0.01834      8.25      2.00     6   6.2473
#        1044       0.01734      8.36      2.00     7   6.2472
#        1046       0.00791     10.47      2.00     5   6.2481
#        1048       0.01204      5.41      2.00     5   6.2514
#        1049       0.01845     10.62      2.00     6   6.2550
#        1051       0.04175     16.50      2.00     6   6.2554
#        1052       0.01207      5.36      2.00     5   6.2567
#        1054       0.01087      4.32      1.00     6   6.2570
#        1055       0.01567     78.03      2.00     5   6.2582
#        1057       0.01918      6.56      2.00     6   6.2587
#        1058       0.01411      7.91      2.00     7   6.2592
#        1060       0.01142     28.31      2.00     7   6.2593
#        1061       0.01762     13.52      2.00     7   6.2595
#        1062       0.01360     14.06      2.00     7   6.2595
#        1063       0.01082     25.14      2.00     7   6.2597
#        1064       0.02640      4.77      2.00     4   6.2600
#        1066       0.08894      6.33      2.00     6   6.2603
#        1068       0.01847      4.59      2.00     6   6.2610
#        1069       0.01022      7.52      2.00     6   6.2618
#        1070       0.01011     55.49      2.00     7   6.2613
#        1071       0.01880      9.55      2.00     6   6.2623
#        1072       0.01797     10.67      2.00     6   6.2623
#        1075       0.02441      6.34      2.00     6   6.2629
#        1077       0.01042     19.21      1.00     6   6.2660
#        1078       0.01630      4.53      2.00     5   6.2663
#        1079       0.01770      8.99      2.00     5   6.2664
#        1080       0.01659      4.49      2.00     5   6.2663
#        1081       0.01677      7.14      2.00     5   6.2670
#        1083       0.01681     11.87      2.00     6   6.2675
#        1084       0.01207      4.98      2.00     5   6.2687
#        1087       0.02234      7.72      2.00     5   6.2692
#        1088       0.02009      7.57      2.00     6   6.2700
#        1089       0.01045     18.87      1.00     6   6.2715
#        1091       0.03402      4.17      2.00     4   6.2763
#        1095       0.01502      4.68      2.00     5   6.2804
#        1097       0.00972     16.61      2.00     6   6.2810
#        1098       0.00928      7.25      2.00     4   6.2820
#        1099       0.01293      4.10      2.00     5   6.2824
#        1101       0.00820      4.01      1.00     4   6.2827
#        1103       0.01657      4.52      2.00     5   6.2830
#        1105       0.01635      7.55      2.00     5   6.2842
#        1107       0.01552      4.51      2.00     5   6.2846
#        1110       0.01591    109.60      1.00     6   6.2877
#        1111       0.02453      8.92      2.00     5   6.2880
#        1115       0.03226      6.60      2.00     6   6.2930
#        1116       0.00937      7.22      2.00     4   6.2940
#        1118       0.01303      4.17      2.00     5   6.2953
#        1121       0.01087      9.12      2.00     6   6.2960
#        1122       0.01076     11.23      2.00     6   6.2960
#        1124       0.02700      7.56      2.00     5   6.2976
#        1125       0.01006     27.44      2.00     6   6.2974
#        1130       0.01112      8.24      2.00     6   6.2982
#        1131       0.01074     11.30      2.00     6   6.2984
#        1132       0.01459      4.29      2.00     5   6.2989
#        1136       0.01005     27.65      2.00     6   6.2998
#        1137       0.01873      7.69      2.00     6   6.3005
#        1138       0.01551      4.54      2.00     5   6.3011
#        1139       0.02893      7.57      2.00     6   6.3019
#        1140       0.01027      5.89      2.00     6   6.3023
#        1141       0.00963      5.48      2.00     6   6.3034
#        1144       0.02053     10.47      2.00     6   6.3037
#        1146       0.01865      5.65      2.00     6   6.3039
#        1148       0.04615     11.23      2.00     6   6.3037
#        1149       0.02198      9.26      2.00     6   6.3036
#        1150       0.01791      4.22      2.00     6   6.3045
#        1152       0.02163      4.79      2.00     6   6.3042
#        1153       0.01537      4.60      2.00     6   6.3051
#        1154       0.02725      6.28      2.00     6   6.3062
#        1155       0.01049      8.27      2.00     4   6.3083
#        1156       0.01596    103.30      1.00     6   6.3105
#        1157       0.00989     18.67      2.00     6   6.3142
#        1160       0.01938      9.95      2.00     6   6.3163
#        1162       0.01226      4.83      2.00     5   6.3168
#        1163       0.01944      6.15      2.00     6   6.3169
#        1164       0.02123      9.70      2.00     6   6.3171
#        1165       0.04093     15.67      2.00     6   6.3170
#        1167       0.04365     11.50      2.00     6   6.3170
#        1169       0.02091      4.55      2.00     6   6.3175
#        1170       0.01553      4.60      2.00     6   6.3186
#        1171       0.00993     18.35      2.00     6   6.3195
#        1174       0.01910      5.04      2.00     5   6.3206
#        1175       0.01466      4.22      2.00     5   6.3211
#        1178       0.01714      4.39      2.00     5   6.3226
#        1180       0.01883      4.41      2.00     6   6.3222
#        1181       0.00951     15.19      2.00     5   6.3230
#        1182       0.01913      8.99      2.00     6   6.3229
#        1183       0.01810      9.63      2.00     6   6.3229
#        1187       0.01346     16.82      1.00     6   6.3303
#        1188       0.02043      6.89      2.00     6   6.3321
#        1191       0.01467      8.56      2.00     7   6.3369
#        1192       0.01073     26.81      2.00     7   6.3370
#        1193       0.01071     24.81      2.00     7   6.3371
#        1194       0.01705     11.55      2.00     7   6.3374
#        1195       0.01374     11.14      2.00     7   6.3374
#        1196       0.01020     55.57      2.00     7   6.3385
#        1197       0.00840     11.02      2.00     5   6.3416
#        1198       0.01661      7.70      2.00     6   6.3423
#        1199       0.02555      4.21      2.00     6   6.3424
#        1201       0.01639      7.34      2.00     5   6.3445
#        1202       0.02561      6.31      2.00     6   6.3449
#        1203       0.01013     18.98      2.00     6   6.3448
#        1204       0.00810     12.76      2.00     5   6.3453
#        1205       0.00961     14.73      2.00     5   6.3463
#        1206       0.02522      5.82      2.00     6   6.3460
#        1209       0.03729     11.76      2.00     6   6.3461
#        1211       0.01934      7.33      2.00     6   6.3465
#        1213       0.02204      7.18      2.00     6   6.3477
#        1214       0.01705      4.41      2.00     6   6.3480
#        1215       0.02388      9.02      2.00     5   6.3483
#        1218       0.01760      4.12      2.00     6   6.3505
#        1219       0.01651      5.13      2.00     6   6.3502
#        1220       0.01095     26.64      2.00     7   6.3505
#        1221       0.01090     19.87      2.00     7   6.3507
#        1222       0.01725      5.89      2.00     6   6.3508
#        1223       0.01459      9.98      2.00     7   6.3506
#        1224       0.01397     36.66      2.00     7   6.3510
#        1226       0.01606     35.02      2.00     7   6.3510
#        1227       0.01073     23.21      2.00     7   6.3507
#        1229       0.01760     13.96      2.00     7   6.3512
#        1230       0.01405     14.35      2.00     7   6.3512
#        1232       0.01019     54.32      2.00     7   6.3521
#        1233       0.01065     24.94      2.00     7   6.3533
#        1234       0.01956     14.97      2.00     6   6.3531
#        1235       0.02008      5.94      2.00     5   6.3544
#        1237       0.04758     30.76      2.00     7   6.3560
#        1238       0.01670      7.73      2.00     7   6.3558
#        1239       0.00693     28.92      2.00     5   6.3560
#        1240       0.02053     25.89      2.00     7   6.3561
#        1242       0.02325      5.52      2.00     7   6.3565
#        1243       0.02194     14.63      2.00     7   6.3565
#        1244       0.01555      8.54      2.00     7   6.3575
#        1247       0.02118     26.06      2.00     7   6.3582
#        1248       0.04526     32.20      2.00     7   6.3581
#        1249       0.01691      7.97      2.00     7   6.3582
#        1250       0.01543      4.26      2.00     5   6.3586
#        1251       0.02159      4.84      2.00     7   6.3586
#        1252       0.02134     14.37      2.00     7   6.3586
#        1253       0.01569      8.78      2.00     7   6.3596
#        1255       0.01637      4.36      2.00     5   6.3624
#        1257       0.01425      5.74      1.00     6   6.3625
#        1259       0.02716      7.62      2.00     7   6.3636
#        1260       0.01716      8.21      2.00     5   6.3648
#        1261       0.01551      4.49      2.00     6   6.3650
#        1262       0.02234      6.83      2.00     6   6.3652
#        1263       0.02101     13.91      2.00     6   6.3649
#        1264       0.01788      5.59      2.00     6   6.3658
#        1265       0.01660      5.80      2.00     6   6.3658
#        1266       0.01661      4.74      2.00     6   6.3664
#        1268       0.02373      9.26      2.00     5   6.3667
#        1270       0.01959      7.82      2.00     6   6.3669
#        1271       0.01427      5.63      1.00     6   6.3675
#        1272       0.01748      9.98      2.00     5   6.3679
#        1276       0.01610     14.95      2.00     6   6.3703
#        1277       0.00954      7.20      2.00     5   6.3705
#        1279       0.02596     10.43      2.00     7   6.3765
#        1280       0.01937     15.06      2.00     7   6.3763
#        1281       0.03137     18.61      2.00     7   6.3765
#        1282       0.05673     10.80      2.00     7   6.3767
#        1283       0.01961      5.07      2.00     7   6.3762
#        1285       0.01897      6.85      2.00     7   6.3788
#        1288       0.01514      4.41      2.00     5   6.3802
#        1290       0.01165      5.16      2.00     4   6.3812
#        1291       0.01632      4.14      2.00     6   6.3825
#        1294       0.01275      8.22      2.00     5   6.3850
#        1296       0.01608      6.40      2.00     6   6.3874
#        1297       0.01632      5.55      2.00     6   6.3876
#        1298       0.01639      7.63      2.00     6   6.3888
#        1299       0.01784      9.80      1.00     6   6.3887
#        1300       0.01901      7.34      1.00     6   6.3889
#        1302       0.00821     34.60      2.00     6   6.3896
#        1303       0.02097     12.82      2.00     7   6.3901
#        1304       0.02498     24.83      2.00     7   6.3902
#        1305       0.01649      4.24      2.00     5   6.3904
#        1306       0.04037     33.83      2.00     7   6.3903
#        1307       0.01786      8.01      2.00     7   6.3905
#        1310       0.01723      8.82      2.00     7   6.3922
#        1311       0.01713      8.14      2.00     5   6.3925
#        1313       0.02118      7.85      2.00     6   6.3980
#        1314       0.01013      5.32      2.00     6   6.3983
#        1315       0.01538     11.74      2.00     6   6.3983
#        1316       0.01551      5.56      2.00     6   6.3988
#        1317       0.01568      6.34      2.00     6   6.3999
#        1318       0.00706     78.12      2.00     6   6.4002
#        1319       0.01560      7.66      2.00     6   6.4010
#        1321       0.01570      7.28      2.00     6   6.4015
#        1322       0.02068      5.27      2.00     6   6.4020
#        1323       0.01548      6.16      2.00     6   6.4023
#        1324       0.01571      7.39      2.00     6   6.4029
#        1327       0.01519      4.30      2.00     5   6.4080
#        1329       0.01695      4.62      2.00     6   6.4091
#        1330       0.01628      6.18      2.00     6   6.4103
#        1331       0.02622     12.66      2.00     6   6.4105
#        1334       0.02986      8.02      2.00     6   6.4120
#        1335       0.01617      4.90      2.00     6   6.4132
#        1336       0.01676      4.45      2.00     6   6.4133
#        1337       0.01929      8.69      2.00     6   6.4139
#        1338       0.00920     11.38      2.00     3   6.4185
#        1339       0.01726      4.89      2.00     6   6.4214
#        1340       0.00705      6.65      2.00     4   6.4222
#        1341       0.02332      4.78      2.00     6   6.4238
#        1342       0.00840     16.29      2.00     5   6.4240
#        1343       0.01148      9.67      2.00     5   6.4244
#        1344       0.01448      6.87      2.00     6   6.4244
#        1345       0.01716      4.05      2.00     6   6.4246
#        1346       0.01434      5.36      2.00     6   6.4280
#        1347       0.02968      4.57      2.00     6   6.4302
#        1348       0.00773      5.20      2.00     4   6.4311
#        1349       0.00942     13.21      2.00     4   6.4318
#        1350       0.02317      7.49      1.00     6   6.4320
#        1351       0.02302      9.82      2.00     7   6.4319
#        1352       0.01131      7.69      2.00     5   6.4341
#        1353       0.01728      4.82      2.00     6   6.4349
#        1354       0.01066      9.00      2.00     5   6.4356
#        1356       0.02323      8.99      2.00     7   6.4383
#        1357       0.01717      4.28      2.00     5   6.4400
#        1358       0.00777      5.91      2.00     4   6.4410
#        1359       0.03693      8.19      2.00     7   6.4421
#        1360       0.01570      4.36      2.00     7   6.4423
#        1361       0.02241      7.12      2.00     5   6.4438
#        1362       0.00965      9.45      2.00     6   6.4445
#        1364       0.01423      5.20      2.00     7   6.4442
#        1365       0.02196      6.10      2.00     6   6.4446
#        1367       0.03881     10.76      2.00     6   6.4450
#        1369       0.01644      4.08      2.00     6   6.4460
#        1370       0.00692     29.95      2.00     5   6.4484
#        1371       0.00692     29.44      2.00     5   6.4516
#        1372       0.02444      7.34      2.00     5   6.4542
#        1377       0.01852      5.58      2.00     6   6.4605
#        1379       0.02091     13.02      2.00     6   6.4628
#        1381       0.08361      7.66      2.00     7   6.4652
#        1382       0.04009      7.36      2.00     7   6.4653
#        1386       0.01687      4.14      2.00     5   6.4680
#        1388       0.03721      4.72      2.00     7   6.4679
#        1389       0.07289     11.65      2.00     7   6.4678
#        1390       0.01240     27.06      2.00     6   6.4687
#        1392       0.03638     11.35      2.00     7   6.4704
#        1395       0.00873     13.68      2.00     5   6.4722
#        1396       0.02291      7.77      1.00     6   6.4766
#        1397       0.01751      5.64      2.00     6   6.4770
#        1398       0.00981     11.43      2.00     6   6.4775
#        1399       0.02266      5.41      1.00     6   6.4773
#        1401       0.02741      4.25      2.00     6   6.4797
#        1405       0.02253      8.28      1.00     6   6.4801
#        1406       0.01749      5.40      2.00     6   6.4820
#        1408       0.00985     11.45      2.00     6   6.4826
#        1410       0.02341      4.64      1.00     6   6.4840
#        1412       0.02125     12.35      2.00     7   6.4855
#        1414       0.02181     23.07      2.00     7   6.4857
#        1415       0.04140     30.72      2.00     7   6.4860
#        1416       0.01739      7.25      2.00     7   6.4857
#        1418       0.01663      7.98      2.00     7   6.4871
#        1420       0.02208      6.01      2.00     6   6.4878
#        1421       0.02108     14.46      2.00     6   6.4881
#        1423       0.00704     79.15      2.00     6   6.4895
#        1424       0.01684      7.39      2.00     6   6.4898
#        1425       0.01641      6.28      2.00     6   6.4907
#        1426       0.02010     12.71      2.00     6   6.4906
#        1427       0.01637      4.58      2.00     6   6.4907
#        1429       0.01637      5.44      2.00     6   6.4910
#        1430       0.02243      6.21      2.00     6   6.4909
#        1431       0.01991      7.24      2.00     6   6.4923
#        1432       0.02693      9.11      2.00     6   6.4923
#        1433       0.01710      4.77      2.00     6   6.4920
#        1434       0.01286      7.00      2.00     7   6.4921
#        1435       0.02640     12.09      2.00     6   6.4931
#        1436       0.01700      4.67      2.00     6   6.4934
#        1438       0.01769      9.43      2.00     5   6.4942
#        1439       0.00870     10.62      2.00     3   6.4945
#        1440       0.02271      5.08      2.00     6   6.4942
#        1443       0.03581     25.23      2.00     7   6.4947
#        1445       0.03725     10.52      2.00     6   6.4949
#        1446       0.02548      5.36      2.00     7   6.4948
#        1450       0.02019      4.53      2.00     7   6.4985
#        1451       0.01842      6.35      2.00     7   6.4986
#        1454       0.00811     11.23      2.00     5   6.5011
#        1455       0.01194     11.35      2.00     7   6.5025
#        1456       0.01323      5.54      2.00     7   6.5024
#        1458       0.01140     13.95      2.00     7   6.5028
#        1460       0.01650      6.34      2.00     6   6.5037
#        1461       0.00854     17.09      2.00     6   6.5038
#        1462       0.00708     76.35      2.00     6   6.5039
#        1463       0.01719      4.57      2.00     6   6.5045
#        1464       0.00987     35.71      2.00     7   6.5045
#        1465       0.01800      9.28      1.00     6   6.5048
#        1466       0.01639      5.05      2.00     6   6.5057
#        1467       0.01742      4.86      2.00     6   6.5057
#        1468       0.01636      6.21      2.00     6   6.5060
#        1469       0.02571     12.48      2.00     6   6.5058
#        1470       0.01736      4.31      2.00     6   6.5061
#        1471       0.02880      7.96      2.00     6   6.5065
#        1472       0.01654      6.94      2.00     6   6.5071
#        1474       0.01873      4.99      1.00     6   6.5073
#        1476       0.02268      6.20      2.00     6   6.5077
#        1477       0.01703      4.41      2.00     6   6.5078
#        1478       0.02016     13.06      2.00     6   6.5076
#        1479       0.01675      5.16      2.00     6   6.5084
#        1480       0.01465      6.77      2.00     6   6.5085
#        1481       0.01777      9.23      2.00     5   6.5095
#        1482       0.01876      6.34      1.00     6   6.5095
#        1483       0.01460      5.81      2.00     6   6.5091
#        1484       0.02036      7.26      2.00     6   6.5091
#        1492       0.02121      5.86      2.00     4   6.5166
#        1493       0.00825     11.14      2.00     5   6.5171
#        1494       0.00868     11.99      2.00     4   6.5176
#        1495       0.01751      4.88      2.00     6   6.5185
#        1497       0.01740      4.01      2.00     6   6.5207
#        1498       0.01475      6.83      2.00     6   6.5213
#        1499       0.01574      7.02      2.00     6   6.5212
#        1500       0.01584      6.80      2.00     6   6.5214
#        1501       0.01584      5.22      2.00     6   6.5211
#        1502       0.01587      5.67      2.00     6   6.5222
#        1506       0.01462      5.35      2.00     6   6.5240
#        1507       0.01580      5.89      2.00     6   6.5241
#        1508       0.01088      5.30      2.00     7   6.5243
#        1510       0.01142     17.71      2.00     7   6.5246
#        1511       0.01212      8.25      2.00     5   6.5248
#        1512       0.01590      6.61      2.00     6   6.5250
#        1517       0.01024     11.21      2.00     7   6.5269
#        1518       0.01805      8.95      1.00     6   6.5274
#        1519       0.01625      5.71      2.00     6   6.5281
#        1521       0.01661      6.81      2.00     6   6.5295
#        1522       0.01650      4.83      2.00     6   6.5302
#        1523       0.01852      6.36      1.00     6   6.5316
#        1524       0.01088     11.56      2.00     7   6.5317
#        1527       0.01030     10.40      2.00     5   6.5380
#        1528       0.01119     12.32      2.00     7   6.5389
#        1529       0.01374      5.97      2.00     7   6.5387
#        1530       0.01124     13.73      2.00     7   6.5389
#        1532       0.01221      8.21      2.00     5   6.5398
#        1533       0.00989     42.87      2.00     7   6.5403
#        1534       0.02087      4.91      1.00     6   6.5422
#        1535       0.01571      4.81      2.00     6   6.5431
#        1536       0.01581      6.80      2.00     6   6.5436
#        1537       0.01592      6.48      2.00     6   6.5440
#        1538       0.01138     11.47      2.00     7   6.5439
#        1539       0.01365      6.68      2.00     7   6.5440
#        1541       0.01592      5.51      2.00     6   6.5442
#        1544       0.01124     13.43      2.00     7   6.5441
#        1547       0.00992     42.57      2.00     7   6.5455
#        1548       0.02131      6.25      2.00     5   6.5460
#        1549       0.01568      5.42      2.00     6   6.5464
#        1550       0.02109     11.32      2.00     7   6.5467
#        1551       0.02252     21.69      2.00     7   6.5465
#        1552       0.01784      6.91      2.00     7   6.5467
#        1554       0.01810      9.06      2.00     5   6.5471
#        1555       0.01595      6.50      2.00     6   6.5471
#        1556       0.04025     29.62      2.00     7   6.5472
#        1558       0.01694      7.68      2.00     7   6.5481
#        1559       0.00678      4.35      2.00     4   6.5487
#        1560       0.03885      8.02      2.00     7   6.5494
#        1561       0.01601      4.27      2.00     7   6.5499
#        1563       0.01448      5.17      2.00     7   6.5509
#        1565       0.00824     29.75      2.00     6   6.5534
#        1566       0.01240      9.83      2.00     5   6.5550
#        1568       0.01189      9.23      2.00     5   6.5563
#        1570       0.01712      6.45      2.00     7   6.5572
#        1571       0.00836     30.16      2.00     6   6.5582
#        1572       0.01135      9.78      2.00     7   6.5582
#        1573       0.01039     22.78      2.00     7   6.5587
#        1575       0.03692      8.40      2.00     7   6.5599
#        1576       0.01622      4.03      2.00     7   6.5604
#        1577       0.03058     13.65      2.00     5   6.5608
#        1578       0.01470      5.27      2.00     7   6.5615
#        1579       0.02199      6.54      2.00     5   6.5626
#        1580       0.01140      9.98      2.00     7   6.5635
#        1582       0.01741      4.29      2.00     6   6.5650
#        1583       0.02131      5.52      2.00     6   6.5647
#        1584       0.02733     11.03      2.00     6   6.5654
#        1585       0.01265     13.43      2.00     7   6.5651
#        1588       0.01518      5.88      2.00     6   6.5667
#        1589       0.01736      5.63      2.00     6   6.5662
#        1590       0.02046     11.23      2.00     6   6.5663
#        1592       0.01192      9.11      2.00     5   6.5680
#        1593       0.02745     17.96      2.00     6   6.5680
#        1594       0.01511      6.86      2.00     6   6.5680
#        1595       0.01926     17.90      2.00     6   6.5679
#        1599       0.01678     12.70      2.00     6   6.5710
#        1600       0.01948      6.01      2.00     7   6.5710
#        1601       0.01699      5.29      2.00     6   6.5715
#        1602       0.03042      5.90      2.00     7   6.5714
#        1603       0.02079     15.92      2.00     7   6.5716
#        1604       0.02070      9.64      2.00     7   6.5717
#        1605       0.02419     14.00      2.00     7   6.5715
#        1606       0.02072      5.36      2.00     7   6.5721
#        1607       0.02311     34.77      2.00     7   6.5720
#        1608       0.01527     21.28      2.00     6   6.5735
#        1609       0.01024      8.48      2.00     7   6.5733
#        1610       0.02638      9.29      2.00     7   6.5740
#        1611       0.02213      9.83      2.00     7   6.5740
#        1612       0.01962      9.60      2.00     7   6.5739
#        1613       0.02360     15.14      2.00     7   6.5743
#        1614       0.02181     33.19      2.00     7   6.5766
#        1616       0.01743      4.76      2.00     6   6.5773
#        1617       0.01791      6.36      2.00     6   6.5776
#        1621       0.01511      6.48      2.00     6   6.5807
#        1622       0.01751      5.84      2.00     6   6.5803
#        1623       0.01509      7.02      2.00     6   6.5803
#        1625       0.01043     29.47      2.00     6   6.5823
#        1627       0.01984      7.16      2.00     6   6.5858
#        1628       0.01117      5.07      2.00     7   6.5862
#        1629       0.02196      5.72      2.00     6   6.5871
#        1630       0.02089     13.36      2.00     6   6.5871
#        1631       0.02922      6.72      2.00     6   6.5880
#        1633       0.02874     10.91      2.00     6   6.5879
#        1634       0.02120      7.02      2.00     6   6.5885
#        1635       0.01117      4.45      2.00     7   6.5883
#        1636       0.01120      5.97      2.00     7   6.5882
#        1637       0.01059     23.83      2.00     7   6.5885
#        1638       0.01770      5.45      2.00     6   6.5896
#        1639       0.02071      5.91      2.00     6   6.5894
#        1640       0.02238      6.33      2.00     6   6.5897
#        1641       0.01096     11.55      2.00     7   6.5898
#        1642       0.03036      5.05      2.00     6   6.5904
#        1644       0.01068     11.62      2.00     7   6.5909
#        1645       0.01758     15.82      2.00     6   6.5914
#        1647       0.01776      4.41      2.00     6   6.5924
#        1648       0.01061     23.50      2.00     7   6.5935
#        1649       0.01286      6.62      2.00     7   6.5936
#        1650       0.01090     11.19      2.00     7   6.5943
#        1651       0.01083     11.18      2.00     7   6.5956
#        1653       0.01283     25.96      2.00     6   6.5973
#        1654       0.02273      8.52      2.00     7   6.5990
#        1656       0.02058      4.22      2.00     7   6.5989
#        1657       0.01883      5.95      2.00     7   6.6010
#        1660       0.01710      5.42      2.00     7   6.6035
#        1662       0.01820      8.62      2.00     7   6.6052
#        1663       0.02984     12.50      2.00     7   6.6053
#        1665       0.02381      7.77      2.00     7   6.6063
#        1668       0.01310      6.84      2.00     7   6.6075
#        1669       0.01923      7.40      2.00     7   6.6090
#        1670       0.01951      8.62      2.00     7   6.6090
#        1671       0.02321     21.21      2.00     7   6.6089
#        1672       0.02320      9.31      2.00     7   6.6092
#        1673       0.02174      4.30      2.00     7   6.6097
#        1674       0.01987      5.93      2.00     6   6.6100
#        1679       0.01764     10.86      2.00     7   6.6103
#        1680       0.02089     12.72      2.00     7   6.6102
#        1681       0.01738     13.02      2.00     7   6.6105
#        1682       0.02075     10.38      2.00     7   6.6109
#        1683       0.02211     26.21      2.00     7   6.6106
#        1684       0.01965      6.23      2.00     7   6.6120
#        1685       0.01523     12.39      2.00     7   6.6123
#        1686       0.01783     32.88      2.00     7   6.6122
#        1687       0.01081      4.67      2.00     5   6.6149
#        1688       0.02215      5.49      2.00     6   6.6147
#        1689       0.02119     13.12      2.00     6   6.6150
#        1690       0.02192      6.85      2.00     6   6.6164
#        1691       0.02088      5.93      2.00     7   6.6168
#        1692       0.02391      8.11      2.00     7   6.6170
#        1694       0.01534     62.25      2.00     7   6.6177
#        1697       0.01293     25.17      2.00     6   6.6203
#        1698       0.03457      6.03      2.00     6   6.6204
#        1699       0.01803     11.15      2.00     7   6.6215
#        1700       0.02668      7.69      2.00     7   6.6214
#        1703       0.01752     12.57      2.00     7   6.6245
#        1704       0.01794     12.11      2.00     7   6.6250
#        1706       0.00710      4.96      2.00     5   6.6273
#        1708       0.02355      8.29      2.00     7   6.6287
#        1711       0.01742      8.06      2.00     7   6.6318
#        1713       0.03008     19.41      2.00     7   6.6322
#        1715       0.02387      7.63      2.00     7   6.6332
#        1716       0.01809      8.92      2.00     7   6.6335
#        1717       0.01028     65.86      2.00     6   6.6337
#        1718       0.01796     11.36      2.00     7   6.6338
#        1719       0.00718      5.07      2.00     5   6.6342
#        1720       0.03193     15.46      2.00     7   6.6347
#        1721       0.01715      5.21      2.00     7   6.6348
#        1722       0.01715      6.56      2.00     7   6.6350
#        1723       0.01795      4.94      2.00     7   6.6353
#        1724       0.02095      8.34      2.00     6   6.6363
#        1725       0.01780      9.04      2.00     7   6.6367
#        1727       0.00940      9.81      2.00     5   6.6407
#        1728       0.01293      8.03      2.00     6   6.6404
#        1729       0.00699     10.18      1.00     6   6.6434
#        1730       0.01447      4.34      2.00     6   6.6454
#        1731       0.01439      5.32      2.00     6   6.6460
#        1733       0.01842      5.20      2.00     7   6.6471
#        1735       0.00722      4.84      2.00     5   6.6499
#        1736       0.01410      8.76      2.00     6   6.6516
#        1737       0.00725      4.97      2.00     5   6.6530
#        1738       0.01376      7.30      2.00     6   6.6549
#        1739       0.01287      4.76      2.00     5   6.6599
#        1740       0.01291      5.04      2.00     5   6.6599
#        1742       0.00749      4.77      2.00     5   6.6611
#        1743       0.01904      5.77      2.00     7   6.6610
#        1744       0.01062     12.32      2.00     7   6.6611
#        1746       0.01753     19.61      2.00     7   6.6611
#        1748       0.00756      4.75      2.00     5   6.6649
#        1751       0.05810     11.48      2.00     7   6.6651
#        1752       0.03256     11.57      2.00     7   6.6654
#        1753       0.02871      5.81      2.00     6   6.6657
#        1755       0.01078      7.66      2.00     5   6.6676
#        1757       0.02273      5.86      2.00     6   6.6673
#        1758       0.01522      6.03      2.00     6   6.6675
#        1759       0.01653      6.93      2.00     7   6.6676
#        1760       0.04866     11.16      2.00     7   6.6693
#        1761       0.03637     10.74      2.00     7   6.6696
#        1762       0.01981     10.29      2.00     6   6.6709
#        1763       0.01500      4.46      2.00     6   6.6711
#        1764       0.01096     13.36      2.00     5   6.6725
#        1768       0.02796      6.07      2.00     6   6.6746
#        1770       0.02844      9.92      2.00     6   6.6743
#        1771       0.01785      5.70      2.00     6   6.6757
#        1773       0.02883     10.47      2.00     7   6.6753
#        1774       0.01782      4.99      2.00     6   6.6760
#        1775       0.02795     10.85      2.00     6   6.6760
#        1776       0.01779      5.90      2.00     6   6.6774
#        1777       0.00615      5.34      2.00     3   6.6781
#        1779       0.02880      4.98      2.00     6   6.6777
#        1781       0.01037    186.80      2.00     7   6.6780
#        1782       0.01833      8.63      2.00     5   6.6792
#        1783       0.01788      4.78      2.00     6   6.6794
#        1785       0.01931      4.20      2.00     6   6.6805
#        1787       0.00953     27.29      2.00     6   6.6818
#        1788       0.01859      8.70      2.00     5   6.6831
#        1789       0.01573      7.32      2.00     7   6.6845
#        1790       0.02878     13.12      2.00     5   6.6848
#        1791       0.02030      6.34      2.00     6   6.6857
#        1793       0.00721      5.38      2.00     5   6.6859
#        1794       0.03182      8.78      2.00     7   6.6866
#        1795       0.04698      9.58      2.00     7   6.6868
#        1797       0.01920      4.84      2.00     6   6.6877
#        1798       0.02184      5.08      2.00     6   6.6880
#        1799       0.02531      5.02      2.00     6   6.6880
#        1800       0.01759      8.74      2.00     7   6.6879
#        1802       0.01738      4.86      2.00     6   6.6884
#        1804       0.01718      4.99      2.00     7   6.6889
#        1806       0.02007      5.86      2.00     6   6.6896
#        1808       0.01949     17.16      2.00     6   6.6898
#        1810       0.02016      9.24      2.00     6   6.6907
#        1811       0.00690     12.69      1.00     6   6.6913
#        1812       0.01525      5.74      2.00     6   6.6910
#        1813       0.00981      9.25      2.00     5   6.6914
#        1814       0.00659      4.40      2.00     5   6.6921
#        1815       0.01662      4.70      2.00     6   6.6919
#        1816       0.01520      6.33      2.00     6   6.6921
#        1817       0.04090      6.23      2.00     7   6.6925
#        1821       0.04034      5.66      2.00     7   6.6931
#        1822       0.03469      5.56      2.00     7   6.6932
#        1823       0.02238      6.00      2.00     7   6.6931
#        1825       0.03113     12.25      2.00     5   6.6944
#        1826       0.02569      6.32      2.00     7   6.6947
#        1829       0.00725      5.31      2.00     5   6.6972
#        1830       0.00694     12.60      1.00     6   6.6973
#        1831       0.01248     13.34      2.00     6   6.6984
#        1833       0.01743      5.07      2.00     6   6.6996
#        1834       0.02089      4.80      2.00     6   6.7002
#        1836       0.01952     17.02      2.00     6   6.7010
#        1837       0.03197      4.40      2.00     5   6.7018
#        1839       0.01991      9.83      2.00     6   6.7018
#        1840       0.01535      5.45      2.00     6   6.7018
#        1843       0.01752      4.09      2.00     6   6.7034
#        1844       0.01527      6.37      2.00     6   6.7032
#        1845       0.01755      4.98      2.00     6   6.7062
#        1846       0.01518      6.47      2.00     6   6.7062
#        1848       0.01518      6.16      2.00     6   6.7064
#        1849       0.01519      6.84      2.00     6   6.7103
#        1850       0.02052      6.35      2.00     6   6.7109
#        1851       0.01522      5.71      2.00     6   6.7109
#        1852       0.00731      7.25      2.00     4   6.7111
#        1853       0.03151     12.50      2.00     5   6.7110
#        1854       0.00746     11.15      2.00     6   6.7118
#        1855       0.01065     19.36      2.00     6   6.7118
#        1857       0.01753      4.18      2.00     6   6.7144
#        1858       0.00586      8.59      2.00     4   6.7149
#        1859       0.01521      6.98      2.00     6   6.7147
#        1860       0.01708      7.99      2.00     7   6.7153
#        1861       0.02950     19.21      2.00     7   6.7154
#        1863       0.02844     16.68      2.00     7   6.7157
#        1864       0.01700      7.02      2.00     7   6.7157
#        1865       0.01693      4.82      2.00     7   6.7161
#        1866       0.01798     11.22      2.00     7   6.7168
#        1867       0.01526      5.23      2.00     6   6.7174
#        1868       0.01761      5.19      2.00     6   6.7172
#        1869       0.01527      6.46      2.00     6   6.7172
#        1870       0.01780      9.75      2.00     7   6.7171
#        1872       0.01528      6.00      2.00     6   6.7177
#        1873       0.02102      5.57      2.00     6   6.7188
#        1874       0.02216      5.81      2.00     6   6.7188
#        1875       0.00719      5.69      2.00     5   6.7198
#        1876       0.01778     14.80      2.00     6   6.7202
#        1877       0.00603     10.41      2.00     4   6.7223
#        1878       0.01086     65.43      2.00     6   6.7228
#        1879       0.02483      4.26      2.00     6   6.7228
#        1880       0.01772      7.50      2.00     7   6.7238
#        1881       0.02896     10.53      2.00     7   6.7242
#        1882       0.01096     63.73      2.00     6   6.7256
#        1883       0.01465      4.74      2.00     6   6.7259
#        1884       0.01459      5.37      2.00     6   6.7268
#        1885       0.02773     12.15      2.00     6   6.7266
#        1886       0.01783      7.82      2.00     7   6.7272
#        1887       0.01729      4.55      2.00     7   6.7275
#        1889       0.01709      8.07      2.00     7   6.7281
#        1890       0.02900     19.30      2.00     7   6.7283
#        1892       0.01736     12.09      2.00     7   6.7295
#        1893       0.02115     11.89      2.00     7   6.7294
#        1894       0.01805     11.29      2.00     7   6.7297
#        1895       0.03004     15.50      2.00     7   6.7300
#        1897       0.02213     20.21      2.00     7   6.7307
#        1898       0.01714      6.53      2.00     7   6.7303
#        1900       0.01565     18.47      2.00     6   6.7309
#        1901       0.01427      7.07      2.00     7   6.7311
#        1902       0.01930      6.30      2.00     7   6.7311
#        1903       0.01714      5.70      2.00     7   6.7307
#        1904       0.01957      7.45      2.00     7   6.7311
#        1905       0.01799     30.74      2.00     7   6.7309
#        1906       0.02352      8.82      2.00     7   6.7307
#        1907       0.03814      5.72      2.00     7   6.7309
#        1908       0.01766      5.21      2.00     7   6.7311
#        1909       0.01793      9.04      2.00     7   6.7317
#        1910       0.01924      6.84      2.00     7   6.7317
#        1912       0.01723      9.71      2.00     7   6.7318
#        1913       0.02113      9.98      2.00     7   6.7321
#        1914       0.02214     23.12      2.00     7   6.7318
#        1915       0.02093      5.83      2.00     6   6.7329
#        1916       0.02095      4.34      2.00     7   6.7334
#        1917       0.01533     11.16      2.00     7   6.7332
#        1919       0.02078      5.38      2.00     6   6.7338
#        1920       0.02281      5.72      2.00     6   6.7341
#        1921       0.00724      5.60      2.00     5   6.7349
#        1922       0.01793     14.52      2.00     6   6.7355
#        1925       0.01863      6.36      2.00     7   6.7384
#        1926       0.02155      5.14      2.00     7   6.7388
#        1927       0.01169      9.87      2.00     5   6.7393
#        1928       0.01474      4.38      2.00     6   6.7398
#        1929       0.01466      5.36      2.00     6   6.7405
#        1931       0.01807      8.91      2.00     7   6.7406
#        1932       0.01759      4.97      2.00     7   6.7415
#        1933       0.01254     15.05      2.00     6   6.7434
#        1934       0.00995     25.55      2.00     6   6.7437
#        1936       0.01592     18.53      2.00     6   6.7439
#        1937       0.01750     10.15      2.00     7   6.7445
#        1938       0.02194      5.20      2.00     6   6.7454
#        1940       0.01788      7.88      2.00     7   6.7465
#        1941       0.02246      4.88      2.00     7   6.7470
#        1942       0.01104      4.10      2.00     6   6.7470
#        1945       0.01959      8.13      1.00     6   6.7471
#        1946       0.02542      6.78      2.00     7   6.7475
#        1947       0.01731      5.03      2.00     7   6.7471
#        1948       0.02997     11.63      2.00     7   6.7472
#        1950       0.02058      5.44      2.00     7   6.7473
#        1951       0.01752     11.45      2.00     7   6.7473
#        1952       0.01743     11.18      2.00     7   6.7475
#        1955       0.02651      6.08      2.00     7   6.7496
#        1956       0.01399      6.44      2.00     5   6.7496
#        1957       0.02188     20.45      2.00     7   6.7501
#        1959       0.01422      8.00      2.00     6   6.7510
#        1960       0.02104     11.44      2.00     7   6.7517
#        1961       0.01744     11.67      2.00     7   6.7519
#        1962       0.01744      4.20      2.00     7   6.7523
#        1966       0.02242     18.44      2.00     7   6.7525
#        1967       0.02335      8.11      2.00     7   6.7527
#        1968       0.01442      5.64      2.00     5   6.7530
#        1971       0.01957      6.73      2.00     7   6.7531
#        1972       0.01985      7.84      2.00     7   6.7531
#        1973       0.01813     29.70      2.00     7   6.7533
#        1974       0.01730      9.49      2.00     7   6.7538
#        1975       0.02231     22.72      2.00     7   6.7541
#        1978       0.02081      9.20      2.00     7   6.7541
#        1979       0.01576      4.59      2.00     7   6.7549
#        1980       0.01542     10.97      2.00     7   6.7555
#        1981       0.01156      7.43      2.00     5   6.7581
#        1982       0.00569     15.49      2.00     5   6.7592
#        1983       0.02623      6.91      2.00     5   6.7606
#        1984       0.02643      8.55      2.00     5   6.7611
#        1985       0.01171      7.44      2.00     5   6.7614
#        1987       0.02118      5.48      2.00     7   6.7624
#        1989       0.02658      7.83      2.00     5   6.7630
#        1990       0.01094    182.70      2.00     7   6.7638
#        1991       0.00747      6.08      2.00     4   6.7643
#        1992       0.01670     17.10      2.00     6   6.7646
#        1993       0.02447     14.26      2.00     6   6.7653
#        1994       0.01755      9.72      2.00     7   6.7667
#        1995       0.01761     11.07      2.00     7   6.7696
#        1996       0.01759     10.70      2.00     7   6.7700
#        1997       0.02640      8.60      2.00     6   6.7706
#        1998       0.01968     13.31      2.00     7   6.7712
#        1999       0.02447      4.78      2.00     7   6.7713
#        2000       0.03028     18.81      2.00     7   6.7715
#        2001       0.02268     13.11      2.00     7   6.7715
#        2002       0.02356      6.34      2.00     7   6.7728
#        2003       0.01817     13.15      2.00     6   6.7735
#        2004       0.01162     21.77      2.00     7   6.7737
#        2005       0.02799      6.56      2.00     7   6.7738
#        2006       0.02198     13.24      2.00     7   6.7755
#        2007       0.03345      5.60      2.00     6   6.7770
#        2008       0.02903      4.30      2.00     7   6.7768
#        2009       0.02330      5.63      2.00     7   6.7768
#        2011       0.02286      7.16      2.00     7   6.7766
#        2012       0.01109    175.10      2.00     7   6.7779
#        2013       0.01699      5.01      2.00     7   6.7791
#        2014       0.02678      6.04      2.00     7   6.7797
#        2015       0.02543      7.61      2.00     7   6.7797
#        2016       0.01791      4.25      2.00     7   6.7795
#        2017       0.01907      5.23      2.00     7   6.7794
#        2018       0.02082     14.72      2.00     7   6.7820
#        2019       0.02166     23.93      2.00     6   6.7835
#        2020       0.01574     53.08      2.00     7   6.7832
#        2021       0.01479      7.03      2.00     7   6.7837
#        2022       0.01946      7.09      2.00     5   6.7846
#        2023       0.02821     12.76      2.00     5   6.7846
#        2024       0.00644      4.62      2.00     3   6.7851
#        2026       0.01598     54.76      2.00     7   6.7850
#        2027       0.01779      6.13      2.00     7   6.7863
#        2028       0.02505     11.58      2.00     7   6.7874
#        2031       0.02652      5.18      2.00     7   6.7877
#        2032       0.02455      8.12      2.00     7   6.7877
#        2033       0.02369     20.55      2.00     7   6.7880
#        2035       0.02110      7.94      2.00     7   6.7876
#        2036       0.03060      5.80      2.00     7   6.7894
#        2037       0.01954     11.32      2.00     7   6.7894
#        2038       0.02645      9.53      2.00     7   6.7897
#        2040       0.02020     11.83      2.00     7   6.7897
#        2042       0.02102      6.30      2.00     6   6.7903
#        2043       0.01910      6.35      2.00     7   6.7903
#        2045       0.02913     12.18      2.00     5   6.7915
#        2046       0.01900     31.21      2.00     7   6.7914
#        2049       0.01407      8.72      1.00     6   6.7939
#        2050       0.01701      4.53      2.00     7   6.7940
#        2051       0.01710      5.33      2.00     7   6.7947
#        2052       0.01480      6.47      2.00     6   6.7953
#        2054       0.01710      5.33      2.00     7   6.7954
#        2055       0.00633      8.82      2.00     4   6.7961
#        2056       0.01903     13.00      2.00     7   6.7965
#        2057       0.01459      9.85      1.00     6   6.7973
#        2058       0.00788     11.45      2.00     6   6.7992
#        2059       0.01145     18.74      2.00     6   6.7992
#        2060       0.01706     22.83      2.00     7   6.7992
#        2061       0.02825     17.47      2.00     6   6.8049
#        2062       0.02713     24.68      2.00     6   6.8053
#        2063       0.02842     21.22      2.00     6   6.8073
#        2067       0.01679     54.76      2.00     7   6.8089
#        2068       0.01575      5.37      2.00     7   6.8099
#        2069       0.02156      6.25      2.00     6   6.8098
#        2070       0.00651      4.92      2.00     3   6.8107
#        2071       0.00735      6.24      2.00     4   6.8106
#        2072       0.03279      6.60      2.00     7   6.8121
#        2073       0.05031      6.74      2.00     7   6.8125
#        2074       0.01268      7.89      2.00     6   6.8139
#        2075       0.00798     11.26      2.00     6   6.8137
#        2076       0.01156     18.26      2.00     6   6.8137
#        2077       0.02836      4.44      2.00     7   6.8147
#        2078       0.02895      7.11      2.00     7   6.8154
#        2079       0.03223      6.41      2.00     7   6.8166
#        2081       0.04796      6.48      2.00     7   6.8170
#        2082       0.01465      7.56      2.00     6   6.8191
#        2083       0.02379      4.47      2.00     7   6.8191
#        2084       0.02559      6.52      2.00     7   6.8193
#        2085       0.02939     11.75      2.00     5   6.8197
#        2087       0.01484      7.74      2.00     6   6.8203
#        2089       0.01605      4.68      2.00     6   6.8234
#        2091       0.00623      8.84      2.00     4   6.8262
#        2093       0.01935     18.09      2.00     6   6.8288
#        2094       0.01943     13.90      2.00     6   6.8306
#        2095       0.02050      9.02      2.00     6   6.8334
#        2097       0.02048      9.24      2.00     6   6.8341
#        2100       0.01967     10.28      2.00     6   6.8345
#        2101       0.00736      5.92      2.00     4   6.8373
#        2103       0.00710     26.41      2.00     5   6.8404
#        2105       0.01846      8.24      2.00     7   6.8414
#        2106       0.01588      8.32      2.00     7   6.8417
#        2107       0.01582      5.82      2.00     7   6.8417
#        2109       0.01571      7.92      2.00     6   6.8427
#        2110       0.04185      8.13      2.00     7   6.8426
#        2112       0.02612      4.12      2.00     7   6.8429
#        2114       0.03217      8.17      2.00     7   6.8431
#        2117       0.04213      5.57      2.00     7   6.8442
#        2119       0.02577      5.67      2.00     7   6.8457
#        2121       0.00618      7.94      2.00     4   6.8475
#        2124       0.04127      4.99      2.00     7   6.8483
#        2125       0.03295      4.91      2.00     7   6.8481
#        2126       0.00614      7.08      2.00     4   6.8485
#        2128       0.04063      5.58      2.00     7   6.8484
#        2130       0.04912      7.69      2.00     7   6.8491
#        2131       0.02300      4.01      2.00     7   6.8494
#        2132       0.02244      7.66      2.00     7   6.8495
#        2135       0.02628      5.68      2.00     7   6.8500
#        2137       0.00617      4.14      2.00     5   6.8512
#        2140       0.02011      5.62      2.00     7   6.8536
#        2144       0.02061     11.75      2.00     7   6.8537
#        2145       0.01963      7.52      2.00     7   6.8541
#        2148       0.02012     21.46      2.00     7   6.8553
#        2149       0.04179      5.01      2.00     7   6.8554
#        2150       0.03186      4.96      2.00     7   6.8555
#        2151       0.01982      9.18      2.00     7   6.8554
#  1596/2000 paths used
#  xsedge+50, used to normalize mu           1.0000E+00
#  -----------------------------------------------------------------------
#  omega    e    k    mu    mu0     chi     @#
    9663.657     -7.370   0.000 -2.34208E-04  1.52005E-04 -1.28381E+00
    9663.666     -7.361   0.050 -1.36342E-04  1.56116E-04 -9.70632E-01
    9663.695     -7.332   0.100 -4.15175E-05  1.60226E-04 -6.68512E-01
    9663.742     -7.285   0.150  2.20506E-04  1.72139E-04  1.59572E-01
    9663.809     -7.218   0.200  4.54640E-04  1.84051E-04  8.88836E-01
    9663.895     -7.132   0.250  7.75124E-04  2.00272E-04  1.87627E+00
    9663.999     -7.027   0.300  1.02201E-03  2.16493E-04  2.61252E+00
    9664.123     -6.904   0.350  1.25343E-03  2.31141E-04  3.29201E+00
    9664.266     -6.761   0.400  1.36982E-03  2.45790E-04  3.59413E+00
    9664.428     -6.599   0.450  1.41214E-03  2.56348E-04  3.67185E+00
    9664.609     -6.418   0.500  1.34084E-03  2.66906E-04  3.38994E+00
    9664.809     -6.218   0.550  1.20619E-03  2.73910E-04  2.92943E+00
    9665.028     -5.999   0.600  1.00736E-03  2.80913E-04  2.27235E+00
    9665.266     -5.761   0.650  7.95214E-04  2.85255E-04  1.59258E+00
    9665.523     -5.503   0.700  5.81732E-04  2.89596E-04  9.10847E-01
    9665.800     -5.227   0.750  3.93337E-04  2.91850E-04  3.17002E-01
    9666.095     -4.932   0.800  2.45531E-04  2.94104E-04 -1.51999E-01
    9666.409     -4.618   0.850  1.35338E-04  2.94633E-04 -5.01180E-01
    9666.743     -4.284   0.900  7.89765E-05  2.95162E-04 -6.83873E-01
    9667.095     -3.932   0.950  5.54937E-05  2.94279E-04 -7.61955E-01
    9667.467     -3.560   1.000  7.58952E-05  2.93396E-04 -7.00146E-01
    9667.857     -3.170   1.050  1.13725E-04  2.91404E-04 -5.78564E-01
    9668.267     -2.760   1.100  1.73079E-04  2.89413E-04 -3.83234E-01
    9668.695     -2.332   1.150  2.32218E-04  2.86619E-04 -1.81667E-01
    9669.143     -1.884   1.200  2.89137E-04  2.83826E-04  1.79832E-02
    9669.610     -1.417   1.250  3.32638E-04  2.80510E-04  1.79178E-01
    9670.095     -0.931   1.300  3.60483E-04  2.77195E-04  2.90708E-01
    9670.600     -0.427   1.350  3.73167E-04  2.73602E-04  3.53110E-01
    9671.124      0.097   1.400  3.70562E-04  2.70009E-04  3.62443E-01
    9671.667      0.640   1.450  3.59968E-04  2.66335E-04  3.43028E-01
    9672.229      1.202   1.500  3.42500E-04  2.62661E-04  2.97362E-01
    9672.810      1.783   1.550  3.25564E-04  2.59047E-04  2.51768E-01
    9673.410      2.383   1.600  3.09160E-04  2.55433E-04  2.06715E-01
    9674.029      3.002   1.650  2.96210E-04  2.51988E-04  1.72811E-01
    9674.667      3.641   1.700  2.85632E-04  2.48544E-04  1.47244E-01
    9675.325      4.298   1.750  2.76648E-04  2.45332E-04  1.26179E-01
    9676.001      4.974   1.800  2.68123E-04  2.42121E-04  1.06352E-01
    9676.696      5.669   1.850  2.59814E-04  2.39185E-04  8.55416E-02
    9677.411      6.384   1.900  2.52743E-04  2.36249E-04  6.93526E-02
    9678.144      7.117   1.950  2.46808E-04  2.33575E-04  5.63464E-02
    9678.896      7.870   2.000  2.43603E-04  2.30901E-04  5.47759E-02
    9679.668      8.641   2.050  2.41438E-04  2.28687E-04  5.56267E-02
    9680.459      9.432   2.100  2.41096E-04  2.26472E-04  6.45467E-02
    9681.268     10.241   2.150  2.41035E-04  2.24258E-04  7.49287E-02
    9682.097     11.070   2.200  2.39842E-04  2.22044E-04  8.04509E-02
    9682.945     11.918   2.250  2.39315E-04  2.22107E-04  7.81531E-02
    9683.811     12.784   2.300  2.39035E-04  2.22170E-04  7.69593E-02
    9684.697     13.670   2.350  2.39292E-04  2.22233E-04  7.82176E-02
    9685.602     14.575   2.400  2.40338E-04  2.22295E-04  8.31236E-02
    9686.526     15.499   2.450  2.39991E-04  2.22486E-04  8.08004E-02
    9687.469     16.442   2.500  2.39210E-04  2.22676E-04  7.64608E-02
    9688.431     17.404   2.550  2.37662E-04  2.22866E-04  6.85495E-02
    9689.412     18.385   2.600  2.35037E-04  2.23056E-04  5.56114E-02
    9690.412     19.385   2.650  2.30440E-04  2.22699E-04  3.59931E-02
    9691.431     20.404   2.700  2.25003E-04  2.22342E-04  1.23931E-02
    9692.470     21.443   2.750  2.18907E-04  2.21985E-04 -1.43636E-02
    9693.527     22.500   2.800  2.12471E-04  2.21628E-04 -4.28009E-02
    9694.603     23.576   2.850  2.06627E-04  2.21532E-04 -6.95980E-02
    9695.698     24.672   2.900  2.01495E-04  2.21437E-04 -9.30260E-02
    9696.813     25.786   2.950  1.97348E-04  2.21341E-04 -1.11810E-01
    9697.946     26.920   3.000  1.94358E-04  2.21245E-04 -1.25175E-01
    9699.099     28.072   3.050  1.93154E-04  2.21395E-04 -1.31138E-01
    9700.270     29.244   3.100  1.93081E-04  2.21545E-04 -1.31834E-01
    9701.461     30.434   3.150  1.94005E-04  2.21696E-04 -1.27921E-01
    9702.671     31.644   3.200  1.95784E-04  2.21846E-04 -1.20087E-01
    9703.899     32.873   3.250  1.98524E-04  2.22184E-04 -1.08637E-01
    9705.147     34.120   3.300  2.01792E-04  2.22523E-04 -9.48539E-02
    9706.414     35.387   3.350  2.05564E-04  2.22861E-04 -7.88664E-02
    9707.700     36.673   3.400  2.09778E-04  2.23200E-04 -6.09811E-02
    9709.005     37.978   3.450  2.14399E-04  2.23672E-04 -4.19710E-02
    9710.329     39.302   3.500  2.19205E-04  2.24145E-04 -2.22718E-02
    9711.672     40.645   3.550  2.24048E-04  2.24618E-04 -2.56068E-03
    9713.034     42.007   3.600  2.28734E-04  2.25091E-04  1.62999E-02
    9714.415     43.388   3.650  2.33075E-04  2.25617E-04  3.32375E-02
    9715.815     44.788   3.700  2.36913E-04  2.26143E-04  4.78174E-02
    9717.234     46.208   3.750  2.40145E-04  2.26670E-04  5.96069E-02
    9718.673     47.646   3.800  2.42737E-04  2.27196E-04  6.84859E-02
    9720.130     49.103   3.850  2.44684E-04  2.27700E-04  7.46020E-02
    9721.606     50.580   3.900  2.46111E-04  2.28204E-04  7.84002E-02
    9723.102     52.075   3.950  2.47107E-04  2.28708E-04  8.02952E-02
    9724.616     53.589   4.000  2.47744E-04  2.29212E-04  8.06154E-02
    9726.150     55.123   4.050  2.47983E-04  2.29624E-04  7.96728E-02
    9727.702     56.675   4.100  2.47890E-04  2.30036E-04  7.72970E-02
    9729.274     58.247   4.150  2.47403E-04  2.30447E-04  7.32268E-02
    9730.865     59.838   4.200  2.46435E-04  2.30859E-04  6.71089E-02
    9732.474     61.447   4.250  2.44806E-04  2.31124E-04  5.88680E-02
    9734.103     63.076   4.300  2.42600E-04  2.31389E-04  4.81656E-02
    9735.751     64.724   4.350  2.39845E-04  2.31653E-04  3.51428E-02
    9737.418     66.391   4.400  2.36650E-04  2.31918E-04  2.02729E-02
    9739.104     68.077   4.450  2.33022E-04  2.32011E-04  4.32835E-03
    9740.809     69.782   4.500  2.29337E-04  2.32103E-04 -1.18393E-02
    9742.533     71.506   4.550  2.25836E-04  2.32196E-04 -2.72110E-02
    9744.276     73.249   4.600  2.22737E-04  2.32288E-04 -4.08491E-02
    9746.038     75.011   4.650  2.20020E-04  2.32211E-04 -5.21612E-02
    9747.819     76.792   4.700  2.17987E-04  2.32134E-04 -6.05566E-02
    9749.619     78.592   4.750  2.16680E-04  2.32057E-04 -6.58509E-02
    9751.439     80.412   4.800  2.16077E-04  2.31980E-04 -6.81289E-02
    9753.277     82.250   4.850  2.15968E-04  2.31765E-04 -6.77464E-02
    9755.134     84.107   4.900  2.16410E-04  2.31551E-04 -6.49981E-02
    9757.011     85.984   4.950  2.17298E-04  2.31336E-04 -6.03312E-02
    9758.906     87.879   5.000  2.18529E-04  2.31122E-04 -5.41746E-02
    9760.821     89.794   5.050  2.19933E-04  2.30821E-04 -4.69040E-02
    9762.754     91.727   5.100  2.21524E-04  2.30521E-04 -3.88090E-02
    9764.707     93.680   5.150  2.23241E-04  2.30221E-04 -3.01480E-02
    9766.679     95.652   5.200  2.25033E-04  2.29920E-04 -2.11390E-02
    9768.669     97.642   5.250  2.26842E-04  2.29587E-04 -1.18920E-02
    9770.679     99.652   5.300  2.28646E-04  2.29254E-04 -2.64080E-03
    9772.708    101.681   5.350  2.30402E-04  2.28922E-04  6.42844E-03
    9774.756    103.729   5.400  2.32067E-04  2.28589E-04  1.51263E-02
    9776.823    105.796   5.450  2.33653E-04  2.28282E-04  2.33886E-02
    9778.909    107.882   5.500  2.35056E-04  2.27975E-04  3.08713E-02
    9781.014    109.987   5.550  2.36223E-04  2.27668E-04  3.73407E-02
    9783.138    112.111   5.600  2.37100E-04  2.27361E-04  4.25549E-02
    9785.281    114.254   5.650  2.37713E-04  2.27114E-04  4.63500E-02
    9787.443    116.416   5.700  2.37922E-04  2.26868E-04  4.83813E-02
    9789.624    118.597   5.750  2.37688E-04  2.26621E-04  4.84746E-02
    9791.824    120.798   5.800  2.36993E-04  2.26374E-04  4.65469E-02
    9794.044    123.017   5.850  2.35948E-04  2.26219E-04  4.26612E-02
    9796.282    125.255   5.900  2.34486E-04  2.26063E-04  3.69460E-02
    9798.539    127.513   5.950  2.32685E-04  2.25908E-04  2.97361E-02
    9800.816    129.789   6.000  2.30648E-04  2.25753E-04  2.14858E-02
    9803.111    132.085   6.050  2.28634E-04  2.25739E-04  1.27035E-02
    9805.426    134.399   6.100  2.26609E-04  2.25724E-04  3.87855E-03
    9807.760    136.733   6.150  2.24683E-04  2.25710E-04 -4.50231E-03
    9810.112    139.085   6.200  2.22947E-04  2.25696E-04 -1.20508E-02
    9812.484    141.457   6.250  2.21460E-04  2.25681E-04 -1.85023E-02
    9814.875    143.848   6.300  2.20255E-04  2.25667E-04 -2.37142E-02
    9817.285    146.258   6.350  2.19342E-04  2.25653E-04 -2.76428E-02
    9819.713    148.687   6.400  2.18717E-04  2.25638E-04 -3.03080E-02
    9822.161    151.135   6.450  2.18370E-04  2.25624E-04 -3.17585E-02
    9824.628    153.601   6.500  2.18287E-04  2.25610E-04 -3.20474E-02
    9827.114    156.087   6.550  2.18466E-04  2.25663E-04 -3.14885E-02
    9829.619    158.593   6.600  2.18897E-04  2.25716E-04 -2.98253E-02
    9832.144    161.117   6.650  2.19571E-04  2.25769E-04 -2.71024E-02
    9834.687    163.660   6.700  2.20466E-04  2.25822E-04 -2.34096E-02
    9837.249    166.222   6.750  2.21551E-04  2.25876E-04 -1.88970E-02
    9839.830    168.803   6.800  2.22775E-04  2.25929E-04 -1.37754E-02
    9842.431    171.404   6.850  2.24080E-04  2.25982E-04 -8.30293E-03
    9845.050    174.023   6.900  2.25403E-04  2.26035E-04 -2.75921E-03
    9847.688    176.661   6.950  2.26680E-04  2.26088E-04  2.58363E-03
    9850.346    179.319   7.000  2.27858E-04  2.26141E-04  7.48760E-03
    9853.022    181.995   7.050  2.28788E-04  2.26057E-04  1.19217E-02
    9855.718    184.691   7.100  2.29552E-04  2.25972E-04  1.56343E-02
    9858.432    187.406   7.150  2.30125E-04  2.25888E-04  1.85216E-02
    9861.166    190.139   7.200  2.30496E-04  2.25803E-04  2.05246E-02
    9863.919    192.892   7.250  2.30660E-04  2.25719E-04  2.16231E-02
    9866.691    195.664   7.300  2.30619E-04  2.25634E-04  2.18305E-02
    9869.481    198.455   7.350  2.30386E-04  2.25550E-04  2.11917E-02
    9872.291    201.264   7.400  2.29977E-04  2.25465E-04  1.97827E-02
    9875.120    204.093   7.450  2.29417E-04  2.25380E-04  1.77084E-02
    9877.968    206.941   7.500  2.28735E-04  2.25296E-04  1.50982E-02
    9880.835    209.808   7.550  2.27767E-04  2.25022E-04  1.20724E-02
    9883.721    212.694   7.600  2.26744E-04  2.24747E-04  8.79209E-03
    9886.626    215.599   7.650  2.25700E-04  2.24473E-04  5.41113E-03
    9889.550    218.524   7.700  2.24666E-04  2.24199E-04  2.06297E-03
    9892.494    221.467   7.750  2.23666E-04  2.23925E-04 -1.14620E-03
    9895.456    224.429   7.800  2.22717E-04  2.23651E-04 -4.13738E-03
    9898.437    227.410   7.850  2.21833E-04  2.23376E-04 -6.85284E-03
    9901.438    230.411   7.900  2.21023E-04  2.23102E-04 -9.24695E-03
    9904.457    233.430   7.950  2.20296E-04  2.22828E-04 -1.12773E-02
    9907.496    236.469   8.000  2.19663E-04  2.22554E-04 -1.28988E-02
    9910.553    239.526   8.050  2.19078E-04  2.22229E-04 -1.40842E-02
    9913.630    242.603   8.100  2.18605E-04  2.21904E-04 -1.47716E-02
    9916.725    245.698   8.150  2.18252E-04  2.21580E-04 -1.49240E-02
    9919.840    248.813   8.200  2.18024E-04  2.21255E-04 -1.45184E-02
    9922.974    251.947   8.250  2.17919E-04  2.20930E-04 -1.35540E-02
    9926.126    255.099   8.300  2.17931E-04  2.20605E-04 -1.20581E-02
    9929.298    258.271   8.350  2.18047E-04  2.20280E-04 -1.00882E-02
    9932.489    261.462   8.400  2.18247E-04  2.19956E-04 -7.73058E-03
    9935.699    264.672   8.450  2.18507E-04  2.19631E-04 -5.09506E-03
    9938.928    267.901   8.500  2.18798E-04  2.19306E-04 -2.30844E-03
    9942.176    271.149   8.550  2.19194E-04  2.19083E-04  5.06527E-04
    9945.443    274.416   8.600  2.19569E-04  2.18860E-04  3.23153E-03
    9948.729    277.702   8.650  2.19895E-04  2.18636E-04  5.73650E-03
    9952.034    281.007   8.700  2.20145E-04  2.18413E-04  7.90295E-03
    9955.358    284.332   8.750  2.20298E-04  2.18190E-04  9.63118E-03
    9958.702    287.675   8.800  2.20338E-04  2.17966E-04  1.08471E-02
    9962.064    291.037   8.850  2.20256E-04  2.17743E-04  1.15081E-02
    9965.445    294.418   8.900  2.20051E-04  2.17519E-04  1.16061E-02
    9968.846    297.819   8.950  2.19730E-04  2.17296E-04  1.11688E-02
    9972.265    301.238   9.000  2.19305E-04  2.17073E-04  1.02554E-02
    9975.704    304.677   9.050  2.18916E-04  2.16956E-04  9.00846E-03
    9979.161    308.134   9.100  2.18458E-04  2.16840E-04  7.44245E-03
    9982.638    311.611   9.150  2.17953E-04  2.16724E-04  5.65778E-03
    9986.134    315.107   9.200  2.17422E-04  2.16607E-04  3.75299E-03
    9989.648    318.621   9.250  2.16885E-04  2.16491E-04  1.81763E-03
    9993.182    322.155   9.300  2.16359E-04  2.16374E-04 -7.16366E-05
    9996.735    325.708   9.350  2.15857E-04  2.16258E-04 -1.85154E-03
   10000.307    329.280   9.400  2.15390E-04  2.16141E-04 -3.47018E-03
   10003.898    332.871   9.450  2.14968E-04  2.16025E-04 -4.88391E-03
   10007.508    336.481   9.500  2.14599E-04  2.15909E-04 -6.05463E-03
   10011.137    340.110   9.550  2.14265E-04  2.15777E-04 -6.99738E-03
   10014.785    343.758   9.600  2.13996E-04  2.15646E-04 -7.63899E-03
   10018.452    347.425   9.650  2.13797E-04  2.15514E-04 -7.95498E-03
   10022.138    351.111   9.700  2.13672E-04  2.15382E-04 -7.93259E-03
   10025.843    354.816   9.750  2.13619E-04  2.15251E-04 -7.57412E-03
   10029.567    358.541   9.800  2.13634E-04  2.15119E-04 -6.89897E-03
   10033.311    362.284   9.850  2.13709E-04  2.14988E-04 -5.94374E-03
   10037.073    366.046   9.900  2.13833E-04  2.14856E-04 -4.76024E-03
   10040.854    369.828   9.950  2.13992E-04  2.14725E-04 -3.41184E-03
   10044.655    373.628  10.000  2.14170E-04  2.14593E-04 -1.96882E-03
   10048.474    377.448  10.050  2.14230E-04  2.14337E-04 -5.01415E-04
   10052.313    381.286  10.100  2.14281E-04  2.14081E-04  9.30919E-04
   10056.171    385.144  10.150  2.14310E-04  2.13825E-04  2.26403E-03
   10060.047    389.020  10.200  2.14305E-04  2.13569E-04  3.44186E-03
   10063.943    392.916  10.250  2.14256E-04  2.13314E-04  4.41873E-03
   10067.858    396.831  10.300  2.14157E-04  2.13058E-04  5.16095E-03
   10071.792    400.765  10.350  2.14004E-04  2.12802E-04  5.64766E-03
   10075.744    404.718  10.400  2.13794E-04  2.12546E-04  5.87113E-03
   10079.716    408.689  10.450  2.13529E-04  2.12290E-04  5.83624E-03
   10083.707    412.680  10.500  2.13213E-04  2.12034E-04  5.55929E-03
   10087.717    416.690  10.550  2.12851E-04  2.11778E-04  5.06623E-03
   10091.746    420.719  10.600  2.12451E-04  2.11522E-04  4.39038E-03
   10095.794    424.768  10.650  2.12021E-04  2.11266E-04  3.57013E-03
   10099.862    428.835  10.700  2.11569E-04  2.11011E-04  2.64669E-03
   10103.948    432.921  10.750  2.11105E-04  2.10755E-04  1.66226E-03
   10108.053    437.026  10.800  2.10637E-04  2.10499E-04  6.58605E-04
   10112.177    441.151  10.850  2.10175E-04  2.10243E-04 -3.24041E-04
   10116.321    445.294  10.900  2.09725E-04  2.09987E-04 -1.24785E-03
   10120.483    449.456  10.950  2.09295E-04  2.09731E-04 -2.07834E-03
   10124.665    453.638  11.000  2.08892E-04  2.09475E-04 -2.78543E-03
   10128.865    457.838  11.050  2.08556E-04  2.09262E-04 -3.37707E-03
   10133.085    462.058  11.100  2.08252E-04  2.09049E-04 -3.81022E-03
   10137.323    466.296  11.150  2.07985E-04  2.08835E-04 -4.07061E-03
   10141.581    470.554  11.200  2.07756E-04  2.08622E-04 -4.15165E-03
   10145.858    474.831  11.250  2.07563E-04  2.08409E-04 -4.05483E-03
   10150.153    479.127  11.300  2.07406E-04  2.08195E-04 -3.78962E-03
   10154.468    483.441  11.350  2.07280E-04  2.07982E-04 -3.37283E-03
   10158.802    487.775  11.400  2.07181E-04  2.07769E-04 -2.82745E-03
   10163.155    492.128  11.450  2.07102E-04  2.07555E-04 -2.18139E-03
   10167.527    496.500  11.500  2.07038E-04  2.07342E-04 -1.46594E-03
   10171.918    500.891  11.550  2.06981E-04  2.07129E-04 -7.14343E-04
   10176.328    505.301  11.600  2.06924E-04  2.06915E-04  3.95422E-05
   10180.757    509.730  11.650  2.06860E-04  2.06702E-04  7.62616E-04
   10185.205    514.178  11.700  2.06783E-04  2.06489E-04  1.42385E-03
   10189.672    518.646  11.750  2.06688E-04  2.06275E-04  1.99563E-03
   10194.159    523.132  11.800  2.06569E-04  2.06062E-04  2.45514E-03
   10198.664    527.637  11.850  2.06423E-04  2.05849E-04  2.78553E-03
   10203.188    532.162  11.900  2.06249E-04  2.05635E-04  2.97695E-03
   10207.732    536.705  11.950  2.06045E-04  2.05422E-04  3.02699E-03
   10212.294    541.267  12.000  2.05814E-04  2.05209E-04  2.94070E-03
   10216.876    545.849  12.050  2.05556E-04  2.04989E-04  2.76198E-03
   10221.476    550.449  12.100  2.05275E-04  2.04769E-04  2.46436E-03
   10226.096    555.069  12.150  2.04973E-04  2.04549E-04  2.06554E-03
   10230.735    559.708  12.200  2.04654E-04  2.04329E-04  1.58764E-03
   10235.392    564.365  12.250  2.04325E-04  2.04109E-04  1.05578E-03
   10240.069    569.042  12.300  2.03991E-04  2.03890E-04  4.96492E-04
   10244.765    573.738  12.350  2.03657E-04  2.03670E-04 -6.38052E-05
   10249.480    578.453  12.400  2.03327E-04  2.03450E-04 -6.00072E-04
   10254.214    583.187  12.450  2.03008E-04  2.03230E-04 -1.08969E-03
   10258.967    587.940  12.500  2.02702E-04  2.03010E-04 -1.51318E-03
   10263.739    592.712  12.550  2.02413E-04  2.02790E-04 -1.85474E-03
   10268.530    597.503  12.600  2.02143E-04  2.02570E-04 -2.10260E-03
   10273.340    602.313  12.650  2.01894E-04  2.02350E-04 -2.24924E-03
   10278.169    607.142  12.700  2.01666E-04  2.02131E-04 -2.29162E-03
   10283.017    611.990  12.750  2.01459E-04  2.01911E-04 -2.23123E-03
   10287.884    616.857  12.800  2.01271E-04  2.01691E-04 -2.07408E-03
   10292.771    621.744  12.850  2.01101E-04  2.01471E-04 -1.83041E-03
   10297.676    626.649  12.900  2.00945E-04  2.01251E-04 -1.51430E-03
   10302.600    631.574  12.950  2.00801E-04  2.01031E-04 -1.14292E-03
   10307.544    636.517  13.000  2.00663E-04  2.00811E-04 -7.35629E-04
   10312.506    641.479  13.050  2.00455E-04  2.00519E-04 -3.19563E-04
   10317.488    646.461  13.100  2.00246E-04  2.00227E-04  9.71540E-05
   10322.489    651.462  13.150  2.00034E-04  1.99935E-04  4.96263E-04
   10327.508    656.481  13.200  1.99815E-04  1.99643E-04  8.60494E-04
   10332.547    661.520  13.250  1.99585E-04  1.99350E-04  1.17428E-03
   10337.605    666.578  13.300  1.99343E-04  1.99058E-04  1.42458E-03
   10342.681    671.655  13.350  1.99085E-04  1.98766E-04  1.60164E-03
   10347.777    676.750  13.400  1.98812E-04  1.98474E-04  1.69964E-03
   10352.892    681.865  13.450  1.98523E-04  1.98182E-04  1.71708E-03
   10358.026    686.999  13.500  1.98218E-04  1.97890E-04  1.65674E-03
   10363.179    692.152  13.550  1.97900E-04  1.97597E-04  1.52525E-03
   10368.351    697.324  13.600  1.97569E-04  1.97305E-04  1.33236E-03
   10373.542    702.515  13.650  1.97228E-04  1.97013E-04  1.09007E-03
   10378.752    707.726  13.700  1.96881E-04  1.96721E-04  8.11734E-04
   10383.982    712.955  13.750  1.96529E-04  1.96429E-04  5.11345E-04
   10389.230    718.203  13.800  1.96176E-04  1.96137E-04  2.02968E-04
   10394.497    723.470  13.850  1.95825E-04  1.95844E-04 -9.96520E-05
   10399.784    728.757  13.900  1.95477E-04  1.95552E-04 -3.83456E-04
   10405.089    734.062  13.950  1.95136E-04  1.95260E-04 -6.36490E-04
   10410.413    739.387  14.000  1.94802E-04  1.94968E-04 -8.48441E-04
   10415.757    744.730  14.050  1.94538E-04  1.94737E-04 -1.02326E-03
   10421.119    750.093  14.100  1.94283E-04  1.94507E-04 -1.14646E-03
   10426.501    755.474  14.150  1.94040E-04  1.94277E-04 -1.21452E-03
   10431.902    760.875  14.200  1.93807E-04  1.94046E-04 -1.22658E-03
   10437.321    766.295  14.250  1.93585E-04  1.93816E-04 -1.18443E-03
   10442.760    771.733  14.300  1.93373E-04  1.93585E-04 -1.09222E-03
   10448.218    777.191  14.350  1.93169E-04  1.93355E-04 -9.56217E-04
   10453.695    782.668  14.400  1.92972E-04  1.93124E-04 -7.84265E-04
   10459.191    788.164  14.450  1.92781E-04  1.92894E-04 -5.85338E-04
   10464.706    793.679  14.500  1.92592E-04  1.92663E-04 -3.68998E-04
   10470.240    799.213  14.550  1.92405E-04  1.92433E-04 -1.44942E-04
   10475.793    804.766  14.600  1.92217E-04  1.92202E-04  7.73666E-05
   10481.365    810.338  14.650  1.92028E-04  1.91972E-04  2.88969E-04
   10486.956    815.929  14.700  1.91834E-04  1.91741E-04  4.81626E-04
   10492.566    821.539  14.750  1.91635E-04  1.91511E-04  6.48003E-04
   10498.195    827.169  14.800  1.91431E-04  1.91281E-04  7.81877E-04
   10503.844    832.817  14.850  1.91218E-04  1.91050E-04  8.78368E-04
   10509.511    838.484  14.900  1.90998E-04  1.90820E-04  9.34160E-04
   10515.198    844.171  14.950  1.90770E-04  1.90589E-04  9.47688E-04
   10520.903    849.876  15.000  1.90534E-04  1.90359E-04  9.19235E-04
   10526.627    855.601  15.050  1.90230E-04  1.90066E-04  8.57834E-04
   10532.371    861.344  15.100  1.89918E-04  1.89773E-04  7.60235E-04
   10538.134    867.107  15.150  1.89600E-04  1.89481E-04  6.30712E-04
   10543.915    872.888  15.200  1.89278E-04  1.89188E-04  4.75124E-04
   10549.716    878.689  15.250  1.88952E-04  1.88895E-04  3.00739E-04
   10555.536    884.509  15.300  1.88624E-04  1.88602E-04  1.15943E-04
   10561.375    890.348  15.350  1.88297E-04  1.88310E-04 -7.01973E-05
   10567.232    896.205  15.400  1.87970E-04  1.88017E-04 -2.48468E-04
   10573.109    902.082  15.450  1.87647E-04  1.87724E-04 -4.10108E-04
   10579.005    907.978  15.500  1.87329E-04  1.87432E-04 -5.47402E-04
   10584.920    913.893  15.550  1.87016E-04  1.87139E-04 -6.54191E-04
   10590.854    919.827  15.600  1.86710E-04  1.86846E-04 -7.26252E-04
   10596.807    925.780  15.650  1.86411E-04  1.86554E-04 -7.61502E-04
   10602.780    931.753  15.700  1.86119E-04  1.86261E-04 -7.60009E-04
   10608.771    937.744  15.750  1.85833E-04  1.85968E-04 -7.23840E-04
   10614.781    943.754  15.800  1.85553E-04  1.85675E-04 -6.56764E-04
   10620.810    949.783  15.850  1.85278E-04  1.85383E-04 -5.63873E-04
   10626.859    955.832  15.900  1.85006E-04  1.85090E-04 -4.51143E-04
   10632.926    961.899  15.950  1.84737E-04  1.84797E-04 -3.25003E-04
   10639.012    967.986  16.000  1.84469E-04  1.84505E-04 -1.91930E-04
   10645.118    974.091  16.050  1.84214E-04  1.84225E-04 -6.09244E-05
   10651.243    980.216  16.100  1.83958E-04  1.83946E-04  6.63901E-05
   10657.386    986.359  16.150  1.83701E-04  1.83667E-04  1.85376E-04
   10663.549    992.522  16.200  1.83441E-04  1.83387E-04  2.92037E-04
   10669.730    998.704  16.250  1.83178E-04  1.83108E-04  3.83015E-04
   10675.931   1004.904  16.300  1.82912E-04  1.82829E-04  4.55580E-04
   10682.151   1011.124  16.350  1.82642E-04  1.82549E-04  5.07620E-04
   10688.390   1017.363  16.400  1.82368E-04  1.82270E-04  5.37679E-04
   10694.648   1023.621  16.450  1.82090E-04  1.81991E-04  5.45026E-04
   10700.925   1029.898  16.500  1.81808E-04  1.81711E-04  5.29745E-04
   10707.221   1036.194  16.550  1.81522E-04  1.81432E-04  4.92824E-04
   10713.536   1042.509  16.600  1.81232E-04  1.81153E-04  4.36217E-04
   10719.870   1048.843  16.650  1.80939E-04  1.80874E-04  3.62830E-04
   10726.223   1055.196  16.700  1.80644E-04  1.80594E-04  2.76429E-04
   10732.595   1061.568  16.750  1.80348E-04  1.80315E-04  1.81456E-04
   10738.986   1067.960  16.800  1.80051E-04  1.80036E-04  8.27585E-05
   10745.397   1074.370  16.850  1.79754E-04  1.79756E-04 -1.47313E-05
   10751.826   1080.799  16.900  1.79458E-04  1.79477E-04 -1.06332E-04
   10758.275   1087.248  16.950  1.79164E-04  1.79198E-04 -1.87932E-04
   10764.742   1093.715  17.000  1.78872E-04  1.78918E-04 -2.56239E-04
   10771.228   1100.202  17.050  1.78588E-04  1.78644E-04 -3.12272E-04
   10777.734   1106.707  17.100  1.78306E-04  1.78369E-04 -3.51396E-04
   10784.259   1113.232  17.150  1.78027E-04  1.78094E-04 -3.72970E-04
   10790.802   1119.775  17.200  1.77752E-04  1.77819E-04 -3.77294E-04
   10797.365   1126.338  17.250  1.77479E-04  1.77544E-04 -3.65462E-04
   10803.947   1132.920  17.300  1.77209E-04  1.77269E-04 -3.39179E-04
   10810.547   1139.521  17.350  1.76941E-04  1.76994E-04 -3.00576E-04
   10817.167   1146.140  17.400  1.76674E-04  1.76719E-04 -2.52040E-04
   10823.806   1152.779  17.450  1.76409E-04  1.76444E-04 -1.96085E-04
   10830.464   1159.437  17.500  1.76145E-04  1.76169E-04 -1.35253E-04
   10837.141   1166.114  17.550  1.75882E-04  1.75894E-04 -7.20556E-05
   10843.837   1172.810  17.600  1.75618E-04  1.75619E-04 -8.93825E-06
   10850.552   1179.525  17.650  1.75353E-04  1.75344E-04  5.17480E-05
   10857.286   1186.260  17.700  1.75088E-04  1.75069E-04  1.07777E-04
   10864.040   1193.013  17.750  1.74822E-04  1.74795E-04  1.57094E-04
   10870.812   1199.785  17.800  1.74554E-04  1.74520E-04  1.97882E-04
   10877.603   1206.576  17.850  1.74285E-04  1.74245E-04  2.28645E-04
   10884.414   1213.387  17.900  1.74013E-04  1.73970E-04  2.48300E-04
   10891.243   1220.216  17.950  1.73739E-04  1.73695E-04  2.56268E-04
   10898.091   1227.065  18.000  1.73464E-04  1.73420E-04  2.52534E-04
   10904.959   1233.932  18.050  1.73153E-04  1.73111E-04  2.41068E-04
   10911.845   1240.819  18.100  1.72840E-04  1.72802E-04  2.19305E-04
   10918.751   1247.724  18.150  1.72526E-04  1.72493E-04  1.88484E-04
   10925.676   1254.649  18.200  1.72210E-04  1.72184E-04  1.50314E-04
   10932.619   1261.592  18.250  1.71894E-04  1.71876E-04  1.06865E-04
   10939.582   1268.555  18.300  1.71577E-04  1.71567E-04  6.04202E-05
   10946.564   1275.537  18.350  1.71260E-04  1.71258E-04  1.33195E-05
   10953.565   1282.538  18.400  1.70944E-04  1.70949E-04 -3.21910E-05
   10960.585   1289.558  18.450  1.70628E-04  1.70640E-04 -7.40893E-05
   10967.624   1296.597  18.500  1.70312E-04  1.70331E-04 -1.10676E-04
   10974.682   1303.655  18.550  1.69999E-04  1.70023E-04 -1.40633E-04
   10981.759   1310.732  18.600  1.69686E-04  1.69714E-04 -1.63051E-04
   10988.855   1317.828  18.650  1.69375E-04  1.69405E-04 -1.77415E-04
   10995.970   1324.943  18.700  1.69065E-04  1.69096E-04 -1.83583E-04
   11003.104   1332.077  18.750  1.68756E-04  1.68787E-04 -1.81739E-04
   11010.257   1339.230  18.800  1.68449E-04  1.68478E-04 -1.72360E-04
   11017.430   1346.403  18.850  1.68143E-04  1.68169E-04 -1.56172E-04
   11024.621   1353.594  18.900  1.67838E-04  1.67861E-04 -1.34124E-04
   11031.831   1360.804  18.950  1.67534E-04  1.67552E-04 -1.07363E-04
   11039.061   1368.034  19.000  1.67230E-04  1.67243E-04 -7.72077E-05
   11046.309   1375.282  19.050  1.66960E-04  1.66968E-04 -4.58704E-05
   11053.577   1382.550  19.100  1.66691E-04  1.66693E-04 -1.34362E-05
   11060.863   1389.837  19.150  1.66422E-04  1.66418E-04  1.85891E-05
   11068.169   1397.142  19.200  1.66152E-04  1.66144E-04  4.86972E-05
   11075.494   1404.467  19.250  1.65881E-04  1.65869E-04  7.54641E-05
   11082.838   1411.811  19.300  1.65610E-04  1.65594E-04  9.76416E-05
   11090.200   1419.173  19.350  1.65338E-04  1.65319E-04  1.14246E-04
   11097.582   1426.555  19.400  1.65065E-04  1.65044E-04  1.24628E-04
   11104.983   1433.956  19.450  1.64791E-04  1.64769E-04  1.28525E-04
   11112.403   1441.376  19.500  1.64515E-04  1.64495E-04  1.26070E-04
   11119.842   1448.815  19.550  1.64239E-04  1.64220E-04  1.17775E-04
   11127.300   1456.273  19.600  1.63962E-04  1.63945E-04  1.04478E-04
   11134.777   1463.750  19.650  1.63685E-04  1.63670E-04  8.72627E-05
   11142.273   1471.246  19.700  1.63406E-04  1.63395E-04  6.73612E-05
   11149.788   1478.762  19.750  1.63128E-04  1.63121E-04  4.60544E-05
   11157.323   1486.296  19.800  1.62850E-04  1.62846E-04  2.45755E-05
   11164.876   1493.849  19.850  1.62572E-04  1.62571E-04  4.02933E-06
   11172.448   1501.421  19.900  1.62294E-04  1.62296E-04 -1.46657E-05
   11180.040   1509.013  19.950  1.62016E-04  1.62021E-04 -3.08125E-05
   11187.650   1516.623  20.000  1.61739E-04  1.61746E-04 -4.39460E-05
