# # Once                                                         FEFF 10.0.0 
# # POT  SCF 100  9.0000   0, NO core-hole, FOLP (folp(0)= 1.150)
# # Abs   Z=30 Rmt= 1.378 Rnm= 1.522 K  shell
# #   RGRID 0.0100
# # Pot 1 Z= 6 Rmt= 0.895 Rnm= 1.120
# # Pot 2 Z= 6 Rmt= 0.925 Rnm= 1.164
# # Pot 3 Z= 1 Rmt= 0.550 Rnm= 0.954
# # Pot 4 Z=16 Rmt= 1.260 Rnm= 1.481
# # Gam_ch=1.897E+00 H-L exch Vi=-5.000E-01 Vr= 0.000E+00
# # Mu=-7.320E+00eV kf=1.977E+00 Vint=-1.299E+01eV Rs_int= 1.834
# # PATH  Rmax= 9.000,  Keep_limit= 0.00, Heap_limit 0.00  Pwcrit= 2.50%
#  S02=1.000  Temp=  10.00  Debye_temp= 315.00  Global_sig2= 0.00000
#  Energy zero shift, vr, vi    0.00000E+00   0.00000E+00
#  Curved wave amplitude ratio filter   4.000%
#     file         sig2 tot  cw amp ratio   deg  nlegs   reff  inp sig2
#           1       0.00294    100.00      1.00     2   2.3514
#           2       0.00304     98.90      1.00     2   2.3621
#           3       0.00311     98.56      1.00     2   2.3655
#           4       0.00309     97.58      1.00     2   2.3752
#           5       0.02912     13.68      1.00     2   3.1071
#           6       0.02417     13.46      1.00     2   3.1279
#           7       0.02244     13.36      1.00     2   3.1370
#           8       0.00569     46.69      1.00     2   3.1689
#           9       0.02828     12.65      1.00     2   3.2083
#          10       0.02524     12.28      1.00     2   3.2473
#          11       0.00614     43.29      1.00     2   3.2663
#          12       0.00581     41.52      1.00     2   3.3211
#          13       0.00601     40.54      1.00     2   3.3531
#          14       0.03414     10.87      1.00     2   3.4126
#          15       0.03279     10.25      1.00     2   3.4962
#          16       0.00398     50.72      2.00     3   3.6771
#          17       0.01177     14.53      2.00     3   3.6953
#          18       0.00423     49.40      2.00     3   3.7287
#          19       0.01407     16.19      2.00     3   3.7332
#          20       0.00410     49.39      2.00     3   3.7496
#          21       0.01236     12.51      2.00     3   3.7547
#          22       0.02404      8.48      1.00     2   3.7744
#          23       0.00423     47.91      2.00     3   3.7792
#          24       0.01135     16.60      2.00     3   3.7907
#          25       0.01362     14.20      2.00     3   3.8111
#          26       0.00986     27.95      1.00     2   3.8853
#          27       0.01671      9.22      2.00     3   3.9356
#          28       0.00984     26.89      1.00     2   3.9445
#          29       0.01456      9.14      2.00     3   3.9487
#          30       0.01484      8.99      2.00     3   3.9621
#          31       0.01651      9.02      2.00     3   3.9831
#          32       0.01485      8.86      2.00     3   4.0079
#          33       0.01883      5.09      2.00     3   4.0656
#          34       0.01332     13.11      2.00     3   4.1103
#          35       0.00440     17.27      1.00     4   4.1781
#          36       0.00449     20.86      1.00     4   4.1852
#          37       0.00454     18.66      1.00     4   4.1911
#          38       0.01806     16.83      2.00     3   4.1952
#          40       0.02577     10.71      1.00     4   4.2001
#          42       0.00456     16.19      1.00     4   4.2053
#          43       0.01335      6.45      1.00     2   4.2110
#          44       0.00886      4.26      2.00     4   4.2168
#          45       0.01788     10.33      1.00     4   4.2217
#          46       0.01905     10.60      1.00     4   4.2284
#          48       0.00412     11.64      2.00     3   4.2522
#          49       0.01301      6.28      1.00     2   4.2542
#          50       0.01019      4.58      2.00     4   4.2628
#          51       0.01763     15.50      2.00     3   4.2657
#          52       0.00439     11.27      2.00     3   4.2691
#          53       0.01674      6.59      2.00     4   4.2810
#          54       0.01471      7.98      2.00     3   4.2819
#          55       0.00437     11.83      2.00     3   4.2840
#          56       0.01140     27.33      2.00     3   4.2853
#          57       0.02473      9.86      1.00     4   4.3011
#          58       0.00430     12.02      2.00     3   4.3091
#          59       0.00444     12.79      2.00     3   4.3134
#          60       0.00427     12.86      2.00     3   4.3299
#          61       0.00627     22.92      2.00     3   4.3339
#          62       0.01908      4.48      2.00     3   4.3335
#          63       0.01101     26.08      2.00     3   4.3343
#          64       0.01837      9.31      1.00     4   4.3404
#          65       0.01119     32.09      1.00     4   4.3596
#          66       0.00593     21.95      2.00     3   4.3913
#          67       0.01089     30.00      1.00     4   4.4144
#          68       0.01053      5.55      1.00     4   4.4462
#          69       0.03180      5.59      1.00     2   4.4546
#          70       0.02823      5.56      1.00     2   4.4652
#          71       0.01197     10.99      2.00     3   4.4853
#          72       0.01196     12.04      2.00     3   4.4962
#          73       0.03406      8.99      1.00     4   4.5050
#          74       0.00587     18.28      2.00     3   4.5293
#          75       0.01094      9.22      2.00     4   4.5364
#          76       0.01811      4.22      2.00     3   4.5393
#          77       0.01808      5.78      2.00     4   4.5479
#          78       0.00567     18.41      2.00     3   4.5557
#          79       0.00957     25.72      2.00     4   4.5596
#          80       0.01310      7.01      2.00     3   4.5717
#          81       0.00942     27.40      2.00     4   4.5763
#          82       0.03091      8.49      1.00     4   4.5868
#          85       0.01719      9.90      2.00     4   4.6136
#          86       0.00543     17.87      1.00     2   4.6164
#          87       0.00958      6.04      2.00     4   4.6178
#          88       0.01178      9.06      2.00     4   4.6438
#          89       0.00558     67.67      2.00     3   4.6492
#          90       0.01253      6.45      2.00     3   4.6514
#          91       0.00656     17.36      1.00     2   4.6676
#          93       0.00617     75.38      1.00     4   4.6820
#          94       0.01684      9.21      2.00     4   4.6906
#          95       0.00587     12.15      1.00     4   4.7028
#          96       0.01133      8.53      2.00     4   4.7125
#          98       0.00474      5.73      2.00     4   4.7169
#          99       0.00777      6.12      2.00     3   4.7208
#         100       0.01706     12.44      2.00     3   4.7219
#         101       0.00608     11.88      1.00     4   4.7242
#         102       0.00484      4.26      2.00     4   4.7266
#         103       0.00468      5.95      2.00     4   4.7276
#         104       0.00622     11.80      1.00     4   4.7310
#         105       0.00465      4.72      2.00     4   4.7373
#         106       0.01400      6.35      1.00     4   4.7383
#         107       0.02122      4.78      1.00     2   4.7392
#         109       0.01830     10.90      2.00     3   4.7460
#         110       0.02783      4.76      1.00     2   4.7467
#         111       0.00969     19.33      2.00     4   4.7477
#         112       0.00619     11.56      1.00     4   4.7505
#         113       0.02022      5.34      2.00     4   4.7522
#         114       0.01412      5.08      1.00     4   4.7596
#         115       0.00953     20.03      2.00     4   4.7628
#         116       0.00579     46.91      2.00     3   4.7696
#         119       0.00654      4.10      1.00     4   4.7825
#         121       0.01442     12.28      2.00     5   4.7891
#         122       0.00519      9.22      2.00     4   4.7963
#         123       0.01277      7.57      2.00     4   4.8009
#         125       0.00511      8.98      2.00     4   4.8198
#         127       0.00933     49.88      2.00     5   4.8220
#         128       0.01965      5.03      2.00     4   4.8243
#         129       0.00727      5.47      2.00     3   4.8257
#         130       0.01975     14.34      2.00     5   4.8265
#         132       0.01862      4.52      1.00     2   4.8432
#         133       0.00919     50.49      2.00     5   4.8429
#         134       0.01556     11.09      2.00     5   4.8478
#         137       0.01556     17.31      2.00     3   4.8601
#         138       0.01766      6.20      1.00     4   4.8675
#         139       0.00648     47.50      1.00     4   4.8716
#         140       0.00947      8.14      2.00     5   4.8723
#         141       0.00476     26.53      2.00     3   4.8776
#         142       0.01231      7.26      2.00     4   4.8813
#         143       0.01560      6.17      2.00     5   4.8839
#         144       0.01945     13.24      2.00     5   4.9044
#         145       0.02417      5.51      2.00     3   4.9089
#         146       0.00447     55.53      2.00     4   4.9104
#         147       0.00516     27.02      2.00     3   4.9158
#         148       0.02323      5.34      2.00     3   4.9302
#         149       0.01444     17.62      2.00     3   4.9416
#         150       0.01570      5.68      2.00     3   4.9467
#         151       0.00884      8.32      2.00     3   4.9465
#         152       0.02154      4.27      1.00     2   4.9513
#         154       0.01621      5.27      2.00     3   4.9700
#         155       0.00511      9.56      2.00     4   4.9779
#         156       0.00925      8.35      2.00     3   4.9785
#         157       0.01362      7.74      1.00     4   4.9787
#         158       0.00937     20.63      2.00     4   4.9793
#         159       0.01326     17.43      1.00     4   4.9810
#         160       0.00642      8.92      1.00     4   4.9920
#         161       0.00497      9.21      2.00     4   5.0025
#         162       0.00950     23.30      2.00     5   5.0048
#         163       0.00881      7.41      2.00     3   5.0076
#         164       0.00751      4.96      2.00     3   5.0099
#         166       0.00476     42.79      2.00     4   5.0178
#         167       0.01611      6.93      2.00     4   5.0203
#         168       0.00965     20.25      2.00     5   5.0220
#         170       0.01576      4.89      2.00     5   5.0265
#         171       0.02002      4.10      1.00     2   5.0282
#         172       0.02467      4.73      2.00     4   5.0318
#         173       0.01507      5.95      1.00     4   5.0375
#         174       0.00991     19.86      2.00     4   5.0404
#         175       0.01277     19.03      1.00     4   5.0400
#         180       0.02256      6.79      2.00     3   5.0636
#         181       0.01563      5.04      2.00     5   5.0663
#         182       0.02549      4.64      2.00     4   5.0672
#         183       0.02271      4.39      2.00     4   5.0780
#         184       0.00970     16.45      2.00     4   5.0805
#         185       0.02150      6.74      2.00     4   5.0837
#         186       0.01463      6.88      2.00     3   5.0850
#         187       0.00703      8.79      1.00     4   5.0918
#         188       0.01562      6.63      2.00     4   5.0982
#         189       0.01114      8.93      2.00     5   5.1062
#         191       0.00751      4.76      2.00     3   5.1256
#         192       0.01762      6.24      2.00     3   5.1316
#         193       0.00536     12.12      1.00     4   5.1387
#         194       0.01648      9.02      2.00     3   5.1406
#         195       0.01094      9.13      2.00     5   5.1410
#         196       0.00660      8.87      1.00     4   5.1478
#         197       0.02121      9.14      2.00     3   5.1504
#         199       0.02094      6.86      2.00     4   5.1530
#         200       0.00466     40.99      2.00     4   5.1573
#         201       0.01377      6.96      2.00     3   5.1631
#         202       0.00547     13.11      1.00     4   5.1640
#         203       0.00565      4.32      1.00     4   5.1668
#         204       0.02530      4.57      2.00     4   5.1699
#         205       0.01318      9.41      2.00     4   5.1705
#         206       0.00583      4.55      1.00     4   5.1732
#         207       0.01248     11.80      2.00     4   5.1755
#         208       0.01613      9.51      2.00     3   5.1790
#         210       0.00642      8.62      1.00     4   5.1831
#         211       0.02110     10.20      2.00     3   5.1857
#         212       0.01232      7.21      2.00     4   5.1870
#         213       0.00485     99.53      2.00     5   5.1901
#         214       0.01359      8.37      2.00     4   5.1929
#         215       0.00496     35.29      2.00     4   5.1957
#         216       0.01179      6.39      2.00     4   5.1976
#         217       0.01222      6.49      2.00     4   5.2004
#         219       0.01162      7.24      2.00     4   5.2034
#         220       0.01853     11.92      2.00     5   5.2034
#         221       0.01164     14.12      2.00     4   5.2059
#         222       0.01231     10.70      2.00     4   5.2073
#         223       0.01298     30.54      2.00     5   5.2083
#         224       0.01261     11.38      2.00     4   5.2349
#         225       0.00574      9.56      2.00     5   5.2449
#         226       0.01325      8.99      2.00     5   5.2494
#         227       0.01430      4.33      2.00     3   5.2537
#         228       0.01150      6.03      2.00     4   5.2544
#         229       0.01129      5.83      2.00     4   5.2615
#         230       0.01129     15.27      2.00     4   5.2615
#         231       0.02361      4.31      2.00     4   5.2627
#         233       0.01956      5.44      2.00     4   5.2636
#         234       0.00563     10.32      2.00     5   5.2666
#         235       0.01331     30.30      2.00     5   5.2677
#         236       0.02197     12.10      2.00     3   5.2699
#         237       0.00928      4.70      1.00     6   5.2709
#         238       0.00966     23.56      1.00     6   5.2714
#         241       0.00941      4.55      1.00     6   5.2841
#         242       0.00982     21.95      1.00     6   5.2844
#         243       0.01693      4.59      2.00     4   5.2869
#         244       0.00654      6.64      2.00     3   5.2880
#         245       0.06509     13.02      2.00     5   5.2876
#         246       0.02129      7.09      2.00     5   5.2885
#         248       0.01869     10.14      2.00     6   5.2890
#         249       0.02127     10.54      2.00     5   5.2908
#         250       0.00872      4.55      2.00     3   5.2967
#         251       0.00930      6.84      1.00     6   5.2967
#         254       0.00521     76.75      2.00     5   5.2977
#         255       0.02301      5.58      2.00     4   5.2987
#         257       0.01302     12.62      2.00     4   5.3087
#         259       0.01246     24.00      2.00     5   5.3093
#         261       0.01547      5.50      2.00     6   5.3100
#         263       0.01533     11.57      2.00     3   5.3223
#         264       0.01999      5.15      2.00     4   5.3228
#         265       0.01295      8.98      2.00     5   5.3281
#         266       0.01466     10.12      1.00     4   5.3302
#         267       0.01490      6.43      1.00     4   5.3299
#         268       0.01488      5.66      1.00     4   5.3299
#         269       0.01158      5.97      2.00     3   5.3304
#         271       0.01871     10.14      2.00     6   5.3329
#         272       0.01594     12.14      2.00     4   5.3366
#         273       0.01587     10.24      2.00     4   5.3397
#         274       0.02413      7.33      1.00     4   5.3433
#         275       0.02749      4.74      2.00     3   5.3453
#         276       0.01587      8.36      2.00     3   5.3497
#         277       0.02394      5.78      1.00     4   5.3495
#         278       0.01126     11.13      2.00     4   5.3530
#         279       0.01176     11.65      2.00     4   5.3557
#         280       0.05785     12.07      2.00     5   5.3563
#         281       0.01539      4.44      2.00     6   5.3560
#         283       0.02429     10.55      1.00     4   5.3590
#         284       0.02257      6.10      2.00     5   5.3586
#         285       0.02015     10.56      2.00     5   5.3611
#         286       0.01129     13.76      2.00     4   5.3632
#         287       0.02024      5.50      2.00     4   5.3661
#         288       0.00624     13.42      2.00     3   5.3685
#         289       0.01114      6.75      2.00     3   5.3689
#         290       0.01629      4.60      2.00     4   5.3729
#         291       0.02052      6.82      2.00     6   5.3742
#         292       0.01625      6.81      2.00     5   5.3750
#         293       0.04139      6.81      2.00     6   5.3748
#         294       0.02238     22.98      2.00     5   5.3787
#         296       0.02251      5.38      2.00     4   5.3813
#         297       0.01224     12.73      2.00     4   5.3884
#         298       0.01142     13.97      2.00     4   5.3987
#         299       0.00881     13.22      1.00     4   5.4016
#         300       0.01122     13.77      2.00     4   5.4017
#         301       0.01094     10.72      2.00     4   5.4045
#         302       0.01876      4.04      2.00     4   5.4083
#         304       0.02333      5.40      2.00     3   5.4126
#         307       0.00482     38.88      2.00     5   5.4185
#         309       0.01081      7.71      2.00     5   5.4263
#         310       0.01181     30.99      2.00     5   5.4273
#         311       0.01163     13.32      2.00     5   5.4273
#         313       0.00660      9.11      2.00     3   5.4279
#         314       0.02171     21.99      2.00     5   5.4276
#         315       0.01080     28.66      2.00     5   5.4295
#         317       0.00485      5.26      2.00     5   5.4310
#         318       0.02281      5.47      2.00     3   5.4325
#         320       0.01055      7.48      2.00     5   5.4367
#         321       0.01627     13.31      2.00     4   5.4389
#         323       0.00499      5.60      2.00     5   5.4403
#         324       0.00492     38.27      2.00     5   5.4439
#         325       0.01199      4.36      2.00     5   5.4448
#         326       0.01614      5.07      2.00     4   5.4485
#         327       0.02003      9.07      2.00     6   5.4527
#         329       0.02297     31.38      1.00     6   5.4530
#         330       0.00989      6.92      2.00     5   5.4555
#         331       0.00652     11.54      2.00     3   5.4572
#         333       0.02372      4.43      2.00     3   5.4633
#         334       0.01177      7.70      2.00     3   5.4708
#         335       0.01521      9.84      2.00     3   5.4730
#         337       0.02492      6.64      2.00     4   5.4792
#         339       0.03011      5.10      2.00     4   5.4823
#         340       0.01045      7.01      2.00     5   5.4820
#         342       0.01300      5.25      2.00     5   5.4827
#         343       0.01175     10.31      2.00     5   5.4843
#         344       0.01127     29.20      2.00     5   5.4846
#         346       0.02236      4.54      2.00     5   5.4872
#         347       0.01064     30.90      2.00     5   5.4868
#         348       0.02317      6.85      2.00     4   5.4884
#         349       0.01195      4.29      2.00     5   5.4925
#         351       0.01113      7.78      2.00     5   5.4961
#         352       0.00752     17.70      2.00     5   5.5002
#         355       0.01172      8.40      2.00     4   5.5040
#         356       0.01951      4.79      2.00     5   5.5057
#         357       0.00786     11.06      2.00     5   5.5066
#         358       0.01667     10.96      2.00     5   5.5074
#         359       0.01969      7.86      2.00     6   5.5071
#         360       0.02233     29.40      1.00     6   5.5077
#         361       0.01085     10.04      2.00     3   5.5129
#         362       0.02292      9.87      2.00     5   5.5132
#         366       0.01490      7.90      1.00     4   5.5179
#         367       0.01060      8.12      2.00     5   5.5184
#         368       0.01874      4.76      2.00     5   5.5182
#         369       0.00648     11.09      2.00     3   5.5185
#         370       0.01527      5.38      1.00     4   5.5187
#         371       0.01076      6.89      2.00     4   5.5197
#         372       0.01075      8.68      2.00     4   5.5198
#         373       0.00660     13.59      2.00     4   5.5203
#         374       0.01061     17.91      2.00     4   5.5208
#         375       0.01160      9.22      2.00     4   5.5265
#         376       0.01240      9.14      2.00     4   5.5268
#         377       0.01283      5.24      2.00     5   5.5267
#         378       0.01161      7.03      2.00     4   5.5295
#         379       0.00876      7.57      2.00     4   5.5310
#         381       0.02110      5.17      1.00     6   5.5393
#         383       0.01144     15.37      2.00     4   5.5457
#         384       0.01184     11.17      2.00     5   5.5467
#         385       0.01305      5.84      2.00     4   5.5474
#         386       0.01182     10.60      2.00     5   5.5478
#         387       0.01113      8.59      2.00     4   5.5527
#         388       0.01105     20.13      2.00     5   5.5525
#         389       0.01108     21.46      2.00     5   5.5526
#         390       0.01108     29.44      2.00     5   5.5536
#         391       0.00790     18.02      2.00     5   5.5542
#         392       0.01226      8.34      2.00     5   5.5587
#         393       0.01119     17.74      2.00     5   5.5593
#         394       0.01189     13.09      2.00     4   5.5599
#         395       0.01042      5.87      2.00     4   5.5616
#         396       0.01113     16.37      2.00     5   5.5623
#         397       0.00516     13.62      2.00     4   5.5672
#         399       0.01234      5.78      2.00     4   5.5719
#         400       0.01152     11.57      2.00     4   5.5728
#         402       0.01639     10.41      2.00     5   5.5756
#         403       0.00786     18.85      2.00     5   5.5763
#         404       0.01116      7.53      2.00     5   5.5778
#         406       0.01801      9.18      2.00     5   5.5787
#         407       0.02194      9.36      2.00     5   5.5819
#         410       0.01024      6.42      2.00     4   5.5858
#         411       0.02159      4.19      2.00     5   5.5881
#         412       0.01764      9.97      2.00     5   5.5895
#         413       0.01132      6.22      2.00     4   5.5916
#         414       0.01242      6.00      2.00     4   5.5916
#         415       0.01168     10.53      2.00     3   5.5953
#         416       0.02606      4.76      2.00     4   5.5987
#         417       0.02050      4.58      2.00     4   5.6094
#         418       0.00802     18.34      2.00     5   5.6092
#         420       0.01195      5.66      2.00     4   5.6211
#         421       0.00964      8.55      2.00     5   5.6208
#         423       0.01073     17.76      2.00     5   5.6249
#         424       0.02055      4.33      2.00     5   5.6262
#         425       0.01084     11.39      2.00     5   5.6273
#         427       0.01356     22.88      2.00     5   5.6288
#         428       0.01663      8.89      2.00     6   5.6295
#         429       0.01119      7.19      2.00     4   5.6301
#         430       0.00969      7.21      2.00     4   5.6318
#         431       0.00538     13.12      2.00     4   5.6323
#         433       0.02167      4.82      2.00     4   5.6336
#         434       0.01196      4.97      2.00     5   5.6356
#         435       0.01203      8.14      2.00     5   5.6378
#         436       0.01880      7.77      2.00     5   5.6374
#         438       0.01097      9.50      2.00     4   5.6398
#         439       0.05147      5.99      2.00     6   5.6394
#         440       0.01087     16.99      2.00     4   5.6403
#         441       0.00713     10.97      2.00     4   5.6415
#         442       0.02374      5.94      2.00     6   5.6411
#         443       0.01411     15.89      2.00     5   5.6462
#         444       0.01080     12.11      2.00     5   5.6466
#         445       0.01168      4.36      2.00     5   5.6472
#         446       0.01053     19.65      2.00     5   5.6511
#         447       0.01143      6.25      2.00     5   5.6520
#         448       0.01859     24.79      2.00     6   5.6530
#         449       0.01094     12.07      2.00     5   5.6545
#         451       0.01153     17.51      2.00     5   5.6619
#         452       0.01642      7.10      2.00     5   5.6629
#         453       0.01882      6.18      2.00     5   5.6650
#         455       0.01059      5.57      2.00     5   5.6658
#         457       0.01036     11.47      2.00     5   5.6683
#         458       0.01826     26.17      2.00     6   5.6696
#         459       0.01800      5.93      2.00     5   5.6703
#         460       0.00924      7.16      2.00     4   5.6725
#         461       0.01135     11.45      2.00     5   5.6726
#         463       0.01500      5.98      2.00     6   5.6792
#         464       0.00550      8.15      2.00     4   5.6822
#         465       0.01872      7.50      2.00     5   5.6828
#         466       0.02043      4.21      2.00     4   5.6858
#         468       0.00557     12.93      2.00     4   5.6879
#         469       0.01027     12.72      2.00     5   5.6900
#         470       0.01047      4.79      2.00     5   5.6900
#         472       0.00574      8.05      1.00     6   5.6951
#         473       0.00711      7.47      2.00     4   5.6963
#         475       0.01177     13.37      2.00     4   5.6973
#         476       0.00636     38.64      1.00     6   5.6982
#         477       0.01286      4.15      2.00     4   5.6991
#         478       0.01427      5.39      2.00     5   5.6989
#         480       0.01382     15.20      2.00     5   5.7012
#         482       0.01582      4.71      2.00     5   5.7036
#         483       0.00700     10.47      2.00     4   5.7045
#         485       0.07129      9.32      2.00     6   5.7067
#         486       0.02075      9.49      2.00     6   5.7070
#         488       0.00594      7.45      1.00     6   5.7073
#         489       0.01088     12.96      2.00     5   5.7083
#         490       0.01111      5.07      2.00     5   5.7083
#         493       0.00970      7.83      1.00     4   5.7114
#         494       0.01912      5.91      2.00     6   5.7109
#         495       0.01415     12.51      2.00     5   5.7115
#         496       0.01235     12.72      2.00     6   5.7119
#         500       0.01684     22.69      2.00     6   5.7165
#         501       0.01160      8.56      2.00     4   5.7189
#         502       0.03416      4.50      2.00     3   5.7220
#         505       0.01166      6.89      2.00     4   5.7225
#         506       0.00653     34.65      1.00     6   5.7238
#         508       0.01608      6.89      2.00     5   5.7257
#         510       0.00944      6.86      2.00     4   5.7283
#         511       0.01194     13.33      2.00     5   5.7346
#         513       0.01444     21.68      2.00     6   5.7354
#         514       0.01427      8.82      2.00     6   5.7362
#         515       0.01719     22.00      2.00     6   5.7372
#         516       0.01841      6.16      2.00     6   5.7371
#         518       0.01764      8.58      2.00     6   5.7394
#         519       0.01076     11.60      2.00     5   5.7406
#         520       0.01148     16.77      2.00     5   5.7418
#         521       0.01256     13.26      2.00     5   5.7423
#         522       0.01181     15.62      2.00     5   5.7425
#         523       0.01133     23.27      2.00     5   5.7423
#         524       0.01548      5.88      2.00     5   5.7423
#         526       0.01542      6.69      2.00     5   5.7430
#         527       0.00947     28.33      2.00     5   5.7442
#         529       0.01829      5.23      2.00     5   5.7443
#         534       0.01758      4.96      2.00     5   5.7514
#         536       0.01243     12.90      2.00     6   5.7566
#         537       0.01489      5.15      2.00     5   5.7576
#         538       0.01406      4.38      1.00     4   5.7608
#         539       0.01046      9.10      1.00     4   5.7626
#         540       0.01605      4.51      2.00     5   5.7678
#         541       0.01148     11.34      2.00     5   5.7711
#         542       0.00963     11.28      2.00     4   5.7741
#         543       0.01213      8.42      2.00     5   5.7750
#         544       0.01595     15.87      2.00     6   5.7751
#         545       0.01243     20.38      1.00     6   5.7751
#         547       0.01603     16.76      2.00     6   5.7758
#         548       0.01175     20.78      1.00     6   5.7753
#         549       0.01337     22.45      2.00     6   5.7758
#         550       0.00959     25.51      1.00     6   5.7770
#         551       0.00984      9.41      2.00     5   5.7810
#         552       0.00986      7.78      2.00     5   5.7809
#         553       0.01398      4.04      2.00     4   5.7816
#         554       0.00965     21.47      2.00     5   5.7820
#         555       0.01131      9.54      2.00     5   5.7818
#         556       0.01269     11.83      2.00     5   5.7827
#         557       0.01202      4.15      2.00     3   5.7833
#         558       0.06926      8.70      2.00     6   5.7833
#         559       0.02075      8.86      2.00     6   5.7839
#         561       0.01224     11.07      2.00     5   5.7877
#         562       0.03445      5.36      2.00     4   5.7879
#         563       0.01214      8.57      2.00     5   5.7907
#         565       0.02350      8.53      2.00     6   5.7941
#         567       0.01743      4.01      2.00     5   5.8008
#         568       0.01122     14.12      2.00     5   5.8016
#         569       0.01399      4.85      2.00     5   5.8028
#         570       0.01396      8.39      2.00     6   5.8032
#         571       0.01886      5.45      2.00     6   5.8055
#         572       0.01640     20.90      2.00     6   5.8058
#         574       0.01210     15.68      2.00     5   5.8081
#         575       0.01801      8.55      2.00     6   5.8079
#         576       0.02491     10.90      2.00     5   5.8153
#         577       0.01093     11.38      2.00     5   5.8169
#         578       0.02146      6.66      2.00     5   5.8175
#         581       0.00940     10.94      2.00     5   5.8248
#         582       0.01199      6.74      2.00     4   5.8282
#         583       0.01413      7.88      2.00     4   5.8305
#         584       0.01664      6.31      1.00     6   5.8316
#         586       0.01363     14.74      2.00     5   5.8383
#         587       0.02704      9.67      2.00     5   5.8390
#         589       0.02195      7.02      2.00     5   5.8415
#         590       0.01842     19.11      2.00     6   5.8411
#         591       0.01010     11.74      2.00     4   5.8434
#         592       0.01602      9.06      2.00     5   5.8447
#         593       0.03275      5.45      2.00     6   5.8456
#         594       0.05623      5.44      2.00     6   5.8453
#         595       0.01068      5.74      2.00     5   5.8462
#         597       0.01592      7.67      2.00     5   5.8479
#         598       0.03322      4.63      2.00     3   5.8501
#         599       0.01477      6.65      2.00     5   5.8499
#         600       0.01027      6.98      2.00     5   5.8499
#         601       0.01127     28.08      2.00     5   5.8502
#         603       0.01099     13.65      2.00     5   5.8513
#         604       0.01703      5.14      1.00     6   5.8530
#         607       0.02185      5.96      2.00     5   5.8562
#         608       0.01811     19.67      2.00     6   5.8561
#         609       0.01317      4.87      2.00     5   5.8566
#         610       0.01888      5.06      2.00     5   5.8587
#         611       0.01212      6.17      2.00     5   5.8627
#         612       0.01084      8.47      2.00     5   5.8628
#         613       0.01236     15.78      2.00     5   5.8628
#         614       0.01052      6.22      2.00     5   5.8632
#         615       0.02251      4.28      2.00     5   5.8629
#         616       0.01613     11.84      2.00     5   5.8650
#         617       0.00985     26.77      2.00     5   5.8646
#         618       0.01888      6.42      2.00     5   5.8661
#         620       0.01318      5.51      2.00     5   5.8708
#         621       0.03337      5.89      2.00     4   5.8714
#         623       0.01065      9.19      2.00     5   5.8713
#         624       0.01012      7.71      2.00     5   5.8727
#         625       0.01599      4.37      2.00     5   5.8746
#         626       0.01071      6.99      1.00     6   5.8749
#         627       0.01924     41.90      2.00     6   5.8759
#         628       0.01202      6.39      1.00     6   5.8759
#         629       0.02162      4.93      2.00     5   5.8765
#         631       0.01134     13.12      1.00     6   5.8781
#         636       0.01009     10.48      2.00     5   5.8879
#         637       0.00994     20.28      2.00     5   5.8884
#         641       0.01010     24.92      2.00     6   5.8920
#         642       0.00956      7.80      2.00     4   5.8924
#         643       0.01380      5.26      2.00     5   5.8933
#         644       0.01844     13.04      2.00     6   5.8942
#         647       0.01765      6.25      2.00     6   5.8965
#         648       0.01400      7.59      2.00     4   5.8991
#         650       0.01002      7.99      2.00     5   5.9063
#         651       0.01107     27.14      2.00     5   5.9084
#         652       0.01052      8.88      2.00     5   5.9099
#         653       0.01532      5.97      2.00     5   5.9110
#         654       0.01374      5.81      2.00     5   5.9116
#         656       0.00959      5.96      2.00     4   5.9131
#         657       0.00995     26.97      2.00     6   5.9153
#         658       0.01778      4.96      2.00     7   5.9151
#         659       0.01884     54.26      2.00     7   5.9154
#         660       0.02212      5.37      2.00     5   5.9157
#         661       0.01970      4.73      2.00     5   5.9170
#         662       0.01858      5.48      2.00     5   5.9174
#         663       0.05344      5.13      2.00     6   5.9170
#         664       0.03204      5.14      2.00     6   5.9175
#         665       0.05500     16.01      2.00     7   5.9196
#         666       0.03343     15.96      2.00     7   5.9199
#         667       0.01815      8.22      2.00     5   5.9210
#         668       0.01358      4.40      2.00     5   5.9208
#         669       0.01511      9.62      2.00     5   5.9228
#         670       0.01856      5.85      2.00     5   5.9251
#         673       0.01719      7.61      2.00     5   5.9281
#         674       0.01035      6.38      1.00     6   5.9288
#         675       0.01212      5.08      1.00     6   5.9311
#         676       0.01864     39.62      2.00     6   5.9314
#         677       0.01119     14.05      1.00     6   5.9336
#         678       0.01902      5.67      2.00     6   5.9348
#         679       0.02628      8.98      2.00     5   5.9361
#         680       0.01759      5.51      2.00     7   5.9356
#         682       0.01856     54.64      2.00     7   5.9362
#         683       0.01684      6.61      2.00     6   5.9372
#         684       0.01979      5.85      2.00     5   5.9403
#         685       0.01386     13.02      2.00     5   5.9440
#         686       0.01385      8.95      2.00     5   5.9448
#         687       0.00946     11.61      2.00     5   5.9459
#         689       0.01719      7.24      2.00     5   5.9490
#         690       0.00906      8.33      2.00     4   5.9496
#         691       0.00986      7.19      2.00     4   5.9506
#         692       0.01495      6.07      2.00     5   5.9506
#         694       0.00920      7.79      2.00     4   5.9539
#         695       0.02584     14.68      2.00     5   5.9557
#         696       0.02160      5.54      2.00     5   5.9563
#         697       0.01751      4.50      2.00     5   5.9578
#         698       0.01561     15.85      2.00     6   5.9631
#         700       0.01680     23.51      2.00     6   5.9648
#         701       0.01190     13.97      1.00     6   5.9647
#         702       0.01242     15.34      1.00     6   5.9648
#         703       0.01892      8.23      2.00     7   5.9654
#         704       0.01799      8.40      2.00     5   5.9663
#         705       0.01009     19.97      1.00     6   5.9666
#         706       0.01671      6.95      2.00     6   5.9677
#         708       0.01145      5.57      2.00     5   5.9707
#         709       0.01056      7.50      2.00     5   5.9709
#         710       0.01927      5.68      2.00     6   5.9723
#         711       0.01073     18.82      2.00     5   5.9726
#         712       0.01799     11.00      2.00     6   5.9743
#         713       0.01484      9.50      2.00     5   5.9746
#         715       0.04372      7.15      2.00     7   5.9753
#         716       0.01757      5.95      2.00     6   5.9768
#         717       0.02644      6.85      2.00     7   5.9770
#         719       0.01821      4.59      2.00     5   5.9848
#         722       0.03223      5.01      2.00     5   5.9889
#         723       0.05291     14.83      2.00     7   5.9971
#         724       0.03275     14.81      2.00     7   5.9977
#         725       0.01084      7.02      2.00     5   5.9989
#         727       0.01096     14.94      2.00     6   6.0035
#         728       0.01020     16.48      2.00     6   6.0037
#         729       0.00854      9.03      1.00     6   6.0048
#         730       0.02781      8.57      2.00     5   6.0056
#         731       0.01103     39.32      2.00     6   6.0054
#         732       0.00858      9.55      1.00     6   6.0083
#         733       0.01109     10.65      2.00     5   6.0090
#         734       0.01019      4.72      2.00     5   6.0102
#         735       0.01743      7.52      2.00     5   6.0104
#         736       0.01063     21.94      2.00     5   6.0108
#         738       0.00875      9.02      1.00     6   6.0166
#         739       0.01394      9.30      2.00     6   6.0212
#         740       0.01444      4.31      2.00     5   6.0218
#         741       0.03284      4.12      2.00     5   6.0234
#         743       0.01660      9.17      2.00     6   6.0265
#         744       0.01071     13.43      2.00     6   6.0283
#         745       0.00975     13.16      2.00     5   6.0289
#         746       0.01072     13.14      2.00     6   6.0291
#         747       0.02113      5.03      2.00     4   6.0313
#         748       0.01007      5.18      2.00     5   6.0326
#         749       0.01025      5.60      2.00     5   6.0343
#         752       0.01082      5.14      2.00     5   6.0344
#         753       0.00886      8.71      1.00     6   6.0353
#         754       0.02522     14.86      2.00     5   6.0370
#         755       0.01814      4.38      2.00     5   6.0398
#         757       0.01784      5.14      2.00     5   6.0400
#         761       0.01471      9.55      2.00     6   6.0469
#         762       0.01006      5.81      2.00     5   6.0496
#         763       0.00979     11.04      2.00     5   6.0526
#         764       0.01027     14.62      2.00     5   6.0539
#         766       0.01386     20.22      2.00     6   6.0549
#         768       0.01050      4.39      2.00     6   6.0560
#         771       0.01003     14.15      2.00     6   6.0607
#         772       0.01003     14.81      2.00     6   6.0607
#         773       0.01001     13.15      2.00     6   6.0607
#         774       0.01016     13.17      2.00     6   6.0607
#         775       0.01010     29.22      2.00     6   6.0617
#         776       0.00982     24.16      2.00     6   6.0617
#         780       0.01024      8.88      2.00     5   6.0658
#         781       0.01003     13.69      2.00     5   6.0664
#         782       0.02719      7.22      2.00     6   6.0665
#         783       0.01398      9.31      2.00     6   6.0663
#         784       0.01130     14.10      2.00     6   6.0674
#         785       0.01124     13.58      2.00     6   6.0705
#         786       0.01070     19.03      2.00     6   6.0713
#         788       0.01734      5.23      2.00     5   6.0717
#         789       0.02750      7.61      1.00     6   6.0720
#         790       0.01780     12.27      2.00     6   6.0726
#         791       0.01359      4.18      2.00     6   6.0725
#         792       0.04520     18.24      2.00     6   6.0731
#         793       0.01314     15.49      2.00     6   6.0735
#         794       0.02071      8.64      2.00     6   6.0733
#         795       0.01876      7.67      2.00     6   6.0742
#         796       0.02811     10.03      2.00     6   6.0743
#         797       0.01267      4.46      2.00     6   6.0743
#         799       0.01071     14.61      2.00     6   6.0759
#         800       0.02710     17.12      1.00     6   6.0766
#         801       0.01760      4.82      2.00     5   6.0774
#         802       0.01851     11.01      2.00     6   6.0789
#         803       0.01873      4.06      2.00     6   6.0789
#         804       0.01785     13.28      2.00     6   6.0789
#         806       0.01811      4.17      2.00     6   6.0799
#         807       0.02375      5.10      2.00     6   6.0799
#         810       0.01947      9.01      2.00     6   6.0860
#         811       0.01808      8.66      2.00     6   6.0859
#         812       0.01752      9.29      2.00     6   6.0857
#         813       0.01137     12.01      2.00     6   6.0880
#         818       0.01108      5.29      2.00     5   6.0936
#         819       0.01062     15.55      2.00     6   6.0934
#         820       0.00867      5.57      2.00     5   6.0942
#         821       0.00638     14.80      2.00     5   6.0947
#         822       0.01061     19.19      2.00     6   6.0958
#         823       0.01270     17.09      2.00     6   6.0979
#         825       0.01748      4.99      2.00     7   6.0976
#         826       0.01748     25.50      2.00     7   6.0981
#         827       0.01130     11.42      2.00     6   6.0987
#         828       0.01186      5.09      2.00     5   6.0992
#         829       0.01669     10.46      2.00     6   6.0996
#         831       0.00841      5.39      2.00     5   6.1010
#         832       0.00826      5.53      2.00     5   6.1010
#         833       0.01324      8.66      2.00     5   6.1033
#         837       0.01060     12.59      2.00     6   6.1086
#         838       0.01184     15.73      2.00     6   6.1086
#         840       0.00622      9.50      2.00     5   6.1107
#         841       0.01910      4.58      2.00     5   6.1109
#         842       0.01119      8.90      2.00     6   6.1109
#         843       0.01077      8.16      2.00     6   6.1109
#         844       0.01058     16.30      2.00     6   6.1110
#         846       0.01128     36.02      2.00     6   6.1128
#         847       0.01706      5.99      2.00     5   6.1129
#         848       0.02192      8.08      2.00     6   6.1131
#         850       0.02286      6.83      2.00     6   6.1136
#         851       0.02219      7.97      2.00     6   6.1136
#         852       0.00633     15.10      2.00     5   6.1140
#         854       0.01012      4.65      2.00     6   6.1144
#         855       0.01780      4.52      2.00     7   6.1151
#         856       0.01778     22.49      2.00     7   6.1154
#         857       0.00994     10.38      2.00     6   6.1169
#         858       0.01023     10.13      2.00     6   6.1169
#         859       0.00856      8.05      2.00     4   6.1184
#         860       0.01795      6.41      2.00     6   6.1189
#         861       0.01941      7.26      2.00     6   6.1189
#         864       0.01058     14.59      2.00     5   6.1234
#         865       0.01062      5.52      2.00     5   6.1256
#         868       0.00584     17.53      1.00     4   6.1294
#         870       0.01051     12.93      2.00     6   6.1297
#         871       0.01171     15.98      2.00     6   6.1297
#         872       0.01634      6.02      2.00     6   6.1299
#         873       0.02144      8.48      2.00     6   6.1307
#         874       0.03035      5.78      1.00     6   6.1305
#         876       0.01917      7.17      2.00     6   6.1325
#         878       0.02769      9.10      2.00     6   6.1330
#         879       0.01912     11.53      2.00     6   6.1336
#         880       0.04573     17.70      2.00     6   6.1336
#         881       0.01382      4.05      2.00     6   6.1338
#         882       0.01092     10.27      2.00     6   6.1345
#         884       0.01341      4.22      2.00     6   6.1354
#         885       0.02615     18.60      1.00     6   6.1354
#         887       0.01084     14.26      2.00     6   6.1364
#         888       0.00983     11.61      2.00     6   6.1368
#         890       0.01016     10.92      2.00     6   6.1368
#         893       0.01883     10.44      2.00     6   6.1383
#         894       0.01908      4.09      2.00     6   6.1383
#         895       0.01810     11.98      2.00     6   6.1383
#         898       0.01851      4.99      2.00     6   6.1393
#         900       0.00739      4.12      1.00     4   6.1424
#         903       0.03354      5.45      2.00     5   6.1453
#         905       0.01838      4.18      2.00     5   6.1460
#         906       0.01998      8.23      2.00     6   6.1460
#         907       0.01801      8.49      2.00     6   6.1481
#         909       0.01537      4.39      2.00     7   6.1504
#         910       0.01158      4.67      2.00     5   6.1529
#         911       0.00776      4.09      1.00     4   6.1531
#         912       0.00877      5.11      2.00     5   6.1544
#         913       0.00870      5.24      2.00     5   6.1544
#         914       0.02114      6.22      2.00     5   6.1567
#         915       0.02275     10.25      2.00     5   6.1570
#         916       0.01973      5.41      2.00     7   6.1591
#         917       0.00888      6.85      2.00     5   6.1595
#         918       0.02415      5.28      2.00     7   6.1596
#         919       0.01069      5.66      2.00     6   6.1603
#         920       0.01565     12.03      2.00     6   6.1601
#         921       0.00983      9.94      2.00     3   6.1610
#         922       0.01846      4.48      2.00     5   6.1610
#         923       0.01206     10.99      2.00     6   6.1607
#         924       0.01065     11.38      2.00     6   6.1607
#         925       0.01592     87.61      2.00     5   6.1622
#         926       0.00836      4.01      1.00     4   6.1630
#         927       0.01553      4.03      2.00     7   6.1646
#         928       0.01021     10.39      2.00     6   6.1667
#         929       0.01026     10.20      2.00     6   6.1667
#         930       0.01010      9.38      2.00     6   6.1679
#         931       0.01021     13.75      2.00     6   6.1679
#         932       0.00999     20.99      2.00     6   6.1684
#         933       0.01030     26.82      2.00     6   6.1684
#         934       0.02904      4.08      2.00     5   6.1713
#         937       0.01793      6.87      2.00     6   6.1723
#         938       0.05093     14.90      2.00     6   6.1719
#         942       0.01719     10.62      2.00     6   6.1737
#         943       0.00968      9.56      2.00     5   6.1743
#         945       0.01382      4.02      2.00     6   6.1755
#         947       0.09487      6.41      2.00     6   6.1761
#         950       0.01765      9.61      2.00     6   6.1794
#         951       0.01770     12.22      2.00     6   6.1794
#         952       0.02408      6.40      2.00     6   6.1794
#         953       0.01749      4.50      2.00     6   6.1799
#         955       0.01856      6.01      2.00     5   6.1807
#         957       0.01943     12.97      2.00     6   6.1852
#         958       0.00616     14.93      1.00     4   6.1862
#         960       0.01786      8.32      2.00     6   6.1880
#         962       0.02181      5.99      2.00     6   6.1911
#         963       0.02163      7.49      2.00     6   6.1912
#         964       0.02184      7.41      2.00     6   6.1915
#         965       0.00907      7.42      2.00     4   6.1925
#         966       0.00769      4.05      1.00     4   6.1928
#         967       0.01606    119.90      1.00     6   6.1950
#         969       0.00979     11.01      2.00     5   6.1987
#         970       0.01773      5.56      2.00     6   6.1982
#         972       0.01894      6.44      2.00     6   6.1982
#         973       0.01497      9.71      2.00     7   6.1986
#         976       0.01716     16.29      2.00     7   6.1996
#         978       0.01750      8.14      2.00     7   6.2018
#         983       0.01457      4.45      2.00     5   6.2153
#         984       0.01445      4.18      2.00     5   6.2155
#         987       0.00836      6.72      2.00     5   6.2181
#         992       0.00984      9.70      2.00     3   6.2236
#         995       0.01671      5.80      2.00     5   6.2246
#         997       0.00933     15.97      2.00     5   6.2253
#         999       0.01685      4.25      2.00     5   6.2263
#        1001       0.01618     11.54      2.00     6   6.2295
#        1002       0.01188      5.09      2.00     5   6.2306
#        1003       0.01403      9.95      2.00     7   6.2317
#        1004       0.00887     18.21      2.00     5   6.2338
#        1006       0.01695      8.05      2.00     5   6.2338
#        1007       0.01064     17.64      1.00     6   6.2338
#        1010       0.01623     16.46      2.00     7   6.2343
#        1011       0.01641      4.59      2.00     5   6.2348
#        1013       0.01782      8.13      2.00     7   6.2364
#        1014       0.02483      7.52      2.00     5   6.2382
#        1017       0.01890     12.49      2.00     6   6.2411
#        1019       0.01585      4.36      2.00     5   6.2430
#        1020       0.02354      7.85      2.00     5   6.2436
#        1021       0.07607      6.51      2.00     6   6.2437
#        1025       0.02360      6.49      2.00     6   6.2485
#        1027       0.01525      4.69      2.00     5   6.2496
#        1029       0.01125      9.81      2.00     6   6.2505
#        1030       0.01064     10.81      2.00     6   6.2506
#        1033       0.01013     26.50      2.00     6   6.2523
#        1035       0.01199      5.43      2.00     5   6.2543
#        1038       0.01025      7.74      2.00     6   6.2577
#        1039       0.01785      6.05      2.00     5   6.2586
#        1040       0.01052     18.64      1.00     6   6.2589
#        1043       0.01050     10.27      2.00     4   6.2606
#        1044       0.00827      4.03      1.00     4   6.2614
#        1045       0.01061      4.52      1.00     6   6.2623
#        1046       0.02710      7.37      2.00     5   6.2631
#        1048       0.01879      5.77      2.00     6   6.2639
#        1049       0.02101      9.35      2.00     6   6.2639
#        1050       0.01604     11.02      2.00     6   6.2640
#        1051       0.02684      6.07      2.00     6   6.2661
#        1053       0.02965      6.51      2.00     6   6.2685
#        1054       0.02084      4.50      2.00     6   6.2687
#        1056       0.02158      9.09      2.00     6   6.2689
#        1057       0.01086      4.01      1.00     6   6.2689
#        1058       0.04277     11.58      2.00     6   6.2693
#        1059       0.01579      4.51      2.00     6   6.2705
#        1060       0.01036      6.69      2.00     6   6.2713
#        1062       0.01691      8.40      2.00     5   6.2724
#        1063       0.00907     20.61      2.00     5   6.2738
#        1065       0.01631      4.50      2.00     5   6.2733
#        1066       0.01649      7.20      2.00     5   6.2736
#        1068       0.01832      6.75      2.00     6   6.2762
#        1069       0.02390      8.56      2.00     5   6.2791
#        1070       0.01563     11.04      2.00     6   6.2798
#        1071       0.02709      7.20      2.00     6   6.2803
#        1073       0.01061      4.37      2.00     6   6.2826
#        1076       0.01677     10.42      2.00     7   6.2832
#        1077       0.01113     26.57      2.00     7   6.2833
#        1078       0.01361      8.02      2.00     7   6.2832
#        1079       0.01058     25.41      2.00     7   6.2834
#        1080       0.01389      6.13      2.00     7   6.2839
#        1082       0.01022     55.47      2.00     7   6.2851
#        1083       0.02086      8.30      2.00     6   6.2858
#        1084       0.01896      5.38      2.00     6   6.2861
#        1086       0.01533     65.36      2.00     5   6.2882
#        1087       0.01508      4.62      2.00     5   6.2879
#        1088       0.02836      6.29      2.00     6   6.2883
#        1089       0.01117      5.96      2.00     6   6.2888
#        1090       0.01379      7.82      2.00     6   6.2888
#        1091       0.01101      9.85      2.00     6   6.2889
#        1092       0.01660      8.35      2.00     6   6.2900
#        1093       0.00983     17.76      2.00     6   6.2901
#        1094       0.01012     29.20      2.00     6   6.2907
#        1095       0.02519      4.37      2.00     6   6.2909
#        1096       0.01020      5.99      2.00     6   6.2917
#        1097       0.02606      6.43      2.00     6   6.2932
#        1098       0.02812      6.53      2.00     6   6.2933
#        1101       0.01780      4.21      2.00     6   6.2958
#        1102       0.01924      7.91      2.00     6   6.2958
#        1104       0.01717      4.04      2.00     6   6.2968
#        1105       0.02007      7.30      2.00     6   6.2967
#        1106       0.02919     13.35      2.00     7   6.2965
#        1108       0.01319     15.37      1.00     6   6.2988
#        1109       0.04940     10.28      2.00     6   6.2987
#        1110       0.01732      6.00      2.00     6   6.2993
#        1111       0.01717      4.09      2.00     6   6.2992
#        1112       0.01644      4.95      2.00     6   6.2990
#        1113       0.02026     10.89      2.00     6   6.3005
#        1114       0.02237      4.95      2.00     6   6.3004
#        1116       0.00963      5.63      2.00     6   6.3012
#        1117       0.01965     14.03      2.00     6   6.3015
#        1118       0.02136     14.56      2.00     7   6.3015
#        1119       0.02151     26.43      2.00     7   6.3017
#        1120       0.01740      7.96      2.00     7   6.3015
#        1121       0.01544      4.72      2.00     6   6.3023
#        1122       0.04487     32.90      2.00     7   6.3021
#        1124       0.01593      8.87      2.00     7   6.3033
#        1127       0.01036      5.12      2.00     6   6.3086
#        1130       0.00974      4.86      2.00     6   6.3123
#        1131       0.00982     17.09      2.00     6   6.3126
#        1132       0.01250      4.05      2.00     4   6.3131
#        1133       0.01738      5.64      2.00     6   6.3147
#        1134       0.01655      5.80      2.00     6   6.3147
#        1135       0.01651      4.55      2.00     6   6.3149
#        1136       0.00991     17.98      2.00     6   6.3145
#        1137       0.01556     14.73      2.00     6   6.3171
#        1138       0.01062     10.03      2.00     4   6.3198
#        1139       0.00947      7.24      2.00     4   6.3197
#        1141       0.01310      4.14      2.00     5   6.3241
#        1143       0.02296      7.28      2.00     6   6.3281
#        1145       0.04109     11.42      2.00     6   6.3280
#        1146       0.02054      4.01      2.00     6   6.3287
#        1148       0.01627      4.37      2.00     6   6.3299
#        1149       0.01614      7.14      2.00     5   6.3317
#        1150       0.02607      7.94      2.00     7   6.3331
#        1152       0.00971     17.06      2.00     6   6.3369
#        1153       0.01119     18.72      2.00     7   6.3373
#        1155       0.01347     34.46      2.00     7   6.3383
#        1157       0.01537     33.34      2.00     7   6.3383
#        1158       0.00791     11.92      2.00     5   6.3387
#        1160       0.01063     22.61      2.00     7   6.3406
#        1161       0.00945      7.00      2.00     5   6.3410
#        1162       0.02848      6.11      2.00     6   6.3413
#        1163       0.01904      4.89      2.00     7   6.3418
#        1164       0.02454     10.15      2.00     7   6.3428
#        1165       0.01891     14.88      2.00     7   6.3428
#        1166       0.02885     18.77      2.00     7   6.3428
#        1167       0.05209      9.70      2.00     7   6.3425
#        1168       0.01626      7.66      2.00     6   6.3451
#        1169       0.01829      6.57      2.00     7   6.3451
#        1173       0.01848      4.77      2.00     5   6.3486
#        1174       0.02360      6.21      2.00     6   6.3499
#        1175       0.01885      7.23      2.00     6   6.3514
#        1177       0.02182      5.88      2.00     6   6.3544
#        1178       0.01311      7.99      2.00     5   6.3549
#        1179       0.01675      5.85      2.00     6   6.3548
#        1181       0.01289     15.03      1.00     6   6.3552
#        1184       0.01631      4.80      2.00     6   6.3569
#        1185       0.01866     15.11      2.00     6   6.3570
#        1186       0.01042     19.12      2.00     7   6.3573
#        1188       0.01341     34.91      2.00     7   6.3599
#        1190       0.01510     32.79      2.00     7   6.3599
#        1191       0.02281     25.02      2.00     7   6.3609
#        1192       0.04403     32.81      2.00     7   6.3609
#        1193       0.01723      7.74      2.00     7   6.3611
#        1194       0.02140     13.30      2.00     7   6.3615
#        1195       0.01049     24.52      2.00     7   6.3621
#        1196       0.02484      9.72      2.00     5   6.3631
#        1197       0.01641      8.69      2.00     7   6.3627
#        1199       0.02010      5.41      2.00     6   6.3660
#        1201       0.01914      7.31      2.00     6   6.3664
#        1203       0.01638      4.57      2.00     6   6.3694
#        1204       0.02086      7.74      2.00     6   6.3696
#        1205       0.01419      5.28      1.00     6   6.3701
#        1206       0.01749      5.11      2.00     6   6.3719
#        1207       0.01640      5.35      2.00     6   6.3719
#        1209       0.01178      5.26      2.00     4   6.3757
#        1212       0.07194      8.03      2.00     7   6.3809
#        1213       0.01206      8.88      2.00     5   6.3813
#        1214       0.03758      7.70      2.00     7   6.3818
#        1215       0.01292      8.19      2.00     5   6.3824
#        1216       0.07714     11.75      2.00     7   6.3832
#        1218       0.03801      4.68      2.00     7   6.3841
#        1219       0.01025      5.04      2.00     6   6.3852
#        1220       0.01550     11.54      2.00     6   6.3852
#        1221       0.03769     11.41      2.00     7   6.3864
#        1222       0.02646      7.39      2.00     7   6.3867
#        1225       0.01436     12.90      2.00     7   6.3892
#        1226       0.02200      4.78      2.00     6   6.3897
#        1227       0.01591     79.22      1.00     6   6.3902
#        1228       0.00714     29.74      2.00     5   6.3906
#        1229       0.01097     24.37      2.00     7   6.3908
#        1230       0.01624     21.85      2.00     7   6.3909
#        1231       0.01398     22.58      2.00     7   6.3909
#        1232       0.01106     17.27      2.00     7   6.3909
#        1233       0.02823      4.66      2.00     6   6.3921
#        1234       0.01033     49.77      2.00     7   6.3927
#        1235       0.01516     13.75      2.00     6   6.3983
#        1236       0.00936      6.91      2.00     5   6.4007
#        1238       0.05099     26.07      2.00     7   6.4007
#        1241       0.01848      5.54      2.00     6   6.4020
#        1242       0.02382      7.82      2.00     7   6.4024
#        1243       0.02262     13.52      2.00     7   6.4024
#        1244       0.02032     22.86      2.00     7   6.4025
#        1245       0.01657      6.80      2.00     7   6.4024
#        1246       0.01019      5.39      2.00     6   6.4031
#        1247       0.01511     11.76      2.00     6   6.4031
#        1250       0.02059     12.68      2.00     6   6.4043
#        1251       0.01569      7.82      2.00     7   6.4043
#        1257       0.02048      7.84      2.00     6   6.4131
#        1261       0.01802      9.71      2.00     5   6.4173
#        1263       0.01896      4.56      2.00     7   6.4188
#        1264       0.04850      9.75      2.00     7   6.4209
#        1265       0.02389      9.50      2.00     7   6.4214
#        1266       0.01842     13.01      2.00     7   6.4211
#        1267       0.02809     17.36      2.00     7   6.4214
#        1268       0.00984     12.87      2.00     5   6.4217
#        1270       0.01853      6.42      1.00     6   6.4232
#        1271       0.01899      5.70      1.00     6   6.4231
#        1272       0.01659      5.53      2.00     6   6.4231
#        1273       0.00722     80.42      2.00     6   6.4234
#        1275       0.02061      5.42      2.00     5   6.4236
#        1276       0.01822      6.29      2.00     7   6.4236
#        1277       0.01654      7.11      2.00     6   6.4242
#        1278       0.01640      6.74      2.00     6   6.4241
#        1279       0.01836      9.63      1.00     6   6.4252
#        1280       0.01664      4.06      2.00     5   6.4254
#        1282       0.02614     11.44      2.00     6   6.4299
#        1283       0.01693      4.80      2.00     6   6.4299
#        1284       0.01900      6.33      2.00     6   6.4298
#        1287       0.01629      6.00      2.00     6   6.4309
#        1288       0.01990      4.64      2.00     6   6.4316
#        1290       0.00717      7.15      2.00     4   6.4329
#        1291       0.01686      4.72      2.00     6   6.4330
#        1292       0.02798      9.87      2.00     6   6.4329
#        1293       0.01625      5.55      2.00     6   6.4339
#        1294       0.00684     28.12      2.00     5   6.4344
#        1295       0.01869      4.00      2.00     5   6.4355
#        1296       0.01585      5.95      2.00     6   6.4354
#        1297       0.01579      5.70      2.00     6   6.4355
#        1298       0.02313      6.87      1.00     6   6.4366
#        1299       0.01582      7.31      2.00     6   6.4380
#        1300       0.01581      7.21      2.00     6   6.4381
#        1301       0.01579      6.87      2.00     6   6.4387
#        1302       0.01578      6.49      2.00     6   6.4389
#        1303       0.01739      5.40      2.00     6   6.4397
#        1304       0.01729      4.73      2.00     6   6.4421
#        1305       0.01823      7.36      2.00     5   6.4429
#        1306       0.02339      5.64      1.00     6   6.4427
#        1309       0.01448      6.61      2.00     6   6.4454
#        1310       0.01725      4.43      2.00     6   6.4453
#        1311       0.01516      4.34      2.00     5   6.4464
#        1313       0.01803      4.19      2.00     6   6.4476
#        1314       0.01546      5.08      2.00     6   6.4479
#        1316       0.01591      6.71      2.00     6   6.4488
#        1317       0.01443      6.08      2.00     6   6.4487
#        1318       0.02297      5.75      2.00     6   6.4489
#        1319       0.01931     11.22      2.00     6   6.4488
#        1320       0.01614      4.38      2.00     6   6.4486
#        1321       0.08416      6.99      2.00     7   6.4493
#        1322       0.01933      6.97      2.00     6   6.4506
#        1323       0.03968      6.64      2.00     7   6.4516
#        1324       0.06435     11.80      2.00     7   6.4518
#        1325       0.02854      4.26      2.00     6   6.4526
#        1326       0.02312      9.20      1.00     6   6.4522
#        1327       0.01171      7.99      2.00     5   6.4537
#        1329       0.00976     10.24      2.00     6   6.4540
#        1331       0.03706      4.80      2.00     7   6.4541
#        1333       0.02287      6.23      2.00     6   6.4565
#        1334       0.02157     13.52      2.00     6   6.4564
#        1335       0.03561     11.45      2.00     7   6.4566
#        1339       0.02004      7.40      2.00     6   6.4582
#        1341       0.00857     11.46      2.00     5   6.4595
#        1346       0.02048      6.05      2.00     5   6.4623
#        1347       0.01740      4.68      2.00     6   6.4629
#        1348       0.01068      8.53      2.00     5   6.4632
#        1351       0.02168      4.55      2.00     6   6.4645
#        1354       0.02483      5.47      2.00     7   6.4717
#        1355       0.01208      9.34      2.00     5   6.4723
#        1356       0.03419     25.26      2.00     7   6.4721
#        1358       0.02783      4.26      2.00     6   6.4746
#        1362       0.00984     11.96      2.00     6   6.4787
#        1365       0.01756      5.44      2.00     6   6.4817
#        1366       0.02053     12.83      2.00     6   6.4838
#        1369       0.00733      7.15      2.00     4   6.4883
#        1371       0.01942      4.82      2.00     6   6.4915
#        1373       0.01995      7.97      2.00     6   6.4918
#        1374       0.03860     12.87      2.00     6   6.4918
#        1376       0.00864     31.64      2.00     6   6.4923
#        1378       0.00804     15.72      2.00     6   6.4942
#        1379       0.02333     11.34      2.00     6   6.4949
#        1380       0.02258      6.00      2.00     6   6.4949
#        1381       0.02061     13.66      2.00     6   6.4951
#        1382       0.00860     10.61      2.00     5   6.4971
#        1384       0.02531     17.54      2.00     6   6.4972
#        1385       0.02075      7.27      2.00     6   6.4967
#        1387       0.00686      6.10      2.00     4   6.4982
#        1388       0.01904      7.28      2.00     6   6.4978
#        1389       0.01799      6.83      2.00     6   6.4978
#        1394       0.01600      4.61      2.00     6   6.5000
#        1396       0.01321     26.30      2.00     6   6.5051
#        1397       0.02022      5.36      2.00     6   6.5058
#        1398       0.01080      5.46      2.00     5   6.5090
#        1399       0.02078      5.14      1.00     6   6.5098
#        1400       0.01161     12.60      2.00     7   6.5117
#        1402       0.01102     13.32      2.00     7   6.5118
#        1403       0.01304      4.26      2.00     7   6.5123
#        1404       0.01005     38.84      2.00     7   6.5135
#        1407       0.00791     15.63      2.00     6   6.5195
#        1408       0.02376      5.91      2.00     7   6.5197
#        1409       0.01999     17.14      2.00     7   6.5197
#        1410       0.02042      5.24      2.00     7   6.5203
#        1411       0.02472      5.17      2.00     7   6.5203
#        1412       0.00919     10.75      2.00     5   6.5206
#        1413       0.02329     35.60      2.00     7   6.5207
#        1414       0.02092     10.15      2.00     7   6.5206
#        1415       0.03318     24.17      2.00     7   6.5209
#        1416       0.02311     14.59      2.00     7   6.5206
#        1417       0.01181      6.79      2.00     5   6.5212
#        1418       0.01927      9.19      2.00     7   6.5219
#        1419       0.01032      5.79      2.00     7   6.5217
#        1420       0.01066     11.04      2.00     7   6.5219
#        1421       0.02445      9.33      2.00     7   6.5229
#        1422       0.02237      9.73      2.00     7   6.5229
#        1423       0.02273     14.77      2.00     7   6.5229
#        1425       0.02153      5.33      2.00     5   6.5239
#        1429       0.01109     17.49      2.00     7   6.5243
#        1431       0.00682      5.11      2.00     4   6.5249
#        1433       0.02158     31.52      2.00     7   6.5252
#        1435       0.01004     11.19      2.00     7   6.5264
#        1438       0.03563      8.10      2.00     7   6.5305
#        1440       0.02733     12.23      2.00     6   6.5321
#        1441       0.01495      5.01      2.00     7   6.5317
#        1442       0.01660      6.20      2.00     6   6.5326
#        1445       0.01117      5.36      2.00     7   6.5327
#        1448       0.01118     16.26      2.00     7   6.5337
#        1449       0.01321      8.52      2.00     7   6.5353
#        1451       0.00723     66.64      2.00     6   6.5364
#        1452       0.01023     10.34      2.00     7   6.5359
#        1453       0.01599     11.99      2.00     6   6.5365
#        1454       0.01127      9.09      2.00     7   6.5370
#        1455       0.01095      7.25      2.00     7   6.5370
#        1456       0.01160     11.24      2.00     7   6.5371
#        1457       0.01089      4.17      2.00     5   6.5384
#        1458       0.01453     10.29      2.00     7   6.5383
#        1459       0.01001     42.87      2.00     7   6.5389
#        1463       0.02866      5.21      2.00     6   6.5416
#        1465       0.01715      6.18      2.00     7   6.5428
#        1467       0.01646      4.03      2.00     6   6.5432
#        1468       0.01763      4.67      2.00     6   6.5452
#        1469       0.01287      7.00      2.00     6   6.5466
#        1470       0.00881      4.22      2.00     6   6.5473
#        1471       0.01540      7.54      2.00     7   6.5469
#        1472       0.01483      6.68      2.00     6   6.5484
#        1473       0.03267      6.16      2.00     6   6.5481
#        1476       0.01599      4.57      2.00     7   6.5486
#        1477       0.01196      9.93      2.00     5   6.5506
#        1478       0.01569      5.11      2.00     7   6.5504
#        1479       0.00927     30.09      2.00     6   6.5535
#        1480       0.02730      9.73      2.00     6   6.5545
#        1483       0.02242     17.94      2.00     6   6.5570
#        1485       0.01227     13.19      2.00     7   6.5582
#        1486       0.01466      4.24      2.00     6   6.5599
#        1488       0.01134     11.94      2.00     7   6.5625
#        1489       0.02538      6.80      2.00     5   6.5640
#        1490       0.02027      4.81      1.00     6   6.5643
#        1491       0.01700      5.03      2.00     6   6.5650
#        1494       0.01012      8.13      2.00     7   6.5653
#        1495       0.01696      4.05      2.00     5   6.5657
#        1498       0.01764      8.33      2.00     5   6.5679
#        1499       0.01221      8.39      2.00     5   6.5679
#        1500       0.01044     22.95      2.00     7   6.5698
#        1503       0.01242     12.11      2.00     7   6.5710
#        1504       0.01916      7.25      2.00     6   6.5730
#        1505       0.01723      6.05      2.00     6   6.5733
#        1506       0.02426      4.96      2.00     7   6.5750
#        1507       0.02710      5.78      2.00     6   6.5753
#        1508       0.01946     15.68      2.00     7   6.5753
#        1513       0.02332     11.24      2.00     7   6.5773
#        1514       0.01680      5.29      2.00     6   6.5775
#        1515       0.01940      5.09      2.00     7   6.5774
#        1516       0.01987      9.20      2.00     7   6.5775
#        1517       0.01973      8.45      2.00     7   6.5776
#        1518       0.02221     33.55      2.00     7   6.5779
#        1519       0.01023      7.50      2.00     7   6.5793
#        1520       0.02014      7.65      2.00     6   6.5798
#        1521       0.02657      8.40      2.00     7   6.5798
#        1522       0.02180      9.03      2.00     7   6.5798
#        1524       0.02069     15.23      2.00     7   6.5801
#        1525       0.02351      8.04      2.00     7   6.5805
#        1526       0.01342      6.82      2.00     7   6.5808
#        1530       0.02127     33.99      2.00     7   6.5822
#        1531       0.02957      5.87      2.00     6   6.5831
#        1532       0.02346      5.96      2.00     6   6.5834
#        1534       0.01719      6.36      2.00     7   6.5833
#        1535       0.03469      6.04      2.00     6   6.5842
#        1538       0.02569      7.61      2.00     7   6.5858
#        1539       0.01117      7.46      2.00     7   6.5864
#        1540       0.01113      8.73      2.00     7   6.5868
#        1541       0.01961      6.17      2.00     7   6.5871
#        1543       0.02132      4.16      2.00     7   6.5881
#        1544       0.01702      8.48      2.00     7   6.5892
#        1545       0.01673      6.17      2.00     6   6.5895
#        1547       0.01691      4.99      2.00     7   6.5911
#        1548       0.01072      9.82      2.00     7   6.5928
#        1550       0.01072      9.00      2.00     7   6.5939
#        1551       0.01058     22.58      2.00     7   6.5945
#        1553       0.01997      6.38      2.00     6   6.5968
#        1554       0.02418      8.23      2.00     7   6.5990
#        1555       0.00887     26.00      2.00     6   6.5991
#        1556       0.01198      8.38      2.00     5   6.5997
#        1557       0.06075     11.80      2.00     7   6.5998
#        1558       0.01297      5.51      2.00     7   6.5998
#        1559       0.03127     11.88      2.00     7   6.6008
#        1560       0.00697      4.80      2.00     5   6.6036
#        1561       0.01782      4.01      2.00     6   6.6036
#        1563       0.05031     11.40      2.00     7   6.6056
#        1564       0.02446      7.50      2.00     7   6.6053
#        1565       0.01786      4.95      2.00     7   6.6055
#        1567       0.01887      4.04      2.00     7   6.6060
#        1568       0.03733     10.93      2.00     7   6.6066
#        1569       0.01816      8.66      2.00     5   6.6079
#        1570       0.01204      7.25      2.00     6   6.6081
#        1574       0.01611      4.13      2.00     6   6.6112
#        1575       0.01956      5.39      1.00     6   6.6119
#        1576       0.02260      8.17      2.00     7   6.6114
#        1577       0.01683      5.77      2.00     6   6.6124
#        1579       0.02041      7.03      2.00     6   6.6129
#        1580       0.01777      7.65      1.00     6   6.6129
#        1582       0.01996      8.77      2.00     6   6.6131
#        1584       0.00722      4.75      2.00     5   6.6143
#        1585       0.01735      4.68      2.00     6   6.6141
#        1586       0.01522      6.05      2.00     6   6.6147
#        1587       0.01520      6.35      2.00     6   6.6148
#        1588       0.01596     11.41      2.00     6   6.6152
#        1589       0.01985     17.40      2.00     6   6.6158
#        1592       0.02352      7.54      2.00     7   6.6171
#        1595       0.02865      8.85      2.00     6   6.6198
#        1596       0.03402      9.62      2.00     6   6.6200
#        1600       0.01794      5.30      2.00     6   6.6215
#        1602       0.02891      6.91      2.00     6   6.6227
#        1604       0.01561      6.71      2.00     7   6.6225
#        1606       0.00907      9.25      2.00     3   6.6246
#        1607       0.01787      4.93      2.00     6   6.6245
#        1608       0.01597      4.50      2.00     6   6.6250
#        1610       0.01740      4.06      2.00     6   6.6253
#        1612       0.01590      5.66      2.00     6   6.6270
#        1615       0.02164      6.02      2.00     7   6.6270
#        1617       0.01609      5.32      2.00     6   6.6277
#        1618       0.01598      5.62      2.00     6   6.6282
#        1619       0.01749      4.88      2.00     6   6.6286
#        1620       0.01517      6.56      2.00     6   6.6286
#        1621       0.01809      4.21      2.00     6   6.6287
#        1622       0.01516      6.41      2.00     6   6.6287
#        1623       0.00730      4.93      2.00     5   6.6354
#        1624       0.02100      5.80      2.00     6   6.6389
#        1625       0.02181      5.91      2.00     6   6.6391
#        1627       0.01786      7.91      2.00     7   6.6401
#        1628       0.01767     15.29      2.00     6   6.6407
#        1629       0.01833      7.57      2.00     7   6.6410
#        1630       0.01415      6.96      2.00     7   6.6417
#        1633       0.01925      6.41      2.00     7   6.6457
#        1635       0.01950      7.47      2.00     7   6.6457
#        1636       0.01765     10.00      2.00     7   6.6458
#        1637       0.02337     22.17      2.00     7   6.6457
#        1638       0.01721      9.51      2.00     7   6.6459
#        1639       0.02206     23.65      2.00     7   6.6459
#        1640       0.01386      6.96      2.00     6   6.6466
#        1641       0.01927      6.77      2.00     7   6.6464
#        1642       0.01864      6.32      2.00     7   6.6464
#        1644       0.02127     12.45      2.00     7   6.6469
#        1645       0.02082     12.38      2.00     7   6.6467
#        1647       0.01531     11.47      2.00     7   6.6476
#        1648       0.02082     10.86      2.00     7   6.6475
#        1650       0.01043     11.88      2.00     7   6.6476
#        1651       0.01776      4.11      2.00     7   6.6475
#        1652       0.01675     19.06      2.00     7   6.6476
#        1653       0.01877      4.20      2.00     6   6.6488
#        1654       0.01792     32.09      2.00     7   6.6486
#        1655       0.03180     11.06      2.00     5   6.6501
#        1659       0.01072      4.26      2.00     5   6.6513
#        1660       0.00711     11.35      1.00     6   6.6518
#        1661       0.02823      8.74      2.00     7   6.6521
#        1663       0.01700      7.65      2.00     7   6.6525
#        1664       0.02938     18.39      2.00     7   6.6526
#        1665       0.02236      6.02      2.00     6   6.6529
#        1666       0.02894     12.09      2.00     6   6.6531
#        1667       0.03052     13.14      2.00     5   6.6536
#        1668       0.02123      5.00      2.00     7   6.6534
#        1669       0.02825      5.86      2.00     6   6.6543
#        1670       0.01808     10.87      2.00     7   6.6543
#        1672       0.01785      6.56      2.00     6   6.6549
#        1673       0.02970     17.09      2.00     7   6.6555
#        1674       0.01663      7.12      2.00     7   6.6557
#        1675       0.01793     10.08      2.00     7   6.6573
#        1676       0.01617      6.69      2.00     7   6.6580
#        1677       0.01788     10.67      2.00     7   6.6581
#        1678       0.00753      4.82      2.00     5   6.6592
#        1679       0.01227      4.70      2.00     5   6.6606
#        1680       0.01232      5.02      2.00     5   6.6606
#        1681       0.01744     11.99      2.00     7   6.6614
#        1682       0.01796     11.87      2.00     7   6.6615
#        1683       0.01833      4.71      2.00     6   6.6643
#        1685       0.00734      5.36      2.00     5   6.6648
#        1686       0.01155      7.39      2.00     6   6.6649
#        1687       0.02173      5.14      2.00     6   6.6652
#        1688       0.02414      5.09      2.00     6   6.6652
#        1689       0.01796      4.43      2.00     6   6.6656
#        1690       0.02205      4.70      2.00     6   6.6659
#        1692       0.02223     11.62      2.00     6   6.6660
#        1693       0.05076     11.27      2.00     7   6.6662
#        1694       0.01449      4.89      2.00     6   6.6673
#        1695       0.01447      5.22      2.00     6   6.6671
#        1696       0.02313      6.29      2.00     6   6.6677
#        1697       0.03204     11.30      2.00     7   6.6689
#        1699       0.01645      4.55      2.00     6   6.6701
#        1700       0.01028     12.04      2.00     7   6.6696
#        1701       0.01637     19.16      2.00     7   6.6696
#        1702       0.01061     66.03      2.00     6   6.6703
#        1703       0.00746      4.98      2.00     5   6.6712
#        1704       0.04022     10.85      2.00     7   6.6725
#        1706       0.00926      9.76      2.00     4   6.6742
#        1707       0.01533      6.16      2.00     6   6.6738
#        1708       0.03571     10.38      2.00     7   6.6751
#        1709       0.01062     15.04      2.00     5   6.6758
#        1710       0.01509      5.59      2.00     6   6.6771
#        1711       0.00761      5.28      2.00     5   6.6789
#        1712       0.02300      7.47      2.00     7   6.6811
#        1713       0.00691     12.83      1.00     6   6.6825
#        1714       0.02776     10.66      2.00     7   6.6828
#        1715       0.00719      4.91      2.00     5   6.6843
#        1719       0.03510      5.80      2.00     6   6.6862
#        1720       0.02006      6.08      2.00     6   6.6866
#        1721       0.02393     11.72      2.00     6   6.6868
#        1723       0.01607     18.68      2.00     6   6.6885
#        1724       0.02527      7.01      2.00     7   6.6882
#        1725       0.01995      9.05      2.00     5   6.6902
#        1727       0.00722      5.32      2.00     5   6.6920
#        1728       0.02963     12.98      2.00     5   6.6920
#        1730       0.01547      7.30      2.00     6   6.6946
#        1731       0.00732      5.30      2.00     5   6.6954
#        1732       0.00664      5.08      2.00     5   6.7000
#        1733       0.01109      7.47      2.00     5   6.7006
#        1735       0.01325     21.10      2.00     6   6.7017
#        1737       0.01746      8.28      2.00     7   6.7023
#        1738       0.01035      5.72      2.00     7   6.7023
#        1739       0.01065    187.20      2.00     7   6.7031
#        1740       0.01527      4.25      2.00     6   6.7061
#        1743       0.02372      4.20      2.00     6   6.7098
#        1744       0.02754     11.38      2.00     6   6.7099
#        1745       0.01834      4.47      2.00     6   6.7118
#        1746       0.02083      4.81      2.00     7   6.7120
#        1747       0.02319     14.33      2.00     6   6.7138
#        1748       0.02159      4.19      2.00     7   6.7139
#        1750       0.01099     57.12      2.00     6   6.7143
#        1751       0.02144      4.91      2.00     6   6.7144
#        1752       0.02331      4.86      2.00     6   6.7144
#        1754       0.02090      5.23      2.00     7   6.7146
#        1755       0.02778      5.92      2.00     7   6.7168
#        1756       0.01619      4.31      2.00     6   6.7181
#        1757       0.02283      6.57      2.00     7   6.7182
#        1758       0.02272      8.53      2.00     6   6.7197
#        1759       0.02593      7.45      2.00     7   6.7193
#        1760       0.02208      5.65      2.00     7   6.7195
#        1761       0.02079      8.70      2.00     7   6.7203
#        1762       0.02186     19.04      2.00     7   6.7205
#        1763       0.01646      4.11      2.00     7   6.7206
#        1765       0.01610     56.52      2.00     7   6.7213
#        1766       0.01810     12.34      2.00     6   6.7222
#        1767       0.02265     17.41      2.00     7   6.7219
#        1768       0.03791     25.10      2.00     7   6.7220
#        1769       0.01790      5.60      2.00     7   6.7220
#        1771       0.01581      4.14      2.00     7   6.7229
#        1772       0.01720      6.59      2.00     7   6.7238
#        1773       0.02506      6.81      2.00     7   6.7240
#        1774       0.02004      4.53      2.00     7   6.7253
#        1775       0.02056      6.06      2.00     6   6.7251
#        1776       0.01379      8.18      2.00     6   6.7251
#        1777       0.01223     12.76      2.00     6   6.7256
#        1778       0.01566     17.50      2.00     6   6.7259
#        1780       0.02251      4.45      2.00     6   6.7263
#        1782       0.02040      5.23      2.00     7   6.7263
#        1784       0.02548      5.68      2.00     7   6.7286
#        1785       0.03160      5.36      2.00     7   6.7289
#        1786       0.01761      4.85      2.00     7   6.7289
#        1788       0.02776      8.13      2.00     7   6.7311
#        1790       0.02096      9.54      2.00     6   6.7330
#        1791       0.01566      4.55      2.00     6   6.7335
#        1792       0.01774      4.89      2.00     6   6.7335
#        1793       0.00767     11.28      2.00     6   6.7335
#        1794       0.01089     19.13      2.00     6   6.7335
#        1795       0.01199     15.51      2.00     6   6.7349
#        1796       0.01554      6.12      2.00     6   6.7347
#        1797       0.00593      5.26      2.00     3   6.7356
#        1798       0.01914     16.50      2.00     6   6.7352
#        1802       0.01887     13.24      2.00     7   6.7386
#        1803       0.02430      4.73      2.00     7   6.7395
#        1804       0.02926     18.01      2.00     7   6.7395
#        1805       0.02246     13.64      2.00     7   6.7395
#        1807       0.02251      6.16      2.00     7   6.7398
#        1808       0.03396      4.66      2.00     7   6.7401
#        1809       0.01739      4.71      2.00     7   6.7404
#        1810       0.02585      6.55      2.00     7   6.7418
#        1811       0.01569      4.88      2.00     7   6.7420
#        1812       0.01999      4.09      2.00     7   6.7426
#        1813       0.02612      6.10      2.00     7   6.7441
#        1814       0.02115     13.10      2.00     7   6.7444
#        1816       0.02702      4.27      2.00     7   6.7454
#        1817       0.02220      5.60      2.00     7   6.7454
#        1818       0.02187      6.98      2.00     7   6.7453
#        1819       0.01203      7.73      2.00     5   6.7458
#        1821       0.02147     21.10      2.00     7   6.7466
#        1822       0.01918      4.88      2.00     7   6.7469
#        1823       0.01691      4.71      2.00     7   6.7476
#        1824       0.01625     17.55      2.00     6   6.7479
#        1825       0.02547      6.02      2.00     7   6.7479
#        1826       0.02418      7.17      2.00     7   6.7479
#        1827       0.01749      4.04      2.00     7   6.7478
#        1828       0.01806      5.13      2.00     6   6.7493
#        1829       0.01556      6.15      2.00     6   6.7493
#        1831       0.01558      5.49      2.00     6   6.7500
#        1832       0.02057     13.44      2.00     7   6.7501
#        1833       0.01488      8.26      2.00     6   6.7517
#        1834       0.00700      6.24      2.00     5   6.7524
#        1837       0.01743      7.81      2.00     7   6.7550
#        1839       0.03212     18.00      2.00     7   6.7551
#        1840       0.01783      5.65      2.00     7   6.7560
#        1841       0.01851     10.92      2.00     7   6.7569
#        1842       0.03226      6.77      2.00     7   6.7583
#        1843       0.04513      6.93      2.00     7   6.7580
#        1845       0.02827      4.32      2.00     7   6.7606
#        1846       0.01147     17.20      2.00     7   6.7612
#        1847       0.01612      4.39      2.00     7   6.7617
#        1848       0.04484      6.65      2.00     7   6.7633
#        1849       0.02931      6.56      2.00     7   6.7636
#        1850       0.01918     12.05      2.00     7   6.7639
#        1852       0.01344      7.99      2.00     6   6.7658
#        1853       0.02976     12.26      2.00     7   6.7657
#        1854       0.02313      4.34      2.00     7   6.7659
#        1855       0.01697      7.89      2.00     7   6.7657
#        1856       0.01656     21.21      2.00     7   6.7657
#        1857       0.01720      5.10      2.00     7   6.7658
#        1858       0.01829      7.19      2.00     7   6.7676
#        1859       0.00572      8.57      2.00     4   6.7677
#        1860       0.00592     10.71      2.00     4   6.7684
#        1861       0.01960     13.58      2.00     6   6.7715
#        1862       0.01200      9.12      2.00     5   6.7723
#        1865       0.01471      5.04      2.00     6   6.7744
#        1867       0.01023      8.52      2.00     6   6.7755
#        1870       0.02026      9.39      2.00     6   6.7767
#        1871       0.01576      4.95      2.00     7   6.7773
#        1872       0.02373      7.40      2.00     6   6.7785
#        1873       0.01829     12.67      2.00     6   6.7785
#        1875       0.01220      6.23      2.00     6   6.7799
#        1876       0.03079      5.43      2.00     6   6.7797
#        1877       0.01630     54.63      2.00     7   6.7807
#        1878       0.01057      4.19      2.00     6   6.7810
#        1881       0.01685      4.14      2.00     7   6.7830
#        1883       0.01127     18.03      2.00     7   6.7837
#        1884       0.01811     13.40      2.00     7   6.7855
#        1885       0.01191     10.81      2.00     6   6.7896
#        1887       0.02032      4.61      2.00     6   6.7904
#        1889       0.02415      5.04      2.00     6   6.7905
#        1891       0.01886     12.31      2.00     7   6.7919
#        1893       0.01864     13.32      2.00     6   6.7922
#        1895       0.04097      5.66      2.00     7   6.7927
#        1896       0.02226      5.88      2.00     7   6.7942
#        1897       0.02312      4.36      2.00     7   6.7942
#        1898       0.02738      5.78      2.00     7   6.7940
#        1899       0.02866     17.22      2.00     7   6.7945
#        1900       0.02224     12.77      2.00     7   6.7945
#        1901       0.00672      5.24      2.00     3   6.7954
#        1902       0.02407      6.24      2.00     7   6.7967
#        1903       0.03366      5.08      2.00     7   6.7968
#        1905       0.04241      5.09      2.00     7   6.7974
#        1906       0.01563      5.51      2.00     7   6.7979
#        1908       0.01407      6.12      2.00     5   6.7979
#        1909       0.02062     12.14      2.00     7   6.7982
#        1912       0.01927      4.80      2.00     7   6.7990
#        1914       0.00555     16.01      2.00     5   6.8005
#        1915       0.01423      5.86      2.00     5   6.8008
#        1918       0.02207      5.66      2.00     7   6.8012
#        1920       0.02358      7.34      2.00     7   6.8016
#        1921       0.02506      5.80      2.00     7   6.8016
#        1923       0.02170      4.86      2.00     7   6.8016
#        1925       0.01678      4.53      2.00     7   6.8037
#        1926       0.02027     14.44      2.00     7   6.8038
#        1927       0.02110      4.30      2.00     6   6.8047
#        1929       0.03099     10.12      2.00     7   6.8048
#        1930       0.01075      6.75      2.00     6   6.8050
#        1931       0.01969      7.78      1.00     6   6.8064
#        1932       0.03453     14.57      2.00     7   6.8071
#        1933       0.02700      7.13      2.00     5   6.8101
#        1934       0.02698      7.42      2.00     5   6.8101
#        1935       0.02687      8.41      2.00     5   6.8104
#        1936       0.01778      5.66      2.00     7   6.8104
#        1937       0.01520      7.97      2.00     6   6.8111
#        1938       0.02271      6.24      2.00     6   6.8139
#        1942       0.01129    145.00      2.00     7   6.8163
#        1943       0.01958      7.00      2.00     5   6.8168
#        1944       0.01494      6.67      2.00     6   6.8175
#        1945       0.01254      4.38      2.00     5   6.8193
#        1946       0.01952      6.51      2.00     5   6.8199
#        1948       0.00632      8.51      2.00     4   6.8246
#        1949       0.02173     12.02      2.00     6   6.8249
#        1951       0.01751      5.98      2.00     7   6.8274
#        1952       0.01770      8.99      2.00     7   6.8277
#        1953       0.03022     14.64      2.00     7   6.8277
#        1955       0.01584     46.09      2.00     7   6.8279
#        1957       0.01289      7.59      2.00     6   6.8292
#        1959       0.01414      9.04      1.00     6   6.8307
#        1962       0.00772      7.74      2.00     4   6.8319
#        1963       0.01555      8.59      2.00     7   6.8316
#        1964       0.01549      6.21      2.00     7   6.8316
#        1965       0.01841      7.80      2.00     7   6.8320
#        1966       0.01434      9.38      1.00     6   6.8336
#        1967       0.01973      8.07      2.00     7   6.8337
#        1968       0.02383      8.45      2.00     7   6.8337
#        1969       0.02230     12.86      2.00     7   6.8337
#        1970       0.02368      5.69      2.00     7   6.8338
#        1974       0.01734      7.82      2.00     7   6.8348
#        1975       0.02316     18.65      2.00     7   6.8350
#        1976       0.02871     12.46      2.00     5   6.8353
#        1977       0.02519     13.79      2.00     7   6.8355
#        1978       0.02209      4.70      2.00     7   6.8354
#        1980       0.01780      9.61      2.00     7   6.8355
#        1981       0.02029      6.75      2.00     7   6.8355
#        1982       0.02081      9.49      2.00     7   6.8353
#        1983       0.02033      9.03      2.00     6   6.8359
#        1984       0.02798      5.85      2.00     7   6.8357
#        1985       0.02583      6.74      2.00     7   6.8357
#        1986       0.02371     16.43      2.00     7   6.8358
#        1987       0.01575      9.41      2.00     7   6.8367
#        1988       0.02670      6.73      2.00     7   6.8373
#        1989       0.02549      7.86      2.00     7   6.8375
#        1990       0.01872     25.52      2.00     7   6.8372
#        1991       0.01945     10.97      2.00     7   6.8373
#        1992       0.02031     11.11      2.00     7   6.8375
#        1994       0.01913     30.06      2.00     7   6.8392
#        1995       0.02741      4.38      2.00     7   6.8398
#        1997       0.02075      6.46      2.00     7   6.8417
#        1998       0.01821      8.00      2.00     7   6.8416
#        2000       0.02925     18.59      2.00     6   6.8429
#        2001       0.02875     19.75      2.00     6   6.8429
#        2002       0.01113      9.15      2.00     5   6.8434
#        2003       0.02762     24.36      2.00     6   6.8432
#        2004       0.01609     20.25      2.00     7   6.8451
#        2005       0.02309      4.36      2.00     7   6.8469
#        2006       0.01603      7.76      2.00     7   6.8476
#        2007       0.01597      5.20      2.00     7   6.8476
#        2008       0.00817     10.68      2.00     6   6.8478
#        2009       0.01184     16.44      2.00     6   6.8478
#        2010       0.01755      7.75      2.00     7   6.8481
#        2011       0.00625      8.87      2.00     4   6.8487
#        2012       0.01948     17.44      2.00     6   6.8496
#        2013       0.04183      5.41      2.00     7   6.8508
#        2014       0.01577      9.27      2.00     7   6.8513
#        2015       0.01762      8.87      2.00     7   6.8520
#        2016       0.01947     15.97      2.00     6   6.8527
#        2017       0.02851      5.53      2.00     7   6.8527
#        2019       0.01999      7.14      2.00     5   6.8554
#        2021       0.02401      5.39      2.00     6   6.8558
#        2023       0.01575      4.13      2.00     6   6.8570
#        2024       0.02131      9.03      1.00     6   6.8575
#        2025       0.01461      6.49      2.00     6   6.8594
#        2028       0.03429      4.89      2.00     7   6.8611
#        2030       0.01603      4.81      2.00     5   6.8672
#        2032       0.01840      9.28      2.00     7   6.8681
#        2033       0.02901     10.21      2.00     5   6.8683
#        2034       0.02011     10.58      2.00     6   6.8691
#        2036       0.01825      4.91      2.00     7   6.8700
#        2042       0.02064      8.30      2.00     7   6.8741
#        2043       0.02097     18.42      2.00     6   6.8743
#        2044       0.01998     10.01      2.00     7   6.8743
#        2045       0.01943      4.05      2.00     7   6.8741
#        2046       0.01947      4.31      2.00     7   6.8743
#        2047       0.01967      4.52      2.00     7   6.8751
#        2048       0.01765     10.13      2.00     7   6.8749
#        2049       0.01865      7.61      2.00     7   6.8749
#        2051       0.02003      5.12      2.00     7   6.8753
#        2052       0.03470      8.75      2.00     7   6.8757
#        2053       0.01976      8.93      2.00     7   6.8760
#        2054       0.01947      8.38      2.00     7   6.8759
#        2055       0.02272     23.36      2.00     6   6.8762
#        2056       0.02037     22.30      2.00     7   6.8770
#        2057       0.01882      8.56      2.00     7   6.8767
#        2058       0.02975     14.53      2.00     7   6.8782
#        2059       0.03423      6.14      2.00     6   6.8803
#        2061       0.01771      4.38      2.00     7   6.8809
#        2062       0.01812     11.38      2.00     7   6.8810
#        2063       0.00613      4.72      2.00     5   6.8815
#        2064       0.00712     27.05      2.00     5   6.8815
#        2065       0.01098      8.86      2.00     5   6.8819
#        2067       0.01785     10.39      2.00     7   6.8827
#        2068       0.01733      4.62      2.00     7   6.8841
#        2069       0.01967      9.04      2.00     7   6.8839
#        2070       0.02070      7.39      2.00     6   6.8847
#        2071       0.02611      6.43      2.00     7   6.8850
#        2072       0.01779      9.49      2.00     7   6.8857
#        2073       0.01601      4.19      2.00     7   6.8865
#        2075       0.01664      5.82      2.00     7   6.8898
#        2076       0.01608      8.09      2.00     7   6.8899
#        2077       0.01663      5.16      2.00     7   6.8899
#        2078       0.01564      8.14      2.00     7   6.8898
#        2080       0.01731     10.64      2.00     7   6.8940
#        2082       0.02706     16.25      2.00     7   6.8950
#        2086       0.01608      5.11      2.00     6   6.8954
#        2087       0.01663      4.88      2.00     7   6.8972
#        2088       0.00623      7.82      2.00     4   6.8975
#        2090       0.02896     15.49      2.00     7   6.9013
#        2092       0.01778     12.13      2.00     7   6.9031
#        2093       0.02092     11.68      2.00     6   6.9054
#        2096       0.03889     12.08      2.00     7   6.9086
#        2098       0.05073      7.59      2.00     7   6.9109
#        2101       0.01822      4.28      2.00     7   6.9120
#        2103       0.01916     12.31      2.00     7   6.9123
#        2104       0.03393      7.82      2.00     7   6.9132
#        2105       0.01786      7.33      2.00     7   6.9137
#        2106       0.02268     23.46      2.00     6   6.9148
#        2107       0.00749      6.08      2.00     4   6.9167
#        2108       0.01045     20.33      2.00     6   6.9173
#        2109       0.01529      6.65      2.00     7   6.9179
#        2111       0.01473      6.51      2.00     6   6.9232
#        2112       0.01917      6.07      2.00     7   6.9239
#        2113       0.01330      4.54      2.00     6   6.9251
#        2114       0.01328      4.97      2.00     6   6.9251
#        2119       0.00594     12.05      2.00     5   6.9266
#        2121       0.01299      4.91      2.00     6   6.9277
#        2122       0.01291      5.39      2.00     6   6.9277
#        2125       0.01084     62.90      2.00     7   6.9315
#        2126       0.01746      5.51      2.00     7   6.9318
#        2130       0.01535      6.11      2.00     7   6.9323
#        2131       0.01548      5.78      2.00     7   6.9323
#        2132       0.01742     15.60      2.00     7   6.9333
#        2133       0.05148      7.99      2.00     7   6.9345
#        2135       0.02713      6.56      2.00     5   6.9345
#        2136       0.01082      4.96      2.00     6   6.9349
#        2137       0.00656      7.42      2.00     4   6.9351
#        2138       0.02737      5.93      2.00     5   6.9352
#        2140       0.03491      8.18      2.00     7   6.9370
#        2141       0.02105      4.22      2.00     7   6.9371
#        2143       0.01708      4.45      2.00     7   6.9374
#        2145       0.01678      5.47      2.00     7   6.9386
#        2146       0.02029     11.01      2.00     6   6.9384
#        2149       0.01638      5.33      2.00     7   6.9390
#        2150       0.02094      5.51      2.00     7   6.9395
#        2151       0.02058      5.69      2.00     7   6.9395
#        2155       0.01633      4.91      2.00     7   6.9421
#        2156       0.01694     10.10      2.00     7   6.9420
#        2159       0.03341      7.03      2.00     7   6.9433
#        2161       0.04181      6.96      2.00     7   6.9437
#        2162       0.02043     26.34      2.00     7   6.9436
#        2163       0.02635     18.77      2.00     7   6.9435
#        2164       0.01588      5.25      2.00     7   6.9444
#        2168       0.00835      6.93      2.00     5   6.9450
#        2170       0.02692     15.70      2.00     7   6.9446
#        2173       0.02289      7.40      2.00     7   6.9455
#        2176       0.01957     30.66      2.00     7   6.9458
#        2177       0.01456      5.96      2.00     7   6.9463
#        2178       0.01457      6.01      2.00     7   6.9462
#        2179       0.01649      5.08      2.00     7   6.9468
#        2181       0.01029      6.10      2.00     7   6.9480
#        2185       0.02297      6.56      2.00     7   6.9496
#        2186       0.04762      6.56      2.00     7   6.9500
#  1610/2000 paths used
#  -----------------------------------------------------------------------
#       k          chi          mag           phase @#
     0.0000    5.728116E+00  6.533387E+00  1.069053E+00
     0.0500    5.715015E+00  6.387039E+00  1.107945E+00
     0.1000    5.689993E+00  6.242131E+00  1.147029E+00
     0.1500    5.562728E+00  5.837574E+00  1.262717E+00
     0.2000    5.346791E+00  5.445408E+00  1.380191E+00
     0.2500    4.882162E+00  4.882169E+00  1.572493E+00
     0.3000    4.264141E+00  4.350392E+00  1.770254E+00
     0.3500    3.368780E+00  3.768520E+00  2.035563E+00
     0.4000    2.389714E+00  3.236660E+00  2.311006E+00
     0.4500    1.314328E+00  2.761818E+00  2.645614E+00
     0.5000    3.502410E-01  2.343582E+00  2.991584E+00
     0.5500   -4.631709E-01  2.026110E+00  3.372233E+00
     0.6000   -1.003789E+00  1.750620E+00  3.752231E+00
     0.6500   -1.306882E+00  1.565693E+00  4.129177E+00
     0.7000   -1.350313E+00  1.384802E+00  4.488741E+00
     0.7500   -1.254243E+00  1.261404E+00  4.818992E+00
     0.8000   -1.030841E+00  1.124582E+00  5.123585E+00
     0.8500   -7.938693E-01  1.024936E+00  5.397174E+00
     0.9000   -5.454937E-01  9.144592E-01  5.644026E+00
     0.9500   -3.340928E-01  8.296939E-01  5.868754E+00
     1.0000   -1.577723E-01  7.426698E-01  6.069115E+00
     1.0500   -1.182864E-02  6.766641E-01  6.265704E+00
     1.1000    9.839618E-02  6.108629E-01  6.444967E+00
     1.1500    1.868374E-01  5.538376E-01  6.627286E+00
     1.2000    2.434096E-01  4.972371E-01  6.794729E+00
     1.2500    2.788367E-01  4.439748E-01  6.962225E+00
     1.3000    2.889501E-01  3.922400E-01  7.111313E+00
     1.3500    2.834746E-01  3.446157E-01  7.249122E+00
     1.4000    2.659818E-01  3.017152E-01  7.362354E+00
     1.4500    2.466721E-01  2.673154E-01  7.458407E+00
     1.5000    2.275837E-01  2.399095E-01  7.532041E+00
     1.5500    2.155116E-01  2.219400E-01  7.612712E+00
     1.6000    2.060804E-01  2.087929E-01  7.692616E+00
     1.6500    1.981474E-01  1.983273E-01  7.811387E+00
     1.7000    1.868291E-01  1.874901E-01  7.937973E+00
     1.7500    1.687268E-01  1.737033E-01  8.093931E+00
     1.8000    1.430320E-01  1.553675E-01  8.255152E+00
     1.8500    1.132367E-01  1.340052E-01  8.418180E+00
     1.9000    8.527350E-02  1.109608E-01  8.548283E+00
     1.9500    6.195765E-02  7.997018E-02  8.538443E+00
     2.0000    4.850099E-02  6.907989E-02  8.646436E+00
     2.0500    4.006186E-02  5.449968E-02  8.598987E+00
     2.1000    4.042052E-02  4.789704E-02  8.420258E+00
     2.1500    4.566293E-02  4.944947E-02  8.247864E+00
     2.2000    5.193292E-02  5.421956E-02  8.145438E+00
     2.2500    5.622182E-02  5.836679E-02  8.125927E+00
     2.3000    6.288684E-02  6.563355E-02  8.144307E+00
     2.3500    7.121899E-02  7.569379E-02  8.199551E+00
     2.4000    8.032344E-02  8.883952E-02  8.295413E+00
     2.4500    8.034214E-02  9.635698E-02  8.438828E+00
     2.5000    7.695801E-02  1.042217E-01  8.594073E+00
     2.5500    6.913845E-02  1.121433E-01  8.760464E+00
     2.6000    5.635155E-02  1.196948E-01  8.934588E+00
     2.6500    3.714457E-02  1.240983E-01  9.120803E+00
     2.7000    1.462991E-02  1.282217E-01  9.310430E+00
     2.7500   -1.023546E-02  1.319942E-01  9.502401E+00
     2.8000   -3.624639E-02  1.353975E-01  9.695787E+00
     2.8500   -6.027189E-02  1.349753E-01  9.887673E+00
     2.9000   -8.171295E-02  1.344598E-01  1.007796E+01
     2.9500   -9.992936E-02  1.339378E-01  1.026694E+01
     3.0000   -1.144366E-01  1.334646E-01  1.045503E+01
     3.0500   -1.232658E-01  1.315731E-01  1.063832E+01
     3.1000   -1.281164E-01  1.300704E-01  1.082202E+01
     3.1500   -1.288299E-01  1.288392E-01  1.100759E+01
     3.2000   -1.251417E-01  1.276924E-01  1.119579E+01
     3.2500   -1.167366E-01  1.260980E-01  1.138333E+01
     3.3000   -1.042106E-01  1.245289E-01  1.157489E+01
     3.3500   -8.762012E-02  1.226471E-01  1.177059E+01
     3.4000   -6.763579E-02  1.201813E-01  1.196862E+01
     3.4500   -4.564530E-02  1.172108E-01  1.216636E+01
     3.5000   -2.288982E-02  1.137697E-01  1.236379E+01
     3.5500   -7.803219E-04  1.098969E-01  1.255927E+01
     3.6000    1.941832E-02  1.056974E-01  1.275114E+01
     3.6500    3.660515E-02  1.011727E-01  1.293658E+01
     3.7000    5.044825E-02  9.663220E-02  1.311564E+01
     3.7500    6.093790E-02  9.229507E-02  1.328752E+01
     3.8000    6.844580E-02  8.837531E-02  1.345228E+01
     3.8500    7.345680E-02  8.510866E-02  1.360774E+01
     3.9000    7.669954E-02  8.255045E-02  1.375841E+01
     3.9500    7.862963E-02  8.075669E-02  1.390714E+01
     4.0000    7.943350E-02  7.968831E-02  1.405718E+01
     4.0500    7.918152E-02  7.938361E-02  1.420854E+01
     4.1000    7.748944E-02  7.956103E-02  1.436587E+01
     4.1500    7.391318E-02  8.002264E-02  1.453046E+01
     4.2000    6.803079E-02  8.056916E-02  1.470256E+01
     4.2500    5.983525E-02  8.126251E-02  1.488035E+01
     4.3000    4.906974E-02  8.176836E-02  1.506433E+01
     4.3500    3.600602E-02  8.198113E-02  1.525326E+01
     4.4000    2.121208E-02  8.183889E-02  1.544578E+01
     4.4500    5.482742E-03  8.152550E-02  1.564066E+01
     4.5000   -1.039337E-02  8.084037E-02  1.583689E+01
     4.5500   -2.551765E-02  7.981221E-02  1.603340E+01
     4.6000   -3.909463E-02  7.848934E-02  1.622936E+01
     4.6500   -5.062956E-02  7.705477E-02  1.642487E+01
     4.7000   -5.959144E-02  7.543093E-02  1.661879E+01
     4.7500   -6.575885E-02  7.367774E-02  1.681087E+01
     4.8000   -6.909434E-02  7.184737E-02  1.700104E+01
     4.8500   -6.978213E-02  7.005629E-02  1.719026E+01
     4.9000   -6.792476E-02  6.825862E-02  1.737770E+01
     4.9500   -6.379681E-02  6.647497E-02  1.756358E+01
     5.0000   -5.771790E-02  6.471552E-02  1.774809E+01
     5.0500   -5.005075E-02  6.305348E-02  1.793255E+01
     5.1000   -4.113418E-02  6.142795E-02  1.811584E+01
     5.1500   -3.135934E-02  5.984125E-02  1.829797E+01
     5.2000   -2.111882E-02  5.829896E-02  1.847887E+01
     5.2500   -1.069976E-02  5.687853E-02  1.866031E+01
     5.3000   -4.943225E-04  5.552665E-02  1.884065E+01
     5.3500    9.204439E-03  5.425883E-02  1.902002E+01
     5.4000    1.816145E-02  5.309043E-02  1.919869E+01
     5.4500    2.632414E-02  5.208602E-02  1.937940E+01
     5.5000    3.340379E-02  5.118448E-02  1.956059E+01
     5.5500    3.925341E-02  5.037797E-02  1.974291E+01
     5.6000    4.372788E-02  4.964785E-02  1.992702E+01
     5.6500    4.675170E-02  4.900944E-02  2.011564E+01
     5.7000    4.806328E-02  4.837425E-02  2.030690E+01
     5.7500    4.755085E-02  4.770562E-02  2.050093E+01
     5.8000    4.517520E-02  4.696866E-02  2.069759E+01
     5.8500    4.102238E-02  4.619397E-02  2.089807E+01
     5.9000    3.522895E-02  4.529890E-02  2.110015E+01
     5.9500    2.811415E-02  4.427495E-02  2.130315E+01
     6.0000    2.009759E-02  4.312478E-02  2.150635E+01
     6.0500    1.164256E-02  4.203478E-02  2.171050E+01
     6.1000    3.178425E-03  4.085769E-02  2.191328E+01
     6.1500   -4.860812E-03  3.962214E-02  2.211414E+01
     6.2000   -1.212468E-02  3.835942E-02  2.231274E+01
     6.2500   -1.836433E-02  3.710002E-02  2.250898E+01
     6.3000   -2.343053E-02  3.587038E-02  2.270295E+01
     6.3500   -2.725658E-02  3.469020E-02  2.289500E+01
     6.4000   -2.983394E-02  3.357086E-02  2.308562E+01
     6.4500   -3.118925E-02  3.251491E-02  2.327541E+01
     6.5000   -3.136896E-02  3.151704E-02  2.346497E+01
     6.5500   -3.069403E-02  3.083393E-02  2.365724E+01
     6.6000   -2.892995E-02  3.017632E-02  2.385036E+01
     6.6500   -2.615770E-02  2.952804E-02  2.404440E+01
     6.7000   -2.250182E-02  2.887572E-02  2.423925E+01
     6.7500   -1.813243E-02  2.821041E-02  2.443465E+01
     6.8000   -1.325782E-02  2.752821E-02  2.463025E+01
     6.8500   -8.109120E-03  2.682995E-02  2.482570E+01
     6.9000   -2.921130E-03  2.612023E-02  2.502067E+01
     6.9500    2.086267E-03  2.540590E-02  2.521495E+01
     7.0000    6.721986E-03  2.469458E-02  2.540842E+01
     7.0500    1.095669E-02  2.413098E-02  2.560405E+01
     7.1000    1.456948E-02  2.357565E-02  2.579892E+01
     7.1500    1.746100E-02  2.303200E-02  2.599317E+01
     7.2000    1.956488E-02  2.250144E-02  2.618692E+01
     7.2500    2.084535E-02  2.198367E-02  2.638032E+01
     7.3000    2.129583E-02  2.147722E-02  2.657348E+01
     7.3500    2.093863E-02  2.098011E-02  2.676643E+01
     7.4000    1.982467E-02  2.049057E-02  2.695918E+01
     7.4500    1.803209E-02  2.000754E-02  2.715165E+01
     7.5000    1.566284E-02  1.953098E-02  2.734378E+01
     7.5500    1.283478E-02  1.909741E-02  2.753733E+01
     7.6000    9.668887E-03  1.867336E-02  2.773007E+01
     7.6500    6.302750E-03  1.826270E-02  2.792197E+01
     7.7000    2.868438E-03  1.786924E-02  2.811311E+01
     7.7500   -5.127156E-04  1.749619E-02  2.830364E+01
     7.8000   -3.732607E-03  1.714575E-02  2.849379E+01
     7.8500   -6.696537E-03  1.681876E-02  2.868384E+01
     7.9000   -9.321977E-03  1.651464E-02  2.887412E+01
     7.9500   -1.153710E-02  1.623138E-02  2.906495E+01
     8.0000   -1.328010E-02  1.596582E-02  2.925665E+01
     8.0500   -1.453056E-02  1.574589E-02  2.944966E+01
     8.1000   -1.522755E-02  1.554131E-02  2.964385E+01
     8.1500   -1.534719E-02  1.534744E-02  2.983945E+01
     8.2000   -1.488223E-02  1.515932E-02  3.003662E+01
     8.2500   -1.384571E-02  1.497196E-02  3.023548E+01
     8.3000   -1.227400E-02  1.478055E-02  3.043607E+01
     8.3500   -1.022854E-02  1.458054E-02  3.063840E+01
     8.4000   -7.795815E-03  1.436778E-02  3.084241E+01
     8.4500   -5.085163E-03  1.413848E-02  3.104801E+01
     8.5000   -2.224413E-03  1.388936E-02  3.125508E+01
     8.5500    6.599048E-04  1.369678E-02  3.146412E+01
     8.6000    3.446518E-03  1.348351E-02  3.167440E+01
     8.6500    5.997076E-03  1.324703E-02  3.188573E+01
     8.7000    8.184534E-03  1.298545E-02  3.209785E+01
     8.7500    9.903042E-03  1.269773E-02  3.231044E+01
     8.8000    1.107693E-02  1.238392E-02  3.252315E+01
     8.8500    1.166735E-02  1.204530E-02  3.273555E+01
     8.9000    1.167533E-02  1.168445E-02  3.294721E+01
     8.9500    1.114038E-02  1.130518E-02  3.315768E+01
     9.0000    1.013479E-02  1.091243E-02  3.336652E+01
     9.0500    8.811958E-03  1.059371E-02  3.357516E+01
     9.1000    7.194467E-03  1.027181E-02  3.378155E+01
     9.1500    5.387470E-03  9.952779E-03  3.398553E+01
     9.2000    3.490619E-03  9.642416E-03  3.418710E+01
     9.2500    1.591466E-03  9.345720E-03  3.438640E+01
     9.3000   -2.376267E-04  9.066510E-03  3.458373E+01
     9.3500   -1.939349E-03  8.807143E-03  3.477954E+01
     9.4000   -3.469043E-03  8.568402E-03  3.497435E+01
     9.4500   -4.791405E-03  8.349578E-03  3.516872E+01
     9.5000   -5.877574E-03  8.148708E-03  3.536318E+01
     9.5500   -6.752818E-03  8.012312E-03  3.555999E+01
     9.6000   -7.352430E-03  7.887969E-03  3.575771E+01
     9.6500   -7.658062E-03  7.772433E-03  3.595655E+01
     9.7000   -7.659546E-03  7.662624E-03  3.615666E+01
     9.7500   -7.357265E-03  7.555806E-03  3.635807E+01
     9.8000   -6.763927E-03  7.449678E-03  3.656075E+01
     9.8500   -5.905328E-03  7.342361E-03  3.676465E+01
     9.9000   -4.820006E-03  7.232340E-03  3.696967E+01
     9.9500   -3.557860E-03  7.118384E-03  3.717573E+01
    10.0000   -2.177923E-03  6.999472E-03  3.738270E+01
    10.0500   -7.435062E-04  6.903895E-03  3.759121E+01
    10.1000    6.882899E-04  6.802398E-03  3.780047E+01
    10.1500    2.049912E-03  6.694255E-03  3.801033E+01
    10.2000    3.277502E-03  6.578947E-03  3.822061E+01
    10.2500    4.314961E-03  6.456236E-03  3.843109E+01
    10.3000    5.117735E-03  6.326238E-03  3.864151E+01
    10.3500    5.655824E-03  6.189480E-03  3.885161E+01
    10.4000    5.915573E-03  6.046914E-03  3.906110E+01
    10.4500    5.899892E-03  5.899892E-03  3.926974E+01
    10.5000    5.626864E-03  5.750088E-03  3.947731E+01
    10.5500    5.126970E-03  5.599383E-03  3.968363E+01
    10.6000    4.439433E-03  5.449710E-03  3.988863E+01
    10.6500    3.608339E-03  5.302896E-03  4.009233E+01
    10.7000    2.679151E-03  5.160498E-03  4.029483E+01
    10.7500    1.696062E-03  5.023677E-03  4.049632E+01
    10.8000    7.003780E-04  4.893114E-03  4.069708E+01
    10.8500   -2.701973E-04  4.768984E-03  4.089739E+01
    10.9000   -1.181675E-03  4.650987E-03  4.109759E+01
    10.9500   -2.003698E-03  4.538435E-03  4.129797E+01
    11.0000   -2.709606E-03  4.430369E-03  4.149878E+01
    11.0500   -3.307313E-03  4.362646E-03  4.170110E+01
    11.1000   -3.756785E-03  4.298559E-03  4.190400E+01
    11.1500   -4.043178E-03  4.237284E-03  4.210765E+01
    11.2000   -4.157396E-03  4.178005E-03  4.231213E+01
    11.2500   -4.096804E-03  4.119942E-03  4.251753E+01
    11.3000   -3.865730E-03  4.062352E-03  4.272390E+01
    11.3500   -3.475682E-03  4.004530E-03  4.293126E+01
    11.4000   -2.945211E-03  3.945797E-03  4.313964E+01
    11.4500   -2.299428E-03  3.885496E-03  4.334901E+01
    11.5000   -1.569130E-03  3.822994E-03  4.355935E+01
    11.5500   -7.895300E-04  3.757694E-03  4.377061E+01
    11.6000    1.409615E-06  3.689063E-03  4.398268E+01
    11.6500    7.650138E-04  3.616662E-03  4.419543E+01
    11.7000    1.464207E-03  3.540185E-03  4.440870E+01
    11.7500    2.065922E-03  3.459497E-03  4.462227E+01
    11.8000    2.543360E-03  3.374656E-03  4.483592E+01
    11.8500    2.877819E-03  3.285930E-03  4.504939E+01
    11.9000    3.059821E-03  3.193787E-03  4.526243E+01
    11.9500    3.089378E-03  3.098871E-03  4.547480E+01
    12.0000    2.975368E-03  3.001956E-03  4.568628E+01
    12.0500    2.762667E-03  2.938890E-03  4.590115E+01
    12.1000    2.432682E-03  2.874499E-03  4.611489E+01
    12.1500    2.008643E-03  2.809630E-03  4.632739E+01
    12.2000    1.516585E-03  2.745133E-03  4.653857E+01
    12.2500    9.833621E-04  2.681807E-03  4.674845E+01
    12.3000    4.350080E-04  2.620349E-03  4.695711E+01
    12.3500   -1.044323E-04  2.561312E-03  4.716467E+01
    12.4000   -6.136040E-04  2.505083E-03  4.737135E+01
    12.4500   -1.074157E-03  2.451872E-03  4.757737E+01
    12.5000   -1.470815E-03  2.401718E-03  4.778298E+01
    12.5500   -1.791331E-03  2.354506E-03  4.798845E+01
    12.6000   -2.026463E-03  2.309995E-03  4.819401E+01
    12.6500   -2.170011E-03  2.267844E-03  4.839989E+01
    12.7000   -2.218946E-03  2.227648E-03  4.860627E+01
    12.7500   -2.173585E-03  2.188965E-03  4.881330E+01
    12.8000   -2.037755E-03  2.151343E-03  4.902109E+01
    12.8500   -1.818868E-03  2.114338E-03  4.922972E+01
    12.9000   -1.527845E-03  2.077532E-03  4.943921E+01
    12.9500   -1.178835E-03  2.040540E-03  4.964957E+01
    13.0000   -7.887037E-04  2.003021E-03  4.986077E+01
    13.0500   -3.808589E-04  1.975128E-03  5.007144E+01
    13.1000    3.287882E-05  1.946643E-03  5.028237E+01
    13.1500    4.336749E-04  1.917712E-03  5.049360E+01
    13.2000    8.038362E-04  1.888371E-03  5.070519E+01
    13.2500    1.127359E-03  1.858507E-03  5.091725E+01
    13.3000    1.390425E-03  1.827876E-03  5.112984E+01
    13.3500    1.581977E-03  1.796151E-03  5.134295E+01
    13.4000    1.694428E-03  1.762992E-03  5.155647E+01
    13.4500    1.724371E-03  1.728141E-03  5.177021E+01
    13.5000    1.673112E-03  1.691497E-03  5.198385E+01
    13.5500    1.546752E-03  1.653171E-03  5.219704E+01
    13.6000    1.355685E-03  1.613508E-03  5.240941E+01
    13.6500    1.113506E-03  1.573067E-03  5.262062E+01
    13.7000    8.355365E-04  1.532554E-03  5.283046E+01
    13.7500    5.372916E-04  1.492731E-03  5.303887E+01
    13.8000    2.332365E-04  1.454296E-03  5.324600E+01
    13.8500   -6.391750E-05  1.417774E-03  5.345217E+01
    13.9000   -3.433307E-04  1.383423E-03  5.365787E+01
    13.9500   -5.957186E-04  1.351191E-03  5.386366E+01
    14.0000   -8.129004E-04  1.320730E-03  5.407009E+01
    14.0500   -9.988826E-04  1.303635E-03  5.428003E+01
    14.1000   -1.137166E-03  1.287046E-03  5.449046E+01
    14.1500   -1.222544E-03  1.270784E-03  5.470145E+01
    14.2000   -1.252035E-03  1.254669E-03  5.491306E+01
    14.2500   -1.225096E-03  1.238533E-03  5.512530E+01
    14.3000   -1.143738E-03  1.222218E-03  5.533818E+01
    14.3500   -1.012502E-03  1.205577E-03  5.555166E+01
    14.4000   -8.383131E-04  1.188475E-03  5.576572E+01
    14.4500   -6.301857E-04  1.170789E-03  5.598030E+01
    14.5000   -3.987981E-04  1.152411E-03  5.619530E+01
    14.5500   -1.559411E-04  1.133258E-03  5.641063E+01
    14.6000    8.614278E-05  1.113278E-03  5.662612E+01
    14.6500    3.154904E-04  1.092460E-03  5.684163E+01
    14.7000    5.211651E-04  1.070845E-03  5.705696E+01
    14.7500    6.939420E-04  1.048526E-03  5.727192E+01
    14.8000    8.268510E-04  1.025648E-03  5.748632E+01
    14.8500    9.155088E-04  1.002405E-03  5.770001E+01
    14.9000    9.582013E-04  9.790225E-04  5.791286E+01
    14.9500    9.557249E-04  9.557386E-04  5.812480E+01
    15.0000    9.110350E-04  9.327864E-04  5.833584E+01
    15.0500    8.350900E-04  9.158411E-04  5.854254E+01
    15.1000    7.273863E-04  8.996074E-04  5.874856E+01
    15.1500    5.937040E-04  8.841974E-04  5.895408E+01
    15.2000    4.403348E-04  8.696712E-04  5.915934E+01
    15.2500    2.738636E-04  8.560304E-04  5.936461E+01
    15.3000    1.010267E-04  8.432166E-04  5.957016E+01
    15.3500   -7.138439E-05  8.311134E-04  5.977626E+01
    15.4000   -2.366106E-04  8.195535E-04  5.998314E+01
    15.4500   -3.880507E-04  8.083303E-04  6.019099E+01
    15.5000   -5.194562E-04  7.972126E-04  6.039994E+01
    15.5500   -6.252088E-04  7.859612E-04  6.061004E+01
    15.6000   -7.006643E-04  7.743460E-04  6.082128E+01
    15.6500   -7.425219E-04  7.621605E-04  6.103356E+01
    15.7000   -7.491577E-04  7.492347E-04  6.124671E+01
    15.7500   -7.208586E-04  7.354440E-04  6.146055E+01
    15.8000   -6.599031E-04  7.207138E-04  6.167480E+01
    15.8500   -5.704578E-04  7.050220E-04  6.188918E+01
    15.9000   -4.582883E-04  6.883974E-04  6.210338E+01
    15.9500   -3.303139E-04  6.709167E-04  6.231709E+01
    16.0000   -1.940561E-04  6.526999E-04  6.252998E+01
    16.0500   -6.007011E-05  6.366052E-04  6.273735E+01
    16.1000    6.889152E-05  6.202724E-04  6.294315E+01
    16.1500    1.873027E-04  6.039450E-04  6.314719E+01
    16.2000    2.908266E-04  5.878722E-04  6.334935E+01
    16.2500    3.764134E-04  5.722968E-04  6.354965E+01
    16.3000    4.422484E-04  5.574411E-04  6.374815E+01
    16.3500    4.875836E-04  5.434935E-04  6.394508E+01
    16.4000    5.125014E-04  5.305957E-04  6.414074E+01
    16.4500    5.176652E-04  5.188326E-04  6.433555E+01
    16.5000    5.041101E-04  5.082257E-04  6.453000E+01
    16.5500    4.731066E-04  4.987317E-04  6.472460E+01
    16.6000    4.261160E-04  4.902452E-04  6.491988E+01
    16.6500    3.648290E-04  4.826064E-04  6.511633E+01
    16.7000    2.912630E-04  4.756129E-04  6.531436E+01
    16.7500    2.078778E-04  4.690335E-04  6.551428E+01
    16.8000    1.176646E-04  4.626232E-04  6.571628E+01
    16.8500    2.416526E-05  4.561389E-04  6.592044E+01
    16.9000   -6.860713E-05  4.493537E-04  6.612672E+01
    16.9500   -1.563600E-04  4.420695E-04  6.633497E+01
    17.0000   -2.348111E-04  4.341274E-04  6.654493E+01
    17.0500   -3.033098E-04  4.281266E-04  6.676076E+01
    17.1000   -3.554362E-04  4.212965E-04  6.697753E+01
    17.1500   -3.886269E-04  4.136196E-04  6.719483E+01
    17.2000   -4.015999E-04  4.051250E-04  6.741223E+01
    17.2500   -3.944531E-04  3.958840E-04  6.762929E+01
    17.3000   -3.686067E-04  3.860043E-04  6.784562E+01
    17.3500   -3.266029E-04  3.756221E-04  6.806085E+01
    17.4000   -2.718009E-04  3.648937E-04  6.827469E+01
    17.4500   -2.080179E-04  3.539860E-04  6.848689E+01
    17.5000   -1.391719E-04  3.430673E-04  6.869733E+01
    17.5500   -6.897581E-05  3.322971E-04  6.890595E+01
    17.6000   -7.152634E-07  3.218175E-04  6.911282E+01
    17.6500    6.287445E-05  3.117444E-04  6.931812E+01
    17.7000    1.196393E-04  3.021618E-04  6.952213E+01
    17.7500    1.679661E-04  2.931168E-04  6.972524E+01
    17.8000    2.067026E-04  2.846185E-04  6.992788E+01
    17.8500    2.350700E-04  2.766388E-04  7.013052E+01
    17.9000    2.525975E-04  2.691166E-04  7.033364E+01
    17.9500    2.590935E-04  2.619641E-04  7.053766E+01
    18.0000    2.546589E-04  2.550748E-04  7.074295E+01
    18.0500    2.430265E-04  2.516352E-04  7.094816E+01
    18.1000    2.214163E-04  2.482609E-04  7.115517E+01
    18.1500    1.906553E-04  2.448365E-04  7.136403E+01
    18.2000    1.520599E-04  2.412553E-04  7.157471E+01
    18.2500    1.074356E-04  2.374242E-04  7.178706E+01
    18.3000    5.901425E-05  2.332687E-04  7.200086E+01
    18.3500    9.328186E-06  2.287350E-04  7.221584E+01
    18.4000   -3.896780E-05  2.237917E-04  7.243165E+01
    18.4500   -8.330564E-05  2.184299E-04  7.264792E+01
    18.5000   -1.214160E-04  2.126630E-04  7.286427E+01
    18.5500   -1.515140E-04  2.065246E-04  7.308029E+01
    18.6000   -1.724317E-04  2.000664E-04  7.329558E+01
    18.6500   -1.836814E-04  1.933551E-04  7.350977E+01
    18.7000   -1.854431E-04  1.864684E-04  7.372251E+01
    18.7500   -1.784820E-04  1.794913E-04  7.393352E+01
    18.8000   -1.640143E-04  1.725108E-04  7.414258E+01
    18.8500   -1.435450E-04  1.656115E-04  7.434956E+01
    18.9000   -1.187036E-04  1.588706E-04  7.455443E+01
    18.9500   -9.110078E-05  1.523531E-04  7.475727E+01
    19.0000   -6.222347E-05  1.461082E-04  7.495830E+01
    19.0500   -3.410449E-05  1.417573E-04  7.515526E+01
    19.1000   -6.518475E-06  1.377300E-04  7.535088E+01
    19.1500    1.969150E-05  1.340355E-04  7.554567E+01
    19.2000    4.381604E-05  1.306627E-04  7.574019E+01
    19.2500    6.523926E-05  1.275815E-04  7.593498E+01
    19.3000    8.340718E-05  1.247464E-04  7.613057E+01
    19.3500    9.781551E-05  1.221009E-04  7.632736E+01
    19.4000    1.080214E-04  1.195825E-04  7.652567E+01
    19.4500    1.136772E-04  1.171277E-04  7.672569E+01
    19.5000    1.145775E-04  1.146766E-04  7.692745E+01
    19.5500    1.107096E-04  1.121764E-04  7.713091E+01
    19.6000    1.022919E-04  1.095840E-04  7.733589E+01
    19.6500    8.979219E-05  1.068681E-04  7.754214E+01
    19.7000    7.391716E-05  1.040091E-04  7.774935E+01
    19.7500    5.557218E-05  1.009997E-04  7.795719E+01
    19.8000    3.579580E-05  9.784384E-05  7.816527E+01
    19.8500    1.567734E-05  9.455527E-05  7.837325E+01
    19.9000   -3.730538E-06  9.115598E-05  7.858075E+01
    19.9500   -2.149215E-05  8.767413E-05  7.878748E+01
    20.0000   -3.685157E-05  8.414171E-05  7.899316E+01
