# # Once                                                         FEFF 10.0.0 
# # POT  SCF 100  9.0000   0, NO core-hole, FOLP (folp(0)= 1.150)
# # Abs   Z=30 Rmt= 1.373 Rnm= 1.517 K  shell
# #   RGRID 0.0100
# # Pot 1 Z= 6 Rmt= 0.895 Rnm= 1.121
# # Pot 2 Z= 6 Rmt= 0.922 Rnm= 1.163
# # Pot 3 Z= 1 Rmt= 0.551 Rnm= 0.960
# # Pot 4 Z=16 Rmt= 1.257 Rnm= 1.477
# # Gam_ch=1.897E+00 H-L exch Vi=-5.000E-01 Vr= 0.000E+00
# # Mu=-7.369E+00eV kf=1.974E+00 Vint=-1.290E+01eV Rs_int= 1.837
# # PATH  Rmax= 9.000,  Keep_limit= 0.00, Heap_limit 0.00  Pwcrit= 2.50%
#  S02=1.000  Temp=  10.00  Debye_temp= 315.00  Global_sig2= 0.00000
#  Energy zero shift, vr, vi    0.00000E+00   0.00000E+00
#  Curved wave amplitude ratio filter   4.000%
#     file         sig2 tot  cw amp ratio   deg  nlegs   reff  inp sig2
#           1       0.00292    100.00      1.00     2   2.3503
#           2       0.00301     99.68      1.00     2   2.3534
#           3       0.00302     99.35      1.00     2   2.3566
#           4       0.00308     98.64      1.00     2   2.3636
#           5       0.02616     14.42      1.00     2   3.0497
#           6       0.03046     13.98      1.00     2   3.0885
#           7       0.03003     12.67      1.00     2   3.2160
#           8       0.03068     12.10      1.00     2   3.2764
#           9       0.00600     42.77      1.00     2   3.2779
#          10       0.00615     42.01      1.00     2   3.3014
#          11       0.02363     11.85      1.00     2   3.3048
#          12       0.00568     41.81      1.00     2   3.3075
#          13       0.00622     41.51      1.00     2   3.3169
#          14       0.03085     11.59      1.00     2   3.3349
#          15       0.02434     10.79      1.00     2   3.4332
#          16       0.00949     32.30      1.00     2   3.6654
#          17       0.00417     50.24      2.00     3   3.7285
#          18       0.01300     19.03      2.00     3   3.7299
#          19       0.00421     50.16      2.00     3   3.7384
#          20       0.00404     50.18      2.00     3   3.7404
#          21       0.00425     49.38      2.00     3   3.7530
#          22       0.01458     14.00      2.00     3   3.8056
#          23       0.01481     12.62      2.00     3   3.8238
#          24       0.00932     28.68      1.00     2   3.8409
#          25       0.01173     12.30      2.00     3   3.8529
#          26       0.01602      9.51      2.00     3   3.9108
#          27       0.01227     10.98      2.00     3   3.9171
#          28       0.01619     23.95      2.00     3   3.9231
#          29       0.03862      7.59      1.00     2   3.9562
#          30       0.01696      9.17      2.00     3   3.9885
#          31       0.01705      9.03      2.00     3   4.0183
#          32       0.01475      8.97      2.00     3   4.0317
#          33       0.01483      8.66      2.00     3   4.0972
#          34       0.01764      6.85      1.00     2   4.1218
#          35       0.01636     18.66      2.00     3   4.1345
#          36       0.00419     11.61      2.00     3   4.1343
#          37       0.03460      6.78      1.00     2   4.1407
#          38       0.02361     11.84      1.00     4   4.1429
#          39       0.00408     11.46      2.00     3   4.1528
#          40       0.00965      4.59      2.00     4   4.1659
#          41       0.00438     18.25      1.00     4   4.1733
#          42       0.00445     18.43      1.00     4   4.1755
#          43       0.00444     19.06      1.00     4   4.1791
#          44       0.02889     12.09      1.00     4   4.1808
#          45       0.00447     17.86      1.00     4   4.1890
#          46       0.00601     27.01      2.00     3   4.2283
#          47       0.01049     22.25      1.00     2   4.2384
#          49       0.01861      4.66      2.00     3   4.2482
#          50       0.01288      6.31      1.00     2   4.2586
#          51       0.01608      6.85      2.00     3   4.2603
#          52       0.01182      6.28      1.00     2   4.2661
#          53       0.01259     22.98      2.00     3   4.2661
#          56       0.02688     10.13      1.00     4   4.3098
#          57       0.00417     13.29      2.00     3   4.3145
#          58       0.00435     13.00      2.00     3   4.3175
#          59       0.01082     28.91      2.00     3   4.3186
#          60       0.01125     27.57      2.00     3   4.3267
#          61       0.00601     23.65      2.00     3   4.3285
#          62       0.01010      4.41      2.00     4   4.3499
#          63       0.03146      5.97      1.00     2   4.3525
#          64       0.02761      9.58      1.00     4   4.3697
#          65       0.00428     15.42      2.00     3   4.3714
#          66       0.01126     36.85      1.00     4   4.3712
#          67       0.00434     14.66      2.00     3   4.3723
#          68       0.01143     33.41      1.00     4   4.3948
#          69       0.01822      9.39      1.00     4   4.3982
#          70       0.00559     18.96      2.00     3   4.4056
#          71       0.01131     21.52      1.00     4   4.4103
#          72       0.02918      9.92      1.00     4   4.4280
#          73       0.01297     10.05      2.00     3   4.4432
#          74       0.01883     12.23      2.00     3   4.4497
#          75       0.01697      6.18      2.00     4   4.4624
#          76       0.01959      4.51      2.00     3   4.4639
#          77       0.01070      8.53      2.00     4   4.4860
#          78       0.00558     19.01      2.00     3   4.4894
#          79       0.02661      4.38      2.00     3   4.4970
#          80       0.01188     12.08      2.00     3   4.5029
#          81       0.01164     12.15      2.00     3   4.5075
#          82       0.01831      8.41      1.00     4   4.5266
#          83       0.00600     25.10      2.00     3   4.5354
#          84       0.01396      5.86      2.00     3   4.5437
#          85       0.00951     30.50      2.00     4   4.5601
#          86       0.00953     28.87      2.00     4   4.5710
#          87       0.00940      4.12      2.00     4   4.5811
#          88       0.01933      5.24      1.00     2   4.5820
#          89       0.00958     18.82      2.00     4   4.5875
#          90       0.01336      6.34      2.00     3   4.6044
#          91       0.01674      8.53      2.00     4   4.6082
#          92       0.01798      4.08      2.00     3   4.6163
#          93       0.01080      8.83      2.00     4   4.6220
#          94       0.01788     11.77      2.00     3   4.6432
#          95       0.02094      9.38      2.00     3   4.6439
#          97       0.02415      5.27      2.00     3   4.6643
#          98       0.01491     21.33      2.00     3   4.6716
#          99       0.02058      5.79      2.00     4   4.6790
#         100       0.00494     14.58      2.00     4   4.6789
#         101       0.01762      9.88      2.00     4   4.6844
#         102       0.00579     19.35      2.00     3   4.6973
#         103       0.00585     12.55      1.00     4   4.7006
#         104       0.01039     17.51      2.00     4   4.7021
#         105       0.00456      9.88      2.00     4   4.7037
#         106       0.01764     10.07      2.00     4   4.7043
#         107       0.00603     12.47      1.00     4   4.7068
#         108       0.00455      6.46      2.00     4   4.7069
#         109       0.02421      6.05      2.00     4   4.7075
#         110       0.00489      4.89      2.00     4   4.7100
#         111       0.00604     12.38      1.00     4   4.7132
#         112       0.00483      4.58      2.00     4   4.7139
#         113       0.01840      4.30      2.00     3   4.7161
#         114       0.00470      6.10      2.00     4   4.7170
#         115       0.01122      8.15      2.00     3   4.7200
#         116       0.00468      8.84      2.00     4   4.7202
#         117       0.02302      4.14      2.00     3   4.7228
#         118       0.00538     16.74      1.00     2   4.7249
#         119       0.00617     12.20      1.00     4   4.7272
#         121       0.01890      4.81      1.00     2   4.7401
#         122       0.01398      6.36      1.00     4   4.7473
#         123       0.02465      5.26      2.00     3   4.7484
#         124       0.01398      6.48      1.00     4   4.7490
#         125       0.01466      6.16      1.00     4   4.7587
#         126       0.01272     24.09      1.00     4   4.7612
#         127       0.00958     21.06      2.00     4   4.7637
#         129       0.00500     11.14      2.00     4   4.7655
#         130       0.00939     21.38      2.00     4   4.7693
#         131       0.00552     58.44      2.00     3   4.7747
#         132       0.01299      6.67      2.00     4   4.7742
#         134       0.01629      4.70      2.00     3   4.7892
#         135       0.00639      8.75      1.00     4   4.7912
#         136       0.02156      4.46      2.00     4   4.8060
#         137       0.01958      9.22      2.00     4   4.8124
#         138       0.00662      5.27      1.00     4   4.8160
#         140       0.00934     59.38      2.00     5   4.8218
#         141       0.01870     12.76      2.00     5   4.8233
#         142       0.00627     64.27      1.00     4   4.8245
#         143       0.02589      4.59      1.00     2   4.8267
#         144       0.02040      5.18      2.00     4   4.8309
#         146       0.00942     55.82      2.00     5   4.8318
#         147       0.00652     15.35      1.00     4   4.8324
#         148       0.01285      7.20      2.00     4   4.8327
#         151       0.01457     18.96      2.00     3   4.8385
#         152       0.02402      5.53      2.00     3   4.8442
#         153       0.00952     36.61      2.00     5   4.8463
#         155       0.02002      5.05      2.00     4   4.8646
#         157       0.02069     14.32      2.00     5   4.8990
#         158       0.01606      5.17      2.00     3   4.9066
#         159       0.02095     14.65      2.00     5   4.9171
#         160       0.01413     11.21      2.00     5   4.9170
#         161       0.00836      5.22      2.00     3   4.9219
#         162       0.00484     32.05      2.00     3   4.9230
#         164       0.02365      5.71      2.00     4   4.9293
#         165       0.01456      6.48      1.00     4   4.9339
#         166       0.00838      5.19      2.00     3   4.9347
#         167       0.01268     20.76      1.00     4   4.9369
#         168       0.02411      5.27      2.00     4   4.9367
#         169       0.00988      9.36      2.00     5   4.9367
#         170       0.01210     10.51      2.00     4   4.9409
#         171       0.00764      5.14      2.00     3   4.9455
#         173       0.01488     10.93      2.00     5   4.9463
#         174       0.01202      9.46      2.00     4   4.9484
#         175       0.00796      5.07      2.00     3   4.9623
#         176       0.00511     12.68      2.00     4   4.9685
#         177       0.00750      5.05      2.00     3   4.9700
#         178       0.00539     14.00      2.00     4   4.9714
#         179       0.00451     59.40      2.00     4   4.9728
#         180       0.00509     10.54      2.00     4   4.9770
#         181       0.00785      5.03      2.00     3   4.9799
#         182       0.00501     13.47      2.00     4   4.9943
#         183       0.01485      4.77      2.00     5   5.0004
#         184       0.00956     24.49      2.00     5   5.0081
#         185       0.00955     25.25      2.00     5   5.0107
#         186       0.01587     10.25      2.00     5   5.0105
#         187       0.01352      6.19      2.00     3   5.0118
#         188       0.01407      8.35      2.00     4   5.0126
#         192       0.06100     19.02      2.00     5   5.0155
#         194       0.02099      7.61      2.00     5   5.0165
#         195       0.01372     10.84      2.00     4   5.0170
#         196       0.02217      4.15      1.00     2   5.0193
#         197       0.02142      4.17      2.00     4   5.0188
#         198       0.01935     14.64      2.00     5   5.0189
#         200       0.01979      7.76      2.00     4   5.0229
#         201       0.00958     15.27      2.00     5   5.0235
#         204       0.04273      6.34      1.00     4   5.0494
#         205       0.01235      5.53      2.00     4   5.0574
#         206       0.01022      9.41      2.00     5   5.0590
#         208       0.01921      4.05      1.00     2   5.0638
#         210       0.01615      5.22      2.00     5   5.0752
#         211       0.01753     10.73      2.00     3   5.0790
#         212       0.00698      5.12      2.00     3   5.0898
#         213       0.02278      7.88      2.00     3   5.0906
#         214       0.00870      7.33      2.00     3   5.0913
#         215       0.01696      6.17      2.00     4   5.0920
#         216       0.01151      8.47      2.00     4   5.0953
#         217       0.01148      4.72      2.00     4   5.0982
#         218       0.00688      9.07      1.00     4   5.1004
#         219       0.01147     14.21      2.00     4   5.1015
#         222       0.01383      6.72      2.00     3   5.1034
#         223       0.01660      5.18      2.00     5   5.1060
#         224       0.01777      5.25      2.00     4   5.1066
#         225       0.00525     19.03      1.00     4   5.1212
#         226       0.00703      9.10      1.00     4   5.1234
#         228       0.00648      9.11      1.00     4   5.1305
#         229       0.01354      8.66      2.00     4   5.1307
#         230       0.02308      4.91      2.00     4   5.1320
#         231       0.01232      6.56      2.00     4   5.1349
#         232       0.00568      4.97      1.00     4   5.1379
#         233       0.00945     18.27      2.00     4   5.1411
#         234       0.00698      8.96      1.00     4   5.1423
#         235       0.01574      7.04      2.00     3   5.1527
#         236       0.00867      6.49      2.00     3   5.1557
#         237       0.00558      4.01      1.00     4   5.1561
#         238       0.02188     10.52      2.00     3   5.1734
#         239       0.01157      6.91      2.00     4   5.1943
#         240       0.01144      5.76      2.00     4   5.1974
#         241       0.01442     14.18      2.00     3   5.1989
#         242       0.01144     14.96      2.00     4   5.2018
#         243       0.00997     17.63      2.00     4   5.2055
#         244       0.00467     44.39      2.00     4   5.2075
#         245       0.02167     11.84      2.00     3   5.2130
#         246       0.02154      7.07      2.00     5   5.2274
#         247       0.05742     14.85      2.00     5   5.2275
#         248       0.01937     12.23      2.00     5   5.2304
#         249       0.02501      5.09      1.00     4   5.2341
#         250       0.01257     13.67      2.00     4   5.2345
#         251       0.04862     11.84      1.00     6   5.2361
#         252       0.00587     12.17      2.00     5   5.2418
#         253       0.01660      8.11      2.00     3   5.2446
#         254       0.01244     15.54      2.00     5   5.2454
#         255       0.01721      5.47      2.00     5   5.2516
#         256       0.00600     10.35      2.00     5   5.2531
#         257       0.00492    101.60      2.00     5   5.2573
#         259       0.01730      9.79      2.00     6   5.2593
#         260       0.01895      4.57      2.00     4   5.2611
#         261       0.01788      4.93      2.00     4   5.2626
#         264       0.00554     28.87      2.00     5   5.2684
#         265       0.00993     26.06      1.00     6   5.2689
#         266       0.00951      4.39      1.00     6   5.2692
#         267       0.00986     27.20      1.00     6   5.2725
#         269       0.01477      8.23      2.00     3   5.2730
#         270       0.07370     11.88      1.00     6   5.2732
#         271       0.00927      8.32      1.00     6   5.2822
#         272       0.00995     16.80      1.00     6   5.2823
#         273       0.01620      8.56      2.00     3   5.2873
#         274       0.00692      5.54      2.00     4   5.2894
#         275       0.02472      5.43      2.00     3   5.2986
#         276       0.02214      5.95      2.00     4   5.3002
#         277       0.01391      4.47      2.00     4   5.3005
#         279       0.01231     10.85      2.00     4   5.3200
#         280       0.01350      8.32      2.00     5   5.3202
#         281       0.01053      8.54      2.00     5   5.3206
#         282       0.01153     37.85      2.00     5   5.3216
#         283       0.01199      9.21      2.00     5   5.3216
#         284       0.02404      9.85      1.00     4   5.3228
#         285       0.01084     34.82      2.00     5   5.3241
#         286       0.01248     13.28      2.00     4   5.3260
#         287       0.01711      4.79      2.00     4   5.3262
#         288       0.02405      7.68      1.00     4   5.3275
#         289       0.02002      4.02      2.00     4   5.3280
#         290       0.01701      6.97      1.00     4   5.3313
#         291       0.01256     13.77      1.00     4   5.3340
#         294       0.01948     10.98      2.00     6   5.3360
#         295       0.02195      6.03      2.00     4   5.3374
#         296       0.01367      6.80      2.00     5   5.3371
#         297       0.01245     10.72      2.00     4   5.3429
#         298       0.01568     13.26      2.00     5   5.3530
#         299       0.00735      5.23      2.00     4   5.3539
#         300       0.01105     11.74      2.00     4   5.3538
#         301       0.02123     12.26      2.00     5   5.3536
#         303       0.02386      4.04      1.00     4   5.3544
#         304       0.02190     20.39      2.00     5   5.3594
#         305       0.01594      4.06      2.00     5   5.3592
#         306       0.00640      9.56      2.00     3   5.3662
#         308       0.02006     11.08      2.00     6   5.3677
#         309       0.01293     27.97      2.00     5   5.3698
#         310       0.02339      5.53      2.00     4   5.3735
#         311       0.01249     10.44      2.00     4   5.3761
#         312       0.01224      9.95      2.00     5   5.3769
#         315       0.01242     10.46      2.00     4   5.3842
#         316       0.02332      5.36      2.00     4   5.3902
#         318       0.03070      5.82      2.00     3   5.3939
#         319       0.01921      4.03      2.00     4   5.3959
#         320       0.01595     12.94      2.00     4   5.3971
#         322       0.01595     10.82      2.00     4   5.3987
#         323       0.02697      6.46      2.00     4   5.4000
#         324       0.01131      9.35      2.00     4   5.4050
#         325       0.00624      9.74      2.00     3   5.4060
#         326       0.00472     51.97      2.00     5   5.4057
#         327       0.01924      4.03      2.00     4   5.4067
#         328       0.01090      5.30      2.00     5   5.4073
#         329       0.01129     16.20      2.00     4   5.4081
#         331       0.01139      9.20      2.00     4   5.4118
#         332       0.02275     25.03      2.00     5   5.4120
#         333       0.00488      7.22      2.00     5   5.4140
#         334       0.01641      6.78      2.00     4   5.4165
#         335       0.01167      5.43      2.00     3   5.4186
#         336       0.00480      9.56      2.00     5   5.4191
#         337       0.01359      4.11      2.00     4   5.4197
#         338       0.02294     23.96      2.00     5   5.4201
#         340       0.01053      7.96      2.00     5   5.4216
#         341       0.01188     10.68      2.00     5   5.4215
#         342       0.01984      5.32      2.00     4   5.4218
#         343       0.01155     33.59      2.00     5   5.4219
#         344       0.00626      9.89      2.00     3   5.4236
#         345       0.01080     32.70      2.00     5   5.4244
#         346       0.00616      9.86      2.00     3   5.4272
#         347       0.01975      5.15      2.00     5   5.4300
#         348       0.00487      9.74      2.00     5   5.4303
#         349       0.01325     27.62      2.00     5   5.4340
#         350       0.01264     13.21      2.00     5   5.4364
#         351       0.02742      4.59      2.00     3   5.4384
#         352       0.01036      6.97      2.00     4   5.4406
#         354       0.03098      7.60      2.00     4   5.4419
#         355       0.01504      4.54      2.00     4   5.4420
#         357       0.01556      4.47      2.00     6   5.4434
#         358       0.01083      7.99      2.00     5   5.4530
#         360       0.01122      6.22      2.00     3   5.4606
#         361       0.01188      5.72      2.00     4   5.4625
#         363       0.02050      8.01      2.00     6   5.4644
#         364       0.02316     37.11      1.00     6   5.4645
#         367       0.01507     10.85      2.00     3   5.4689
#         368       0.01130     12.75      2.00     4   5.4684
#         369       0.02704      4.66      2.00     5   5.4684
#         370       0.01495      4.74      1.00     4   5.4699
#         371       0.01495      5.43      1.00     4   5.4713
#         372       0.01475      9.52      1.00     4   5.4716
#         374       0.01246      4.48      2.00     5   5.4811
#         375       0.01461      4.96      1.00     4   5.4822
#         377       0.01138     10.17      2.00     4   5.4845
#         378       0.02007      5.03      2.00     4   5.4873
#         379       0.01119      9.12      2.00     4   5.4870
#         380       0.01591     11.76      2.00     5   5.4878
#         381       0.02068      8.31      2.00     6   5.4885
#         382       0.02348     33.80      1.00     6   5.4882
#         383       0.02143     10.81      2.00     5   5.4893
#         385       0.01605      4.09      2.00     5   5.4953
#         386       0.01238     12.99      2.00     4   5.4959
#         387       0.02201      4.06      2.00     3   5.4983
#         388       0.01049     22.53      2.00     5   5.5014
#         389       0.02306     22.14      1.00     6   5.5036
#         391       0.00532     13.92      2.00     4   5.5062
#         392       0.01961      4.52      2.00     4   5.5099
#         393       0.01122     12.76      2.00     4   5.5104
#         395       0.01059      8.31      2.00     5   5.5182
#         396       0.00530     15.50      2.00     4   5.5193
#         397       0.01038      6.66      2.00     4   5.5252
#         399       0.01566      8.37      2.00     5   5.5268
#         400       0.01370      4.76      2.00     5   5.5290
#         401       0.02096      5.28      2.00     4   5.5308
#         402       0.02428      5.04      2.00     4   5.5314
#         403       0.01793      8.82      2.00     5   5.5366
#         404       0.01295      6.63      2.00     4   5.5379
#         405       0.01226      5.91      2.00     4   5.5405
#         407       0.02551      5.22      2.00     5   5.5421
#         408       0.00526     15.23      2.00     4   5.5422
#         410       0.00533     15.34      2.00     4   5.5429
#         411       0.02613     11.29      2.00     5   5.5431
#         412       0.02219      8.94      2.00     5   5.5455
#         414       0.00779     19.12      2.00     5   5.5511
#         415       0.01231      9.03      2.00     4   5.5517
#         416       0.01027     12.38      2.00     5   5.5521
#         417       0.01119      9.44      2.00     5   5.5553
#         418       0.02091      6.59      2.00     6   5.5558
#         419       0.04211      6.60      2.00     6   5.5558
#         422       0.01933      7.88      2.00     5   5.5585
#         423       0.00783     19.46      2.00     5   5.5605
#         424       0.01672      4.31      2.00     4   5.5607
#         425       0.00766     19.56      2.00     5   5.5634
#         426       0.02113      4.02      2.00     4   5.5657
#         428       0.01167      9.92      2.00     4   5.5704
#         429       0.03100      5.08      2.00     4   5.5726
#         430       0.01173      7.35      2.00     4   5.5727
#         431       0.00794     12.72      2.00     5   5.5739
#         432       0.00786     19.14      2.00     5   5.5783
#         433       0.06473      8.66      2.00     6   5.5784
#         434       0.01611     27.48      2.00     6   5.5793
#         435       0.01735      6.06      2.00     6   5.5794
#         436       0.02149     10.50      2.00     6   5.5818
#         437       0.01112      8.70      2.00     5   5.5824
#         438       0.01050     21.19      2.00     5   5.5853
#         439       0.01816     10.29      2.00     5   5.5963
#         440       0.02286      4.32      2.00     5   5.5962
#         442       0.01067     13.17      2.00     5   5.5981
#         443       0.01792     10.33      2.00     5   5.6009
#         445       0.01245      5.17      2.00     4   5.6138
#         446       0.01148      6.84      2.00     4   5.6167
#         447       0.01120     19.40      2.00     5   5.6202
#         449       0.01183      4.29      2.00     5   5.6225
#         450       0.01118     17.85      2.00     5   5.6225
#         451       0.01281      8.54      2.00     5   5.6276
#         452       0.01972      4.12      2.00     4   5.6286
#         453       0.01215     15.84      2.00     5   5.6283
#         454       0.01145     22.78      2.00     5   5.6288
#         456       0.00715      8.13      2.00     4   5.6313
#         457       0.01043     28.64      2.00     5   5.6310
#         458       0.00946      7.42      2.00     4   5.6344
#         459       0.01045      4.61      2.00     5   5.6344
#         461       0.01907      7.93      2.00     5   5.6349
#         463       0.01968      5.14      2.00     5   5.6370
#         464       0.01032     12.56      2.00     5   5.6388
#         465       0.00837     12.67      2.00     5   5.6384
#         467       0.01176      9.32      2.00     5   5.6399
#         469       0.01076     10.21      2.00     3   5.6429
#         470       0.01074      5.75      2.00     4   5.6439
#         471       0.01826      4.90      2.00     5   5.6441
#         472       0.01072      7.41      2.00     4   5.6446
#         473       0.01065     18.28      2.00     4   5.6457
#         474       0.01308      8.06      2.00     5   5.6463
#         475       0.01852      6.93      2.00     5   5.6465
#         476       0.01852      7.61      2.00     5   5.6471
#         478       0.01569      7.65      2.00     5   5.6473
#         479       0.01149      5.05      2.00     5   5.6490
#         480       0.01263     12.73      2.00     5   5.6491
#         481       0.02350      4.07      2.00     5   5.6525
#         482       0.01830     30.03      2.00     6   5.6534
#         483       0.00962      7.38      2.00     4   5.6548
#         484       0.00720      8.47      2.00     4   5.6580
#         485       0.00885      7.38      2.00     4   5.6579
#         486       0.01099      9.04      2.00     4   5.6578
#         487       0.01429     12.28      2.00     5   5.6582
#         488       0.01133      8.03      2.00     4   5.6588
#         490       0.01518      6.87      2.00     6   5.6589
#         493       0.01082     11.07      2.00     5   5.6643
#         495       0.01871     28.49      2.00     6   5.6644
#         498       0.00721      8.73      2.00     4   5.6673
#         499       0.02432      4.18      2.00     4   5.6684
#         500       0.00672      8.69      2.00     4   5.6711
#         501       0.01526      6.58      2.00     6   5.6715
#         502       0.01049      8.10      2.00     5   5.6758
#         503       0.00976      7.23      2.00     4   5.6805
#         504       0.01916     19.05      2.00     6   5.6808
#         505       0.01439     14.81      2.00     5   5.6819
#         506       0.01200     18.24      2.00     6   5.6814
#         507       0.01144      4.71      2.00     5   5.6849
#         508       0.01098     11.67      2.00     5   5.6851
#         509       0.01960      4.34      2.00     5   5.6864
#         510       0.01185      9.77      2.00     5   5.6894
#         511       0.01186      9.66      2.00     5   5.6892
#         512       0.01100     12.44      2.00     5   5.6893
#         513       0.00635     46.07      1.00     6   5.6902
#         514       0.00614      7.86      1.00     6   5.6901
#         516       0.00580      6.78      1.00     6   5.6925
#         517       0.01136     14.68      2.00     4   5.6927
#         518       0.01105     17.48      2.00     5   5.6937
#         520       0.01111     18.71      2.00     5   5.6944
#         521       0.01396     19.31      2.00     5   5.6960
#         522       0.01119     27.98      2.00     5   5.6955
#         523       0.01908      5.52      2.00     5   5.6974
#         527       0.01021      4.39      2.00     5   5.7009
#         528       0.01811      5.31      2.00     5   5.7015
#         529       0.07474      8.51      2.00     6   5.7014
#         530       0.02115      8.59      2.00     6   5.7015
#         531       0.01150     10.64      2.00     5   5.7020
#         533       0.00618     14.96      1.00     6   5.7044
#         534       0.01105     16.72      2.00     5   5.7051
#         536       0.01345      6.67      2.00     4   5.7090
#         540       0.01616     24.28      2.00     6   5.7154
#         541       0.01848      6.05      2.00     6   5.7150
#         542       0.01373      9.02      2.00     6   5.7151
#         544       0.01722      9.60      2.00     6   5.7179
#         547       0.01787      4.16      2.00     4   5.7285
#         548       0.01040      6.19      2.00     4   5.7320
#         549       0.02618     10.79      2.00     5   5.7362
#         550       0.02770      5.68      2.00     5   5.7368
#         552       0.02153      7.80      2.00     5   5.7391
#         553       0.01750      4.52      2.00     5   5.7390
#         554       0.02158      7.91      2.00     5   5.7395
#         555       0.01103      7.54      2.00     5   5.7400
#         556       0.01027     23.51      2.00     5   5.7416
#         558       0.00839     13.94      1.00     4   5.7539
#         559       0.01252     12.54      2.00     6   5.7573
#         560       0.01096     11.88      2.00     5   5.7631
#         563       0.02520     18.51      2.00     5   5.7674
#         564       0.01214     13.99      2.00     5   5.7685
#         565       0.01551      7.79      2.00     6   5.7682
#         567       0.01068     11.33      2.00     6   5.7713
#         568       0.01213     10.68      2.00     5   5.7709
#         569       0.03071      6.11      2.00     6   5.7724
#         570       0.06063      6.12      2.00     6   5.7723
#         572       0.00988     28.96      2.00     6   5.7747
#         573       0.00903      8.42      2.00     4   5.7775
#         574       0.02075      9.82      2.00     6   5.7778
#         575       0.07687      9.60      2.00     6   5.7781
#         577       0.01213     18.13      2.00     5   5.7815
#         578       0.01179      4.65      2.00     3   5.7824
#         579       0.01168      8.20      2.00     4   5.7852
#         580       0.01279     10.19      2.00     6   5.7877
#         581       0.01796      8.35      2.00     5   5.7890
#         582       0.01146      9.89      2.00     5   5.7902
#         583       0.01061     18.40      2.00     5   5.7929
#         585       0.01828     17.69      2.00     6   5.7954
#         587       0.07606      9.76      2.00     6   5.7976
#         588       0.02067     10.01      2.00     6   5.7976
#         589       0.08753      6.43      2.00     6   5.7998
#         590       0.03377      6.35      2.00     6   5.8008
#         591       0.01221      7.89      2.00     5   5.8017
#         592       0.01693     24.42      2.00     6   5.8027
#         594       0.01735      8.21      2.00     5   5.8045
#         595       0.01111      9.43      2.00     5   5.8059
#         597       0.02310      7.41      2.00     5   5.8095
#         600       0.01208      4.18      2.00     5   5.8121
#         601       0.01728      6.64      2.00     5   5.8130
#         602       0.01717      4.28      2.00     5   5.8136
#         606       0.01812     10.32      2.00     5   5.8181
#         607       0.01737      6.31      2.00     5   5.8180
#         608       0.01831      5.15      2.00     5   5.8189
#         609       0.00969      8.67      1.00     4   5.8197
#         611       0.01838      6.54      2.00     5   5.8216
#         616       0.01615      4.87      2.00     5   5.8284
#         617       0.01593     11.63      2.00     5   5.8299
#         620       0.01593      9.75      2.00     5   5.8316
#         621       0.01877     12.66      2.00     5   5.8320
#         624       0.00972     13.78      2.00     4   5.8411
#         625       0.01062      8.23      2.00     5   5.8410
#         626       0.01711      6.51      1.00     6   5.8407
#         627       0.01027      6.73      2.00     5   5.8417
#         628       0.01109     13.83      2.00     5   5.8413
#         629       0.00990      7.93      2.00     5   5.8421
#         630       0.01680      6.62      1.00     6   5.8423
#         631       0.01115     26.18      2.00     5   5.8431
#         632       0.00988      9.80      2.00     5   5.8428
#         633       0.01048     13.04      2.00     5   5.8441
#         634       0.00972     25.72      2.00     5   5.8439
#         636       0.01079      4.03      2.00     5   5.8471
#         638       0.01027      7.46      2.00     5   5.8502
#         639       0.02924      6.74      2.00     6   5.8511
#         640       0.02946      6.08      1.00     6   5.8521
#         641       0.01389     10.89      2.00     5   5.8529
#         642       0.01592      5.95      2.00     5   5.8525
#         643       0.02087     13.36      2.00     6   5.8536
#         645       0.02648     10.90      2.00     6   5.8545
#         647       0.01866     21.43      2.00     6   5.8571
#         648       0.02607     24.27      1.00     6   5.8570
#         649       0.01074      5.60      2.00     5   5.8581
#         650       0.01759      4.02      1.00     6   5.8580
#         651       0.01064      9.72      2.00     6   5.8586
#         653       0.01413      5.08      2.00     5   5.8611
#         654       0.00992     28.41      2.00     6   5.8614
#         656       0.01862     21.85      2.00     6   5.8626
#         657       0.01030      6.48      2.00     5   5.8639
#         658       0.01609      4.28      2.00     5   5.8637
#         659       0.01019     10.79      2.00     5   5.8670
#         660       0.01323     24.11      2.00     6   5.8669
#         661       0.01242     11.45      2.00     5   5.8677
#         662       0.01219     13.73      2.00     5   5.8678
#         663       0.01864     11.05      2.00     6   5.8675
#         664       0.01552      5.80      2.00     5   5.8681
#         665       0.01542      5.38      2.00     5   5.8681
#         666       0.00958      7.82      2.00     5   5.8680
#         667       0.00945     29.09      2.00     5   5.8695
#         668       0.00964      8.01      2.00     5   5.8696
#         669       0.01859      7.09      2.00     6   5.8700
#         671       0.01047      8.30      2.00     5   5.8731
#         672       0.00916      8.19      2.00     4   5.8744
#         674       0.01836      6.50      2.00     6   5.8788
#         678       0.01935     40.99      2.00     6   5.8845
#         680       0.01866      5.09      2.00     5   5.8866
#         682       0.01640      6.59      2.00     5   5.8900
#         683       0.02215      4.79      2.00     5   5.8916
#         685       0.01598      7.54      2.00     6   5.8916
#         687       0.00926     10.88      2.00     3   5.8972
#         689       0.01397      8.37      2.00     4   5.9017
#         690       0.01072      9.67      2.00     5   5.9012
#         693       0.01392      7.99      2.00     5   5.9028
#         694       0.01384      5.16      2.00     5   5.9037
#         695       0.01374     15.58      2.00     5   5.9045
#         696       0.01382      9.09      2.00     5   5.9042
#         698       0.07814      8.95      2.00     6   5.9048
#         699       0.02276      8.94      2.00     6   5.9082
#         701       0.01046      6.74      1.00     6   5.9091
#         702       0.01224      5.00      1.00     6   5.9090
#         703       0.01960     42.49      2.00     6   5.9094
#         704       0.02642      9.18      2.00     5   5.9105
#         705       0.00749      4.45      1.00     4   5.9120
#         706       0.01139     14.57      1.00     6   5.9119
#         707       0.01814      9.28      2.00     5   5.9141
#         708       0.00758      4.44      1.00     4   5.9152
#         710       0.01791      4.86      2.00     7   5.9151
#         711       0.01889     66.71      2.00     7   5.9152
#         712       0.05612     14.85      2.00     7   5.9165
#         713       0.03203     14.65      2.00     7   5.9166
#         714       0.01211     18.63      1.00     6   5.9176
#         715       0.01228     18.23      1.00     6   5.9175
#         716       0.01378      8.61      2.00     5   5.9182
#         717       0.01609     15.03      2.00     6   5.9179
#         718       0.01628     14.62      2.00     6   5.9179
#         719       0.01826      5.12      2.00     5   5.9194
#         720       0.00963     24.35      1.00     6   5.9193
#         721       0.01477      4.86      2.00     5   5.9225
#         722       0.03410      5.47      2.00     6   5.9243
#         723       0.05737      5.45      2.00     6   5.9246
#         724       0.01533      8.64      2.00     6   5.9249
#         725       0.01245      9.93      1.00     6   5.9254
#         726       0.01903     62.60      2.00     7   5.9252
#         727       0.01851     11.90      2.00     6   5.9256
#         728       0.01954     42.71      2.00     6   5.9258
#         729       0.01430     10.77      2.00     6   5.9257
#         730       0.01137      9.49      1.00     6   5.9256
#         731       0.01819      5.65      2.00     7   5.9256
#         732       0.02138      7.92      2.00     6   5.9263
#         735       0.01085     15.88      1.00     6   5.9280
#         736       0.01820      6.83      2.00     6   5.9286
#         738       0.01112     12.98      2.00     5   5.9319
#         739       0.01522     10.54      2.00     5   5.9320
#         740       0.01625      4.10      2.00     5   5.9322
#         742       0.02499     16.51      2.00     5   5.9344
#         743       0.01323      5.54      2.00     5   5.9368
#         744       0.01834      6.50      2.00     7   5.9395
#         745       0.01917     41.17      2.00     7   5.9396
#         746       0.00734      4.41      1.00     4   5.9420
#         747       0.02247      4.87      2.00     5   5.9424
#         749       0.01058      9.20      2.00     5   5.9433
#         750       0.01170      7.87      2.00     5   5.9434
#         751       0.00743      4.37      1.00     4   5.9553
#         752       0.01088      6.35      2.00     5   5.9551
#         753       0.00631     19.47      2.00     5   5.9563
#         754       0.01534     10.16      2.00     5   5.9560
#         755       0.00625     17.11      2.00     5   5.9569
#         756       0.03438      5.35      2.00     6   5.9579
#         757       0.05500      5.34      2.00     6   5.9578
#         758       0.00964      7.91      2.00     4   5.9593
#         763       0.00924      7.81      2.00     3   5.9725
#         764       0.00620     19.30      2.00     5   5.9758
#         765       0.01515      8.36      2.00     5   5.9768
#         766       0.00620     18.98      2.00     5   5.9782
#         767       0.02395      8.06      2.00     6   5.9793
#         771       0.01003      8.25      2.00     5   5.9878
#         773       0.01310     10.63      2.00     6   5.9913
#         774       0.05815     16.56      2.00     7   5.9927
#         775       0.03473     16.60      2.00     7   5.9924
#         776       0.00849      9.63      1.00     6   5.9962
#         778       0.00861      9.64      1.00     6   5.9975
#         779       0.01428     13.21      2.00     6   5.9993
#         781       0.00857      9.64      1.00     6   6.0017
#         782       0.01364      5.00      2.00     5   6.0036
#         785       0.02298      4.39      2.00     5   6.0083
#         786       0.00954     13.62      2.00     5   6.0091
#         787       0.01170      4.24      2.00     5   6.0094
#         788       0.05743     16.99      2.00     7   6.0104
#         789       0.03485     17.07      2.00     7   6.0104
#         790       0.01483      5.93      2.00     5   6.0111
#         792       0.00865      9.41      1.00     6   6.0143
#         793       0.01372      5.53      2.00     5   6.0153
#         794       0.01133      5.68      2.00     5   6.0161
#         795       0.01100      7.92      2.00     5   6.0161
#         796       0.02179      5.34      2.00     5   6.0167
#         797       0.01049     25.16      2.00     5   6.0179
#         798       0.01021     11.32      2.00     4   6.0188
#         800       0.01870      4.62      2.00     5   6.0206
#         802       0.07314      5.99      2.00     6   6.0217
#         804       0.01234      5.57      2.00     5   6.0235
#         805       0.03387      5.91      2.00     6   6.0251
#         806       0.02982      5.87      2.00     6   6.0270
#         807       0.02932      6.50      1.00     6   6.0269
#         808       0.01507      9.14      2.00     5   6.0281
#         809       0.01008      6.71      2.00     5   6.0291
#         810       0.01363     10.48      2.00     7   6.0290
#         811       0.02652     10.30      2.00     6   6.0298
#         812       0.02071     10.47      2.00     6   6.0299
#         813       0.03456      5.53      2.00     6   6.0297
#         814       0.08283      5.58      2.00     6   6.0298
#         815       0.01590     18.93      2.00     7   6.0300
#         818       0.02596     20.98      1.00     6   6.0328
#         820       0.01655      9.84      2.00     7   6.0325
#         821       0.01739     16.84      2.00     6   6.0343
#         822       0.02132      6.33      2.00     6   6.0339
#         823       0.01638     10.46      2.00     6   6.0341
#         825       0.01784      8.13      2.00     6   6.0365
#         827       0.01805     14.21      2.00     6   6.0413
#         828       0.04977      9.25      2.00     6   6.0416
#         829       0.02331      6.93      2.00     6   6.0417
#         830       0.01659      6.21      2.00     6   6.0440
#         831       0.01059      4.71      2.00     5   6.0482
#         832       0.01034      5.42      2.00     5   6.0508
#         833       0.01266     42.21      2.00     5   6.0509
#         834       0.01272      4.43      2.00     5   6.0521
#         835       0.01121     16.10      2.00     6   6.0530
#         836       0.01765      8.13      2.00     6   6.0529
#         839       0.01122     15.80      2.00     6   6.0554
#         840       0.01720      7.35      2.00     5   6.0557
#         841       0.01057      4.38      2.00     5   6.0563
#         843       0.01075     20.61      2.00     6   6.0618
#         844       0.01365     17.96      2.00     6   6.0643
#         845       0.01146      5.42      2.00     6   6.0644
#         847       0.01181     20.82      2.00     6   6.0648
#         848       0.01411      9.94      2.00     6   6.0647
#         849       0.01079     15.87      2.00     6   6.0658
#         852       0.01053     17.67      2.00     6   6.0659
#         853       0.01007     27.95      2.00     6   6.0670
#         854       0.01091     46.10      2.00     6   6.0677
#         855       0.01225      4.13      2.00     5   6.0708
#         856       0.01079     21.08      2.00     6   6.0703
#         860       0.01367     17.90      2.00     6   6.0729
#         861       0.01392      9.52      2.00     5   6.0733
#         862       0.01058     13.57      2.00     6   6.0734
#         863       0.01536      5.31      2.00     5   6.0748
#         865       0.01115      4.31      2.00     6   6.0759
#         866       0.01718      6.99      2.00     5   6.0779
#         867       0.00978     14.97      2.00     5   6.0786
#         868       0.02204      4.78      2.00     5   6.0795
#         870       0.01954      4.31      2.00     5   6.0845
#         871       0.01111      5.45      2.00     6   6.0850
#         872       0.00851      5.66      2.00     5   6.0851
#         873       0.00837      5.85      2.00     5   6.0851
#         874       0.01080     15.52      2.00     6   6.0857
#         875       0.00948      7.65      2.00     4   6.0866
#         877       0.01235      9.97      2.00     6   6.0872
#         878       0.01087     18.76      2.00     6   6.0876
#         879       0.01113      5.12      2.00     5   6.0882
#         880       0.01296     21.21      2.00     6   6.0899
#         881       0.00837      5.64      2.00     5   6.0907
#         883       0.00829      5.81      2.00     5   6.0907
#         884       0.00851      5.63      2.00     5   6.0918
#         885       0.02116      5.10      2.00     5   6.0914
#         886       0.00840      5.81      2.00     5   6.0918
#         887       0.01073     12.96      2.00     6   6.0967
#         888       0.01477      9.45      2.00     6   6.0970
#         889       0.01072     13.57      2.00     6   6.0980
#         891       0.01801     27.75      2.00     7   6.1015
#         892       0.01768      4.91      2.00     7   6.1018
#         893       0.01082     17.70      2.00     6   6.1029
#         895       0.01787     28.69      2.00     7   6.1041
#         898       0.01953      6.95      2.00     6   6.1059
#         899       0.02111      8.52      2.00     6   6.1060
#         900       0.01831      5.59      2.00     5   6.1076
#         903       0.02801      7.13      2.00     6   6.1084
#         904       0.01764      5.68      2.00     6   6.1089
#         905       0.02094      7.32      2.00     6   6.1089
#         906       0.01184     13.98      2.00     6   6.1088
#         907       0.01689      9.58      2.00     6   6.1087
#         908       0.08029      8.99      2.00     7   6.1088
#         909       0.03757      8.42      2.00     7   6.1098
#         910       0.02007      7.14      2.00     6   6.1104
#         911       0.02011      9.23      2.00     6   6.1100
#         913       0.05064     10.75      2.00     6   6.1103
#         914       0.06411     16.79      2.00     7   6.1113
#         918       0.03444      6.69      2.00     7   6.1123
#         921       0.03486     16.27      2.00     7   6.1147
#         922       0.00989     10.07      2.00     6   6.1150
#         923       0.01739      8.54      2.00     6   6.1150
#         924       0.01014      8.14      2.00     6   6.1150
#         925       0.01855     10.64      2.00     6   6.1150
#         927       0.01798      6.34      2.00     5   6.1160
#         928       0.07581      7.56      2.00     6   6.1160
#         929       0.00874      5.48      2.00     5   6.1166
#         930       0.00862      5.65      2.00     5   6.1166
#         931       0.01749      5.68      2.00     7   6.1167
#         932       0.01807     17.53      2.00     7   6.1168
#         933       0.01752      4.20      2.00     6   6.1181
#         936       0.01069     12.50      2.00     6   6.1189
#         937       0.01193     15.88      2.00     6   6.1189
#         938       0.02348      7.57      2.00     6   6.1188
#         943       0.01052      4.39      2.00     6   6.1221
#         944       0.01050      5.67      2.00     6   6.1223
#         945       0.01625      7.89      2.00     6   6.1236
#         946       0.04854      4.69      2.00     7   6.1243
#         947       0.02556      5.94      2.00     7   6.1252
#         948       0.02395      6.14      2.00     7   6.1253
#         949       0.02692      4.71      2.00     7   6.1252
#         950       0.01029     16.38      2.00     5   6.1256
#         951       0.01838      4.46      2.00     5   6.1266
#         952       0.01011     11.16      2.00     6   6.1264
#         953       0.01030     10.17      2.00     6   6.1264
#         954       0.01007     15.01      2.00     6   6.1266
#         955       0.01016     13.07      2.00     6   6.1266
#         956       0.01007     15.79      2.00     6   6.1273
#         957       0.01007     12.92      2.00     6   6.1273
#         959       0.01020     32.80      2.00     6   6.1284
#         960       0.00990     25.58      2.00     6   6.1284
#         962       0.01067     16.86      2.00     6   6.1320
#         963       0.01201     18.12      2.00     6   6.1320
#         966       0.01031      4.90      2.00     6   6.1369
#         967       0.01565     12.17      2.00     6   6.1367
#         970       0.01017      8.46      2.00     6   6.1380
#         972       0.01846      4.77      2.00     5   6.1412
#         973       0.01002     14.91      2.00     6   6.1411
#         974       0.01026     17.19      2.00     6   6.1411
#         977       0.01562      4.34      2.00     7   6.1480
#         978       0.01947      4.83      2.00     5   6.1487
#         979       0.00847      6.57      2.00     5   6.1505
#         980       0.01164      5.15      2.00     5   6.1524
#         981       0.01601     18.72      2.00     7   6.1524
#         982       0.01388     10.60      2.00     7   6.1521
#         984       0.01782      4.22      2.00     6   6.1532
#         988       0.01690      9.20      2.00     7   6.1550
#         990       0.00966     14.67      2.00     5   6.1575
#         992       0.01453     11.54      2.00     5   6.1594
#         993       0.01564      5.20      2.00     7   6.1604
#         994       0.01748     10.64      2.00     6   6.1655
#         996       0.02003      5.76      2.00     7   6.1690
#         997       0.02399      5.63      2.00     7   6.1686
#         998       0.03124      9.71      2.00     5   6.1720
#        1000       0.01767      9.10      2.00     6   6.1729
#        1002       0.02008      5.59      2.00     5   6.1746
#        1004       0.01267      7.78      2.00     5   6.1831
#        1005       0.00696      7.72      2.00     4   6.1833
#        1006       0.02509      7.02      2.00     5   6.1835
#        1008       0.02340      8.29      2.00     6   6.1854
#        1009       0.02331      6.03      2.00     6   6.1850
#        1010       0.02286      8.33      2.00     6   6.1860
#        1011       0.01627     11.65      2.00     6   6.1876
#        1012       0.01865     11.42      2.00     6   6.1882
#        1013       0.02493      4.24      2.00     6   6.1886
#        1014       0.02178      8.78      2.00     6   6.1886
#        1015       0.01820      5.69      2.00     6   6.1891
#        1016       0.01974      6.34      2.00     6   6.1891
#        1018       0.02505      4.09      2.00     5   6.1901
#        1019       0.00976      4.03      2.00     5   6.1909
#        1020       0.02466      8.07      2.00     6   6.1911
#        1022       0.01701      4.01      2.00     6   6.1915
#        1023       0.02275      4.84      2.00     6   6.1916
#        1025       0.01960     14.49      2.00     6   6.1937
#        1027       0.01649      4.46      2.00     6   6.1940
#        1028       0.03059      7.39      2.00     6   6.1945
#        1030       0.01713      7.74      2.00     6   6.1948
#        1032       0.01910     14.68      2.00     6   6.1973
#        1033       0.01005      6.89      2.00     4   6.1975
#        1034       0.01918      5.68      2.00     6   6.1984
#        1035       0.01836      6.05      2.00     5   6.1993
#        1036       0.04667      5.78      2.00     7   6.1993
#        1037       0.03261      5.66      2.00     7   6.1993
#        1038       0.02411      8.56      2.00     6   6.1999
#        1039       0.02394      5.13      2.00     6   6.1999
#        1041       0.02307      8.42      2.00     6   6.2041
#        1042       0.01833      4.82      2.00     6   6.2070
#        1044       0.01827      4.78      2.00     5   6.2085
#        1045       0.01658      5.57      2.00     6   6.2093
#        1046       0.01658      4.80      2.00     6   6.2100
#        1048       0.01834      6.36      2.00     6   6.2114
#        1049       0.00686     18.62      2.00     5   6.2127
#        1050       0.01032     25.83      1.00     6   6.2161
#        1051       0.02047     14.08      2.00     6   6.2168
#        1052       0.01756     15.98      2.00     6   6.2176
#        1053       0.01184      6.72      2.00     5   6.2181
#        1054       0.01795      5.46      2.00     5   6.2187
#        1055       0.02455      5.92      2.00     7   6.2192
#        1056       0.02340      4.53      2.00     7   6.2193
#        1057       0.02486      5.61      2.00     7   6.2196
#        1058       0.04729      4.61      2.00     7   6.2199
#        1059       0.03357      8.12      2.00     6   6.2208
#        1061       0.02110      8.86      2.00     6   6.2237
#        1063       0.01904      6.30      2.00     6   6.2241
#        1064       0.06977      5.16      2.00     6   6.2251
#        1065       0.02731      6.79      2.00     6   6.2267
#        1067       0.01204      8.68      2.00     5   6.2282
#        1068       0.03343      5.09      2.00     6   6.2279
#        1069       0.02899      6.82      2.00     6   6.2279
#        1070       0.01616      7.17      2.00     5   6.2289
#        1073       0.01785      4.37      2.00     6   6.2308
#        1074       0.03091      9.86      2.00     5   6.2316
#        1075       0.01802      9.69      2.00     6   6.2320
#        1076       0.01064      4.98      1.00     6   6.2338
#        1077       0.01761     11.22      2.00     6   6.2342
#        1078       0.04490     16.89      2.00     6   6.2345
#        1080       0.01872      7.20      2.00     6   6.2348
#        1081       0.02045     11.98      2.00     6   6.2357
#        1082       0.01274      4.26      2.00     6   6.2359
#        1088       0.01840     10.13      2.00     6   6.2398
#        1089       0.01780     12.07      2.00     6   6.2398
#        1090       0.01748      7.32      2.00     6   6.2405
#        1092       0.02387      4.95      2.00     6   6.2408
#        1093       0.00587     16.21      1.00     4   6.2418
#        1094       0.01065      5.53      1.00     6   6.2416
#        1097       0.02299      6.64      2.00     6   6.2455
#        1098       0.01866      6.48      2.00     5   6.2456
#        1100       0.01022      7.92      2.00     6   6.2466
#        1103       0.01919      8.39      2.00     6   6.2490
#        1106       0.01009      7.18      2.00     6   6.2507
#        1107       0.01066      6.33      1.00     6   6.2517
#        1112       0.01770      4.26      2.00     5   6.2641
#        1113       0.01038      7.57      2.00     6   6.2648
#        1114       0.02303      9.16      2.00     5   6.2664
#        1115       0.01690      7.41      2.00     6   6.2687
#        1116       0.00693      5.92      2.00     4   6.2703
#        1117       0.00837      4.11      1.00     4   6.2713
#        1118       0.00806      4.14      1.00     4   6.2724
#        1119       0.02390     22.21      2.00     6   6.2745
#        1121       0.01677      6.98      2.00     5   6.2765
#        1122       0.01679      6.80      2.00     5   6.2765
#        1123       0.00977     23.31      2.00     6   6.2767
#        1124       0.01590     10.83      2.00     6   6.2784
#        1125       0.00810      4.12      1.00     4   6.2787
#        1127       0.01011     14.65      2.00     6   6.2802
#        1128       0.00855      4.07      1.00     4   6.2815
#        1129       0.01278      4.50      2.00     5   6.2827
#        1131       0.01539      8.83      2.00     6   6.2826
#        1132       0.01277      4.08      2.00     5   6.2853
#        1135       0.01631      9.41      2.00     6   6.2874
#        1136       0.02434      4.28      2.00     6   6.2873
#        1137       0.00965      5.39      2.00     6   6.2873
#        1138       0.02245      6.99      2.00     6   6.2877
#        1139       0.01892      9.13      2.00     6   6.2888
#        1140       0.02427      7.19      2.00     6   6.2902
#        1141       0.02205      5.98      2.00     6   6.2903
#        1143       0.01583     79.00      2.00     5   6.2916
#        1145       0.00953      5.16      2.00     6   6.2923
#        1151       0.01643      4.91      2.00     6   6.2933
#        1152       0.01137      4.60      2.00     4   6.2936
#        1153       0.02828      4.02      2.00     5   6.2941
#        1154       0.02435     12.49      2.00     5   6.2945
#        1157       0.01713      6.80      2.00     6   6.2952
#        1158       0.01033      5.47      2.00     6   6.2952
#        1159       0.01030      4.31      2.00     6   6.2977
#        1160       0.01922     15.36      2.00     6   6.2977
#        1161       0.01910      6.70      2.00     6   6.2987
#        1162       0.01856     10.54      2.00     6   6.2986
#        1164       0.04420     16.38      2.00     6   6.2990
#        1167       0.02204      4.07      2.00     6   6.2996
#        1168       0.01335      4.01      2.00     6   6.3004
#        1169       0.01106      9.79      2.00     6   6.3005
#        1170       0.01087     10.80      2.00     6   6.3006
#        1174       0.00999     32.52      2.00     6   6.3024
#        1175       0.01873      9.57      2.00     6   6.3032
#        1176       0.01801     10.82      2.00     6   6.3032
#        1177       0.00974      8.50      2.00     6   6.3030
#        1180       0.02846      4.37      2.00     6   6.3041
#        1181       0.01235     13.55      1.00     6   6.3045
#        1183       0.01847      4.80      2.00     6   6.3050
#        1185       0.02345     10.03      2.00     5   6.3061
#        1186       0.02398      4.30      2.00     6   6.3064
#        1187       0.02701      8.18      2.00     6   6.3065
#        1189       0.01250      4.12      2.00     6   6.3086
#        1190       0.01653      5.71      2.00     6   6.3091
#        1191       0.01007      7.29      2.00     6   6.3091
#        1192       0.02144      8.19      2.00     6   6.3096
#        1193       0.01657      4.86      2.00     6   6.3100
#        1194       0.01249      8.65      2.00     5   6.3115
#        1195       0.00920      7.59      2.00     4   6.3131
#        1196       0.01975      7.68      2.00     6   6.3132
#        1197       0.07688      8.32      2.00     7   6.3205
#        1198       0.03817      7.91      2.00     7   6.3204
#        1200       0.03479      5.70      2.00     7   6.3233
#        1201       0.06287     14.05      2.00     7   6.3235
#        1204       0.03452     13.66      2.00     7   6.3263
#        1206       0.01807      6.63      2.00     6   6.3278
#        1207       0.02091     14.35      2.00     6   6.3303
#        1208       0.01316     13.98      1.00     6   6.3307
#        1209       0.01101      4.59      2.00     4   6.3330
#        1211       0.01063     19.04      2.00     7   6.3342
#        1212       0.01658      6.35      2.00     7   6.3351
#        1214       0.01365     33.88      2.00     7   6.3351
#        1216       0.01549     29.97      2.00     7   6.3351
#        1217       0.00948      6.04      2.00     3   6.3356
#        1220       0.01413      6.43      1.00     6   6.3374
#        1221       0.01051     23.32      2.00     7   6.3376
#        1222       0.01062      8.57      2.00     5   6.3378
#        1223       0.01676      7.53      2.00     5   6.3376
#        1225       0.01839     20.34      2.00     7   6.3383
#        1226       0.05304     17.53      2.00     7   6.3386
#        1227       0.01847      6.44      2.00     7   6.3386
#        1228       0.02375     13.15      2.00     7   6.3387
#        1229       0.02791     17.21      2.00     7   6.3387
#        1230       0.01637      4.53      2.00     5   6.3394
#        1232       0.01608    106.00      1.00     6   6.3414
#        1233       0.01708      7.84      2.00     7   6.3410
#        1235       0.02798      9.48      2.00     7   6.3450
#        1236       0.02982      6.63      2.00     6   6.3455
#        1237       0.01057     20.05      2.00     7   6.3462
#        1241       0.01388     37.16      2.00     7   6.3465
#        1242       0.01557     34.21      2.00     7   6.3465
#        1244       0.01410     34.65      1.00     6   6.3479
#        1245       0.01049     24.95      2.00     7   6.3490
#        1246       0.01092     27.08      2.00     7   6.3503
#        1247       0.01714     11.35      2.00     7   6.3508
#        1248       0.01677     11.70      2.00     7   6.3508
#        1249       0.01420     10.77      2.00     7   6.3508
#        1250       0.01378     12.19      2.00     7   6.3508
#        1251       0.01079     25.64      2.00     7   6.3504
#        1253       0.01693      7.19      2.00     6   6.3512
#        1255       0.01059      8.88      2.00     5   6.3519
#        1257       0.01015     62.59      2.00     7   6.3522
#        1261       0.01513      4.62      2.00     5   6.3550
#        1263       0.02876      4.60      2.00     4   6.3572
#        1264       0.01467      4.04      2.00     5   6.3570
#        1265       0.01100      7.99      2.00     5   6.3608
#        1266       0.01171      6.82      2.00     7   6.3614
#        1267       0.00944      7.06      2.00     5   6.3620
#        1268       0.01468      8.07      2.00     7   6.3617
#        1269       0.01141     22.98      2.00     7   6.3616
#        1270       0.01363     39.27      2.00     7   6.3618
#        1271       0.01579     38.53      2.00     7   6.3618
#        1273       0.00956     15.16      2.00     5   6.3629
#        1274       0.01048     33.45      2.00     7   6.3640
#        1275       0.01601      5.58      2.00     6   6.3649
#        1277       0.02665      8.62      2.00     7   6.3673
#        1278       0.01830      7.34      2.00     5   6.3686
#        1281       0.01059      6.49      2.00     5   6.3767
#        1282       0.02909      6.42      2.00     6   6.3779
#        1285       0.01704      7.86      2.00     5   6.3804
#        1286       0.00830      4.02      1.00     4   6.3810
#        1288       0.02098      8.83      2.00     6   6.3810
#        1289       0.01630      4.44      2.00     5   6.3814
#        1290       0.02032      4.48      2.00     6   6.3818
#        1291       0.02643      5.77      2.00     7   6.3818
#        1292       0.01015      5.83      2.00     6   6.3827
#        1293       0.01532     13.04      2.00     6   6.3827
#        1294       0.00953      9.18      2.00     5   6.3836
#        1297       0.02762      4.65      2.00     6   6.3876
#        1299       0.00828      4.07      1.00     4   6.3893
#        1301       0.03332      4.03      2.00     4   6.3899
#        1302       0.02117      4.44      2.00     6   6.3898
#        1303       0.00819      4.05      1.00     4   6.3924
#        1304       0.01018      5.84      2.00     6   6.3931
#        1305       0.01523     12.72      2.00     6   6.3931
#        1307       0.02744      4.30      2.00     6   6.3935
#        1308       0.01498      4.55      2.00     5   6.3968
#        1310       0.02109      8.47      2.00     6   6.4017
#        1311       0.02481      4.22      2.00     5   6.4056
#        1313       0.02033      4.91      2.00     6   6.4069
#        1314       0.02049      7.29      2.00     6   6.4130
#        1315       0.01023      4.93      2.00     6   6.4128
#        1316       0.01544     10.40      2.00     6   6.4128
#        1318       0.02183      8.28      2.00     6   6.4131
#        1319       0.02084      4.38      2.00     6   6.4134
#        1320       0.04193     11.13      2.00     6   6.4134
#        1321       0.01897     13.42      2.00     7   6.4132
#        1322       0.01939      4.91      2.00     7   6.4133
#        1323       0.02659      4.74      2.00     7   6.4140
#        1324       0.02503      9.94      2.00     7   6.4136
#        1325       0.02994     19.85      2.00     7   6.4136
#        1326       0.01969     25.02      2.00     7   6.4140
#        1327       0.05199      9.26      2.00     7   6.4140
#        1328       0.01572      4.68      2.00     6   6.4149
#        1329       0.02281     44.72      2.00     7   6.4149
#        1330       0.02038     10.40      2.00     7   6.4150
#        1331       0.02368     10.13      2.00     7   6.4150
#        1332       0.02287      9.05      1.00     6   6.4159
#        1333       0.01976     10.06      2.00     7   6.4164
#        1334       0.01891      7.05      2.00     7   6.4161
#        1335       0.02612      9.05      2.00     7   6.4174
#        1336       0.02136      9.42      2.00     7   6.4174
#        1337       0.02183     20.01      2.00     7   6.4174
#        1339       0.01738      7.09      2.00     6   6.4182
#        1340       0.01796      6.24      2.00     6   6.4194
#        1343       0.02162     39.89      2.00     7   6.4199
#        1344       0.02316      7.40      1.00     6   6.4206
#        1345       0.02079     13.85      2.00     6   6.4219
#        1346       0.02002      5.72      2.00     6   6.4237
#        1347       0.03438      7.13      1.00     6   6.4243
#        1349       0.02946      8.68      2.00     6   6.4269
#        1351       0.02564     14.05      1.00     6   6.4296
#        1352       0.02005      4.45      2.00     7   6.4294
#        1353       0.02516      9.01      2.00     7   6.4304
#        1354       0.01914     11.41      2.00     7   6.4304
#        1355       0.03015     20.33      2.00     7   6.4304
#        1356       0.05043      7.49      2.00     7   6.4303
#        1357       0.06734      5.90      2.00     6   6.4308
#        1360       0.01936      6.89      2.00     7   6.4329
#        1361       0.02580      6.08      2.00     6   6.4332
#        1363       0.02857     10.74      2.00     6   6.4358
#        1365       0.01793      5.35      2.00     6   6.4385
#        1366       0.00699     33.75      2.00     5   6.4399
#        1368       0.00971     15.07      2.00     6   6.4420
#        1369       0.03241      7.38      2.00     6   6.4426
#        1372       0.05225     14.77      2.00     7   6.4453
#        1373       0.04227     14.62      2.00     7   6.4460
#        1374       0.02982     14.83      2.00     7   6.4463
#        1376       0.03511     13.97      2.00     7   6.4469
#        1377       0.02407      4.24      2.00     7   6.4471
#        1378       0.02318      4.32      1.00     6   6.4473
#        1380       0.02560     10.32      2.00     6   6.4486
#        1382       0.01610      5.20      2.00     6   6.4497
#        1383       0.01430      6.28      2.00     7   6.4500
#        1384       0.03238      6.97      2.00     6   6.4514
#        1385       0.02380     20.10      2.00     6   6.4515
#        1386       0.03371     23.31      2.00     7   6.4528
#        1387       0.02345      5.01      2.00     7   6.4526
#        1390       0.01794     14.35      2.00     6   6.4564
#        1391       0.01490      4.33      2.00     5   6.4568
#        1394       0.01202      8.94      2.00     5   6.4595
#        1395       0.02287      5.07      2.00     6   6.4602
#        1396       0.00891     14.51      2.00     5   6.4624
#        1398       0.02156     13.91      2.00     7   6.4632
#        1399       0.02174     24.65      2.00     7   6.4629
#        1400       0.02184      4.56      2.00     7   6.4632
#        1401       0.04443     31.34      2.00     7   6.4632
#        1402       0.01732      7.59      2.00     7   6.4628
#        1403       0.01518     17.57      2.00     6   6.4639
#        1405       0.01590      8.74      2.00     7   6.4647
#        1406       0.00971      5.52      2.00     6   6.4651
#        1407       0.02898      4.83      2.00     6   6.4669
#        1410       0.02164      4.21      2.00     6   6.4693
#        1411       0.01792      4.75      2.00     6   6.4694
#        1412       0.02210     10.78      2.00     6   6.4690
#        1414       0.01651     11.21      2.00     7   6.4701
#        1416       0.01902     15.79      2.00     7   6.4703
#        1417       0.02702      6.38      2.00     6   6.4716
#        1418       0.01851      4.30      2.00     5   6.4726
#        1419       0.01785      8.51      2.00     7   6.4725
#        1420       0.02263      6.48      2.00     6   6.4772
#        1422       0.00951      8.50      2.00     5   6.4778
#        1423       0.02319      5.12      2.00     6   6.4779
#        1425       0.03986     10.95      2.00     6   6.4776
#        1426       0.01610      4.49      2.00     6   6.4791
#        1427       0.01861      4.12      2.00     5   6.4796
#        1428       0.02892      4.92      2.00     6   6.4835
#        1429       0.00690      7.05      2.00     4   6.4865
#        1430       0.03111      6.14      2.00     5   6.4862
#        1431       0.00844     12.28      2.00     5   6.4869
#        1432       0.01037     32.94      2.00     6   6.4869
#        1434       0.01695      5.21      2.00     6   6.4894
#        1435       0.00715     87.54      2.00     6   6.4897
#        1436       0.02681     12.43      2.00     6   6.4902
#        1438       0.01122      4.25      2.00     5   6.4913
#        1439       0.01628      6.92      2.00     6   6.4912
#        1440       0.00861     15.30      2.00     6   6.4916
#        1442       0.02761     10.64      2.00     6   6.4918
#        1444       0.01692      5.12      2.00     6   6.4925
#        1445       0.02459      7.59      2.00     6   6.4932
#        1446       0.03319      4.21      2.00     4   6.4939
#        1447       0.01701      4.11      2.00     6   6.4936
#        1448       0.01627      6.38      2.00     6   6.4935
#        1449       0.02386      4.96      2.00     6   6.4945
#        1450       0.02099      9.74      2.00     6   6.4979
#        1452       0.01139     14.37      2.00     7   6.4987
#        1453       0.01335      6.96      2.00     7   6.4991
#        1454       0.01129     14.97      2.00     7   6.4988
#        1455       0.01312      5.24      2.00     7   6.4991
#        1456       0.01211      8.91      2.00     5   6.4994
#        1458       0.01608      6.07      2.00     6   6.5006
#        1459       0.00982     56.54      2.00     7   6.5006
#        1460       0.01688      4.51      2.00     6   6.5015
#        1461       0.01756      5.08      2.00     6   6.5011
#        1462       0.01821      4.66      2.00     7   6.5029
#        1463       0.01516      4.66      2.00     5   6.5034
#        1464       0.01732      5.20      2.00     6   6.5035
#        1466       0.01952     16.45      2.00     6   6.5037
#        1468       0.03468     28.46      2.00     7   6.5053
#        1469       0.02696      6.14      2.00     7   6.5052
#        1470       0.01731      4.83      2.00     6   6.5059
#        1471       0.01449      7.46      2.00     6   6.5066
#        1473       0.01052      6.89      2.00     7   6.5071
#        1476       0.01129     19.10      2.00     7   6.5074
#        1477       0.01447      6.84      2.00     6   6.5092
#        1478       0.02875      7.00      2.00     6   6.5095
#        1479       0.00803     30.29      2.00     6   6.5098
#        1481       0.01007     11.89      2.00     7   6.5099
#        1482       0.01558      4.78      2.00     6   6.5104
#        1483       0.01185      9.74      2.00     5   6.5113
#        1485       0.01997      5.12      2.00     5   6.5116
#        1488       0.01673      4.19      2.00     6   6.5125
#        1490       0.01674      4.38      2.00     5   6.5134
#        1491       0.03501     27.26      2.00     7   6.5135
#        1492       0.02543      5.80      2.00     7   6.5138
#        1493       0.02625      5.42      2.00     7   6.5145
#        1494       0.02353     12.00      2.00     7   6.5144
#        1495       0.01985     19.96      2.00     7   6.5150
#        1496       0.02280     39.84      2.00     7   6.5153
#        1497       0.02009     10.07      2.00     7   6.5149
#        1498       0.01005     12.62      2.00     7   6.5149
#        1499       0.01616      5.26      2.00     6   6.5161
#        1500       0.01786      5.95      2.00     6   6.5158
#        1501       0.01615      6.37      2.00     6   6.5158
#        1502       0.02017      5.32      2.00     7   6.5156
#        1503       0.01688      6.30      2.00     7   6.5159
#        1504       0.01190      6.33      2.00     5   6.5169
#        1507       0.02571      9.26      2.00     7   6.5174
#        1508       0.02155      9.73      2.00     7   6.5174
#        1509       0.01958     10.09      2.00     7   6.5175
#        1510       0.03069      4.94      2.00     5   6.5180
#        1511       0.02194     18.00      2.00     7   6.5178
#        1512       0.02721      6.92      2.00     6   6.5189
#        1513       0.02158     37.30      2.00     7   6.5203
#        1514       0.01318      8.23      2.00     5   6.5226
#        1515       0.02164      6.91      2.00     6   6.5224
#        1518       0.01444     10.50      2.00     7   6.5227
#        1519       0.02173      9.40      2.00     7   6.5229
#        1522       0.01218      4.07      2.00     7   6.5232
#        1523       0.01047      5.72      2.00     7   6.5235
#        1524       0.01131     17.25      2.00     7   6.5236
#        1525       0.01435      7.50      2.00     7   6.5240
#        1526       0.01992      6.01      1.00     6   6.5251
#        1527       0.00884      9.70      2.00     3   6.5256
#        1529       0.02749     11.20      2.00     6   6.5259
#        1530       0.01011     18.12      2.00     7   6.5259
#        1532       0.02247     23.27      2.00     7   6.5270
#        1533       0.01750      7.33      2.00     7   6.5271
#        1534       0.01507      4.03      2.00     6   6.5273
#        1535       0.01850      6.90      2.00     6   6.5274
#        1536       0.02164     12.75      2.00     7   6.5274
#        1537       0.04306     31.04      2.00     7   6.5274
#        1538       0.02429      8.84      2.00     7   6.5280
#        1540       0.01629      8.49      2.00     7   6.5288
#        1542       0.03328     11.06      2.00     7   6.5298
#        1544       0.01101      4.74      2.00     7   6.5298
#        1545       0.01460     10.74      2.00     7   6.5296
#        1548       0.01122     10.89      2.00     7   6.5309
#        1551       0.01364     19.18      2.00     6   6.5325
#        1552       0.03021     20.40      2.00     7   6.5322
#        1555       0.02938      9.06      2.00     6   6.5343
#        1558       0.01108     14.80      2.00     7   6.5389
#        1561       0.01055      4.48      2.00     5   6.5446
#        1562       0.01495      4.65      2.00     5   6.5451
#        1563       0.01161      6.01      2.00     5   6.5455
#        1564       0.02121      6.57      2.00     7   6.5452
#        1567       0.02048      5.47      1.00     6   6.5477
#        1570       0.02090      5.79      2.00     5   6.5537
#        1571       0.01674      4.21      2.00     7   6.5541
#        1574       0.01098      4.45      2.00     7   6.5552
#        1576       0.01100      5.60      2.00     7   6.5549
#        1577       0.02177      4.82      2.00     7   6.5556
#        1578       0.01653      4.24      2.00     5   6.5555
#        1581       0.01253     12.99      2.00     7   6.5559
#        1582       0.01985      6.17      2.00     7   6.5566
#        1583       0.02126      4.41      2.00     7   6.5565
#        1587       0.01690      5.76      2.00     6   6.5583
#        1588       0.02753      6.17      2.00     7   6.5591
#        1591       0.00997      4.93      2.00     7   6.5591
#        1593       0.01246     10.88      2.00     7   6.5594
#        1594       0.01072     12.86      2.00     7   6.5594
#        1596       0.01057     12.68      2.00     7   6.5602
#        1597       0.02226      5.99      2.00     6   6.5615
#        1598       0.02108     12.98      2.00     6   6.5614
#        1599       0.01053     28.19      2.00     7   6.5612
#        1600       0.02299      8.95      2.00     7   6.5611
#        1602       0.02363      8.67      2.00     7   6.5618
#        1604       0.01691      5.70      2.00     6   6.5626
#        1606       0.02031      7.43      2.00     6   6.5632
#        1607       0.01837      9.41      2.00     5   6.5637
#        1608       0.01680      4.88      2.00     6   6.5637
#        1609       0.01029      7.50      2.00     7   6.5634
#        1611       0.01638      6.21      2.00     6   6.5647
#        1612       0.01894      5.65      1.00     6   6.5644
#        1614       0.01663      6.59      2.00     6   6.5655
#        1615       0.01006      6.11      2.00     7   6.5656
#        1616       0.01852      9.38      1.00     6   6.5665
#        1617       0.01249     15.52      2.00     7   6.5680
#        1621       0.01188      4.13      2.00     7   6.5693
#        1625       0.01599      6.35      2.00     7   6.5737
#        1626       0.01159      4.03      2.00     5   6.5743
#        1628       0.01687      5.42      2.00     6   6.5749
#        1630       0.01822      4.61      2.00     6   6.5755
#        1633       0.01581      5.03      2.00     6   6.5771
#        1635       0.01037     13.66      2.00     7   6.5771
#        1636       0.02054      4.18      2.00     7   6.5771
#        1638       0.01592      5.27      2.00     6   6.5778
#        1639       0.01837      5.15      1.00     6   6.5778
#        1640       0.00934     10.51      2.00     4   6.5792
#        1641       0.01591      6.82      2.00     6   6.5801
#        1642       0.01592      6.71      2.00     6   6.5803
#        1643       0.01652      4.40      2.00     6   6.5801
#        1644       0.01578      5.96      2.00     6   6.5804
#        1645       0.01592      6.34      2.00     6   6.5808
#        1646       0.05095     13.10      2.00     7   6.5809
#        1647       0.03140     13.19      2.00     7   6.5812
#        1649       0.04243     12.90      2.00     7   6.5824
#        1651       0.03510     12.38      2.00     7   6.5827
#        1653       0.01705      6.71      2.00     6   6.5858
#        1654       0.01099      5.02      2.00     4   6.5887
#        1655       0.01947      4.18      2.00     6   6.5891
#        1657       0.02666      4.70      2.00     6   6.5889
#        1658       0.01781      4.91      2.00     6   6.5893
#        1659       0.01560      4.13      2.00     6   6.5894
#        1664       0.01727      6.91      2.00     7   6.5899
#        1665       0.00855      9.77      2.00     3   6.5908
#        1666       0.01989     13.41      2.00     6   6.5915
#        1667       0.01667      6.55      2.00     6   6.5919
#        1669       0.03196      7.81      2.00     5   6.5945
#        1670       0.02567      6.31      2.00     7   6.5948
#        1672       0.02139     25.09      2.00     7   6.5972
#        1673       0.01192      8.98      2.00     5   6.5976
#        1674       0.01008     13.13      2.00     6   6.5995
#        1677       0.02226      5.75      2.00     6   6.6034
#        1678       0.02112     13.10      2.00     6   6.6035
#        1680       0.01754      4.22      2.00     7   6.6039
#        1681       0.02090      7.28      2.00     6   6.6052
#        1682       0.01552      5.51      2.00     7   6.6063
#        1683       0.01743     10.87      2.00     6   6.6066
#        1684       0.00858     10.50      2.00     5   6.6082
#        1686       0.02105      4.08      2.00     7   6.6102
#        1688       0.02163     10.17      2.00     7   6.6113
#        1690       0.01659      4.39      2.00     7   6.6116
#        1691       0.03575      9.34      2.00     7   6.6116
#        1692       0.01224     13.35      2.00     6   6.6127
#        1693       0.01497      6.01      2.00     7   6.6130
#        1695       0.01726     11.63      2.00     6   6.6148
#        1700       0.01757      6.88      2.00     7   6.6193
#        1703       0.01951      6.19      2.00     5   6.6235
#        1704       0.00892     10.85      2.00     4   6.6245
#        1707       0.01607      7.88      2.00     5   6.6266
#        1710       0.01392      5.47      2.00     6   6.6338
#        1711       0.02762      4.72      2.00     6   6.6335
#        1712       0.00646      4.80      2.00     5   6.6353
#        1714       0.01198      9.94      2.00     6   6.6355
#        1716       0.04105     13.00      2.00     7   6.6364
#        1717       0.02956      4.86      2.00     7   6.6379
#        1718       0.00687     16.89      1.00     6   6.6381
#        1719       0.01250      5.73      2.00     6   6.6381
#        1720       0.05156     10.52      2.00     7   6.6389
#        1722       0.02177      6.31      2.00     7   6.6408
#        1724       0.03538     10.74      2.00     7   6.6413
#        1725       0.00666      4.07      2.00     4   6.6420
#        1728       0.01046     13.89      2.00     7   6.6444
#        1729       0.01681     22.34      2.00     7   6.6444
#        1730       0.02007      6.09      2.00     6   6.6449
#        1731       0.03215      9.10      2.00     6   6.6451
#        1732       0.02177      4.62      2.00     6   6.6451
#        1733       0.02403      4.50      2.00     6   6.6451
#        1734       0.02715     11.66      2.00     6   6.6454
#        1737       0.03083      6.38      2.00     6   6.6467
#        1738       0.01324     25.16      2.00     6   6.6474
#        1739       0.01865     13.48      2.00     7   6.6479
#        1740       0.02788      8.45      2.00     7   6.6486
#        1741       0.04243     10.73      2.00     7   6.6485
#        1742       0.01750      5.80      2.00     6   6.6500
#        1747       0.01054     13.71      2.00     7   6.6539
#        1748       0.01698     21.84      2.00     7   6.6539
#        1749       0.01505      8.59      2.00     6   6.6549
#        1750       0.01809      5.34      2.00     7   6.6568
#        1753       0.01508      7.77      2.00     6   6.6575
#        1755       0.01269     13.81      2.00     6   6.6578
#        1756       0.00871     28.63      2.00     6   6.6580
#        1759       0.01556      5.77      2.00     7   6.6606
#        1760       0.02151      5.11      2.00     7   6.6609
#        1763       0.02024      4.22      2.00     7   6.6615
#        1764       0.01947      6.04      2.00     7   6.6612
#        1765       0.02660      6.30      2.00     7   6.6637
#        1767       0.02851      9.74      2.00     6   6.6635
#        1768       0.00708      5.78      2.00     5   6.6648
#        1769       0.01772      6.77      2.00     6   6.6652
#        1770       0.02873      7.43      2.00     6   6.6657
#        1771       0.01730      4.06      2.00     6   6.6658
#        1772       0.02815      5.89      2.00     6   6.6663
#        1773       0.01341      7.13      2.00     7   6.6670
#        1774       0.01775      6.28      2.00     6   6.6676
#        1775       0.02660      7.70      2.00     5   6.6682
#        1776       0.00744      5.65      2.00     5   6.6709
#        1777       0.00714      5.74      2.00     5   6.6711
#        1778       0.01017      4.56      2.00     7   6.6716
#        1780       0.01185      4.05      2.00     5   6.6721
#        1781       0.01058     11.31      2.00     7   6.6717
#        1782       0.01729     17.53      2.00     7   6.6717
#        1783       0.00909      9.85      2.00     5   6.6726
#        1784       0.01963      6.44      2.00     7   6.6727
#        1785       0.02141      4.50      2.00     7   6.6737
#        1788       0.02273      8.94      2.00     7   6.6754
#        1791       0.01729      9.79      2.00     7   6.6758
#        1793       0.01638      4.63      2.00     6   6.6776
#        1794       0.01666      5.98      2.00     7   6.6772
#        1795       0.02514      6.74      2.00     7   6.6783
#        1798       0.00730      5.59      2.00     5   6.6811
#        1799       0.02142     23.52      2.00     7   6.6812
#        1801       0.01912      4.21      2.00     6   6.6830
#        1803       0.01219      4.17      2.00     5   6.6833
#        1806       0.02392      8.03      2.00     7   6.6892
#        1807       0.02851     11.39      2.00     7   6.6897
#        1808       0.01732      4.37      2.00     7   6.6911
#        1809       0.02636      7.64      2.00     7   6.6933
#        1811       0.02807     11.43      2.00     7   6.6942
#        1812       0.01560      5.38      2.00     7   6.6940
#        1813       0.01864      4.32      2.00     6   6.6988
#        1814       0.02124      5.64      2.00     6   6.6989
#        1815       0.02425      5.62      2.00     6   6.6989
#        1818       0.01872      4.62      2.00     6   6.7068
#        1819       0.02177      5.40      2.00     6   6.7072
#        1820       0.02451      5.36      2.00     6   6.7072
#        1821       0.01627      4.55      2.00     6   6.7083
#        1822       0.02047      7.52      2.00     6   6.7116
#        1823       0.02528      7.49      2.00     6   6.7120
#        1824       0.01695      8.56      2.00     7   6.7132
#        1825       0.02948     20.58      2.00     7   6.7133
#        1827       0.01765      4.50      2.00     7   6.7136
#        1828       0.01159      7.96      2.00     6   6.7144
#        1829       0.02186      7.43      2.00     5   6.7144
#        1830       0.02159      5.05      2.00     6   6.7140
#        1832       0.01783     12.40      2.00     7   6.7150
#        1833       0.01278      4.08      2.00     6   6.7156
#        1834       0.01694      5.21      2.00     7   6.7159
#        1835       0.02958     19.10      2.00     7   6.7155
#        1836       0.01692      7.90      2.00     7   6.7156
#        1837       0.01764      5.14      2.00     7   6.7159
#        1838       0.01826     12.58      2.00     6   6.7164
#        1840       0.01779     11.46      2.00     7   6.7174
#        1842       0.03035      9.47      2.00     7   6.7210
#        1843       0.04362      9.77      2.00     7   6.7214
#        1844       0.02426     17.95      2.00     7   6.7213
#        1845       0.00728      6.51      2.00     5   6.7217
#        1846       0.01975      5.74      2.00     7   6.7220
#        1847       0.02592      7.23      2.00     7   6.7216
#        1848       0.02087      8.48      2.00     7   6.7217
#        1849       0.00922     27.22      2.00     6   6.7224
#        1850       0.02244     27.50      2.00     7   6.7221
#        1852       0.02347      4.79      2.00     6   6.7239
#        1853       0.02744      9.97      2.00     7   6.7239
#        1855       0.02217     10.90      2.00     7   6.7239
#        1856       0.01070     71.02      2.00     6   6.7244
#        1857       0.01215     13.86      2.00     6   6.7246
#        1858       0.01918     10.36      2.00     7   6.7242
#        1859       0.02191     12.25      2.00     7   6.7243
#        1860       0.00724      6.49      2.00     5   6.7248
#        1861       0.00586      7.28      2.00     4   6.7255
#        1862       0.02092     32.27      2.00     7   6.7266
#        1864       0.01377      9.61      2.00     6   6.7278
#        1867       0.00734      6.21      2.00     5   6.7289
#        1868       0.01453      5.50      2.00     6   6.7287
#        1869       0.01451      5.88      2.00     6   6.7292
#        1871       0.03284      5.89      2.00     7   6.7304
#        1872       0.04741      6.03      2.00     7   6.7303
#        1873       0.01406      7.32      2.00     7   6.7314
#        1874       0.01687      4.29      2.00     7   6.7318
#        1875       0.02852      4.97      2.00     7   6.7328
#        1876       0.03522     10.29      2.00     7   6.7328
#        1877       0.01805      5.62      2.00     7   6.7331
#        1878       0.01758      6.11      2.00     7   6.7332
#        1880       0.01864     13.69      2.00     7   6.7347
#        1881       0.00743      6.17      2.00     5   6.7359
#        1882       0.01996      6.90      2.00     7   6.7355
#        1884       0.01847      6.63      2.00     7   6.7361
#        1885       0.02048      6.08      2.00     6   6.7369
#        1887       0.04421      5.74      2.00     7   6.7374
#        1888       0.03323      5.69      2.00     7   6.7375
#        1889       0.01840      9.08      2.00     5   6.7378
#        1891       0.02035      7.77      2.00     6   6.7378
#        1892       0.01755      4.41      2.00     7   6.7379
#        1894       0.01749      4.33      2.00     6   6.7388
#        1895       0.01520      6.05      2.00     6   6.7388
#        1896       0.01517      6.37      2.00     6   6.7395
#        1897       0.02997      9.53      2.00     7   6.7397
#        1898       0.02402      4.97      2.00     7   6.7399
#        1899       0.03680      8.01      2.00     7   6.7398
#        1900       0.02006     18.32      2.00     6   6.7406
#        1902       0.03243     10.25      2.00     7   6.7421
#        1903       0.02930      8.00      2.00     7   6.7423
#        1904       0.03118      6.27      2.00     7   6.7423
#        1905       0.01719      9.08      2.00     7   6.7423
#        1906       0.02427      6.74      2.00     7   6.7429
#        1907       0.02975     17.25      2.00     7   6.7450
#        1908       0.01117      8.16      2.00     5   6.7460
#        1909       0.02461      7.65      2.00     7   6.7458
#        1911       0.01562      5.83      2.00     7   6.7471
#        1912       0.02322      5.48      2.00     7   6.7472
#        1913       0.02060     11.39      2.00     6   6.7478
#        1914       0.01391      8.96      2.00     6   6.7482
#        1915       0.01941     12.97      2.00     7   6.7505
#        1917       0.00731      7.69      2.00     4   6.7512
#        1919       0.01226     13.31      2.00     6   6.7514
#        1922       0.02119     13.16      2.00     7   6.7511
#        1923       0.02386      4.06      2.00     7   6.7515
#        1924       0.02953     14.63      2.00     7   6.7515
#        1925       0.02175     16.46      2.00     7   6.7515
#        1927       0.02695      7.22      2.00     7   6.7529
#        1928       0.02087      7.50      2.00     6   6.7536
#        1929       0.02052      8.92      2.00     6   6.7534
#        1931       0.01790      4.56      2.00     6   6.7541
#        1932       0.01514      6.43      2.00     6   6.7543
#        1933       0.01513      6.58      2.00     6   6.7541
#        1934       0.02514      7.49      2.00     7   6.7540
#        1936       0.02217      4.59      2.00     7   6.7544
#        1937       0.02437      6.38      2.00     7   6.7553
#        1938       0.01146      7.71      2.00     7   6.7551
#        1940       0.01884      4.17      2.00     7   6.7567
#        1941       0.02430      7.36      2.00     7   6.7577
#        1942       0.02569      7.08      2.00     7   6.7577
#        1944       0.01605      6.65      2.00     7   6.7592
#        1945       0.02067     12.79      2.00     7   6.7602
#        1946       0.00666      5.86      2.00     5   6.7606
#        1947       0.01207      9.34      2.00     6   6.7606
#        1948       0.01585     34.60      2.00     7   6.7609
#        1949       0.03045     12.29      2.00     5   6.7615
#        1950       0.01881      4.49      1.00     6   6.7636
#        1951       0.01791      4.96      2.00     7   6.7650
#        1954       0.00581      6.59      2.00     4   6.7670
#        1955       0.01189     11.73      2.00     7   6.7677
#        1957       0.01591      4.23      2.00     6   6.7723
#        1959       0.01381      6.15      2.00     6   6.7739
#        1960       0.01080    195.50      2.00     7   6.7742
#        1961       0.02329      5.99      2.00     7   6.7750
#        1962       0.01960     13.38      2.00     7   6.7749
#        1963       0.02387      4.53      2.00     7   6.7748
#        1964       0.00570     12.71      2.00     5   6.7753
#        1965       0.02981     17.49      2.00     7   6.7753
#        1966       0.02245     14.85      2.00     7   6.7753
#        1967       0.02137     13.51      2.00     7   6.7764
#        1968       0.00715      7.01      2.00     4   6.7779
#        1969       0.02580      7.10      2.00     7   6.7778
#        1970       0.02756      4.13      2.00     7   6.7783
#        1971       0.02247      5.27      2.00     7   6.7783
#        1972       0.02453      7.78      2.00     7   6.7795
#        1973       0.01805      7.12      2.00     7   6.7823
#        1975       0.01813      7.22      2.00     7   6.7825
#        1976       0.02456      7.89      2.00     7   6.7827
#        1977       0.02597      6.62      2.00     7   6.7827
#        1978       0.01916      4.86      2.00     7   6.7824
#        1979       0.02944     10.04      2.00     7   6.7829
#        1980       0.00591      5.60      2.00     5   6.7835
#        1981       0.01543      5.31      2.00     5   6.7837
#        1982       0.01143     61.07      2.00     7   6.7839
#        1983       0.02061     14.33      2.00     7   6.7852
#        1984       0.02444      7.11      2.00     7   6.7851
#        1985       0.02122      5.49      2.00     6   6.7857
#        1986       0.02179      5.59      2.00     6   6.7858
#        1987       0.01760      8.60      2.00     7   6.7868
#        1988       0.02304     20.00      2.00     7   6.7867
#        1989       0.01785     15.09      2.00     6   6.7876
#        1990       0.01930      6.11      2.00     7   6.7871
#        1991       0.01956      7.22      2.00     7   6.7871
#        1992       0.01764      9.08      2.00     7   6.7875
#        1993       0.02271     21.41      2.00     7   6.7875
#        1994       0.01929      6.07      2.00     7   6.7879
#        1996       0.02574      7.29      2.00     5   6.7885
#        1997       0.01901      4.09      1.00     6   6.7886
#        1998       0.01784      5.68      2.00     7   6.7886
#        1999       0.02137     11.90      2.00     7   6.7886
#        2000       0.02130     11.84      2.00     7   6.7885
#        2001       0.02110     10.17      2.00     7   6.7886
#        2003       0.01907     14.00      2.00     7   6.7892
#        2004       0.02369      5.42      2.00     7   6.7889
#        2005       0.02900     22.26      2.00     7   6.7893
#        2006       0.01533     10.77      2.00     7   6.7893
#        2007       0.02321      9.51      2.00     7   6.7893
#        2008       0.03235      6.30      2.00     7   6.7904
#        2009       0.02240      7.72      2.00     7   6.7906
#        2010       0.01795     31.58      2.00     7   6.7904
#        2011       0.04631      6.43      2.00     7   6.7912
#        2012       0.02593      6.17      2.00     7   6.7916
#        2013       0.02811      4.78      2.00     7   6.7933
#        2014       0.03202      6.13      2.00     7   6.7945
#        2015       0.02485      8.23      2.00     7   6.7942
#        2016       0.02121     13.60      2.00     7   6.7942
#        2017       0.02287     12.39      2.00     7   6.7950
#        2018       0.04491      6.19      2.00     7   6.7953
#        2019       0.02266      6.39      2.00     7   6.7954
#        2020       0.02746      4.75      2.00     7   6.7954
#        2021       0.01692      5.77      2.00     7   6.7952
#        2022       0.00781     12.75      2.00     6   6.7958
#        2023       0.01110     20.06      2.00     6   6.7958
#        2024       0.01462      4.39      2.00     6   6.7966
#        2025       0.01461      9.35      2.00     6   6.7968
#        2026       0.02158      5.00      2.00     7   6.7971
#        2027       0.02366      4.83      2.00     7   6.7975
#        2028       0.01645      7.07      2.00     7   6.7976
#        2029       0.01781      6.56      2.00     7   6.7981
#        2030       0.01954      7.16      2.00     7   6.7983
#        2031       0.02577      5.51      2.00     7   6.7985
#        2032       0.02446      8.13      2.00     7   6.7985
#        2033       0.01801      9.77      2.00     7   6.8009
#        2034       0.01988     19.18      2.00     7   6.8007
#        2037       0.02950     12.11      2.00     5   6.8042
#        2038       0.01761      7.94      2.00     7   6.8039
#        2039       0.01783     11.33      2.00     7   6.8039
#        2040       0.01797     11.21      2.00     7   6.8041
#        2045       0.02347      7.38      2.00     7   6.8085
#        2046       0.01708      5.35      2.00     7   6.8087
#        2047       0.02392      7.11      2.00     7   6.8099
#        2048       0.01411      4.80      2.00     5   6.8125
#        2049       0.01654      7.00      2.00     7   6.8128
#        2050       0.02398      6.20      2.00     7   6.8133
#        2051       0.01655      6.80      2.00     7   6.8131
#        2052       0.00721      7.76      2.00     4   6.8137
#        2054       0.01574      4.18      2.00     6   6.8143
#        2056       0.02104      4.98      2.00     6   6.8157
#        2057       0.00708      7.66      2.00     4   6.8165
#        2058       0.01246     10.73      2.00     6   6.8196
#        2059       0.00814      7.09      2.00     6   6.8196
#        2060       0.01657      6.23      2.00     6   6.8276
#        2061       0.04105     12.42      2.00     7   6.8291
#        2063       0.12065      6.68      2.00     7   6.8300
#        2064       0.04767      6.51      2.00     7   6.8298
#        2065       0.01573      9.21      2.00     7   6.8301
#        2066       0.01566      6.62      2.00     7   6.8301
#        2067       0.01831      7.93      2.00     7   6.8316
#        2068       0.05037      9.20      2.00     7   6.8321
#        2069       0.02919      4.27      2.00     7   6.8322
#        2074       0.08176      9.19      2.00     7   6.8327
#        2075       0.01583      9.09      2.00     7   6.8333
#        2076       0.01575      6.41      2.00     7   6.8333
#        2077       0.01994     30.20      2.00     7   6.8349
#        2078       0.03424      9.40      2.00     7   6.8350
#        2079       0.01670     19.81      2.00     7   6.8349
#        2080       0.03486     14.20      2.00     7   6.8349
#        2081       0.03726      9.00      2.00     7   6.8351
#        2082       0.02694      5.54      2.00     6   6.8354
#        2083       0.01663      4.41      2.00     6   6.8352
#        2085       0.02428      5.51      2.00     6   6.8362
#        2086       0.01590     17.40      2.00     6   6.8369
#        2090       0.01870     32.26      2.00     7   6.8374
#        2091       0.01839      8.48      2.00     7   6.8387
#        2094       0.01180      6.07      2.00     6   6.8399
#        2095       0.02097     12.12      2.00     6   6.8407
#        2099       0.03458     12.29      2.00     6   6.8468
#        2100       0.01579      7.56      2.00     7   6.8488
#        2101       0.01575      5.18      2.00     7   6.8488
#        2102       0.02439     17.05      2.00     6   6.8495
#        2103       0.01848      8.65      2.00     7   6.8490
#        2105       0.01673     15.99      2.00     7   6.8504
#        2106       0.01542      4.37      2.00     7   6.8525
#        2110       0.01818      4.32      2.00     7   6.8562
#        2113       0.01230      8.02      2.00     6   6.8583
#        2114       0.03125      5.03      2.00     7   6.8583
#        2115       0.01907     13.30      2.00     7   6.8590
#        2116       0.02507      5.16      2.00     7   6.8597
#        2118       0.05936      4.55      2.00     7   6.8607
#        2119       0.04600      4.77      2.00     7   6.8607
#        2120       0.01759      5.53      2.00     7   6.8616
#        2121       0.02854     14.50      2.00     7   6.8617
#        2122       0.01760     14.33      2.00     7   6.8634
#        2123       0.03856     20.84      2.00     7   6.8632
#        2124       0.01935     11.39      2.00     7   6.8639
#        2125       0.01966      7.95      2.00     5   6.8642
#        2126       0.01768      5.88      2.00     7   6.8640
#        2127       0.01967      7.39      2.00     5   6.8659
#        2128       0.01763     13.08      2.00     7   6.8657
#        2129       0.02529      9.98      2.00     7   6.8663
#        2130       0.02846      9.62      2.00     7   6.8669
#        2131       0.02316      6.08      2.00     7   6.8694
#        2132       0.01380      6.58      2.00     6   6.8708
#        2133       0.01538      5.16      2.00     5   6.8720
#        2134       0.02278      5.49      2.00     7   6.8725
#        2135       0.01517     14.11      2.00     6   6.8733
#        2136       0.01746      4.59      2.00     7   6.8745
#        2137       0.01877      5.11      2.00     7   6.8748
#        2138       0.02004     13.95      2.00     7   6.8747
#        2139       0.03127     21.10      2.00     7   6.8749
#        2141       0.01695      5.94      2.00     7   6.8771
#        2145       0.01481      8.05      2.00     6   6.8801
#        2146       0.01734      5.99      2.00     7   6.8811
#        2147       0.00693      4.19      2.00     5   6.8857
#        2148       0.00690      4.14      2.00     5   6.8857
#        2149       0.02341      5.61      2.00     7   6.8858
#        2150       0.02787      8.06      2.00     7   6.8858
#        2152       0.01598     52.37      2.00     7   6.8867
#        2153       0.02164     20.67      2.00     7   6.8885
#        2154       0.00639      7.11      2.00     5   6.8912
#        2155       0.02735     15.36      2.00     6   6.8915
#        2156       0.01771     10.10      2.00     7   6.8924
#        2161       0.00617      4.97      2.00     4   6.8943
#        2162       0.01084      6.71      2.00     6   6.8953
#        2163       0.01702      4.85      2.00     7   6.8961
#        2164       0.01799      5.14      2.00     7   6.8973
#        2165       0.07185      9.23      2.00     7   6.8977
#        2166       0.03716      9.33      2.00     7   6.8978
#        2167       0.01722      4.00      2.00     7   6.8989
#        2168       0.01607     16.21      2.00     6   6.9011
#        2169       0.01586      4.09      2.00     7   6.9015
#        2171       0.01616      4.74      2.00     6   6.9025
#        2172       0.05484      8.90      2.00     7   6.9027
#  1634/2000 paths used
#  -----------------------------------------------------------------------
#       k          chi          mag           phase @#
     0.0000    9.467553E+00  9.565410E+00  1.427634E+00
     0.0500    9.343935E+00  9.394636E+00  1.466858E+00
     0.1000    9.205982E+00  9.225231E+00  1.506185E+00
     0.1500    8.738040E+00  8.749487E+00  1.621956E+00
     0.2000    8.168745E+00  8.285135E+00  1.738612E+00
     0.2500    7.135076E+00  7.610217E+00  1.926030E+00
     0.3000    5.954231E+00  6.961691E+00  2.115492E+00
     0.3500    4.360867E+00  6.233947E+00  2.366845E+00
     0.4000    2.759732E+00  5.543108E+00  2.620455E+00
     0.4500    1.071490E+00  4.886755E+00  2.920533E+00
     0.5000   -3.344093E-01  4.262869E+00  3.220120E+00
     0.5500   -1.481165E+00  3.739746E+00  3.548815E+00
     0.6000   -2.152629E+00  3.230394E+00  3.870919E+00
     0.6500   -2.481176E+00  2.842496E+00  4.202680E+00
     0.7000   -2.402643E+00  2.447939E+00  4.519718E+00
     0.7500   -2.145706E+00  2.161210E+00  4.832243E+00
     0.8000   -1.704721E+00  1.859175E+00  5.122884E+00
     0.8500   -1.265664E+00  1.643449E+00  5.404145E+00
     0.9000   -8.273398E-01  1.415761E+00  5.659072E+00
     0.9500   -4.565735E-01  1.249165E+00  5.909012E+00
     1.0000   -1.633107E-01  1.077991E+00  6.131104E+00
     1.0500    7.011343E-02  9.531812E-01  6.356809E+00
     1.1000    2.242063E-01  8.274135E-01  6.557589E+00
     1.1500    3.380655E-01  7.254430E-01  6.767964E+00
     1.2000    3.885276E-01  6.247720E-01  6.954315E+00
     1.2500    4.076874E-01  5.362939E-01  7.146797E+00
     1.3000    3.865615E-01  4.516546E-01  7.310433E+00
     1.3500    3.483296E-01  3.760074E-01  7.467896E+00
     1.4000    2.968982E-01  3.084225E-01  7.579754E+00
     1.4500    2.490722E-01  2.537182E-01  7.662317E+00
     1.5000    2.101971E-01  2.132414E-01  7.684805E+00
     1.5500    1.862913E-01  1.887265E-01  7.693163E+00
     1.6000    1.752807E-01  1.774316E-01  7.698118E+00
     1.6500    1.706763E-01  1.714635E-01  7.758119E+00
     1.7000    1.667568E-01  1.667576E-01  7.850786E+00
     1.7500    1.560945E-01  1.573676E-01  7.981272E+00
     1.8000    1.373668E-01  1.423945E-01  8.120508E+00
     1.8500    1.132632E-01  1.225279E-01  8.245352E+00
     1.9000    9.265146E-02  1.034500E-01  8.314963E+00
     1.9500    7.703826E-02  8.153277E-02  8.187566E+00
     2.0000    7.331915E-02  7.921406E-02  8.242206E+00
     2.0500    7.322657E-02  7.811297E-02  8.209562E+00
     2.1000    7.708883E-02  8.287803E-02  8.229962E+00
     2.1500    7.799343E-02  8.722416E-02  8.318199E+00
     2.2000    7.333124E-02  8.725983E-02  8.426798E+00
     2.2500    6.025575E-02  7.910681E-02  8.558843E+00
     2.3000    5.105470E-02  7.154478E-02  8.630147E+00
     2.3500    4.763131E-02  6.709401E-02  8.635395E+00
     2.4000    4.983490E-02  6.796556E-02  8.601707E+00
     2.4500    5.130311E-02  7.087345E-02  8.615384E+00
     2.5000    5.379512E-02  7.734187E-02  8.655593E+00
     2.5500    5.512022E-02  8.667154E-02  8.735517E+00
     2.6000    5.262810E-02  9.772768E-02  8.856101E+00
     2.6500    4.208946E-02  1.053317E-01  9.013709E+00
     2.7000    2.645156E-02  1.129976E-01  9.188496E+00
     2.7500    5.776609E-03  1.202431E-01  9.376718E+00
     2.8000   -1.884538E-02  1.266433E-01  9.574139E+00
     2.8500   -4.363849E-02  1.287823E-01  9.770477E+00
     2.9000   -6.736282E-02  1.301573E-01  9.968762E+00
     2.9500   -8.844530E-02  1.307916E-01  1.016741E+01
     3.0000   -1.055961E-01  1.307518E-01  1.036486E+01
     3.0500   -1.166526E-01  1.290207E-01  1.055414E+01
     3.1000   -1.231663E-01  1.272501E-01  1.074154E+01
     3.1500   -1.252392E-01  1.255290E-01  1.092761E+01
     3.2000   -1.230518E-01  1.239040E-01  1.111293E+01
     3.2500   -1.165937E-01  1.220169E-01  1.129484E+01
     3.3000   -1.066639E-01  1.204616E-01  1.147889E+01
     3.3500   -9.315955E-02  1.189326E-01  1.166642E+01
     3.4000   -7.633321E-02  1.171267E-01  1.185653E+01
     3.4500   -5.713323E-02  1.150044E-01  1.204647E+01
     3.5000   -3.633996E-02  1.126047E-01  1.223777E+01
     3.5500   -1.500582E-02  1.098761E-01  1.242937E+01
     3.6000    5.728706E-03  1.068204E-01  1.262003E+01
     3.6500    2.446783E-02  1.034071E-01  1.280525E+01
     3.7000    4.073124E-02  9.983981E-02  1.298660E+01
     3.7500    5.409386E-02  9.627623E-02  1.316300E+01
     3.8000    6.450934E-02  9.289799E-02  1.333397E+01
     3.8500    7.220749E-02  9.007475E-02  1.349640E+01
     3.9000    7.774617E-02  8.777144E-02  1.365454E+01
     3.9500    8.153637E-02  8.609156E-02  1.381041E+01
     4.0000    8.382651E-02  8.506007E-02  1.396665E+01
     4.0500    8.480625E-02  8.481374E-02  1.412388E+01
     4.1000    8.410482E-02  8.504873E-02  1.428629E+01
     4.1500    8.129017E-02  8.559016E-02  1.445549E+01
     4.2000    7.588755E-02  8.623910E-02  1.463217E+01
     4.2500    6.776930E-02  8.700045E-02  1.481497E+01
     4.3000    5.663996E-02  8.753757E-02  1.500427E+01
     4.3500    4.274396E-02  8.771581E-02  1.519897E+01
     4.4000    2.669664E-02  8.744354E-02  1.539771E+01
     4.4500    9.480498E-03  8.686957E-02  1.559861E+01
     4.5000   -7.955059E-03  8.580480E-02  1.580081E+01
     4.5500   -2.450344E-02  8.427300E-02  1.600299E+01
     4.6000   -3.918007E-02  8.232798E-02  1.620395E+01
     4.6500   -5.135902E-02  8.019887E-02  1.640298E+01
     4.7000   -6.052551E-02  7.782455E-02  1.659899E+01
     4.7500   -6.653135E-02  7.529788E-02  1.679141E+01
     4.8000   -6.948598E-02  7.270914E-02  1.697989E+01
     4.8500   -6.978299E-02  7.023527E-02  1.716521E+01
     4.9000   -6.769411E-02  6.785071E-02  1.734671E+01
     4.9500   -6.362822E-02  6.560442E-02  1.752483E+01
     5.0000   -5.796827E-02  6.352525E-02  1.770014E+01
     5.0500   -5.106798E-02  6.169138E-02  1.787439E+01
     5.1000   -4.316905E-02  6.004043E-02  1.804719E+01
     5.1500   -3.452022E-02  5.856190E-02  1.821916E+01
     5.2000   -2.535046E-02  5.724101E-02  1.839076E+01
     5.2500   -1.581610E-02  5.612741E-02  1.856390E+01
     5.3000   -6.166712E-03  5.514328E-02  1.873749E+01
     5.3500    3.379074E-03  5.427555E-02  1.891185E+01
     5.4000    1.260362E-02  5.351300E-02  1.908731E+01
     5.4500    2.142177E-02  5.290536E-02  1.926643E+01
     5.5000    2.948676E-02  5.237150E-02  1.944760E+01
     5.5500    3.655474E-02  5.189088E-02  1.963121E+01
     5.6000    4.237359E-02  5.143826E-02  1.981760E+01
     5.6500    4.677887E-02  5.103340E-02  2.000913E+01
     5.7000    4.940384E-02  5.058536E-02  2.020380E+01
     5.7500    5.005249E-02  5.006136E-02  2.040152E+01
     5.8000    4.861734E-02  4.943134E-02  2.060208E+01
     5.8500    4.514532E-02  4.873597E-02  2.080661E+01
     5.9000    3.972409E-02  4.789039E-02  2.101297E+01
     5.9500    3.265936E-02  4.688685E-02  2.122056E+01
     6.0000    2.438345E-02  4.572711E-02  2.142872E+01
     6.0500    1.541806E-02  4.460765E-02  2.163823E+01
     6.1000    6.234591E-03  4.336440E-02  2.184688E+01
     6.1500   -2.643593E-03  4.202135E-02  2.205410E+01
     6.2000   -1.076442E-02  4.060628E-02  2.225945E+01
     6.2500   -1.778026E-02  3.914821E-02  2.246260E+01
     6.3000   -2.346141E-02  3.767479E-02  2.266338E+01
     6.3500   -2.769120E-02  3.620995E-02  2.286179E+01
     6.4000   -3.044842E-02  3.477222E-02  2.305794E+01
     6.4500   -3.178416E-02  3.337383E-02  2.325206E+01
     6.5000   -3.180002E-02  3.202090E-02  2.344442E+01
     6.5500   -3.089985E-02  3.098880E-02  2.363773E+01
     6.6000   -2.891975E-02  2.999009E-02  2.382992E+01
     6.6500   -2.601572E-02  2.902074E-02  2.402104E+01
     6.7000   -2.236675E-02  2.807748E-02  2.421108E+01
     6.7500   -1.816922E-02  2.715917E-02  2.439989E+01
     6.8000   -1.362726E-02  2.626760E-02  2.458731E+01
     6.8500   -8.939982E-03  2.540739E-02  2.477318E+01
     6.9000   -4.288467E-03  2.458525E-02  2.495741E+01
     6.9500    1.742984E-04  2.380856E-02  2.514006E+01
     7.0000    4.327779E-03  2.308382E-02  2.532134E+01
     7.0500    8.193735E-03  2.251938E-02  2.550514E+01
     7.1000    1.159829E-02  2.200228E-02  2.568797E+01
     7.1500    1.448031E-02  2.153372E-02  2.587025E+01
     7.2000    1.679270E-02  2.111188E-02  2.605243E+01
     7.2500    1.849746E-02  2.073236E-02  2.623494E+01
     7.3000    1.956419E-02  2.038901E-02  2.641813E+01
     7.3500    1.997204E-02  2.007493E-02  2.660225E+01
     7.4000    1.971374E-02  1.978339E-02  2.678747E+01
     7.4500    1.880003E-02  1.950852E-02  2.697387E+01
     7.5000    1.726271E-02  1.924566E-02  2.716148E+01
     7.5500    1.516254E-02  1.900224E-02  2.735047E+01
     7.6000    1.258043E-02  1.877583E-02  2.754008E+01
     7.6500    9.606129E-03  1.856584E-02  2.773051E+01
     7.7000    6.338953E-03  1.837047E-02  2.792203E+01
     7.7500    2.887380E-03  1.818645E-02  2.811489E+01
     7.8000   -6.304792E-04  1.800892E-02  2.830935E+01
     7.8500   -4.086868E-03  1.783173E-02  2.850558E+01
     7.9000   -7.346313E-03  1.764791E-02  2.870367E+01
     7.9500   -1.027063E-02  1.745034E-02  2.890361E+01
     8.0000   -1.272725E-02  1.723245E-02  2.910527E+01
     8.0500   -1.463578E-02  1.703545E-02  2.930791E+01
     8.1000   -1.589248E-02  1.681825E-02  2.951179E+01
     8.1500   -1.644140E-02  1.657805E-02  2.971665E+01
     8.2000   -1.626524E-02  1.631367E-02  2.992221E+01
     8.2500   -1.538792E-02  1.602557E-02  3.012817E+01
     8.3000   -1.387275E-02  1.571566E-02  3.033428E+01
     8.3500   -1.181630E-02  1.538692E-02  3.054030E+01
     8.4000   -9.339483E-03  1.504289E-02  3.074609E+01
     8.4500   -6.577616E-03  1.468721E-02  3.095157E+01
     8.5000   -3.670931E-03  1.432305E-02  3.115674E+01
     8.5500   -7.521415E-04  1.403103E-02  3.136230E+01
     8.6000    2.076395E-03  1.373728E-02  3.156766E+01
     8.6500    4.698338E-03  1.344242E-02  3.177298E+01
     8.7000    7.010587E-03  1.314599E-02  3.197841E+01
     8.7500    8.925694E-03  1.284669E-02  3.218405E+01
     8.8000    1.037479E-02  1.254284E-02  3.238994E+01
     8.8500    1.131110E-02  1.223281E-02  3.259605E+01
     8.9000    1.171333E-02  1.191546E-02  3.280227E+01
     8.9500    1.158774E-02  1.159047E-02  3.300843E+01
     9.0000    1.096802E-02  1.125844E-02  3.321435E+01
     9.0500    9.983663E-03  1.100689E-02  3.342132E+01
     9.1000    8.616953E-03  1.075168E-02  3.362780E+01
     9.1500    6.950284E-03  1.049466E-02  3.383368E+01
     9.2000    5.074616E-03  1.023789E-02  3.403891E+01
     9.2500    3.083308E-03  9.983286E-03  3.424354E+01
     9.3000    1.067067E-03  9.732377E-03  3.444766E+01
     9.3500   -8.895317E-04  9.486005E-03  3.465143E+01
     9.4000   -2.710043E-03  9.244213E-03  3.485505E+01
     9.4500   -4.327244E-03  9.006254E-03  3.505871E+01
     9.5000   -5.684052E-03  8.770738E-03  3.526257E+01
     9.5500   -6.784806E-03  8.590614E-03  3.546799E+01
     9.6000   -7.555905E-03  8.410117E-03  3.567370E+01
     9.6500   -7.974511E-03  8.227602E-03  3.587964E+01
     9.7000   -8.034498E-03  8.041812E-03  3.608566E+01
     9.7500   -7.747649E-03  7.852058E-03  3.629157E+01
     9.8000   -7.143338E-03  7.658312E-03  3.649713E+01
     9.8500   -6.266438E-03  7.461199E-03  3.670207E+01
     9.9000   -5.173641E-03  7.261918E-03  3.690615E+01
     9.9500   -3.928740E-03  7.062092E-03  3.710917E+01
    10.0000   -2.597636E-03  6.863580E-03  3.731097E+01
    10.0500   -1.240712E-03  6.697842E-03  3.751280E+01
    10.1000    9.436320E-05  6.535407E-03  3.771355E+01
    10.1500    1.355320E-03  6.377496E-03  3.791326E+01
    10.2000    2.497800E-03  6.225108E-03  3.811199E+01
    10.2500    3.486054E-03  6.079006E-03  3.830983E+01
    10.3000    4.293060E-03  5.939722E-03  3.850692E+01
    10.3500    4.900269E-03  5.807589E-03  3.870338E+01
    10.4000    5.297133E-03  5.682777E-03  3.889939E+01
    10.4500    5.480505E-03  5.565320E-03  3.909510E+01
    10.5000    5.453941E-03  5.455122E-03  3.929072E+01
    10.5500    5.226965E-03  5.351946E-03  3.948644E+01
    10.6000    4.814367E-03  5.255387E-03  3.968251E+01
    10.6500    4.235620E-03  5.164833E-03  3.987914E+01
    10.7000    3.514486E-03  5.079449E-03  4.007658E+01
    10.7500    2.678809E-03  4.998165E-03  4.027506E+01
    10.8000    1.760384E-03  4.919702E-03  4.047477E+01
    10.8500    7.947240E-04  4.842630E-03  4.067585E+01
    10.9000   -1.795265E-04  4.765444E-03  4.087839E+01
    10.9500   -1.121726E-03  4.686666E-03  4.108239E+01
    11.0000   -1.991020E-03  4.604945E-03  4.128782E+01
    11.0500   -2.775044E-03  4.559414E-03  4.149505E+01
    11.1000   -3.426252E-03  4.510446E-03  4.170344E+01
    11.1500   -3.914422E-03  4.457275E-03  4.191281E+01
    11.2000   -4.217534E-03  4.399430E-03  4.212294E+01
    11.2500   -4.323592E-03  4.336742E-03  4.233361E+01
    11.3000   -4.231571E-03  4.269322E-03  4.254458E+01
    11.3500   -3.951365E-03  4.197520E-03  4.275567E+01
    11.4000   -3.502786E-03  4.121868E-03  4.296668E+01
    11.4500   -2.913791E-03  4.043008E-03  4.317749E+01
    11.5000   -2.218240E-03  3.961629E-03  4.338799E+01
    11.5500   -1.453492E-03  3.878391E-03  4.359815E+01
    11.6000   -6.581040E-04  3.793878E-03  4.380795E+01
    11.6500    1.301963E-04  3.708553E-03  4.401741E+01
    11.7000    8.761849E-04  3.622749E-03  4.422658E+01
    11.7500    1.548493E-03  3.536666E-03  4.443549E+01
    11.8000    2.120685E-03  3.450398E-03  4.464420E+01
    11.8500    2.572129E-03  3.363966E-03  4.485274E+01
    11.9000    2.888652E-03  3.277366E-03  4.506110E+01
    11.9500    3.062970E-03  3.190600E-03  4.526929E+01
    12.0000    3.094798E-03  3.103713E-03  4.547728E+01
    12.0500    3.026901E-03  3.055480E-03  4.568997E+01
    12.1000    2.824464E-03  3.006302E-03  4.590268E+01
    12.1500    2.501205E-03  2.956260E-03  4.611532E+01
    12.2000    2.076326E-03  2.905515E-03  4.632782E+01
    12.2500    1.573191E-03  2.854278E-03  4.654012E+01
    12.3000    1.017860E-03  2.802759E-03  4.675223E+01
    12.3500    4.376377E-04  2.751136E-03  4.696414E+01
    12.4000   -1.402615E-04  2.699531E-03  4.717587E+01
    12.4500   -6.898978E-04  2.648007E-03  4.738747E+01
    12.5000   -1.187648E-03  2.596572E-03  4.759895E+01
    12.5500   -1.613128E-03  2.545200E-03  4.781034E+01
    12.6000   -1.949996E-03  2.493858E-03  4.802163E+01
    12.6500   -2.186599E-03  2.442530E-03  4.823281E+01
    12.7000   -2.316406E-03  2.391232E-03  4.844386E+01
    12.7500   -2.338155E-03  2.340021E-03  4.865476E+01
    12.8000   -2.255686E-03  2.288989E-03  4.886548E+01
    12.8500   -2.077464E-03  2.238244E-03  4.907603E+01
    12.9000   -1.815876E-03  2.187889E-03  4.928643E+01
    12.9500   -1.486380E-03  2.137993E-03  4.949675E+01
    13.0000   -1.106631E-03  2.088567E-03  4.970706E+01
    13.0500   -7.019399E-04  2.052720E-03  4.991648E+01
    13.1000   -2.800430E-04  2.016874E-03  5.012618E+01
    13.1500    1.398851E-04  1.980828E-03  5.033616E+01
    13.2000    5.390576E-04  1.944382E-03  5.054640E+01
    13.2500    8.999547E-04  1.907359E-03  5.075685E+01
    13.3000    1.207216E-03  1.869619E-03  5.096742E+01
    13.3500    1.448474E-03  1.831079E-03  5.117801E+01
    13.4000    1.615041E-03  1.791720E-03  5.138845E+01
    13.4500    1.702364E-03  1.751600E-03  5.159862E+01
    13.5000    1.710183E-03  1.710851E-03  5.180833E+01
    13.5500    1.642354E-03  1.669676E-03  5.201743E+01
    13.6000    1.506361E-03  1.628339E-03  5.222580E+01
    13.6500    1.312567E-03  1.587144E-03  5.243333E+01
    13.7000    1.073317E-03  1.546417E-03  5.263995E+01
    13.7500    8.019980E-04  1.506474E-03  5.284568E+01
    13.8000    5.121920E-04  1.467600E-03  5.305057E+01
    13.8500    2.169877E-04  1.430016E-03  5.325475E+01
    13.9000   -7.149022E-05  1.393863E-03  5.345839E+01
    13.9500   -3.423543E-04  1.359187E-03  5.366170E+01
    14.0000   -5.860825E-04  1.325939E-03  5.386492E+01
    14.0500   -8.058726E-04  1.307292E-03  5.407129E+01
    14.1000   -9.861286E-04  1.289426E-03  5.427778E+01
    14.1500   -1.120475E-03  1.272240E-03  5.448444E+01
    14.2000   -1.204438E-03  1.255639E-03  5.469132E+01
    14.2500   -1.235643E-03  1.239551E-03  5.489844E+01
    14.3000   -1.213925E-03  1.223931E-03  5.510583E+01
    14.3500   -1.141314E-03  1.208761E-03  5.531351E+01
    14.4000   -1.021888E-03  1.194036E-03  5.552152E+01
    14.4500   -8.615356E-04  1.179746E-03  5.572995E+01
    14.5000   -6.676698E-04  1.165859E-03  5.593889E+01
    14.5500   -4.489409E-04  1.152299E-03  5.614847E+01
    14.6000   -2.149619E-04  1.138948E-03  5.635879E+01
    14.6500    2.397090E-05  1.125640E-03  5.656996E+01
    14.7000    2.572051E-04  1.112181E-03  5.678204E+01
    14.7500    4.741520E-04  1.098369E-03  5.699503E+01
    14.8000    6.648118E-04  1.084016E-03  5.720888E+01
    14.8500    8.203726E-04  1.068977E-03  5.742350E+01
    14.9000    9.338061E-04  1.053159E-03  5.763876E+01
    14.9500    1.000364E-03  1.036529E-03  5.785453E+01
    15.0000    1.017891E-03  1.019103E-03  5.807068E+01
    15.0500    9.935576E-04  1.007271E-03  5.828467E+01
    15.1000    9.235555E-04  9.943389E-04  5.849906E+01
    15.1500    8.122476E-04  9.802878E-04  5.871369E+01
    15.2000    6.662203E-04  9.651344E-04  5.892837E+01
    15.2500    4.938404E-04  9.489269E-04  5.914292E+01
    15.3000    3.046825E-04  9.317450E-04  5.935713E+01
    15.3500    1.088742E-04  9.137004E-04  5.957082E+01
    15.4000   -8.358264E-05  8.949372E-04  5.978379E+01
    15.4500   -2.634554E-04  8.756315E-04  5.999587E+01
    15.5000   -4.228249E-04  8.559876E-04  6.020690E+01
    15.5500   -5.554770E-04  8.362314E-04  6.041677E+01
    15.6000   -6.571061E-04  8.165985E-04  6.062541E+01
    15.6500   -7.253251E-04  7.973199E-04  6.083283E+01
    15.7000   -7.595068E-04  7.786041E-04  6.103912E+01
    15.7500   -7.605154E-04  7.606206E-04  6.124443E+01
    15.8000   -7.303943E-04  7.434850E-04  6.144899E+01
    15.8500   -6.720791E-04  7.272503E-04  6.165308E+01
    15.9000   -5.891789E-04  7.119037E-04  6.185702E+01
    15.9500   -4.858412E-04  6.973707E-04  6.206110E+01
    16.0000   -3.666828E-04  6.835252E-04  6.226562E+01
    16.0500   -2.402844E-04  6.732728E-04  6.246692E+01
    16.1000   -1.074199E-04  6.634337E-04  6.266922E+01
    16.1500    2.668290E-05  6.537835E-04  6.287268E+01
    16.2000    1.565311E-04  6.440969E-04  6.307734E+01
    16.2500    2.765857E-04  6.341644E-04  6.328316E+01
    16.3000    3.815704E-04  6.238068E-04  6.349004E+01
    16.3500    4.668326E-04  6.128847E-04  6.369778E+01
    16.4000    5.287049E-04  6.013054E-04  6.390616E+01
    16.4500    5.648086E-04  5.890237E-04  6.411492E+01
    16.5000    5.742493E-04  5.760413E-04  6.432375E+01
    16.5500    5.576754E-04  5.624017E-04  6.453238E+01
    16.6000    5.171895E-04  5.481844E-04  6.474053E+01
    16.6500    4.561302E-04  5.334970E-04  6.494793E+01
    16.7000    3.787567E-04  5.184678E-04  6.515435E+01
    16.7500    2.898807E-04  5.032380E-04  6.535958E+01
    16.8000    1.944915E-04  4.879544E-04  6.556347E+01
    16.8500    9.741435E-05  4.727635E-04  6.576591E+01
    16.9000    3.033020E-06  4.578053E-04  6.596682E+01
    16.9500   -8.490578E-05  4.432086E-04  6.616621E+01
    17.0000   -1.634015E-04  4.290867E-04  6.636412E+01
    17.0500   -2.329915E-04  4.182287E-04  6.656432E+01
    17.1000   -2.898821E-04  4.080898E-04  6.676343E+01
    17.1500   -3.329573E-04  3.987089E-04  6.696174E+01
    17.2000   -3.615926E-04  3.900912E-04  6.715963E+01
    17.2500   -3.755628E-04  3.822092E-04  6.735748E+01
    17.3000   -3.749800E-04  3.750045E-04  6.755567E+01
    17.3500   -3.602728E-04  3.683917E-04  6.775458E+01
    17.4000   -3.322017E-04  3.622640E-04  6.795451E+01
    17.4500   -2.919015E-04  3.565004E-04  6.815573E+01
    17.5000   -2.409293E-04  3.509723E-04  6.835843E+01
    17.5500   -1.812972E-04  3.455510E-04  6.856272E+01
    17.6000   -1.154672E-04  3.401141E-04  6.876866E+01
    17.6500   -4.629472E-05  3.345505E-04  6.897621E+01
    17.7000    2.308469E-05  3.287644E-04  6.918531E+01
    17.7500    8.941963E-05  3.226775E-04  6.939583E+01
    17.8000    1.495439E-04  3.162300E-04  6.960761E+01
    17.8500    2.005924E-04  3.093806E-04  6.982048E+01
    17.9000    2.402069E-04  3.021060E-04  7.003422E+01
    17.9500    2.667093E-04  2.943987E-04  7.024865E+01
    18.0000    2.792221E-04  2.862665E-04  7.046353E+01
    18.0500    2.813712E-04  2.813810E-04  7.067749E+01
    18.1000    2.702647E-04  2.760806E-04  7.089146E+01
    18.1500    2.469766E-04  2.704058E-04  7.110518E+01
    18.2000    2.132436E-04  2.644081E-04  7.131843E+01
    18.2500    1.713070E-04  2.581471E-04  7.153101E+01
    18.3000    1.237245E-04  2.516891E-04  7.174273E+01
    18.3500    7.317331E-05  2.451037E-04  7.195347E+01
    18.4000    2.226441E-05  2.384618E-04  7.216313E+01
    18.4500   -2.661211E-05  2.318318E-04  7.237168E+01
    18.5000   -7.139963E-05  2.252762E-04  7.257914E+01
    18.5500   -1.104400E-04  2.188486E-04  7.278560E+01
    18.6000   -1.424945E-04  2.125903E-04  7.299121E+01
    18.6500   -1.667296E-04  2.065276E-04  7.319619E+01
    18.7000   -1.826825E-04  2.006706E-04  7.340078E+01
    18.7500   -1.902200E-04  1.950129E-04  7.360526E+01
    18.8000   -1.895036E-04  1.895327E-04  7.380990E+01
    18.8500   -1.809667E-04  1.841958E-04  7.401495E+01
    18.9000   -1.653022E-04  1.789587E-04  7.422062E+01
    18.9500   -1.434567E-04  1.737735E-04  7.442707E+01
    19.0000   -1.166177E-04  1.685922E-04  7.463436E+01
    19.0500   -8.746080E-05  1.651445E-04  7.484009E+01
    19.1000   -5.570183E-05  1.616561E-04  7.504644E+01
    19.1500   -2.282618E-05  1.581021E-04  7.525334E+01
    19.2000    9.640480E-06  1.544653E-04  7.546068E+01
    19.2500    4.021885E-05  1.507365E-04  7.566831E+01
    19.3000    6.756465E-05  1.469143E-04  7.587610E+01
    19.3500    9.054832E-05  1.430044E-04  7.608389E+01
    19.4000    1.083166E-04  1.390176E-04  7.629154E+01
    19.4500    1.203297E-04  1.349683E-04  7.649896E+01
    19.5000    1.263729E-04  1.308721E-04  7.670605E+01
    19.5500    1.265436E-04  1.267442E-04  7.691275E+01
    19.6000    1.212213E-04  1.225981E-04  7.711903E+01
    19.6500    1.110236E-04  1.184441E-04  7.732487E+01
    19.7000    9.675666E-05  1.142898E-04  7.753027E+01
    19.7500    7.936221E-05  1.101397E-04  7.773521E+01
    19.8000    5.986409E-05  1.059965E-04  7.793966E+01
    19.8500    3.931501E-05  1.018616E-04  7.814356E+01
    19.9000    1.874393E-05  9.773716E-05  7.834684E+01
    19.9500   -8.949591E-07  9.362665E-05  7.854938E+01
    20.0000   -1.876931E-05  8.953614E-05  7.875101E+01
