# # Once                                                         FEFF 10.0.0 
# # POT  SCF 100  9.0000   0, NO core-hole, FOLP (folp(0)= 1.150)
# # Abs   Z=30 Rmt= 1.367 Rnm= 1.512 K  shell
# #   RGRID 0.0100
# # Pot 1 Z= 6 Rmt= 0.895 Rnm= 1.121
# # Pot 2 Z= 6 Rmt= 0.922 Rnm= 1.163
# # Pot 3 Z= 1 Rmt= 0.550 Rnm= 0.958
# # Pot 4 Z=16 Rmt= 1.255 Rnm= 1.476
# # Gam_ch=1.897E+00 H-L exch Vi=-5.000E-01 Vr= 0.000E+00
# # Mu=-7.358E+00eV kf=1.978E+00 Vint=-1.295E+01eV Rs_int= 1.834
# # PATH  Rmax= 9.000,  Keep_limit= 0.00, Heap_limit 0.00  Pwcrit= 2.50%
#  S02=1.000  Temp=  10.00  Debye_temp= 315.00  Global_sig2= 0.00000
#  Energy zero shift, vr, vi    0.00000E+00   0.00000E+00
#  Curved wave amplitude ratio filter   4.000%
#     file         sig2 tot  cw amp ratio   deg  nlegs   reff  inp sig2
#           1       0.00288    100.00      1.00     2   2.3441
#           2       0.00296     99.53      1.00     2   2.3487
#           3       0.00300    198.20      2.00     2   2.3527
#           4       0.02271     14.85      1.00     2   2.9998
#           5       0.03261     13.94      1.00     2   3.0791
#           6       0.02417     12.70      1.00     2   3.1993
#           7       0.02980     12.64      1.00     2   3.2057
#           8       0.03049     12.19      1.00     2   3.2531
#           9       0.00595     43.04      1.00     2   3.2627
#          10       0.00590     42.73      1.00     2   3.2724
#          11       0.00589     42.10      1.00     2   3.2917
#          12       0.00614     42.07      1.00     2   3.2926
#          13       0.03501     11.75      1.00     2   3.3027
#          14       0.02504     10.44      1.00     2   3.4659
#          15       0.01081     32.50      1.00     2   3.6497
#          16       0.01162     20.06      2.00     3   3.6927
#          17       0.00413     50.08      2.00     3   3.7188
#          18       0.00404     50.44      2.00     3   3.7185
#          19       0.00412     49.90      2.00     3   3.7321
#          20       0.00413     49.77      2.00     3   3.7334
#          21       0.01192     13.90      2.00     3   3.7825
#          22       0.01420     13.95      2.00     3   3.7952
#          23       0.01463     12.75      2.00     3   3.8042
#          24       0.01159     29.07      1.00     2   3.8137
#          25       0.01493      9.57      2.00     3   3.8780
#          26       0.01801     23.65      2.00     3   3.9105
#          27       0.02341      7.71      1.00     2   3.9162
#          28       0.01284     11.02      2.00     3   3.9159
#          29       0.01490      9.15      2.00     3   3.9739
#          30       0.01680      9.10      2.00     3   3.9793
#          31       0.01700      8.98      2.00     3   4.0033
#          32       0.02113     12.02      1.00     4   4.0928
#          33       0.01965     18.93      2.00     3   4.1046
#          34       0.01485      8.50      2.00     3   4.1108
#          35       0.03692      6.80      1.00     2   4.1177
#          36       0.00862      4.73      2.00     4   4.1321
#          37       0.00394     11.54      2.00     3   4.1327
#          38       0.00424     11.40      2.00     3   4.1463
#          39       0.01375     18.27      2.00     3   4.1512
#          40       0.00434     18.99      1.00     4   4.1647
#          41       0.00437     18.35      1.00     4   4.1715
#          42       0.03302     11.83      1.00     4   4.1713
#          43       0.00441     19.13      1.00     4   4.1749
#          44       0.00447     18.35      1.00     4   4.1750
#          45       0.01907      4.70      2.00     3   4.2116
#          46       0.00636     27.01      2.00     3   4.2127
#          49       0.01699      6.81      2.00     3   4.2480
#          50       0.01171      6.27      1.00     2   4.2533
#          51       0.01252      6.26      1.00     2   4.2548
#          53       0.00416     12.65      2.00     3   4.2821
#          54       0.00426     12.71      2.00     3   4.2910
#          55       0.01871      9.97      1.00     4   4.2925
#          56       0.02631      9.94      1.00     4   4.2987
#          57       0.01075     28.82      2.00     3   4.3047
#          58       0.00619     23.85      2.00     3   4.3096
#          59       0.03612      6.03      1.00     2   4.3195
#          60       0.01097     27.50      2.00     3   4.3200
#          61       0.01982      4.67      2.00     3   4.3363
#          62       0.01412      8.61      2.00     3   4.3373
#          63       0.02745      9.50      1.00     4   4.3457
#          65       0.04519      5.91      1.00     2   4.3520
#          66       0.01125     36.67      1.00     4   4.3561
#          67       0.01038      5.59      2.00     4   4.3621
#          69       0.00439     15.30      2.00     3   4.3693
#          70       0.00429     15.64      2.00     3   4.3721
#          71       0.01115     33.45      1.00     4   4.3851
#          72       0.01147     11.94      1.00     4   4.3861
#          73       0.00592     18.86      2.00     3   4.3954
#          74       0.03660      9.89      1.00     4   4.3955
#          75       0.01742      6.16      2.00     4   4.4260
#          76       0.02066     11.97      2.00     3   4.4303
#          77       0.00916     19.58      1.00     2   4.4443
#          78       0.01141      8.23      2.00     4   4.4735
#          79       0.00604     18.74      2.00     3   4.4794
#          80       0.02859      4.32      2.00     3   4.4813
#          81       0.01157     11.86      2.00     3   4.4995
#          82       0.01179     11.89      2.00     3   4.5002
#          83       0.01416      5.91      2.00     3   4.5234
#          84       0.00947     29.87      2.00     4   4.5509
#          85       0.01968      6.01      2.00     4   4.5512
#          86       0.01863      7.93      1.00     4   4.5594
#          87       0.00938      4.16      2.00     4   4.5608
#          88       0.00946     28.57      2.00     4   4.5653
#          89       0.01992      5.22      1.00     2   4.5710
#          90       0.01615      6.31      2.00     4   4.5713
#          91       0.00948     10.89      2.00     4   4.5722
#          92       0.01326      6.32      2.00     3   4.5827
#          93       0.01105     13.52      2.00     4   4.5906
#          94       0.01157      8.54      2.00     4   4.6005
#          95       0.01751      4.00      2.00     3   4.6118
#          96       0.02149     11.62      2.00     3   4.6132
#          97       0.00574     36.83      2.00     3   4.6249
#          99       0.01582     21.30      2.00     3   4.6583
#         101       0.00523     14.31      2.00     4   4.6688
#         102       0.00558     17.12      1.00     2   4.6772
#         103       0.01718      9.74      2.00     4   4.6769
#         104       0.01745      9.97      2.00     4   4.6864
#         105       0.00577     12.46      1.00     4   4.6883
#         106       0.02643      5.95      2.00     4   4.6911
#         107       0.00474      4.61      2.00     4   4.6929
#         109       0.00454     10.22      2.00     4   4.6968
#         110       0.00454      5.39      2.00     4   4.6968
#         111       0.00592     12.34      1.00     4   4.6974
#         112       0.00463      9.72      2.00     4   4.7014
#         113       0.00464      5.56      2.00     4   4.7014
#         114       0.00601     24.47      2.00     4   4.7054
#         115       0.00493      4.47      2.00     4   4.7054
#         116       0.02450      4.09      2.00     3   4.7114
#         117       0.01986      4.82      1.00     2   4.7158
#         118       0.02526      5.23      2.00     3   4.7308
#         119       0.00568     58.44      2.00     3   4.7316
#         120       0.01544      5.89      1.00     4   4.7430
#         121       0.01402      6.21      1.00     4   4.7456
#         122       0.01397      6.18      1.00     4   4.7457
#         123       0.01368     24.09      1.00     4   4.7455
#         124       0.00541     11.24      2.00     4   4.7513
#         125       0.01311      6.58      2.00     4   4.7542
#         127       0.00934     20.90      2.00     4   4.7608
#         128       0.00949     20.63      2.00     4   4.7616
#         129       0.01700      4.64      2.00     3   4.7701
#         130       0.00635      8.75      1.00     4   4.7757
#         131       0.00538     22.71      2.00     3   4.7812
#         132       0.00656     63.73      1.00     4   4.7859
#         133       0.01225     16.22      2.00     5   4.7856
#         134       0.01719      9.73      2.00     5   4.7862
#         135       0.02310      4.30      2.00     4   4.7940
#         136       0.00976      8.94      2.00     3   4.7973
#         137       0.02128      9.12      2.00     4   4.7987
#         138       0.00628      5.60      1.00     4   4.8056
#         139       0.00631     32.95      1.00     4   4.8054
#         143       0.00933     57.97      2.00     5   4.8122
#         144       0.01581     19.02      2.00     3   4.8126
#         145       0.01258      6.96      2.00     4   4.8132
#         146       0.02004      5.14      2.00     4   4.8235
#         147       0.00975     19.86      2.00     5   4.8255
#         149       0.00931     54.87      2.00     5   4.8268
#         150       0.02491      5.34      2.00     3   4.8331
#         151       0.02454      5.46      2.00     3   4.8425
#         152       0.01985      5.01      2.00     4   4.8463
#         155       0.00740      5.38      2.00     3   4.8785
#         157       0.01676      5.02      2.00     3   4.8863
#         158       0.02032     14.26      2.00     5   4.8886
#         159       0.00480     30.74      2.00     3   4.8906
#         161       0.01405     11.12      2.00     5   4.8968
#         162       0.02083     14.52      2.00     5   4.8977
#         163       0.01874      5.14      2.00     3   4.9010
#         164       0.02874      5.17      2.00     4   4.9041
#         165       0.01687      6.26      1.00     4   4.9068
#         166       0.01362     20.80      1.00     4   4.9094
#         167       0.02525      5.55      2.00     4   4.9191
#         168       0.02314      4.31      1.00     2   4.9261
#         169       0.01041      8.90      2.00     5   4.9296
#         170       0.02491      5.70      2.00     3   4.9447
#         171       0.00450     56.91      2.00     4   4.9450
#         172       0.00508     12.57      2.00     4   4.9584
#         173       0.00474     27.85      2.00     4   4.9617
#         175       0.01408      4.03      2.00     5   4.9723
#         176       0.00502     10.64      2.00     4   4.9753
#         177       0.00912      4.98      2.00     3   4.9768
#         178       0.01106     14.75      2.00     4   4.9778
#         179       0.02426      4.09      2.00     4   4.9876
#         180       0.02285      7.75      2.00     4   4.9922
#         181       0.01485      8.12      2.00     4   4.9934
#         182       0.00818      4.98      2.00     3   4.9989
#         183       0.01378      6.15      2.00     3   4.9990
#         184       0.06933     18.50      2.00     5   5.0026
#         186       0.02205      7.31      2.00     5   5.0038
#         187       0.02070     14.23      2.00     5   5.0063
#         188       0.00954     24.22      2.00     5   5.0070
#         189       0.00958     23.86      2.00     5   5.0070
#         191       0.01634     10.32      2.00     5   5.0094
#         192       0.01667      5.59      1.00     4   5.0097
#         195       0.00942      7.73      2.00     5   5.0116
#         196       0.00907      7.87      2.00     3   5.0148
#         198       0.02119      4.11      1.00     2   5.0156
#         199       0.01168     10.89      2.00     4   5.0249
#         201       0.01112      9.09      2.00     5   5.0422
#         202       0.01271      5.35      2.00     4   5.0435
#         205       0.00521     26.04      2.00     4   5.0643
#         206       0.01608      5.14      2.00     5   5.0688
#         207       0.00967     18.62      2.00     4   5.0692
#         208       0.01672      5.98      2.00     4   5.0787
#         209       0.01185      8.42      2.00     4   5.0793
#         210       0.01178      4.54      2.00     4   5.0827
#         211       0.00689      8.98      1.00     4   5.0848
#         212       0.01390      6.58      2.00     3   5.0860
#         213       0.01768      5.22      2.00     4   5.0864
#         214       0.01185     14.14      2.00     4   5.0862
#         215       0.01649      5.05      2.00     5   5.0924
#         216       0.00644      9.07      1.00     4   5.0930
#         218       0.02579      4.85      2.00     4   5.1035
#         219       0.00518     17.09      1.00     4   5.1040
#         221       0.01430      8.42      2.00     4   5.1091
#         222       0.00689      8.96      1.00     4   5.1140
#         223       0.00678      8.99      1.00     4   5.1154
#         224       0.02180      9.54      2.00     3   5.1175
#         225       0.00534      7.47      1.00     4   5.1181
#         226       0.00735      5.30      2.00     3   5.1216
#         227       0.00701      5.72      2.00     3   5.1241
#         228       0.01241     11.45      2.00     4   5.1252
#         229       0.01271      6.15      2.00     4   5.1267
#         230       0.00569      4.99      1.00     4   5.1450
#         231       0.00887      6.13      2.00     3   5.1474
#         232       0.02191     10.73      2.00     3   5.1616
#         233       0.01172      6.98      2.00     4   5.1753
#         234       0.00464     42.63      2.00     4   5.1777
#         235       0.01690      7.86      2.00     3   5.1788
#         236       0.01157      5.47      2.00     4   5.1800
#         237       0.01164     14.64      2.00     4   5.1828
#         238       0.04401     11.82      1.00     6   5.1857
#         239       0.07242     14.83      2.00     5   5.1973
#         240       0.02462      6.82      2.00     5   5.1977
#         241       0.02154     12.10      2.00     3   5.2003
#         242       0.02122     12.06      2.00     5   5.2003
#         243       0.01059     17.27      2.00     4   5.2018
#         244       0.01178     21.51      2.00     5   5.2055
#         245       0.02606      5.03      1.00     4   5.2110
#         246       0.01283     13.53      2.00     4   5.2213
#         248       0.01571      7.88      2.00     6   5.2256
#         249       0.00595     11.79      2.00     5   5.2318
#         250       0.00496     97.85      2.00     5   5.2321
#         251       0.01548      8.14      2.00     3   5.2340
#         253       0.01718      5.40      2.00     5   5.2375
#         254       0.01258     11.23      2.00     4   5.2416
#         255       0.02125     16.26      2.00     5   5.2446
#         256       0.00526     55.32      2.00     5   5.2449
#         257       0.01803      4.88      2.00     4   5.2461
#         258       0.00580     10.12      2.00     5   5.2473
#         259       0.01969      4.49      2.00     4   5.2485
#         260       0.02284      5.68      2.00     3   5.2568
#         263       0.02068      5.99      2.00     4   5.2614
#         264       0.08371     11.43      1.00     6   5.2634
#         265       0.00941      8.83      1.00     6   5.2644
#         266       0.01009      8.81      1.00     6   5.2650
#         267       0.01610      8.80      2.00     3   5.2658
#         269       0.00988     26.15      1.00     6   5.2683
#         271       0.00981     25.27      1.00     6   5.2684
#         272       0.01395      9.31      2.00     3   5.2765
#         274       0.01456      4.38      2.00     4   5.2887
#         276       0.01319     28.24      2.00     5   5.2960
#         277       0.02403     10.28      1.00     4   5.3023
#         279       0.01073      8.20      2.00     5   5.3048
#         280       0.01713      4.74      2.00     4   5.3060
#         281       0.01197     37.19      2.00     5   5.3061
#         282       0.01220      8.74      2.00     5   5.3060
#         283       0.02390      8.02      1.00     4   5.3077
#         284       0.02390      6.20      1.00     4   5.3090
#         285       0.01262     13.09      2.00     4   5.3085
#         286       0.01102     34.52      2.00     5   5.3085
#         287       0.01312      7.77      2.00     5   5.3091
#         289       0.01354      6.61      2.00     5   5.3172
#         290       0.02379      5.99      2.00     4   5.3181
#         294       0.01946     10.77      2.00     6   5.3303
#         295       0.01108     11.60      2.00     4   5.3379
#         297       0.01645     12.96      2.00     5   5.3401
#         299       0.02231     11.96      2.00     5   5.3415
#         300       0.02342      6.90      2.00     4   5.3440
#         301       0.01488      9.36      2.00     3   5.3464
#         303       0.01214      5.07      2.00     3   5.3482
#         304       0.02028      5.47      2.00     4   5.3483
#         305       0.00643      9.53      2.00     3   5.3491
#         307       0.01994     10.78      2.00     6   5.3538
#         308       0.02286      5.44      2.00     4   5.3600
#         309       0.00971      6.30      2.00     5   5.3618
#         310       0.01594     13.55      2.00     4   5.3678
#         311       0.02318      5.30      2.00     4   5.3694
#         312       0.01589      9.36      2.00     4   5.3702
#         313       0.01998      4.01      2.00     4   5.3749
#         314       0.01261     10.32      2.00     4   5.3751
#         315       0.01809      5.35      2.00     5   5.3779
#         316       0.01620     11.09      2.00     4   5.3800
#         318       0.00625      9.50      2.00     3   5.3832
#         319       0.00623     10.23      2.00     3   5.3844
#         320       0.01313     12.13      2.00     3   5.3877
#         322       0.00466     47.81      2.00     5   5.3912
#         324       0.00619     10.06      2.00     3   5.3968
#         325       0.02276     24.51      2.00     5   5.3982
#         327       0.01419      4.06      2.00     4   5.4011
#         328       0.00474     23.73      2.00     5   5.4012
#         329       0.03267      5.95      2.00     3   5.4024
#         330       0.01146     12.69      2.00     4   5.4025
#         331       0.01106      7.78      2.00     5   5.4024
#         332       0.01194     10.16      2.00     5   5.4028
#         334       0.01173     33.30      2.00     5   5.4030
#         335       0.01155      9.05      2.00     4   5.4040
#         336       0.02272      4.52      2.00     3   5.4058
#         337       0.01086     32.21      2.00     5   5.4053
#         338       0.02239     23.47      2.00     5   5.4134
#         339       0.00482      9.39      2.00     5   5.4145
#         340       0.00489      7.41      2.00     5   5.4170
#         341       0.00865     10.03      2.00     5   5.4172
#         343       0.01198     13.37      2.00     4   5.4226
#         344       0.01375     12.98      2.00     5   5.4235
#         346       0.01518     10.85      2.00     3   5.4283
#         347       0.01368     27.32      2.00     5   5.4295
#         348       0.01066      6.90      2.00     4   5.4306
#         349       0.01782      7.47      2.00     5   5.4307
#         350       0.03308      7.96      2.00     4   5.4318
#         351       0.01509      4.33      1.00     4   5.4315
#         352       0.01519      5.75      1.00     4   5.4333
#         353       0.01117      6.68      2.00     3   5.4344
#         354       0.01253     12.02      2.00     4   5.4357
#         355       0.01485      9.42      1.00     4   5.4363
#         357       0.02056      7.98      2.00     6   5.4488
#         359       0.02314     36.25      1.00     6   5.4496
#         360       0.01517      4.81      1.00     4   5.4524
#         361       0.01200      5.63      2.00     4   5.4551
#         362       0.01039      7.99      2.00     5   5.4551
#         364       0.01568      5.49      2.00     6   5.4555
#         366       0.01455      6.77      1.00     4   5.4574
#         367       0.01165     11.40      2.00     4   5.4571
#         368       0.02966      4.56      2.00     5   5.4588
#         369       0.01669     11.62      2.00     5   5.4662
#         370       0.02243     10.65      2.00     5   5.4687
#         373       0.01145      8.88      2.00     4   5.4783
#         374       0.02039      8.29      2.00     6   5.4781
#         375       0.02290     33.21      1.00     6   5.4785
#         376       0.02318     11.97      1.00     6   5.4796
#         378       0.01185      9.66      2.00     4   5.4834
#         379       0.02049      4.86      2.00     4   5.4852
#         380       0.01130     12.69      2.00     4   5.4888
#         381       0.01068     22.24      2.00     5   5.4912
#         382       0.02010      4.46      2.00     4   5.4930
#         383       0.01097     10.39      2.00     4   5.4949
#         384       0.01091     17.18      2.00     4   5.4987
#         385       0.02496      5.25      2.00     4   5.5008
#         386       0.00524     15.41      2.00     4   5.5071
#         387       0.00532     12.60      2.00     4   5.5124
#         388       0.01076      6.55      2.00     4   5.5139
#         389       0.00995      9.53      2.00     5   5.5155
#         390       0.00784     12.36      2.00     5   5.5154
#         391       0.01629      8.12      2.00     5   5.5155
#         392       0.00515     15.41      2.00     4   5.5160
#         393       0.02150      6.45      2.00     6   5.5195
#         394       0.04438      6.47      2.00     6   5.5192
#         395       0.01371      4.55      2.00     5   5.5204
#         396       0.02649      5.10      2.00     5   5.5224
#         397       0.01379      4.26      2.00     4   5.5238
#         398       0.02753     10.90      2.00     5   5.5236
#         400       0.02351      8.80      2.00     5   5.5262
#         401       0.00528     13.46      2.00     4   5.5270
#         402       0.01240      5.80      2.00     4   5.5277
#         404       0.01963      7.71      2.00     5   5.5349
#         405       0.01162     10.98      2.00     4   5.5363
#         407       0.01987      5.87      1.00     4   5.5375
#         408       0.00753     19.11      2.00     5   5.5391
#         409       0.01134     11.06      1.00     4   5.5400
#         410       0.01169      5.97      2.00     4   5.5396
#         411       0.00773     18.70      2.00     5   5.5409
#         412       0.01056     12.26      2.00     5   5.5423
#         415       0.02469      4.88      2.00     4   5.5480
#         417       0.00764     19.04      2.00     5   5.5549
#         418       0.00784     18.95      2.00     5   5.5557
#         420       0.01151      5.99      2.00     4   5.5616
#         421       0.01280      9.88      2.00     5   5.5647
#         422       0.07898      8.20      2.00     6   5.5656
#         423       0.01702     26.62      2.00     6   5.5669
#         424       0.01763      5.80      2.00     6   5.5668
#         425       0.01190     13.47      2.00     4   5.5683
#         426       0.02367     10.12      2.00     6   5.5693
#         428       0.01064     20.69      2.00     5   5.5751
#         429       0.02019      4.60      2.00     5   5.5793
#         430       0.02197      4.22      2.00     5   5.5822
#         431       0.01092     12.89      2.00     5   5.5833
#         432       0.01144      8.59      2.00     5   5.5885
#         433       0.01120     19.29      2.00     5   5.5907
#         434       0.01806      9.94      2.00     5   5.5930
#         435       0.01803      9.98      2.00     5   5.5936
#         436       0.01113     16.30      2.00     5   5.5940
#         437       0.03373      4.92      2.00     3   5.5944
#         438       0.01093     10.29      2.00     3   5.5962
#         439       0.01085      4.90      2.00     4   5.6009
#         440       0.01081      8.29      2.00     4   5.6018
#         441       0.01030      8.33      2.00     5   5.6030
#         442       0.01151     14.40      2.00     5   5.6031
#         443       0.01071     18.20      2.00     4   5.6043
#         446       0.01222      4.93      2.00     4   5.6061
#         449       0.02019      4.08      2.00     4   5.6097
#         451       0.01898      7.73      2.00     5   5.6127
#         452       0.01183      8.21      2.00     4   5.6134
#         453       0.00714      8.01      2.00     4   5.6154
#         454       0.00942      7.37      2.00     4   5.6154
#         455       0.01123      7.79      2.00     5   5.6157
#         456       0.00895      7.42      2.00     4   5.6165
#         457       0.01976      4.94      2.00     5   5.6167
#         458       0.01274      8.20      2.00     5   5.6176
#         459       0.01401     12.54      2.00     5   5.6185
#         461       0.00688      9.08      2.00     4   5.6211
#         462       0.01069      4.25      2.00     5   5.6216
#         464       0.01835      4.71      2.00     5   5.6242
#         465       0.01068     12.32      2.00     5   5.6245
#         466       0.01303      7.89      2.00     5   5.6264
#         467       0.02332      4.02      2.00     5   5.6279
#         469       0.01625      7.48      2.00     5   5.6288
#         470       0.01489      4.34      2.00     4   5.6294
#         471       0.01929      7.48      2.00     5   5.6300
#         472       0.01928      6.71      2.00     5   5.6307
#         474       0.00711      8.87      2.00     4   5.6368
#         476       0.00943      7.31      2.00     4   5.6413
#         477       0.01428     12.04      2.00     5   5.6423
#         478       0.00702      8.05      2.00     4   5.6444
#         479       0.00933      7.28      2.00     4   5.6444
#         480       0.01845     28.87      2.00     6   5.6444
#         481       0.06384      6.28      2.00     6   5.6442
#         482       0.01249     21.06      2.00     6   5.6449
#         483       0.02738      6.25      2.00     6   5.6447
#         486       0.01125      8.34      2.00     4   5.6478
#         487       0.00867     12.24      2.00     5   5.6479
#         488       0.01517      6.73      2.00     6   5.6479
#         489       0.01078     10.96      2.00     5   5.6492
#         491       0.01157     14.67      2.00     4   5.6506
#         492       0.01204     10.39      2.00     5   5.6518
#         493       0.01206     10.20      2.00     5   5.6524
#         494       0.03541      6.07      2.00     4   5.6554
#         495       0.01115     16.56      2.00     5   5.6553
#         496       0.01134     19.07      2.00     5   5.6562
#         497       0.01136     27.69      2.00     5   5.6587
#         498       0.01854     27.72      2.00     6   5.6587
#         501       0.01512      6.51      2.00     6   5.6622
#         502       0.01303     21.56      2.00     5   5.6640
#         503       0.07986      6.39      2.00     6   5.6642
#         504       0.02291      6.39      2.00     6   5.6648
#         505       0.02000     10.88      2.00     6   5.6657
#         507       0.01383     17.98      2.00     5   5.6707
#         508       0.01410     14.21      2.00     5   5.6713
#         509       0.01040      8.08      2.00     5   5.6743
#         510       0.01146     14.90      2.00     5   5.6755
#         511       0.01879      5.35      2.00     5   5.6759
#         512       0.01112      4.39      2.00     5   5.6759
#         513       0.01111     11.42      2.00     5   5.6774
#         515       0.00649     43.16      1.00     6   5.6783
#         516       0.01077     12.01      2.00     5   5.6788
#         517       0.01104     20.99      2.00     5   5.6792
#         518       0.01783      5.09      2.00     5   5.6835
#         521       0.00630     25.36      1.00     6   5.6843
#         523       0.01797     13.32      2.00     6   5.6841
#         525       0.00588      6.48      1.00     6   5.6879
#         526       0.00590      7.40      1.00     6   5.6890
#         527       0.01445      8.56      2.00     6   5.6933
#         528       0.01704     23.78      2.00     6   5.6939
#         530       0.01827      5.76      2.00     6   5.6937
#         531       0.01751      9.30      2.00     6   5.6962
#         532       0.01974      4.01      2.00     5   5.6966
#         536       0.01503      4.94      2.00     5   5.7043
#         537       0.03029     10.49      2.00     5   5.7063
#         539       0.02307      7.71      2.00     5   5.7089
#         540       0.01808      4.11      2.00     4   5.7125
#         541       0.01239      4.94      2.00     5   5.7179
#         542       0.01258     17.08      2.00     5   5.7180
#         543       0.01120     14.98      2.00     5   5.7183
#         544       0.00998     28.24      2.00     5   5.7205
#         545       0.02018      4.09      2.00     4   5.7206
#         546       0.01035     10.26      2.00     4   5.7246
#         547       0.01025     23.26      2.00     5   5.7257
#         548       0.01136      7.19      2.00     5   5.7365
#         550       0.01655     23.91      2.00     6   5.7422
#         552       0.01211     14.84      2.00     5   5.7498
#         553       0.01115     11.52      2.00     5   5.7502
#         554       0.01241     11.77      2.00     6   5.7508
#         556       0.01173      4.46      2.00     3   5.7527
#         557       0.01203      8.49      2.00     5   5.7531
#         558       0.02711     18.15      2.00     5   5.7541
#         561       0.01212     13.29      2.00     5   5.7595
#         562       0.01163      7.81      2.00     4   5.7608
#         563       0.01136     10.82      2.00     6   5.7609
#         564       0.00944      8.34      2.00     4   5.7615
#         565       0.01607      7.43      2.00     6   5.7617
#         568       0.01003     28.48      2.00     6   5.7646
#         570       0.07480      9.30      2.00     6   5.7700
#         571       0.02068      9.50      2.00     6   5.7703
#         572       0.01325      4.00      2.00     4   5.7720
#         574       0.00965      8.70      1.00     4   5.7723
#         575       0.01265      9.81      2.00     6   5.7733
#         577       0.01396      5.07      2.00     5   5.7755
#         579       0.01461     12.29      2.00     5   5.7771
#         580       0.01191      5.35      2.00     4   5.7778
#         581       0.07656      9.50      2.00     6   5.7790
#         582       0.02128      4.68      2.00     5   5.7801
#         583       0.02056      9.72      2.00     6   5.7799
#         584       0.10111      6.22      2.00     6   5.7832
#         585       0.03542      6.14      2.00     6   5.7844
#         586       0.01364      7.29      2.00     4   5.7859
#         589       0.01645      4.32      2.00     5   5.7910
#         590       0.01418      5.16      2.00     5   5.7925
#         591       0.01906      6.38      2.00     5   5.7945
#         593       0.01844     10.21      2.00     5   5.7997
#         594       0.01860      4.95      2.00     5   5.8057
#         596       0.00970     13.16      2.00     4   5.8097
#         599       0.01588     11.74      2.00     5   5.8139
#         600       0.00989      6.70      2.00     5   5.8143
#         602       0.00984     10.38      2.00     5   5.8153
#         603       0.01583      8.16      2.00     5   5.8164
#         604       0.01361     10.17      2.00     5   5.8170
#         605       0.00967     24.43      2.00     5   5.8178
#         606       0.01867     12.36      2.00     5   5.8178
#         608       0.01003      6.67      2.00     4   5.8192
#         609       0.01586      9.81      2.00     5   5.8195
#         610       0.01233      8.49      2.00     5   5.8203
#         612       0.01052     25.37      2.00     5   5.8236
#         613       0.01319     10.14      2.00     5   5.8246
#         614       0.01290     14.77      2.00     5   5.8248
#         615       0.01580      5.64      2.00     5   5.8250
#         616       0.00938     28.93      2.00     5   5.8267
#         620       0.01025      6.65      2.00     5   5.8319
#         621       0.01005      9.48      2.00     5   5.8318
#         622       0.01081     13.32      2.00     5   5.8339
#         623       0.00994     15.70      2.00     5   5.8355
#         624       0.03029      6.43      2.00     6   5.8351
#         625       0.03104      5.71      1.00     6   5.8363
#         627       0.02141     12.91      2.00     6   5.8376
#         628       0.01691      6.23      1.00     6   5.8391
#         629       0.01701      6.26      1.00     6   5.8390
#         630       0.02856     10.47      2.00     6   5.8388
#         631       0.02803     23.83      1.00     6   5.8414
#         632       0.01158      9.60      2.00     6   5.8441
#         634       0.00967      8.01      2.00     5   5.8466
#         635       0.01002     27.57      2.00     6   5.8470
#         636       0.01616      6.12      2.00     5   5.8479
#         637       0.01865     10.57      2.00     6   5.8475
#         638       0.01074      9.61      2.00     5   5.8487
#         639       0.01019      7.16      2.00     5   5.8485
#         640       0.01859      6.76      2.00     6   5.8501
#         641       0.01066      5.24      2.00     5   5.8515
#         642       0.02138      5.69      2.00     5   5.8525
#         645       0.01860     21.01      2.00     6   5.8543
#         646       0.01846     20.66      2.00     6   5.8550
#         647       0.01016      8.52      2.00     5   5.8568
#         648       0.01730      8.28      2.00     5   5.8571
#         649       0.00938      8.08      2.00     4   5.8600
#         654       0.01873      6.21      2.00     6   5.8660
#         656       0.01934     39.93      2.00     6   5.8692
#         657       0.01315      5.54      2.00     5   5.8740
#         658       0.01388      8.17      2.00     4   5.8744
#         659       0.01280     11.50      2.00     5   5.8743
#         660       0.01688      7.22      2.00     6   5.8742
#         661       0.01001      9.99      2.00     5   5.8752
#         662       0.01384     23.18      2.00     6   5.8756
#         663       0.01047     20.01      2.00     5   5.8769
#         664       0.02230      4.94      2.00     5   5.8778
#         665       0.01297     17.67      1.00     6   5.8790
#         666       0.01378      9.26      2.00     5   5.8795
#         667       0.01654     16.49      2.00     6   5.8794
#         668       0.01659     15.76      2.00     6   5.8792
#         669       0.01282     18.42      1.00     6   5.8792
#         670       0.05606     11.26      2.00     7   5.8791
#         671       0.02946     10.95      2.00     7   5.8797
#         672       0.00956     24.06      1.00     6   5.8811
#         673       0.01364     15.08      2.00     5   5.8825
#         678       0.02628      8.99      2.00     5   5.8892
#         680       0.01694      6.35      2.00     5   5.8904
#         681       0.09126      8.70      2.00     6   5.8908
#         682       0.01369      7.92      2.00     5   5.8918
#         685       0.01824      9.19      2.00     5   5.8941
#         686       0.02310      8.69      2.00     6   5.8945
#         687       0.01706      5.97      2.00     5   5.8950
#         688       0.01105      5.98      2.00     5   5.8965
#         689       0.01363     11.34      2.00     5   5.8968
#         690       0.01373      4.91      2.00     5   5.8980
#         691       0.01023     11.32      2.00     3   5.8983
#         693       0.01552     15.65      2.00     6   5.8983
#         694       0.01095      6.39      1.00     6   5.8984
#         695       0.01232      4.68      1.00     6   5.8988
#         696       0.01215     12.17      1.00     6   5.8985
#         697       0.01274     13.52      1.00     6   5.8986
#         699       0.01886     41.10      2.00     6   5.8990
#         700       0.01642     35.58      2.00     6   5.8989
#         701       0.01145     14.16      1.00     6   5.9013
#         702       0.01027     18.68      1.00     6   5.9011
#         703       0.01847      4.97      2.00     5   5.9033
#         704       0.01088      6.82      2.00     5   5.9044
#         705       0.01799      4.50      2.00     7   5.9049
#         709       0.01885     64.02      2.00     7   5.9057
#         710       0.01803     11.39      2.00     6   5.9063
#         711       0.02686     16.28      2.00     5   5.9083
#         712       0.01813      6.47      2.00     6   5.9089
#         715       0.00998      6.56      2.00     5   5.9161
#         716       0.05540      5.33      2.00     6   5.9165
#         717       0.00714      4.42      1.00     4   5.9166
#         718       0.01519     10.36      2.00     5   5.9170
#         719       0.03353      5.34      2.00     6   5.9169
#         720       0.01858      4.41      2.00     7   5.9185
#         721       0.01956     21.76      2.00     7   5.9190
#         722       0.01540      4.69      2.00     5   5.9199
#         723       0.01806      5.20      2.00     7   5.9198
#         724       0.01882     60.49      2.00     7   5.9202
#         725       0.00711      4.41      1.00     4   5.9212
#         727       0.00960      7.54      2.00     4   5.9288
#         730       0.01034      9.40      2.00     5   5.9344
#         731       0.01051      8.74      2.00     5   5.9349
#         732       0.01016     13.71      2.00     5   5.9381
#         733       0.05507      5.22      2.00     6   5.9389
#         734       0.00768      8.70      2.00     4   5.9399
#         735       0.01498      6.18      2.00     5   5.9395
#         736       0.02507      8.06      2.00     6   5.9395
#         737       0.03424      5.22      2.00     6   5.9397
#         739       0.02213      5.63      2.00     5   5.9434
#         740       0.01506     10.00      2.00     5   5.9460
#         741       0.01870      4.76      2.00     5   5.9474
#         743       0.01150      4.08      2.00     5   5.9515
#         744       0.00608     18.81      2.00     5   5.9532
#         745       0.01301     10.67      2.00     6   5.9549
#         746       0.00608     19.01      2.00     5   5.9555
#         747       0.01525      6.41      2.00     5   5.9555
#         749       0.00715     15.02      1.00     4   5.9571
#         750       0.00629     16.66      2.00     5   5.9687
#         751       0.00622     15.18      2.00     5   5.9685
#         754       0.02434      5.61      2.00     5   5.9740
#         758       0.05621     16.24      2.00     7   5.9817
#         760       0.03412     16.25      2.00     7   5.9820
#         761       0.00951     13.02      2.00     5   5.9832
#         762       0.01239      4.43      2.00     5   5.9837
#         763       0.01159      8.84      2.00     5   5.9838
#         764       0.01655      6.21      2.00     5   5.9838
#         765       0.00838      9.54      1.00     6   5.9853
#         766       0.01044     23.96      2.00     5   5.9858
#         767       0.01560     12.98      2.00     6   5.9865
#         768       0.01756      5.53      2.00     5   5.9905
#         769       0.05779     16.57      2.00     7   5.9903
#         770       0.03470     16.61      2.00     7   5.9911
#         771       0.00846      9.38      1.00     6   5.9943
#         772       0.02297      4.99      2.00     5   5.9945
#         775       0.00851      9.45      1.00     6   5.9970
#         776       0.12210      5.39      2.00     6   5.9968
#         778       0.00864      9.36      1.00     6   5.9974
#         779       0.03952      5.34      2.00     6   5.9972
#         780       0.01742      7.49      2.00     5   5.9988
#         781       0.01725      4.36      2.00     5   5.9991
#         782       0.00981      9.08      2.00     5   5.9997
#         783       0.03095      5.69      2.00     6   5.9996
#         784       0.03396      6.17      1.00     6   6.0000
#         785       0.01141     12.02      2.00     4   6.0023
#         786       0.02095     10.36      2.00     6   6.0021
#         788       0.02954      9.99      2.00     6   6.0025
#         789       0.01652      9.99      2.00     6   6.0032
#         790       0.02790     20.66      1.00     6   6.0051
#         791       0.01071     14.10      2.00     5   6.0077
#         793       0.01397      4.50      2.00     5   6.0098
#         794       0.08385      5.72      2.00     6   6.0112
#         796       0.01631      4.67      2.00     5   6.0127
#         798       0.03620      5.64      2.00     6   6.0149
#         799       0.01095      5.34      2.00     5   6.0171
#         800       0.01054      4.73      2.00     5   6.0199
#         801       0.01463      9.77      2.00     7   6.0217
#         803       0.01685      9.37      2.00     7   6.0254
#         805       0.01219      4.55      2.00     5   6.0305
#         806       0.01051      9.69      2.00     3   6.0332
#         808       0.01117     15.45      2.00     6   6.0369
#         809       0.03924      4.39      2.00     5   6.0379
#         810       0.01176     14.17      2.00     6   6.0381
#         811       0.01105     17.73      2.00     6   6.0382
#         813       0.02111      6.03      2.00     5   6.0404
#         814       0.01113     14.74      2.00     6   6.0402
#         815       0.01080     43.99      2.00     6   6.0401
#         816       0.01111      8.81      2.00     6   6.0426
#         818       0.01727      6.74      2.00     5   6.0461
#         819       0.01053      4.24      2.00     5   6.0470
#         820       0.01029      5.16      2.00     5   6.0478
#         821       0.01642      9.65      2.00     6   6.0492
#         822       0.00972     14.58      2.00     5   6.0505
#         823       0.01075     19.91      2.00     6   6.0519
#         824       0.01264      4.02      2.00     5   6.0539
#         825       0.01440     17.63      2.00     6   6.0543
#         826       0.01312      4.61      2.00     6   6.0548
#         827       0.01108      8.41      2.00     6   6.0552
#         828       0.01110     14.07      2.00     6   6.0552
#         829       0.01249     14.30      2.00     6   6.0549
#         830       0.01204     29.22      2.00     6   6.0574
#         831       0.01431      9.46      2.00     6   6.0592
#         834       0.00832      5.66      2.00     5   6.0627
#         835       0.00826      5.85      2.00     5   6.0627
#         836       0.03013      7.73      2.00     6   6.0640
#         837       0.01063     13.00      2.00     6   6.0639
#         841       0.01070     20.18      2.00     6   6.0687
#         842       0.01952      5.55      2.00     6   6.0707
#         843       0.01717      6.87      2.00     6   6.0707
#         844       0.01073     12.68      2.00     6   6.0706
#         845       0.05035     13.87      2.00     6   6.0707
#         846       0.01600      4.92      2.00     5   6.0711
#         847       0.01384     17.23      2.00     6   6.0710
#         848       0.01741      5.36      2.00     6   6.0713
#         849       0.01819     10.74      2.00     6   6.0710
#         851       0.00833      5.80      2.00     5   6.0715
#         853       0.01718      4.16      2.00     6   6.0735
#         857       0.01070     13.68      2.00     6   6.0743
#         858       0.02250      4.43      2.00     5   6.0750
#         859       0.01693      9.86      2.00     6   6.0756
#         860       0.01763     12.60      2.00     6   6.0756
#         862       0.01692      4.68      2.00     6   6.0793
#         863       0.01067     14.72      2.00     6   6.0793
#         865       0.00840      5.55      2.00     5   6.0808
#         866       0.00830      5.74      2.00     5   6.0808
#         867       0.01457      9.17      2.00     6   6.0825
#         869       0.01645      8.84      2.00     6   6.0841
#         870       0.01070     16.56      2.00     6   6.0850
#         871       0.09191      7.42      2.00     6   6.0849
#         874       0.00841      5.52      2.00     5   6.0860
#         875       0.00829      5.71      2.00     5   6.0860
#         876       0.02037      6.62      2.00     6   6.0868
#         877       0.02150      8.16      2.00     6   6.0867
#         879       0.02455      7.43      2.00     6   6.0879
#         880       0.03004      6.95      2.00     6   6.0892
#         882       0.01839      5.47      2.00     5   6.0948
#         883       0.08973      8.49      2.00     7   6.0959
#         884       0.01024     15.81      2.00     5   6.0968
#         885       0.03940      7.95      2.00     7   6.0971
#         886       0.01183     13.53      2.00     6   6.0984
#         887       0.01048      6.84      2.00     6   6.0979
#         888       0.07525     16.02      2.00     7   6.0984
#         889       0.01052      4.06      2.00     6   6.0986
#         892       0.03767      6.45      2.00     7   6.0996
#         894       0.01791     27.12      2.00     7   6.1004
#         895       0.01791      4.61      2.00     7   6.1000
#         896       0.01779     26.62      2.00     7   6.1004
#         898       0.01731     10.63      2.00     6   6.1008
#         900       0.01009     13.85      2.00     6   6.1014
#         901       0.01019     12.54      2.00     6   6.1014
#         902       0.01006     12.34      2.00     6   6.1024
#         903       0.01009     15.39      2.00     6   6.1024
#         904       0.03725     15.54      2.00     7   6.1021
#         905       0.01935     19.15      2.00     6   6.1034
#         907       0.01013     31.36      2.00     6   6.1049
#         908       0.00983     24.76      2.00     6   6.1049
#         909       0.01510      4.16      2.00     7   6.1046
#         911       0.00998      9.88      2.00     6   6.1053
#         912       0.01016      8.03      2.00     6   6.1053
#         913       0.01840      8.52      2.00     7   6.1051
#         915       0.05438      4.52      2.00     7   6.1071
#         916       0.02786      4.56      2.00     7   6.1076
#         917       0.01920      4.35      2.00     5   6.1080
#         918       0.02416      5.91      2.00     7   6.1083
#         919       0.02629      5.74      2.00     7   6.1085
#         921       0.01058      5.15      2.00     6   6.1101
#         922       0.01219     15.69      2.00     6   6.1101
#         923       0.01054     15.73      2.00     6   6.1101
#         926       0.01055     11.73      2.00     6   6.1129
#         927       0.01181     15.25      2.00     6   6.1129
#         928       0.01009      7.38      2.00     6   6.1137
#         929       0.01048      8.02      2.00     6   6.1137
#         930       0.01503     11.97      2.00     6   6.1145
#         931       0.00993      6.91      2.00     6   6.1149
#         932       0.01009     11.83      2.00     6   6.1149
#         934       0.01891     13.47      2.00     6   6.1181
#         935       0.04997     10.47      2.00     6   6.1179
#         936       0.00987     18.76      2.00     6   6.1187
#         937       0.02255      6.16      2.00     6   6.1184
#         938       0.01013     23.17      2.00     6   6.1187
#         939       0.00995     10.73      2.00     6   6.1205
#         940       0.01018      9.59      2.00     6   6.1205
#         941       0.01546      5.64      2.00     6   6.1206
#         942       0.01858      4.67      2.00     5   6.1269
#         943       0.00925      6.41      2.00     5   6.1320
#         946       0.01521     10.03      2.00     7   6.1350
#         948       0.01682     17.73      2.00     7   6.1356
#         950       0.01371     57.57      2.00     5   6.1377
#         952       0.01719      8.80      2.00     7   6.1379
#         953       0.01801      4.11      2.00     6   6.1393
#         955       0.00957     13.36      2.00     5   6.1423
#         956       0.01883      4.68      2.00     5   6.1423
#         960       0.01174      4.99      2.00     5   6.1506
#         963       0.00962      7.26      2.00     5   6.1560
#         965       0.01188      8.71      2.00     6   6.1575
#         966       0.01348     13.94      2.00     6   6.1578
#         967       0.00993     29.19      2.00     6   6.1600
#         969       0.01891      7.34      2.00     6   6.1618
#         970       0.02002      5.60      2.00     7   6.1619
#         971       0.02430      5.47      2.00     7   6.1622
#         972       0.01834     11.37      2.00     6   6.1624
#         973       0.05055     16.90      2.00     6   6.1625
#         976       0.01263      4.34      2.00     6   6.1644
#         977       0.00918      7.61      2.00     4   6.1645
#         981       0.01205      9.70      2.00     4   6.1664
#         984       0.01859     10.34      2.00     6   6.1663
#         985       0.01811     12.58      2.00     6   6.1663
#         987       0.01832      4.09      2.00     6   6.1688
#         988       0.01835      5.00      2.00     6   6.1688
#         990       0.01643     11.32      2.00     6   6.1714
#         991       0.02283      5.76      2.00     6   6.1719
#         992       0.02315      8.12      2.00     6   6.1721
#         993       0.01900     11.07      2.00     6   6.1728
#         994       0.02722      4.10      2.00     6   6.1726
#         995       0.02213      8.58      2.00     6   6.1727
#         997       0.01923      8.68      2.00     6   6.1751
#         998       0.02246      8.06      2.00     6   6.1748
#         999       0.02717      7.83      2.00     6   6.1751
#        1002       0.01663      4.32      2.00     6   6.1785
#        1003       0.01990     14.14      2.00     6   6.1783
#        1007       0.02408      8.36      2.00     6   6.1799
#        1008       0.01781      5.37      2.00     6   6.1795
#        1009       0.02410      4.93      2.00     6   6.1797
#        1010       0.01761      7.49      2.00     6   6.1797
#        1011       0.01929      5.95      2.00     6   6.1795
#        1012       0.01830      5.83      2.00     5   6.1817
#        1013       0.01918     14.36      2.00     6   6.1821
#        1015       0.01791      8.68      2.00     6   6.1826
#        1016       0.02296      8.23      2.00     6   6.1838
#        1017       0.04679      5.55      2.00     7   6.1851
#        1018       0.03277      5.43      2.00     7   6.1859
#        1019       0.01711      4.95      2.00     6   6.1864
#        1020       0.01818      4.63      2.00     6   6.1873
#        1021       0.01816      4.38      2.00     5   6.1886
#        1022       0.00729      7.78      2.00     4   6.1890
#        1023       0.00576     16.38      1.00     4   6.1907
#        1025       0.01672      4.62      2.00     6   6.1930
#        1026       0.01673      5.36      2.00     6   6.1937
#        1027       0.02466      4.33      2.00     7   6.1968
#        1028       0.04565      4.41      2.00     7   6.1971
#        1029       0.01025     23.67      1.00     6   6.1992
#        1030       0.01703      7.03      2.00     5   6.2008
#        1032       0.01982      6.09      2.00     6   6.2025
#        1033       0.02119      8.48      2.00     6   6.2023
#        1034       0.03774      7.87      2.00     6   6.2042
#        1036       0.03040      6.60      2.00     6   6.2048
#        1037       0.01768      4.29      2.00     5   6.2059
#        1038       0.01170      6.26      2.00     5   6.2070
#        1039       0.01774      4.24      2.00     5   6.2073
#        1040       0.01971     13.67      2.00     6   6.2074
#        1041       0.02302      9.70      2.00     6   6.2089
#        1042       0.02326      8.34      2.00     5   6.2106
#        1043       0.00811      4.15      1.00     4   6.2115
#        1044       0.01043     12.07      1.00     6   6.2137
#        1045       0.01319      8.58      2.00     5   6.2150
#        1046       0.01266      8.32      2.00     5   6.2176
#        1047       0.01171      4.17      2.00     5   6.2173
#        1048       0.01253      8.53      2.00     5   6.2175
#        1049       0.02291      6.19      2.00     6   6.2184
#        1050       0.01874     11.13      2.00     6   6.2183
#        1051       0.01695     11.32      2.00     6   6.2187
#        1052       0.00809      4.12      1.00     4   6.2200
#        1053       0.02910      6.30      2.00     6   6.2199
#        1055       0.01834      7.60      2.00     6   6.2209
#        1056       0.01785      4.14      2.00     6   6.2224
#        1058       0.00807      4.11      1.00     4   6.2294
#        1060       0.00855      4.10      1.00     4   6.2334
#        1064       0.01088      5.44      1.00     6   6.2370
#        1065       0.01836      8.76      2.00     6   6.2375
#        1067       0.01080      4.85      1.00     6   6.2407
#        1068       0.01035      5.86      2.00     6   6.2413
#        1070       0.01650     79.06      2.00     5   6.2451
#        1071       0.01010      6.81      2.00     6   6.2466
#        1073       0.02110      4.10      2.00     6   6.2479
#        1074       0.01020      7.45      2.00     6   6.2490
#        1077       0.02595      8.99      2.00     5   6.2548
#        1078       0.01276      4.49      2.00     5   6.2545
#        1081       0.02770     21.78      2.00     6   6.2585
#        1082       0.02501      4.40      2.00     5   6.2602
#        1083       0.01845      7.22      2.00     5   6.2631
#        1084       0.01850      7.01      2.00     5   6.2631
#        1086       0.00970     21.68      2.00     6   6.2639
#        1087       0.00927      7.61      2.00     4   6.2650
#        1088       0.00974     13.72      2.00     6   6.2653
#        1091       0.01676      9.39      2.00     6   6.2680
#        1092       0.02799      4.17      2.00     6   6.2684
#        1093       0.02323      6.97      2.00     6   6.2687
#        1095       0.01879      9.08      2.00     6   6.2705
#        1096       0.01167      8.80      2.00     6   6.2708
#        1097       0.02612      7.04      2.00     6   6.2710
#        1098       0.01125     10.88      2.00     6   6.2709
#        1100       0.02531      4.79      2.00     4   6.2722
#        1101       0.01698      7.22      2.00     5   6.2719
#        1102       0.00745      7.85      2.00     4   6.2730
#        1104       0.00989     31.16      2.00     6   6.2729
#        1106       0.02287      5.58      2.00     6   6.2731
#        1107       0.01530      8.59      2.00     6   6.2739
#        1108       0.01647      4.49      2.00     5   6.2753
#        1109       0.00969     13.30      2.00     6   6.2750
#        1111       0.01648      4.68      2.00     6   6.2757
#        1112       0.01543     10.23      2.00     6   6.2756
#        1113       0.01732      6.66      2.00     6   6.2762
#        1114       0.01149      4.55      2.00     4   6.2790
#        1115       0.01915     14.80      2.00     6   6.2785
#        1120       0.00955      5.11      2.00     6   6.2880
#        1121       0.01226     13.35      1.00     6   6.2887
#        1122       0.01531      4.62      2.00     5   6.2893
#        1123       0.01657      4.66      2.00     6   6.2900
#        1124       0.01656      5.49      2.00     6   6.2905
#        1125       0.00963      5.18      2.00     6   6.2902
#        1126       0.10928      7.89      2.00     7   6.2905
#        1127       0.04365      7.49      2.00     7   6.2909
#        1128       0.01142      4.40      2.00     4   6.2917
#        1129       0.02431     10.00      2.00     5   6.2935
#        1130       0.01029      4.05      2.00     6   6.2932
#        1131       0.01033      5.11      2.00     6   6.2932
#        1133       0.03955      5.50      2.00     7   6.2934
#        1134       0.07589     13.61      2.00     7   6.2930
#        1135       0.00693     24.00      2.00     5   6.2940
#        1136       0.02858      7.96      2.00     6   6.2939
#        1138       0.01966     10.02      2.00     6   6.2949
#        1143       0.04654     15.84      2.00     6   6.2953
#        1144       0.01957      6.33      2.00     6   6.2959
#        1145       0.01006      6.95      2.00     6   6.2962
#        1146       0.03783     13.24      2.00     7   6.2960
#        1149       0.02267      7.96      2.00     6   6.2970
#        1150       0.01917      9.15      2.00     6   6.2988
#        1151       0.01840      9.99      2.00     6   6.2988
#        1152       0.01909     23.48      2.00     7   6.2986
#        1153       0.05160     23.79      2.00     7   6.2984
#        1154       0.01713      7.12      2.00     7   6.2986
#        1155       0.02673     12.98      2.00     7   6.2990
#        1156       0.02264     14.54      2.00     7   6.2990
#        1159       0.01675    105.00      1.00     6   6.2995
#        1160       0.01577      8.33      2.00     7   6.3012
#        1161       0.01308      8.44      2.00     5   6.3017
#        1163       0.01888      4.63      2.00     6   6.3022
#        1166       0.02035      7.27      2.00     6   6.3083
#        1167       0.01513      4.14      2.00     5   6.3093
#        1168       0.01016     11.23      2.00     5   6.3100
#        1170       0.01840      6.45      2.00     6   6.3148
#        1173       0.03106      9.06      2.00     5   6.3157
#        1174       0.01463     61.34      1.00     6   6.3182
#        1176       0.00975     15.08      2.00     5   6.3194
#        1178       0.01243     13.50      1.00     6   6.3196
#        1180       0.01482      4.09      2.00     5   6.3201
#        1183       0.01121     17.99      2.00     7   6.3239
#        1186       0.01369     32.44      2.00     7   6.3253
#        1188       0.01625     13.18      2.00     7   6.3256
#        1189       0.01431     10.37      2.00     7   6.3253
#        1190       0.01146     26.53      2.00     7   6.3252
#        1191       0.01546     29.04      2.00     7   6.3253
#        1192       0.01381     13.75      2.00     7   6.3256
#        1193       0.01118     23.78      2.00     7   6.3253
#        1194       0.01894      7.30      2.00     5   6.3271
#        1195       0.01007     59.68      2.00     7   6.3273
#        1196       0.01067     22.84      2.00     7   6.3276
#        1198       0.00899     13.52      2.00     5   6.3284
#        1199       0.01402      6.13      1.00     6   6.3287
#        1201       0.02854      9.23      2.00     7   6.3310
#        1202       0.02290      9.16      2.00     6   6.3348
#        1204       0.04622     11.20      2.00     6   6.3348
#        1205       0.02154      4.60      2.00     6   6.3351
#        1206       0.01389      4.59      1.00     6   6.3363
#        1208       0.01555      4.78      2.00     6   6.3368
#        1209       0.02882      6.38      2.00     6   6.3374
#        1211       0.01598     12.24      2.00     7   6.3378
#        1212       0.01199     24.31      2.00     7   6.3379
#        1213       0.01201     12.61      2.00     7   6.3380
#        1214       0.03303     18.39      2.00     7   6.3381
#        1215       0.01674     33.03      2.00     7   6.3383
#        1216       0.01348     33.53      2.00     7   6.3383
#        1220       0.01144     19.04      2.00     7   6.3400
#        1223       0.01020     43.62      2.00     7   6.3405
#        1224       0.01331     35.19      2.00     7   6.3407
#        1226       0.01518     32.50      2.00     7   6.3407
#        1227       0.01060     23.77      2.00     7   6.3430
#        1228       0.01512      4.04      2.00     5   6.3437
#        1229       0.01062      8.08      2.00     5   6.3445
#        1230       0.00937     11.69      2.00     5   6.3451
#        1232       0.02401      5.60      2.00     5   6.3498
#        1233       0.01611      5.43      2.00     6   6.3506
#        1235       0.00909      6.92      2.00     5   6.3560
#        1237       0.01052      4.99      2.00     5   6.3561
#        1240       0.01060      7.81      2.00     5   6.3589
#        1241       0.01729      7.91      2.00     5   6.3590
#        1242       0.02888      6.24      2.00     6   6.3593
#        1243       0.02819      8.49      2.00     7   6.3599
#        1244       0.01635      4.31      2.00     5   6.3615
#        1245       0.02094      8.68      2.00     6   6.3628
#        1247       0.02037      4.29      2.00     6   6.3687
#        1248       0.03655      8.30      2.00     5   6.3697
#        1252       0.01771      4.66      2.00     5   6.3722
#        1253       0.01013      5.61      2.00     6   6.3731
#        1254       0.01524     12.67      2.00     6   6.3731
#        1256       0.01192      4.68      2.00     5   6.3746
#        1257       0.01500      4.47      2.00     5   6.3750
#        1258       0.03182      4.46      2.00     6   6.3746
#        1259       0.01953      5.93      2.00     6   6.3773
#        1261       0.01578      4.00      2.00     5   6.3816
#        1264       0.00861      4.01      1.00     4   6.3858
#        1265       0.02026      5.96      2.00     6   6.3865
#        1266       0.01019      5.61      2.00     6   6.3877
#        1267       0.01523     12.37      2.00     6   6.3877
#        1268       0.02277     24.89      2.00     7   6.3892
#        1269       0.04905     31.09      2.00     7   6.3892
#        1270       0.01753      7.61      2.00     7   6.3891
#        1272       0.02225     14.27      2.00     7   6.3895
#        1273       0.02217      5.13      2.00     7   6.3895
#        1274       0.02074      8.28      2.00     6   6.3901
#        1276       0.00849      4.03      1.00     4   6.3916
#        1277       0.00940     15.05      2.00     5   6.3913
#        1278       0.01574      8.81      2.00     7   6.3912
#        1279       0.01547      7.80      2.00     6   6.3950
#        1280       0.01013      4.06      2.00     6   6.3950
#        1282       0.02331      9.23      1.00     6   6.3955
#        1283       0.02807      4.40      2.00     7   6.3981
#        1284       0.01974     24.12      2.00     7   6.3983
#        1285       0.01725      6.49      2.00     6   6.3988
#        1286       0.02021      4.69      2.00     6   6.3993
#        1287       0.02368     43.17      2.00     7   6.3996
#        1288       0.02182      9.71      2.00     7   6.3995
#        1289       0.02410      9.43      2.00     7   6.3993
#        1290       0.00834      4.00      1.00     4   6.4001
#        1291       0.02383      7.57      1.00     6   6.4009
#        1292       0.01974      9.52      2.00     7   6.4006
#        1294       0.01984      5.02      2.00     6   6.4013
#        1296       0.01813      6.05      2.00     6   6.4019
#        1298       0.02732      8.63      2.00     7   6.4019
#        1299       0.02215      8.99      2.00     7   6.4019
#        1300       0.02383     19.41      2.00     7   6.4020
#        1301       0.02036      4.61      2.00     7   6.4019
#        1302       0.02386      6.10      1.00     6   6.4021
#        1303       0.01847     12.67      2.00     7   6.4023
#        1304       0.04884      8.50      2.00     7   6.4022
#        1305       0.02401      9.60      2.00     7   6.4025
#        1306       0.02900     19.18      2.00     7   6.4025
#        1307       0.00700     32.62      2.00     5   6.4042
#        1308       0.02090     13.44      2.00     6   6.4042
#        1309       0.02198     38.88      2.00     7   6.4044
#        1310       0.01883      6.59      2.00     7   6.4048
#        1312       0.02012      4.28      2.00     7   6.4094
#        1313       0.05057      7.17      2.00     7   6.4099
#        1314       0.02495      8.76      2.00     7   6.4107
#        1315       0.01912     10.88      2.00     7   6.4106
#        1316       0.02999     19.72      2.00     7   6.4107
#        1317       0.07243      5.75      2.00     6   6.4114
#        1321       0.02022      7.28      2.00     6   6.4134
#        1322       0.01935      6.54      2.00     7   6.4131
#        1323       0.03378     10.90      2.00     5   6.4138
#        1324       0.02628      5.92      2.00     6   6.4139
#        1325       0.04407      6.85      2.00     6   6.4180
#        1326       0.03546      9.94      2.00     6   6.4208
#        1328       0.01485      4.32      2.00     5   6.4225
#        1330       0.02591     19.69      2.00     6   6.4233
#        1332       0.01677      4.43      2.00     5   6.4242
#        1335       0.00963     13.74      2.00     6   6.4294
#        1336       0.01834      5.49      2.00     6   6.4300
#        1338       0.03602      7.11      2.00     6   6.4321
#        1339       0.06265     14.19      2.00     7   6.4322
#        1340       0.05040     14.00      2.00     7   6.4336
#        1341       0.03060     14.23      2.00     7   6.4335
#        1342       0.02285      5.04      2.00     6   6.4339
#        1343       0.01610      5.03      2.00     6   6.4336
#        1344       0.03688     13.38      2.00     7   6.4349
#        1346       0.02209      7.95      2.00     6   6.4369
#        1349       0.00963      8.81      2.00     6   6.4391
#        1351       0.01818      8.11      2.00     5   6.4421
#        1352       0.01204      8.84      2.00     5   6.4426
#        1353       0.01457      6.32      2.00     7   6.4426
#        1354       0.01685      4.41      2.00     5   6.4433
#        1355       0.01132      8.41      2.00     5   6.4477
#        1357       0.01521      4.44      2.00     5   6.4483
#        1358       0.02250      4.86      2.00     6   6.4495
#        1366       0.02850      4.70      2.00     6   6.4534
#        1368       0.01534      6.97      2.00     7   6.4548
#        1372       0.00848      4.61      2.00     3   6.4573
#        1373       0.01476     10.48      2.00     5   6.4575
#        1374       0.01857      4.23      2.00     5   6.4575
#        1375       0.01629      5.10      2.00     7   6.4575
#        1376       0.00809      5.86      2.00     4   6.4581
#        1378       0.02303      4.97      2.00     6   6.4585
#        1379       0.00721     84.30      2.00     6   6.4586
#        1381       0.01699      4.93      2.00     6   6.4600
#        1382       0.02725     12.71      2.00     6   6.4610
#        1385       0.02886      4.81      2.00     6   6.4628
#        1386       0.01628      6.79      2.00     6   6.4635
#        1387       0.02861      9.22      2.00     6   6.4633
#        1389       0.01687      4.79      2.00     6   6.4643
#        1390       0.01623      5.76      2.00     6   6.4668
#        1392       0.02409      5.50      2.00     6   6.4681
#        1396       0.04004     10.73      2.00     6   6.4685
#        1397       0.01626      4.34      2.00     6   6.4702
#        1398       0.02157      9.44      2.00     7   6.4710
#        1399       0.01846      4.06      2.00     5   6.4718
#        1401       0.02870     10.68      2.00     6   6.4732
#        1402       0.01733      5.12      2.00     6   6.4736
#        1403       0.00760     50.74      2.00     6   6.4745
#        1404       0.02310      8.82      2.00     7   6.4756
#        1405       0.01191      8.03      2.00     5   6.4766
#        1406       0.01448      7.42      2.00     6   6.4769
#        1407       0.01659      5.22      2.00     6   6.4770
#        1408       0.01729      4.41      2.00     6   6.4771
#        1409       0.01181      9.38      2.00     5   6.4784
#        1410       0.01441      6.23      2.00     6   6.4807
#        1412       0.01657      4.26      2.00     6   6.4810
#        1413       0.02178     10.54      2.00     5   6.4834
#        1414       0.01207     13.09      2.00     7   6.4842
#        1415       0.01320      7.20      2.00     7   6.4844
#        1416       0.01185     14.44      2.00     7   6.4844
#        1419       0.01753      5.41      2.00     7   6.4851
#        1421       0.01762      4.11      2.00     6   6.4860
#        1422       0.00970     51.54      2.00     7   6.4863
#        1426       0.02925      6.80      2.00     6   6.4889
#        1427       0.00834     14.67      2.00     6   6.4893
#        1428       0.01479      5.79      2.00     6   6.4898
#        1430       0.01139      4.90      2.00     5   6.4903
#        1431       0.01065     24.96      2.00     6   6.4906
#        1432       0.02723      5.99      2.00     7   6.4908
#        1434       0.02312      6.82      2.00     6   6.4917
#        1435       0.03468     27.35      2.00     7   6.4917
#        1436       0.03531      6.17      2.00     5   6.4945
#        1437       0.01272      8.51      2.00     7   6.4943
#        1438       0.01229      5.16      2.00     7   6.4943
#        1439       0.01375      7.84      2.00     7   6.4941
#        1440       0.01147     12.59      2.00     7   6.4947
#        1443       0.02359      5.98      2.00     6   6.4958
#        1444       0.02223     12.63      2.00     6   6.4956
#        1445       0.02513      5.00      2.00     7   6.4955
#        1446       0.02059      5.13      2.00     7   6.4961
#        1447       0.01991     19.76      2.00     7   6.4958
#        1448       0.02168      9.59      2.00     7   6.4962
#        1449       0.02365     11.20      2.00     7   6.4959
#        1450       0.02316     38.80      2.00     7   6.4964
#        1451       0.00988     30.72      2.00     7   6.4969
#        1452       0.00853      6.10      2.00     4   6.4974
#        1454       0.02005      7.37      2.00     6   6.4977
#        1455       0.01973      9.54      2.00     7   6.4981
#        1456       0.02766      8.84      2.00     7   6.4985
#        1457       0.02207      9.29      2.00     7   6.4985
#        1458       0.00717      8.27      4.00     5   6.4990
#        1459       0.02278     17.44      2.00     7   6.4988
#        1461       0.01145      7.41      2.00     5   6.5014
#        1462       0.02169     36.15      2.00     7   6.5011
#        1463       0.02889     10.90      2.00     6   6.5064
#        1464       0.02657      5.74      2.00     7   6.5064
#        1465       0.03417     26.22      2.00     7   6.5068
#        1467       0.01998      5.91      1.00     6   6.5089
#        1468       0.01136      6.78      2.00     7   6.5098
#        1471       0.01119     17.97      2.00     7   6.5104
#        1472       0.01023     12.46      2.00     7   6.5103
#        1473       0.01373      4.84      2.00     7   6.5104
#        1474       0.00872      9.97      2.00     3   6.5115
#        1475       0.00969     14.35      2.00     5   6.5125
#        1476       0.01019     11.50      2.00     7   6.5127
#        1477       0.01648      4.38      2.00     7   6.5150
#        1480       0.02973     12.72      2.00     6   6.5158
#        1481       0.03616     10.48      2.00     7   6.5168
#        1482       0.01767      6.32      2.00     6   6.5183
#        1483       0.01709      4.32      2.00     7   6.5188
#        1484       0.03419     19.68      2.00     7   6.5193
#        1486       0.01429      7.23      2.00     7   6.5200
#        1489       0.01123     10.65      2.00     7   6.5205
#        1492       0.01420      9.68      2.00     7   6.5209
#        1493       0.02202     11.97      2.00     7   6.5227
#        1494       0.02383     22.08      2.00     7   6.5225
#        1495       0.04420     30.22      2.00     7   6.5229
#        1496       0.01800      6.99      2.00     7   6.5227
#        1498       0.01817      9.25      2.00     5   6.5234
#        1499       0.03335      9.24      2.00     6   6.5239
#        1500       0.01647      8.18      2.00     7   6.5246
#        1501       0.01109     14.12      2.00     7   6.5244
#        1503       0.01670      4.71      2.00     6   6.5256
#        1506       0.01898      5.86      1.00     6   6.5265
#        1507       0.02331      6.08      2.00     5   6.5276
#        1510       0.01646      5.82      2.00     6   6.5281
#        1511       0.02214      6.30      2.00     7   6.5280
#        1512       0.00838     10.90      2.00     5   6.5284
#        1515       0.02260      7.22      2.00     6   6.5288
#        1517       0.01679      6.59      2.00     6   6.5290
#        1518       0.01641      4.12      2.00     5   6.5295
#        1519       0.01887      4.03      2.00     6   6.5292
#        1520       0.03551     11.55      2.00     6   6.5292
#        1524       0.01834      9.13      1.00     6   6.5315
#        1525       0.01846      6.77      2.00     6   6.5328
#        1526       0.00866     10.10      2.00     3   6.5335
#        1527       0.01484      4.42      2.00     5   6.5340
#        1532       0.02025      5.41      1.00     6   6.5369
#        1534       0.01476     19.05      2.00     6   6.5377
#        1535       0.01595      4.77      2.00     6   6.5383
#        1536       0.01606      5.27      2.00     6   6.5392
#        1537       0.01895      4.43      2.00     6   6.5395
#        1541       0.02221      4.55      2.00     7   6.5416
#        1542       0.01961      4.42      2.00     6   6.5420
#        1543       0.01585      5.64      2.00     6   6.5420
#        1544       0.02181      4.09      2.00     7   6.5421
#        1545       0.01606      6.41      2.00     6   6.5424
#        1546       0.01666      4.84      2.00     6   6.5428
#        1547       0.01600      6.70      2.00     6   6.5430
#        1548       0.02057      5.78      2.00     7   6.5429
#        1550       0.02543      4.06      2.00     6   6.5435
#        1551       0.01611      6.51      2.00     6   6.5434
#        1553       0.01100      4.30      2.00     7   6.5441
#        1555       0.00695      6.28      2.00     5   6.5449
#        1558       0.01104      6.00      2.00     7   6.5447
#        1559       0.02925      5.95      2.00     7   6.5453
#        1560       0.01687      5.63      2.00     6   6.5455
#        1561       0.01078     12.07      2.00     7   6.5476
#        1563       0.03816      8.82      2.00     7   6.5483
#        1564       0.01064     11.90      2.00     7   6.5485
#        1565       0.01626      4.42      2.00     7   6.5485
#        1566       0.01807      4.50      2.00     6   6.5492
#        1567       0.01682      5.18      2.00     6   6.5493
#        1568       0.01091     13.31      2.00     7   6.5496
#        1569       0.01095      6.53      2.00     7   6.5495
#        1570       0.02139      4.55      2.00     6   6.5501
#        1574       0.02285     11.63      2.00     6   6.5502
#        1575       0.01467      5.80      2.00     7   6.5502
#        1577       0.01046     26.38      2.00     7   6.5510
#        1578       0.02542      8.57      2.00     7   6.5509
#        1580       0.01241      8.89      2.00     5   6.5521
#        1581       0.02489      8.28      2.00     7   6.5523
#        1582       0.02474      6.43      2.00     6   6.5527
#        1583       0.01823      6.77      1.00     6   6.5530
#        1584       0.01079      7.44      2.00     7   6.5531
#        1585       0.00923     10.90      2.00     4   6.5544
#        1586       0.01248     10.30      2.00     7   6.5545
#        1587       0.01240     12.21      2.00     7   6.5546
#        1588       0.01004      4.71      2.00     7   6.5545
#        1589       0.01052      6.77      2.00     7   6.5544
#        1590       0.01534      6.28      2.00     7   6.5562
#        1594       0.01564      4.05      2.00     6   6.5583
#        1595       0.01034     18.97      2.00     7   6.5581
#        1596       0.06409     12.72      2.00     7   6.5589
#        1598       0.01214      4.23      2.00     5   6.5599
#        1599       0.01683      5.48      2.00     6   6.5598
#        1600       0.03292     12.80      2.00     7   6.5596
#        1601       0.04931     12.48      2.00     7   6.5614
#        1602       0.01008      6.14      2.00     7   6.5614
#        1603       0.01565      5.24      2.00     6   6.5622
#        1605       0.03676     11.97      2.00     7   6.5621
#        1606       0.01016      7.05      2.00     7   6.5622
#        1607       0.01560      5.05      2.00     6   6.5634
#        1608       0.01578      4.73      2.00     6   6.5641
#        1609       0.00897     11.22      2.00     4   6.5650
#        1610       0.00633      6.49      2.00     4   6.5651
#        1616       0.01057     48.17      2.00     6   6.5771
#        1617       0.02941     10.49      2.00     6   6.5769
#        1619       0.01696      4.16      2.00     6   6.5791
#        1621       0.02324      5.50      2.00     6   6.5818
#        1622       0.02274     12.87      2.00     6   6.5820
#        1623       0.00852     29.27      2.00     6   6.5828
#        1624       0.01721      6.63      2.00     7   6.5828
#        1625       0.01659      6.32      2.00     6   6.5830
#        1627       0.02147      7.08      2.00     6   6.5839
#        1628       0.01675      6.42      2.00     6   6.5840
#        1629       0.02664      5.98      2.00     7   6.5846
#        1632       0.02178     24.32      2.00     7   6.5871
#        1634       0.02137     10.60      2.00     6   6.5881
#        1636       0.01566      6.41      2.00     6   6.5906
#        1637       0.01780      5.33      2.00     6   6.5918
#        1639       0.01739     10.39      2.00     6   6.5927
#        1641       0.01957     17.02      2.00     6   6.5944
#        1644       0.01560      5.27      2.00     7   6.5968
#        1646       0.01727     11.41      2.00     6   6.5992
#        1647       0.01827      4.05      2.00     6   6.6008
#        1649       0.01236      8.14      2.00     5   6.6040
#        1650       0.01820      5.83      2.00     6   6.6047
#        1651       0.01569      6.51      2.00     6   6.6047
#        1652       0.01012     12.38      2.00     6   6.6058
#        1653       0.01571      5.52      2.00     6   6.6054
#        1654       0.01744      6.57      2.00     7   6.6055
#        1655       0.01406     24.43      2.00     6   6.6065
#        1656       0.03903     10.65      2.00     7   6.6084
#        1657       0.01333      6.70      2.00     7   6.6086
#        1658       0.02725      6.61      2.00     7   6.6090
#        1659       0.01044      7.58      2.00     6   6.6095
#        1661       0.01940      6.11      2.00     7   6.6124
#        1663       0.02102      4.42      2.00     7   6.6149
#        1665       0.03482      6.24      2.00     6   6.6174
#        1666       0.04326     12.35      2.00     7   6.6170
#        1667       0.00687     15.40      1.00     6   6.6176
#        1668       0.03053      4.67      2.00     7   6.6183
#        1669       0.02121      6.05      2.00     7   6.6180
#        1670       0.05650     10.16      2.00     7   6.6195
#        1672       0.01006     11.98      2.00     6   6.6204
#        1674       0.03751     10.37      2.00     7   6.6220
#        1675       0.02989     11.27      2.00     6   6.6231
#        1678       0.00702      5.46      2.00     5   6.6262
#        1679       0.01178      5.47      2.00     6   6.6280
#        1680       0.01267     18.44      2.00     6   6.6282
#        1682       0.02919     10.52      2.00     6   6.6295
#        1683       0.00727      8.67      1.00     6   6.6308
#        1684       0.04013      5.90      1.00     6   6.6306
#        1685       0.01765      6.65      2.00     6   6.6315
#        1687       0.02955      6.05      2.00     6   6.6327
#        1688       0.01741      5.70      2.00     7   6.6326
#        1691       0.02934      6.98      2.00     6   6.6332
#        1692       0.01778      4.03      2.00     6   6.6328
#        1694       0.00712      5.41      2.00     5   6.6348
#        1695       0.01766      5.70      2.00     6   6.6348
#        1696       0.01044     13.35      2.00     7   6.6344
#        1697       0.01681     21.50      2.00     7   6.6344
#        1698       0.02312     11.13      1.00     6   6.6357
#        1701       0.01497      8.29      2.00     6   6.6360
#        1702       0.00599      4.05      2.00     4   6.6378
#        1703       0.01957     17.23      2.00     6   6.6380
#        1704       0.01910     13.11      2.00     7   6.6381
#        1705       0.00715      5.46      2.00     5   6.6398
#        1706       0.01498      6.75      2.00     6   6.6398
#        1707       0.02236      4.78      2.00     7   6.6436
#        1708       0.00731      5.44      2.00     5   6.6437
#        1711       0.02004      5.70      2.00     7   6.6442
#        1713       0.03087      5.99      2.00     7   6.6465
#        1714       0.01489      5.31      2.00     6   6.6461
#        1716       0.01031      4.72      2.00     7   6.6478
#        1717       0.01850     13.02      2.00     7   6.6483
#        1718       0.01074      8.71      2.00     7   6.6483
#        1720       0.01565      5.46      2.00     7   6.6491
#        1721       0.01042     13.11      2.00     7   6.6491
#        1722       0.01667     20.95      2.00     7   6.6491
#        1725       0.01468      6.25      2.00     6   6.6567
#        1726       0.02016      7.12      2.00     6   6.6567
#        1732       0.01847     10.83      2.00     7   6.6578
#        1733       0.01885     11.83      2.00     7   6.6582
#        1736       0.01836      8.58      2.00     7   6.6604
#        1737       0.00930      9.54      2.00     5   6.6609
#        1739       0.01950      4.50      2.00     6   6.6614
#        1741       0.02546      5.06      2.00     6   6.6614
#        1742       0.01895     13.64      2.00     6   6.6640
#        1744       0.02836      6.32      2.00     7   6.6682
#        1745       0.02169     22.57      2.00     7   6.6708
#        1746       0.00669      5.20      2.00     5   6.6715
#        1751       0.01879      4.04      2.00     6   6.6728
#        1752       0.02532      8.04      2.00     7   6.6725
#        1754       0.01396      6.57      2.00     6   6.6737
#        1755       0.02331      7.74      2.00     7   6.6754
#        1756       0.02458      7.42      2.00     7   6.6764
#        1757       0.01779      4.10      2.00     7   6.6764
#        1758       0.01567      5.13      2.00     7   6.6790
#        1759       0.00577      7.46      2.00     4   6.6791
#        1761       0.01740      9.54      2.00     7   6.6820
#        1762       0.02574      7.28      2.00     7   6.6830
#        1763       0.01724      8.39      2.00     7   6.6838
#        1764       0.01694      5.67      2.00     7   6.6837
#        1765       0.02117      5.51      2.00     6   6.6844
#        1766       0.02415      5.50      2.00     6   6.6844
#        1768       0.03087     20.13      2.00     7   6.6839
#        1769       0.01784     12.21      2.00     7   6.6859
#        1770       0.02829     10.82      2.00     7   6.6864
#        1771       0.02830     10.85      2.00     7   6.6870
#        1772       0.01685      5.72      2.00     7   6.6875
#        1773       0.03116     17.29      2.00     7   6.6871
#        1774       0.01740      7.15      2.00     7   6.6872
#        1776       0.01771     10.40      2.00     7   6.6892
#        1777       0.01076     68.73      2.00     6   6.6913
#        1778       0.01834      8.99      2.00     5   6.6914
#        1781       0.03168     12.34      2.00     5   6.6923
#        1782       0.02347      7.11      2.00     6   6.6939
#        1784       0.02105      5.14      2.00     6   6.6940
#        1786       0.02040      8.53      2.00     6   6.6950
#        1787       0.01517      5.72      2.00     6   6.6960
#        1788       0.01869      7.19      2.00     7   6.6962
#        1789       0.02748      9.39      2.00     7   6.6962
#        1790       0.01773      5.34      2.00     7   6.6966
#        1791       0.04108     15.29      2.00     7   6.6963
#        1792       0.01512      6.39      2.00     6   6.6970
#        1793       0.01750     12.11      2.00     6   6.6968
#        1795       0.01803      4.59      2.00     6   6.6975
#        1796       0.01916      9.62      2.00     7   6.6988
#        1797       0.01907      4.40      2.00     6   6.6989
#        1798       0.02120      5.28      2.00     6   6.6995
#        1799       0.02347      5.24      2.00     6   6.6995
#        1800       0.01983     17.93      2.00     6   6.6995
#        1801       0.01241      4.55      2.00     6   6.7003
#        1802       0.01760      4.22      2.00     7   6.7000
#        1803       0.01452      5.01      2.00     6   6.7010
#        1805       0.01603      4.32      2.00     6   6.7014
#        1806       0.01446      5.77      2.00     6   6.7015
#        1807       0.02254      4.88      2.00     6   6.7037
#        1813       0.02482      5.52      2.00     6   6.7091
#        1814       0.01218     13.45      2.00     6   6.7088
#        1815       0.01378      9.40      2.00     6   6.7088
#        1816       0.03452      8.65      2.00     7   6.7088
#        1818       0.01719      9.22      2.00     7   6.7092
#        1819       0.01115      8.03      2.00     5   6.7112
#        1820       0.01856      4.85      2.00     6   6.7110
#        1821       0.01509      6.55      2.00     6   6.7110
#        1822       0.02954      9.01      2.00     7   6.7110
#        1824       0.01510      6.23      2.00     6   6.7113
#        1825       0.01877      5.05      2.00     7   6.7114
#        1826       0.04294      9.88      2.00     7   6.7117
#        1827       0.01994      5.90      2.00     5   6.7123
#        1828       0.02901      4.80      2.00     7   6.7125
#        1829       0.03299     16.86      2.00     7   6.7142
#        1832       0.00946     26.36      2.00     6   6.7153
#        1833       0.00729      6.51      2.00     5   6.7163
#        1834       0.01747      4.72      2.00     7   6.7161
#        1835       0.02301      4.68      2.00     6   6.7172
#        1836       0.00740      6.36      2.00     5   6.7180
#        1837       0.01733      4.04      2.00     7   6.7177
#        1838       0.01466      4.15      2.00     6   6.7185
#        1840       0.01512     44.88      2.00     7   6.7183
#        1841       0.03015      9.21      2.00     7   6.7198
#        1842       0.00579      6.76      2.00     4   6.7204
#        1843       0.02399      4.80      2.00     7   6.7201
#        1844       0.01887     13.19      2.00     7   6.7202
#        1845       0.01599      4.08      2.00     6   6.7215
#        1846       0.02453      7.41      2.00     7   6.7212
#        1848       0.00744      6.34      2.00     5   6.7219
#        1849       0.01215      7.71      2.00     6   6.7232
#        1851       0.03964      7.62      2.00     7   6.7240
#        1852       0.00727      6.45      2.00     5   6.7248
#        1853       0.02520      6.50      2.00     7   6.7258
#        1854       0.03049      7.62      2.00     7   6.7266
#        1855       0.03222      6.09      2.00     7   6.7266
#        1858       0.02666      6.99      2.00     7   6.7288
#        1859       0.00733      8.00      2.00     4   6.7298
#        1861       0.01226      5.71      2.00     6   6.7302
#        1862       0.02330      5.37      2.00     7   6.7310
#        1864       0.01567      5.55      2.00     7   6.7317
#        1866       0.00563     12.80      2.00     5   6.7335
#        1868       0.02117     11.06      2.00     6   6.7343
#        1869       0.01930     12.40      2.00     7   6.7344
#        1872       0.02953     14.10      2.00     7   6.7358
#        1873       0.02167     16.06      2.00     7   6.7358
#        1874       0.02117     12.55      2.00     7   6.7358
#        1875       0.01204     12.70      2.00     6   6.7378
#        1876       0.01368      8.78      2.00     6   6.7378
#        1877       0.02675      7.21      2.00     7   6.7382
#        1879       0.02201      4.31      2.00     7   6.7392
#        1880       0.01454      7.07      2.00     7   6.7410
#        1882       0.02112      7.07      2.00     6   6.7430
#        1883       0.02427      7.13      2.00     7   6.7427
#        1884       0.02569      6.81      2.00     7   6.7427
#        1885       0.02115      5.30      2.00     6   6.7437
#        1886       0.02266      5.51      2.00     6   6.7439
#        1888       0.01386      5.96      2.00     6   6.7452
#        1889       0.01162      7.81      2.00     7   6.7448
#        1890       0.01862      7.47      2.00     7   6.7449
#        1891       0.03041     10.87      2.00     7   6.7453
#        1893       0.02102     12.45      2.00     7   6.7451
#        1894       0.01907      6.46      2.00     7   6.7449
#        1895       0.00570      7.57      2.00     5   6.7457
#        1896       0.01772     14.82      2.00     6   6.7458
#        1897       0.01863      7.31      2.00     7   6.7456
#        1898       0.01086    188.00      2.00     7   6.7457
#        1899       0.01735      4.73      2.00     7   6.7459
#        1900       0.02713      9.45      2.00     5   6.7468
#        1902       0.03686      7.08      2.00     6   6.7482
#        1903       0.02434     18.62      2.00     7   6.7484
#        1904       0.01795      4.20      2.00     7   6.7484
#        1905       0.01967      6.41      2.00     7   6.7488
#        1906       0.01995      7.52      2.00     7   6.7488
#        1907       0.02519      8.05      2.00     7   6.7485
#        1908       0.00718      7.45      2.00     4   6.7493
#        1909       0.01886      4.39      1.00     6   6.7491
#        1910       0.01812      9.02      2.00     7   6.7493
#        1911       0.02402     21.47      2.00     7   6.7494
#        1912       0.01954      6.39      2.00     7   6.7495
#        1915       0.02123      9.53      2.00     7   6.7504
#        1916       0.01784      4.74      2.00     7   6.7505
#        1917       0.01528     10.78      2.00     7   6.7514
#        1918       0.01799     11.52      2.00     7   6.7519
#        1919       0.02144     11.41      2.00     7   6.7518
#        1922       0.01783     30.72      2.00     7   6.7539
#        1923       0.01637     18.20      2.00     6   6.7552
#        1924       0.01963      7.23      2.00     7   6.7569
#        1925       0.02370     16.26      2.00     7   6.7570
#        1926       0.01782      5.35      2.00     7   6.7571
#        1927       0.03391     24.30      2.00     7   6.7574
#        1928       0.01113    111.20      2.00     7   6.7576
#        1930       0.02174      5.33      2.00     7   6.7583
#        1931       0.01730      6.58      2.00     7   6.7596
#        1932       0.01654      5.14      2.00     6   6.7610
#        1933       0.01148     10.27      2.00     7   6.7612
#        1935       0.02298      5.81      2.00     7   6.7617
#        1936       0.01851      9.49      2.00     7   6.7621
#        1937       0.01765     12.08      2.00     7   6.7637
#        1938       0.01832      4.83      2.00     7   6.7638
#        1939       0.01732      7.63      2.00     7   6.7641
#        1940       0.01937     12.77      2.00     7   6.7640
#        1941       0.02970     20.29      2.00     7   6.7641
#        1942       0.02357      5.09      2.00     7   6.7641
#        1943       0.02401      4.35      2.00     7   6.7644
#        1944       0.02920     16.51      2.00     7   6.7647
#        1945       0.02184     14.60      2.00     7   6.7647
#        1946       0.01849     11.11      2.00     7   6.7654
#        1947       0.00765     12.30      2.00     6   6.7656
#        1948       0.01117     19.47      2.00     6   6.7656
#        1949       0.01855     10.88      2.00     7   6.7657
#        1951       0.01611      5.05      2.00     7   6.7664
#        1952       0.02085     12.86      2.00     7   6.7665
#        1953       0.02601      6.85      2.00     7   6.7670
#        1954       0.02269      9.20      2.00     7   6.7673
#        1955       0.02361      4.07      2.00     7   6.7674
#        1956       0.00710      7.69      2.00     4   6.7678
#        1957       0.02571      9.61      2.00     7   6.7677
#        1958       0.01919     11.42      2.00     7   6.7677
#        1959       0.01758      7.30      2.00     7   6.7685
#        1960       0.02360     16.96      2.00     7   6.7686
#        1961       0.03182      6.00      2.00     7   6.7691
#        1962       0.04368      6.14      2.00     7   6.7690
#        1963       0.02295      5.50      2.00     7   6.7690
#        1964       0.02307      4.16      2.00     7   6.7690
#        1966       0.02152      4.92      2.00     7   6.7693
#        1967       0.01572      5.19      2.00     5   6.7701
#        1968       0.01951      4.99      2.00     7   6.7699
#        1970       0.00715      7.57      2.00     4   6.7712
#        1971       0.01591      8.83      2.00     7   6.7712
#        1972       0.02813      4.64      2.00     7   6.7716
#        1973       0.01903      4.53      2.00     7   6.7716
#        1974       0.02383      7.50      2.00     7   6.7722
#        1975       0.02527      6.40      2.00     7   6.7722
#        1976       0.01793      8.59      2.00     7   6.7724
#        1978       0.01999      8.74      2.00     7   6.7723
#        1979       0.02178      6.97      2.00     7   6.7727
#        1980       0.02199      4.39      2.00     7   6.7727
#        1981       0.02032      6.72      2.00     6   6.7742
#        1982       0.02069     13.63      2.00     7   6.7745
#        1983       0.01897     23.52      2.00     7   6.7749
#        1984       0.02685      7.20      2.00     7   6.7750
#        1985       0.04281      5.84      2.00     7   6.7765
#        1986       0.03358      5.77      2.00     7   6.7766
#        1987       0.01737      8.13      2.00     7   6.7769
#        1988       0.02521      6.91      2.00     7   6.7775
#        1989       0.01886      4.02      1.00     6   6.7780
#        1990       0.01339     12.42      2.00     5   6.7789
#        1991       0.02357      4.63      2.00     7   6.7792
#        1992       0.03008     11.98      2.00     5   6.7794
#        1993       0.01779      5.25      2.00     7   6.7804
#        1994       0.01783      6.96      2.00     7   6.7814
#        1997       0.01171     14.44      2.00     6   6.7845
#        1998       0.00785      9.32      2.00     6   6.7845
#        1999       0.01595      8.59      2.00     7   6.7853
#        2000       0.01597      8.19      2.00     7   6.7860
#        2003       0.02587      5.87      2.00     5   6.7896
#        2004       0.06716      7.88      2.00     5   6.7893
#        2007       0.01219      7.74      2.00     6   6.7944
#        2008       0.01446      4.72      2.00     5   6.7967
#        2011       0.04751     11.87      2.00     7   6.7995
#        2013       0.02964      4.08      2.00     7   6.8016
#        2014       0.05168      8.93      2.00     7   6.8020
#        2016       0.03671      9.13      2.00     7   6.8046
#        2019       0.01643     53.47      2.00     7   6.8096
#        2020       0.02629      7.38      2.00     7   6.8111
#        2021       0.01911      5.08      2.00     7   6.8113
#        2022       0.02521     18.85      2.00     7   6.8112
#        2023       0.02183     18.23      2.00     7   6.8118
#        2024       0.02096      5.71      2.00     7   6.8115
#        2025       0.01910     10.32      2.00     7   6.8136
#        2026       0.02074      8.28      2.00     7   6.8140
#        2027       0.02945      9.61      2.00     7   6.8137
#        2028       0.02169     10.99      2.00     7   6.8137
#        2029       0.01713      4.28      2.00     6   6.8155
#        2030       0.02838      5.42      2.00     6   6.8159
#        2032       0.02009     30.97      2.00     7   6.8162
#        2034       0.02557      5.38      2.00     6   6.8169
#        2035       0.02137     29.28      2.00     7   6.8192
#        2036       0.03669     13.50      2.00     7   6.8190
#        2037       0.01830      7.68      2.00     7   6.8189
#        2038       0.02010      9.94      2.00     6   6.8203
#        2041       0.01914     31.36      2.00     7   6.8216
#        2042       0.02110     11.63      2.00     6   6.8225
#        2043       0.01622     18.55      2.00     7   6.8231
#        2046       0.01654      5.66      2.00     7   6.8259
#        2048       0.01956      7.93      2.00     5   6.8269
#        2049       0.02032      6.25      2.00     5   6.8272
#        2052       0.01576      8.66      2.00     7   6.8291
#        2053       0.01568      6.01      2.00     7   6.8291
#        2054       0.01952      6.82      2.00     5   6.8294
#        2055       0.01508      7.56      2.00     6   6.8295
#        2056       0.01573      8.79      2.00     7   6.8294
#        2057       0.01567      6.25      2.00     7   6.8294
#        2058       0.01658     15.50      2.00     7   6.8303
#        2059       0.01491      7.98      2.00     5   6.8309
#        2060       0.01829      8.06      2.00     7   6.8318
#        2062       0.01565      4.46      2.00     7   6.8331
#        2064       0.01567      5.51      2.00     7   6.8344
#        2066       0.01291      6.76      2.00     6   6.8358
#        2069       0.01697      4.56      2.00     7   6.8408
#        2071       0.01791      4.88      2.00     7   6.8428
#        2072       0.02912     15.07      2.00     7   6.8430
#        2073       0.00619      5.16      2.00     4   6.8436
#        2074       0.01754     13.73      2.00     7   6.8449
#        2075       0.01835      5.55      2.00     7   6.8463
#        2076       0.02124      9.14      2.00     7   6.8461
#        2077       0.02583      4.88      2.00     7   6.8462
#        2078       0.01540      4.63      2.00     6   6.8477
#        2079       0.04922      4.58      2.00     7   6.8474
#        2080       0.00616      6.14      2.00     5   6.8483
#        2081       0.01754     11.37      2.00     7   6.8482
#        2082       0.04147     20.08      2.00     7   6.8500
#        2085       0.02291     13.90      2.00     7   6.8526
#        2086       0.02968      9.62      2.00     7   6.8531
#        2088       0.02941      9.24      2.00     7   6.8545
#        2089       0.01423      6.46      2.00     6   6.8549
#        2090       0.01764      9.16      2.00     7   6.8551
#        2091       0.01457      7.57      2.00     6   6.8560
#        2092       0.01607     13.81      2.00     6   6.8573
#        2093       0.01554      5.02      2.00     5   6.8589
#        2094       0.02675      9.07      2.00     5   6.8592
#        2095       0.02418      5.27      2.00     7   6.8600
#        2096       0.01128      9.05      2.00     5   6.8617
#        2097       0.02104      8.36      2.00     6   6.8618
#        2098       0.01766      5.87      2.00     7   6.8646
#        2099       0.02160      4.59      2.00     6   6.8655
#        2101       0.01964      8.78      1.00     6   6.8675
#        2106       0.01647      4.89      2.00     6   6.8700
#        2107       0.01598      5.34      2.00     6   6.8735
#        2108       0.01133     14.73      2.00     7   6.8746
#        2110       0.01951     19.01      2.00     6   6.8813
#        2112       0.01956     15.78      2.00     6   6.8838
#        2113       0.01417      5.52      2.00     5   6.8848
#        2115       0.01437     10.59      2.00     6   6.8871
#        2117       0.03939      7.25      2.00     7   6.8876
#        2118       0.02666      5.61      2.00     7   6.8876
#        2120       0.01649     15.62      2.00     6   6.8886
#        2121       0.03016      7.24      2.00     7   6.8902
#        2122       0.03404      5.27      2.00     7   6.8902
#        2123       0.02539      5.60      2.00     7   6.8897
#        2124       0.00636      7.61      2.00     5   6.8904
#        2125       0.02752      6.20      2.00     5   6.8907
#        2126       0.02363      5.01      2.00     7   6.8906
#        2127       0.00637      9.40      2.00     5   6.8926
#        2128       0.02759      6.77      2.00     5   6.8925
#        2129       0.00635      6.72      2.00     5   6.8931
#        2130       0.01965     13.19      2.00     6   6.8928
#        2132       0.02813     11.33      2.00     7   6.8932
#        2133       0.01436      4.41      2.00     5   6.8946
#        2137       0.02781      7.72      2.00     5   6.8955
#        2138       0.03847     11.16      2.00     7   6.8956
#        2140       0.00782      4.40      2.00     5   6.8971
#        2141       0.00742     17.75      2.00     5   6.8980
#        2142       0.04289      5.59      2.00     7   6.8990
#        2143       0.02936      5.64      2.00     7   6.8991
#        2144       0.01876      7.44      2.00     5   6.9005
#        2145       0.02339      4.92      2.00     7   6.9015
#        2146       0.01642      4.02      2.00     7   6.9033
#        2147       0.01311      5.30      2.00     6   6.9036
#        2148       0.01303      5.84      2.00     6   6.9036
#        2149       0.01984      6.34      2.00     6   6.9043
#        2150       0.01990     12.37      2.00     6   6.9048
#        2151       0.01108     75.26      2.00     7   6.9047
#        2153       0.01553      5.78      2.00     4   6.9069
#        2154       0.02240      4.05      2.00     7   6.9072
#        2155       0.02153      7.27      2.00     7   6.9074
#        2156       0.01989      4.45      2.00     7   6.9075
#        2157       0.01633      6.30      2.00     7   6.9078
#        2158       0.01192     10.04      2.00     6   6.9084
#        2159       0.02107     11.14      2.00     7   6.9085
#        2161       0.00704     10.77      2.00     5   6.9096
#        2163       0.01625      6.50      2.00     7   6.9096
#        2164       0.01659      9.42      2.00     7   6.9099
#        2165       0.01974      8.58      2.00     7   6.9095
#        2166       0.01997      9.87      2.00     7   6.9104
#        2167       0.02002      4.36      2.00     7   6.9109
#        2168       0.02031      5.80      2.00     7   6.9110
#        2169       0.02782      4.44      2.00     7   6.9112
#        2172       0.02225      6.13      2.00     7   6.9124
#  1626/2000 paths used
#  -----------------------------------------------------------------------
#       k          chi          mag           phase @#
     0.0000    8.403199E+00  9.227129E+00  1.144989E+00
     0.0500    8.380619E+00  9.056024E+00  1.182140E+00
     0.1000    8.343171E+00  8.886248E+00  1.219379E+00
     0.1500    8.164494E+00  8.408841E+00  1.329135E+00
     0.2000    7.874423E+00  7.942629E+00  1.439650E+00
     0.2500    7.255071E+00  7.263100E+00  1.617822E+00
     0.3000    6.441070E+00  6.610697E+00  1.797820E+00
     0.3500    5.243036E+00  5.874038E+00  2.038562E+00
     0.4000    3.924530E+00  5.179343E+00  2.281769E+00
     0.4500    2.433124E+00  4.519584E+00  2.573113E+00
     0.5000    1.065810E+00  3.904512E+00  2.865115E+00
     0.5500   -1.661358E-01  3.392840E+00  3.190579E+00
     0.6000   -1.051937E+00  2.913050E+00  3.511053E+00
     0.6500   -1.656996E+00  2.557252E+00  3.846495E+00
     0.7000   -1.892626E+00  2.212288E+00  4.168121E+00
     0.7500   -1.922756E+00  1.971926E+00  4.488607E+00
     0.8000   -1.721879E+00  1.726822E+00  4.788074E+00
     0.8500   -1.453514E+00  1.557829E+00  5.080419E+00
     0.9000   -1.108123E+00  1.378776E+00  5.349698E+00
     0.9500   -7.747696E-01  1.248432E+00  5.613685E+00
     1.0000   -4.596942E-01  1.109524E+00  5.855993E+00
     1.0500   -1.820292E-01  1.005697E+00  6.101184E+00
     1.1000    4.040738E-02  8.944036E-01  6.328379E+00
     1.1500    2.193111E-01  8.005426E-01  6.560686E+00
     1.2000    3.316346E-01  7.016472E-01  6.775482E+00
     1.2500    3.991997E-01  6.134776E-01  6.991712E+00
     1.3000    4.110769E-01  5.229890E-01  7.187521E+00
     1.3500    3.926389E-01  4.420526E-01  7.376636E+00
     1.4000    3.459058E-01  3.647621E-01  7.531038E+00
     1.4500    2.942917E-01  2.996892E-01  7.663905E+00
     1.5000    2.430784E-01  2.446266E-01  7.741418E+00
     1.5500    2.046625E-01  2.050443E-01  7.792946E+00
     1.6000    1.784074E-01  1.786759E-01  7.799151E+00
     1.6500    1.623503E-01  1.623982E-01  7.829684E+00
     1.7000    1.526494E-01  1.526556E-01  7.862976E+00
     1.7500    1.421888E-01  1.426480E-01  7.934242E+00
     1.8000    1.301152E-01  1.317448E-01  8.011430E+00
     1.8500    1.154935E-01  1.186693E-01  8.085849E+00
     1.9000    1.047926E-01  1.086387E-01  8.120864E+00
     1.9500    1.184711E-01  1.200625E-01  8.016978E+00
     2.0000    9.401461E-02  9.876346E-02  8.165344E+00
     2.0500    9.192029E-02  9.905671E-02  8.235887E+00
     2.1000    8.825492E-02  1.000011E-01  8.343543E+00
     2.1500    7.846799E-02  9.670128E-02  8.478154E+00
     2.2000    6.457269E-02  8.719078E-02  8.590829E+00
     2.2500    4.712997E-02  7.244150E-02  8.716412E+00
     2.3000    3.889880E-02  5.952142E-02  8.712544E+00
     2.3500    4.136798E-02  5.478451E-02  8.568966E+00
     2.4000    5.135334E-02  6.128141E-02  8.431185E+00
     2.4500    5.872426E-02  7.015696E-02  8.432925E+00
     2.5000    6.482179E-02  8.159169E-02  8.506651E+00
     2.5500    6.695614E-02  9.395764E-02  8.631552E+00
     2.6000    6.297163E-02  1.062095E-01  8.790123E+00
     2.6500    5.038463E-02  1.144770E-01  8.969036E+00
     2.7000    3.192341E-02  1.221348E-01  9.160328E+00
     2.7500    8.342522E-03  1.289170E-01  9.360020E+00
     2.8000   -1.879796E-02  1.346135E-01  9.564880E+00
     2.8500   -4.580596E-02  1.360252E-01  9.768237E+00
     2.9000   -7.092834E-02  1.364361E-01  9.971471E+00
     2.9500   -9.248297E-02  1.359729E-01  1.017276E+01
     3.0000   -1.093691E-01  1.348499E-01  1.037071E+01
     3.0500   -1.197379E-01  1.319928E-01  1.056125E+01
     3.1000   -1.251894E-01  1.291335E-01  1.074779E+01
     3.1500   -1.261817E-01  1.264457E-01  1.093094E+01
     3.2000   -1.232091E-01  1.240444E-01  1.111169E+01
     3.2500   -1.162154E-01  1.213620E-01  1.128784E+01
     3.3000   -1.064315E-01  1.193340E-01  1.146489E+01
     3.3500   -9.358444E-02  1.175725E-01  1.164576E+01
     3.4000   -7.769189E-02  1.156111E-01  1.182945E+01
     3.4500   -5.971314E-02  1.135313E-01  1.201252E+01
     3.5000   -4.015344E-02  1.113527E-01  1.219746E+01
     3.5500   -1.980545E-02  1.089887E-01  1.238364E+01
     3.6000    3.988922E-04  1.063921E-01  1.257012E+01
     3.6500    1.914859E-02  1.034604E-01  1.275253E+01
     3.7000    3.594400E-02  1.003752E-01  1.293260E+01
     3.7500    5.024724E-02  9.724637E-02  1.310936E+01
     3.8000    6.182930E-02  9.421058E-02  1.328226E+01
     3.8500    7.070267E-02  9.160731E-02  1.344804E+01
     3.9000    7.725287E-02  8.936588E-02  1.361044E+01
     3.9500    8.176856E-02  8.758161E-02  1.377078E+01
     4.0000    8.446492E-02  8.629371E-02  1.393092E+01
     4.0500    8.558277E-02  8.567381E-02  1.409106E+01
     4.1000    8.486685E-02  8.545645E-02  1.425470E+01
     4.1500    8.204334E-02  8.552043E-02  1.442330E+01
     4.2000    7.678657E-02  8.571656E-02  1.459769E+01
     4.2500    6.905878E-02  8.608632E-02  1.477699E+01
     4.3000    5.859660E-02  8.632175E-02  1.496181E+01
     4.3500    4.558783E-02  8.630353E-02  1.515145E+01
     4.4000    3.052192E-02  8.594417E-02  1.534490E+01
     4.4500    1.421672E-02  8.539206E-02  1.554070E+01
     4.5000   -2.548811E-03  8.443978E-02  1.573815E+01
     4.5500   -1.879475E-02  8.309187E-02  1.593613E+01
     4.6000   -3.359914E-02  8.138101E-02  1.613356E+01
     4.6500   -4.633735E-02  7.952121E-02  1.633002E+01
     4.7000   -5.640678E-02  7.741356E-02  1.652430E+01
     4.7500   -6.353598E-02  7.513182E-02  1.671576E+01
     4.8000   -6.770224E-02  7.275267E-02  1.690396E+01
     4.8500   -6.918843E-02  7.044220E-02  1.708981E+01
     4.9000   -6.816308E-02  6.816459E-02  1.727211E+01
     4.9500   -6.499914E-02  6.597559E-02  1.745102E+01
     5.0000   -6.008285E-02  6.391723E-02  1.762690E+01
     5.0500   -5.378364E-02  6.207695E-02  1.780160E+01
     5.1000   -4.637773E-02  6.041095E-02  1.797431E+01
     5.1500   -3.813654E-02  5.892370E-02  1.814563E+01
     5.2000   -2.929225E-02  5.761111E-02  1.831617E+01
     5.2500   -1.997989E-02  5.652073E-02  1.848825E+01
     5.3000   -1.042851E-02  5.558300E-02  1.866082E+01
     5.3500   -8.309864E-04  5.477972E-02  1.883439E+01
     5.4000    8.609956E-03  5.409141E-02  1.900941E+01
     5.4500    1.779911E-02  5.355054E-02  1.918838E+01
     5.5000    2.637940E-02  5.307474E-02  1.936972E+01
     5.5500    3.407710E-02  5.263765E-02  1.955371E+01
     5.6000    4.060497E-02  5.221132E-02  1.974056E+01
     5.6500    4.576947E-02  5.181657E-02  1.993241E+01
     5.7000    4.917473E-02  5.136581E-02  2.012722E+01
     5.7500    5.059926E-02  5.083084E-02  2.032486E+01
     5.8000    4.991164E-02  5.018662E-02  2.052508E+01
     5.8500    4.713877E-02  4.947646E-02  2.072898E+01
     5.9000    4.233362E-02  4.862038E-02  2.093453E+01
     5.9500    3.576861E-02  4.761238E-02  2.114120E+01
     6.0000    2.784433E-02  4.645445E-02  2.134841E+01
     6.0500    1.907560E-02  4.534137E-02  2.155692E+01
     6.1000    9.904070E-03  4.410714E-02  2.176467E+01
     6.1500    8.562716E-04  4.277330E-02  2.197113E+01
     6.2000   -7.596443E-03  4.136556E-02  2.217584E+01
     6.2500   -1.507487E-02  3.991153E-02  2.237847E+01
     6.3000   -2.131101E-02  3.843815E-02  2.257882E+01
     6.3500   -2.614908E-02  3.696948E-02  2.277684E+01
     6.4000   -2.953241E-02  3.552489E-02  2.297262E+01
     6.4500   -3.148303E-02  3.411815E-02  2.316634E+01
     6.5000   -3.208013E-02  3.275726E-02  2.335827E+01
     6.5500   -3.172322E-02  3.172508E-02  2.355113E+01
     6.6000   -3.022770E-02  3.072958E-02  2.374292E+01
     6.6500   -2.773256E-02  2.976689E-02  2.393379E+01
     6.7000   -2.440063E-02  2.883285E-02  2.412378E+01
     6.7500   -2.041493E-02  2.792454E-02  2.431285E+01
     6.8000   -1.597185E-02  2.704122E-02  2.450088E+01
     6.8500   -1.127107E-02  2.618468E-02  2.468776E+01
     6.9000   -6.503669E-03  2.535886E-02  2.487338E+01
     6.9500   -1.841208E-03  2.456900E-02  2.505773E+01
     7.0000    2.571609E-03  2.382041E-02  2.524091E+01
     7.0500    6.740008E-03  2.323456E-02  2.542706E+01
     7.1000    1.046586E-02  2.268423E-02  2.561228E+01
     7.1500    1.366603E-02  2.217175E-02  2.579687E+01
     7.2000    1.627761E-02  2.169691E-02  2.598115E+01
     7.2500    1.825329E-02  2.125706E-02  2.616546E+01
     7.3000    1.955894E-02  2.084770E-02  2.635008E+01
     7.3500    2.017420E-02  2.046333E-02  2.653524E+01
     7.4000    2.009526E-02  2.009834E-02  2.672105E+01
     7.4500    1.933832E-02  1.974786E-02  2.690755E+01
     7.5000    1.794211E-02  1.940828E-02  2.709473E+01
     7.5500    1.596136E-02  1.908459E-02  2.728375E+01
     7.6000    1.349001E-02  1.877388E-02  2.747262E+01
     7.6500    1.063029E-02  1.847901E-02  2.766141E+01
     7.7000    7.489285E-03  1.820243E-02  2.785030E+01
     7.7500    4.174879E-03  1.794550E-02  2.803954E+01
     7.8000    7.941565E-04  1.770789E-02  2.822947E+01
     7.8500   -2.546006E-03  1.748727E-02  2.842045E+01
     7.9000   -5.737402E-03  1.727925E-02  2.861280E+01
     7.9500   -8.669763E-03  1.707778E-02  2.880680E+01
     8.0000   -1.123244E-02  1.687572E-02  2.900263E+01
     8.0500   -1.334148E-02  1.670066E-02  2.919973E+01
     8.1000   -1.489913E-02  1.652003E-02  2.939844E+01
     8.1500   -1.583474E-02  1.632808E-02  2.959868E+01
     8.2000   -1.610406E-02  1.612027E-02  2.980028E+01
     8.2500   -1.569594E-02  1.589358E-02  3.000300E+01
     8.3000   -1.463575E-02  1.564667E-02  3.020656E+01
     8.3500   -1.298466E-02  1.537977E-02  3.041073E+01
     8.4000   -1.083502E-02  1.509439E-02  3.061526E+01
     8.4500   -8.302700E-03  1.479280E-02  3.082001E+01
     8.5000   -5.518215E-03  1.447757E-02  3.102488E+01
     8.5500   -2.625949E-03  1.422818E-02  3.123030E+01
     8.6000    2.781135E-04  1.397231E-02  3.143583E+01
     8.6500    3.067581E-03  1.371086E-02  3.164157E+01
     8.7000    5.625174E-03  1.344380E-02  3.184763E+01
     8.7500    7.846140E-03  1.317018E-02  3.205413E+01
     8.8000    9.641740E-03  1.288843E-02  3.226111E+01
     8.8500    1.094321E-02  1.259663E-02  3.246858E+01
     8.9000    1.170606E-02  1.229300E-02  3.267646E+01
     8.9500    1.191388E-02  1.197629E-02  3.288459E+01
     9.0000    1.158069E-02  1.164607E-02  3.309273E+01
     9.0500    1.082799E-02  1.138954E-02  3.330205E+01
     9.1000    9.628536E-03  1.112156E-02  3.351086E+01
     9.1500    8.065141E-03  1.084424E-02  3.371889E+01
     9.2000    6.235737E-03  1.056066E-02  3.392588E+01
     9.2500    4.244531E-03  1.027451E-02  3.413165E+01
     9.3000    2.193595E-03  9.989626E-03  3.433613E+01
     9.3500    1.763106E-04  9.709555E-03  3.453936E+01
     9.4000   -1.726534E-03  9.437117E-03  3.474151E+01
     9.4500   -3.448030E-03  9.174095E-03  3.494283E+01
     9.5000   -4.934546E-03  8.921095E-03  3.514364E+01
     9.5500   -6.190269E-03  8.730221E-03  3.534569E+01
     9.6000   -7.147493E-03  8.547749E-03  3.554781E+01
     9.6500   -7.780523E-03  8.371703E-03  3.575026E+01
     9.7000   -8.074281E-03  8.199672E-03  3.595321E+01
     9.7500   -8.025916E-03  8.029155E-03  3.615672E+01
     9.8000   -7.646533E-03  7.857872E-03  3.636077E+01
     9.8500   -6.962262E-03  7.684018E-03  3.656521E+01
     9.9000   -6.013981E-03  7.506422E-03  3.676985E+01
     9.9500   -4.855384E-03  7.324608E-03  3.697444E+01
    10.0000   -3.549514E-03  7.138776E-03  3.717872E+01
    10.0500   -2.167377E-03  6.981391E-03  3.738344E+01
    10.1000   -7.590267E-04  6.821542E-03  3.758761E+01
    10.1500    6.114225E-04  6.660229E-03  3.779104E+01
    10.2000    1.886170E-03  6.498649E-03  3.799359E+01
    10.2500    3.016528E-03  6.338091E-03  3.819514E+01
    10.3000    3.964671E-03  6.179864E-03  3.839562E+01
    10.3500    4.704348E-03  6.025238E-03  3.859501E+01
    10.4000    5.220700E-03  5.875401E-03  3.879333E+01
    10.4500    5.509358E-03  5.731425E-03  3.899063E+01
    10.5000    5.575034E-03  5.594236E-03  3.918703E+01
    10.5500    5.429844E-03  5.464568E-03  3.938270E+01
    10.6000    5.091565E-03  5.342916E-03  3.957786E+01
    10.6500    4.582078E-03  5.229486E-03  3.977278E+01
    10.7000    3.926166E-03  5.124136E-03  3.996778E+01
    10.7500    3.150792E-03  5.026347E-03  4.016319E+01
    10.8000    2.284855E-03  4.935207E-03  4.035936E+01
    10.8500    1.359286E-03  4.849443E-03  4.055660E+01
    10.9000    4.072350E-04  4.767482E-03  4.075518E+01
    10.9500   -5.359910E-04  4.687554E-03  4.095530E+01
    11.0000   -1.433527E-03  4.607813E-03  4.115706E+01
    11.0500   -2.268531E-03  4.564377E-03  4.136085E+01
    11.1000   -2.998709E-03  4.519659E-03  4.156617E+01
    11.1500   -3.590914E-03  4.472217E-03  4.177291E+01
    11.2000   -4.017339E-03  4.420850E-03  4.198092E+01
    11.2500   -4.258018E-03  4.364673E-03  4.218998E+01
    11.3000   -4.302856E-03  4.303150E-03  4.239981E+01
    11.3500   -4.152809E-03  4.236110E-03  4.261014E+01
    11.4000   -3.819977E-03  4.163725E-03  4.282069E+01
    11.4500   -3.326598E-03  4.086463E-03  4.303120E+01
    11.5000   -2.703088E-03  4.005024E-03  4.324144E+01
    11.5500   -1.985470E-03  3.920259E-03  4.345122E+01
    11.6000   -1.212579E-03  3.833078E-03  4.366042E+01
    11.6500   -4.234100E-04  3.744375E-03  4.386898E+01
    11.7000    3.451153E-04  3.654954E-03  4.407686E+01
    11.7500    1.059836E-03  3.565488E-03  4.428411E+01
    11.8000    1.692505E-03  3.476487E-03  4.449077E+01
    11.8500    2.220490E-03  3.388305E-03  4.469693E+01
    11.9000    2.627154E-03  3.301158E-03  4.490267E+01
    11.9500    2.902013E-03  3.215152E-03  4.510808E+01
    12.0000    3.040712E-03  3.130326E-03  4.531324E+01
    12.0500    3.084450E-03  3.085883E-03  4.552262E+01
    12.1000    2.993379E-03  3.042072E-03  4.573226E+01
    12.1500    2.774513E-03  2.998634E-03  4.594217E+01
    12.2000    2.440352E-03  2.955354E-03  4.615238E+01
    12.2500    2.008339E-03  2.912080E-03  4.636287E+01
    12.3000    1.500007E-03  2.868707E-03  4.657366E+01
    12.3500    9.399068E-04  2.825156E-03  4.678473E+01
    12.4000    3.544115E-04  2.781356E-03  4.699612E+01
    12.4500   -2.295113E-04  2.737216E-03  4.720784E+01
    12.5000   -7.854904E-04  2.692611E-03  4.741992E+01
    12.5500   -1.288888E-03  2.647375E-03  4.763238E+01
    12.6000   -1.717874E-03  2.601311E-03  4.784522E+01
    12.6500   -2.054438E-03  2.554203E-03  4.805845E+01
    12.7000   -2.285306E-03  2.505846E-03  4.827200E+01
    12.7500   -2.402682E-03  2.456070E-03  4.848580E+01
    12.8000   -2.404738E-03  2.404769E-03  4.869975E+01
    12.8500   -2.295733E-03  2.351921E-03  4.891371E+01
    12.9000   -2.085695E-03  2.297597E-03  4.912754E+01
    12.9500   -1.789660E-03  2.241962E-03  4.934109E+01
    13.0000   -1.426528E-03  2.185266E-03  4.955422E+01
    13.0500   -1.026413E-03  2.141830E-03  4.976571E+01
    13.1000   -5.972683E-04  2.097898E-03  4.997679E+01
    13.1500   -1.601675E-04  2.053669E-03  5.018741E+01
    13.2000    2.646209E-04  2.009321E-03  5.039756E+01
    13.2500    6.585560E-04  1.965001E-03  5.060724E+01
    13.3000    1.005567E-03  1.920825E-03  5.081645E+01
    13.3500    1.292617E-03  1.876874E-03  5.102519E+01
    13.4000    1.510092E-03  1.833210E-03  5.123346E+01
    13.4500    1.652040E-03  1.789879E-03  5.144126E+01
    13.5000    1.716244E-03  1.746933E-03  5.164856E+01
    13.5500    1.704131E-03  1.704440E-03  5.185532E+01
    13.6000    1.620501E-03  1.662491E-03  5.206151E+01
    13.6500    1.473079E-03  1.621213E-03  5.226709E+01
    13.7000    1.271906E-03  1.580757E-03  5.247204E+01
    13.7500    1.028637E-03  1.541291E-03  5.267638E+01
    13.8000    7.558034E-04  1.502983E-03  5.288016E+01
    13.8500    4.661466E-04  1.465971E-03  5.308348E+01
    13.9000    1.720634E-04  1.430347E-03  5.328649E+01
    13.9500   -1.147775E-04  1.396128E-03  5.348938E+01
    14.0000   -3.836733E-04  1.363247E-03  5.369237E+01
    14.0500   -6.352711E-04  1.345596E-03  5.389876E+01
    14.1000   -8.543316E-04  1.328494E-03  5.410559E+01
    14.1500   -1.032279E-03  1.311745E-03  5.431293E+01
    14.2000   -1.162183E-03  1.295144E-03  5.452078E+01
    14.2500   -1.239155E-03  1.278512E-03  5.472911E+01
    14.3000   -1.260697E-03  1.261708E-03  5.493784E+01
    14.3500   -1.226919E-03  1.244651E-03  5.514687E+01
    14.4000   -1.140578E-03  1.227320E-03  5.535609E+01
    14.4500   -1.006898E-03  1.209749E-03  5.556539E+01
    14.5000   -8.331993E-04  1.192016E-03  5.577469E+01
    14.5500   -6.284093E-04  1.174217E-03  5.598396E+01
    14.6000   -4.025098E-04  1.156451E-03  5.619317E+01
    14.6500   -1.660111E-04  1.138798E-03  5.640237E+01
    14.7000    7.052146E-05  1.121309E-03  5.661160E+01
    14.7500    2.968797E-04  1.104001E-03  5.682093E+01
    14.8000    5.035815E-04  1.086868E-03  5.703042E+01
    14.8500    6.822158E-04  1.069882E-03  5.724012E+01
    14.9000    8.257686E-04  1.053016E-03  5.745006E+01
    14.9500    9.289101E-04  1.036249E-03  5.766028E+01
    15.0000    9.882117E-04  1.019568E-03  5.787081E+01
    15.0500    1.008699E-03  1.009525E-03  5.807900E+01
    15.1000    9.851926E-04  9.993340E-04  5.828789E+01
    15.1500    9.190423E-04  9.888659E-04  5.849750E+01
    15.2000    8.135578E-04  9.779969E-04  5.870781E+01
    15.2500    6.739343E-04  9.666136E-04  5.891876E+01
    15.3000    5.070548E-04  9.546176E-04  5.913029E+01
    15.3500    3.211739E-04  9.419299E-04  5.934231E+01
    15.4000    1.254887E-04  9.284955E-04  5.955469E+01
    15.4500   -7.037978E-05  9.142874E-04  5.976731E+01
    15.5000   -2.569579E-04  8.993104E-04  5.998003E+01
    15.5500   -4.254939E-04  8.836021E-04  6.019268E+01
    15.6000   -5.684794E-04  8.672317E-04  6.040512E+01
    15.6500   -6.800641E-04  8.502958E-04  6.061722E+01
    15.7000   -7.563233E-04  8.329108E-04  6.082886E+01
    15.7500   -7.953612E-04  8.152039E-04  6.103997E+01
    15.8000   -7.972581E-04  7.973026E-04  6.125049E+01
    15.8500   -7.638908E-04  7.793253E-04  6.146041E+01
    15.9000   -6.986690E-04  7.613735E-04  6.166975E+01
    15.9500   -6.062272E-04  7.435268E-04  6.187854E+01
    16.0000   -4.921066E-04  7.258415E-04  6.208684E+01
    16.0500   -3.666163E-04  7.113327E-04  6.229039E+01
    16.1000   -2.313879E-04  6.972079E-04  6.249356E+01
    16.1500   -9.221651E-05  6.834740E-04  6.269652E+01
    16.2000    4.523873E-05  6.701049E-04  6.289941E+01
    16.2500    1.755958E-04  6.570469E-04  6.310239E+01
    16.3000    2.938890E-04  6.442266E-04  6.330556E+01
    16.3500    3.957183E-04  6.315598E-04  6.350900E+01
    16.4000    4.774109E-04  6.189601E-04  6.371275E+01
    16.4500    5.361836E-04  6.063467E-04  6.391681E+01
    16.5000    5.702854E-04  5.936506E-04  6.412116E+01
    16.5500    5.791001E-04  5.808183E-04  6.432571E+01
    16.6000    5.631865E-04  5.678135E-04  6.453040E+01
    16.6500    5.242468E-04  5.546175E-04  6.473512E+01
    16.7000    4.650202E-04  5.412275E-04  6.493975E+01
    16.7500    3.891088E-04  5.276553E-04  6.514419E+01
    16.8000    3.007530E-04  5.139249E-04  6.534831E+01
    16.8500    2.045721E-04  5.000712E-04  6.555199E+01
    16.9000    1.052938E-04  4.861382E-04  6.575512E+01
    16.9500    7.489331E-06  4.721785E-04  6.595758E+01
    17.0000   -8.466457E-05  4.582526E-04  6.615927E+01
    17.0500   -1.701659E-04  4.472057E-04  6.636379E+01
    17.1000   -2.442435E-04  4.363816E-04  6.656747E+01
    17.1500   -3.045519E-04  4.258398E-04  6.677033E+01
    17.2000   -3.495127E-04  4.156346E-04  6.697241E+01
    17.2500   -3.782890E-04  4.058120E-04  6.717383E+01
    17.3000   -3.907228E-04  3.964064E-04  6.737470E+01
    17.3500   -3.872521E-04  3.874377E-04  6.757520E+01
    17.4000   -3.688213E-04  3.789097E-04  6.777552E+01
    17.4500   -3.367994E-04  3.708082E-04  6.797587E+01
    17.5000   -2.929141E-04  3.631015E-04  6.817649E+01
    17.5500   -2.392009E-04  3.557417E-04  6.837759E+01
    17.6000   -1.779641E-04  3.486674E-04  6.857937E+01
    17.6500   -1.117375E-04  3.418074E-04  6.878201E+01
    17.7000   -4.323481E-05  3.350842E-04  6.898565E+01
    17.7500    2.472052E-05  3.284186E-04  6.919038E+01
    17.8000    8.929093E-05  3.217329E-04  6.939626E+01
    17.8500    1.477451E-04  3.149541E-04  6.960331E+01
    17.9000    1.975963E-04  3.080163E-04  6.981151E+01
    17.9500    2.367464E-04  3.008623E-04  7.002080E+01
    18.0000    2.636229E-04  2.934441E-04  7.023110E+01
    18.0500    2.807414E-04  2.893711E-04  7.044100E+01
    18.1000    2.847943E-04  2.849610E-04  7.065163E+01
    18.1500    2.758251E-04  2.801999E-04  7.086277E+01
    18.2000    2.546002E-04  2.750872E-04  7.107421E+01
    18.2500    2.225591E-04  2.696358E-04  7.128571E+01
    18.3000    1.817093E-04  2.638713E-04  7.149704E+01
    18.3500    1.344742E-04  2.578322E-04  7.170796E+01
    18.4000    8.350995E-05  2.515686E-04  7.191825E+01
    18.4500    3.151100E-05  2.451405E-04  7.212773E+01
    18.5000   -1.897436E-05  2.386154E-04  7.233623E+01
    18.5500   -6.569726E-05  2.320651E-04  7.254365E+01
    18.6000   -1.068158E-04  2.255610E-04  7.274995E+01
    18.6500   -1.409488E-04  2.191697E-04  7.295518E+01
    18.7000   -1.671790E-04  2.129481E-04  7.315944E+01
    18.7500   -1.850150E-04  2.069388E-04  7.336295E+01
    18.8000   -1.943307E-04  2.011663E-04  7.356599E+01
    18.8500   -1.953000E-04  1.956350E-04  7.376890E+01
    18.9000   -1.883429E-04  1.903291E-04  7.397202E+01
    18.9500   -1.740928E-04  1.852139E-04  7.417572E+01
    19.0000   -1.533852E-04  1.802400E-04  7.438033E+01
    19.0500   -1.288552E-04  1.772189E-04  7.458414E+01
    19.1000   -9.967932E-05  1.742411E-04  7.478919E+01
    19.1500   -6.710433E-05  1.712474E-04  7.499558E+01
    19.2000   -3.257085E-05  1.681807E-04  7.520333E+01
    19.2500    2.335971E-06  1.649901E-04  7.541238E+01
    19.3000    3.596589E-05  1.616339E-04  7.562262E+01
    19.3500    6.670642E-05  1.580813E-04  7.583385E+01
    19.4000    9.309678E-05  1.543136E-04  7.604585E+01
    19.4500    1.139373E-04  1.503238E-04  7.625838E+01
    19.5000    1.283794E-04  1.461154E-04  7.647118E+01
    19.5500    1.359838E-04  1.417011E-04  7.668399E+01
    19.6000    1.367412E-04  1.371012E-04  7.689654E+01
    19.6500    1.310544E-04  1.323413E-04  7.710859E+01
    19.7000    1.196850E-04  1.274509E-04  7.731991E+01
    19.7500    1.036752E-04  1.224620E-04  7.753027E+01
    19.8000    8.425226E-05  1.174077E-04  7.773946E+01
    19.8500    6.272775E-05  1.123213E-04  7.794728E+01
    19.9000    4.040023E-05  1.072359E-04  7.815354E+01
    19.9500    1.846996E-05  1.021837E-04  7.835806E+01
    20.0000   -2.028928E-06  9.719542E-05  7.856069E+01
