# # Once                                                         FEFF 10.0.0 
# # POT  SCF 100  9.0000   0, NO core-hole, FOLP (folp(0)= 1.150)
# # Abs   Z=30 Rmt= 1.378 Rnm= 1.521 K  shell
# #   RGRID 0.0100
# # Pot 1 Z= 6 Rmt= 0.898 Rnm= 1.121
# # Pot 2 Z= 6 Rmt= 0.928 Rnm= 1.166
# # Pot 3 Z= 1 Rmt= 0.547 Rnm= 0.944
# # Pot 4 Z=16 Rmt= 1.257 Rnm= 1.476
# # Gam_ch=1.897E+00 H-L exch Vi=-5.000E-01 Vr= 0.000E+00
# # Mu=-7.303E+00eV kf=1.992E+00 Vint=-1.324E+01eV Rs_int= 1.820
# # PATH  Rmax= 9.000,  Keep_limit= 0.00, Heap_limit 0.00  Pwcrit= 2.50%
#  S02=1.000  Temp=  10.00  Debye_temp= 315.00  Global_sig2= 0.00000
#  Energy zero shift, vr, vi    0.00000E+00   0.00000E+00
#  Curved wave amplitude ratio filter   4.000%
#     file         sig2 tot  cw amp ratio   deg  nlegs   reff  inp sig2
#           1       0.00299    100.00      1.00     2   2.3541
#           2       0.00300     99.56      1.00     2   2.3583
#           3       0.00307     99.10      1.00     2   2.3629
#           4       0.00308     98.52      1.00     2   2.3686
#           5       0.02184     14.15      1.00     2   3.0500
#           6       0.02806     13.24      1.00     2   3.1342
#           7       0.02330     13.18      1.00     2   3.1407
#           8       0.02950     13.05      1.00     2   3.1529
#           9       0.00573     43.95      1.00     2   3.2560
#          10       0.00632     42.41      1.00     2   3.3029
#          11       0.00558     40.98      1.00     2   3.3486
#          12       0.00633     40.85      1.00     2   3.3528
#          13       0.02437     10.32      1.00     2   3.4711
#          14       0.03598     10.13      1.00     2   3.4976
#          15       0.00407     49.45      2.00     3   3.7170
#          16       0.01146     14.65      2.00     3   3.7449
#          17       0.01087     18.73      2.00     3   3.7458
#          18       0.00428     48.52      2.00     3   3.7459
#          19       0.00406     48.30      2.00     3   3.7666
#          20       0.00431     47.84      2.00     3   3.7738
#          21       0.01437     14.92      2.00     3   3.7746
#          22       0.01383     16.17      2.00     3   3.7898
#          23       0.03664      8.08      1.00     2   3.8333
#          24       0.01479      9.09      2.00     3   3.9017
#          25       0.01258     10.73      2.00     3   3.9102
#          26       0.01125     27.10      1.00     2   3.9490
#          27       0.01473      8.85      2.00     3   3.9500
#          28       0.01666      8.73      2.00     3   3.9566
#          29       0.01677      8.77      2.00     3   3.9604
#          30       0.01918      7.27      1.00     2   4.0002
#          31       0.01476      8.12      2.00     3   4.1172
#          32       0.01915     10.76      1.00     4   4.1431
#          33       0.00842      5.54      2.00     4   4.1638
#          34       0.01059     23.45      1.00     2   4.1782
#          35       0.00448     18.22      1.00     4   4.1780
#          36       0.01876      4.62      2.00     3   4.1841
#          37       0.00449     15.76      1.00     4   4.1846
#          38       0.00448     16.98      1.00     4   4.1888
#          39       0.00456     15.61      1.00     4   4.1947
#          40       0.01598      6.42      1.00     2   4.2044
#          42       0.01031      4.43      2.00     4   4.2108
#          44       0.01215     17.78      2.00     3   4.2211
#          45       0.00434     11.07      2.00     3   4.2272
#          46       0.02533      9.97      1.00     4   4.2268
#          47       0.01394      6.30      1.00     2   4.2340
#          48       0.01823      9.74      1.00     4   4.2338
#          49       0.02634      9.70      1.00     4   4.2463
#          50       0.00430     11.23      2.00     3   4.2472
#          52       0.01990     15.13      2.00     3   4.2698
#          53       0.00415     11.92      2.00     3   4.2758
#          54       0.00431     11.42      2.00     3   4.2757
#          55       0.01168     25.63      2.00     3   4.3152
#          56       0.01219     22.69      2.00     3   4.3252
#          57       0.00426     13.39      2.00     3   4.3389
#          59       0.03312      5.88      1.00     2   4.3533
#          60       0.00454     13.77      2.00     3   4.3633
#          61       0.01044      5.63      2.00     4   4.3713
#          62       0.01343      8.71      2.00     3   4.3811
#          63       0.00636     21.72      2.00     3   4.3843
#          64       0.01153     28.78      1.00     4   4.3963
#          65       0.01703      5.81      2.00     4   4.3991
#          66       0.01818      4.31      2.00     3   4.4063
#          67       0.01063     11.99      1.00     4   4.4420
#          68       0.01133     22.28      1.00     4   4.4460
#          69       0.00781     19.65      1.00     2   4.4727
#          70       0.01269     10.51      2.00     3   4.4848
#          71       0.01215     11.05      2.00     3   4.4957
#          72       0.03195      5.41      1.00     2   4.4972
#          73       0.00626     21.86      2.00     3   4.5236
#          74       0.01927      4.03      2.00     3   4.5491
#          75       0.01993     10.62      2.00     3   4.5523
#          77       0.00603     18.21      2.00     3   4.5576
#          78       0.01823      7.31      1.00     4   4.5645
#          80       0.00960     24.72      2.00     4   4.5769
#          81       0.03726      7.93      1.00     4   4.5907
#          82       0.00942     11.60      2.00     4   4.6020
#          83       0.00962     20.67      2.00     4   4.6056
#          84       0.01808      5.46      2.00     4   4.6184
#          85       0.01535      5.98      2.00     4   4.6272
#          86       0.01293      6.65      2.00     3   4.6280
#          87       0.01037     13.28      2.00     4   4.6391
#          88       0.01762      8.97      2.00     4   4.6534
#          89       0.00568     17.60      1.00     2   4.6658
#          90       0.00547     33.46      2.00     3   4.6686
#          91       0.01721      7.97      2.00     4   4.6698
#          92       0.00586     18.61      2.00     3   4.6709
#          93       0.01193      8.39      2.00     4   4.7051
#          94       0.00598     11.42      1.00     4   4.7082
#          95       0.00458      4.19      2.00     4   4.7124
#          96       0.00600     11.32      1.00     4   4.7167
#          97       0.00462      6.46      2.00     4   4.7170
#          98       0.00564     58.93      2.00     3   4.7185
#         101       0.00613     11.21      1.00     4   4.7258
#         102       0.00473      7.14      2.00     4   4.7269
#         103       0.01222      7.20      2.00     3   4.7311
#         105       0.00617     11.08      1.00     4   4.7371
#         106       0.02797      4.74      1.00     2   4.7388
#         107       0.01015     17.18      2.00     4   4.7462
#         108       0.01407      5.29      1.00     4   4.7574
#         109       0.00980     18.42      2.00     4   4.7581
#         111       0.02087      4.99      2.00     4   4.7622
#         112       0.01412      4.66      1.00     4   4.7652
#         113       0.01998     11.14      2.00     3   4.7696
#         114       0.00630     62.20      1.00     4   4.7713
#         115       0.02072      4.85      2.00     4   4.7869
#         117       0.00529     21.97      2.00     3   4.8135
#         118       0.00656      4.02      1.00     4   4.8196
#         119       0.02022      4.53      1.00     2   4.8230
#         120       0.00544      8.49      2.00     4   4.8272
#         124       0.00941      8.42      2.00     3   4.8393
#         125       0.01629      8.98      2.00     5   4.8392
#         126       0.00946     45.35      2.00     5   4.8392
#         127       0.00757      5.34      2.00     3   4.8466
#         128       0.01274      7.25      2.00     4   4.8560
#         129       0.00940     20.16      2.00     5   4.8600
#         130       0.00596     27.85      1.00     4   4.8644
#         131       0.02329      5.06      2.00     3   4.8651
#         132       0.00946     37.30      2.00     5   4.8669
#         133       0.02037     12.47      2.00     5   4.8680
#         134       0.00662      9.39      1.00     4   4.8690
#         135       0.00745      5.22      2.00     3   4.8701
#         137       0.01949     11.38      2.00     5   4.8830
#         138       0.01212      8.95      2.00     4   4.8977
#         139       0.00490     28.56      2.00     3   4.8994
#         140       0.02357      4.34      1.00     2   4.9026
#         141       0.03927      6.25      1.00     4   4.9264
#         142       0.01788      4.64      2.00     3   4.9316
#         143       0.01563     16.66      2.00     3   4.9337
#         144       0.02401      5.43      2.00     3   4.9335
#         145       0.00543     10.25      2.00     4   4.9446
#         146       0.00457     52.69      2.00     4   4.9521
#         147       0.01742      5.68      2.00     3   4.9597
#         148       0.01260      7.97      2.00     4   4.9606
#         149       0.00888      8.20      2.00     3   4.9789
#         150       0.01638      5.39      2.00     3   4.9811
#         151       0.00514      8.77      2.00     4   4.9929
#         153       0.01633      9.40      2.00     5   5.0037
#         154       0.01802     10.10      2.00     3   5.0050
#         155       0.00470     24.42      2.00     4   5.0093
#         156       0.00511      9.98      2.00     4   5.0163
#         158       0.00962     19.67      2.00     5   5.0198
#         159       0.00953      8.70      2.00     5   5.0199
#         160       0.00965     16.97      2.00     5   5.0266
#         161       0.00921     18.29      2.00     4   5.0317
#         162       0.01964      4.06      1.00     2   5.0328
#         163       0.01045     13.03      2.00     4   5.0352
#         164       0.01714      6.39      1.00     4   5.0419
#         165       0.01540      4.45      2.00     5   5.0426
#         166       0.01324     16.92      1.00     4   5.0445
#         168       0.02161      4.03      1.00     2   5.0479
#         169       0.02344      6.82      2.00     3   5.0481
#         170       0.01587      4.53      2.00     5   5.0486
#         171       0.00802      4.86      2.00     3   5.0576
#         172       0.01625      6.67      2.00     4   5.0633
#         173       0.01110      9.90      2.00     4   5.0658
#         174       0.01505      8.52      2.00     4   5.0765
#         175       0.00655      8.48      1.00     4   5.0799
#         176       0.00506     23.65      2.00     4   5.0865
#         177       0.02783      4.29      2.00     4   5.0904
#         178       0.01638      4.91      1.00     4   5.0936
#         180       0.02176      8.47      2.00     3   5.1239
#         181       0.01612      6.05      2.00     3   5.1270
#         182       0.00697      8.37      1.00     4   5.1288
#         183       0.00532     14.41      1.00     4   5.1329
#         184       0.00863      5.99      2.00     3   5.1448
#         185       0.01452      6.79      2.00     3   5.1458
#         186       0.01157      8.26      2.00     5   5.1480
#         187       0.01508     14.45      2.00     3   5.1534
#         189       0.00544      7.07      1.00     4   5.1542
#         190       0.01169     10.37      2.00     4   5.1556
#         191       0.02318      6.27      2.00     4   5.1575
#         192       0.01692      7.65      2.00     3   5.1599
#         194       0.00567      4.13      1.00     4   5.1663
#         195       0.00656      8.41      1.00     4   5.1748
#         198       0.00708      8.33      1.00     4   5.1790
#         199       0.00474     39.43      2.00     4   5.1796
#         200       0.00720      5.14      2.00     3   5.1904
#         201       0.01028     16.56      2.00     4   5.1976
#         202       0.02205     10.01      2.00     3   5.2023
#         203       0.01372      8.44      2.00     4   5.2049
#         204       0.01269      6.76      2.00     4   5.2059
#         205       0.01237     10.86      2.00     4   5.2074
#         206       0.02135     11.47      2.00     3   5.2258
#         207       0.00497     88.58      2.00     5   5.2323
#         208       0.01193      5.71      2.00     4   5.2477
#         209       0.01172      6.32      2.00     4   5.2535
#         210       0.02574      4.06      2.00     4   5.2546
#         211       0.01176     14.06      2.00     4   5.2565
#         213       0.01576      7.15      2.00     6   5.2572
#         214       0.01274     26.16      2.00     5   5.2602
#         215       0.01119     18.42      2.00     5   5.2616
#         216       0.00583      9.37      2.00     5   5.2625
#         218       0.01595      8.83      2.00     3   5.2684
#         219       0.01641      6.00      1.00     4   5.2711
#         222       0.01374     14.18      1.00     4   5.2739
#         223       0.01485      7.40      2.00     3   5.2756
#         224       0.00919      7.89      1.00     6   5.2777
#         225       0.00969      8.96      1.00     6   5.2780
#         226       0.01529      7.50      2.00     3   5.2814
#         227       0.00518     47.18      2.00     5   5.2824
#         228       0.00948      4.44      1.00     6   5.2822
#         229       0.01002     19.88      1.00     6   5.2821
#         230       0.00947      6.44      1.00     6   5.2874
#         231       0.00987     16.84      1.00     6   5.2879
#         232       0.00557     18.40      2.00     5   5.2900
#         233       0.01316      8.81      2.00     5   5.2913
#         238       0.01808      8.55      2.00     6   5.3040
#         239       0.01299     11.58      2.00     5   5.3061
#         240       0.01365      8.94      2.00     3   5.3069
#         241       0.02002      5.49      2.00     4   5.3099
#         243       0.01908      8.92      2.00     6   5.3109
#         244       0.01984      5.18      2.00     4   5.3129
#         245       0.01255      8.63      2.00     4   5.3142
#         246       0.01979     14.59      2.00     5   5.3145
#         247       0.01183      8.65      2.00     5   5.3187
#         248       0.01232      4.79      2.00     3   5.3308
#         249       0.02400      9.41      1.00     4   5.3341
#         251       0.02323      5.16      2.00     4   5.3434
#         252       0.02391      4.91      1.00     4   5.3453
#         253       0.01677      4.33      2.00     4   5.3483
#         254       0.01299      8.82      2.00     4   5.3504
#         255       0.02382      7.16      1.00     4   5.3567
#         257       0.02306      5.22      2.00     4   5.3618
#         258       0.02567      5.89      2.00     5   5.3628
#         259       0.02929      4.60      2.00     3   5.3652
#         260       0.02118      9.39      2.00     5   5.3653
#         261       0.01288     11.93      2.00     4   5.3690
#         262       0.02716      4.51      2.00     3   5.3732
#         263       0.01246      9.73      2.00     4   5.3728
#         264       0.00690      7.44      2.00     3   5.3740
#         265       0.01601     13.04      2.00     4   5.3766
#         266       0.00617      7.65      2.00     3   5.3789
#         268       0.01595      8.13      2.00     4   5.3813
#         269       0.01145     12.17      2.00     4   5.3835
#         270       0.01457      8.74      2.00     3   5.3892
#         272       0.01158      7.33      2.00     4   5.3932
#         273       0.01162     14.77      2.00     4   5.3961
#         274       0.01130     10.09      2.00     4   5.3965
#         275       0.01522     10.65      2.00     3   5.4058
#         276       0.00956      5.69      2.00     5   5.4066
#         277       0.02302     20.33      2.00     5   5.4085
#         279       0.00479     40.82      2.00     5   5.4131
#         280       0.01485      4.07      1.00     4   5.4173
#         282       0.01265     11.68      2.00     3   5.4178
#         283       0.02218     18.23      2.00     5   5.4184
#         284       0.01475      8.97      1.00     4   5.4189
#         285       0.01499      5.81      1.00     4   5.4192
#         286       0.01338     25.20      2.00     5   5.4256
#         287       0.00482     21.39      2.00     5   5.4273
#         288       0.01699      4.73      2.00     5   5.4324
#         290       0.01609      9.84      2.00     4   5.4358
#         291       0.00488      4.38      2.00     5   5.4359
#         292       0.01656      4.95      2.00     4   5.4363
#         293       0.00491      6.22      2.00     5   5.4373
#         294       0.01118      6.80      2.00     3   5.4383
#         295       0.02267      5.11      2.00     3   5.4399
#         296       0.02360      5.10      2.00     4   5.4398
#         297       0.01022      7.07      2.00     5   5.4410
#         298       0.00673      8.88      2.00     3   5.4448
#         300       0.00618     11.81      2.00     3   5.4504
#         302       0.00859      8.96      2.00     5   5.4531
#         303       0.01163      4.38      2.00     5   5.4533
#         304       0.01596      4.17      2.00     4   5.4542
#         305       0.00651     10.79      2.00     3   5.4584
#         306       0.01194     12.23      2.00     4   5.4613
#         307       0.01211      4.07      2.00     5   5.4646
#         309       0.01560      5.10      2.00     6   5.4647
#         311       0.01697      7.07      2.00     5   5.4745
#         312       0.01108      6.74      2.00     5   5.4773
#         313       0.01187     26.88      2.00     5   5.4776
#         314       0.01239     10.96      2.00     5   5.4772
#         316       0.02005      4.49      2.00     4   5.4801
#         317       0.01088     27.22      2.00     5   5.4798
#         319       0.02082      7.58      2.00     6   5.4897
#         320       0.02365     26.47      1.00     6   5.4897
#         321       0.01126     12.20      2.00     4   5.4910
#         323       0.00768     11.24      2.00     5   5.4927
#         324       0.02149      5.64      2.00     6   5.4926
#         325       0.04356      5.66      2.00     6   5.4922
#         326       0.01140      9.26      2.00     4   5.4960
#         327       0.02906      4.76      2.00     4   5.4971
#         328       0.01191      6.27      2.00     5   5.4975
#         329       0.01277     11.73      2.00     4   5.4988
#         330       0.01158     10.32      2.00     4   5.5028
#         331       0.01299      4.99      2.00     5   5.5062
#         332       0.01118     10.56      2.00     4   5.5065
#         333       0.02388      5.94      2.00     4   5.5093
#         334       0.03050      4.61      2.00     4   5.5113
#         335       0.01436      6.02      1.00     4   5.5109
#         336       0.02125      4.26      2.00     5   5.5135
#         337       0.01461      4.17      1.00     4   5.5149
#         339       0.01474      4.04      1.00     4   5.5184
#         340       0.01918      4.45      2.00     5   5.5205
#         344       0.02204      4.11      2.00     5   5.5350
#         345       0.02151     11.17      1.00     6   5.5354
#         346       0.01070     15.73      2.00     4   5.5395
#         347       0.02315     20.74      1.00     6   5.5392
#         348       0.01073      9.37      2.00     4   5.5404
#         349       0.01129      8.62      2.00     4   5.5411
#         350       0.00768     16.96      2.00     5   5.5410
#         351       0.01146      8.09      2.00     4   5.5424
#         352       0.01166     10.79      2.00     4   5.5466
#         353       0.01176      4.99      2.00     4   5.5521
#         358       0.01156      5.11      2.00     4   5.5643
#         359       0.01442      5.50      1.00     4   5.5659
#         360       0.01166     10.41      1.00     4   5.5681
#         361       0.01714      9.63      2.00     5   5.5685
#         362       0.01018      7.67      2.00     5   5.5688
#         363       0.00966      8.19      2.00     5   5.5721
#         364       0.00789     17.03      2.00     5   5.5717
#         365       0.02290      8.67      2.00     5   5.5737
#         366       0.01174      9.04      2.00     5   5.5735
#         368       0.01106      9.87      2.00     3   5.5767
#         370       0.01780      8.38      2.00     5   5.5780
#         371       0.01086      4.44      2.00     4   5.5881
#         372       0.01081      8.58      2.00     4   5.5891
#         373       0.01291      5.62      2.00     4   5.5887
#         374       0.01824      8.71      2.00     5   5.5891
#         375       0.01073     16.92      2.00     4   5.5898
#         376       0.01065      5.79      2.00     4   5.5908
#         377       0.00787     17.61      2.00     5   5.5928
#         378       0.01127     17.69      2.00     5   5.5993
#         379       0.00809     17.38      2.00     5   5.6000
#         380       0.01241      7.65      2.00     5   5.6005
#         381       0.01252      5.58      2.00     4   5.6018
#         382       0.01119     14.12      2.00     5   5.6049
#         383       0.01151      7.72      2.00     5   5.6064
#         384       0.00534     13.88      2.00     4   5.6102
#         385       0.00544     13.49      2.00     4   5.6101
#         386       0.00899      7.03      2.00     4   5.6101
#         387       0.01230      7.14      2.00     4   5.6119
#         388       0.01162     12.17      2.00     4   5.6137
#         389       0.01187      7.97      2.00     5   5.6160
#         390       0.01168     21.70      2.00     5   5.6168
#         391       0.01247     12.05      2.00     5   5.6166
#         392       0.01086     25.94      2.00     5   5.6193
#         393       0.00663     10.88      2.00     4   5.6246
#         394       0.01149     13.86      2.00     4   5.6294
#         395       0.00543      6.89      2.00     4   5.6354
#         396       0.01188     10.09      2.00     5   5.6358
#         397       0.01190      9.90      2.00     5   5.6367
#         399       0.01097     15.21      2.00     5   5.6409
#         400       0.01186      4.60      2.00     5   5.6412
#         401       0.01121     18.29      2.00     5   5.6419
#         402       0.01118     25.38      2.00     5   5.6426
#         403       0.02568      5.02      2.00     5   5.6452
#         404       0.01122      8.28      2.00     4   5.6460
#         405       0.01198      7.45      2.00     4   5.6477
#         407       0.02224      7.60      2.00     5   5.6480
#         408       0.01065     17.21      2.00     5   5.6531
#         409       0.02352      4.35      2.00     4   5.6571
#         410       0.01144     12.62      2.00     5   5.6571
#         411       0.00866     11.03      2.00     5   5.6586
#         412       0.01105     10.60      2.00     5   5.6582
#         414       0.01187      6.79      2.00     5   5.6596
#         415       0.00735      9.47      2.00     4   5.6613
#         416       0.00991      6.82      2.00     4   5.6658
#         417       0.01125      6.51      2.00     5   5.6673
#         420       0.01892     22.37      2.00     6   5.6702
#         421       0.01126      7.77      2.00     4   5.6719
#         424       0.01885      7.00      2.00     5   5.6766
#         426       0.01189     18.14      2.00     6   5.6796
#         427       0.00556      8.38      2.00     4   5.6810
#         428       0.01443     14.60      2.00     5   5.6830
#         429       0.01150      5.47      2.00     5   5.6888
#         431       0.01096     11.78      2.00     5   5.6918
#         432       0.00643     36.14      1.00     6   5.6933
#         433       0.00887     12.38      1.00     4   5.6944
#         434       0.01881     10.77      2.00     6   5.6954
#         436       0.01329      5.97      2.00     4   5.6966
#         437       0.01074      4.98      2.00     5   5.6964
#         438       0.01878     18.88      2.00     6   5.6988
#         439       0.01063     11.21      2.00     5   5.6995
#         442       0.00608     21.59      1.00     6   5.7004
#         443       0.01064      5.88      2.00     4   5.7054
#         444       0.00605      6.94      1.00     6   5.7054
#         445       0.00893      6.73      2.00     4   5.7069
#         446       0.00605     10.17      1.00     6   5.7110
#         447       0.00685      5.18      2.00     4   5.7115
#         448       0.02610      5.25      2.00     6   5.7118
#         449       0.05144      5.27      2.00     6   5.7115
#         450       0.00742      6.89      2.00     4   5.7157
#         451       0.00689      4.90      2.00     4   5.7172
#         452       0.01648      6.32      2.00     5   5.7173
#         454       0.05976      5.57      2.00     6   5.7204
#         455       0.02190      5.57      2.00     6   5.7206
#         456       0.00996      6.65      2.00     4   5.7214
#         457       0.01867      5.23      2.00     5   5.7209
#         458       0.01578     20.58      2.00     6   5.7212
#         460       0.01802      5.03      2.00     5   5.7252
#         461       0.01315     16.10      2.00     5   5.7274
#         462       0.01243     13.92      2.00     6   5.7270
#         465       0.01408     16.01      2.00     5   5.7327
#         466       0.01741     12.09      2.00     6   5.7325
#         467       0.01019      6.48      2.00     5   5.7339
#         468       0.01145      6.30      2.00     5   5.7342
#         469       0.01224     11.74      2.00     6   5.7342
#         470       0.01077     18.04      2.00     5   5.7354
#         471       0.01096     12.63      2.00     5   5.7363
#         472       0.01218     18.28      2.00     5   5.7369
#         474       0.01154      7.46      2.00     5   5.7386
#         475       0.01118     13.67      2.00     5   5.7415
#         479       0.07826      7.94      2.00     6   5.7468
#         480       0.02066      8.10      2.00     6   5.7468
#         483       0.01192      4.08      2.00     3   5.7506
#         485       0.01380      4.82      2.00     5   5.7531
#         486       0.01612      4.06      2.00     5   5.7532
#         491       0.01039      9.49      2.00     4   5.7586
#         492       0.01455      4.29      2.00     5   5.7596
#         493       0.00976      7.88      1.00     4   5.7607
#         494       0.01737      7.84      2.00     5   5.7613
#         495       0.01156     14.96      2.00     5   5.7618
#         496       0.01153      4.47      2.00     5   5.7620
#         497       0.01098     13.78      2.00     5   5.7620
#         498       0.07559      7.17      2.00     6   5.7625
#         500       0.02100      7.26      2.00     6   5.7630
#         501       0.01176      6.98      2.00     4   5.7638
#         502       0.01015     24.81      2.00     5   5.7640
#         503       0.01174      7.57      2.00     5   5.7638
#         504       0.02312      7.07      2.00     5   5.7657
#         505       0.01089     17.05      2.00     5   5.7666
#         507       0.03426      4.06      2.00     3   5.7706
#         511       0.01114      9.41      2.00     5   5.7764
#         512       0.01217     13.41      2.00     5   5.7801
#         513       0.01210      6.57      2.00     5   5.7857
#         514       0.01394     11.25      2.00     5   5.7865
#         515       0.01856      7.02      2.00     5   5.7874
#         518       0.01987      5.12      2.00     6   5.7981
#         519       0.01738     18.68      2.00     6   5.7985
#         520       0.01482      7.56      2.00     6   5.7982
#         521       0.01758      7.50      2.00     6   5.8006
#         522       0.01217     11.55      2.00     5   5.8021
#         523       0.01360      6.82      2.00     4   5.8072
#         524       0.01225      5.57      2.00     5   5.8069
#         525       0.00981     11.72      2.00     4   5.8102
#         527       0.01228      9.02      2.00     5   5.8117
#         528       0.01251     14.49      2.00     5   5.8118
#         529       0.01558      5.29      2.00     5   5.8120
#         530       0.01131     10.48      2.00     5   5.8119
#         532       0.00948     25.87      2.00     5   5.8135
#         534       0.01068      6.33      2.00     5   5.8142
#         535       0.01066     11.72      2.00     5   5.8171
#         536       0.01197      4.91      2.00     4   5.8182
#         537       0.00998      5.60      2.00     5   5.8217
#         538       0.00992      9.74      2.00     5   5.8227
#         539       0.00977     21.26      2.00     5   5.8234
#         540       0.01833      5.34      2.00     5   5.8240
#         543       0.01388      4.55      2.00     5   5.8279
#         544       0.01789      5.07      2.00     5   5.8302
#         545       0.01125     12.86      2.00     5   5.8318
#         546       0.02100      4.19      2.00     5   5.8330
#         548       0.01595     10.44      2.00     5   5.8377
#         551       0.01833     15.76      2.00     6   5.8393
#         553       0.01181     14.43      2.00     5   5.8414
#         555       0.01591      6.55      2.00     5   5.8423
#         557       0.00971      7.34      2.00     5   5.8436
#         558       0.01085      8.69      2.00     5   5.8445
#         559       0.01000      6.30      2.00     4   5.8468
#         562       0.01726      5.04      1.00     6   5.8508
#         563       0.01867     17.02      2.00     6   5.8514
#         565       0.01587      8.76      2.00     5   5.8538
#         567       0.03629      4.45      2.00     4   5.8559
#         568       0.01596      4.23      2.00     5   5.8572
#         569       0.01716      4.48      1.00     6   5.8584
#         570       0.01299      5.07      2.00     5   5.8597
#         571       0.03118      9.24      2.00     5   5.8625
#         572       0.01071      5.74      2.00     5   5.8635
#         573       0.01583     15.12      2.00     6   5.8643
#         574       0.01212     15.71      1.00     6   5.8645
#         575       0.01612     15.21      2.00     6   5.8647
#         576       0.01249     16.79      1.00     6   5.8645
#         577       0.01030      6.99      2.00     5   5.8652
#         578       0.02184      6.11      2.00     5   5.8651
#         579       0.02211      4.46      2.00     5   5.8655
#         580       0.00964     21.24      1.00     6   5.8662
#         581       0.01409      7.57      2.00     4   5.8668
#         583       0.01652      5.81      2.00     5   5.8701
#         586       0.01375     13.56      2.00     5   5.8799
#         587       0.00991     13.84      2.00     5   5.8803
#         588       0.01002      8.16      2.00     5   5.8812
#         589       0.01166      7.65      2.00     5   5.8818
#         591       0.01354     19.87      2.00     6   5.8866
#         592       0.01011      8.04      2.00     5   5.8873
#         593       0.01030      8.81      2.00     5   5.8888
#         594       0.01060      7.16      2.00     5   5.8923
#         597       0.01694      7.24      2.00     5   5.9000
#         598       0.01149     26.39      2.00     5   5.9009
#         599       0.01456      5.97      2.00     5   5.9022
#         605       0.01554      5.25      2.00     5   5.9070
#         606       0.01077     10.17      2.00     5   5.9067
#         607       0.02178      5.38      2.00     5   5.9081
#         608       0.01068     18.10      2.00     5   5.9089
#         609       0.01826      4.51      2.00     5   5.9106
#         610       0.01380      5.30      2.00     5   5.9115
#         611       0.02056      4.87      2.00     5   5.9122
#         612       0.01092      5.83      1.00     6   5.9126
#         613       0.01277      5.28      1.00     6   5.9125
#         614       0.01528      4.27      2.00     5   5.9129
#         615       0.01994     36.30      2.00     6   5.9129
#         616       0.02466      7.05      2.00     6   5.9144
#         617       0.01144     12.21      1.00     6   5.9151
#         618       0.01125     11.06      2.00     5   5.9197
#         620       0.01120      5.09      2.00     5   5.9207
#         622       0.01081      6.62      2.00     5   5.9219
#         623       0.01005     23.22      2.00     6   5.9227
#         624       0.00946      8.94      2.00     5   5.9245
#         626       0.01370     10.08      2.00     5   5.9289
#         627       0.01877      5.54      2.00     5   5.9294
#         628       0.01593      5.62      2.00     5   5.9325
#         630       0.04614      9.58      2.00     7   5.9324
#         631       0.01911     46.11      2.00     7   5.9326
#         632       0.01359      6.95      2.00     5   5.9329
#         633       0.01855      4.73      2.00     7   5.9326
#         634       0.02798      9.33      2.00     7   5.9326
#         636       0.00969      6.53      2.00     4   5.9347
#         641       0.01646      5.28      2.00     5   5.9377
#         642       0.01382      6.92      2.00     5   5.9393
#         643       0.00970      7.47      2.00     4   5.9406
#         646       0.01846     10.71      2.00     6   5.9489
#         647       0.01793      5.37      2.00     6   5.9515
#         648       0.01054      7.81      2.00     5   5.9521
#         651       0.01822      4.40      2.00     7   5.9531
#         652       0.01888     20.40      2.00     7   5.9534
#         653       0.01012     12.47      2.00     5   5.9575
#         654       0.01808     30.69      2.00     6   5.9578
#         655       0.01433     13.05      2.00     6   5.9575
#         656       0.01134      9.56      1.00     6   5.9578
#         657       0.01176     11.11      1.00     6   5.9576
#         658       0.01028      8.46      2.00     5   5.9584
#         659       0.01544      8.80      2.00     5   5.9598
#         660       0.01046     15.40      1.00     6   5.9598
#         661       0.01804      5.58      2.00     7   5.9596
#         662       0.01906     37.89      2.00     7   5.9601
#         663       0.05865     13.07      2.00     7   5.9614
#         664       0.03444     13.05      2.00     7   5.9614
#         665       0.01970     35.40      2.00     6   5.9622
#         666       0.01086      6.58      1.00     6   5.9621
#         667       0.01280      6.77      1.00     6   5.9620
#         668       0.01135     12.87      1.00     6   5.9647
#         669       0.01841      7.51      2.00     5   5.9661
#         670       0.01865      4.57      2.00     5   5.9730
#         671       0.01884      5.02      2.00     6   5.9740
#         672       0.05665     12.00      2.00     7   5.9756
#         673       0.03320     11.88      2.00     7   5.9762
#         674       0.01739      6.07      2.00     6   5.9790
#         675       0.01731      6.92      2.00     5   5.9799
#         677       0.00959     11.24      2.00     5   5.9874
#         678       0.00716     13.65      1.00     4   5.9885
#         679       0.01151      6.71      2.00     5   5.9887
#         680       0.01292      8.89      2.00     6   5.9900
#         681       0.02082      5.01      2.00     6   5.9907
#         682       0.01739     15.27      2.00     6   5.9909
#         683       0.01531      7.99      2.00     6   5.9908
#         685       0.01113      8.46      2.00     5   5.9926
#         686       0.01809      6.90      2.00     6   5.9934
#         687       0.01043     20.12      2.00     5   5.9943
#         688       0.02849      8.09      2.00     5   5.9970
#         689       0.00862      8.24      1.00     6   6.0020
#         690       0.01452      6.01      2.00     5   6.0102
#         692       0.01522      7.89      2.00     5   6.0108
#         693       0.00871      8.15      1.00     6   6.0108
#         694       0.00867      8.04      1.00     6   6.0146
#         696       0.01682      5.19      2.00     5   6.0185
#         697       0.01065      4.28      2.00     5   6.0189
#         698       0.00885      8.05      1.00     6   6.0209
#         699       0.02245      4.62      2.00     5   6.0250
#         700       0.01023      4.61      2.00     5   6.0261
#         704       0.02597     13.24      2.00     5   6.0292
#         705       0.01582      8.42      2.00     6   6.0298
#         707       0.01070     12.60      2.00     5   6.0316
#         709       0.01006      6.64      2.00     5   6.0328
#         713       0.01390      8.74      2.00     6   6.0370
#         714       0.01719      6.05      2.00     5   6.0378
#         715       0.01202     19.28      2.00     6   6.0378
#         719       0.01239     32.61      2.00     5   6.0399
#         720       0.01037     23.93      2.00     6   6.0402
#         721       0.00977      7.97      2.00     5   6.0426
#         722       0.01570      4.10      2.00     5   6.0427
#         723       0.01387      8.39      2.00     6   6.0434
#         725       0.01028      5.38      2.00     5   6.0447
#         726       0.01089     11.79      2.00     6   6.0453
#         728       0.01071     15.73      2.00     6   6.0454
#         730       0.01930      4.79      2.00     5   6.0473
#         731       0.01077     36.87      2.00     6   6.0470
#         732       0.01020      5.55      2.00     5   6.0508
#         733       0.00984     12.78      2.00     5   6.0508
#         734       0.00629     15.38      2.00     5   6.0530
#         735       0.00619      8.27      2.00     5   6.0534
#         737       0.01869     10.88      2.00     6   6.0536
#         738       0.01631      8.60      2.00     6   6.0544
#         739       0.02032      5.44      2.00     5   6.0551
#         741       0.01745      4.97      2.00     6   6.0563
#         742       0.01124     13.31      2.00     6   6.0603
#         743       0.01122     12.21      2.00     6   6.0659
#         744       0.01573      4.47      2.00     5   6.0671
#         745       0.01447     10.40      2.00     5   6.0685
#         746       0.01079     10.98      2.00     6   6.0694
#         747       0.00625     15.24      2.00     5   6.0712
#         749       0.01077     12.00      2.00     6   6.0716
#         750       0.01847      4.30      2.00     5   6.0721
#         751       0.01114      6.96      2.00     6   6.0751
#         752       0.00973      7.28      2.00     4   6.0761
#         755       0.03197      4.49      2.00     5   6.0799
#         757       0.01199      5.01      2.00     5   6.0818
#         759       0.01113      7.03      2.00     6   6.0853
#         760       0.01082     17.03      2.00     6   6.0863
#         761       0.01394     14.75      2.00     6   6.0884
#         762       0.01713      9.27      2.00     6   6.0882
#         763       0.01038     13.90      2.00     5   6.0904
#         765       0.01080     13.73      2.00     6   6.0935
#         767       0.01113      4.11      2.00     6   6.0943
#         771       0.01835      6.24      2.00     6   6.0966
#         772       0.01056      6.36      2.00     6   6.0977
#         773       0.02990      8.36      2.00     5   6.0979
#         774       0.01083      5.34      2.00     5   6.0991
#         775       0.02132      5.25      2.00     5   6.1006
#         776       0.00641      9.68      2.00     5   6.1019
#         777       0.01012     11.80      2.00     6   6.1019
#         778       0.01018     10.98      2.00     6   6.1019
#         780       0.01070     12.97      2.00     6   6.1027
#         781       0.01167     12.08      2.00     6   6.1025
#         782       0.01005     10.92      2.00     6   6.1029
#         783       0.01012     13.58      2.00     6   6.1029
#         784       0.01826      6.19      2.00     5   6.1037
#         785       0.01022     26.68      2.00     6   6.1036
#         786       0.00992     21.36      2.00     6   6.1036
#         787       0.01238     24.52      2.00     6   6.1047
#         788       0.01823      4.14      2.00     5   6.1066
#         789       0.00865      5.11      2.00     5   6.1088
#         791       0.01135      6.84      2.00     6   6.1092
#         792       0.01084     16.64      2.00     6   6.1095
#         793       0.01356     17.01      2.00     6   6.1120
#         794       0.01492      4.15      2.00     7   6.1131
#         795       0.01781      4.23      2.00     7   6.1132
#         796       0.01816     20.41      2.00     7   6.1131
#         797       0.01764      9.02      2.00     7   6.1133
#         800       0.01063     15.04      2.00     6   6.1178
#         802       0.01764      4.94      2.00     7   6.1192
#         803       0.01791     17.60      2.00     7   6.1197
#         804       0.01073     15.21      2.00     6   6.1218
#         805       0.00833      4.97      2.00     5   6.1249
#         806       0.00826      5.06      2.00     5   6.1249
#         807       0.01784     10.42      2.00     6   6.1249
#         808       0.01870      4.93      2.00     6   6.1246
#         809       0.01656      5.75      2.00     6   6.1246
#         810       0.04826     15.28      2.00     6   6.1247
#         812       0.01848      6.66      2.00     6   6.1256
#         814       0.01067     11.72      2.00     6   6.1259
#         815       0.01196     14.34      2.00     6   6.1259
#         818       0.01657      4.68      2.00     6   6.1286
#         819       0.01715      8.92      2.00     6   6.1284
#         821       0.04513     11.39      2.00     6   6.1283
#         825       0.01818      9.38      2.00     6   6.1308
#         826       0.01779     11.56      2.00     6   6.1308
#         830       0.01787      4.28      2.00     6   6.1315
#         834       0.01631      8.17      2.00     6   6.1335
#         835       0.01687     10.34      2.00     6   6.1335
#         836       0.02668      6.41      2.00     6   6.1341
#         837       0.01005     10.08      2.00     6   6.1347
#         838       0.01026      9.86      2.00     6   6.1347
#         839       0.03457      5.88      1.00     6   6.1349
#         840       0.02940      8.31      2.00     6   6.1374
#         841       0.02050      7.39      2.00     6   6.1375
#         843       0.01885      7.89      2.00     6   6.1386
#         844       0.02709     15.55      1.00     6   6.1400
#         846       0.01923      4.84      2.00     6   6.1407
#         848       0.02554      5.66      2.00     5   6.1410
#         849       0.02013      4.19      2.00     5   6.1410
#         850       0.00892      4.88      2.00     5   6.1423
#         851       0.00885      4.97      2.00     5   6.1423
#         852       0.01578      7.24      2.00     6   6.1430
#         854       0.01196     14.21      2.00     6   6.1454
#         855       0.01046     14.07      2.00     6   6.1454
#         857       0.01060      4.80      2.00     6   6.1490
#         858       0.01785      5.86      2.00     6   6.1505
#         859       0.01021      6.63      2.00     4   6.1508
#         860       0.01405      7.97      2.00     5   6.1510
#         861       0.02029      4.29      2.00     5   6.1514
#         862       0.01005      5.96      2.00     6   6.1518
#         863       0.01022      6.57      2.00     6   6.1518
#         865       0.00985     15.99      2.00     6   6.1533
#         866       0.01014     19.71      2.00     6   6.1533
#         867       0.01059     13.69      2.00     6   6.1536
#         868       0.01196     15.21      2.00     6   6.1536
#         869       0.00986      5.61      2.00     6   6.1542
#         870       0.01001     10.17      2.00     6   6.1542
#         871       0.02260      6.98      2.00     6   6.1547
#         872       0.01711     16.18      2.00     6   6.1549
#         873       0.02266      5.82      2.00     6   6.1562
#         874       0.02267      6.82      2.00     6   6.1566
#         878       0.01871      4.88      2.00     5   6.1589
#         879       0.01748     11.41      2.00     6   6.1590
#         880       0.02127      5.23      2.00     6   6.1592
#         881       0.04539      8.81      2.00     6   6.1589
#         884       0.01010      5.91      2.00     6   6.1596
#         885       0.01793      5.47      2.00     6   6.1605
#         886       0.01949      6.30      2.00     6   6.1605
#         887       0.01541      4.62      2.00     6   6.1612
#         889       0.00997     11.95      2.00     6   6.1625
#         890       0.01029     13.10      2.00     6   6.1625
#         892       0.01554      4.44      2.00     7   6.1674
#         893       0.00969     10.85      2.00     5   6.1683
#         894       0.02149      6.74      2.00     6   6.1694
#         895       0.05280      7.83      2.00     6   6.1691
#         896       0.02129      6.15      2.00     6   6.1697
#         897       0.02173      6.24      2.00     6   6.1697
#         898       0.01653      4.40      2.00     6   6.1733
#         899       0.01784      6.24      2.00     6   6.1756
#         900       0.01917      7.64      2.00     6   6.1756
#         903       0.02031      9.26      2.00     5   6.1798
#         905       0.01089      7.20      2.00     6   6.1797
#         906       0.01054      9.06      2.00     3   6.1804
#         907       0.01321     12.78      2.00     6   6.1799
#         908       0.00593     15.84      1.00     4   6.1811
#         909       0.01019     25.42      2.00     6   6.1819
#         911       0.01271     49.10      2.00     5   6.1844
#         912       0.01646      5.93      2.00     6   6.1861
#         914       0.00973      6.59      2.00     5   6.1875
#         916       0.00697     15.42      2.00     5   6.1871
#         918       0.02970      8.27      2.00     5   6.1888
#         922       0.01779      7.28      2.00     6   6.1952
#         928       0.00883      6.41      2.00     5   6.2101
#         931       0.02256      7.01      2.00     5   6.2171
#         933       0.01917      5.12      2.00     5   6.2200
#         934       0.00902      7.17      2.00     4   6.2217
#         935       0.02065     11.41      2.00     6   6.2222
#         936       0.01612     10.75      2.00     6   6.2217
#         940       0.01189      5.29      2.00     5   6.2248
#         942       0.01023      5.49      2.00     3   6.2274
#         943       0.01031     18.90      1.00     6   6.2279
#         944       0.01583     73.88      2.00     5   6.2338
#         950       0.01836      5.57      2.00     5   6.2413
#         951       0.01568      8.34      2.00     7   6.2411
#         952       0.01738      6.94      2.00     7   6.2435
#         953       0.01747      4.02      2.00     5   6.2449
#         956       0.01368      5.05      2.00     4   6.2465
#         958       0.02684     11.53      2.00     5   6.2490
#         959       0.01672     10.08      2.00     6   6.2490
#         960       0.02089      5.22      2.00     6   6.2488
#         961       0.01723      9.18      2.00     6   6.2490
#         962       0.01068     10.39      1.00     6   6.2496
#         963       0.09342      5.57      2.00     6   6.2505
#         964       0.01813      6.40      2.00     6   6.2510
#         966       0.01692      6.53      2.00     5   6.2531
#         967       0.02536      5.58      2.00     6   6.2530
#         970       0.01654      4.10      2.00     5   6.2548
#         972       0.01096      4.92      1.00     6   6.2592
#         973       0.01839      7.20      2.00     6   6.2591
#         975       0.01286      4.05      2.00     5   6.2619
#         977       0.00930      7.22      2.00     4   6.2623
#         978       0.01723     12.31      2.00     6   6.2624
#         980       0.01043      6.00      2.00     6   6.2627
#         981       0.01177      4.28      2.00     5   6.2644
#         983       0.01027      6.53      2.00     6   6.2669
#         985       0.01860      8.48      2.00     6   6.2682
#         986       0.01039      7.19      2.00     6   6.2691
#         987       0.01541      4.21      2.00     5   6.2702
#         989       0.02011     10.44      2.00     6   6.2722
#         990       0.01120      7.39      2.00     6   6.2727
#         992       0.01093      9.78      2.00     6   6.2728
#         993       0.00997     25.79      2.00     6   6.2745
#         994       0.01643     10.14      2.00     6   6.2747
#         995       0.03103      5.78      2.00     6   6.2784
#         999       0.00981     17.85      2.00     6   6.2844
#        1000       0.01612     94.52      1.00     6   6.2866
#        1001       0.01923      5.54      2.00     6   6.2900
#        1002       0.01890      8.82      2.00     6   6.2907
#        1003       0.04210     14.02      2.00     6   6.2910
#        1006       0.01890      8.03      2.00     6   6.2951
#        1007       0.01813      8.65      2.00     6   6.2951
#        1008       0.02479      7.84      2.00     5   6.2955
#        1014       0.02230      7.89      2.00     6   6.2978
#        1015       0.00976     11.71      2.00     6   6.2983
#        1016       0.01913      4.77      2.00     6   6.2982
#        1017       0.02908      6.37      2.00     6   6.2988
#        1018       0.02195      8.66      2.00     6   6.3007
#        1019       0.02954      5.44      2.00     6   6.3004
#        1021       0.04546      9.95      2.00     6   6.3005
#        1022       0.02132      4.16      2.00     6   6.3008
#        1025       0.01545      4.00      2.00     6   6.3024
#        1026       0.03054      5.66      2.00     6   6.3035
#        1028       0.02012      6.28      2.00     6   6.3036
#        1031       0.01008      6.68      2.00     6   6.3053
#        1032       0.01035      5.15      2.00     6   6.3064
#        1033       0.01177      8.55      2.00     4   6.3073
#        1035       0.00967      4.88      2.00     6   6.3081
#        1036       0.00977      6.76      2.00     6   6.3098
#        1038       0.01014      6.38      2.00     6   6.3132
#        1040       0.00964     14.08      2.00     5   6.3150
#        1041       0.02405      8.85      2.00     5   6.3191
#        1045       0.01397      8.50      2.00     7   6.3254
#        1046       0.01104     22.56      2.00     7   6.3255
#        1047       0.01582     11.56      2.00     7   6.3257
#        1048       0.01364     11.86      2.00     7   6.3257
#        1049       0.01090     20.04      2.00     7   6.3256
#        1050       0.01011     48.61      2.00     7   6.3272
#        1051       0.00673     21.43      2.00     5   6.3293
#        1053       0.00758      5.65      2.00     4   6.3327
#        1054       0.01330     14.66      1.00     6   6.3362
#        1055       0.01672      6.81      2.00     5   6.3379
#        1056       0.01683      6.99      2.00     6   6.3407
#        1058       0.01414      5.22      1.00     6   6.3410
#        1059       0.02614      5.54      2.00     6   6.3432
#        1060       0.01016     16.58      2.00     6   6.3438
#        1061       0.01943      6.64      2.00     6   6.3459
#        1063       0.01395      4.00      1.00     6   6.3469
#        1064       0.02227      6.00      2.00     6   6.3464
#        1066       0.01650      4.40      2.00     6   6.3490
#        1068       0.01099      6.93      2.00     5   6.3498
#        1069       0.01742      5.17      2.00     6   6.3499
#        1071       0.01935     13.08      2.00     6   6.3520
#        1072       0.04737     26.53      2.00     7   6.3532
#        1073       0.02175      4.51      2.00     7   6.3536
#        1074       0.02176     12.40      2.00     7   6.3536
#        1075       0.02191     21.70      2.00     7   6.3534
#        1076       0.01689      6.33      2.00     7   6.3533
#        1078       0.04683     18.82      2.00     7   6.3548
#        1079       0.01006      9.81      2.00     5   6.3551
#        1080       0.02427     10.94      2.00     7   6.3550
#        1081       0.02130     11.66      2.00     7   6.3550
#        1082       0.01770     18.65      2.00     7   6.3548
#        1083       0.01562      7.25      2.00     7   6.3551
#        1084       0.01653      5.48      2.00     7   6.3550
#        1086       0.01145     15.86      2.00     7   6.3555
#        1087       0.01379     30.22      2.00     7   6.3558
#        1089       0.01578     29.14      2.00     7   6.3558
#        1090       0.01575      6.46      2.00     7   6.3570
#        1092       0.01059     20.99      2.00     7   6.3580
#        1096       0.00738      6.64      2.00     4   6.3612
#        1097       0.01723      7.34      2.00     5   6.3616
#        1098       0.00815      9.47      2.00     5   6.3619
#        1100       0.03311      5.55      1.00     6   6.3641
#        1101       0.01804      4.78      2.00     6   6.3647
#        1102       0.01658      5.00      2.00     6   6.3647
#        1103       0.01659      4.02      2.00     6   6.3650
#        1104       0.01170      4.71      2.00     4   6.3658
#        1106       0.02991      7.34      2.00     6   6.3668
#        1108       0.02708      6.47      2.00     7   6.3685
#        1109       0.02808     13.07      1.00     6   6.3695
#        1110       0.01863      6.03      2.00     5   6.3712
#        1111       0.01551     13.05      2.00     6   6.3726
#        1114       0.01830      6.25      2.00     5   6.3746
#        1115       0.01403     10.36      2.00     7   6.3755
#        1116       0.01145     19.72      2.00     7   6.3758
#        1117       0.01542     28.17      2.00     7   6.3758
#        1118       0.01312     28.63      2.00     7   6.3758
#        1119       0.01106     10.00      2.00     7   6.3756
#        1120       0.00949      6.57      2.00     5   6.3759
#        1121       0.01504      4.03      2.00     5   6.3772
#        1122       0.01049     35.44      2.00     7   6.3778
#        1123       0.01369     48.87      1.00     6   6.3802
#        1124       0.00964      6.91      2.00     3   6.3825
#        1125       0.01439      4.91      2.00     7   6.3826
#        1126       0.01106     16.93      2.00     7   6.3831
#        1127       0.01384     31.61      2.00     7   6.3832
#        1129       0.01578     30.71      2.00     7   6.3832
#        1130       0.01346      7.58      2.00     5   6.3835
#        1131       0.01890     12.30      2.00     7   6.3842
#        1133       0.02475      8.52      2.00     7   6.3846
#        1134       0.02985     15.58      2.00     7   6.3846
#        1135       0.05276      8.99      2.00     7   6.3847
#        1136       0.00875     15.43      2.00     5   6.3854
#        1137       0.01398     22.84      1.00     6   6.3853
#        1139       0.01086     25.20      2.00     7   6.3857
#        1140       0.01858      5.57      2.00     7   6.3868
#        1142       0.01933      5.07      2.00     6   6.3959
#        1144       0.01907     14.16      2.00     7   6.3990
#        1145       0.05425     11.88      2.00     7   6.3987
#        1146       0.02476      9.56      2.00     7   6.3992
#        1147       0.02897     14.00      2.00     7   6.3992
#        1148       0.01885      4.30      2.00     7   6.3991
#        1149       0.02634      7.37      2.00     5   6.4001
#        1150       0.02106      6.92      2.00     6   6.4014
#        1151       0.01801      5.69      2.00     7   6.4017
#        1152       0.01822      4.14      2.00     5   6.4023
#        1153       0.01022      4.65      2.00     6   6.4027
#        1154       0.01549     10.36      2.00     6   6.4027
#        1156       0.02933      7.98      2.00     6   6.4071
#        1157       0.03072     15.23      2.00     7   6.4079
#        1159       0.02051      4.52      2.00     6   6.4083
#        1160       0.01815      4.38      2.00     6   6.4099
#        1162       0.01563      8.74      2.00     7   6.4118
#        1163       0.01921     13.38      2.00     7   6.4119
#        1165       0.01711     11.38      2.00     6   6.4140
#        1166       0.00698     29.16      2.00     5   6.4147
#        1167       0.01784      6.77      2.00     7   6.4143
#        1169       0.01252      4.29      2.00     4   6.4172
#        1170       0.00915     10.26      2.00     5   6.4176
#        1171       0.02757      5.16      2.00     7   6.4186
#        1172       0.00750      7.17      2.00     4   6.4219
#        1173       0.00963      7.46      2.00     5   6.4215
#        1178       0.02291      7.94      1.00     6   6.4273
#        1179       0.01550      7.19      2.00     6   6.4282
#        1181       0.02259      4.14      2.00     6   6.4315
#        1182       0.01033      4.50      2.00     6   6.4318
#        1183       0.01552      9.49      2.00     6   6.4318
#        1185       0.01736      5.26      2.00     6   6.4329
#        1187       0.01688      5.05      2.00     6   6.4365
#        1189       0.02327      4.63      1.00     6   6.4384
#        1191       0.01963      5.21      2.00     6   6.4407
#        1192       0.01071      7.86      2.00     5   6.4411
#        1194       0.02248      8.27      2.00     6   6.4433
#        1195       0.01844      4.07      2.00     6   6.4436
#        1197       0.02272      5.29      2.00     6   6.4461
#        1198       0.02958      9.50      2.00     5   6.4474
#        1200       0.00975     10.94      2.00     6   6.4485
#        1201       0.02065      6.33      2.00     6   6.4491
#        1202       0.02287      6.36      1.00     6   6.4499
#        1206       0.10987      6.28      2.00     7   6.4558
#        1207       0.04516      6.01      2.00     7   6.4557
#        1211       0.07639      9.79      2.00     7   6.4584
#        1212       0.01930      4.36      2.00     6   6.4588
#        1214       0.00973      7.87      2.00     6   6.4606
#        1215       0.02014      4.55      2.00     6   6.4611
#        1216       0.01019     24.07      2.00     6   6.4608
#        1217       0.03744      9.55      2.00     7   6.4608
#        1220       0.01838      4.77      2.00     6   6.4624
#        1221       0.02087     11.27      2.00     6   6.4645
#        1222       0.01810      6.13      2.00     6   6.4653
#        1225       0.03803      9.39      2.00     6   6.4662
#        1226       0.01304      7.43      2.00     5   6.4674
#        1227       0.00714     72.86      2.00     6   6.4674
#        1230       0.01706      4.24      2.00     6   6.4689
#        1231       0.02641     11.34      2.00     6   6.4699
#        1233       0.01636      5.90      2.00     6   6.4706
#        1234       0.00975      4.23      2.00     6   6.4717
#        1237       0.02755      7.53      2.00     6   6.4744
#        1239       0.01349      9.43      2.00     5   6.4755
#        1241       0.01693      4.06      2.00     6   6.4754
#        1242       0.01630      4.76      2.00     6   6.4761
#        1243       0.02264      5.36      2.00     6   6.4768
#        1244       0.02046     11.09      2.00     6   6.4767
#        1245       0.01564     13.74      2.00     6   6.4769
#        1247       0.01986      6.44      2.00     6   6.4784
#        1249       0.01738      4.49      2.00     6   6.4825
#        1250       0.02522      4.56      2.00     6   6.4829
#        1251       0.01776      7.04      2.00     5   6.4846
#        1253       0.01459      6.43      2.00     6   6.4855
#        1255       0.02175      6.96      2.00     6   6.4861
#        1258       0.01646      4.76      2.00     6   6.4888
#        1259       0.01716      4.21      2.00     6   6.4893
#        1261       0.01448      5.13      2.00     6   6.4915
#        1262       0.01972     13.64      2.00     6   6.4918
#        1265       0.00833     10.40      2.00     5   6.4942
#        1266       0.01055      7.83      2.00     5   6.4948
#        1267       0.01190      8.27      2.00     5   6.4959
#        1268       0.01387      7.60      2.00     5   6.4971
#        1274       0.01808      8.43      2.00     5   6.5007
#        1276       0.03519     20.99      2.00     7   6.5019
#        1277       0.02557      4.49      2.00     7   6.5019
#        1278       0.01649      4.05      2.00     7   6.5020
#        1279       0.01655      4.16      2.00     6   6.5042
#        1280       0.01819      4.74      2.00     6   6.5043
#        1281       0.01655      5.09      2.00     6   6.5043
#        1283       0.01147     10.43      2.00     7   6.5063
#        1284       0.01313      5.88      2.00     7   6.5062
#        1285       0.01144     12.01      2.00     7   6.5064
#        1287       0.00984     39.85      2.00     7   6.5081
#        1288       0.00829     14.75      2.00     6   6.5096
#        1290       0.02495      4.13      2.00     7   6.5110
#        1291       0.01662      4.24      2.00     6   6.5114
#        1292       0.03405     18.89      2.00     7   6.5115
#        1293       0.01631      5.11      2.00     6   6.5121
#        1294       0.01077      6.45      2.00     5   6.5128
#        1295       0.01873      5.47      1.00     6   6.5124
#        1296       0.02240      9.39      2.00     5   6.5132
#        1297       0.01663      5.98      2.00     6   6.5131
#        1299       0.01831      8.05      1.00     6   6.5138
#        1301       0.02128      9.87      2.00     7   6.5186
#        1302       0.02261     18.55      2.00     7   6.5187
#        1303       0.04128     25.75      2.00     7   6.5190
#        1304       0.01775      5.81      2.00     7   6.5188
#        1306       0.01651      6.66      2.00     7   6.5205
#        1307       0.01149      6.46      2.00     7   6.5205
#        1308       0.01165      4.07      2.00     7   6.5207
#        1309       0.01101     11.71      2.00     7   6.5207
#        1310       0.01284      6.75      2.00     7   6.5204
#        1311       0.02958      6.75      2.00     5   6.5212
#        1312       0.01017     26.11      2.00     7   6.5227
#        1313       0.01576      4.28      2.00     6   6.5241
#        1314       0.01597      4.81      2.00     6   6.5250
#        1315       0.00744     42.34      2.00     6   6.5251
#        1316       0.02020      7.58      2.00     7   6.5256
#        1317       0.01583      6.05      2.00     6   6.5271
#        1318       0.01571      4.96      2.00     6   6.5275
#        1319       0.01593      5.78      2.00     6   6.5274
#        1320       0.01596      5.82      2.00     6   6.5281
#        1321       0.01653      4.40      2.00     6   6.5281
#        1323       0.03037      4.76      2.00     6   6.5292
#        1324       0.02752      8.84      2.00     6   6.5290
#        1325       0.01134      4.54      2.00     7   6.5289
#        1327       0.01136     14.62      2.00     7   6.5292
#        1333       0.01127     15.04      2.00     7   6.5305
#        1335       0.02208      7.08      2.00     7   6.5307
#        1336       0.02305      5.70      2.00     5   6.5315
#        1337       0.01017      9.55      2.00     7   6.5314
#        1341       0.00837     21.42      2.00     6   6.5326
#        1342       0.01129      8.74      2.00     7   6.5326
#        1344       0.01043     13.34      2.00     7   6.5329
#        1347       0.03790      7.20      2.00     7   6.5341
#        1348       0.01098     12.84      2.00     7   6.5357
#        1349       0.01455      4.53      2.00     7   6.5359
#        1350       0.01089      9.70      2.00     7   6.5364
#        1352       0.01209      8.86      2.00     5   6.5380
#        1353       0.00697      4.65      2.00     4   6.5397
#        1355       0.01208      8.50      2.00     5   6.5425
#        1357       0.01093     12.14      2.00     7   6.5428
#        1358       0.01476      4.84      2.00     6   6.5436
#        1359       0.02076      4.41      1.00     6   6.5463
#        1362       0.00846     26.74      2.00     6   6.5470
#        1368       0.01059     20.48      2.00     6   6.5509
#        1369       0.01217      8.35      2.00     5   6.5517
#        1372       0.00852      7.02      2.00     4   6.5533
#        1373       0.02831     10.78      2.00     6   6.5545
#        1375       0.01788      5.41      2.00     6   6.5567
#        1377       0.01108      5.15      2.00     7   6.5578
#        1378       0.03464      9.47      2.00     6   6.5586
#        1380       0.01720      5.30      2.00     7   6.5588
#        1382       0.02584     15.66      2.00     6   6.5611
#        1384       0.01140      6.79      2.00     5   6.5625
#        1386       0.01080     12.00      2.00     7   6.5633
#        1387       0.01073      9.80      2.00     7   6.5629
#        1388       0.01068      9.82      2.00     7   6.5639
#        1389       0.01055     21.18      2.00     7   6.5646
#        1390       0.01704      5.47      2.00     7   6.5652
#        1391       0.00871      8.85      2.00     3   6.5662
#        1393       0.01733      6.97      2.00     5   6.5669
#        1395       0.01093      5.76      2.00     7   6.5670
#        1396       0.01260     11.19      2.00     7   6.5688
#        1397       0.02773      4.64      2.00     7   6.5703
#        1398       0.01048      6.01      2.00     7   6.5698
#        1399       0.02461     11.26      2.00     7   6.5702
#        1400       0.02047     13.87      2.00     7   6.5707
#        1401       0.02183      7.75      2.00     7   6.5706
#        1403       0.02078      4.62      2.00     7   6.5710
#        1404       0.02338     29.04      2.00     7   6.5710
#        1405       0.01034     16.00      2.00     7   6.5713
#        1406       0.01808      5.68      2.00     6   6.5723
#        1407       0.01038      5.27      2.00     7   6.5722
#        1408       0.02859      7.60      2.00     7   6.5727
#        1409       0.02254      8.10      2.00     7   6.5727
#        1410       0.01960      7.79      2.00     7   6.5728
#        1411       0.02316     12.58      2.00     7   6.5731
#        1414       0.01245     12.69      2.00     7   6.5746
#        1416       0.01698      4.64      2.00     6   6.5748
#        1417       0.02175     28.08      2.00     7   6.5753
#        1419       0.01025      7.16      2.00     7   6.5777
#        1421       0.01644     10.91      2.00     6   6.5799
#        1423       0.01399     16.06      2.00     6   6.5816
#        1425       0.01036     10.11      2.00     7   6.5835
#        1426       0.01766      5.46      2.00     6   6.5840
#        1427       0.02241      4.78      2.00     6   6.5842
#        1428       0.02219     11.44      2.00     6   6.5843
#        1429       0.01662      4.39      2.00     6   6.5856
#        1430       0.02172      6.13      2.00     6   6.5860
#        1431       0.01312      5.62      2.00     7   6.5859
#        1437       0.01808      4.18      2.00     6   6.5919
#        1441       0.01891      5.07      2.00     7   6.5918
#        1443       0.01489     13.91      2.00     6   6.5927
#        1445       0.02081     11.04      2.00     6   6.5944
#        1446       0.01327     22.30      2.00     6   6.5952
#        1447       0.00738      5.48      2.00     3   6.5963
#        1448       0.01698      4.70      2.00     6   6.5964
#        1451       0.02096      9.73      2.00     6   6.5960
#        1454       0.02418      5.35      2.00     6   6.5982
#        1457       0.01908      5.87      2.00     6   6.5999
#        1458       0.03294      9.42      2.00     6   6.5999
#        1459       0.01940      6.22      2.00     6   6.6024
#        1460       0.01029     40.71      2.00     6   6.6023
#        1467       0.01763      5.46      2.00     6   6.6064
#        1468       0.01782      5.59      1.00     6   6.6063
#        1469       0.02295      6.96      2.00     7   6.6064
#        1472       0.01632      4.22      2.00     6   6.6072
#        1473       0.04168      5.27      2.00     6   6.6070
#        1475       0.00978      5.43      2.00     4   6.6088
#        1480       0.02523      6.54      2.00     7   6.6126
#        1481       0.02424      7.08      2.00     7   6.6138
#        1484       0.01526      4.18      2.00     6   6.6196
#        1485       0.02405      6.49      2.00     7   6.6196
#        1488       0.01534      4.30      2.00     6   6.6227
#        1493       0.02340      6.74      2.00     7   6.6279
#        1494       0.00708      4.59      2.00     5   6.6299
#        1496       0.02583      6.40      2.00     7   6.6322
#        1497       0.01703      4.47      2.00     6   6.6327
#        1501       0.02066      8.84      2.00     6   6.6336
#        1502       0.00705      4.57      2.00     5   6.6342
#        1505       0.01698      4.90      2.00     7   6.6344
#        1508       0.01906     14.39      2.00     6   6.6349
#        1509       0.01579      5.33      2.00     6   6.6358
#        1511       0.01221      7.55      2.00     5   6.6397
#        1513       0.02854      9.54      2.00     6   6.6398
#        1515       0.01768      5.55      2.00     6   6.6415
#        1516       0.02686      6.17      2.00     5   6.6433
#        1520       0.02865      4.74      2.00     6   6.6453
#        1522       0.01273      7.09      2.00     6   6.6454
#        1524       0.01772      4.55      2.00     6   6.6470
#        1525       0.01728      4.93      2.00     6   6.6482
#        1526       0.01584      5.51      2.00     6   6.6482
#        1527       0.00694     12.67      1.00     6   6.6482
#        1528       0.01586      4.57      2.00     6   6.6491
#        1529       0.00943      8.53      2.00     4   6.6515
#        1531       0.01439      6.55      2.00     6   6.6531
#        1532       0.02937      5.14      2.00     6   6.6572
#        1533       0.02332      5.20      2.00     6   6.6587
#        1534       0.02012      5.90      2.00     6   6.6593
#        1535       0.02913      5.11      1.00     6   6.6591
#        1536       0.00938      8.80      2.00     5   6.6601
#        1537       0.02711      5.99      2.00     6   6.6613
#        1538       0.06682      9.70      2.00     7   6.6616
#        1539       0.03368      9.80      2.00     7   6.6619
#        1540       0.02377      9.66      1.00     6   6.6635
#        1541       0.01651      6.05      2.00     7   6.6647
#        1542       0.01057     10.31      2.00     7   6.6651
#        1543       0.01730     16.45      2.00     7   6.6651
#        1544       0.02346      5.25      2.00     7   6.6655
#        1546       0.01505      6.88      2.00     6   6.6663
#        1547       0.05243      9.41      2.00     7   6.6668
#        1550       0.03724      9.02      2.00     7   6.6671
#        1551       0.01734      9.03      2.00     7   6.6670
#        1552       0.01858     10.31      2.00     7   6.6669
#        1553       0.01812      7.09      2.00     7   6.6690
#        1554       0.02408      6.32      2.00     5   6.6696
#        1556       0.00710      7.91      1.00     6   6.6700
#        1557       0.01826     14.48      2.00     6   6.6714
#        1558       0.01845      7.99      2.00     5   6.6716
#        1559       0.01509      5.27      2.00     6   6.6723
#        1561       0.01262      4.14      2.00     5   6.6735
#        1562       0.03085     11.45      2.00     5   6.6752
#        1566       0.02102      4.33      2.00     6   6.6813
#        1567       0.00678      7.53      2.00     4   6.6823
#        1569       0.02013      8.13      2.00     6   6.6823
#        1571       0.01525      4.90      2.00     6   6.6830
#        1572       0.01784      4.25      2.00     6   6.6831
#        1573       0.01520      5.62      2.00     6   6.6840
#        1574       0.01979     15.40      2.00     6   6.6847
#        1576       0.01711     11.34      2.00     7   6.6862
#        1577       0.01004      4.23      2.00     7   6.6859
#        1578       0.01038      7.64      2.00     7   6.6862
#        1581       0.01500      4.51      2.00     6   6.6885
#        1582       0.01183     16.17      2.00     6   6.6906
#        1583       0.00703      5.20      2.00     5   6.6914
#        1584       0.00731      5.13      2.00     5   6.6930
#        1585       0.01718      7.06      2.00     7   6.6925
#        1588       0.02966     17.07      2.00     7   6.6926
#        1589       0.01053      9.65      2.00     7   6.6931
#        1590       0.01698     15.06      2.00     7   6.6931
#        1591       0.02189      5.13      2.00     7   6.6935
#        1592       0.03006      7.29      2.00     7   6.6939
#        1593       0.01790     10.15      2.00     7   6.6942
#        1595       0.01078     59.25      2.00     6   6.6949
#        1598       0.01931      4.07      2.00     6   6.6949
#        1599       0.01242     10.10      2.00     6   6.6952
#        1600       0.02175      4.53      2.00     6   6.6952
#        1601       0.02440      4.48      2.00     6   6.6952
#        1602       0.01820      4.48      2.00     6   6.6980
#        1603       0.01517      5.77      2.00     6   6.6980
#        1604       0.02932     13.85      2.00     7   6.6980
#        1606       0.01518      5.39      2.00     6   6.6983
#        1607       0.01679      4.84      2.00     7   6.6983
#        1608       0.01712      5.82      2.00     7   6.6981
#        1609       0.00655      7.67      2.00     4   6.6989
#        1613       0.01777      8.24      2.00     7   6.6998
#        1614       0.01724      7.94      2.00     7   6.6998
#        1615       0.00720      5.09      2.00     5   6.7018
#        1616       0.01709      4.44      2.00     7   6.7013
#        1617       0.01239     11.33      2.00     6   6.7035
#        1619       0.01924      4.50      2.00     6   6.7049
#        1620       0.02189      4.08      2.00     6   6.7050
#        1621       0.02437      4.01      2.00     6   6.7050
#        1622       0.00959      9.38      2.00     5   6.7066
#        1625       0.02435      4.22      2.00     6   6.7069
#        1626       0.01461      4.18      2.00     6   6.7083
#        1627       0.01455      5.00      2.00     6   6.7089
#        1628       0.01714      4.34      2.00     6   6.7093
#        1629       0.01927     11.41      2.00     6   6.7091
#        1630       0.02000      4.66      2.00     7   6.7094
#        1631       0.02849      6.73      2.00     7   6.7092
#        1632       0.02485     12.40      2.00     7   6.7095
#        1633       0.02844      5.00      2.00     7   6.7096
#        1634       0.02293     23.64      2.00     7   6.7100
#        1635       0.02092      6.70      2.00     7   6.7097
#        1636       0.01987      7.85      2.00     7   6.7124
#        1637       0.02297     10.49      2.00     7   6.7125
#        1638       0.02812      7.53      2.00     7   6.7122
#        1639       0.02270      8.28      2.00     7   6.7122
#        1640       0.00953     23.41      2.00     6   6.7129
#        1642       0.02177     26.59      2.00     7   6.7149
#        1643       0.00750      5.22      2.00     5   6.7216
#        1644       0.03053     10.42      2.00     6   6.7215
#        1645       0.02068      4.64      2.00     6   6.7226
#        1646       0.02276      4.93      2.00     6   6.7227
#        1647       0.01587     16.49      2.00     6   6.7227
#        1648       0.01137      7.23      2.00     5   6.7233
#        1650       0.01781     12.96      2.00     6   6.7243
#        1652       0.01729      4.18      2.00     7   6.7292
#        1653       0.01805      6.55      2.00     7   6.7299
#        1654       0.02922      9.66      2.00     7   6.7301
#        1656       0.00767      5.17      2.00     5   6.7318
#        1658       0.01943      5.61      2.00     7   6.7343
#        1659       0.01971      6.51      2.00     7   6.7343
#        1660       0.02277     15.70      2.00     7   6.7340
#        1661       0.02378      6.90      2.00     7   6.7341
#        1662       0.03691      4.67      2.00     7   6.7341
#        1664       0.01757      7.88      2.00     7   6.7350
#        1665       0.01758      4.20      2.00     7   6.7345
#        1668       0.02339     18.96      2.00     7   6.7351
#        1670       0.01783      9.91      2.00     7   6.7358
#        1671       0.02093      9.69      2.00     7   6.7357
#        1672       0.02082      8.03      2.00     7   6.7358
#        1675       0.01535      9.39      2.00     7   6.7368
#        1676       0.01797     26.02      2.00     7   6.7375
#        1677       0.10308      5.35      2.00     7   6.7383
#        1678       0.04455      5.18      2.00     7   6.7382
#        1684       0.02107      4.39      2.00     7   6.7411
#        1685       0.08755      7.96      2.00     7   6.7410
#        1686       0.02120      7.39      2.00     6   6.7417
#        1687       0.02116      4.63      2.00     7   6.7427
#        1688       0.02908      5.05      2.00     7   6.7433
#        1689       0.02429      4.69      2.00     6   6.7431
#        1690       0.03873      7.79      2.00     7   6.7436
#        1692       0.02886      5.51      2.00     7   6.7461
#        1693       0.01784      8.21      2.00     7   6.7477
#        1694       0.01090    156.60      2.00     7   6.7476
#        1695       0.02171     17.29      2.00     7   6.7487
#        1696       0.03265     12.44      2.00     7   6.7503
#        1697       0.01763      5.75      2.00     7   6.7505
#        1698       0.01818      9.62      2.00     7   6.7507
#        1699       0.01739      4.52      2.00     7   6.7505
#        1700       0.01782      9.29      2.00     7   6.7511
#        1702       0.01444      5.96      2.00     7   6.7517
#        1703       0.01931      7.69      2.00     7   6.7525
#        1704       0.03582      6.89      2.00     7   6.7526
#        1706       0.01758      4.72      2.00     7   6.7528
#        1708       0.01230     12.34      2.00     6   6.7546
#        1709       0.02019      4.96      2.00     7   6.7553
#        1710       0.01885      5.43      2.00     7   6.7561
#        1712       0.01407      7.21      2.00     6   6.7592
#        1713       0.03305      6.61      2.00     7   6.7607
#        1714       0.01696      7.59      2.00     7   6.7607
#        1716       0.00725      7.64      2.00     4   6.7619
#        1719       0.02403     12.77      2.00     6   6.7643
#        1720       0.02133      5.86      2.00     6   6.7668
#        1722       0.02579      7.33      2.00     6   6.7701
#        1723       0.01499      7.71      2.00     6   6.7708
#        1724       0.03425      4.88      2.00     6   6.7712
#        1725       0.00611      4.78      2.00     3   6.7735
#        1726       0.01812     11.45      2.00     6   6.7732
#        1727       0.01047      9.07      2.00     6   6.7741
#        1729       0.01596     46.17      2.00     7   6.7755
#        1730       0.00782     10.72      2.00     6   6.7761
#        1731       0.01127     16.90      2.00     6   6.7761
#        1732       0.01955     10.90      2.00     7   6.7760
#        1733       0.02993     15.52      2.00     7   6.7763
#        1734       0.02257     11.45      2.00     7   6.7763
#        1736       0.01439     35.57      2.00     7   6.7774
#        1737       0.02333      5.34      2.00     7   6.7783
#        1738       0.02713      5.52      2.00     7   6.7785
#        1739       0.01168     18.05      2.00     7   6.7791
#        1740       0.02156     10.83      2.00     7   6.7812
#        1742       0.02269      4.50      2.00     7   6.7821
#        1744       0.02325      5.76      2.00     7   6.7817
#        1745       0.02921     11.03      2.00     5   6.7837
#        1746       0.01696      4.12      2.00     7   6.7843
#        1748       0.01908      4.20      2.00     7   6.7849
#        1749       0.02629      5.08      2.00     7   6.7852
#        1750       0.02487      6.26      2.00     7   6.7852
#        1753       0.03142      9.66      2.00     6   6.7874
#        1754       0.02075     12.34      2.00     7   6.7873
#        1756       0.03140     14.59      2.00     6   6.7901
#        1759       0.00617      6.58      2.00     4   6.7921
#        1760       0.01785      5.14      2.00     7   6.7918
#        1761       0.00594      8.19      2.00     4   6.7925
#        1763       0.01592      4.40      2.00     6   6.7931
#        1764       0.01890     11.05      2.00     7   6.7950
#        1765       0.02576      8.10      2.00     5   6.7972
#        1766       0.01096     88.09      2.00     7   6.7982
#        1768       0.01734      5.36      2.00     6   6.8010
#        1769       0.01478      6.83      2.00     6   6.8039
#        1771       0.01139     37.73      2.00     7   6.8062
#        1773       0.01572      4.46      2.00     7   6.8079
#        1774       0.01643     18.98      2.00     7   6.8079
#        1775       0.01233      7.89      2.00     6   6.8089
#        1776       0.01194      4.38      2.00     6   6.8106
#        1778       0.01340      4.74      2.00     6   6.8148
#        1779       0.01383      5.87      2.00     6   6.8146
#        1781       0.01206      6.75      2.00     6   6.8163
#        1785       0.01274      6.97      2.00     6   6.8188
#        1786       0.02254      4.04      2.00     7   6.8206
#        1789       0.01708      9.96      2.00     7   6.8208
#        1790       0.02734     16.80      2.00     7   6.8208
#        1791       0.02287      4.71      2.00     7   6.8208
#        1792       0.02473      6.98      2.00     5   6.8227
#        1793       0.01642     23.91      2.00     7   6.8223
#        1794       0.01628      4.18      2.00     7   6.8228
#        1795       0.02118      6.39      2.00     7   6.8244
#        1796       0.02243      5.91      2.00     7   6.8253
#        1797       0.01981      5.68      2.00     6   6.8257
#        1798       0.01904     10.67      2.00     7   6.8257
#        1799       0.02386      4.12      2.00     7   6.8256
#        1800       0.02924     16.83      2.00     7   6.8258
#        1801       0.02311      8.90      2.00     7   6.8258
#        1802       0.00594      8.55      2.00     4   6.8263
#        1804       0.02327      7.61      2.00     7   6.8273
#        1805       0.01855      9.37      2.00     7   6.8273
#        1806       0.02117      6.75      2.00     7   6.8273
#        1808       0.02059      7.75      2.00     6   6.8282
#        1809       0.02622      5.05      2.00     7   6.8283
#        1810       0.01719      6.82      2.00     7   6.8286
#        1811       0.02073      5.56      2.00     7   6.8288
#        1813       0.01950      6.78      2.00     7   6.8288
#        1814       0.02146      4.46      2.00     7   6.8297
#        1816       0.01688      5.59      2.00     7   6.8297
#        1818       0.02176     13.28      2.00     7   6.8295
#        1819       0.01909      5.73      2.00     7   6.8300
#        1820       0.01704      4.17      2.00     7   6.8301
#        1821       0.02135     10.50      2.00     7   6.8301
#        1822       0.02065     12.56      2.00     7   6.8303
#        1823       0.03170     19.08      2.00     7   6.8303
#        1826       0.01929     18.70      2.00     7   6.8308
#        1828       0.02296      4.68      2.00     7   6.8318
#        1829       0.01607      6.93      2.00     7   6.8317
#        1831       0.02344      7.91      2.00     7   6.8315
#        1832       0.01687      4.98      2.00     7   6.8323
#        1833       0.01687      4.98      2.00     7   6.8343
#        1834       0.02595      4.58      2.00     7   6.8347
#        1835       0.02462      6.29      2.00     7   6.8347
#        1836       0.01815      4.45      2.00     7   6.8345
#        1837       0.01954      4.95      2.00     7   6.8346
#        1838       0.01668      7.36      2.00     7   6.8349
#        1839       0.00875      4.28      2.00     4   6.8356
#        1841       0.01148     12.34      2.00     6   6.8355
#        1842       0.00814      8.24      2.00     6   6.8355
#        1844       0.02070     14.27      2.00     7   6.8372
#        1845       0.01741      6.68      2.00     7   6.8389
#        1846       0.01969      7.14      2.00     5   6.8392
#        1847       0.01703      5.41      2.00     7   6.8407
#        1848       0.01566      4.39      2.00     7   6.8418
#        1849       0.01789      5.86      2.00     7   6.8417
#        1850       0.01300      8.32      2.00     6   6.8425
#        1851       0.00843      5.65      2.00     6   6.8425
#        1852       0.01964      5.86      2.00     5   6.8438
#        1853       0.01612      6.88      2.00     7   6.8440
#        1854       0.01844      6.94      2.00     7   6.8443
#        1855       0.00571     13.95      2.00     5   6.8453
#        1856       0.01615      6.39      2.00     7   6.8449
#        1857       0.01591      4.97      2.00     7   6.8456
#        1860       0.01141      8.41      2.00     5   6.8461
#        1861       0.01576      5.15      2.00     7   6.8462
#        1863       0.01068      6.21      2.00     6   6.8464
#        1864       0.01698      4.86      2.00     7   6.8496
#        1865       0.01697      5.04      2.00     7   6.8497
#        1868       0.02281      4.84      2.00     7   6.8510
#        1869       0.01593      6.90      2.00     7   6.8527
#        1870       0.01588      5.01      2.00     7   6.8527
#        1871       0.02172      4.12      2.00     6   6.8539
#        1873       0.02050      8.50      2.00     6   6.8540
#        1874       0.06689      7.94      2.00     7   6.8544
#        1875       0.03441      8.04      2.00     7   6.8545
#        1876       0.02405      5.84      2.00     7   6.8552
#        1877       0.01931      4.38      2.00     7   6.8551
#        1878       0.01972      4.80      2.00     7   6.8552
#        1879       0.02316     15.25      2.00     7   6.8550
#        1880       0.01985      7.35      1.00     6   6.8556
#        1881       0.02141     15.46      2.00     7   6.8554
#        1882       0.00616      4.62      2.00     5   6.8572
#        1883       0.02568      7.76      2.00     7   6.8572
#        1884       0.02160      8.89      2.00     7   6.8572
#        1885       0.02110      6.77      2.00     7   6.8574
#        1886       0.01917      8.19      2.00     7   6.8574
#        1888       0.01490      6.33      2.00     6   6.8587
#        1889       0.05234      7.70      2.00     7   6.8588
#        1890       0.03718      7.43      2.00     7   6.8589
#        1891       0.01653      4.91      2.00     7   6.8587
#        1893       0.02041     25.13      2.00     7   6.8594
#        1894       0.01519      7.14      2.00     5   6.8595
#        1895       0.02734      6.02      2.00     7   6.8595
#        1896       0.01742      5.56      2.00     5   6.8604
#        1898       0.02222     17.28      2.00     7   6.8622
#        1899       0.02161      4.11      2.00     7   6.8644
#        1901       0.02183      4.31      2.00     7   6.8640
#        1902       0.02059      4.11      2.00     7   6.8645
#        1903       0.00754      5.71      2.00     4   6.8666
#        1904       0.02849     11.72      2.00     6   6.8666
#        1905       0.02697      5.55      2.00     7   6.8670
#        1908       0.01423      5.34      2.00     5   6.8698
#        1909       0.01845      7.09      2.00     7   6.8701
#        1914       0.02861     12.68      2.00     7   6.8734
#        1915       0.01759     11.02      2.00     7   6.8751
#        1916       0.00583      7.90      2.00     5   6.8781
#        1918       0.01621      4.30      2.00     6   6.8788
#        1920       0.01797      4.42      2.00     7   6.8789
#        1921       0.01958      6.69      2.00     7   6.8788
#        1922       0.04338      7.96      2.00     7   6.8794
#        1923       0.01482      6.27      2.00     4   6.8803
#        1924       0.01763      8.61      2.00     7   6.8806
#        1925       0.02720      7.24      2.00     5   6.8815
#        1926       0.02709      6.42      2.00     5   6.8817
#        1927       0.03345     12.29      2.00     7   6.8820
#        1929       0.02172     10.68      2.00     6   6.8856
#        1930       0.01606     13.70      2.00     6   6.8881
#        1931       0.00665      4.33      2.00     5   6.8898
#        1933       0.01961     16.78      2.00     6   6.8919
#        1934       0.00760     12.97      2.00     5   6.8947
#        1936       0.01876     11.23      2.00     7   6.8953
#        1937       0.01964     13.20      2.00     6   6.8966
#        1938       0.01787      7.47      2.00     7   6.8975
#        1939       0.02192     19.27      2.00     6   6.8988
#        1942       0.02363     12.14      2.00     6   6.9035
#        1943       0.02457      8.58      2.00     7   6.9048
#        1944       0.02532      7.79      2.00     5   6.9050
#        1945       0.01973     10.26      2.00     6   6.9052
#        1947       0.02674      5.75      2.00     7   6.9049
#        1948       0.02513     14.38      2.00     7   6.9050
#        1950       0.02676      4.47      2.00     7   6.9066
#        1951       0.01938      9.03      2.00     7   6.9066
#        1952       0.02746      6.98      2.00     7   6.9067
#        1954       0.02025      9.39      2.00     7   6.9067
#        1957       0.01913     25.80      2.00     7   6.9084
#        1958       0.02596      8.67      2.00     6   6.9094
#        1960       0.01703      4.05      2.00     7   6.9100
#        1962       0.01334      9.63      2.00     6   6.9128
#        1963       0.01239      7.78      2.00     6   6.9123
#        1964       0.01905     13.08      2.00     6   6.9123
#        1965       0.01945     11.56      2.00     7   6.9127
#        1967       0.00624      7.13      2.00     4   6.9129
#        1969       0.02033      9.68      2.00     7   6.9159
#        1970       0.02036      4.90      2.00     7   6.9166
#        1972       0.01973      6.89      2.00     7   6.9166
#        1973       0.02013      8.23      2.00     7   6.9176
#        1974       0.01996     20.59      2.00     7   6.9183
#        1976       0.02878     10.58      2.00     5   6.9211
#        1977       0.01159     12.36      2.00     7   6.9223
#        1978       0.01433      7.07      1.00     6   6.9226
#        1979       0.01462      7.82      1.00     6   6.9240
#        1981       0.01790      8.89      2.00     7   6.9248
#        1983       0.01594      4.51      2.00     7   6.9252
#        1984       0.01585      4.44      2.00     5   6.9253
#        1987       0.02882     13.88      2.00     7   6.9252
#        1990       0.01680      4.27      2.00     7   6.9273
#        1991       0.01102     60.37      2.00     7   6.9284
#        1996       0.01631      5.34      2.00     7   6.9316
#        1997       0.01648      5.52      2.00     7   6.9316
#        1998       0.01633      7.22      2.00     7   6.9319
#        2000       0.01622      7.37      2.00     7   6.9316
#        2001       0.02873     13.76      2.00     6   6.9326
#        2002       0.01951      6.41      2.00     5   6.9336
#        2004       0.02800     19.88      2.00     6   6.9342
#        2005       0.02884     16.30      2.00     6   6.9345
#        2006       0.01871      9.82      2.00     7   6.9345
#        2008       0.02979     15.36      2.00     7   6.9346
#        2010       0.01084      4.16      2.00     6   6.9352
#        2012       0.01699      4.43      2.00     7   6.9371
#        2013       0.01590      4.45      2.00     7   6.9368
#        2014       0.01630      4.26      2.00     7   6.9372
#        2016       0.01849      8.62      2.00     7   6.9377
#        2019       0.01329      4.21      2.00     6   6.9398
#        2020       0.01324      4.57      2.00     6   6.9398
#        2021       0.01912      7.48      2.00     7   6.9394
#        2022       0.01616     41.28      2.00     7   6.9409
#        2023       0.01605      4.03      2.00     7   6.9412
#        2024       0.01640      5.39      2.00     7   6.9418
#        2025       0.01646      5.81      2.00     6   6.9422
#        2027       0.01067     36.02      2.00     7   6.9431
#        2029       0.01621      4.29      2.00     7   6.9461
#        2030       0.01454      7.15      2.00     7   6.9465
#        2031       0.02220      5.21      2.00     7   6.9469
#        2034       0.01964     10.87      2.00     6   6.9516
#        2036       0.01077      6.35      2.00     7   6.9525
#        2038       0.01532      7.70      2.00     5   6.9536
#        2040       0.01071     14.53      2.00     7   6.9535
#        2041       0.00673      8.28      2.00     5   6.9554
#        2043       0.01452     13.71      2.00     7   6.9563
#        2044       0.01720      4.83      2.00     7   6.9566
#        2045       0.01174      6.93      2.00     6   6.9569
#        2046       0.02133      4.94      2.00     7   6.9569
#        2047       0.02063      5.10      2.00     7   6.9569
#        2048       0.05025      6.54      2.00     7   6.9580
#        2051       0.01718      4.08      2.00     7   6.9583
#        2052       0.03463      6.72      2.00     7   6.9606
#        2054       0.02391      6.98      2.00     7   6.9607
#        2055       0.01597      4.66      2.00     7   6.9618
#        2056       0.01445      5.65      2.00     7   6.9616
#        2057       0.00716     20.86      2.00     5   6.9657
#        2063       0.01549      6.24      2.00     6   6.9693
#        2067       0.01546      4.53      2.00     7   6.9732
#        2072       0.01535      5.32      2.00     7   6.9741
#        2074       0.00774      4.50      2.00     5   6.9750
#        2076       0.01716     13.42      2.00     7   6.9749
#        2077       0.02188     13.90      2.00     7   6.9757
#        2079       0.02020      5.76      2.00     7   6.9766
#        2080       0.01216      9.43      2.00     6   6.9771
#        2083       0.01196      6.10      2.00     6   6.9805
#        2084       0.01634      4.93      2.00     7   6.9807
#        2088       0.02361      8.92      2.00     7   6.9844
#        2089       0.01682      4.99      2.00     7   6.9853
#        2090       0.02123      4.14      2.00     7   6.9854
#        2091       0.02033      4.29      2.00     7   6.9854
#        2092       0.01590      4.58      2.00     7   6.9872
#        2093       0.01462      5.11      2.00     7   6.9881
#        2095       0.01463      4.98      2.00     7   6.9885
#        2096       0.01613      5.00      2.00     7   6.9890
#        2097       0.01286      4.61      2.00     6   6.9898
#        2098       0.01593      4.80      2.00     7   6.9897
#        2099       0.01666      4.97      2.00     7   6.9899
#        2102       0.01208      4.12      2.00     6   6.9922
#        2104       0.03905     15.32      2.00     7   6.9938
#        2105       0.02136     22.07      2.00     7   6.9943
#        2108       0.02014      6.97      2.00     6   6.9954
#        2109       0.03251      5.92      2.00     7   6.9954
#        2111       0.01946     27.31      2.00     7   6.9964
#        2117       0.02317      5.07      2.00     7   7.0021
#        2119       0.02531      7.19      2.00     7   7.0021
#        2120       0.01349     10.62      2.00     6   7.0035
#        2121       0.01628      4.03      2.00     7   7.0036
#        2123       0.02178     18.48      2.00     7   7.0043
#        2124       0.02374     19.53      2.00     6   7.0063
#        2125       0.01789      5.43      2.00     7   7.0070
#        2128       0.01335      5.42      2.00     6   7.0123
#        2129       0.01986      4.10      2.00     7   7.0141
#        2130       0.01966      4.79      2.00     7   7.0139
#        2131       0.01944      5.14      2.00     7   7.0139
#        2133       0.02222     12.01      2.00     6   7.0150
#        2135       0.02334      6.51      2.00     7   7.0161
#        2137       0.01532      5.79      2.00     7   7.0179
#        2138       0.00656      5.15      2.00     5   7.0184
#        2140       0.02387     15.11      2.00     6   7.0186
#        2145       0.01089     14.28      2.00     6   7.0223
#        2147       0.03859      5.82      2.00     7   7.0224
#        2150       0.01753     10.10      2.00     7   7.0243
#        2151       0.02000      5.36      2.00     7   7.0244
#        2152       0.02971      5.80      2.00     7   7.0249
#        2154       0.01519      4.17      2.00     7   7.0252
#        2155       0.02610      4.06      2.00     7   7.0252
#        2156       0.04163      5.81      2.00     7   7.0256
#        2157       0.02902      5.70      2.00     7   7.0257
#        2160       0.00660      8.59      2.00     5   7.0261
#        2164       0.02549     12.03      2.00     6   7.0267
#        2167       0.01592      5.99      2.00     6   7.0296
#        2168       0.02623     10.10      2.00     6   7.0307
#        2169       0.00666      4.97      2.00     5   7.0315
#        2170       0.00663      5.15      2.00     5   7.0315
#        2171       0.01675      4.61      2.00     6   7.0314
#        2174       0.01403      5.13      2.00     6   7.0340
#        2176       0.02750      6.81      2.00     6   7.0346
#        2177       0.01833      7.05      2.00     7   7.0350
#        2178       0.01548     10.38      2.00     6   7.0361
#        2182       0.01914      7.72      2.00     7   7.0453
#        2187       0.02028      7.33      2.00     7   7.0470
#        2188       0.02181     10.31      2.00     6   7.0473
#        2189       0.01414      9.78      2.00     6   7.0473
#  1550/2000 paths used
#  xsedge+50, used to normalize mu           1.0000E+00
#  -----------------------------------------------------------------------
#  omega    e    k    mu    mu0     chi     @#
    9663.659     -7.303   0.000  2.24854E-03  1.49560E-04  7.07641E+00
    9663.669     -7.294   0.050  2.21359E-03  1.53633E-04  6.93532E+00
    9663.697     -7.265   0.100  2.17597E-03  1.57707E-04  6.78567E+00
    9663.745     -7.218   0.150  2.05418E-03  1.69415E-04  6.31252E+00
    9663.812     -7.151   0.200  1.91407E-03  1.81123E-04  5.78190E+00
    9663.897     -7.065   0.250  1.66714E-03  1.97038E-04  4.87749E+00
    9664.002     -6.961   0.300  1.39645E-03  2.12954E-04  3.90475E+00
    9664.126     -6.837   0.350  1.03474E-03  2.27271E-04  2.64740E+00
    9664.269     -6.694   0.400  6.82621E-04  2.41589E-04  1.43696E+00
    9664.431     -6.532   0.450  3.14014E-04  2.51857E-04  2.01349E-01
    9664.612     -6.351   0.500  1.91525E-05  2.62125E-04 -7.82572E-01
    9664.812     -6.151   0.550 -2.10136E-04  2.68921E-04 -1.53657E+00
    9665.031     -5.932   0.600 -3.25316E-04  2.75717E-04 -1.91986E+00
    9665.269     -5.694   0.650 -3.56129E-04  2.79967E-04 -2.02856E+00
    9665.526     -5.437   0.700 -2.94209E-04  2.84217E-04 -1.84165E+00
    9665.802     -5.160   0.750 -1.92251E-04  2.86507E-04 -1.52648E+00
    9666.098     -4.865   0.800 -5.74365E-05  2.88797E-04 -1.10551E+00
    9666.412     -4.551   0.850  6.69445E-05  2.89488E-04 -7.13841E-01
    9666.745     -4.217   0.900  1.76269E-04  2.90179E-04 -3.67074E-01
    9667.098     -3.865   0.950  2.57889E-04  2.89560E-04 -1.02840E-01
    9667.469     -3.494   1.000  3.11306E-04  2.88941E-04  7.31841E-02
    9667.860     -3.103   1.050  3.43658E-04  2.87284E-04  1.86367E-01
    9668.269     -2.693   1.100  3.56047E-04  2.85627E-04  2.35221E-01
    9668.698     -2.265   1.150  3.59557E-04  2.83196E-04  2.58214E-01
    9669.146     -1.817   1.200  3.54548E-04  2.80766E-04  2.52616E-01
    9669.612     -1.350   1.250  3.47458E-04  2.77813E-04  2.41765E-01
    9670.098     -0.865   1.300  3.39070E-04  2.74859E-04  2.26037E-01
    9670.603     -0.360   1.350  3.31621E-04  2.71603E-04  2.14404E-01
    9671.127      0.164   1.400  3.25633E-04  2.68347E-04  2.07717E-01
    9671.670      0.707   1.450  3.21277E-04  2.64973E-04  2.07265E-01
    9672.232      1.269   1.500  3.17577E-04  2.61599E-04  2.09253E-01
    9672.813      1.850   1.550  3.14330E-04  2.58243E-04  2.12850E-01
    9673.413      2.450   1.600  3.09531E-04  2.54887E-04  2.10573E-01
    9674.032      3.069   1.650  3.03245E-04  2.51653E-04  2.01763E-01
    9674.670      3.707   1.700  2.94878E-04  2.48418E-04  1.84422E-01
    9675.327      4.365   1.750  2.85172E-04  2.45378E-04  1.60196E-01
    9676.004      5.041   1.800  2.75057E-04  2.42338E-04  1.33607E-01
    9676.699      5.736   1.850  2.65981E-04  2.39534E-04  1.09429E-01
    9677.413      6.451   1.900  2.58662E-04  2.36729E-04  9.19674E-02
    9678.147      7.184   1.950  2.58265E-04  2.34152E-04  1.02338E-01
    9678.899      7.936   2.000  2.49218E-04  2.31575E-04  7.57988E-02
    9679.671      8.708   2.050  2.45724E-04  2.29387E-04  7.09842E-02
    9680.461      9.499   2.100  2.41862E-04  2.27199E-04  6.44377E-02
    9681.271     10.308   2.150  2.37415E-04  2.25011E-04  5.51379E-02
    9682.100     11.137   2.200  2.33256E-04  2.22823E-04  4.69214E-02
    9682.947     11.985   2.250  2.31225E-04  2.22821E-04  3.79874E-02
    9683.814     12.851   2.300  2.30943E-04  2.22819E-04  3.69114E-02
    9684.700     13.737   2.350  2.32476E-04  2.22817E-04  4.41101E-02
    9685.605     14.642   2.400  2.35148E-04  2.22815E-04  5.66117E-02
    9686.529     15.566   2.450  2.36587E-04  2.23093E-04  6.20373E-02
    9687.472     16.509   2.500  2.37550E-04  2.23372E-04  6.52893E-02
    9688.434     17.471   2.550  2.37463E-04  2.23650E-04  6.37055E-02
    9689.415     18.452   2.600  2.35997E-04  2.23929E-04  5.57504E-02
    9690.415     19.452   2.650  2.32373E-04  2.23558E-04  4.07986E-02
    9691.434     20.471   2.700  2.27851E-04  2.23187E-04  2.16248E-02
    9692.472     21.510   2.750  2.22618E-04  2.22816E-04 -9.21853E-04
    9693.530     22.567   2.800  2.16947E-04  2.22446E-04 -2.55937E-02
    9694.606     23.643   2.850  2.11754E-04  2.22305E-04 -4.90741E-02
    9695.701     24.738   2.900  2.06845E-04  2.22164E-04 -7.12029E-02
    9696.816     25.853   2.950  2.02430E-04  2.22024E-04 -9.10066E-02
    9697.949     26.986   3.000  1.98696E-04  2.21883E-04 -1.07621E-01
    9699.102     28.139   3.050  1.96280E-04  2.21986E-04 -1.19035E-01
    9700.273     29.310   3.100  1.94747E-04  2.22089E-04 -1.26320E-01
    9701.464     30.501   3.150  1.94202E-04  2.22192E-04 -1.29013E-01
    9702.673     31.711   3.200  1.94728E-04  2.22295E-04 -1.26773E-01
    9703.902     32.939   3.250  1.96554E-04  2.22586E-04 -1.19325E-01
    9705.150     34.187   3.300  1.99391E-04  2.22876E-04 -1.07304E-01
    9706.417     35.454   3.350  2.03196E-04  2.23167E-04 -9.09537E-02
    9707.703     36.740   3.400  2.07793E-04  2.23458E-04 -7.11173E-02
    9709.008     38.045   3.450  2.12987E-04  2.23884E-04 -4.92869E-02
    9710.332     39.369   3.500  2.18376E-04  2.24310E-04 -2.67419E-02
    9711.675     40.712   3.550  2.23668E-04  2.24736E-04 -4.79585E-03
    9713.037     42.074   3.600  2.28598E-04  2.25162E-04  1.53772E-02
    9714.418     43.455   3.650  2.32972E-04  2.25650E-04  3.26398E-02
    9715.818     44.855   3.700  2.36686E-04  2.26139E-04  4.68508E-02
    9717.237     46.274   3.750  2.39735E-04  2.26628E-04  5.80159E-02
    9718.675     47.713   3.800  2.42182E-04  2.27117E-04  6.64494E-02
    9720.133     49.170   3.850  2.44099E-04  2.27593E-04  7.25773E-02
    9721.609     50.646   3.900  2.45629E-04  2.28070E-04  7.69714E-02
    9723.105     52.142   3.950  2.46841E-04  2.28546E-04  7.99462E-02
    9724.619     53.656   4.000  2.47750E-04  2.29023E-04  8.15856E-02
    9726.153     55.190   4.050  2.48263E-04  2.29417E-04  8.19058E-02
    9727.705     56.742   4.100  2.48380E-04  2.29812E-04  8.05088E-02
    9729.277     58.314   4.150  2.48007E-04  2.30206E-04  7.69991E-02
    9730.867     59.905   4.200  2.47059E-04  2.30601E-04  7.10267E-02
    9732.477     61.514   4.250  2.45394E-04  2.30863E-04  6.26181E-02
    9734.106     63.143   4.300  2.43120E-04  2.31125E-04  5.16172E-02
    9735.754     64.791   4.350  2.40305E-04  2.31387E-04  3.83182E-02
    9737.421     66.458   4.400  2.37073E-04  2.31650E-04  2.32706E-02
    9739.106     68.144   4.450  2.33447E-04  2.31752E-04  7.27105E-03
    9740.811     69.849   4.500  2.29769E-04  2.31854E-04 -8.93828E-03
    9742.535     71.573   4.550  2.26241E-04  2.31957E-04 -2.44892E-02
    9744.279     73.316   4.600  2.23048E-04  2.32059E-04 -3.85871E-02
    9746.041     75.078   4.650  2.20168E-04  2.31999E-04 -5.06796E-02
    9747.822     76.859   4.700  2.17887E-04  2.31940E-04 -6.02184E-02
    9749.622     78.659   4.750  2.16269E-04  2.31880E-04 -6.69164E-02
    9751.441     80.479   4.800  2.15338E-04  2.31820E-04 -7.06722E-02
    9753.280     82.317   4.850  2.14939E-04  2.31628E-04 -7.16251E-02
    9755.137     84.174   4.900  2.15171E-04  2.31436E-04 -6.98654E-02
    9757.013     86.051   4.950  2.15966E-04  2.31243E-04 -6.56838E-02
    9758.909     87.946   5.000  2.17239E-04  2.31051E-04 -5.94391E-02
    9760.823     89.861   5.050  2.18808E-04  2.30771E-04 -5.15440E-02
    9762.757     91.794   5.100  2.20669E-04  2.30491E-04 -4.23727E-02
    9764.710     93.747   5.150  2.22724E-04  2.30210E-04 -3.23398E-02
    9766.681     95.718   5.200  2.24880E-04  2.29930E-04 -2.18409E-02
    9768.672     97.709   5.250  2.27042E-04  2.29617E-04 -1.11507E-02
    9770.682     99.719   5.300  2.29153E-04  2.29304E-04 -6.51760E-04
    9772.711    101.748   5.350  2.31148E-04  2.28990E-04  9.36531E-03
    9774.758    103.796   5.400  2.32967E-04  2.28677E-04  1.86481E-02
    9776.825    105.863   5.450  2.34607E-04  2.28381E-04  2.70977E-02
    9778.911    107.949   5.500  2.35976E-04  2.28084E-04  3.43844E-02
    9781.016    110.054   5.550  2.37031E-04  2.27787E-04  4.03161E-02
    9783.140    112.178   5.600  2.37733E-04  2.27491E-04  4.47217E-02
    9785.283    114.321   5.650  2.38125E-04  2.27249E-04  4.75243E-02
    9787.446    116.483   5.700  2.38101E-04  2.27007E-04  4.85134E-02
    9789.627    118.664   5.750  2.37651E-04  2.26765E-04  4.76418E-02
    9791.827    120.864   5.800  2.36785E-04  2.26523E-04  4.49431E-02
    9794.046    123.084   5.850  2.35626E-04  2.26365E-04  4.05719E-02
    9796.285    125.322   5.900  2.34125E-04  2.26207E-04  3.46994E-02
    9798.542    127.579   5.950  2.32354E-04  2.26049E-04  2.76427E-02
    9800.819    129.856   6.000  2.30403E-04  2.25892E-04  1.97868E-02
    9803.114    132.151   6.050  2.28501E-04  2.25867E-04  1.15515E-02
    9805.429    134.466   6.100  2.26593E-04  2.25841E-04  3.29660E-03
    9807.762    136.800   6.150  2.24770E-04  2.25816E-04 -4.58754E-03
    9810.115    139.152   6.200  2.23106E-04  2.25791E-04 -1.17674E-02
    9812.487    141.524   6.250  2.21661E-04  2.25766E-04 -1.79844E-02
    9814.878    143.915   6.300  2.20475E-04  2.25741E-04 -2.30614E-02
    9817.287    146.325   6.350  2.19573E-04  2.25716E-04 -2.68989E-02
    9819.716    148.753   6.400  2.18960E-04  2.25691E-04 -2.94645E-02
    9822.164    151.201   6.450  2.18633E-04  2.25665E-04 -3.07784E-02
    9824.631    153.668   6.500  2.18579E-04  2.25640E-04 -3.08995E-02
    9827.117    156.154   6.550  2.18787E-04  2.25683E-04 -3.01688E-02
    9829.622    158.659   6.600  2.19235E-04  2.25727E-04 -2.83907E-02
    9832.146    161.184   6.650  2.19898E-04  2.25770E-04 -2.56741E-02
    9834.689    163.727   6.700  2.20745E-04  2.25813E-04 -2.21547E-02
    9837.252    166.289   6.750  2.21739E-04  2.25856E-04 -1.79939E-02
    9839.833    168.870   6.800  2.22838E-04  2.25900E-04 -1.33743E-02
    9842.433    171.470   6.850  2.23998E-04  2.25943E-04 -8.49286E-03
    9845.053    174.090   6.900  2.25173E-04  2.25986E-04 -3.55098E-03
    9847.691    176.728   6.950  2.26317E-04  2.26029E-04  1.25596E-03
    9850.348    179.386   7.000  2.27390E-04  2.26072E-04  5.74938E-03
    9853.025    182.062   7.050  2.28253E-04  2.25986E-04  9.89814E-03
    9855.721    184.758   7.100  2.28983E-04  2.25899E-04  1.34747E-02
    9858.435    187.472   7.150  2.29558E-04  2.25813E-04  1.63762E-02
    9861.169    190.206   7.200  2.29963E-04  2.25726E-04  1.85374E-02
    9863.922    192.959   7.250  2.30192E-04  2.25640E-04  1.99284E-02
    9866.693    195.731   7.300  2.30244E-04  2.25553E-04  2.05508E-02
    9869.484    198.521   7.350  2.30128E-04  2.25467E-04  2.04314E-02
    9872.294    201.331   7.400  2.29852E-04  2.25380E-04  1.96167E-02
    9875.123    204.160   7.450  2.29433E-04  2.25294E-04  1.81683E-02
    9877.971    207.008   7.500  2.28886E-04  2.25207E-04  1.61589E-02
    9880.838    209.875   7.550  2.28049E-04  2.24941E-04  1.36709E-02
    9883.724    212.761   7.600  2.27126E-04  2.24675E-04  1.07997E-02
    9886.629    215.666   7.650  2.26141E-04  2.24408E-04  7.64741E-03
    9889.553    218.590   7.700  2.25119E-04  2.24142E-04  4.31876E-03
    9892.496    221.534   7.750  2.24084E-04  2.23875E-04  9.21821E-04
    9895.459    224.496   7.800  2.23060E-04  2.23609E-04 -2.43204E-03
    9898.440    227.477   7.850  2.22075E-04  2.23343E-04 -5.62895E-03
    9901.440    230.478   7.900  2.21153E-04  2.23076E-04 -8.55514E-03
    9904.460    233.497   7.950  2.20318E-04  2.22810E-04 -1.11014E-02
    9907.498    236.535   8.000  2.19592E-04  2.22543E-04 -1.31691E-02
    9910.556    239.593   8.050  2.18932E-04  2.22225E-04 -1.47168E-02
    9913.632    242.670   8.100  2.18407E-04  2.21906E-04 -1.56658E-02
    9916.728    245.765   8.150  2.18024E-04  2.21587E-04 -1.59793E-02
    9919.843    248.880   8.200  2.17786E-04  2.21268E-04 -1.56454E-02
    9922.976    252.014   8.250  2.17688E-04  2.20949E-04 -1.46785E-02
    9926.129    255.166   8.300  2.17720E-04  2.20630E-04 -1.31206E-02
    9929.301    258.338   8.350  2.17867E-04  2.20312E-04 -1.10411E-02
    9932.492    261.529   8.400  2.18106E-04  2.19993E-04 -8.53553E-03
    9935.702    264.739   8.450  2.18411E-04  2.19674E-04 -5.72257E-03
    9938.931    267.968   8.500  2.18752E-04  2.19355E-04 -2.73952E-03
    9942.179    271.216   8.550  2.19192E-04  2.19131E-04  2.77645E-04
    9945.446    274.483   8.600  2.19610E-04  2.18907E-04  3.20179E-03
    9948.732    277.769   8.650  2.19974E-04  2.18682E-04  5.88580E-03
    9952.037    281.074   8.700  2.20255E-04  2.18458E-04  8.19520E-03
    9955.361    284.398   8.750  2.20427E-04  2.18234E-04  1.00187E-02
    9958.704    287.742   8.800  2.20476E-04  2.18009E-04  1.12775E-02
    9962.067    291.104   8.850  2.20392E-04  2.17785E-04  1.19316E-02
    9965.448    294.485   8.900  2.20175E-04  2.17561E-04  1.19825E-02
    9968.849    297.886   8.950  2.19836E-04  2.17336E-04  1.14712E-02
    9972.268    301.305   9.000  2.19392E-04  2.17112E-04  1.04715E-02
    9975.706    304.744   9.050  2.18979E-04  2.16990E-04  9.14296E-03
    9979.164    308.201   9.100  2.18499E-04  2.16867E-04  7.50561E-03
    9982.641    311.678   9.150  2.17976E-04  2.16745E-04  5.66587E-03
    9986.136    315.174   9.200  2.17432E-04  2.16623E-04  3.72601E-03
    9989.651    318.688   9.250  2.16886E-04  2.16501E-04  1.77766E-03
    9993.185    322.222   9.300  2.16356E-04  2.16378E-04 -1.01705E-04
    9996.738    325.775   9.350  2.15855E-04  2.16256E-04 -1.84949E-03
   10000.309    329.347   9.400  2.15394E-04  2.16134E-04 -3.41667E-03
   10003.900    332.938   9.450  2.14980E-04  2.16011E-04 -4.76540E-03
   10007.510    336.548   9.500  2.14620E-04  2.15889E-04 -5.86652E-03
   10011.139    340.177   9.550  2.14296E-04  2.15753E-04 -6.74694E-03
   10014.787    343.825   9.600  2.14032E-04  2.15618E-04 -7.34578E-03
   10018.455    347.492   9.650  2.13832E-04  2.15482E-04 -7.64873E-03
   10022.141    351.178   9.700  2.13698E-04  2.15347E-04 -7.64943E-03
   10025.846    354.883   9.750  2.13628E-04  2.15211E-04 -7.35116E-03
   10029.570    358.607   9.800  2.13619E-04  2.15076E-04 -6.76852E-03
   10033.313    362.351   9.850  2.13665E-04  2.14941E-04 -5.92827E-03
   10037.076    366.113   9.900  2.13758E-04  2.14805E-04 -4.86933E-03
   10040.857    369.894   9.950  2.13887E-04  2.14670E-04 -3.64153E-03
   10044.658    373.695  10.000  2.14040E-04  2.14534E-04 -2.30326E-03
   10048.477    377.514  10.050  2.14085E-04  2.14282E-04 -9.15400E-04
   10052.316    381.353  10.100  2.14129E-04  2.14029E-04  4.68548E-04
   10056.173    385.211  10.150  2.14158E-04  2.13777E-04  1.78529E-03
   10060.050    389.087  10.200  2.14160E-04  2.13524E-04  2.97668E-03
   10063.946    392.983  10.250  2.14124E-04  2.13272E-04  3.99322E-03
   10067.860    396.898  10.300  2.14041E-04  2.13019E-04  4.79683E-03
   10071.794    400.832  10.350  2.13908E-04  2.12767E-04  5.36242E-03
   10075.747    404.784  10.400  2.13721E-04  2.12514E-04  5.67826E-03
   10079.719    408.756  10.450  2.13481E-04  2.12262E-04  5.74524E-03
   10083.710    412.747  10.500  2.13191E-04  2.12009E-04  5.57523E-03
   10087.720    416.757  10.550  2.12856E-04  2.11757E-04  5.18895E-03
   10091.749    420.786  10.600  2.12480E-04  2.11504E-04  4.61377E-03
   10095.797    424.834  10.650  2.12072E-04  2.11252E-04  3.88173E-03
   10099.864    428.902  10.700  2.11638E-04  2.10999E-04  3.02802E-03
   10103.951    432.988  10.750  2.11187E-04  2.10747E-04  2.08984E-03
   10108.056    437.093  10.800  2.10727E-04  2.10494E-04  1.10569E-03
   10112.180    441.217  10.850  2.10266E-04  2.10242E-04  1.14694E-04
   10116.323    445.361  10.900  2.09812E-04  2.09990E-04 -8.44162E-04
   10120.486    449.523  10.950  2.09374E-04  2.09737E-04 -1.73308E-03
   10124.667    453.705  11.000  2.08958E-04  2.09485E-04 -2.51687E-03
   10128.868    457.905  11.050  2.08602E-04  2.09270E-04 -3.19474E-03
   10133.087    462.125  11.100  2.08278E-04  2.09056E-04 -3.72229E-03
   10137.326    466.363  11.150  2.07990E-04  2.08842E-04 -4.07844E-03
   10141.584    470.621  11.200  2.07741E-04  2.08627E-04 -4.24986E-03
   10145.860    474.898  11.250  2.07531E-04  2.08413E-04 -4.23196E-03
   10150.156    479.193  11.300  2.07360E-04  2.08199E-04 -4.02935E-03
   10154.471    483.508  11.350  2.07224E-04  2.07985E-04 -3.65563E-03
   10158.805    487.842  11.400  2.07119E-04  2.07770E-04 -3.13261E-03
   10163.158    492.195  11.450  2.07039E-04  2.07556E-04 -2.48894E-03
   10167.530    496.567  11.500  2.06977E-04  2.07342E-04 -1.75844E-03
   10171.921    500.958  11.550  2.06925E-04  2.07127E-04 -9.78071E-04
   10176.331    505.368  11.600  2.06875E-04  2.06913E-04 -1.85984E-04
   10180.760    509.797  11.650  2.06819E-04  2.06699E-04  5.80550E-04
   10185.208    514.245  11.700  2.06751E-04  2.06485E-04  1.28701E-03
   10189.675    518.712  11.750  2.06664E-04  2.06270E-04  1.90331E-03
   10194.161    523.199  11.800  2.06553E-04  2.06056E-04  2.40523E-03
   10198.667    527.704  11.850  2.06414E-04  2.05842E-04  2.77539E-03
   10203.191    532.228  11.900  2.06246E-04  2.05627E-04  3.00388E-03
   10207.735    536.772  11.950  2.06049E-04  2.05413E-04  3.08835E-03
   10212.297    541.334  12.000  2.05823E-04  2.05199E-04  3.03355E-03
   10216.878    545.916  12.050  2.05571E-04  2.04979E-04  2.88300E-03
   10221.479    550.516  12.100  2.05294E-04  2.04758E-04  2.60925E-03
   10226.099    555.136  12.150  2.04995E-04  2.04538E-04  2.22876E-03
   10230.737    559.775  12.200  2.04678E-04  2.04317E-04  1.76230E-03
   10235.395    564.432  12.250  2.04349E-04  2.04097E-04  1.23392E-03
   10240.072    569.109  12.300  2.04014E-04  2.03877E-04  6.69684E-04
   10244.768    573.805  12.350  2.03676E-04  2.03656E-04  9.63645E-05
   10249.482    578.520  12.400  2.03342E-04  2.03436E-04 -4.59946E-04
   10254.216    583.254  12.450  2.03017E-04  2.03216E-04 -9.75039E-04
   10258.969    588.007  12.500  2.02705E-04  2.02995E-04 -1.42762E-03
   10263.741    592.779  12.550  2.02409E-04  2.02775E-04 -1.80007E-03
   10268.532    597.570  12.600  2.02132E-04  2.02554E-04 -2.07900E-03
   10273.342    602.380  12.650  2.01877E-04  2.02334E-04 -2.25555E-03
   10278.172    607.209  12.700  2.01643E-04  2.02114E-04 -2.32560E-03
   10283.020    612.057  12.750  2.01430E-04  2.01893E-04 -2.28979E-03
   10287.887    616.924  12.800  2.01238E-04  2.01673E-04 -2.15353E-03
   10292.773    621.811  12.850  2.01063E-04  2.01453E-04 -1.92667E-03
   10297.679    626.716  12.900  2.00905E-04  2.01232E-04 -1.62313E-03
   10302.603    631.640  12.950  2.00758E-04  2.01012E-04 -1.26018E-03
   10307.547    636.584  13.000  2.00619E-04  2.00791E-04 -8.57436E-04
   10312.509    641.546  13.050  2.00412E-04  2.00501E-04 -4.40474E-04
   10317.491    646.528  13.100  2.00206E-04  2.00210E-04 -1.95908E-05
   10322.491    651.528  13.150  1.99997E-04  1.99919E-04  3.85997E-04
   10327.511    656.548  13.200  1.99780E-04  1.99629E-04  7.58594E-04
   10332.550    661.587  13.250  1.99554E-04  1.99338E-04  1.08286E-03
   10337.607    666.645  13.300  1.99316E-04  1.99047E-04  1.34646E-03
   10342.684    671.721  13.350  1.99064E-04  1.98757E-04  1.54051E-03
   10347.780    676.817  13.400  1.98796E-04  1.98466E-04  1.65976E-03
   10352.895    681.932  13.450  1.98513E-04  1.98175E-04  1.70257E-03
   10358.029    687.066  13.500  1.98216E-04  1.97884E-04  1.67069E-03
   10363.182    692.219  13.550  1.97905E-04  1.97594E-04  1.56897E-03
   10368.354    697.391  13.600  1.97581E-04  1.97303E-04  1.40492E-03
   10373.545    702.582  13.650  1.97247E-04  1.97012E-04  1.18825E-03
   10378.755    707.792  13.700  1.96905E-04  1.96722E-04  9.30427E-04
   10383.984    713.022  13.750  1.96558E-04  1.96431E-04  6.44097E-04
   10389.233    718.270  13.800  1.96208E-04  1.96140E-04  3.42590E-04
   10394.500    723.537  13.850  1.95857E-04  1.95850E-04  3.93496E-05
   10399.786    728.824  13.900  1.95509E-04  1.95559E-04 -2.52609E-04
   10405.092    734.129  13.950  1.95166E-04  1.95268E-04 -5.21213E-04
   10410.416    739.453  14.000  1.94830E-04  1.94977E-04 -7.55801E-04
   10415.760    744.797  14.050  1.94558E-04  1.94745E-04 -9.59809E-04
   10421.122    750.159  14.100  1.94295E-04  1.94513E-04 -1.11622E-03
   10426.504    755.541  14.150  1.94043E-04  1.94280E-04 -1.21895E-03
   10431.904    760.942  14.200  1.93802E-04  1.94048E-04 -1.26448E-03
   10437.324    766.361  14.250  1.93572E-04  1.93815E-04 -1.25207E-03
   10442.763    771.800  14.300  1.93353E-04  1.93583E-04 -1.18378E-03
   10448.221    777.258  14.350  1.93144E-04  1.93351E-04 -1.06427E-03
   10453.698    782.735  14.400  1.92944E-04  1.93118E-04 -9.00593E-04
   10459.193    788.231  14.450  1.92750E-04  1.92886E-04 -7.01666E-04
   10464.708    793.746  14.500  1.92561E-04  1.92653E-04 -4.77792E-04
   10470.242    799.280  14.550  1.92375E-04  1.92421E-04 -2.40064E-04
   10475.795    804.833  14.600  1.92189E-04  1.92189E-04  2.13183E-07
   10481.368    810.405  14.650  1.92001E-04  1.91956E-04  2.32054E-04
   10486.959    815.996  14.700  1.91809E-04  1.91724E-04  4.45275E-04
   10492.569    821.606  14.750  1.91612E-04  1.91491E-04  6.30913E-04
   10498.198    827.235  14.800  1.91409E-04  1.91259E-04  7.81582E-04
   10503.846    832.884  14.850  1.91197E-04  1.91026E-04  8.91759E-04
   10509.514    838.551  14.900  1.90977E-04  1.90794E-04  9.57993E-04
   10515.200    844.237  14.950  1.90749E-04  1.90562E-04  9.79000E-04
   10520.906    849.943  15.000  1.90512E-04  1.90329E-04  9.55639E-04
   10526.630    855.667  15.050  1.90209E-04  1.90038E-04  8.97297E-04
   10532.374    861.411  15.100  1.89899E-04  1.89747E-04  8.02019E-04
   10538.136    867.174  15.150  1.89584E-04  1.89455E-04  6.74792E-04
   10543.918    872.955  15.200  1.89263E-04  1.89164E-04  5.21827E-04
   10549.719    878.756  15.250  1.88939E-04  1.88873E-04  3.50322E-04
   10555.538    884.576  15.300  1.88614E-04  1.88582E-04  1.68185E-04
   10561.377    890.414  15.350  1.88287E-04  1.88290E-04 -1.62790E-05
   10567.235    896.272  15.400  1.87963E-04  1.87999E-04 -1.94728E-04
   10573.112    902.149  15.450  1.87640E-04  1.87708E-04 -3.59178E-04
   10579.008    908.045  15.500  1.87322E-04  1.87417E-04 -5.02412E-04
   10584.923    913.960  15.550  1.87010E-04  1.87126E-04 -6.18369E-04
   10590.857    919.894  15.600  1.86703E-04  1.86834E-04 -7.02471E-04
   10596.810    925.847  15.650  1.86402E-04  1.86543E-04 -7.51858E-04
   10602.782    931.819  15.700  1.86109E-04  1.86252E-04 -7.65512E-04
   10608.773    937.811  15.750  1.85822E-04  1.85961E-04 -7.44244E-04
   10614.784    943.821  15.800  1.85541E-04  1.85669E-04 -6.90584E-04
   10620.813    949.850  15.850  1.85265E-04  1.85378E-04 -6.08552E-04
   10626.861    955.899  15.900  1.84993E-04  1.85087E-04 -5.03375E-04
   10632.929    961.966  15.950  1.84725E-04  1.84796E-04 -3.81132E-04
   10639.015    968.052  16.000  1.84458E-04  1.84504E-04 -2.48385E-04
   10645.121    974.158  16.050  1.84204E-04  1.84225E-04 -1.14966E-04
   10651.245    980.282  16.100  1.83949E-04  1.83946E-04  1.71072E-05
   10657.389    986.426  16.150  1.83693E-04  1.83666E-04  1.42462E-04
   10663.551    992.589  16.200  1.83434E-04  1.83387E-04  2.56398E-04
   10669.733    998.770  16.250  1.83173E-04  1.83108E-04  3.55003E-04
   10675.934   1004.971  16.300  1.82908E-04  1.82829E-04  4.35210E-04
   10682.154   1011.191  16.350  1.82640E-04  1.82549E-04  4.94810E-04
   10688.393   1017.430  16.400  1.82367E-04  1.82270E-04  5.32432E-04
   10694.650   1023.688  16.450  1.82091E-04  1.81991E-04  5.47521E-04
   10700.927   1029.965  16.500  1.81810E-04  1.81711E-04  5.40301E-04
   10707.223   1036.261  16.550  1.81525E-04  1.81432E-04  5.11758E-04
   10713.538   1042.576  16.600  1.81237E-04  1.81153E-04  4.63613E-04
   10719.873   1048.910  16.650  1.80946E-04  1.80873E-04  3.98297E-04
   10726.226   1055.263  16.700  1.80652E-04  1.80594E-04  3.18899E-04
   10732.598   1061.635  16.750  1.80356E-04  1.80315E-04  2.29084E-04
   10738.989   1068.026  16.800  1.80060E-04  1.80036E-04  1.32970E-04
   10745.399   1074.437  16.850  1.79763E-04  1.79756E-04  3.49486E-05
   10751.829   1080.866  16.900  1.79466E-04  1.79477E-04 -6.05298E-05
   10758.277   1087.314  16.950  1.79171E-04  1.79198E-04 -1.49201E-04
   10764.745   1093.782  17.000  1.78878E-04  1.78918E-04 -2.27240E-04
   10771.231   1100.268  17.050  1.78590E-04  1.78643E-04 -2.94612E-04
   10777.737   1106.774  17.100  1.78306E-04  1.78368E-04 -3.46151E-04
   10784.261   1113.299  17.150  1.78024E-04  1.78092E-04 -3.80110E-04
   10790.805   1119.842  17.200  1.77746E-04  1.77817E-04 -3.95721E-04
   10797.368   1126.405  17.250  1.77471E-04  1.77541E-04 -3.93175E-04
   10803.949   1132.987  17.300  1.77200E-04  1.77266E-04 -3.73543E-04
   10810.550   1139.587  17.350  1.76930E-04  1.76990E-04 -3.38640E-04
   10817.170   1146.207  17.400  1.76664E-04  1.76715E-04 -2.90866E-04
   10823.809   1152.846  17.450  1.76398E-04  1.76440E-04 -2.33030E-04
   10830.467   1159.504  17.500  1.76135E-04  1.76164E-04 -1.68185E-04
   10837.144   1166.181  17.550  1.75871E-04  1.75889E-04 -9.94763E-05
   10843.840   1172.877  17.600  1.75608E-04  1.75613E-04 -3.00121E-05
   10850.555   1179.592  17.650  1.75344E-04  1.75338E-04  3.72463E-05
   10857.289   1186.326  17.700  1.75080E-04  1.75063E-04  9.95770E-05
   10864.042   1193.080  17.750  1.74814E-04  1.74787E-04  1.54577E-04
   10870.815   1199.852  17.800  1.74547E-04  1.74512E-04  2.00233E-04
   10877.606   1206.643  17.850  1.74277E-04  1.74236E-04  2.34984E-04
   10884.416   1213.454  17.900  1.74006E-04  1.73961E-04  2.57779E-04
   10891.246   1220.283  17.950  1.73732E-04  1.73685E-04  2.68115E-04
   10898.094   1227.131  18.000  1.73456E-04  1.73410E-04  2.66063E-04
   10904.962   1233.999  18.050  1.73146E-04  1.73102E-04  2.55636E-04
   10911.848   1240.885  18.100  1.72835E-04  1.72794E-04  2.34399E-04
   10918.754   1247.791  18.150  1.72522E-04  1.72486E-04  2.03613E-04
   10925.678   1254.716  18.200  1.72207E-04  1.72179E-04  1.64987E-04
   10932.622   1261.659  18.250  1.71891E-04  1.71871E-04  1.20589E-04
   10939.585   1268.622  18.300  1.71575E-04  1.71563E-04  7.27253E-05
   10946.567   1275.604  18.350  1.71259E-04  1.71255E-04  2.38046E-05
   10953.567   1282.605  18.400  1.70943E-04  1.70947E-04 -2.38064E-05
   10960.587   1289.625  18.450  1.70628E-04  1.70639E-04 -6.79224E-05
   10967.626   1296.664  18.500  1.70313E-04  1.70331E-04 -1.06660E-04
   10974.684   1303.722  18.550  1.70000E-04  1.70023E-04 -1.38530E-04
   10981.761   1310.799  18.600  1.69688E-04  1.69716E-04 -1.62497E-04
   10988.857   1317.895  18.650  1.69378E-04  1.69408E-04 -1.77993E-04
   10995.973   1325.010  18.700  1.69069E-04  1.69100E-04 -1.84910E-04
   11003.107   1332.144  18.750  1.68761E-04  1.68792E-04 -1.83550E-04
   11010.260   1339.297  18.800  1.68455E-04  1.68484E-04 -1.74564E-04
   11017.432   1346.470  18.850  1.68150E-04  1.68176E-04 -1.58876E-04
   11024.624   1353.661  18.900  1.67845E-04  1.67868E-04 -1.37610E-04
   11031.834   1360.871  18.950  1.67542E-04  1.67561E-04 -1.12021E-04
   11039.064   1368.101  19.000  1.67239E-04  1.67253E-04 -8.34377E-05
   11046.312   1375.349  19.050  1.66968E-04  1.66977E-04 -5.41318E-05
   11053.580   1382.617  19.100  1.66697E-04  1.66701E-04 -2.38541E-05
   11060.866   1389.903  19.150  1.66426E-04  1.66425E-04  6.20044E-06
   11068.172   1397.209  19.200  1.66155E-04  1.66149E-04  3.48707E-05
   11075.497   1404.534  19.250  1.65884E-04  1.65874E-04  6.10587E-05
   11082.840   1411.877  19.300  1.65612E-04  1.65598E-04  8.37637E-05
   11090.203   1419.240  19.350  1.65339E-04  1.65322E-04  1.02122E-04
   11097.585   1426.622  19.400  1.65065E-04  1.65046E-04  1.15449E-04
   11104.986   1434.023  19.450  1.64791E-04  1.64770E-04  1.23284E-04
   11112.406   1441.443  19.500  1.64515E-04  1.64495E-04  1.25421E-04
   11119.845   1448.882  19.550  1.64239E-04  1.64219E-04  1.21939E-04
   11127.303   1456.340  19.600  1.63962E-04  1.63943E-04  1.13201E-04
   11134.780   1463.817  19.650  1.63684E-04  1.63667E-04  9.98470E-05
   11142.276   1471.313  19.700  1.63405E-04  1.63391E-04  8.27485E-05
   11149.791   1478.828  19.750  1.63126E-04  1.63116E-04  6.29562E-05
   11157.325   1486.363  19.800  1.62847E-04  1.62840E-04  4.16245E-05
   11164.879   1493.916  19.850  1.62567E-04  1.62564E-04  1.99307E-05
   11172.451   1501.488  19.900  1.62288E-04  1.62288E-04 -1.00658E-06
   11180.042   1509.080  19.950  1.62009E-04  1.62012E-04 -2.01991E-05
   11187.653   1516.690  20.000  1.61731E-04  1.61737E-04 -3.68458E-05
