# # Once                                                         FEFF 10.0.0 
# # POT  SCF 100  9.0000   0, NO core-hole, FOLP (folp(0)= 1.150)
# # Abs   Z=30 Rmt= 1.378 Rnm= 1.522 K  shell
# #   RGRID 0.0100
# # Pot 1 Z= 6 Rmt= 0.897 Rnm= 1.122
# # Pot 2 Z= 6 Rmt= 0.923 Rnm= 1.165
# # Pot 3 Z= 1 Rmt= 0.551 Rnm= 0.958
# # Pot 4 Z=16 Rmt= 1.259 Rnm= 1.480
# # Gam_ch=1.897E+00 H-L exch Vi=-5.000E-01 Vr= 0.000E+00
# # Mu=-7.338E+00eV kf=1.973E+00 Vint=-1.292E+01eV Rs_int= 1.838
# # PATH  Rmax= 9.000,  Keep_limit= 0.00, Heap_limit 0.00  Pwcrit= 2.50%
#  S02=1.000  Temp=  10.00  Debye_temp= 315.00  Global_sig2= 0.00000
#  Energy zero shift, vr, vi    0.00000E+00   0.00000E+00
#  Curved wave amplitude ratio filter   4.000%
#     file         sig2 tot  cw amp ratio   deg  nlegs   reff  inp sig2
#           1       0.00300    100.00      1.00     2   2.3544
#           2       0.00305     99.34      1.00     2   2.3607
#           3       0.00311     98.50      1.00     2   2.3690
#           4       0.00314     98.43      1.00     2   2.3697
#           5       0.02662     15.03      1.00     2   3.0012
#           6       0.02647     12.94      1.00     2   3.1912
#           7       0.02935     12.68      1.00     2   3.2175
#           8       0.03259     12.62      1.00     2   3.2240
#           9       0.02981     12.24      1.00     2   3.2644
#          10       0.00602     42.34      1.00     2   3.2969
#          11       0.00659     42.27      1.00     2   3.2990
#          12       0.00600     41.92      1.00     2   3.3099
#          13       0.00593     39.45      1.00     2   3.3909
#          14       0.03497     11.07      1.00     2   3.4011
#          15       0.01340     20.41      2.00     3   3.6966
#          16       0.00419     49.76      2.00     3   3.7413
#          17       0.00418     49.81      2.00     3   3.7455
#          18       0.00437     49.29      2.00     3   3.7475
#          19       0.01049     30.46      1.00     2   3.7584
#          20       0.00426     48.53      2.00     3   3.7930
#          21       0.01414     14.07      2.00     3   3.8098
#          22       0.01442     12.95      2.00     3   3.8269
#          23       0.01293     15.80      2.00     3   3.8371
#          24       0.03717      8.17      1.00     2   3.8452
#          25       0.01131     28.07      1.00     2   3.8807
#          26       0.01620      9.56      2.00     3   3.8895
#          27       0.01627      9.13      2.00     3   3.9824
#          28       0.01674      9.17      2.00     3   3.9881
#          29       0.01681      9.00      2.00     3   4.0154
#          30       0.01776     20.83      2.00     3   4.0378
#          31       0.03439      7.20      1.00     2   4.0465
#          32       0.01963      7.11      1.00     2   4.0668
#          33       0.02506     12.31      1.00     4   4.0942
#          34       0.00970      4.55      2.00     4   4.1451
#          35       0.00447     17.99      1.00     4   4.1810
#          36       0.00450     18.35      1.00     4   4.1858
#          37       0.01943     17.36      2.00     3   4.1874
#          38       0.00457     15.42      1.00     4   4.1951
#          39       0.00457     18.20      1.00     4   4.1960
#          40       0.01105     22.90      1.00     2   4.1999
#          41       0.01347     22.24      2.00     3   4.2295
#          42       0.03571      6.42      1.00     2   4.2354
#          43       0.00427     11.27      2.00     3   4.2366
#          44       0.00998      5.02      2.00     4   4.2392
#          46       0.01502      6.37      1.00     2   4.2470
#          47       0.00432     11.74      2.00     3   4.2541
#          48       0.00426     11.61      2.00     3   4.2579
#          49       0.01282      6.33      1.00     2   4.2589
#          51       0.01212      6.28      1.00     2   4.2719
#          52       0.00464     11.54      2.00     3   4.2780
#          53       0.02332     10.50      1.00     4   4.2832
#          54       0.00858     21.75      1.00     2   4.2838
#          55       0.00632     25.08      2.00     3   4.2853
#          56       0.02576     10.13      1.00     4   4.3096
#          57       0.03286     10.77      1.00     4   4.3171
#          58       0.01091     28.18      2.00     3   4.3311
#          59       0.01109     27.19      2.00     3   4.3311
#          60       0.00631     22.99      2.00     3   4.3534
#          61       0.02614      9.69      1.00     4   4.3569
#          62       0.00440     14.05      2.00     3   4.3597
#          63       0.01158     23.32      2.00     3   4.3656
#          64       0.00439     14.11      2.00     3   4.3685
#          65       0.03466      5.87      1.00     2   4.3860
#          66       0.01131     35.02      1.00     4   4.3903
#          67       0.01160     19.39      1.00     4   4.3922
#          68       0.01121     32.40      1.00     4   4.4033
#          69       0.02069      4.65      2.00     3   4.4132
#          70       0.01338      9.44      2.00     3   4.4203
#          71       0.00587     18.62      2.00     3   4.4622
#          72       0.01094     23.80      1.00     4   4.4842
#          73       0.03668      9.39      1.00     4   4.4941
#          74       0.01194     12.23      2.00     3   4.5002
#          75       0.01260     11.56      2.00     3   4.5055
#          76       0.01176     12.24      2.00     3   4.5108
#          77       0.00605     18.56      2.00     3   4.5243
#          78       0.02018     11.65      2.00     3   4.5434
#          79       0.00592     27.77      2.00     3   4.5497
#          80       0.00613     21.34      2.00     3   4.5538
#          81       0.01147      8.38      2.00     4   4.5646
#          82       0.02040     11.05      2.00     3   4.5692
#          83       0.00952     29.97      2.00     4   4.5700
#          84       0.00950     28.76      2.00     4   4.5724
#          85       0.01717      8.23      2.00     4   4.5759
#          86       0.00968     16.43      2.00     4   4.5830
#          87       0.01371      6.01      2.00     3   4.5848
#          88       0.01812      4.12      2.00     3   4.5999
#          89       0.02814      4.05      2.00     3   4.6128
#          90       0.01764      4.07      2.00     3   4.6185
#          91       0.01315      6.42      2.00     3   4.6227
#          92       0.00958     23.42      2.00     4   4.6241
#          93       0.02157      6.01      2.00     4   4.6271
#          95       0.01185      8.69      2.00     4   4.6601
#          96       0.01975      4.99      1.00     2   4.6755
#          97       0.01080     16.38      2.00     4   4.6780
#          98       0.02078     11.40      2.00     3   4.6799
#          99       0.00599     18.87      2.00     3   4.6855
#         100       0.01722      9.70      2.00     4   4.6907
#         101       0.01741      9.88      2.00     4   4.7072
#         102       0.00599     12.37      1.00     4   4.7087
#         103       0.01774      8.36      2.00     3   4.7116
#         104       0.02347      5.17      2.00     3   4.7137
#         106       0.01113      8.68      2.00     3   4.7176
#         107       0.01645      8.45      2.00     4   4.7185
#         108       0.00609     12.20      1.00     4   4.7215
#         109       0.00545     19.54      2.00     3   4.7234
#         111       0.00472      7.82      2.00     4   4.7241
#         112       0.00475      7.97      2.00     4   4.7298
#         113       0.00522     12.54      2.00     4   4.7297
#         115       0.00621     11.99      1.00     4   4.7380
#         117       0.00627     11.98      1.00     4   4.7394
#         118       0.01409      6.51      1.00     4   4.7415
#         119       0.02898      4.79      1.00     2   4.7499
#         120       0.01408      6.58      1.00     4   4.7498
#         121       0.01768      4.43      2.00     3   4.7526
#         122       0.01415      5.75      1.00     4   4.7640
#         123       0.01560     20.24      2.00     3   4.7647
#         124       0.00955     20.73      2.00     4   4.7666
#         125       0.00997     19.15      2.00     4   4.7677
#         126       0.01167      7.08      2.00     3   4.7702
#         128       0.00945     21.02      2.00     4   4.7755
#         130       0.01979      4.71      1.00     2   4.7827
#         131       0.00542     10.11      2.00     4   4.7889
#         132       0.01902     12.47      2.00     5   4.7898
#         133       0.01231     16.64      2.00     5   4.7897
#         134       0.02509      5.23      2.00     3   4.8017
#         135       0.00636      6.95      1.00     4   4.8122
#         136       0.01964      5.36      2.00     4   4.8118
#         137       0.00670     19.42      1.00     4   4.8156
#         138       0.01296      6.84      2.00     4   4.8153
#         139       0.02605      5.57      2.00     4   4.8228
#         140       0.00632      4.57      1.00     4   4.8261
#         141       0.02003      5.22      2.00     4   4.8309
#         143       0.00938     57.01      2.00     5   4.8347
#         146       0.00934     54.08      2.00     5   4.8388
#         147       0.00965     32.03      2.00     5   4.8407
#         148       0.01690      4.82      2.00     3   4.8475
#         149       0.01507      5.91      1.00     4   4.8514
#         150       0.01269      7.24      2.00     4   4.8532
#         151       0.01349     22.75      1.00     4   4.8539
#         154       0.01984      5.06      2.00     4   4.8611
#         155       0.02476      5.41      2.00     3   4.8772
#         156       0.01574     18.60      2.00     3   4.8794
#         157       0.02367      4.47      1.00     2   4.8812
#         158       0.00936     43.19      2.00     5   4.8863
#         160       0.02017     14.21      2.00     5   4.9031
#         161       0.00652      9.17      1.00     4   4.9077
#         162       0.01379     11.31      2.00     5   4.9194
#         163       0.02299      4.13      2.00     4   4.9208
#         164       0.02054     14.32      2.00     5   4.9203
#         165       0.01212      9.52      2.00     4   4.9231
#         166       0.02118      8.48      2.00     4   4.9252
#         167       0.01686      5.21      2.00     3   4.9296
#         168       0.01858     12.68      2.00     5   4.9304
#         169       0.04193      6.84      1.00     4   4.9386
#         170       0.01212     10.01      2.00     4   4.9473
#         171       0.00552      9.75      2.00     4   4.9559
#         172       0.01718      6.18      1.00     4   4.9738
#         174       0.01369     20.38      1.00     4   4.9761
#         176       0.01160     10.81      2.00     4   4.9775
#         177       0.01492      4.59      2.00     5   4.9806
#         178       0.01385     12.02      2.00     4   4.9835
#         179       0.02800      5.02      2.00     4   4.9866
#         180       0.00511     11.42      2.00     4   4.9891
#         181       0.00512     15.99      2.00     4   4.9893
#         182       0.00508      9.99      2.00     4   4.9970
#         183       0.00513     16.55      2.00     4   4.9982
#         184       0.01208      8.15      2.00     4   5.0000
#         185       0.00959     24.38      2.00     5   5.0080
#         186       0.01054      9.19      2.00     5   5.0091
#         187       0.00843      4.96      2.00     3   5.0116
#         188       0.00961     25.00      2.00     5   5.0145
#         190       0.01876     10.35      2.00     3   5.0214
#         192       0.00968     20.91      2.00     5   5.0262
#         194       0.00964     12.66      2.00     5   5.0315
#         195       0.00504      9.91      2.00     4   5.0395
#         196       0.02504      5.18      2.00     4   5.0440
#         198       0.02365      7.02      2.00     3   5.0609
#         199       0.01922      4.07      1.00     2   5.0621
#         200       0.01398      6.47      2.00     3   5.0682
#         202       0.01461      8.19      2.00     4   5.0703
#         203       0.01511      5.18      2.00     5   5.0703
#         204       0.01598      5.30      2.00     5   5.0722
#         205       0.02287      7.49      2.00     4   5.0747
#         206       0.01884      4.00      1.00     2   5.0931
#         208       0.01643      6.38      2.00     4   5.0954
#         209       0.01134      9.39      2.00     5   5.0956
#         211       0.01626      5.20      2.00     5   5.1001
#         212       0.01267      5.59      2.00     4   5.1097
#         213       0.01711      5.56      2.00     4   5.1116
#         214       0.00712      5.05      2.00     3   5.1141
#         215       0.02247      8.35      2.00     3   5.1202
#         216       0.01381      6.53      2.00     5   5.1206
#         217       0.00692      8.97      1.00     4   5.1219
#         218       0.01410      8.68      2.00     4   5.1241
#         219       0.00717      8.87      1.00     4   5.1253
#         220       0.01414      6.87      2.00     3   5.1280
#         221       0.01495     10.61      2.00     3   5.1291
#         222       0.02184      6.98      2.00     5   5.1308
#         223       0.06657     16.43      2.00     5   5.1309
#         224       0.02062     13.21      2.00     5   5.1332
#         225       0.00705      8.99      1.00     4   5.1366
#         226       0.03432      5.94      1.00     4   5.1394
#         227       0.01185      7.62      2.00     4   5.1498
#         229       0.00732      5.17      2.00     3   5.1525
#         230       0.01620      6.09      2.00     3   5.1525
#         231       0.01427      8.52      2.00     4   5.1526
#         232       0.01174      4.90      2.00     4   5.1554
#         233       0.01177     14.77      2.00     4   5.1574
#         234       0.01592      5.13      1.00     4   5.1600
#         236       0.00563      4.29      1.00     4   5.1629
#         237       0.00574      5.21      1.00     4   5.1660
#         238       0.00570      4.70      1.00     4   5.1680
#         240       0.01279      6.32      2.00     4   5.1711
#         241       0.01561      7.46      2.00     3   5.1716
#         242       0.01502     15.03      2.00     3   5.1788
#         243       0.02585      4.68      2.00     4   5.1861
#         244       0.05234     12.20      1.00     6   5.1873
#         245       0.01263     17.02      2.00     5   5.2132
#         246       0.01186      6.62      2.00     4   5.2171
#         247       0.00702      8.87      1.00     4   5.2169
#         248       0.01170      5.72      2.00     4   5.2235
#         249       0.01172     15.29      2.00     4   5.2247
#         250       0.01363     13.60      2.00     3   5.2363
#         252       0.01709      9.36      2.00     6   5.2384
#         253       0.00588     10.86      2.00     5   5.2566
#         254       0.00572     10.17      2.00     5   5.2616
#         255       0.00554     34.31      2.00     5   5.2642
#         256       0.02274      6.02      2.00     4   5.2673
#         257       0.01728      5.37      2.00     5   5.2697
#         258       0.00929      4.32      1.00     6   5.2731
#         259       0.00981     25.22      1.00     6   5.2744
#         261       0.01501      8.57      2.00     3   5.2789
#         262       0.00991     26.22      1.00     6   5.2792
#         263       0.02503      6.61      2.00     5   5.2805
#         264       0.07069     13.75      2.00     5   5.2804
#         265       0.02135     11.66      2.00     5   5.2828
#         266       0.00914      7.55      1.00     6   5.2871
#         267       0.00977     21.01      1.00     6   5.2884
#         268       0.00969      8.42      1.00     6   5.2891
#         269       0.01005     14.25      1.00     6   5.2893
#         270       0.01286     13.42      2.00     4   5.2916
#         271       0.01680      6.23      1.00     4   5.2929
#         272       0.01382     15.41      1.00     4   5.2954
#         273       0.02615      6.02      2.00     3   5.3054
#         274       0.01765      4.87      2.00     4   5.3056
#         275       0.01445      7.53      2.00     3   5.3091
#         276       0.00570     20.10      2.00     5   5.3098
#         277       0.02227     19.65      2.00     5   5.3227
#         278       0.01198     10.12      2.00     5   5.3252
#         279       0.01308      8.59      2.00     5   5.3259
#         281       0.01262      8.99      2.00     4   5.3324
#         282       0.01782     10.35      2.00     6   5.3325
#         284       0.01981      4.26      2.00     4   5.3381
#         285       0.01935     10.85      2.00     6   5.3387
#         286       0.01335      7.35      2.00     5   5.3422
#         287       0.01699      4.79      2.00     4   5.3442
#         288       0.01275     13.18      2.00     4   5.3521
#         289       0.01258     12.33      2.00     5   5.3539
#         290       0.02409      4.66      1.00     4   5.3592
#         291       0.02743      7.76      2.00     4   5.3619
#         293       0.01975     10.84      2.00     6   5.3648
#         294       0.01214     11.39      2.00     4   5.3680
#         295       0.01982      4.01      2.00     4   5.3698
#         297       0.01456      4.26      2.00     4   5.3700
#         300       0.01121     11.39      2.00     4   5.3746
#         301       0.01311      9.21      2.00     4   5.3753
#         303       0.01499      6.98      1.00     4   5.3769
#         305       0.01182      9.17      2.00     5   5.3783
#         306       0.01088      7.92      2.00     5   5.3784
#         307       0.01196     35.07      2.00     5   5.3787
#         308       0.02287      5.49      2.00     4   5.3792
#         309       0.01188     12.80      1.00     4   5.3794
#         310       0.01988      5.37      2.00     5   5.3811
#         311       0.01104     33.92      2.00     5   5.3807
#         312       0.01093      5.43      2.00     5   5.3869
#         314       0.01223     10.85      2.00     4   5.3950
#         315       0.02298      5.35      2.00     4   5.3960
#         316       0.00694      7.28      2.00     3   5.4015
#         317       0.02727      4.15      2.00     3   5.4029
#         318       0.02213      5.59      2.00     4   5.4064
#         319       0.02754      4.47      2.00     3   5.4088
#         320       0.01660      7.71      2.00     4   5.4105
#         321       0.01175      4.98      2.00     4   5.4167
#         322       0.01125     10.03      2.00     4   5.4194
#         324       0.01120     16.36      2.00     4   5.4220
#         325       0.01919      4.05      2.00     4   5.4219
#         326       0.01145      7.48      2.00     4   5.4239
#         327       0.02279     24.23      2.00     5   5.4245
#         328       0.02244     23.47      2.00     5   5.4245
#         329       0.01147     15.66      2.00     4   5.4257
#         330       0.01165      9.72      2.00     5   5.4260
#         332       0.01669     12.37      2.00     5   5.4291
#         333       0.02336      5.70      2.00     4   5.4313
#         334       0.01066      8.49      2.00     5   5.4320
#         335       0.02250     11.30      2.00     5   5.4328
#         336       0.00488      6.53      2.00     5   5.4326
#         338       0.00490      8.32      2.00     5   5.4336
#         339       0.01666      4.01      2.00     5   5.4368
#         340       0.00495     11.91      2.00     5   5.4378
#         341       0.01491      4.52      2.00     4   5.4407
#         342       0.00499      6.82      2.00     5   5.4415
#         343       0.02806      4.15      2.00     3   5.4458
#         344       0.01100      7.55      2.00     5   5.4464
#         345       0.01187     32.09      2.00     5   5.4468
#         346       0.01230     10.37      2.00     5   5.4465
#         347       0.01095     32.44      2.00     5   5.4488
#         348       0.01436      4.04      2.00     4   5.4516
#         350       0.02394      5.56      2.00     4   5.4565
#         352       0.02144     20.41      2.00     5   5.4589
#         355       0.01644      5.08      2.00     4   5.4635
#         356       0.00647     11.49      2.00     3   5.4642
#         357       0.01479      5.40      1.00     4   5.4646
#         358       0.00644      8.28      2.00     3   5.4649
#         359       0.01152      8.94      2.00     4   5.4685
#         360       0.00661     11.34      2.00     3   5.4695
#         362       0.00646     10.90      2.00     3   5.4769
#         363       0.01170     10.05      2.00     4   5.4802
#         364       0.02070      7.92      2.00     6   5.4828
#         366       0.02324     35.03      1.00     6   5.4837
#         367       0.01997      9.11      2.00     6   5.4853
#         368       0.02361     19.80      1.00     6   5.4854
#         369       0.01128      4.80      2.00     5   5.4856
#         370       0.01546      4.45      2.00     4   5.4921
#         371       0.01064      6.78      2.00     4   5.4947
#         372       0.02039      8.28      2.00     6   5.4954
#         373       0.01231      4.39      2.00     5   5.4969
#         374       0.02301     32.54      1.00     6   5.4967
#         375       0.01243     13.08      2.00     4   5.5022
#         376       0.01361      5.90      2.00     4   5.5071
#         377       0.01222      5.81      2.00     4   5.5127
#         378       0.01851      8.26      2.00     5   5.5135
#         380       0.01288      9.83      2.00     4   5.5164
#         381       0.01151      8.83      2.00     4   5.5230
#         382       0.01130      9.54      2.00     5   5.5229
#         383       0.01725     11.37      2.00     5   5.5238
#         384       0.01152      6.84      2.00     5   5.5262
#         385       0.01116     10.00      2.00     4   5.5285
#         386       0.02297     10.29      2.00     5   5.5293
#         388       0.01342      5.05      2.00     5   5.5309
#         389       0.01701      4.05      2.00     5   5.5314
#         390       0.01242     12.48      2.00     4   5.5327
#         392       0.03280      5.54      2.00     3   5.5502
#         394       0.01359     12.73      2.00     5   5.5531
#         395       0.01579      4.79      2.00     4   5.5546
#         396       0.01080      6.58      2.00     4   5.5554
#         397       0.01461      4.18      1.00     4   5.5560
#         398       0.01404      4.22      2.00     5   5.5561
#         400       0.01062     21.61      2.00     5   5.5577
#         401       0.02741      4.75      2.00     4   5.5609
#         402       0.01649      4.41      2.00     4   5.5628
#         403       0.01258      6.03      2.00     4   5.5635
#         404       0.00792     18.91      2.00     5   5.5663
#         405       0.02420      5.17      2.00     4   5.5675
#         406       0.01246      6.90      2.00     4   5.5686
#         407       0.02019      4.30      2.00     4   5.5696
#         408       0.02127      4.08      2.00     4   5.5692
#         409       0.02040      4.53      2.00     5   5.5703
#         410       0.00794     19.13      2.00     5   5.5721
#         411       0.00796     18.61      2.00     5   5.5738
#         412       0.02236     24.20      1.00     6   5.5775
#         413       0.03332      7.33      2.00     4   5.5784
#         414       0.03044      4.16      2.00     4   5.5865
#         416       0.01747      4.04      2.00     4   5.5917
#         417       0.01801     10.35      2.00     5   5.5936
#         419       0.02191      4.31      2.00     5   5.5952
#         421       0.02147      4.70      2.00     4   5.5993
#         422       0.01767      9.91      2.00     5   5.5988
#         423       0.01634      7.85      2.00     5   5.5989
#         425       0.01938      7.79      2.00     5   5.6003
#         426       0.01055     12.66      2.00     5   5.6019
#         427       0.01804     10.33      2.00     5   5.6042
#         428       0.02938      4.15      2.00     5   5.6071
#         432       0.00542     14.68      2.00     4   5.6144
#         434       0.01100     12.88      2.00     5   5.6159
#         435       0.01239      4.51      2.00     4   5.6175
#         436       0.01221      5.40      2.00     4   5.6176
#         437       0.03087      4.24      2.00     4   5.6188
#         438       0.00815     19.72      2.00     5   5.6190
#         439       0.01072     20.55      2.00     5   5.6197
#         440       0.01191     10.39      2.00     5   5.6339
#         441       0.00536     13.47      2.00     4   5.6346
#         442       0.01261      8.34      2.00     5   5.6364
#         444       0.02690     10.67      2.00     5   5.6364
#         445       0.02305      8.41      2.00     5   5.6389
#         447       0.02251      4.11      2.00     5   5.6417
#         448       0.01128     20.97      2.00     5   5.6429
#         449       0.01223     16.73      2.00     5   5.6428
#         450       0.01180      4.15      2.00     5   5.6437
#         451       0.01160      5.40      2.00     5   5.6447
#         452       0.01045     28.06      2.00     5   5.6453
#         453       0.01131      6.40      2.00     5   5.6471
#         454       0.01157     24.31      2.00     5   5.6471
#         455       0.01223     12.77      2.00     5   5.6468
#         457       0.00536     12.85      2.00     4   5.6491
#         458       0.01074     28.82      2.00     5   5.6493
#         460       0.00709     11.06      2.00     4   5.6512
#         461       0.01178      7.43      2.00     4   5.6521
#         462       0.02041      4.02      2.00     4   5.6517
#         463       0.01277      8.08      2.00     5   5.6519
#         464       0.01909      7.85      2.00     5   5.6524
#         465       0.00949      7.29      2.00     4   5.6576
#         466       0.01758      5.74      2.00     6   5.6576
#         467       0.01715     25.32      2.00     6   5.6580
#         468       0.07534      8.41      2.00     6   5.6578
#         469       0.01075      4.57      2.00     5   5.6590
#         470       0.00751     10.85      2.00     4   5.6597
#         471       0.02330      9.80      2.00     6   5.6601
#         472       0.01071     12.89      2.00     5   5.6602
#         473       0.02629      5.58      2.00     5   5.6622
#         474       0.01208     18.68      2.00     6   5.6618
#         475       0.01150      8.69      2.00     5   5.6631
#         476       0.01850     29.26      2.00     6   5.6634
#         477       0.00951      7.30      2.00     4   5.6643
#         478       0.01118      8.93      2.00     4   5.6644
#         481       0.02233      8.64      2.00     5   5.6647
#         482       0.01860     28.14      2.00     6   5.6658
#         484       0.01031      7.20      2.00     4   5.6687
#         485       0.08434      8.20      2.00     6   5.6689
#         486       0.02150      8.25      2.00     6   5.6691
#         487       0.01518      6.62      2.00     6   5.6713
#         489       0.01513      6.51      2.00     6   5.6737
#         490       0.01085      9.02      2.00     4   5.6758
#         491       0.01997     16.57      2.00     6   5.6762
#         492       0.01430     13.33      2.00     5   5.6767
#         493       0.01903      5.08      2.00     5   5.6778
#         495       0.00707     10.21      2.00     4   5.6790
#         497       0.01417     19.56      2.00     5   5.6791
#         499       0.01653      7.40      2.00     5   5.6813
#         502       0.01034      5.17      2.00     5   5.6836
#         503       0.01090     11.79      2.00     5   5.6843
#         504       0.01823      4.84      2.00     5   5.6855
#         505       0.01181     11.98      2.00     5   5.6853
#         506       0.01177      7.16      2.00     5   5.6863
#         508       0.01123     17.63      2.00     5   5.6879
#         509       0.01416     15.13      2.00     5   5.6898
#         512       0.01155      4.33      2.00     5   5.6963
#         513       0.01113      4.78      2.00     5   5.6961
#         514       0.01086     12.82      2.00     5   5.6974
#         515       0.00578      7.89      1.00     6   5.6972
#         517       0.00585      7.02      1.00     6   5.7011
#         518       0.00570      8.08      2.00     4   5.7019
#         521       0.01403     12.45      2.00     5   5.7036
#         522       0.01747      4.67      2.00     5   5.7066
#         523       0.01318      6.43      2.00     4   5.7111
#         524       0.00611     12.19      1.00     6   5.7119
#         525       0.00628     16.50      1.00     6   5.7127
#         527       0.01881      5.41      2.00     5   5.7158
#         528       0.00924     12.82      1.00     4   5.7167
#         529       0.01862     23.16      2.00     6   5.7174
#         532       0.01067      6.48      2.00     4   5.7186
#         534       0.03115      6.30      2.00     6   5.7203
#         535       0.06810      6.31      2.00     6   5.7202
#         536       0.01517      5.71      2.00     6   5.7216
#         537       0.01796      5.15      2.00     5   5.7233
#         539       0.01358      6.76      2.00     4   5.7274
#         540       0.01115     11.50      2.00     5   5.7360
#         541       0.03431      4.91      2.00     3   5.7380
#         542       0.01915      6.53      2.00     5   5.7393
#         543       0.01922      6.76      2.00     5   5.7389
#         544       0.01266     19.04      2.00     5   5.7461
#         545       0.00719      5.06      2.00     4   5.7516
#         546       0.01746     23.15      2.00     6   5.7535
#         547       0.01870      5.76      2.00     6   5.7532
#         548       0.01455      8.79      2.00     6   5.7531
#         549       0.01796      9.25      2.00     6   5.7555
#         550       0.01233     16.30      2.00     6   5.7560
#         552       0.01021      6.05      2.00     4   5.7581
#         553       0.00957      6.95      2.00     4   5.7599
#         554       0.00703      6.53      2.00     4   5.7606
#         555       0.01258     12.80      2.00     6   5.7614
#         558       0.03546      6.30      2.00     4   5.7702
#         559       0.01371     17.36      2.00     5   5.7707
#         561       0.01837     16.42      2.00     6   5.7712
#         562       0.03085     10.37      2.00     5   5.7730
#         563       0.02294      7.61      2.00     5   5.7753
#         566       0.01835      4.01      2.00     4   5.7782
#         567       0.01128      7.75      2.00     5   5.7779
#         568       0.01199      8.27      2.00     5   5.7785
#         569       0.01103     14.81      2.00     5   5.7796
#         570       0.01080     19.32      2.00     5   5.7810
#         571       0.07217      9.40      2.00     6   5.7828
#         572       0.02079      9.57      2.00     6   5.7840
#         573       0.01746      8.78      2.00     5   5.7861
#         574       0.01123     11.11      2.00     5   5.7870
#         575       0.01281     11.13      2.00     6   5.7867
#         576       0.01122     11.69      2.00     5   5.7876
#         577       0.02323      7.93      2.00     5   5.7915
#         579       0.01796      8.47      2.00     5   5.7926
#         581       0.01725      4.05      2.00     5   5.7950
#         584       0.07210      9.53      2.00     6   5.7998
#         585       0.01234      4.01      2.00     4   5.8006
#         586       0.00770     14.28      1.00     4   5.8005
#         587       0.01045     24.16      2.00     5   5.8006
#         588       0.02081      9.74      2.00     6   5.8006
#         589       0.01606      4.20      2.00     5   5.8018
#         590       0.02450      5.45      2.00     5   5.8047
#         592       0.01232      8.80      2.00     5   5.8076
#         593       0.02044      7.34      2.00     5   5.8072
#         596       0.02310      6.78      2.00     5   5.8085
#         597       0.01754      6.84      2.00     5   5.8107
#         598       0.01611      4.82      2.00     5   5.8104
#         599       0.06651      8.31      2.00     6   5.8105
#         600       0.02110      8.40      2.00     6   5.8118
#         602       0.01101     10.34      2.00     5   5.8164
#         603       0.01746      6.45      2.00     5   5.8170
#         604       0.01228      6.08      2.00     5   5.8181
#         605       0.01069     17.80      2.00     5   5.8190
#         608       0.01830      7.80      2.00     5   5.8215
#         610       0.01146     10.36      2.00     6   5.8229
#         611       0.01001     28.38      2.00     6   5.8252
#         612       0.01074      6.92      2.00     5   5.8260
#         614       0.01069     13.12      2.00     5   5.8278
#         616       0.01094      8.49      2.00     5   5.8337
#         617       0.01691      6.61      1.00     6   5.8349
#         619       0.01623      7.49      2.00     6   5.8378
#         620       0.01683      7.60      2.00     5   5.8410
#         621       0.00950      8.15      2.00     4   5.8428
#         622       0.01691      6.67      1.00     6   5.8432
#         623       0.01169      4.66      2.00     5   5.8435
#         625       0.02234      6.86      2.00     5   5.8459
#         626       0.01875     12.93      2.00     5   5.8464
#         627       0.01788      4.12      2.00     5   5.8460
#         628       0.01088     13.83      2.00     5   5.8472
#         631       0.01676      4.31      2.00     5   5.8498
#         633       0.01881      5.53      2.00     5   5.8532
#         634       0.01074      4.73      2.00     5   5.8564
#         635       0.01703      5.90      1.00     6   5.8573
#         637       0.01040      7.18      2.00     5   5.8590
#         638       0.01605      6.60      2.00     5   5.8591
#         639       0.01064      5.88      2.00     5   5.8589
#         641       0.02256      5.16      2.00     5   5.8595
#         643       0.01845     20.94      2.00     6   5.8600
#         645       0.02670     17.45      2.00     5   5.8601
#         646       0.01027      7.01      2.00     5   5.8612
#         648       0.01817     19.10      2.00     6   5.8610
#         649       0.01031     11.42      2.00     5   5.8616
#         650       0.01915      6.28      2.00     5   5.8614
#         651       0.01769      5.80      2.00     5   5.8632
#         652       0.01573      4.80      2.00     5   5.8652
#         653       0.01597      4.67      2.00     5   5.8656
#         655       0.01840      9.87      2.00     5   5.8674
#         656       0.01045      8.60      2.00     5   5.8679
#         657       0.01024      7.57      2.00     5   5.8683
#         659       0.01865     21.28      2.00     6   5.8689
#         660       0.01078     26.62      2.00     5   5.8695
#         661       0.01739      5.49      2.00     5   5.8701
#         662       0.01050      8.26      2.00     5   5.8699
#         663       0.01030     12.92      2.00     5   5.8705
#         667       0.01867      4.93      2.00     5   5.8776
#         668       0.01166      9.34      2.00     6   5.8819
#         669       0.01161     15.75      2.00     5   5.8824
#         671       0.06212     14.42      2.00     7   5.8829
#         672       0.03269     14.16      2.00     7   5.8831
#         673       0.01010     28.07      2.00     6   5.8843
#         677       0.01646      6.55      2.00     5   5.8978
#         680       0.05384      5.63      2.00     6   5.9038
#         681       0.01222      4.08      1.00     6   5.9052
#         682       0.03054      5.61      2.00     6   5.9051
#         683       0.01382      4.57      2.00     5   5.9054
#         684       0.01916     40.69      2.00     6   5.9056
#         685       0.01079      6.13      1.00     6   5.9053
#         687       0.01169     14.53      1.00     6   5.9076
#         688       0.01636      6.47      2.00     5   5.9080
#         689       0.01821     10.87      2.00     6   5.9083
#         690       0.01376      5.48      2.00     5   5.9088
#         691       0.02059     41.77      2.00     6   5.9089
#         692       0.01484     12.31      2.00     6   5.9087
#         693       0.01109     10.04      1.00     6   5.9085
#         694       0.01252     11.00      1.00     6   5.9087
#         695       0.02209      4.08      2.00     4   5.9090
#         697       0.01056      8.14      2.00     5   5.9106
#         699       0.01084     16.28      1.00     6   5.9113
#         700       0.01845      6.72      2.00     6   5.9108
#         701       0.01022      9.73      2.00     5   5.9113
#         702       0.01386      9.13      2.00     5   5.9131
#         703       0.00966      7.98      2.00     4   5.9155
#         704       0.03497      5.81      2.00     6   5.9158
#         705       0.09909      5.86      2.00     6   5.9159
#         707       0.01902     41.70      2.00     6   5.9194
#         708       0.01087      6.61      1.00     6   5.9191
#         709       0.01266      4.96      1.00     6   5.9192
#         710       0.01215      7.84      2.00     5   5.9198
#         711       0.01155     14.57      1.00     6   5.9215
#         712       0.01710      7.33      2.00     6   5.9226
#         713       0.05467      5.48      2.00     6   5.9230
#         714       0.03322      5.47      2.00     6   5.9243
#         716       0.01913      6.10      2.00     6   5.9265
#         717       0.01814      5.04      2.00     7   5.9273
#         718       0.01895     63.43      2.00     7   5.9281
#         720       0.01807      5.58      2.00     7   5.9310
#         721       0.01836      9.10      2.00     5   5.9325
#         722       0.01885     60.13      2.00     7   5.9322
#         723       0.01843      6.04      2.00     7   5.9338
#         724       0.01942     35.75      2.00     7   5.9340
#         725       0.01119     12.40      2.00     5   5.9348
#         729       0.02788      5.94      2.00     6   5.9445
#         730       0.03031      5.81      1.00     6   5.9444
#         731       0.01865      4.91      2.00     5   5.9456
#         732       0.01828     11.55      2.00     6   5.9463
#         733       0.02859     10.22      2.00     6   5.9469
#         734       0.02141     11.61      2.00     6   5.9470
#         735       0.01811      6.48      2.00     6   5.9486
#         736       0.02764     22.75      1.00     6   5.9493
#         737       0.01523     10.25      2.00     5   5.9506
#         738       0.01105     13.00      2.00     5   5.9507
#         739       0.02656      8.95      2.00     5   5.9521
#         740       0.05364      5.31      2.00     6   5.9537
#         741       0.03375      5.30      2.00     6   5.9545
#         742       0.01387      7.63      2.00     5   5.9580
#         743       0.01643      8.28      2.00     6   5.9594
#         744       0.01542      7.90      2.00     5   5.9608
#         745       0.01513      9.97      2.00     5   5.9635
#         746       0.01023      8.56      2.00     5   5.9649
#         750       0.01311     10.57      2.00     6   5.9715
#         753       0.02702     16.09      2.00     5   5.9748
#         754       0.01800      7.18      2.00     7   5.9783
#         756       0.01888     47.85      2.00     7   5.9796
#         759       0.01899      4.08      2.00     5   5.9943
#         760       0.05514     16.39      2.00     7   5.9952
#         761       0.03389     16.34      2.00     7   5.9965
#         763       0.01255      7.35      1.00     6   6.0007
#         765       0.01858     40.29      2.00     6   6.0010
#         766       0.01116      7.74      1.00     6   6.0010
#         767       0.01125     14.61      1.00     6   6.0032
#         768       0.00866      9.35      1.00     6   6.0077
#         770       0.00871      9.36      1.00     6   6.0108
#         771       0.01095      6.74      2.00     5   6.0120
#         772       0.05558     16.49      2.00     7   6.0128
#         773       0.01131      7.67      2.00     5   6.0142
#         774       0.03428     16.51      2.00     7   6.0137
#         778       0.01761     17.89      2.00     6   6.0164
#         780       0.02038      5.70      2.00     6   6.0161
#         781       0.01561      9.47      2.00     6   6.0165
#         783       0.08976      8.16      2.00     6   6.0183
#         785       0.01808      8.04      2.00     6   6.0186
#         786       0.02310      8.19      2.00     6   6.0206
#         787       0.00891      9.40      1.00     6   6.0211
#         788       0.00883      9.23      1.00     6   6.0224
#         789       0.05112     14.68      2.00     7   6.0224
#         791       0.01018      6.96      2.00     5   6.0240
#         793       0.03160     14.50      2.00     7   6.0237
#         794       0.01019      5.18      2.00     5   6.0281
#         795       0.01778      8.48      2.00     6   6.0315
#         797       0.01028     11.49      2.00     3   6.0383
#         799       0.01852     14.50      2.00     6   6.0404
#         800       0.05384      9.67      2.00     6   6.0404
#         801       0.02400      6.89      2.00     6   6.0406
#         802       0.00960      6.20      2.00     4   6.0432
#         803       0.01657      5.96      2.00     6   6.0430
#         805       0.01490      8.71      2.00     5   6.0481
#         807       0.01182     23.36      2.00     6   6.0492
#         809       0.01030     28.03      2.00     6   6.0514
#         810       0.01023      5.64      2.00     5   6.0531
#         811       0.00995      7.47      2.00     5   6.0541
#         812       0.02320      5.16      2.00     5   6.0558
#         813       0.01043      4.85      2.00     5   6.0619
#         814       0.00633     17.23      2.00     5   6.0629
#         815       0.01373     10.02      2.00     6   6.0652
#         816       0.01334     46.03      2.00     5   6.0664
#         817       0.03459      6.14      1.00     6   6.0669
#         818       0.02975      9.86      2.00     6   6.0692
#         819       0.02123      9.72      2.00     6   6.0691
#         820       0.01206     34.24      2.00     5   6.0706
#         821       0.02156      6.38      2.00     6   6.0706
#         822       0.01609     10.63      2.00     6   6.0704
#         824       0.01655     15.52      2.00     6   6.0707
#         825       0.02804     20.44      1.00     6   6.0715
#         826       0.01445      9.62      2.00     6   6.0720
#         827       0.01013      6.27      2.00     5   6.0726
#         828       0.01805      7.93      2.00     6   6.0731
#         829       0.01787      6.14      2.00     6   6.0767
#         830       0.02018      6.88      2.00     6   6.0767
#         831       0.02123      7.02      2.00     6   6.0767
#         832       0.02042      9.86      2.00     6   6.0766
#         834       0.05572     11.71      2.00     6   6.0765
#         835       0.00627     15.72      2.00     5   6.0791
#         838       0.04002      5.23      2.00     6   6.0797
#         839       0.11866      5.28      2.00     6   6.0796
#         840       0.01524     12.33      2.00     6   6.0799
#         845       0.01126      5.27      2.00     6   6.0825
#         846       0.01279     10.91      2.00     6   6.0824
#         848       0.01760      9.07      2.00     6   6.0829
#         849       0.01893     11.44      2.00     6   6.0829
#         850       0.01101     17.44      2.00     6   6.0825
#         851       0.01082     20.06      2.00     6   6.0825
#         852       0.00887      5.19      2.00     4   6.0839
#         853       0.00621     15.27      2.00     5   6.0846
#         854       0.01410     17.58      2.00     6   6.0846
#         855       0.01283     21.90      2.00     6   6.0849
#         856       0.01770      4.30      2.00     6   6.0855
#         857       0.01067     14.23      2.00     6   6.0853
#         859       0.01488     11.24      2.00     5   6.0860
#         861       0.01064     15.63      2.00     6   6.0886
#         862       0.01077     20.21      2.00     6   6.0904
#         864       0.01376     18.70      2.00     6   6.0915
#         865       0.01111      6.44      2.00     6   6.0913
#         866       0.04646      8.00      2.00     6   6.0920
#         867       0.01393     17.57      2.00     6   6.0924
#         868       0.01657      8.27      2.00     6   6.0925
#         869       0.01803     12.33      2.00     6   6.0930
#         870       0.01121      5.68      2.00     6   6.0932
#         871       0.01020     27.29      2.00     6   6.0939
#         872       0.01700      5.94      2.00     6   6.0955
#         873       0.01460      9.39      2.00     6   6.0964
#         874       0.01119      5.07      2.00     6   6.0984
#         875       0.00871      5.53      2.00     5   6.0998
#         876       0.00859      5.70      2.00     5   6.0998
#         877       0.01086     17.10      2.00     6   6.0996
#         878       0.01782      4.98      2.00     7   6.1001
#         879       0.00935      7.56      2.00     4   6.1012
#         881       0.01775     27.39      2.00     7   6.1013
#         883       0.03416      4.31      2.00     5   6.1019
#         884       0.00863      5.52      2.00     5   6.1021
#         885       0.00852      5.69      2.00     5   6.1021
#         887       0.01697     18.01      2.00     7   6.1025
#         888       0.01488     10.20      2.00     7   6.1022
#         889       0.00774      4.17      1.00     4   6.1035
#         890       0.00654     10.11      2.00     5   6.1040
#         892       0.01720      9.15      2.00     7   6.1045
#         893       0.01773      4.13      2.00     7   6.1070
#         894       0.01794     28.11      2.00     7   6.1079
#         895       0.00968      7.62      2.00     4   6.1095
#         896       0.00903      6.13      2.00     5   6.1103
#         898       0.00827      4.15      1.00     4   6.1125
#         899       0.01121     12.76      2.00     4   6.1128
#         900       0.03049      9.34      2.00     5   6.1144
#         901       0.02169      6.00      2.00     5   6.1169
#         902       0.00887      5.43      2.00     5   6.1172
#         903       0.00885      5.60      2.00     5   6.1172
#         904       0.01766      6.46      2.00     7   6.1182
#         906       0.01774     23.39      2.00     7   6.1195
#         907       0.01187     14.84      2.00     6   6.1211
#         909       0.01755      5.20      2.00     7   6.1245
#         910       0.01826     14.44      2.00     7   6.1247
#         911       0.01054     12.72      2.00     6   6.1253
#         912       0.01184     16.21      2.00     6   6.1253
#         916       0.01069     16.64      2.00     6   6.1276
#         917       0.01213     17.59      2.00     6   6.1276
#         918       0.01796      5.83      2.00     5   6.1286
#         919       0.00997     10.64      2.00     6   6.1287
#         920       0.01025      8.94      2.00     6   6.1287
#         925       0.01019      4.59      2.00     6   6.1321
#         926       0.01034      5.51      2.00     6   6.1321
#         927       0.01129      7.63      2.00     6   6.1325
#         928       0.01795      7.20      2.00     6   6.1325
#         930       0.00992     11.52      2.00     6   6.1329
#         932       0.01019     10.47      2.00     6   6.1329
#         933       0.01072     19.74      2.00     6   6.1328
#         934       0.01813      6.96      2.00     5   6.1335
#         936       0.01011      4.36      2.00     6   6.1338
#         937       0.01020      9.23      2.00     6   6.1338
#         938       0.01346     19.73      2.00     6   6.1350
#         939       0.01005     15.44      2.00     6   6.1365
#         940       0.01031     18.15      2.00     6   6.1365
#         941       0.08197      5.39      2.00     6   6.1372
#         943       0.03584      5.33      2.00     6   6.1395
#         944       0.01084     18.05      2.00     6   6.1409
#         945       0.01833      4.25      2.00     5   6.1423
#         946       0.03291      7.54      2.00     6   6.1438
#         947       0.01847      4.36      2.00     5   6.1447
#         948       0.00792      4.17      1.00     4   6.1468
#         949       0.00773      4.19      1.00     4   6.1474
#         951       0.01214      4.84      2.00     5   6.1489
#         952       0.01927      5.71      2.00     6   6.1504
#         953       0.00826      4.17      1.00     4   6.1537
#         954       0.02467      6.32      2.00     5   6.1539
#         955       0.01552      4.29      2.00     7   6.1540
#         957       0.01866      4.64      2.00     5   6.1561
#         958       0.01804      7.15      2.00     6   6.1563
#         959       0.01882      4.63      2.00     5   6.1578
#         961       0.00776      4.13      1.00     4   6.1615
#         963       0.00893      5.29      2.00     5   6.1620
#         964       0.00884      5.41      2.00     5   6.1620
#         965       0.01912      5.74      2.00     7   6.1623
#         966       0.01823      5.79      2.00     5   6.1637
#         968       0.02015      6.39      2.00     6   6.1637
#         969       0.02083      8.30      2.00     6   6.1633
#         970       0.02405      5.56      2.00     7   6.1636
#         971       0.01056     10.40      2.00     3   6.1643
#         972       0.01241      4.87      2.00     5   6.1647
#         973       0.01976      5.83      2.00     7   6.1644
#         974       0.02420      5.68      2.00     7   6.1656
#         975       0.02988      6.92      2.00     6   6.1658
#         978       0.09392      7.24      2.00     6   6.1677
#         979       0.01575      4.75      2.00     7   6.1684
#         980       0.01551      5.68      2.00     7   6.1685
#         981       0.02509      7.26      2.00     6   6.1701
#         983       0.02270      4.05      2.00     5   6.1712
#         985       0.01069     16.02      2.00     6   6.1727
#         986       0.01188     17.79      2.00     6   6.1727
#         988       0.01535     12.00      2.00     6   6.1762
#         990       0.00949      6.67      2.00     5   6.1801
#         992       0.01020      6.59      2.00     6   6.1799
#         993       0.01881      5.43      2.00     5   6.1805
#         995       0.01006     13.76      2.00     6   6.1817
#         996       0.01033     14.96      2.00     6   6.1817
#         999       0.00875      4.07      1.00     4   6.1862
#        1000       0.00963      4.07      1.00     4   6.1869
#        1001       0.02397      5.85      2.00     7   6.1877
#        1002       0.02719      4.56      2.00     7   6.1872
#        1003       0.01714      7.90      2.00     6   6.1882
#        1004       0.02615      5.64      2.00     7   6.1881
#        1006       0.05467      4.49      2.00     7   6.1878
#        1007       0.02280      8.03      2.00     6   6.1888
#        1008       0.02274      6.04      2.00     6   6.1885
#        1009       0.01546     10.46      2.00     7   6.1886
#        1011       0.01718     17.69      2.00     7   6.1890
#        1012       0.02233      8.06      2.00     6   6.1896
#        1014       0.01759      8.79      2.00     7   6.1910
#        1015       0.01885      4.79      2.00     5   6.1916
#        1016       0.04483      5.76      2.00     7   6.1926
#        1017       0.02311      7.15      2.00     6   6.1936
#        1018       0.03201      5.61      2.00     7   6.1935
#        1020       0.01892     16.49      2.00     6   6.1947
#        1021       0.03560      7.67      2.00     5   6.1961
#        1022       0.01783      5.63      2.00     6   6.1960
#        1023       0.01918      6.40      2.00     6   6.1960
#        1026       0.00984      4.31      2.00     5   6.1976
#        1029       0.00672     16.86      2.00     5   6.2023
#        1031       0.02342      5.31      2.00     6   6.2046
#        1032       0.01793      4.18      2.00     6   6.2051
#        1033       0.02347      8.21      2.00     6   6.2050
#        1034       0.03723      4.08      2.00     4   6.2059
#        1035       0.02266      8.19      2.00     6   6.2067
#        1036       0.01299      7.85      2.00     5   6.2075
#        1037       0.01807      4.97      2.00     6   6.2124
#        1038       0.01941      5.37      2.00     6   6.2124
#        1039       0.02542      7.33      2.00     5   6.2133
#        1041       0.02928      8.96      2.00     5   6.2150
#        1042       0.01992     13.78      2.00     6   6.2153
#        1044       0.04780      8.71      2.00     6   6.2161
#        1045       0.01767      4.70      2.00     6   6.2168
#        1046       0.02041      7.50      2.00     6   6.2171
#        1047       0.02081      7.13      2.00     6   6.2168
#        1048       0.02028      7.02      2.00     6   6.2174
#        1049       0.02172     11.41      2.00     6   6.2185
#        1052       0.02750      9.50      2.00     5   6.2221
#        1053       0.01863      6.13      2.00     5   6.2234
#        1054       0.03884      7.70      2.00     7   6.2237
#        1055       0.01745      6.93      2.00     6   6.2240
#        1056       0.01850      8.51      2.00     6   6.2240
#        1057       0.08687      8.16      2.00     7   6.2239
#        1058       0.01897      5.26      2.00     5   6.2247
#        1061       0.03766      6.08      2.00     7   6.2262
#        1062       0.07375     15.01      2.00     7   6.2263
#        1063       0.01396     11.32      2.00     5   6.2282
#        1064       0.03691     14.61      2.00     7   6.2287
#        1065       0.01967     13.31      2.00     6   6.2300
#        1067       0.01249     10.72      2.00     5   6.2342
#        1069       0.01613      6.69      2.00     6   6.2353
#        1071       0.00722     19.30      2.00     5   6.2400
#        1073       0.01660     10.31      2.00     6   6.2429
#        1074       0.02686      4.14      2.00     6   6.2428
#        1075       0.02206      7.76      2.00     6   6.2432
#        1077       0.01888      5.62      2.00     5   6.2455
#        1078       0.02679      7.51      2.00     6   6.2452
#        1080       0.02182      8.65      2.00     6   6.2457
#        1081       0.01319      8.32      2.00     5   6.2459
#        1082       0.01979      5.98      2.00     6   6.2460
#        1083       0.01900      9.97      2.00     6   6.2465
#        1084       0.01934      5.52      2.00     6   6.2468
#        1086       0.03051      6.70      2.00     6   6.2480
#        1087       0.02246      5.01      2.00     6   6.2484
#        1090       0.01179     11.19      2.00     4   6.2497
#        1092       0.01753      7.12      2.00     6   6.2508
#        1093       0.02217      4.19      2.00     6   6.2508
#        1095       0.01665      4.57      2.00     6   6.2509
#        1096       0.04596      4.50      2.00     7   6.2520
#        1097       0.01901     15.09      2.00     6   6.2529
#        1098       0.02568      5.50      2.00     7   6.2533
#        1099       0.02443      5.69      2.00     7   6.2530
#        1100       0.02446      4.39      2.00     7   6.2529
#        1102       0.01071      6.80      1.00     6   6.2586
#        1103       0.01023      7.81      2.00     6   6.2595
#        1104       0.01774      5.84      2.00     6   6.2615
#        1105       0.01081      5.12      1.00     6   6.2615
#        1106       0.01020      7.33      2.00     6   6.2623
#        1108       0.01087      4.75      1.00     6   6.2634
#        1109       0.01740      5.24      2.00     5   6.2643
#        1110       0.02921      6.52      2.00     6   6.2641
#        1111       0.01872      6.79      2.00     5   6.2646
#        1112       0.01677      4.72      2.00     6   6.2658
#        1113       0.01802      4.27      2.00     6   6.2665
#        1114       0.01676      5.42      2.00     6   6.2662
#        1115       0.01091      5.86      1.00     6   6.2667
#        1117       0.01721      7.22      2.00     5   6.2682
#        1118       0.03060     10.14      2.00     5   6.2693
#        1120       0.01047      9.02      2.00     6   6.2727
#        1122       0.01049      6.78      2.00     6   6.2733
#        1123       0.02699     13.10      2.00     5   6.2743
#        1127       0.01560     10.89      2.00     6   6.2828
#        1128       0.01638     14.18      2.00     6   6.2845
#        1130       0.01285      8.45      2.00     5   6.2872
#        1131       0.01687      6.76      2.00     6   6.2895
#        1132       0.01539      9.48      2.00     6   6.2908
#        1133       0.01030      5.75      2.00     6   6.2944
#        1134       0.02244      6.15      2.00     6   6.2944
#        1136       0.01033      4.86      2.00     6   6.3009
#        1137       0.00964      5.51      2.00     6   6.3039
#        1142       0.00976     15.59      2.00     6   6.3051
#        1143       0.00964      5.23      2.00     6   6.3057
#        1144       0.02462     13.80      2.00     7   6.3065
#        1145       0.01884     21.56      2.00     7   6.3063
#        1146       0.02925     16.45      2.00     7   6.3065
#        1147       0.05749     19.03      2.00     7   6.3063
#        1148       0.01805      6.59      2.00     7   6.3061
#        1151       0.01702      7.82      2.00     7   6.3089
#        1152       0.01677      8.78      2.00     6   6.3101
#        1153       0.02851      4.15      2.00     6   6.3102
#        1154       0.00984      8.96      2.00     6   6.3101
#        1155       0.01891     12.08      2.00     6   6.3102
#        1158       0.01719      7.27      2.00     6   6.3118
#        1159       0.02648      6.89      2.00     6   6.3125
#        1161       0.01014      7.82      2.00     6   6.3126
#        1162       0.00983      8.02      2.00     6   6.3134
#        1163       0.01909      8.37      2.00     6   6.3156
#        1165       0.02246      5.89      2.00     6   6.3165
#        1167       0.01740      6.49      2.00     6   6.3181
#        1168       0.01017      6.97      2.00     6   6.3184
#        1169       0.01657      4.91      2.00     6   6.3189
#        1171       0.01950     15.57      2.00     6   6.3201
#        1174       0.01246     13.08      1.00     6   6.3275
#        1175       0.02859      6.63      2.00     6   6.3286
#        1178       0.01944      4.37      2.00     5   6.3315
#        1179       0.02293     11.91      2.00     5   6.3319
#        1180       0.01474     40.62      1.00     6   6.3323
#        1181       0.01666      4.80      2.00     6   6.3336
#        1182       0.01802      5.39      2.00     6   6.3341
#        1183       0.01666      5.59      2.00     6   6.3341
#        1184       0.03726      7.41      2.00     6   6.3381
#        1187       0.01263     14.29      1.00     6   6.3422
#        1188       0.03034      4.62      2.00     6   6.3427
#        1191       0.02892      6.46      2.00     6   6.3471
#        1193       0.01134     18.89      2.00     7   6.3497
#        1194       0.00840      4.02      1.00     4   6.3498
#        1199       0.01354     34.19      2.00     7   6.3500
#        1200       0.01534     31.01      2.00     7   6.3500
#        1201       0.01337      8.40      2.00     5   6.3510
#        1202       0.01064     23.57      2.00     7   6.3521
#        1204       0.01151     19.96      2.00     7   6.3546
#        1205       0.01329     36.27      2.00     7   6.3550
#        1207       0.01527     33.73      2.00     7   6.3550
#        1208       0.00715      7.24      2.00     4   6.3555
#        1209       0.01222      4.44      2.00     4   6.3563
#        1210       0.01068     24.86      2.00     7   6.3570
#        1211       0.01499      8.93      2.00     7   6.3572
#        1212       0.01071     22.70      2.00     7   6.3570
#        1213       0.01393     37.60      2.00     7   6.3574
#        1214       0.01133      8.19      2.00     7   6.3572
#        1215       0.01643     37.21      2.00     7   6.3574
#        1216       0.02165      4.26      2.00     6   6.3584
#        1217       0.01058     34.56      2.00     7   6.3598
#        1218       0.02801      4.17      2.00     6   6.3605
#        1221       0.02697      8.94      2.00     7   6.3631
#        1222       0.00905      5.35      2.00     3   6.3646
#        1223       0.02827      5.20      2.00     7   6.3645
#        1225       0.00976      9.77      2.00     5   6.3671
#        1227       0.01738      7.03      2.00     6   6.3680
#        1228       0.02639     20.84      2.00     6   6.3692
#        1229       0.01524     14.24      2.00     6   6.3694
#        1233       0.11264      7.73      2.00     7   6.3735
#        1234       0.04418      7.35      2.00     7   6.3736
#        1235       0.01870      7.57      2.00     5   6.3745
#        1236       0.01121      8.15      2.00     5   6.3761
#        1238       0.04059      5.38      2.00     7   6.3759
#        1239       0.07877     13.29      2.00     7   6.3758
#        1241       0.02863      6.31      2.00     6   6.3764
#        1242       0.02712      8.38      2.00     7   6.3763
#        1244       0.03789     12.95      2.00     7   6.3782
#        1245       0.01078      7.40      2.00     5   6.3798
#        1249       0.01845      6.28      2.00     6   6.3850
#        1250       0.03390      6.28      1.00     6   6.3859
#        1255       0.02130     13.95      2.00     6   6.3870
#        1256       0.01045      7.32      2.00     3   6.3883
#        1257       0.00927      6.97      2.00     5   6.3882
#        1258       0.03084      8.55      2.00     6   6.3884
#        1259       0.01170      5.07      2.00     4   6.3889
#        1261       0.02825     15.55      1.00     6   6.3909
#        1262       0.01833      6.58      2.00     5   6.3921
#        1263       0.01843      6.42      2.00     5   6.3921
#        1264       0.00856      5.93      2.00     3   6.3942
#        1265       0.02089      8.64      2.00     6   6.3943
#        1266       0.02070      7.03      2.00     6   6.3945
#        1267       0.01023      5.69      2.00     6   6.3950
#        1268       0.01540     12.67      2.00     6   6.3950
#        1269       0.02800      6.03      2.00     5   6.3984
#        1270       0.01024      5.63      2.00     6   6.3991
#        1271       0.01553     12.42      2.00     6   6.3991
#        1273       0.01146      5.49      2.00     4   6.4010
#        1274       0.01420      6.11      2.00     7   6.4018
#        1275       0.01205      4.14      2.00     7   6.4028
#        1276       0.01163     21.65      2.00     7   6.4031
#        1277       0.01357     38.80      2.00     7   6.4031
#        1278       0.01527     36.92      2.00     7   6.4031
#        1280       0.01862      6.68      2.00     5   6.4046
#        1281       0.02048      4.48      2.00     6   6.4045
#        1282       0.02079      8.38      2.00     6   6.4051
#        1283       0.01080     30.11      2.00     7   6.4053
#        1284       0.02016      5.72      2.00     6   6.4082
#        1285       0.01030      4.54      2.00     6   6.4093
#        1286       0.01553      9.65      2.00     6   6.4093
#        1290       0.01617      5.29      2.00     6   6.4150
#        1291       0.03433     22.31      2.00     7   6.4159
#        1292       0.02376      4.88      2.00     7   6.4158
#        1294       0.04765      9.55      2.00     7   6.4180
#        1296       0.02029      4.82      2.00     6   6.4183
#        1297       0.01642     11.29      2.00     7   6.4186
#        1298       0.01906     16.88      2.00     7   6.4185
#        1299       0.03142      4.49      2.00     6   6.4190
#        1300       0.02396      9.97      2.00     7   6.4193
#        1301       0.01871     13.32      2.00     7   6.4190
#        1302       0.02891     19.04      2.00     7   6.4193
#        1303       0.02000      4.80      2.00     7   6.4189
#        1304       0.01789      8.32      2.00     7   6.4207
#        1305       0.01880      6.76      2.00     7   6.4213
#        1306       0.02859      7.39      2.00     6   6.4232
#        1307       0.01372     24.29      1.00     6   6.4245
#        1309       0.02259      7.45      2.00     6   6.4252
#        1310       0.02838      9.06      2.00     6   6.4254
#        1311       0.00728      7.60      2.00     4   6.4279
#        1312       0.01801      5.12      2.00     6   6.4279
#        1315       0.04752      8.11      2.00     7   6.4347
#        1316       0.01868     11.73      2.00     7   6.4352
#        1317       0.02011      4.45      2.00     7   6.4353
#        1318       0.02437      9.16      2.00     7   6.4356
#        1319       0.02932     19.41      2.00     7   6.4356
#        1320       0.01921      6.70      2.00     7   6.4377
#        1321       0.01203      4.26      2.00     4   6.4396
#        1322       0.01699     12.52      2.00     6   6.4399
#        1327       0.01824      5.97      2.00     6   6.4454
#        1328       0.04998     13.83      2.00     7   6.4459
#        1329       0.01841     16.46      2.00     7   6.4469
#        1330       0.02111     13.65      2.00     6   6.4475
#        1331       0.02344     11.38      2.00     7   6.4472
#        1332       0.02706     16.75      2.00     7   6.4472
#        1333       0.01889      5.37      2.00     7   6.4472
#        1335       0.01757      6.94      2.00     7   6.4494
#        1336       0.01074      6.97      2.00     5   6.4499
#        1337       0.01035      5.52      2.00     6   6.4501
#        1338       0.01557     11.23      2.00     6   6.4501
#        1339       0.02335      4.85      1.00     6   6.4522
#        1341       0.02591      8.92      2.00     6   6.4550
#        1344       0.02603      6.33      2.00     7   6.4577
#        1346       0.02884     11.22      2.00     6   6.4611
#        1348       0.01066      9.54      2.00     5   6.4633
#        1349       0.00961      7.91      2.00     5   6.4634
#        1350       0.02234      4.89      2.00     6   6.4634
#        1351       0.01797      5.38      2.00     6   6.4636
#        1353       0.01555     18.14      2.00     6   6.4640
#        1357       0.02195      9.41      2.00     6   6.4683
#        1358       0.02376      4.17      2.00     7   6.4680
#        1360       0.01858      4.90      2.00     6   6.4686
#        1361       0.03031      7.09      1.00     6   6.4700
#        1362       0.01620      5.01      2.00     6   6.4700
#        1363       0.02096      5.19      2.00     7   6.4712
#        1364       0.02318      6.16      2.00     6   6.4708
#        1366       0.02509      4.67      2.00     7   6.4714
#        1367       0.02170      9.58      2.00     7   6.4717
#        1368       0.02338     10.08      2.00     7   6.4713
#        1369       0.01969     21.77      2.00     7   6.4718
#        1370       0.02363     41.16      2.00     7   6.4721
#        1371       0.02838      4.61      2.00     6   6.4726
#        1372       0.00980      5.83      2.00     6   6.4725
#        1373       0.02606      8.28      2.00     6   6.4725
#        1374       0.01033     26.52      2.00     6   6.4727
#        1376       0.02642      8.74      2.00     7   6.4737
#        1377       0.02236      9.18      2.00     7   6.4737
#        1378       0.02012      9.72      2.00     7   6.4739
#        1379       0.02358     18.64      2.00     7   6.4742
#        1381       0.00980      5.06      2.00     6   6.4746
#        1382       0.02198      9.65      2.00     7   6.4742
#        1383       0.02423     12.98      1.00     6   6.4750
#        1384       0.01067      8.44      2.00     5   6.4760
#        1385       0.02203     38.51      2.00     7   6.4762
#        1386       0.02468      9.03      2.00     7   6.4805
#        1387       0.02271      5.00      2.00     6   6.4806
#        1388       0.01831      4.07      2.00     5   6.4813
#        1390       0.01855      4.19      2.00     5   6.4820
#        1391       0.01799      4.58      2.00     7   6.4825
#        1394       0.02029      7.27      2.00     6   6.4874
#        1395       0.02189      4.29      2.00     6   6.4878
#        1396       0.01764      4.41      2.00     6   6.4882
#        1397       0.02227     11.12      2.00     6   6.4880
#        1398       0.02855      4.71      2.00     6   6.4894
#        1399       0.03695     10.08      2.00     6   6.4899
#        1400       0.02523      6.32      2.00     6   6.4906
#        1401       0.02694     19.44      2.00     6   6.4922
#        1402       0.01849     15.01      2.00     6   6.4942
#        1403       0.02093      4.32      2.00     6   6.4942
#        1406       0.01697      5.98      2.00     7   6.4972
#        1409       0.01982      5.13      2.00     6   6.4986
#        1410       0.02732      4.15      2.00     6   6.4997
#        1411       0.01333     20.92      2.00     6   6.5001
#        1412       0.04311      6.68      2.00     6   6.5028
#        1413       0.02892      7.81      2.00     6   6.5036
#        1415       0.01957      6.81      2.00     6   6.5044
#        1416       0.01686      4.06      2.00     6   6.5062
#        1419       0.00829     33.76      2.00     6   6.5059
#        1420       0.01686      4.11      2.00     6   6.5081
#        1421       0.02205      4.52      2.00     6   6.5088
#        1424       0.01395      8.43      2.00     5   6.5116
#        1426       0.02582      5.36      2.00     6   6.5122
#        1427       0.02099     10.34      2.00     6   6.5125
#        1431       0.00824     15.26      2.00     6   6.5132
#        1432       0.01668      4.09      2.00     6   6.5152
#        1433       0.01771      5.25      2.00     6   6.5151
#        1434       0.01610      6.18      2.00     6   6.5150
#        1435       0.01051     35.86      2.00     6   6.5149
#        1436       0.02143      7.74      2.00     6   6.5169
#        1437       0.01506     15.25      2.00     6   6.5168
#        1438       0.02623      5.91      2.00     7   6.5170
#        1439       0.02568      5.78      2.00     7   6.5166
#        1442       0.02002     16.46      2.00     6   6.5176
#        1443       0.03476     27.32      2.00     7   6.5179
#        1444       0.03427     26.47      2.00     7   6.5178
#        1445       0.01767      4.33      2.00     6   6.5187
#        1446       0.01704      4.93      2.00     6   6.5190
#        1447       0.01552     10.86      2.00     7   6.5189
#        1449       0.01871     14.54      2.00     7   6.5193
#        1451       0.01635      5.44      2.00     6   6.5194
#        1452       0.00691      5.42      2.00     4   6.5203
#        1453       0.01966     15.81      2.00     6   6.5212
#        1454       0.01521      4.32      2.00     6   6.5213
#        1455       0.01808      8.30      2.00     7   6.5217
#        1457       0.06214     13.65      2.00     7   6.5223
#        1458       0.03056     13.73      2.00     7   6.5225
#        1459       0.01439     10.66      2.00     7   6.5241
#        1460       0.06424      5.54      2.00     6   6.5243
#        1462       0.01510      6.37      2.00     7   6.5244
#        1464       0.05073     13.37      2.00     7   6.5259
#        1465       0.01136      6.52      2.00     7   6.5256
#        1467       0.01126     18.28      2.00     7   6.5259
#        1469       0.03701     12.80      2.00     7   6.5262
#        1471       0.02606      5.70      2.00     6   6.5268
#        1472       0.01117      7.37      2.00     7   6.5267
#        1473       0.01136     17.68      2.00     7   6.5270
#        1474       0.01032     10.94      2.00     5   6.5283
#        1475       0.01024     11.57      2.00     7   6.5280
#        1476       0.01020     11.91      2.00     7   6.5290
#        1477       0.01443      8.62      2.00     7   6.5298
#        1479       0.01616      5.26      2.00     6   6.5303
#        1480       0.01795      6.00      2.00     6   6.5302
#        1481       0.01615      6.43      2.00     6   6.5302
#        1482       0.01168      5.12      2.00     7   6.5309
#        1484       0.01086      5.85      2.00     7   6.5309
#        1485       0.01142     15.58      2.00     7   6.5310
#        1488       0.01074      4.83      2.00     7   6.5321
#        1489       0.01087      6.54      2.00     5   6.5330
#        1490       0.01039      5.11      2.00     7   6.5336
#        1491       0.01021     19.25      2.00     7   6.5334
#        1492       0.01678      4.14      2.00     7   6.5341
#        1493       0.01643      4.90      2.00     6   6.5344
#        1494       0.01792      5.39      2.00     6   6.5344
#        1495       0.01642      5.77      2.00     6   6.5344
#        1497       0.01114     19.21      2.00     7   6.5349
#        1500       0.01737      6.21      2.00     6   6.5356
#        1502       0.01040     16.36      2.00     7   6.5370
#        1503       0.00840      6.05      2.00     4   6.5380
#        1505       0.03219      7.40      2.00     5   6.5382
#        1506       0.02063      5.35      2.00     7   6.5389
#        1507       0.02692      5.17      2.00     7   6.5395
#        1508       0.02438     11.57      2.00     7   6.5395
#        1510       0.01979     18.31      2.00     7   6.5398
#        1511       0.02341     37.79      2.00     7   6.5401
#        1512       0.02204      9.42      2.00     7   6.5398
#        1513       0.01188      6.09      2.00     5   6.5407
#        1514       0.02017      5.72      1.00     6   6.5412
#        1516       0.02009      9.82      2.00     7   6.5418
#        1517       0.02851      8.94      2.00     7   6.5419
#        1518       0.02259      9.50      2.00     7   6.5419
#        1519       0.02305     17.11      2.00     7   6.5422
#        1522       0.01101     15.02      2.00     7   6.5430
#        1523       0.02188     36.72      2.00     7   6.5442
#        1524       0.01171      4.97      2.00     5   6.5449
#        1529       0.01929      4.03      2.00     6   6.5471
#        1530       0.01106      6.63      2.00     7   6.5472
#        1531       0.01115     14.20      2.00     7   6.5481
#        1535       0.01260      8.02      2.00     5   6.5497
#        1536       0.02409      5.12      2.00     7   6.5509
#        1539       0.03290     23.09      2.00     7   6.5522
#        1540       0.02026      5.30      1.00     6   6.5535
#        1544       0.02914      5.31      2.00     6   6.5565
#        1545       0.00804     23.73      2.00     6   6.5563
#        1547       0.01210     11.07      2.00     5   6.5576
#        1548       0.01716      4.21      2.00     6   6.5576
#        1549       0.01180      9.09      2.00     5   6.5583
#        1551       0.01840      4.70      2.00     6   6.5582
#        1554       0.03510      6.66      2.00     6   6.5593
#        1555       0.01159      6.79      2.00     4   6.5606
#        1556       0.01881      5.54      1.00     6   6.5602
#        1558       0.01241     13.23      2.00     7   6.5609
#        1559       0.01233      7.69      2.00     5   6.5628
#        1561       0.00718      6.94      2.00     4   6.5644
#        1566       0.01251     11.74      2.00     7   6.5656
#        1570       0.01701      5.20      2.00     6   6.5681
#        1574       0.01014      7.75      2.00     7   6.5685
#        1575       0.01009      4.35      2.00     7   6.5689
#        1576       0.01204      9.48      2.00     5   6.5702
#        1577       0.01688      5.62      2.00     6   6.5712
#        1579       0.01579      4.43      2.00     6   6.5727
#        1580       0.01576      4.16      2.00     6   6.5728
#        1582       0.01019      6.61      2.00     7   6.5732
#        1584       0.01175      4.14      2.00     7   6.5741
#        1585       0.02333      6.66      2.00     6   6.5749
#        1586       0.02961      6.54      2.00     6   6.5748
#        1588       0.01237     15.92      2.00     7   6.5748
#        1589       0.01690      5.55      2.00     6   6.5761
#        1590       0.01684      4.26      2.00     6   6.5759
#        1591       0.01224      4.40      2.00     7   6.5760
#        1592       0.01258     14.76      2.00     7   6.5762
#        1594       0.01048      4.50      2.00     7   6.5807
#        1595       0.01869      4.30      2.00     7   6.5811
#        1597       0.01061      4.26      2.00     7   6.5824
#        1598       0.01039     12.23      2.00     7   6.5838
#        1599       0.01046     14.33      2.00     7   6.5850
#        1600       0.02831     11.12      2.00     6   6.5856
#        1601       0.01714      6.61      2.00     7   6.5871
#        1602       0.01748      7.41      2.00     5   6.5886
#        1603       0.01736      6.79      2.00     7   6.5884
#        1604       0.00657      6.07      2.00     4   6.5903
#        1605       0.01428      4.54      2.00     5   6.5902
#        1606       0.01432      4.61      2.00     5   6.5902
#        1609       0.01704      6.42      2.00     6   6.5933
#        1610       0.01753      6.82      2.00     6   6.5937
#        1611       0.01191      5.78      2.00     5   6.5952
#        1612       0.01776      4.62      2.00     6   6.5954
#        1613       0.01974      4.26      2.00     6   6.5950
#        1614       0.02552      4.86      2.00     6   6.5953
#        1617       0.01986     13.38      2.00     6   6.5978
#        1619       0.01682      6.38      2.00     6   6.6005
#        1620       0.02875      4.63      2.00     6   6.6026
#        1621       0.02131      4.14      2.00     7   6.6073
#        1623       0.02223      4.80      2.00     7   6.6079
#        1624       0.02049      5.81      2.00     7   6.6082
#        1625       0.00731      4.97      2.00     5   6.6084
#        1627       0.02025      6.35      2.00     6   6.6093
#        1628       0.03212      9.75      2.00     6   6.6096
#        1629       0.02206      4.45      2.00     6   6.6096
#        1630       0.02490      4.32      2.00     6   6.6096
#        1631       0.02930      6.08      2.00     7   6.6102
#        1632       0.02169      6.23      2.00     7   6.6100
#        1633       0.01691     11.17      2.00     6   6.6115
#        1634       0.01551      6.73      2.00     7   6.6118
#        1635       0.00732      4.90      2.00     5   6.6123
#        1636       0.01804      6.03      2.00     6   6.6141
#        1637       0.00740      4.93      2.00     5   6.6148
#        1641       0.01758      6.74      2.00     7   6.6154
#        1643       0.01373      6.75      2.00     6   6.6156
#        1644       0.04658     10.75      2.00     7   6.6160
#        1645       0.02285      4.05      2.00     6   6.6166
#        1646       0.02947      8.15      2.00     7   6.6162
#        1648       0.06694     12.56      2.00     7   6.6168
#        1649       0.03262     12.65      2.00     7   6.6172
#        1651       0.01690      5.53      2.00     6   6.6192
#        1655       0.05201     12.19      2.00     7   6.6223
#        1656       0.03751     11.69      2.00     7   6.6226
#        1657       0.00661      5.20      2.00     5   6.6230
#        1659       0.01630      4.37      2.00     6   6.6240
#        1662       0.01782      4.95      2.00     6   6.6260
#        1664       0.02656      4.02      2.00     6   6.6257
#        1666       0.00725      4.82      2.00     5   6.6269
#        1667       0.02060     12.83      2.00     6   6.6282
#        1674       0.01134      4.75      2.00     6   6.6372
#        1677       0.01431     15.28      2.00     6   6.6409
#        1679       0.01310     15.06      2.00     6   6.6420
#        1681       0.03448      5.80      2.00     5   6.6433
#        1682       0.00930      4.90      2.00     4   6.6446
#        1683       0.02362      7.81      2.00     5   6.6457
#        1684       0.03532     10.10      2.00     7   6.6461
#        1685       0.00756      4.82      2.00     5   6.6470
#        1687       0.00768      4.81      2.00     5   6.6477
#        1688       0.03328     18.36      2.00     7   6.6485
#        1693       0.02592      6.10      2.00     7   6.6507
#        1694       0.01792      4.10      2.00     6   6.6514
#        1695       0.01743      4.05      2.00     7   6.6514
#        1696       0.01154      6.63      2.00     6   6.6527
#        1698       0.02165     23.85      2.00     7   6.6531
#        1699       0.01219      6.17      2.00     6   6.6541
#        1700       0.01563      5.38      2.00     7   6.6539
#        1704       0.01050     13.22      2.00     7   6.6597
#        1705       0.01691     21.26      2.00     7   6.6597
#        1707       0.01309      5.91      2.00     6   6.6603
#        1709       0.02225      8.24      2.00     7   6.6633
#        1710       0.02503      4.69      2.00     6   6.6642
#        1715       0.01044     12.89      2.00     7   6.6655
#        1716       0.01684     20.61      2.00     7   6.6655
#        1717       0.01668      4.23      2.00     6   6.6662
#        1718       0.01069      4.52      2.00     7   6.6669
#        1719       0.01070     10.43      2.00     7   6.6671
#        1720       0.01767     16.13      2.00     7   6.6671
#        1721       0.01179      6.95      2.00     6   6.6678
#        1722       0.03007     11.63      2.00     6   6.6687
#        1723       0.01050      4.53      2.00     5   6.6688
#        1724       0.02623      6.67      2.00     5   6.6693
#        1725       0.01811      6.35      2.00     5   6.6701
#        1726       0.01288      6.09      2.00     6   6.6704
#        1727       0.02442      7.72      2.00     7   6.6702
#        1728       0.03370      8.54      2.00     6   6.6715
#        1729       0.01552      7.93      2.00     5   6.6728
#        1730       0.01796     11.89      2.00     6   6.6727
#        1731       0.02155      6.09      2.00     7   6.6761
#        1733       0.01897      4.02      2.00     6   6.6788
#        1734       0.02102      4.03      2.00     7   6.6802
#        1735       0.02262      4.99      2.00     7   6.6811
#        1736       0.01887      4.24      2.00     6   6.6814
#        1738       0.01452      5.92      2.00     6   6.6814
#        1739       0.02006      5.70      2.00     7   6.6815
#        1740       0.03033      6.19      2.00     7   6.6835
#        1742       0.00749      5.47      2.00     4   6.6850
#        1743       0.01186      5.03      2.00     5   6.6854
#        1744       0.01191      5.36      2.00     5   6.6854
#        1748       0.02831     11.35      2.00     7   6.6869
#        1750       0.02727      8.13      2.00     5   6.6882
#        1751       0.02349      7.95      2.00     7   6.6883
#        1754       0.02793     10.90      2.00     7   6.6921
#        1755       0.00679      5.78      2.00     5   6.6925
#        1756       0.01883      4.12      2.00     6   6.6927
#        1762       0.02472      6.98      2.00     5   6.6956
#        1763       0.02563      7.48      2.00     7   6.6958
#        1765       0.02576      7.91      2.00     7   6.6969
#        1766       0.02831     11.32      2.00     7   6.6976
#        1767       0.01898     13.69      2.00     7   6.6973
#        1768       0.01205      4.45      2.00     5   6.7001
#        1769       0.01211      4.80      2.00     5   6.7001
#        1770       0.02516      7.58      2.00     7   6.7005
#        1771       0.01206      4.09      2.00     3   6.7021
#        1772       0.03504      6.04      2.00     6   6.7022
#        1773       0.01610      4.66      2.00     6   6.7038
#        1776       0.01263     10.35      2.00     6   6.7076
#        1777       0.01838      4.17      2.00     7   6.7089
#        1778       0.01568      5.73      2.00     7   6.7103
#        1780       0.01887      4.60      2.00     6   6.7106
#        1781       0.01863      4.30      2.00     6   6.7106
#        1782       0.02128      5.45      2.00     6   6.7109
#        1783       0.02129      5.27      2.00     6   6.7110
#        1784       0.02370      5.41      2.00     6   6.7109
#        1785       0.02324      5.22      2.00     6   6.7110
#        1786       0.01575      5.23      2.00     7   6.7113
#        1787       0.01003      4.50      2.00     7   6.7110
#        1788       0.01044     12.07      2.00     7   6.7123
#        1789       0.01671     18.84      2.00     7   6.7123
#        1791       0.02939      6.38      2.00     7   6.7128
#        1792       0.00741      5.95      2.00     5   6.7141
#        1793       0.01596      4.22      2.00     6   6.7142
#        1794       0.02186     22.67      2.00     7   6.7151
#        1796       0.01613      4.47      2.00     6   6.7161
#        1800       0.02325      4.96      2.00     6   6.7209
#        1801       0.02314      4.77      2.00     6   6.7226
#        1802       0.01794      5.88      2.00     7   6.7268
#        1803       0.03506     11.34      2.00     7   6.7270
#        1804       0.01774      5.88      2.00     7   6.7272
#        1805       0.01019     14.29      2.00     6   6.7280
#        1806       0.04311      9.50      2.00     7   6.7285
#        1807       0.00744      5.93      2.00     5   6.7292
#        1808       0.00754      5.86      2.00     5   6.7295
#        1809       0.04226     12.20      2.00     7   6.7294
#        1810       0.01981      7.30      2.00     7   6.7295
#        1811       0.02906      8.89      2.00     7   6.7298
#        1812       0.01619     37.22      2.00     7   6.7299
#        1813       0.01758      4.48      2.00     7   6.7300
#        1815       0.01223      4.18      2.00     5   6.7319
#        1816       0.05271      9.83      2.00     7   6.7319
#        1817       0.03002      4.47      2.00     7   6.7320
#        1819       0.02330     14.21      2.00     6   6.7332
#        1820       0.01250     11.15      2.00     6   6.7337
#        1822       0.03675     10.04      2.00     7   6.7343
#        1823       0.02382      7.63      2.00     7   6.7347
#        1826       0.02709      7.40      2.00     7   6.7356
#        1827       0.01925      5.70      2.00     7   6.7360
#        1828       0.02208     25.24      2.00     7   6.7362
#        1829       0.01973      7.91      2.00     7   6.7360
#        1830       0.02445     18.77      2.00     7   6.7359
#        1832       0.01754      4.88      2.00     7   6.7371
#        1833       0.00753      5.87      2.00     5   6.7375
#        1834       0.03226      5.95      2.00     7   6.7375
#        1836       0.01731      8.89      2.00     7   6.7379
#        1837       0.02073     11.12      2.00     7   6.7386
#        1838       0.01949     10.19      2.00     7   6.7382
#        1839       0.02589      9.96      2.00     7   6.7384
#        1840       0.02144     10.91      2.00     7   6.7384
#        1841       0.02061      4.01      2.00     7   6.7391
#        1842       0.02006      5.43      2.00     7   6.7391
#        1843       0.02363      7.41      2.00     6   6.7396
#        1844       0.02435     14.37      2.00     7   6.7398
#        1846       0.02770      6.04      2.00     7   6.7401
#        1847       0.02115      8.23      2.00     7   6.7401
#        1848       0.01794     12.74      2.00     6   6.7408
#        1849       0.02273     28.90      2.00     7   6.7404
#        1850       0.02097     31.29      2.00     7   6.7410
#        1851       0.00701      6.22      2.00     4   6.7422
#        1852       0.01017     12.70      2.00     6   6.7424
#        1853       0.02609      7.18      2.00     7   6.7424
#        1854       0.02784      8.95      2.00     7   6.7423
#        1855       0.02266      9.85      2.00     7   6.7423
#        1856       0.01979      9.74      2.00     7   6.7426
#        1857       0.02325     13.08      2.00     7   6.7426
#        1859       0.01218     17.41      2.00     6   6.7446
#        1860       0.02153     32.35      2.00     7   6.7448
#        1861       0.01880      5.22      2.00     6   6.7454
#        1862       0.02173      4.60      2.00     6   6.7454
#        1863       0.02345      4.51      2.00     6   6.7454
#        1864       0.02954      9.12      2.00     7   6.7453
#        1867       0.01694      5.01      2.00     6   6.7508
#        1868       0.01381      9.12      2.00     6   6.7510
#        1871       0.01989      7.42      2.00     5   6.7529
#        1872       0.01246     10.21      2.00     6   6.7530
#        1874       0.01787      4.25      2.00     7   6.7533
#        1877       0.04036      9.87      2.00     7   6.7551
#        1878       0.04566      6.30      2.00     7   6.7552
#        1879       0.01946     13.95      2.00     7   6.7556
#        1880       0.11085      6.51      2.00     7   6.7556
#        1881       0.02651      8.07      2.00     7   6.7564
#        1882       0.01374      8.63      2.00     6   6.7577
#        1884       0.04376      4.03      2.00     7   6.7577
#        1885       0.09304      9.91      2.00     7   6.7581
#        1889       0.02104      8.75      2.00     6   6.7599
#        1890       0.03895      9.70      2.00     7   6.7602
#        1891       0.01422      5.52      2.00     6   6.7619
#        1892       0.01484      4.83      2.00     6   6.7647
#        1894       0.02335      5.61      2.00     7   6.7675
#        1896       0.01575      5.80      2.00     7   6.7692
#        1897       0.02476      4.16      2.00     7   6.7697
#        1898       0.01937     12.72      2.00     7   6.7698
#        1899       0.02959     15.71      2.00     7   6.7701
#        1900       0.02186     15.43      2.00     7   6.7701
#        1901       0.04297      5.92      2.00     7   6.7703
#        1902       0.03198      5.78      2.00     7   6.7707
#        1903       0.02059      8.83      2.00     6   6.7715
#        1904       0.01209     15.25      2.00     6   6.7723
#        1905       0.01157      7.17      2.00     7   6.7719
#        1906       0.02237      7.94      2.00     7   6.7722
#        1907       0.01920     13.69      2.00     7   6.7720
#        1908       0.02349      5.42      2.00     7   6.7722
#        1909       0.02945     22.32      2.00     7   6.7723
#        1910       0.02676      7.11      2.00     7   6.7721
#        1911       0.02368      8.46      2.00     7   6.7723
#        1914       0.02873      4.84      2.00     7   6.7732
#        1915       0.02106     12.79      2.00     7   6.7734
#        1916       0.01555      4.13      2.00     6   6.7737
#        1917       0.01837      4.03      2.00     6   6.7736
#        1918       0.02522      5.90      2.00     7   6.7747
#        1920       0.02157      4.64      2.00     7   6.7757
#        1921       0.02061      5.90      2.00     7   6.7765
#        1922       0.02593      8.73      2.00     7   6.7768
#        1923       0.02185     13.23      2.00     7   6.7768
#        1926       0.01943      4.34      2.00     7   6.7774
#        1927       0.04253      5.62      2.00     7   6.7780
#        1928       0.01139     14.10      2.00     7   6.7778
#        1929       0.02412      7.47      2.00     7   6.7777
#        1930       0.02570      6.66      2.00     7   6.7777
#        1931       0.01666      6.22      2.00     7   6.7782
#        1932       0.03286      5.56      2.00     7   6.7785
#        1933       0.02369      6.33      2.00     7   6.7785
#        1934       0.02909      4.73      2.00     7   6.7785
#        1935       0.02303     13.82      2.00     7   6.7784
#        1936       0.01884      4.27      1.00     6   6.7793
#        1938       0.03423      7.88      2.00     7   6.7793
#        1939       0.01791      4.75      2.00     7   6.7797
#        1940       0.02108     13.51      2.00     7   6.7797
#        1941       0.01745      5.83      2.00     7   6.7796
#        1942       0.02391      4.83      2.00     7   6.7809
#        1943       0.02297      6.11      2.00     7   6.7811
#        1944       0.02656      5.24      2.00     7   6.7812
#        1945       0.02540      7.93      2.00     7   6.7812
#        1946       0.01644      7.52      2.00     7   6.7809
#        1947       0.01794      7.11      2.00     7   6.7810
#        1948       0.01980      7.52      2.00     7   6.7808
#        1949       0.01149     70.85      2.00     7   6.7808
#        1950       0.01467      8.60      2.00     6   6.7819
#        1951       0.02007      5.90      2.00     7   6.7818
#        1952       0.01926     13.13      2.00     7   6.7828
#        1953       0.02454      4.51      2.00     7   6.7829
#        1954       0.02934     17.67      2.00     7   6.7832
#        1955       0.02201     14.24      2.00     7   6.7832
#        1956       0.01990     20.04      2.00     7   6.7835
#        1957       0.02137      5.57      2.00     6   6.7839
#        1958       0.01801      5.19      2.00     7   6.7850
#        1959       0.02624      6.84      2.00     7   6.7852
#        1960       0.01084      5.16      2.00     4   6.7863
#        1961       0.01767      8.06      2.00     7   6.7880
#        1962       0.02097     13.06      2.00     7   6.7882
#        1963       0.02660      4.04      2.00     7   6.7895
#        1964       0.02152      5.12      2.00     7   6.7895
#        1966       0.02303      5.44      2.00     7   6.7892
#        1967       0.01711      8.77      2.00     7   6.7897
#        1970       0.01925      4.88      2.00     7   6.7904
#        1971       0.02398      7.78      2.00     7   6.7907
#        1972       0.02555      6.36      2.00     7   6.7907
#        1974       0.01708      4.54      2.00     7   6.7915
#        1975       0.01685      5.78      2.00     7   6.7920
#        1976       0.02089     14.67      2.00     7   6.7928
#        1977       0.02688      7.77      2.00     5   6.7955
#        1978       0.01060      9.57      2.00     6   6.7952
#        1979       0.02423      6.20      2.00     7   6.7962
#        1981       0.01651      7.40      2.00     7   6.7961
#        1982       0.01652      7.06      2.00     7   6.7962
#        1983       0.04484      9.66      2.00     7   6.7966
#        1984       0.03411     16.36      2.00     7   6.7990
#        1985       0.01793      5.72      2.00     7   6.7991
#        1987       0.02157     11.39      2.00     6   6.8069
#        1988       0.04403      6.28      2.00     7   6.8079
#        1989       0.03198      6.12      2.00     7   6.8089
#        1990       0.03343     10.77      2.00     6   6.8097
#        1991       0.02834      4.73      2.00     7   6.8112
#        1992       0.03209     16.86      2.00     6   6.8122
#        1993       0.01758      6.47      2.00     6   6.8141
#        1994       0.01253     11.40      2.00     6   6.8156
#        1995       0.00824      7.39      2.00     6   6.8156
#        1996       0.04264      5.97      2.00     7   6.8154
#        1997       0.03282      5.89      2.00     7   6.8164
#        1998       0.02359      4.72      2.00     7   6.8187
#        1999       0.01261      7.71      2.00     6   6.8237
#        2000       0.01436      9.57      2.00     6   6.8246
#        2001       0.02482      6.15      2.00     5   6.8259
#        2003       0.01268      4.17      2.00     5   6.8270
#        2004       0.01165     42.83      2.00     7   6.8266
#        2008       0.03911      7.49      2.00     7   6.8323
#        2009       0.02572      6.21      2.00     7   6.8344
#        2010       0.01698      6.24      2.00     7   6.8341
#        2011       0.01602      8.97      2.00     7   6.8346
#        2012       0.01595      6.43      2.00     7   6.8346
#        2013       0.03029      7.49      2.00     7   6.8347
#        2014       0.03186      5.86      2.00     7   6.8347
#        2015       0.01831      8.00      2.00     7   6.8387
#        2016       0.01913      5.56      2.00     7   6.8392
#        2017       0.01977     14.44      2.00     7   6.8390
#        2018       0.01802      4.78      2.00     7   6.8392
#        2019       0.01592      8.94      2.00     7   6.8395
#        2020       0.01585      6.38      2.00     7   6.8395
#        2021       0.03198     21.89      2.00     7   6.8394
#        2023       0.01832      8.34      2.00     7   6.8407
#        2024       0.01726      6.00      2.00     7   6.8418
#        2025       0.01675      8.36      2.00     7   6.8420
#        2026       0.01620     20.04      2.00     7   6.8420
#        2028       0.01673      6.41      2.00     7   6.8430
#        2029       0.01862      8.23      2.00     7   6.8430
#        2030       0.01188      6.72      2.00     6   6.8449
#        2034       0.01580      5.09      2.00     5   6.8491
#        2036       0.01599      8.87      2.00     7   6.8522
#        2037       0.01594      6.79      2.00     7   6.8522
#        2038       0.01669      6.05      2.00     6   6.8537
#        2039       0.01355      6.73      2.00     6   6.8532
#        2040       0.01196      8.38      2.00     6   6.8539
#        2042       0.00611      5.64      2.00     5   6.8562
#        2043       0.01560      4.70      2.00     7   6.8564
#        2044       0.01717      4.89      2.00     7   6.8568
#        2046       0.01641     17.13      2.00     7   6.8575
#        2047       0.01592      6.81      2.00     7   6.8578
#        2048       0.01589      4.50      2.00     7   6.8578
#        2049       0.01604      4.20      2.00     7   6.8597
#        2050       0.01049      4.84      2.00     4   6.8628
#        2051       0.03717      7.31      2.00     6   6.8631
#        2052       0.02200      6.94      2.00     7   6.8633
#        2053       0.01870     12.93      2.00     7   6.8640
#        2054       0.02353      4.83      2.00     7   6.8637
#        2055       0.02849     19.93      2.00     7   6.8640
#        2056       0.02290     10.45      2.00     7   6.8640
#        2057       0.00628      5.12      2.00     5   6.8652
#        2058       0.01296      9.27      2.00     6   6.8655
#        2059       0.00852      6.32      2.00     6   6.8655
#        2060       0.02591      6.05      2.00     7   6.8662
#        2061       0.04839     11.85      2.00     7   6.8661
#        2063       0.02164     12.01      2.00     6   6.8682
#        2064       0.05295      8.90      2.00     7   6.8684
#        2065       0.02980      4.05      2.00     7   6.8683
#        2067       0.02204      5.44      2.00     7   6.8694
#        2068       0.02062     12.68      2.00     7   6.8694
#        2069       0.02164      5.25      2.00     7   6.8708
#        2070       0.03651      9.12      2.00     7   6.8707
#        2072       0.02059      5.31      2.00     7   6.8707
#        2073       0.01585     27.36      2.00     7   6.8707
#        2074       0.02593      4.24      2.00     7   6.8712
#        2075       0.02188      5.64      2.00     7   6.8712
#        2076       0.01679      4.43      2.00     7   6.8712
#        2077       0.02298      8.97      2.00     7   6.8709
#        2078       0.02495      5.48      2.00     7   6.8729
#        2079       0.02355      7.64      2.00     7   6.8729
#        2080       0.01794      5.14      2.00     7   6.8726
#        2081       0.02767      6.84      2.00     7   6.8729
#        2082       0.01677      5.80      2.00     7   6.8734
#        2083       0.01958      5.99      2.00     7   6.8729
#        2085       0.02387      5.24      2.00     7   6.8740
#        2086       0.02770      6.94      2.00     7   6.8740
#        2087       0.02798      7.28      2.00     7   6.8740
#        2088       0.01450      4.62      2.00     5   6.8753
#        2089       0.02051     16.89      2.00     7   6.8751
#        2090       0.02204     21.47      2.00     7   6.8765
#        2091       0.07888      9.75      2.00     7   6.8794
#        2092       0.03405      9.85      2.00     7   6.8794
#        2093       0.02580      6.59      2.00     7   6.8794
#        2095       0.01767      4.19      2.00     7   6.8800
#        2096       0.01850      4.28      2.00     7   6.8806
#        2098       0.01779      6.87      2.00     7   6.8811
#        2099       0.01607      4.77      2.00     7   6.8825
#        2100       0.01944     12.99      2.00     7   6.8830
#        2101       0.01698      4.12      2.00     7   6.8842
#        2102       0.01241      8.53      2.00     6   6.8847
#        2103       0.05843      9.42      2.00     7   6.8848
#        2104       0.03740      9.11      2.00     7   6.8848
#        2105       0.01053      4.35      2.00     6   6.8857
#        2106       0.02247      5.69      2.00     7   6.8861
#        2107       0.01687      5.82      2.00     7   6.8883
#        2108       0.01688      5.86      2.00     7   6.8883
#        2109       0.01836      8.69      2.00     7   6.8895
#        2110       0.02376      5.97      2.00     7   6.8918
#        2111       0.02819     13.26      2.00     6   6.8921
#        2113       0.02690     12.46      2.00     6   6.8935
#        2114       0.03172     14.24      2.00     7   6.8936
#        2115       0.02150     28.25      2.00     7   6.8940
#        2116       0.01699      4.36      2.00     6   6.8953
#        2117       0.02320     16.54      2.00     6   6.8961
#        2118       0.01958     32.16      2.00     7   6.8960
#        2121       0.08516      6.37      2.00     7   6.8975
#        2122       0.04193      6.22      2.00     7   6.8977
#        2124       0.06633      8.48      2.00     7   6.9001
#        2128       0.01218      7.65      2.00     6   6.9024
#        2129       0.03508      8.31      2.00     7   6.9028
#        2130       0.01801      5.64      2.00     7   6.9032
#        2131       0.04917      7.76      2.00     7   6.9037
#        2132       0.03148      7.61      2.00     7   6.9037
#        2133       0.01241     12.97      2.00     7   6.9035
#        2135       0.02601      4.40      2.00     7   6.9063
#        2136       0.04193      5.21      2.00     6   6.9076
#        2137       0.04825      7.41      2.00     7   6.9101
#        2138       0.02867      7.29      2.00     7   6.9101
#        2141       0.00683      4.37      2.00     5   6.9105
#        2142       0.00685      4.40      2.00     5   6.9105
#        2144       0.02627     16.03      2.00     6   6.9116
#        2146       0.02204      5.57      2.00     7   6.9121
#        2147       0.02466      8.07      2.00     7   6.9121
#        2148       0.02220      4.37      2.00     7   6.9126
#        2150       0.01813      4.25      2.00     7   6.9136
#        2151       0.01579      4.96      2.00     5   6.9142
#        2153       0.02180     19.89      2.00     7   6.9146
#        2156       0.00897      9.78      2.00     5   6.9183
#        2158       0.01253      4.04      2.00     6   6.9190
#        2162       0.01714      4.93      2.00     7   6.9208
#        2163       0.01593      4.42      2.00     7   6.9215
#        2164       0.01808      5.98      2.00     7   6.9223
#        2166       0.01953     14.23      2.00     7   6.9233
#        2167       0.01065      4.17      2.00     6   6.9244
#        2168       0.01081      5.78      2.00     6   6.9244
#        2170       0.01329      5.20      2.00     6   6.9268
#        2171       0.01323      5.72      2.00     6   6.9268
#        2173       0.02000      8.59      2.00     6   6.9272
#        2175       0.02160     13.67      2.00     6   6.9299
#        2176       0.01109      4.67      2.00     6   6.9297
#        2177       0.01525     11.19      2.00     6   6.9299
#        2178       0.01171      5.32      2.00     6   6.9297
#  1649/2000 paths used
#  -----------------------------------------------------------------------
#       k          chi          mag           phase @#
     0.0000    1.034573E+01  1.127017E+01  1.978650E+00
     0.0500    1.000383E+01  1.109808E+01  2.018595E+00
     0.1000    9.652206E+00  1.092680E+01  2.058627E+00
     0.1500    8.590065E+00  1.044615E+01  2.176118E+00
     0.2000    7.473456E+00  9.971543E+00  2.294319E+00
     0.2500    5.681212E+00  9.282216E+00  2.482938E+00
     0.3000    3.884536E+00  8.603712E+00  2.673152E+00
     0.3500    1.703348E+00  7.840086E+00  2.922585E+00
     0.4000   -2.249034E-01  7.086920E+00  3.173333E+00
     0.4500   -2.029544E+00  6.354455E+00  3.466678E+00
     0.5000   -3.257320E+00  5.623992E+00  3.759319E+00
     0.5500   -4.013980E+00  4.984135E+00  4.077861E+00
     0.6000   -4.110655E+00  4.330838E+00  4.392147E+00
     0.6500   -3.800179E+00  3.800204E+00  4.716040E+00
     0.7000   -3.081706E+00  3.244839E+00  5.030828E+00
     0.7500   -2.269556E+00  2.812303E+00  5.344114E+00
     0.8000   -1.408512E+00  2.356365E+00  5.642496E+00
     0.8500   -6.857329E-01  2.009394E+00  5.934925E+00
     0.9000   -1.283113E-01  1.649846E+00  6.205335E+00
     0.9500    2.569107E-01  1.376130E+00  6.470978E+00
     1.0000    4.517668E-01  1.103393E+00  6.705019E+00
     1.0500    5.478093E-01  9.006109E-01  6.937057E+00
     1.1000    5.292212E-01  7.084682E-01  7.126714E+00
     1.1500    4.818363E-01  5.608926E-01  7.316601E+00
     1.2000    3.948609E-01  4.301427E-01  7.446134E+00
     1.2500    3.133484E-01  3.268582E-01  7.565468E+00
     1.3000    2.371013E-01  2.459475E-01  7.584963E+00
     1.3500    1.785562E-01  1.877720E-01  7.539382E+00
     1.4000    1.419627E-01  1.590082E-01  7.386712E+00
     1.4500    1.251386E-01  1.534210E-01  7.237045E+00
     1.5000    1.304482E-01  1.676980E-01  7.174464E+00
     1.5500    1.478049E-01  1.843784E-01  7.213217E+00
     1.6000    1.727289E-01  2.000111E-01  7.325545E+00
     1.6500    1.943146E-01  2.085450E-01  7.482425E+00
     1.7000    2.061684E-01  2.098324E-01  7.666832E+00
     1.7500    2.035425E-01  2.035518E-01  7.863567E+00
     1.8000    1.846028E-01  1.888567E-01  8.066628E+00
     1.8500    1.555012E-01  1.692612E-01  8.259989E+00
     1.9000    1.219787E-01  1.460732E-01  8.436551E+00
     1.9500    8.033272E-02  1.064133E-01  8.569258E+00
     2.0000    6.840893E-02  1.004609E-01  8.675718E+00
     2.0500    5.050830E-02  8.206916E-02  8.761839E+00
     2.1000    4.224406E-02  6.821813E-02  8.756991E+00
     2.1500    4.094611E-02  6.123355E-02  8.692336E+00
     2.2000    4.164892E-02  5.834723E-02  8.629852E+00
     2.2500    3.731898E-02  5.217998E-02  8.627872E+00
     2.3000    3.784068E-02  4.982499E-02  8.562277E+00
     2.3500    4.232782E-02  5.249514E-02  8.486876E+00
     2.4000    4.928999E-02  5.971454E-02  8.453820E+00
     2.4500    5.370289E-02  6.628294E-02  8.480273E+00
     2.5000    5.773772E-02  7.553138E-02  8.554636E+00
     2.5500    5.889940E-02  8.621066E-02  8.672638E+00
     2.6000    5.523657E-02  9.734042E-02  8.821363E+00
     2.6500    4.389873E-02  1.046452E-01  8.991883E+00
     2.7000    2.768422E-02  1.117875E-01  9.174524E+00
     2.7500    6.961343E-03  1.185012E-01  9.365999E+00
     2.8000   -1.721136E-02  1.246022E-01  9.563352E+00
     2.8500   -4.143070E-02  1.272457E-01  9.756420E+00
     2.9000   -6.510620E-02  1.293698E-01  9.952141E+00
     2.9500   -8.680469E-02  1.309926E-01  1.014915E+01
     3.0000   -1.053158E-01  1.321876E-01  1.034662E+01
     3.0500   -1.185187E-01  1.319995E-01  1.053969E+01
     3.1000   -1.271683E-01  1.316437E-01  1.073407E+01
     3.1500   -1.307794E-01  1.310605E-01  1.093007E+01
     3.2000   -1.290312E-01  1.301606E-01  1.112740E+01
     3.2500   -1.218205E-01  1.286776E-01  1.132350E+01
     3.3000   -1.098595E-01  1.270263E-01  1.152151E+01
     3.3500   -9.349538E-02  1.250054E-01  1.172143E+01
     3.4000   -7.357161E-02  1.224550E-01  1.192186E+01
     3.4500   -5.144391E-02  1.193630E-01  1.212078E+01
     3.5000   -2.845361E-02  1.159215E-01  1.231838E+01
     3.5500   -5.899495E-03  1.121889E-01  1.251376E+01
     3.6000    1.507057E-02  1.082511E-01  1.270604E+01
     3.6500    3.327233E-02  1.040969E-01  1.289171E+01
     3.7000    4.846733E-02  9.998647E-02  1.307244E+01
     3.7500    6.052196E-02  9.606572E-02  1.324793E+01
     3.8000    6.959545E-02  9.247204E-02  1.341839E+01
     3.8500    7.600295E-02  8.947080E-02  1.358135E+01
     3.9000    8.025258E-02  8.699062E-02  1.374099E+01
     3.9500    8.266809E-02  8.506773E-02  1.389908E+01
     4.0000    8.341867E-02  8.368314E-02  1.405764E+01
     4.0500    8.267369E-02  8.293312E-02  1.421628E+01
     4.1000    8.018284E-02  8.257607E-02  1.437851E+01
     4.1500    7.570918E-02  8.249083E-02  1.454549E+01
     4.2000    6.901597E-02  8.254463E-02  1.471782E+01
     4.2500    6.018382E-02  8.279367E-02  1.489415E+01
     4.3000    4.905313E-02  8.297632E-02  1.507545E+01
     4.3500    3.585883E-02  8.300029E-02  1.526122E+01
     4.4000    2.106293E-02  8.279382E-02  1.545073E+01
     4.4500    5.386001E-03  8.249884E-02  1.564263E+01
     4.5000   -1.051346E-02  8.191586E-02  1.583666E+01
     4.5500   -2.580356E-02  8.103738E-02  1.603202E+01
     4.6000   -3.968720E-02  7.987319E-02  1.622796E+01
     4.6500   -5.161174E-02  7.862096E-02  1.642408E+01
     4.7000   -6.097550E-02  7.712002E-02  1.661985E+01
     4.7500   -6.741729E-02  7.540192E-02  1.681439E+01
     4.8000   -7.083236E-02  7.352966E-02  1.700706E+01
     4.8500   -7.143935E-02  7.166696E-02  1.719904E+01
     4.9000   -6.931383E-02  6.973710E-02  1.738899E+01
     4.9500   -6.478940E-02  6.777753E-02  1.757680E+01
     5.0000   -5.827124E-02  6.582147E-02  1.776243E+01
     5.0500   -5.020719E-02  6.397272E-02  1.794715E+01
     5.1000   -4.099008E-02  6.218604E-02  1.812986E+01
     5.1500   -3.103316E-02  6.048081E-02  1.831075E+01
     5.2000   -2.071288E-02  5.887291E-02  1.849004E+01
     5.2500   -1.027384E-02  5.745060E-02  1.866976E+01
     5.3000   -4.210078E-05  5.614589E-02  1.884881E+01
     5.3500    9.734315E-03  5.495872E-02  1.902762E+01
     5.4000    1.883662E-02  5.388488E-02  1.920667E+01
     5.4500    2.720536E-02  5.297956E-02  1.938882E+01
     5.5000    3.449944E-02  5.214799E-02  1.957246E+01
     5.5500    4.050381E-02  5.136610E-02  1.975797E+01
     5.6000    4.501084E-02  5.060693E-02  1.994563E+01
     5.6500    4.791229E-02  4.989033E-02  2.013782E+01
     5.7000    4.893921E-02  4.912976E-02  2.033225E+01
     5.7500    4.801826E-02  4.830167E-02  2.052873E+01
     5.8000    4.517792E-02  4.738792E-02  2.072696E+01
     5.8500    4.057813E-02  4.643433E-02  2.092802E+01
     5.9000    3.442869E-02  4.537620E-02  2.112977E+01
     5.9500    2.709102E-02  4.421805E-02  2.133172E+01
     6.0000    1.899200E-02  4.297096E-02  2.153335E+01
     6.0500    1.057518E-02  4.182619E-02  2.173554E+01
     6.1000    2.220810E-03  4.063316E-02  2.193647E+01
     6.1500   -5.686249E-03  3.941312E-02  2.213593E+01
     6.2000   -1.283178E-02  3.818626E-02  2.233385E+01
     6.2500   -1.898055E-02  3.696972E-02  2.253030E+01
     6.3000   -2.397300E-02  3.577608E-02  2.272547E+01
     6.3500   -2.771478E-02  3.461245E-02  2.291964E+01
     6.4000   -3.016447E-02  3.348040E-02  2.311312E+01
     6.4500   -3.132374E-02  3.237662E-02  2.330622E+01
     6.5000   -3.123264E-02  3.129431E-02  2.349916E+01
     6.5500   -3.022869E-02  3.049684E-02  2.369465E+01
     6.6000   -2.810884E-02  2.969530E-02  2.389030E+01
     6.6500   -2.500762E-02  2.888188E-02  2.408588E+01
     6.7000   -2.110628E-02  2.805239E-02  2.428106E+01
     6.7500   -1.662354E-02  2.720706E-02  2.447542E+01
     6.8000   -1.179911E-02  2.635081E-02  2.466847E+01
     6.8500   -6.872683E-03  2.549288E-02  2.485977E+01
     6.9000   -2.062714E-03  2.464591E-02  2.504895E+01
     6.9500    2.450646E-03  2.382450E-02  2.523579E+01
     7.0000    6.534788E-03  2.304348E-02  2.542027E+01
     7.0500    1.021854E-02  2.242059E-02  2.560597E+01
     7.1000    1.334162E-02  2.185093E-02  2.578953E+01
     7.1500    1.587604E-02  2.134440E-02  2.597148E+01
     7.2000    1.781249E-02  2.090583E-02  2.615260E+01
     7.2500    1.914628E-02  2.053436E-02  2.633375E+01
     7.3000    1.986814E-02  2.022354E-02  2.651579E+01
     7.3500    1.996211E-02  1.996227E-02  2.669949E+01
     7.4000    1.941077E-02  1.973629E-02  2.688541E+01
     7.4500    1.820581E-02  1.952995E-02  2.707389E+01
     7.5000    1.636064E-02  1.932798E-02  2.726501E+01
     7.5500    1.393537E-02  1.913809E-02  2.745872E+01
     7.6000    1.100919E-02  1.894126E-02  2.765410E+01
     7.6500    7.696048E-03  1.873131E-02  2.785093E+01
     7.7000    4.135459E-03  1.850406E-02  2.804894E+01
     7.7500    4.840271E-04  1.825743E-02  2.824782E+01
     7.8000   -3.095626E-03  1.799134E-02  2.844726E+01
     7.8500   -6.446792E-03  1.770748E-02  2.864697E+01
     7.9000   -9.429542E-03  1.740892E-02  2.884673E+01
     7.9500   -1.192890E-02  1.709959E-02  2.904639E+01
     8.0000   -1.385945E-02  1.678369E-02  2.924590E+01
     8.0500   -1.521160E-02  1.651467E-02  2.944522E+01
     8.1000   -1.592522E-02  1.625075E-02  2.964463E+01
     8.1500   -1.599295E-02  1.599295E-02  2.984436E+01
     8.2000   -1.542854E-02  1.574084E-02  3.004466E+01
     8.2500   -1.426575E-02  1.549263E-02  3.024578E+01
     8.3000   -1.255830E-02  1.524536E-02  3.044794E+01
     8.3500   -1.038057E-02  1.499523E-02  3.065131E+01
     8.4000   -7.827797E-03  1.473800E-02  3.085599E+01
     8.4500   -5.014913E-03  1.446939E-02  3.106200E+01
     8.5000   -2.073059E-03  1.418550E-02  3.126926E+01
     8.5500    8.722278E-04  1.396522E-02  3.147842E+01
     8.6000    3.697953E-03  1.372737E-02  3.168868E+01
     8.6500    6.266755E-03  1.346952E-02  3.189985E+01
     8.7000    8.454526E-03  1.319010E-02  3.211169E+01
     8.7500    1.015987E-02  1.288852E-02  3.232395E+01
     8.8000    1.131202E-02  1.256515E-02  3.253631E+01
     8.8500    1.187607E-02  1.222128E-02  3.274848E+01
     8.9000    1.185487E-02  1.185907E-02  3.296013E+01
     8.9500    1.128716E-02  1.148142E-02  3.317094E+01
     9.0000    1.024247E-02  1.109187E-02  3.338062E+01
     9.0500    8.872996E-03  1.077952E-02  3.359061E+01
     9.1000    7.195580E-03  1.046173E-02  3.379906E+01
     9.1500    5.316069E-03  1.014231E-02  3.400581E+01
     9.2000    3.339445E-03  9.825126E-03  3.421072E+01
     9.2500    1.362847E-03  9.513826E-03  3.441378E+01
     9.3000   -5.293339E-04  9.211673E-03  3.461501E+01
     9.3500   -2.268053E-03  8.921360E-03  3.481457E+01
     9.4000   -3.800094E-03  8.644865E-03  3.501265E+01
     9.4500   -5.086939E-03  8.383351E-03  3.520954E+01
     9.5000   -6.102743E-03  8.137135E-03  3.540556E+01
     9.5500   -6.882325E-03  7.956719E-03  3.560261E+01
     9.6000   -7.372828E-03  7.790144E-03  3.579951E+01
     9.6500   -7.569694E-03  7.635835E-03  3.599660E+01
     9.7000   -7.475597E-03  7.491821E-03  3.619414E+01
     9.7500   -7.101018E-03  7.355916E-03  3.639234E+01
     9.8000   -6.465073E-03  7.225898E-03  3.659133E+01
     9.8500   -5.596170E-03  7.099661E-03  3.679118E+01
     9.9000   -4.532071E-03  6.975345E-03  3.699189E+01
     9.9500   -3.319116E-03  6.851410E-03  3.719339E+01
    10.0000   -2.010518E-03  6.726685E-03  3.739559E+01
    10.0500   -6.603967E-04  6.629523E-03  3.759933E+01
    10.1000    6.818235E-04  6.530192E-03  3.780371E+01
    10.1500    1.957841E-03  6.428223E-03  3.800860E+01
    10.2000    3.113081E-03  6.323415E-03  3.821385E+01
    10.2500    4.099727E-03  6.215790E-03  3.841935E+01
    10.3000    4.879222E-03  6.105544E-03  3.862499E+01
    10.3500    5.424070E-03  5.992996E-03  3.883065E+01
    10.4000    5.718831E-03  5.878540E-03  3.903628E+01
    10.4500    5.760329E-03  5.762605E-03  3.924180E+01
    10.5000    5.557153E-03  5.645622E-03  3.944717E+01
    10.5500    5.128566E-03  5.527997E-03  3.965238E+01
    10.6000    4.502960E-03  5.410096E-03  3.985741E+01
    10.6500    3.716011E-03  5.292230E-03  4.006227E+01
    10.7000    2.808656E-03  5.174656E-03  4.026697E+01
    10.7500    1.825000E-03  5.057567E-03  4.047153E+01
    10.8000    8.102514E-04  4.941105E-03  4.067598E+01
    10.8500   -1.912455E-04  4.825357E-03  4.088035E+01
    10.9000   -1.137819E-03  4.710365E-03  4.108467E+01
    10.9500   -1.992073E-03  4.596134E-03  4.128899E+01
    11.0000   -2.722239E-03  4.482636E-03  4.149334E+01
    11.0500   -3.334973E-03  4.407941E-03  4.169878E+01
    11.1000   -3.788553E-03  4.334369E-03  4.190423E+01
    11.1500   -4.069333E-03  4.261900E-03  4.210975E+01
    11.2000   -4.171145E-03  4.190487E-03  4.231538E+01
    11.2500   -4.095288E-03  4.120051E-03  4.252119E+01
    11.3000   -3.850258E-03  4.050480E-03  4.272724E+01
    11.3500   -3.451223E-03  3.981620E-03  4.293357E+01
    11.4000   -2.919305E-03  3.913271E-03  4.314026E+01
    11.4500   -2.280672E-03  3.845181E-03  4.334736E+01
    11.5000   -1.565494E-03  3.777050E-03  4.355493E+01
    11.5500   -8.067551E-04  3.708534E-03  4.376300E+01
    11.6000   -3.892615E-05  3.639264E-03  4.397160E+01
    11.6500    7.035030E-04  3.568867E-03  4.418072E+01
    11.7000    1.387613E-03  3.496994E-03  4.439033E+01
    11.7500    1.983703E-03  3.423350E-03  4.460037E+01
    11.8000    2.466891E-03  3.347720E-03  4.481075E+01
    11.8500    2.818520E-03  3.269988E-03  4.502137E+01
    11.9000    3.027215E-03  3.190152E-03  4.523211E+01
    11.9500    3.089446E-03  3.108326E-03  4.544282E+01
    12.0000    3.009531E-03  3.024729E-03  4.565338E+01
    12.0500    2.830208E-03  2.976846E-03  4.586827E+01
    12.1000    2.525720E-03  2.927196E-03  4.608302E+01
    12.1500    2.115302E-03  2.876018E-03  4.629749E+01
    12.2000    1.622871E-03  2.823616E-03  4.651159E+01
    12.2500    1.075378E-03  2.770343E-03  4.672524E+01
    12.3000    5.010767E-04  2.716574E-03  4.693838E+01
    12.3500   -7.211337E-05  2.662689E-03  4.715098E+01
    12.4000   -6.180380E-04  2.609040E-03  4.736305E+01
    12.4500   -1.113437E-03  2.555937E-03  4.757463E+01
    12.5000   -1.538752E-03  2.503623E-03  4.778578E+01
    12.5500   -1.878625E-03  2.452264E-03  4.799661E+01
    12.6000   -2.122157E-03  2.401940E-03  4.820721E+01
    12.6500   -2.262975E-03  2.352640E-03  4.841771E+01
    12.7000   -2.299186E-03  2.304273E-03  4.862823E+01
    12.7500   -2.233261E-03  2.256674E-03  4.883886E+01
    12.8000   -2.071844E-03  2.209630E-03  4.904970E+01
    12.8500   -1.825481E-03  2.162896E-03  4.926079E+01
    12.9000   -1.508216E-03  2.116225E-03  4.947215E+01
    12.9500   -1.137015E-03  2.069391E-03  4.968378E+01
    13.0000   -7.309856E-04  2.022210E-03  4.989563E+01
    13.0500   -3.146212E-04  1.987144E-03  5.010649E+01
    13.1000    1.014094E-04  1.951505E-03  5.031747E+01
    13.1500    4.979443E-04  1.915246E-03  5.052849E+01
    13.2000    8.573394E-04  1.878378E-03  5.073946E+01
    13.2500    1.164403E-03  1.840961E-03  5.095026E+01
    13.3000    1.407151E-03  1.803099E-03  5.116080E+01
    13.3500    1.577313E-03  1.764929E-03  5.137100E+01
    13.4000    1.670574E-03  1.726616E-03  5.158080E+01
    13.4500    1.686536E-03  1.688333E-03  5.179014E+01
    13.5000    1.628449E-03  1.650253E-03  5.199901E+01
    13.5500    1.502753E-03  1.612537E-03  5.220741E+01
    13.6000    1.318504E-03  1.575328E-03  5.241535E+01
    13.6500    1.086737E-03  1.538735E-03  5.262288E+01
    13.7000    8.198266E-04  1.502842E-03  5.283007E+01
    13.7500    5.308729E-04  1.467694E-03  5.303698E+01
    13.8000    2.331345E-04  1.433309E-03  5.324369E+01
    13.8500   -6.048340E-05  1.399672E-03  5.345030E+01
    13.9000   -3.378856E-04  1.366747E-03  5.365688E+01
    13.9500   -5.881909E-04  1.334477E-03  5.386353E+01
    14.0000   -8.020819E-04  1.302787E-03  5.407031E+01
    14.0500   -9.844713E-04  1.285095E-03  5.427978E+01
    14.1000   -1.119467E-03  1.267714E-03  5.448942E+01
    14.1500   -1.202378E-03  1.250605E-03  5.469926E+01
    14.2000   -1.230834E-03  1.233732E-03  5.490932E+01
    14.2500   -1.204848E-03  1.217056E-03  5.511963E+01
    14.3000   -1.126779E-03  1.200537E-03  5.533023E+01
    14.3500   -1.001201E-03  1.184130E-03  5.554114E+01
    14.4000   -8.346816E-04  1.167780E-03  5.575239E+01
    14.4500   -6.354905E-04  1.151429E-03  5.596401E+01
    14.5000   -4.132385E-04  1.135009E-03  5.617602E+01
    14.5500   -1.784575E-04  1.118449E-03  5.638842E+01
    14.6000    5.787068E-05  1.101675E-03  5.660122E+01
    14.6500    2.848264E-04  1.084621E-03  5.681439E+01
    14.7000    4.920848E-04  1.067228E-03  5.702789E+01
    14.7500    6.704413E-04  1.049453E-03  5.724167E+01
    14.8000    8.122909E-04  1.031274E-03  5.745567E+01
    14.8500    9.120234E-04  1.012686E-03  5.766981E+01
    14.9000    9.662954E-04  9.937070E-04  5.788404E+01
    14.9500    9.741547E-04  9.743735E-04  5.809827E+01
    15.0000    9.370078E-04  9.547351E-04  5.831247E+01
    15.0500    8.647840E-04  9.404420E-04  5.852333E+01
    15.1000    7.564424E-04  9.258648E-04  5.873405E+01
    15.1500    6.181103E-04  9.110573E-04  5.894460E+01
    15.2000    4.570912E-04  8.960755E-04  5.915496E+01
    15.2500    2.814482E-04  8.809745E-04  5.936509E+01
    15.3000    9.958001E-05  8.658057E-04  5.957499E+01
    15.3500   -8.018962E-05  8.506150E-04  5.978467E+01
    15.4000   -2.499885E-04  8.354426E-04  5.999414E+01
    15.4500   -4.027268E-04  8.203224E-04  6.020343E+01
    15.5000   -5.323708E-04  8.052816E-04  6.041254E+01
    15.5500   -6.341528E-04  7.903407E-04  6.062153E+01
    15.6000   -7.047118E-04  7.755121E-04  6.083043E+01
    15.6500   -7.421676E-04  7.607988E-04  6.103929E+01
    15.7000   -7.461313E-04  7.461933E-04  6.124816E+01
    15.7500   -7.176617E-04  7.316768E-04  6.145710E+01
    15.8000   -6.591742E-04  7.172195E-04  6.166614E+01
    15.8500   -5.743097E-04  7.027828E-04  6.187533E+01
    15.9000   -4.677632E-04  6.883225E-04  6.208468E+01
    15.9500   -3.450718E-04  6.737932E-04  6.229419E+01
    16.0000   -2.123598E-04  6.591539E-04  6.250383E+01
    16.0500   -7.882764E-05  6.473760E-04  6.270979E+01
    16.1000    5.329930E-05  6.354789E-04  6.291582E+01
    16.1500    1.783068E-04  6.234513E-04  6.312190E+01
    16.2000    2.909812E-04  6.112904E-04  6.332797E+01
    16.2500    3.868530E-04  5.990026E-04  6.353396E+01
    16.3000    4.623954E-04  5.866023E-04  6.373983E+01
    16.3500    5.151634E-04  5.741107E-04  6.394552E+01
    16.4000    5.438659E-04  5.615541E-04  6.415099E+01
    16.4500    5.483691E-04  5.489610E-04  6.435621E+01
    16.5000    5.296379E-04  5.363606E-04  6.456114E+01
    16.5500    4.896232E-04  5.237801E-04  6.476579E+01
    16.6000    4.311108E-04  5.112435E-04  6.497013E+01
    16.6500    3.575430E-04  4.987701E-04  6.517417E+01
    16.7000    2.728261E-04  4.863749E-04  6.537793E+01
    16.7500    1.811333E-04  4.740685E-04  6.558140E+01
    16.8000    8.670921E-05  4.618582E-04  6.578459E+01
    16.8500   -6.317059E-06  4.497502E-04  6.598749E+01
    16.9000   -9.410538E-05  4.377503E-04  6.619011E+01
    16.9500   -1.732586E-04  4.258657E-04  6.639244E+01
    17.0000   -2.409502E-04  4.141063E-04  6.659445E+01
    17.0500   -2.981050E-04  4.052737E-04  6.679995E+01
    17.1000   -3.404214E-04  3.966665E-04  6.700521E+01
    17.1500   -3.668415E-04  3.882883E-04  6.721032E+01
    17.2000   -3.769858E-04  3.801377E-04  6.741538E+01
    17.2500   -3.711261E-04  3.722068E-04  6.762046E+01
    17.3000   -3.501403E-04  3.644812E-04  6.782569E+01
    17.3500   -3.154555E-04  3.569395E-04  6.803116E+01
    17.4000   -2.689819E-04  3.495537E-04  6.823698E+01
    17.4500   -2.130388E-04  3.422897E-04  6.844324E+01
    17.5000   -1.502722E-04  3.351087E-04  6.865003E+01
    17.5500   -8.356023E-05  3.279684E-04  6.885742E+01
    17.6000   -1.590611E-05  3.208253E-04  6.906544E+01
    17.6500    4.968341E-05  3.136367E-04  6.927412E+01
    17.7000    1.103316E-04  3.063627E-04  6.948345E+01
    17.7500    1.634316E-04  2.989683E-04  6.969340E+01
    17.8000    2.067829E-04  2.914248E-04  6.990391E+01
    17.8500    2.387139E-04  2.837111E-04  7.011490E+01
    17.9000    2.581773E-04  2.758143E-04  7.032628E+01
    17.9500    2.648076E-04  2.677303E-04  7.053794E+01
    18.0000    2.589329E-04  2.594628E-04  7.074976E+01
    18.0500    2.449324E-04  2.544496E-04  7.096020E+01
    18.1000    2.205355E-04  2.492474E-04  7.117055E+01
    18.1500    1.873403E-04  2.438808E-04  7.138066E+01
    18.2000    1.473270E-04  2.383808E-04  7.159039E+01
    18.2500    1.027170E-04  2.327830E-04  7.179963E+01
    18.3000    5.582558E-05  2.271253E-04  7.200829E+01
    18.3500    8.923402E-06  2.214461E-04  7.221632E+01
    18.4000   -3.588341E-05  2.157824E-04  7.242370E+01
    18.4500   -7.674604E-05  2.101676E-04  7.263044E+01
    18.5000   -1.121361E-04  2.046301E-04  7.283660E+01
    18.5500   -1.408805E-04  1.991922E-04  7.304224E+01
    18.6000   -1.621718E-04  1.938688E-04  7.324750E+01
    18.6500   -1.755612E-04  1.886673E-04  7.345250E+01
    18.7000   -1.809398E-04  1.835878E-04  7.365738E+01
    18.7500   -1.785143E-04  1.786229E-04  7.386231E+01
    18.8000   -1.687790E-04  1.737594E-04  7.406743E+01
    18.8500   -1.524884E-04  1.689791E-04  7.427289E+01
    18.9000   -1.306256E-04  1.642599E-04  7.447882E+01
    18.9500   -1.043682E-04  1.595778E-04  7.468533E+01
    19.0000   -7.504579E-05  1.549080E-04  7.489248E+01
    19.0500   -4.494219E-05  1.519995E-04  7.509806E+01
    19.1000   -1.397134E-05  1.490827E-04  7.530437E+01
    19.1500    1.650935E-05  1.461351E-04  7.551144E+01
    19.2000    4.516813E-05  1.431357E-04  7.571927E+01
    19.2500    7.076216E-05  1.400648E-04  7.592785E+01
    19.3000    9.220224E-05  1.369057E-04  7.613712E+01
    19.3500    1.086141E-04  1.336443E-04  7.634701E+01
    19.4000    1.193906E-04  1.302701E-04  7.655743E+01
    19.4500    1.242296E-04  1.267762E-04  7.676825E+01
    19.5000    1.231532E-04  1.231597E-04  7.697933E+01
    19.5500    1.165043E-04  1.194218E-04  7.719052E+01
    19.6000    1.049211E-04  1.155676E-04  7.740163E+01
    19.6500    8.928885E-05  1.116064E-04  7.761247E+01
    19.7000    7.067438E-05  1.075515E-04  7.782282E+01
    19.7500    5.024682E-05  1.034199E-04  7.803248E+01
    19.8000    2.919364E-05  9.923220E-05  7.824120E+01
    19.8500    8.638671E-06  9.501181E-05  7.844877E+01
    19.9000   -1.042949E-05  9.078453E-05  7.865495E+01
    19.9500   -2.721238E-05  8.657761E-05  7.885955E+01
    20.0000   -4.113538E-05  8.241885E-05  7.906238E+01
