# # Once                                                         FEFF 10.0.0 
# # POT  SCF 100  9.0000   0, NO core-hole, FOLP (folp(0)= 1.150)
# # Abs   Z=30 Rmt= 1.376 Rnm= 1.521 K  shell
# #   RGRID 0.0100
# # Pot 1 Z= 6 Rmt= 0.896 Rnm= 1.120
# # Pot 2 Z= 6 Rmt= 0.927 Rnm= 1.165
# # Pot 3 Z= 1 Rmt= 0.548 Rnm= 0.946
# # Pot 4 Z=16 Rmt= 1.261 Rnm= 1.482
# # Gam_ch=1.897E+00 H-L exch Vi=-5.000E-01 Vr= 0.000E+00
# # Mu=-7.329E+00eV kf=1.988E+00 Vint=-1.319E+01eV Rs_int= 1.824
# # PATH  Rmax= 9.000,  Keep_limit= 0.00, Heap_limit 0.00  Pwcrit= 2.50%
#  S02=1.000  Temp=  10.00  Debye_temp= 315.00  Global_sig2= 0.00000
#  Energy zero shift, vr, vi    0.00000E+00   0.00000E+00
#  Curved wave amplitude ratio filter   4.000%
#     file         sig2 tot  cw amp ratio   deg  nlegs   reff  inp sig2
#           1       0.00296    100.00      1.00     2   2.3554
#           2       0.00299     99.86      1.00     2   2.3567
#           3       0.00304     98.96      1.00     2   2.3656
#           4       0.00305     98.82      1.00     2   2.3669
#           5       0.02136     14.33      1.00     2   3.0407
#           6       0.02308     12.68      1.00     2   3.1975
#           7       0.02960     12.54      1.00     2   3.2126
#           8       0.02319     12.52      1.00     2   3.2146
#           9       0.00560     43.76      1.00     2   3.2609
#          10       0.00566     42.38      1.00     2   3.3032
#          11       0.00585     41.98      1.00     2   3.3158
#          12       0.00616     41.75      1.00     2   3.3229
#          13       0.02344     11.00      1.00     2   3.3897
#          14       0.03351     10.38      1.00     2   3.4702
#          15       0.02474      9.68      1.00     2   3.5699
#          16       0.01067     18.44      2.00     3   3.7185
#          17       0.00401     49.52      2.00     3   3.7202
#          18       0.02263      8.60      1.00     2   3.7454
#          19       0.00408     48.44      2.00     3   3.7485
#          20       0.00420     48.79      2.00     3   3.7522
#          21       0.00417     48.39      2.00     3   3.7541
#          22       0.01149     13.13      2.00     3   3.7842
#          23       0.01150     14.10      2.00     3   3.8025
#          24       0.01438     13.80      2.00     3   3.8142
#          25       0.01204     10.87      2.00     3   3.8721
#          26       0.01448      9.16      2.00     3   3.9013
#          27       0.01052     27.34      1.00     2   3.9345
#          28       0.01474      8.80      2.00     3   3.9853
#          29       0.01685      8.77      2.00     3   3.9874
#          30       0.01478      8.70      2.00     3   3.9875
#          31       0.01288     10.67      2.00     3   3.9894
#          32       0.01274     13.61      2.00     3   4.0711
#          33       0.01461      8.34      2.00     3   4.0785
#          34       0.01825     10.99      1.00     4   4.1338
#          36       0.01500      7.96      2.00     3   4.1735
#          37       0.00451     18.27      1.00     4   4.1794
#          38       0.01854      4.65      2.00     3   4.1807
#          39       0.00442     16.61      1.00     4   4.1815
#          40       0.00456     16.74      1.00     4   4.1923
#          41       0.00453     17.06      1.00     4   4.1939
#          42       0.00440     11.18      2.00     3   4.2382
#          46       0.01839     15.78      2.00     3   4.2490
#          47       0.01336      6.24      1.00     2   4.2598
#          48       0.01880      4.48      2.00     3   4.2611
#          49       0.01428      7.86      2.00     3   4.2632
#          50       0.00428     11.74      2.00     3   4.2639
#          51       0.01856      4.57      2.00     3   4.2741
#          52       0.01837      9.56      1.00     4   4.2893
#          53       0.00421     12.00      2.00     3   4.2923
#          54       0.00419     12.04      2.00     3   4.2961
#          55       0.00428     12.35      2.00     3   4.3056
#          56       0.02620      9.42      1.00     4   4.3055
#          57       0.01800      9.31      1.00     4   4.3076
#          58       0.00999      4.42      2.00     4   4.3314
#          59       0.00438     12.70      2.00     3   4.3343
#          60       0.01136     25.75      2.00     3   4.3380
#          61       0.00621     21.82      2.00     3   4.3867
#          63       0.01673      5.93      2.00     4   4.3954
#          64       0.01044      5.91      1.00     4   4.3968
#          67       0.01141     29.37      1.00     4   4.4163
#          68       0.01065      6.11      2.00     4   4.4276
#          69       0.03260      5.57      1.00     2   4.4558
#          70       0.01730      5.68      2.00     4   4.4761
#          71       0.01811      7.99      1.00     4   4.4833
#          72       0.01745      5.89      2.00     4   4.4864
#          73       0.01204     11.80      2.00     3   4.5023
#          74       0.01066      9.35      2.00     4   4.5165
#          75       0.00586     18.34      2.00     3   4.5491
#          76       0.03395      8.26      1.00     4   4.5635
#          77       0.00952     26.67      2.00     4   4.5806
#          78       0.00947      6.13      2.00     4   4.5889
#          79       0.00953      4.03      2.00     4   4.5930
#          80       0.01588      4.10      2.00     4   4.5998
#          81       0.00614     18.15      1.00     2   4.6093
#          83       0.01302      6.34      2.00     3   4.6490
#          84       0.01855      6.95      1.00     4   4.6629
#          85       0.02704      4.93      1.00     2   4.6749
#          87       0.00536     17.36      1.00     2   4.6883
#          88       0.01754      8.93      2.00     4   4.6934
#          89       0.01148      8.28      2.00     4   4.7012
#          90       0.00586     17.17      1.00     2   4.7070
#          91       0.00592     11.54      1.00     4   4.7108
#          93       0.00598     11.51      1.00     4   4.7134
#          94       0.00548     47.85      2.00     3   4.7145
#          95       0.00472      4.98      2.00     4   4.7210
#          96       0.00457      4.46      2.00     4   4.7223
#          98       0.00461      4.54      2.00     4   4.7237
#          99       0.00608     11.30      1.00     4   4.7312
#         100       0.00549     61.14      2.00     3   4.7317
#         101       0.00467      5.64      2.00     4   4.7325
#         102       0.00610     11.27      1.00     4   4.7339
#         103       0.01953     10.89      2.00     3   4.7416
#         104       0.01401      6.16      1.00     4   4.7449
#         105       0.00963     19.30      2.00     4   4.7673
#         106       0.00572     54.98      2.00     3   4.7698
#         107       0.00610     65.82      1.00     4   4.7752
#         108       0.01536      6.48      2.00     5   4.8121
#         111       0.00528      8.85      2.00     4   4.8160
#         112       0.00611     47.35      1.00     4   4.8197
#         113       0.01953      4.54      1.00     2   4.8257
#         114       0.02044      4.81      2.00     4   4.8293
#         115       0.00653     57.69      1.00     4   4.8325
#         117       0.01729      6.03      1.00     4   4.8390
#         118       0.00956      8.48      2.00     5   4.8421
#         119       0.00940     48.18      2.00     5   4.8455
#         123       0.01279      7.06      2.00     4   4.8780
#         125       0.00500     25.54      2.00     3   4.8817
#         126       0.01485      4.02      2.00     5   4.8956
#         127       0.00879      8.90      2.00     3   4.9026
#         128       0.02045     12.54      2.00     5   4.9076
#         129       0.00481     29.62      2.00     3   4.9104
#         130       0.02428      5.39      2.00     3   4.9109
#         131       0.02449      4.34      1.00     2   4.9137
#         132       0.00503     29.65      2.00     3   4.9260
#         133       0.01525     17.27      2.00     3   4.9278
#         134       0.00449     56.18      2.00     4   4.9538
#         135       0.00758      4.91      2.00     3   4.9641
#         136       0.01559      9.44      2.00     5   4.9657
#         137       0.01648      5.17      2.00     3   4.9705
#         138       0.02179      4.18      1.00     2   4.9863
#         139       0.00463     40.26      2.00     4   4.9869
#         140       0.00467     52.08      2.00     4   4.9887
#         141       0.00507      9.00      2.00     4   5.0013
#         143       0.00916     16.77      2.00     4   5.0078
#         144       0.00954     22.16      2.00     5   5.0099
#         148       0.02239      6.33      2.00     3   5.0218
#         149       0.00899      7.93      2.00     3   5.0275
#         150       0.01587      5.95      1.00     4   5.0274
#         151       0.00859      7.71      2.00     3   5.0297
#         152       0.01354     18.12      1.00     4   5.0300
#         157       0.02649      4.46      2.00     4   5.0561
#         158       0.00701      5.01      2.00     3   5.0586
#         159       0.00707      4.81      2.00     3   5.0599
#         160       0.01735      6.20      2.00     3   5.0699
#         161       0.01599      4.77      2.00     5   5.0719
#         162       0.00918     18.45      2.00     4   5.0731
#         163       0.01652      9.53      2.00     5   5.0824
#         164       0.00641      8.61      1.00     4   5.0836
#         165       0.00935     17.45      2.00     4   5.0903
#         167       0.01636      6.33      2.00     4   5.1012
#         168       0.00853      6.59      2.00     3   5.1132
#         169       0.00638      8.46      1.00     4   5.1301
#         170       0.01155     11.07      2.00     4   5.1298
#         171       0.01104      8.63      2.00     5   5.1305
#         172       0.00535     15.80      1.00     4   5.1325
#         174       0.02196      6.63      2.00     4   5.1364
#         175       0.02217      8.43      2.00     3   5.1371
#         176       0.00660      8.47      1.00     4   5.1426
#         177       0.00543     16.05      1.00     4   5.1450
#         178       0.00676      8.56      1.00     4   5.1490
#         180       0.00541     11.07      1.00     4   5.1541
#         181       0.02239      4.01      2.00     3   5.1559
#         182       0.01424      6.73      2.00     3   5.1562
#         183       0.00972     17.54      2.00     4   5.1566
#         185       0.00481     33.45      2.00     4   5.1598
#         186       0.02164      9.64      2.00     3   5.1623
#         187       0.00564      4.24      1.00     4   5.1636
#         188       0.01841     11.82      2.00     5   5.1647
#         189       0.01391      4.37      2.00     3   5.1887
#         190       0.00467     41.42      2.00     4   5.1910
#         192       0.01387      8.15      2.00     4   5.1938
#         193       0.01722      7.23      2.00     3   5.1961
#         194       0.01264      6.36      2.00     4   5.1967
#         195       0.01651      8.13      2.00     3   5.2043
#         196       0.00483     39.54      2.00     4   5.2080
#         197       0.00663      5.89      2.00     3   5.2150
#         198       0.00872      5.57      2.00     3   5.2148
#         199       0.02136     11.03      2.00     3   5.2180
#         200       0.00485     94.36      2.00     5   5.2345
#         201       0.01172     24.00      2.00     5   5.2350
#         202       0.02483      4.18      2.00     4   5.2423
#         203       0.02168     12.05      2.00     3   5.2491
#         204       0.01179      5.91      2.00     4   5.2501
#         205       0.00838      4.56      2.00     3   5.2529
#         206       0.02154     11.51      2.00     3   5.2543
#         207       0.01216     10.92      2.00     4   5.2551
#         208       0.01159      5.75      2.00     4   5.2563
#         209       0.01242     10.55      2.00     4   5.2565
#         210       0.01515      5.48      2.00     6   5.2574
#         212       0.01164     14.38      2.00     4   5.2583
#         213       0.01606      8.73      2.00     3   5.2590
#         214       0.00509     72.42      2.00     5   5.2650
#         215       0.00570      9.29      2.00     5   5.2682
#         216       0.00516     87.17      2.00     5   5.2708
#         219       0.00940      4.31      1.00     6   5.2744
#         220       0.00991     21.89      1.00     6   5.2748
#         221       0.01060     15.68      2.00     4   5.2776
#         222       0.01951      5.55      2.00     4   5.2829
#         223       0.00936      4.33      1.00     6   5.2841
#         225       0.00931      6.37      1.00     6   5.2870
#         227       0.01144     11.56      2.00     4   5.2938
#         228       0.01264     27.41      2.00     5   5.2985
#         229       0.01549      8.56      2.00     3   5.3102
#         230       0.01606      8.51      2.00     3   5.3188
#         231       0.01287     25.23      2.00     5   5.3192
#         232       0.01320      8.50      2.00     5   5.3302
#         236       0.01923      9.37      2.00     6   5.3368
#         239       0.02415      6.49      1.00     4   5.3383
#         240       0.02415     10.39      1.00     4   5.3403
#         241       0.02403      8.68      1.00     4   5.3418
#         242       0.02352      5.86      2.00     5   5.3419
#         243       0.06451     11.68      2.00     5   5.3422
#         244       0.01228     10.08      2.00     4   5.3430
#         245       0.02089      9.96      2.00     5   5.3445
#         246       0.01977      5.13      2.00     4   5.3487
#         247       0.01280      4.55      2.00     3   5.3569
#         248       0.01611      6.39      2.00     5   5.3568
#         250       0.01095     13.89      2.00     4   5.3581
#         251       0.02404      9.56      1.00     4   5.3584
#         252       0.02407      4.89      1.00     4   5.3604
#         254       0.01682      4.40      2.00     4   5.3687
#         255       0.02003      5.14      2.00     4   5.3760
#         256       0.01272     12.16      2.00     4   5.3800
#         257       0.01597      9.95      2.00     4   5.3803
#         258       0.01590     12.38      2.00     4   5.3828
#         259       0.01158      5.29      2.00     3   5.3839
#         260       0.02323      5.15      2.00     4   5.3842
#         261       0.01301     26.25      2.00     5   5.3864
#         262       0.00657      9.18      2.00     3   5.3875
#         263       0.02242      4.07      2.00     3   5.3916
#         265       0.01118     10.32      2.00     4   5.4018
#         266       0.00946      6.68      2.00     5   5.4022
#         267       0.01613     13.35      2.00     4   5.4100
#         269       0.01499      9.90      2.00     3   5.4119
#         270       0.00481     44.17      2.00     5   5.4131
#         271       0.01606     12.87      2.00     4   5.4143
#         272       0.01606      4.53      2.00     4   5.4167
#         273       0.01510     10.83      2.00     3   5.4173
#         274       0.01164     11.83      2.00     4   5.4197
#         275       0.01606      7.73      2.00     4   5.4194
#         276       0.01480      4.72      1.00     4   5.4223
#         277       0.01465      9.30      1.00     4   5.4229
#         278       0.01719      4.94      2.00     5   5.4232
#         279       0.01480      5.63      1.00     4   5.4237
#         281       0.01527      4.11      2.00     6   5.4250
#         283       0.01160      8.05      2.00     3   5.4264
#         284       0.01123     12.43      2.00     4   5.4274
#         285       0.00488     43.67      2.00     5   5.4270
#         286       0.00482      5.05      2.00     5   5.4306
#         287       0.02280     20.77      2.00     5   5.4314
#         288       0.00484     33.35      2.00     5   5.4322
#         289       0.00620     11.78      2.00     3   5.4371
#         290       0.01113      6.32      2.00     3   5.4379
#         291       0.01967      4.73      2.00     4   5.4419
#         292       0.01254      9.43      2.00     4   5.4433
#         294       0.00758     10.66      2.00     5   5.4532
#         298       0.01519     10.34      2.00     3   5.4644
#         300       0.01464      7.78      1.00     4   5.4655
#         301       0.02769      4.60      2.00     3   5.4692
#         302       0.01485      5.55      1.00     4   5.4702
#         304       0.01024      7.25      2.00     5   5.4755
#         305       0.01037      7.65      2.00     5   5.4772
#         307       0.01133      6.73      2.00     3   5.4791
#         308       0.01485      8.67      1.00     4   5.4794
#         309       0.01526      5.51      1.00     4   5.4798
#         310       0.01092      6.84      2.00     5   5.4800
#         311       0.01177     27.88      2.00     5   5.4801
#         312       0.01201     10.04      2.00     5   5.4796
#         313       0.01115     12.46      2.00     4   5.4813
#         314       0.01202      9.09      2.00     4   5.4824
#         315       0.01093     28.63      2.00     5   5.4822
#         318       0.04028      5.88      2.00     6   5.4884
#         319       0.02096      5.86      2.00     6   5.4891
#         320       0.02094      5.30      1.00     6   5.4903
#         322       0.01228      4.10      2.00     5   5.4926
#         323       0.00656     10.99      2.00     3   5.4995
#         324       0.01365     24.30      2.00     5   5.5061
#         326       0.02310      5.26      2.00     3   5.5085
#         327       0.00641     11.87      2.00     3   5.5085
#         328       0.02061      7.28      2.00     6   5.5092
#         329       0.02341     27.50      1.00     6   5.5096
#         331       0.01569      5.66      2.00     6   5.5207
#         332       0.00775     11.29      2.00     5   5.5285
#         333       0.01176     12.97      2.00     4   5.5305
#         334       0.01318      4.89      2.00     5   5.5305
#         335       0.01152     10.49      2.00     3   5.5314
#         336       0.01128     11.65      2.00     4   5.5316
#         337       0.00776     11.65      2.00     5   5.5324
#         339       0.01138     11.80      2.00     4   5.5418
#         340       0.01136      8.29      2.00     4   5.5424
#         341       0.00771     17.39      2.00     5   5.5429
#         342       0.00935      8.24      2.00     5   5.5455
#         343       0.02366      6.44      2.00     4   5.5529
#         344       0.01172      6.59      2.00     4   5.5599
#         345       0.02043      4.40      2.00     4   5.5619
#         346       0.01164      9.52      2.00     4   5.5617
#         347       0.01670      9.96      2.00     5   5.5645
#         348       0.01101      7.75      2.00     5   5.5650
#         349       0.04442      5.64      2.00     6   5.5679
#         351       0.02160      5.60      2.00     6   5.5692
#         353       0.02241      9.00      2.00     5   5.5697
#         354       0.01181     11.30      2.00     4   5.5703
#         357       0.00790     17.28      2.00     5   5.5755
#         358       0.01184      4.95      2.00     4   5.5759
#         359       0.01950      4.36      2.00     5   5.5770
#         361       0.00791     17.83      2.00     5   5.5783
#         362       0.03062      4.98      2.00     4   5.5795
#         363       0.04923      5.82      2.00     6   5.5796
#         364       0.01193      4.65      2.00     4   5.5803
#         365       0.02352      5.78      2.00     6   5.5800
#         366       0.01065      6.09      2.00     4   5.5811
#         367       0.00791     17.44      2.00     5   5.5808
#         369       0.01063     16.51      2.00     4   5.5850
#         370       0.01263      5.72      2.00     4   5.5855
#         371       0.01070     10.04      2.00     4   5.5864
#         372       0.01307     22.47      2.00     5   5.5876
#         374       0.02202      4.00      2.00     5   5.5925
#         375       0.01804      9.39      2.00     5   5.5957
#         376       0.01889      4.30      2.00     5   5.5965
#         377       0.01073      9.81      2.00     3   5.5975
#         378       0.01071      5.57      2.00     4   5.6019
#         379       0.01067      7.73      2.00     4   5.6026
#         380       0.01058     17.19      2.00     4   5.6031
#         381       0.01118     15.99      2.00     5   5.6033
#         382       0.01119     17.73      2.00     5   5.6051
#         383       0.01140      6.13      2.00     4   5.6060
#         384       0.01032      7.45      2.00     5   5.6070
#         386       0.01680      8.62      2.00     6   5.6100
#         387       0.00655     10.89      2.00     4   5.6163
#         388       0.00825     11.52      2.00     5   5.6159
#         389       0.00873      7.07      2.00     4   5.6176
#         390       0.00556      8.93      2.00     4   5.6198
#         392       0.01233      5.35      2.00     4   5.6240
#         393       0.01115      9.94      2.00     3   5.6257
#         395       0.00534     12.48      2.00     4   5.6274
#         396       0.02282      4.60      2.00     4   5.6293
#         397       0.01015      7.78      2.00     5   5.6293
#         398       0.01138     18.03      2.00     5   5.6330
#         399       0.00555     14.48      2.00     4   5.6350
#         400       0.01139     16.67      2.00     5   5.6357
#         401       0.01150     13.19      2.00     4   5.6366
#         403       0.01176      9.42      2.00     5   5.6390
#         404       0.01089      8.33      2.00     4   5.6400
#         405       0.01242      7.68      2.00     5   5.6403
#         406       0.01132     14.14      2.00     4   5.6410
#         407       0.01079     16.96      2.00     4   5.6407
#         408       0.01125     10.33      2.00     5   5.6407
#         409       0.01177      9.70      2.00     5   5.6427
#         410       0.01130     13.99      2.00     5   5.6430
#         411       0.01964      4.10      2.00     4   5.6448
#         412       0.01072     18.34      2.00     5   5.6445
#         413       0.01090     11.52      2.00     5   5.6444
#         414       0.01090     16.81      2.00     5   5.6454
#         415       0.01110     26.42      2.00     5   5.6465
#         416       0.01099     18.43      2.00     5   5.6461
#         417       0.01180      4.23      2.00     5   5.6489
#         420       0.00684      7.22      2.00     4   5.6586
#         421       0.01126      7.43      2.00     4   5.6600
#         422       0.01173      8.08      2.00     5   5.6623
#         424       0.02263      4.45      2.00     3   5.6706
#         425       0.00900      6.85      2.00     4   5.6701
#         426       0.00677     11.21      2.00     4   5.6712
#         427       0.01869     24.40      2.00     6   5.6739
#         428       0.00969      6.89      2.00     4   5.6783
#         429       0.01365     20.47      2.00     6   5.6804
#         430       0.00930      6.82      2.00     4   5.6814
#         431       0.01522      5.50      2.00     6   5.6824
#         432       0.01887      5.72      2.00     6   5.6825
#         433       0.01163     13.59      2.00     5   5.6837
#         434       0.01900      7.05      2.00     5   5.6851
#         435       0.01062      4.62      2.00     5   5.6856
#         436       0.01058     11.77      2.00     5   5.6876
#         437       0.01155     13.57      2.00     4   5.6884
#         438       0.01058     11.09      2.00     5   5.6888
#         439       0.00729      9.91      2.00     4   5.6899
#         441       0.01104     22.47      2.00     5   5.6902
#         442       0.01114     16.92      2.00     5   5.6916
#         443       0.00541     12.58      2.00     4   5.6941
#         444       0.00629     39.02      1.00     6   5.6938
#         445       0.01083      6.84      2.00     5   5.6948
#         446       0.01205     10.17      2.00     5   5.6971
#         447       0.00581      7.22      1.00     6   5.6975
#         448       0.01143      8.10      2.00     4   5.6980
#         449       0.01146      8.20      2.00     4   5.6988
#         450       0.01433     14.26      2.00     5   5.7023
#         451       0.01109     14.15      2.00     5   5.7020
#         452       0.01263      4.71      1.00     4   5.7027
#         453       0.01140     17.37      2.00     5   5.7028
#         454       0.01129     24.71      2.00     5   5.7034
#         455       0.01046      8.73      1.00     4   5.7045
#         456       0.01121      4.88      2.00     5   5.7085
#         459       0.00663     37.47      1.00     6   5.7090
#         460       0.01094     11.92      2.00     5   5.7105
#         461       0.00635     30.84      1.00     6   5.7104
#         462       0.00888     11.13      2.00     5   5.7158
#         463       0.01618      6.53      2.00     5   5.7163
#         464       0.01370      4.09      2.00     4   5.7198
#         471       0.01354      4.79      2.00     5   5.7319
#         474       0.01117      9.00      2.00     5   5.7392
#         475       0.01865      4.99      2.00     5   5.7419
#         478       0.02415      5.07      2.00     4   5.7451
#         479       0.01806      4.78      2.00     5   5.7476
#         483       0.01184      7.92      2.00     5   5.7548
#         484       0.01586     21.00      2.00     6   5.7575
#         485       0.01580     21.72      2.00     6   5.7578
#         486       0.01255     11.85      2.00     6   5.7595
#         487       0.01184      4.20      2.00     3   5.7602
#         488       0.01331     11.37      2.00     5   5.7650
#         489       0.01167      7.32      2.00     4   5.7657
#         493       0.01222      8.92      2.00     5   5.7820
#         495       0.00980      7.84      1.00     4   5.7833
#         496       0.01221     12.34      2.00     5   5.7838
#         497       0.01195      4.29      2.00     3   5.7853
#         498       0.07667      8.05      2.00     6   5.7864
#         499       0.02072      8.21      2.00     6   5.7867
#         500       0.01209     14.65      2.00     5   5.7893
#         501       0.01390      4.82      2.00     5   5.7929
#         502       0.01881      5.07      2.00     6   5.7941
#         503       0.01693     19.56      2.00     6   5.7945
#         504       0.01455      7.65      2.00     6   5.7944
#         505       0.01188      6.19      2.00     4   5.7966
#         506       0.01777      7.84      2.00     6   5.7967
#         507       0.01589      4.09      2.00     5   5.7982
#         508       0.01224      6.40      2.00     5   5.7992
#         510       0.01185      7.28      2.00     4   5.8003
#         512       0.01005      8.19      1.00     4   5.8020
#         513       0.01227     14.36      2.00     5   5.8029
#         514       0.01004     10.80      2.00     4   5.8038
#         515       0.00921     10.33      2.00     5   5.8034
#         518       0.01182      5.80      2.00     5   5.8075
#         520       0.01154     16.29      2.00     5   5.8079
#         521       0.01085      8.73      2.00     5   5.8081
#         523       0.00983     25.47      2.00     5   5.8096
#         524       0.01114     10.71      2.00     5   5.8093
#         526       0.01383      4.73      2.00     5   5.8121
#         528       0.01162      6.18      2.00     5   5.8161
#         529       0.00968     12.23      2.00     4   5.8196
#         532       0.00989      7.08      2.00     5   5.8240
#         533       0.01295      5.23      2.00     5   5.8239
#         534       0.00968     22.55      2.00     5   5.8252
#         535       0.01209     10.73      2.00     5   5.8250
#         536       0.01179     13.60      2.00     5   5.8250
#         537       0.01498      5.97      2.00     5   5.8247
#         538       0.00985      9.23      2.00     5   5.8247
#         539       0.01528      5.06      2.00     5   5.8254
#         540       0.00955     26.43      2.00     5   5.8267
#         541       0.02112      4.69      2.00     5   5.8296
#         544       0.02867      9.23      2.00     5   5.8345
#         545       0.03414      4.17      2.00     4   5.8372
#         546       0.02247      6.53      2.00     5   5.8371
#         547       0.01698      5.88      1.00     6   5.8383
#         548       0.01601      8.14      2.00     5   5.8396
#         549       0.01596     10.07      2.00     5   5.8421
#         550       0.00992     12.33      2.00     4   5.8447
#         551       0.00957      7.46      2.00     5   5.8454
#         552       0.01296     20.86      2.00     6   5.8457
#         553       0.01605     11.33      2.00     5   5.8483
#         554       0.01102     12.75      2.00     5   5.8540
#         556       0.01397      7.32      2.00     4   5.8573
#         557       0.00984     18.32      2.00     5   5.8574
#         558       0.01103      8.88      2.00     5   5.8579
#         559       0.01601      6.59      2.00     5   5.8577
#         560       0.01008      5.24      2.00     5   5.8583
#         561       0.00997     10.16      2.00     5   5.8588
#         562       0.01001      9.93      2.00     5   5.8590
#         563       0.01599     10.74      2.00     5   5.8597
#         564       0.00985     22.14      2.00     5   5.8597
#         566       0.01856     18.13      2.00     6   5.8606
#         568       0.01252      8.24      2.00     5   5.8628
#         569       0.01235     14.07      2.00     5   5.8630
#         570       0.01058      5.59      2.00     5   5.8628
#         572       0.00969     26.02      2.00     5   5.8647
#         574       0.01063      5.81      2.00     5   5.8666
#         575       0.01559     14.63      2.00     6   5.8681
#         576       0.01174     17.45      1.00     6   5.8684
#         577       0.01197     16.86      1.00     6   5.8684
#         578       0.01580     13.90      2.00     6   5.8688
#         581       0.00968     22.24      1.00     6   5.8702
#         583       0.01024      7.13      2.00     5   5.8729
#         584       0.01469      4.54      2.00     5   5.8744
#         585       0.00991      7.65      2.00     5   5.8759
#         586       0.01403      7.76      2.00     4   5.8766
#         587       0.01441      6.16      2.00     5   5.8798
#         588       0.00982      7.40      2.00     5   5.8811
#         589       0.01370     14.15      2.00     5   5.8821
#         591       0.01372      8.45      2.00     5   5.8830
#         592       0.02087      5.64      2.00     5   5.8856
#         593       0.01065      8.73      2.00     5   5.8867
#         594       0.01671      4.50      2.00     5   5.8868
#         597       0.01311      5.30      2.00     5   5.8908
#         598       0.02213      4.68      2.00     5   5.8968
#         599       0.01897      5.61      2.00     5   5.8981
#         601       0.01407      7.64      2.00     4   5.9027
#         602       0.01309      4.96      2.00     5   5.9031
#         603       0.01109     25.62      2.00     5   5.9027
#         604       0.04304      7.14      2.00     7   5.9052
#         605       0.02617      6.84      2.00     7   5.9057
#         607       0.02225      4.41      2.00     5   5.9061
#         609       0.02351      7.36      2.00     6   5.9098
#         610       0.01382     12.30      2.00     5   5.9109
#         611       0.01012     24.51      2.00     6   5.9114
#         612       0.01568     16.59      2.00     6   5.9128
#         613       0.01159     13.19      1.00     6   5.9127
#         614       0.01163     15.11      1.00     6   5.9130
#         615       0.01598     23.75      2.00     6   5.9133
#         616       0.01004     18.89      1.00     6   5.9148
#         617       0.01894      5.58      2.00     5   5.9151
#         618       0.01366      8.59      2.00     5   5.9156
#         619       0.00979      6.46      2.00     4   5.9161
#         620       0.01379      5.33      2.00     5   5.9160
#         621       0.01383     13.63      2.00     5   5.9177
#         622       0.01390      8.69      2.00     5   5.9180
#         623       0.01612     14.53      2.00     6   5.9243
#         625       0.01646     16.16      2.00     6   5.9256
#         626       0.01234     15.99      1.00     6   5.9257
#         627       0.01234     14.99      1.00     6   5.9256
#         629       0.00986     20.72      1.00     6   5.9274
#         630       0.01966     36.62      2.00     6   5.9323
#         631       0.01075      5.76      1.00     6   5.9322
#         632       0.01237      4.79      1.00     6   5.9318
#         633       0.01151     12.71      1.00     6   5.9344
#         635       0.01910      8.24      2.00     7   5.9357
#         636       0.01821      5.05      2.00     7   5.9385
#         638       0.01898     49.78      2.00     7   5.9389
#         639       0.01054      8.34      2.00     5   5.9406
#         641       0.01536      4.39      2.00     4   5.9439
#         642       0.01457      5.79      2.00     5   5.9440
#         643       0.01410     20.24      2.00     6   5.9443
#         644       0.00962      6.74      2.00     4   5.9459
#         645       0.00955      7.63      2.00     4   5.9459
#         646       0.02167      5.27      2.00     5   5.9471
#         647       0.01693      7.45      2.00     5   5.9469
#         648       0.01838      4.50      2.00     5   5.9477
#         651       0.01901      5.26      2.00     6   5.9590
#         652       0.01680      6.51      2.00     6   5.9589
#         653       0.01470      5.79      2.00     5   5.9605
#         654       0.00979      7.11      2.00     4   5.9616
#         655       0.02191      5.24      2.00     5   5.9665
#         656       0.01829      7.91      2.00     5   5.9673
#         658       0.01815      4.40      2.00     5   5.9688
#         659       0.01432      4.30      2.00     5   5.9705
#         661       0.01836     10.32      2.00     6   5.9709
#         663       0.01811      5.53      2.00     6   5.9735
#         664       0.01022     10.53      2.00     5   5.9750
#         665       0.01075     19.37      2.00     5   5.9768
#         666       0.01850      4.47      2.00     5   5.9764
#         668       0.01072      6.81      2.00     5   5.9770
#         669       0.01533      9.07      2.00     5   5.9774
#         670       0.01065      7.63      2.00     5   5.9801
#         671       0.01361      4.40      2.00     5   5.9848
#         673       0.00950     11.86      2.00     5   5.9894
#         674       0.01407      8.92      2.00     6   5.9908
#         675       0.01559      4.14      2.00     5   5.9916
#         677       0.02703      8.14      2.00     5   5.9924
#         678       0.02525      6.94      2.00     6   5.9928
#         679       0.01620      5.44      2.00     5   5.9960
#         680       0.01068      4.93      2.00     5   6.0002
#         681       0.05813     13.40      2.00     7   6.0005
#         682       0.03442     13.40      2.00     7   6.0009
#         683       0.01688      5.04      2.00     5   6.0018
#         684       0.00870      8.50      1.00     6   6.0022
#         685       0.02590      7.11      2.00     6   6.0029
#         686       0.01096      4.95      2.00     5   6.0036
#         687       0.01061      7.48      2.00     5   6.0036
#         688       0.01713      6.88      2.00     5   6.0047
#         690       0.01060     20.98      2.00     5   6.0054
#         692       0.00858      8.37      1.00     6   6.0076
#         696       0.01107      8.82      2.00     5   6.0193
#         697       0.00882      8.25      1.00     6   6.0191
#         698       0.01069     21.87      2.00     5   6.0209
#         700       0.00876      8.23      1.00     6   6.0208
#         701       0.00968      9.98      2.00     5   6.0212
#         702       0.02670     13.94      2.00     5   6.0233
#         703       0.00968     11.67      2.00     5   6.0243
#         705       0.01516      5.03      2.00     5   6.0268
#         706       0.01745      6.91      2.00     5   6.0285
#         707       0.00994     12.75      2.00     5   6.0303
#         708       0.01011      8.70      2.00     5   6.0318
#         709       0.01345     18.79      2.00     6   6.0329
#         710       0.01018      4.78      2.00     5   6.0333
#         711       0.02201      4.49      2.00     5   6.0336
#         713       0.01714      6.39      2.00     5   6.0386
#         714       0.01072      4.37      2.00     5   6.0469
#         715       0.01048     13.71      2.00     6   6.0471
#         716       0.01035     15.80      2.00     6   6.0471
#         719       0.01096     39.28      2.00     6   6.0488
#         720       0.01629      9.76      2.00     6   6.0510
#         723       0.01020      5.41      2.00     5   6.0533
#         725       0.01382      8.67      2.00     5   6.0574
#         727       0.01842      5.20      2.00     4   6.0599
#         728       0.01680      5.75      2.00     5   6.0618
#         729       0.00976     13.12      2.00     5   6.0624
#         730       0.01128     13.42      2.00     6   6.0626
#         732       0.00654     16.90      2.00     5   6.0643
#         733       0.01128     13.96      2.00     6   6.0644
#         734       0.00651     10.19      2.00     5   6.0652
#         736       0.01612      8.34      2.00     6   6.0662
#         737       0.01617      8.65      2.00     6   6.0676
#         738       0.01069     11.81      2.00     6   6.0692
#         739       0.01415      8.62      2.00     6   6.0696
#         742       0.01131     13.38      2.00     6   6.0713
#         743       0.01068     12.00      2.00     6   6.0752
#         747       0.00992     13.26      2.00     5   6.0790
#         748       0.01073      7.74      2.00     6   6.0799
#         749       0.01086      7.98      2.00     6   6.0804
#         750       0.01022     15.46      2.00     6   6.0802
#         751       0.01128     11.25      2.00     6   6.0811
#         752       0.01133     12.54      2.00     6   6.0813
#         753       0.01053     13.60      2.00     5   6.0820
#         754       0.01165     32.06      2.00     6   6.0820
#         755       0.01096     11.56      2.00     6   6.0818
#         756       0.01063      4.23      2.00     6   6.0818
#         757       0.01031     15.98      2.00     6   6.0820
#         758       0.01121     38.22      2.00     6   6.0837
#         759       0.01121      9.95      2.00     6   6.0860
#         760       0.00626     13.70      2.00     5   6.0867
#         766       0.01726      5.97      2.00     5   6.0932
#         768       0.01081     17.82      2.00     6   6.0946
#         769       0.01078      9.99      2.00     6   6.0956
#         770       0.01065     14.35      2.00     6   6.0966
#         771       0.01394     15.50      2.00     6   6.0967
#         772       0.01048      4.97      2.00     6   6.0983
#         773       0.01717      6.86      2.00     6   6.0991
#         774       0.01027     14.41      2.00     5   6.1002
#         776       0.01640     10.55      2.00     6   6.1012
#         778       0.04725     14.46      2.00     6   6.1010
#         781       0.01756      4.51      2.00     7   6.1028
#         782       0.01795     23.21      2.00     7   6.1032
#         785       0.01003     13.02      2.00     6   6.1047
#         786       0.01004     11.64      2.00     6   6.1047
#         787       0.01681      4.30      2.00     6   6.1055
#         789       0.01001     14.00      2.00     6   6.1054
#         790       0.01073     13.42      2.00     6   6.1054
#         791       0.00998     11.73      2.00     6   6.1054
#         792       0.01015     28.20      2.00     6   6.1058
#         793       0.00983     22.46      2.00     6   6.1058
#         794       0.01692      9.57      2.00     6   6.1070
#         795       0.01702     12.14      2.00     6   6.1070
#         796       0.00862      5.10      2.00     5   6.1076
#         797       0.00847      5.21      2.00     5   6.1076
#         798       0.01089     10.70      2.00     6   6.1092
#         801       0.01087     12.37      2.00     6   6.1097
#         802       0.02213      5.62      2.00     5   6.1148
#         803       0.00841      5.16      2.00     5   6.1155
#         804       0.01703      8.22      2.00     6   6.1163
#         805       0.00867      5.02      2.00     5   6.1197
#         806       0.00865      5.14      2.00     5   6.1197
#         807       0.01714      9.77      2.00     6   6.1198
#         808       0.03198      5.55      1.00     6   6.1203
#         810       0.01810      4.27      2.00     5   6.1208
#         812       0.02892      8.44      2.00     6   6.1229
#         813       0.02154      8.01      2.00     6   6.1232
#         816       0.00651     15.07      1.00     4   6.1258
#         817       0.02772     16.92      1.00     6   6.1254
#         818       0.01235      5.29      2.00     5   6.1263
#         821       0.01044     14.33      2.00     5   6.1267
#         825       0.01731      9.24      2.00     6   6.1285
#         826       0.01216     10.70      2.00     6   6.1291
#         827       0.01054     11.15      2.00     6   6.1291
#         829       0.01067      5.19      2.00     6   6.1310
#         831       0.01053     11.84      2.00     6   6.1315
#         832       0.01190     14.75      2.00     6   6.1315
#         833       0.00624     13.91      2.00     5   6.1323
#         835       0.01932      4.03      2.00     4   6.1332
#         836       0.01067      4.42      2.00     6   6.1336
#         837       0.01012      9.33      2.00     6   6.1341
#         838       0.01022      9.35      2.00     6   6.1341
#         840       0.00994     19.40      2.00     6   6.1355
#         841       0.01025     24.40      2.00     6   6.1355
#         842       0.01066      7.32      2.00     6   6.1353
#         844       0.00996      9.05      2.00     6   6.1370
#         845       0.01009     12.95      2.00     6   6.1370
#         847       0.00993     10.49      2.00     6   6.1398
#         848       0.01023      9.89      2.00     6   6.1398
#         849       0.01023     11.74      2.00     6   6.1403
#         850       0.01029     10.85      2.00     6   6.1403
#         851       0.01016     10.47      2.00     6   6.1410
#         852       0.01023     13.71      2.00     6   6.1410
#         853       0.01004     21.52      2.00     6   6.1417
#         854       0.01029     27.42      2.00     6   6.1417
#         857       0.01605      4.17      2.00     5   6.1471
#         859       0.01094      4.42      2.00     5   6.1507
#         862       0.01715      7.88      2.00     6   6.1541
#         863       0.01378      4.84      2.00     4   6.1554
#         864       0.01032      8.80      2.00     3   6.1579
#         867       0.01839      6.72      2.00     6   6.1624
#         869       0.01698      5.54      2.00     5   6.1629
#         872       0.01966      4.25      2.00     5   6.1641
#         873       0.01654      4.10      2.00     5   6.1643
#         875       0.01728     10.41      2.00     6   6.1664
#         876       0.04484     15.71      2.00     6   6.1661
#         878       0.00972     11.75      2.00     5   6.1680
#         883       0.01811      9.50      2.00     6   6.1694
#         884       0.01766     11.39      2.00     6   6.1694
#         886       0.02265      4.49      2.00     6   6.1699
#         890       0.01900      7.12      2.00     5   6.1740
#         892       0.02008     10.74      2.00     5   6.1766
#         894       0.01893      7.79      2.00     6   6.1775
#         896       0.01086      5.21      2.00     5   6.1808
#         897       0.00980     12.17      2.00     5   6.1806
#         898       0.01549      4.22      2.00     5   6.1811
#         899       0.05073     14.95      2.00     6   6.1820
#         900       0.01724     10.13      2.00     6   6.1835
#         902       0.01856      6.56      2.00     6   6.1838
#         904       0.00975      9.18      2.00     5   6.1884
#         907       0.01826      9.15      2.00     6   6.1895
#         908       0.01790     11.34      2.00     6   6.1895
#         909       0.01788      4.23      2.00     6   6.1902
#         911       0.02267      7.05      2.00     6   6.1936
#         912       0.02285      5.54      2.00     6   6.1941
#         913       0.02280      6.94      2.00     6   6.1946
#         916       0.01885      7.81      2.00     6   6.1973
#         917       0.01796      5.20      2.00     6   6.1998
#         918       0.01937      5.96      2.00     6   6.1998
#         919       0.00764     13.06      2.00     5   6.2018
#         921       0.00598     16.13      1.00     4   6.2026
#         923       0.00864      6.39      2.00     5   6.2128
#         925       0.01800      8.20      2.00     6   6.2146
#         928       0.01584     10.79      2.00     6   6.2172
#         931       0.00799     18.22      2.00     5   6.2196
#         933       0.04675     10.08      2.00     6   6.2230
#         934       0.01829      4.04      2.00     5   6.2231
#         935       0.01865     11.09      2.00     6   6.2232
#         936       0.02125      4.98      2.00     6   6.2234
#         939       0.00601     15.37      1.00     4   6.2237
#         940       0.01847      6.62      2.00     6   6.2237
#         941       0.01684     15.04      2.00     7   6.2238
#         942       0.01521      8.89      2.00     7   6.2237
#         944       0.01191      5.61      2.00     5   6.2250
#         945       0.01513      4.47      2.00     6   6.2250
#         946       0.01753      7.31      2.00     7   6.2259
#         949       0.01050     20.61      1.00     6   6.2275
#         952       0.08841      5.97      2.00     6   6.2296
#         953       0.02221      7.11      2.00     5   6.2302
#         954       0.01441     64.56      2.00     5   6.2310
#         955       0.02388      5.99      2.00     6   6.2318
#         959       0.01649      4.78      2.00     6   6.2356
#         960       0.03323      4.31      2.00     5   6.2378
#         962       0.01159      4.89      2.00     5   6.2386
#         963       0.01198      5.72      2.00     5   6.2386
#         965       0.01058     20.80      1.00     6   6.2399
#         966       0.01196      4.76      2.00     5   6.2419
#         967       0.02060     11.74      2.00     6   6.2423
#         970       0.01552     77.15      2.00     5   6.2461
#         972       0.01061     15.49      1.00     6   6.2492
#         973       0.01800      9.61      2.00     6   6.2499
#         975       0.04352     15.02      2.00     6   6.2503
#         976       0.01805      5.61      2.00     5   6.2517
#         979       0.01135      5.30      2.00     6   6.2529
#         981       0.01059      9.69      2.00     6   6.2532
#         983       0.01330      7.71      2.00     6   6.2534
#         984       0.01880      6.09      2.00     6   6.2539
#         985       0.01833      7.31      2.00     6   6.2544
#         986       0.01022     26.07      2.00     6   6.2550
#         988       0.02357      7.91      2.00     5   6.2555
#         989       0.01853      8.66      2.00     6   6.2566
#         990       0.01794      9.81      2.00     6   6.2566
#         992       0.03092      6.94      2.00     5   6.2576
#         996       0.01821      4.14      2.00     6   6.2577
#         998       0.02895     12.65      2.00     7   6.2582
#         999       0.01078      4.12      1.00     6   6.2591
#        1000       0.01020      7.18      2.00     6   6.2589
#        1001       0.00906      7.19      2.00     4   6.2633
#        1003       0.01966      7.07      2.00     6   6.2646
#        1007       0.01279      4.03      2.00     5   6.2675
#        1011       0.00911      7.30      2.00     4   6.2738
#        1014       0.01604     10.13      2.00     6   6.2833
#        1015       0.01830      4.55      2.00     5   6.2838
#        1018       0.01103      8.47      2.00     6   6.2843
#        1019       0.01082      9.81      2.00     6   6.2843
#        1020       0.00984     19.16      2.00     6   6.2844
#        1021       0.01620     70.81      2.00     5   6.2865
#        1022       0.01007     26.81      2.00     6   6.2860
#        1024       0.02144      7.74      2.00     6   6.2867
#        1025       0.01933      4.99      2.00     6   6.2871
#        1026       0.00976      5.15      2.00     3   6.2878
#        1027       0.01651      6.31      2.00     5   6.2892
#        1028       0.02925      5.70      2.00     6   6.2893
#        1031       0.01573    101.10      1.00     6   6.2895
#        1032       0.02949      6.12      2.00     6   6.2896
#        1033       0.01669      4.09      2.00     5   6.2906
#        1038       0.01295      4.23      2.00     5   6.2954
#        1039       0.01025      5.54      2.00     6   6.2959
#        1041       0.01718      7.00      2.00     5   6.2976
#        1042       0.00991     19.19      2.00     6   6.2980
#        1044       0.01631      4.16      2.00     5   6.2987
#        1047       0.01128      7.18      2.00     6   6.3011
#        1048       0.01356      4.19      2.00     6   6.3011
#        1049       0.01133      8.16      2.00     4   6.3015
#        1051       0.01100      9.60      2.00     6   6.3013
#        1052       0.00962      5.11      2.00     6   6.3022
#        1054       0.00984     15.51      2.00     6   6.3027
#        1058       0.01018     27.49      2.00     6   6.3030
#        1061       0.01561      4.19      2.00     5   6.3065
#        1067       0.02378      8.75      2.00     5   6.3113
#        1068       0.01515      4.27      2.00     5   6.3138
#        1070       0.00950      7.20      2.00     4   6.3145
#        1071       0.01862      7.31      2.00     6   6.3166
#        1072       0.00936     14.60      2.00     5   6.3173
#        1073       0.01707      6.81      2.00     5   6.3221
#        1074       0.01359      8.03      2.00     7   6.3274
#        1075       0.01091     23.23      2.00     7   6.3277
#        1076       0.01075     22.19      2.00     7   6.3277
#        1077       0.01874     22.19      2.00     7   6.3284
#        1078       0.01589      9.95      2.00     7   6.3281
#        1079       0.04849     24.82      2.00     7   6.3282
#        1080       0.01614      6.44      2.00     7   6.3281
#        1081       0.01351      9.62      2.00     7   6.3281
#        1082       0.02300      7.92      2.00     7   6.3286
#        1083       0.02148     13.31      2.00     7   6.3286
#        1084       0.01019     51.87      2.00     7   6.3295
#        1085       0.01535      7.32      2.00     7   6.3302
#        1086       0.00991     15.82      2.00     6   6.3320
#        1087       0.01496     76.49      1.00     6   6.3362
#        1088       0.01410      5.50      1.00     6   6.3414
#        1090       0.02443      9.36      2.00     5   6.3423
#        1092       0.01667      7.42      2.00     6   6.3433
#        1093       0.01840      6.81      2.00     6   6.3434
#        1094       0.02578      5.83      2.00     6   6.3455
#        1095       0.02995      5.68      2.00     6   6.3453
#        1099       0.02448      8.95      2.00     5   6.3476
#        1100       0.04241     10.33      2.00     6   6.3480
#        1102       0.01917      7.07      2.00     6   6.3485
#        1103       0.02084      7.89      2.00     6   6.3483
#        1107       0.04707      9.87      2.00     6   6.3483
#        1108       0.01654     89.69      1.00     6   6.3492
#        1109       0.02259      5.55      2.00     6   6.3492
#        1110       0.02154      8.68      2.00     6   6.3498
#        1112       0.02158      4.22      2.00     6   6.3496
#        1114       0.01566      4.11      2.00     6   6.3501
#        1116       0.01561      4.08      2.00     6   6.3514
#        1117       0.01071     17.84      2.00     5   6.3518
#        1119       0.01654      4.39      2.00     6   6.3518
#        1120       0.01732      5.48      2.00     6   6.3517
#        1121       0.00903      8.70      2.00     4   6.3526
#        1123       0.01717      7.41      2.00     5   6.3522
#        1125       0.01627      4.05      2.00     5   6.3527
#        1126       0.01894     13.63      2.00     6   6.3538
#        1127       0.01287     13.91      1.00     6   6.3549
#        1128       0.01422      5.38      1.00     6   6.3560
#        1129       0.01415      4.82      1.00     6   6.3562
#        1130       0.01454     11.56      2.00     7   6.3582
#        1131       0.01110     22.12      2.00     7   6.3581
#        1132       0.01585     20.92      2.00     7   6.3586
#        1133       0.01347     21.68      2.00     7   6.3586
#        1134       0.01065     16.23      2.00     7   6.3584
#        1135       0.01042     44.22      2.00     7   6.3602
#        1139       0.01116     16.74      2.00     7   6.3614
#        1140       0.01354     31.46      2.00     7   6.3615
#        1141       0.01564     29.73      2.00     7   6.3615
#        1143       0.01418     10.27      2.00     7   6.3625
#        1144       0.01068     21.79      2.00     7   6.3636
#        1145       0.01111     22.85      2.00     7   6.3638
#        1146       0.01584     13.36      2.00     7   6.3638
#        1147       0.01389     14.08      2.00     7   6.3638
#        1148       0.01098     19.32      2.00     7   6.3640
#        1152       0.01034     50.05      2.00     7   6.3657
#        1154       0.01500      4.18      2.00     5   6.3674
#        1155       0.01665      4.97      2.00     6   6.3673
#        1156       0.01669      4.14      2.00     6   6.3673
#        1157       0.00938     12.67      2.00     5   6.3685
#        1158       0.01950      5.35      2.00     6   6.3689
#        1159       0.01955      8.47      2.00     6   6.3706
#        1160       0.04449     13.60      2.00     6   6.3706
#        1163       0.01331      7.87      2.00     5   6.3752
#        1164       0.01914      7.72      2.00     6   6.3756
#        1165       0.01833      8.17      2.00     6   6.3756
#        1168       0.00996     13.64      2.00     5   6.3772
#        1171       0.02030      6.05      2.00     6   6.3829
#        1173       0.02204      5.57      2.00     6   6.3872
#        1174       0.01881     10.56      2.00     6   6.3869
#        1175       0.01239      4.74      2.00     5   6.3877
#        1176       0.01608      6.67      2.00     6   6.3874
#        1177       0.02711      6.79      2.00     7   6.3884
#        1178       0.01902      6.57      2.00     6   6.3890
#        1179       0.02078     22.08      2.00     7   6.3918
#        1180       0.04456     28.38      2.00     7   6.3915
#        1181       0.01697      6.69      2.00     7   6.3918
#        1182       0.02140     12.38      2.00     7   6.3922
#        1183       0.01581      7.64      2.00     7   6.3935
#        1184       0.01547     12.90      2.00     6   6.3940
#        1185       0.01773      4.13      2.00     6   6.3966
#        1186       0.00933      6.57      2.00     5   6.3981
#        1187       0.00730     26.27      2.00     5   6.3982
#        1189       0.01751      7.20      2.00     5   6.4036
#        1191       0.01022      5.02      2.00     6   6.4067
#        1192       0.01533     10.96      2.00     6   6.4067
#        1193       0.01871      5.57      2.00     6   6.4086
#        1194       0.04978     26.17      2.00     7   6.4110
#        1197       0.01774      7.20      2.00     5   6.4121
#        1199       0.02183      4.91      2.00     7   6.4123
#        1200       0.02212     12.39      2.00     7   6.4123
#        1201       0.02152     21.32      2.00     7   6.4125
#        1202       0.01696      6.27      2.00     7   6.4123
#        1204       0.01579      7.22      2.00     7   6.4142
#        1206       0.01554      4.93      2.00     6   6.4158
#        1209       0.02194      7.11      2.00     5   6.4177
#        1210       0.00864     10.77      2.00     5   6.4191
#        1211       0.01156      4.89      2.00     4   6.4196
#        1212       0.02095      7.20      2.00     6   6.4195
#        1213       0.01880     11.81      2.00     7   6.4231
#        1214       0.04989      8.85      2.00     7   6.4232
#        1215       0.02458      8.50      2.00     7   6.4236
#        1216       0.02976     15.93      2.00     7   6.4236
#        1218       0.00705     30.62      2.00     5   6.4247
#        1220       0.01879      5.69      2.00     7   6.4257
#        1225       0.02040      4.38      2.00     6   6.4286
#        1227       0.02365      5.97      1.00     6   6.4315
#        1228       0.00738      6.52      2.00     4   6.4319
#        1229       0.01743      5.79      2.00     6   6.4333
#        1230       0.02321      8.74      1.00     6   6.4336
#        1231       0.02307      7.56      1.00     6   6.4350
#        1232       0.09545      6.37      2.00     7   6.4351
#        1233       0.04144      6.09      2.00     7   6.4348
#        1235       0.02170      5.72      2.00     6   6.4362
#        1238       0.03916      9.77      2.00     6   6.4366
#        1240       0.03919      4.28      2.00     7   6.4374
#        1241       0.07453     10.55      2.00     7   6.4377
#        1243       0.03699     10.30      2.00     7   6.4399
#        1244       0.00714     29.96      2.00     5   6.4427
#        1245       0.01749      5.55      2.00     6   6.4435
#        1248       0.00978     11.80      2.00     6   6.4487
#        1250       0.01882      7.53      2.00     6   6.4511
#        1253       0.01760      4.07      2.00     5   6.4519
#        1255       0.03922     12.25      2.00     6   6.4516
#        1256       0.02267      8.16      1.00     6   6.4518
#        1258       0.01885      4.62      2.00     6   6.4536
#        1260       0.02308      4.69      1.00     6   6.4535
#        1261       0.01508      4.08      2.00     5   6.4566
#        1262       0.01857      6.91      2.00     6   6.4567
#        1263       0.01770      6.36      2.00     6   6.4567
#        1269       0.00984     12.25      2.00     6   6.4626
#        1270       0.01563      4.03      2.00     5   6.4628
#        1271       0.01082      8.72      2.00     5   6.4634
#        1272       0.00979      9.98      2.00     6   6.4666
#        1274       0.00716     78.14      2.00     6   6.4681
#        1275       0.02265      4.24      2.00     6   6.4687
#        1276       0.01992      5.06      2.00     6   6.4684
#        1283       0.01823      4.95      2.00     6   6.4734
#        1284       0.02828      9.15      2.00     6   6.4735
#        1285       0.01691      4.47      2.00     6   6.4742
#        1286       0.01627      5.41      2.00     6   6.4747
#        1287       0.01698      4.52      2.00     6   6.4753
#        1288       0.02107     11.72      2.00     6   6.4755
#        1289       0.01630      5.95      2.00     6   6.4764
#        1290       0.02664     11.05      2.00     6   6.4760
#        1294       0.02122     11.27      2.00     7   6.4793
#        1295       0.02158     20.28      2.00     7   6.4796
#        1296       0.01718      6.22      2.00     7   6.4796
#        1297       0.04215     27.21      2.00     7   6.4800
#        1298       0.01229      5.29      2.00     5   6.4810
#        1299       0.01629      7.06      2.00     7   6.4814
#        1300       0.01730      4.23      2.00     6   6.4864
#        1304       0.01731      4.56      2.00     6   6.4881
#        1307       0.01448      5.86      2.00     6   6.4898
#        1308       0.01450      6.48      2.00     6   6.4912
#        1313       0.01527      6.90      2.00     7   6.4953
#        1314       0.01183      8.61      2.00     5   6.4959
#        1315       0.01571      4.32      2.00     7   6.4958
#        1316       0.01627      4.14      2.00     6   6.4973
#        1317       0.01584      4.53      2.00     7   6.4974
#        1319       0.01717      4.27      2.00     6   6.5026
#        1320       0.02727     11.75      2.00     6   6.5033
#        1321       0.00768     61.22      2.00     6   6.5034
#        1322       0.01645      6.17      2.00     6   6.5040
#        1325       0.00735     73.72      2.00     6   6.5054
#        1326       0.01648      5.61      2.00     6   6.5062
#        1327       0.01130     11.77      2.00     7   6.5064
#        1328       0.01295      5.51      2.00     7   6.5060
#        1329       0.01118     12.67      2.00     7   6.5063
#        1331       0.01757      8.04      2.00     5   6.5071
#        1334       0.02652     11.38      2.00     6   6.5077
#        1335       0.00998     43.43      2.00     7   6.5081
#        1337       0.03068      4.51      2.00     6   6.5098
#        1342       0.01780      8.71      2.00     5   6.5123
#        1345       0.02716      7.30      2.00     6   6.5125
#        1346       0.02067     10.97      2.00     6   6.5127
#        1347       0.02390      5.30      2.00     6   6.5129
#        1348       0.01705      4.05      2.00     6   6.5133
#        1349       0.01640      4.80      2.00     6   6.5139
#        1351       0.01985      6.47      2.00     6   6.5146
#        1352       0.01749      4.65      2.00     6   6.5162
#        1353       0.01623      5.64      2.00     6   6.5167
#        1354       0.01647      4.55      2.00     6   6.5163
#        1355       0.02082      8.01      2.00     7   6.5165
#        1356       0.01887      5.40      1.00     6   6.5170
#        1357       0.00823     14.44      2.00     6   6.5173
#        1358       0.01653      6.09      2.00     6   6.5174
#        1359       0.01802      8.47      1.00     6   6.5178
#        1360       0.01463      4.80      2.00     4   6.5183
#        1361       0.01748      4.27      2.00     6   6.5187
#        1362       0.01322      7.00      2.00     7   6.5188
#        1363       0.01468      6.68      2.00     6   6.5194
#        1364       0.02287      6.79      2.00     5   6.5198
#        1365       0.01150     10.63      2.00     7   6.5201
#        1367       0.02210      5.39      2.00     6   6.5206
#        1368       0.02048     11.63      2.00     6   6.5206
#        1369       0.01147     12.03      2.00     7   6.5203
#        1373       0.01471      6.11      2.00     6   6.5217
#        1374       0.02015      6.56      2.00     6   6.5224
#        1375       0.01009     44.28      2.00     7   6.5220
#        1376       0.02251      7.41      2.00     7   6.5223
#        1380       0.01100      5.19      2.00     7   6.5238
#        1381       0.01132     15.83      2.00     7   6.5239
#        1382       0.00890     25.72      2.00     6   6.5243
#        1383       0.03484     21.82      2.00     7   6.5247
#        1384       0.02548      4.69      2.00     7   6.5243
#        1387       0.01143      7.65      2.00     7   6.5253
#        1388       0.01327      7.31      2.00     7   6.5254
#        1390       0.01069     10.01      2.00     7   6.5259
#        1391       0.01102      6.59      2.00     7   6.5258
#        1392       0.01114     10.47      2.00     7   6.5256
#        1396       0.01018      9.95      2.00     7   6.5260
#        1397       0.00913      8.75      2.00     3   6.5266
#        1399       0.01008     35.31      2.00     7   6.5274
#        1401       0.01566      4.70      2.00     6   6.5284
#        1403       0.00704      4.64      2.00     4   6.5294
#        1404       0.01580      4.97      2.00     6   6.5291
#        1405       0.01460      5.13      2.00     6   6.5298
#        1406       0.01581      6.30      2.00     6   6.5308
#        1407       0.02040      5.43      2.00     5   6.5311
#        1408       0.01582      6.15      2.00     6   6.5312
#        1409       0.01566      5.48      2.00     6   6.5318
#        1410       0.01581      5.92      2.00     6   6.5321
#        1412       0.01229      8.66      2.00     5   6.5335
#        1414       0.01121      8.92      2.00     7   6.5345
#        1416       0.01178      7.73      2.00     5   6.5357
#        1418       0.03875      9.32      2.00     6   6.5364
#        1422       0.01124      8.33      2.00     5   6.5414
#        1423       0.03064      9.18      2.00     6   6.5434
#        1424       0.00857     10.27      2.00     5   6.5440
#        1425       0.00837     10.18      2.00     5   6.5442
#        1427       0.02672     16.45      2.00     6   6.5460
#        1428       0.01270      5.17      2.00     7   6.5465
#        1429       0.01140      9.49      2.00     7   6.5479
#        1430       0.01119     10.60      2.00     7   6.5507
#        1432       0.01711      4.67      2.00     7   6.5523
#        1436       0.01171      8.70      2.00     5   6.5545
#        1437       0.01984      5.66      2.00     6   6.5562
#        1443       0.01837      8.33      2.00     5   6.5594
#        1446       0.01772      7.22      1.00     6   6.5607
#        1448       0.01251     11.90      2.00     7   6.5608
#        1449       0.01103      4.47      2.00     7   6.5613
#        1451       0.01651      5.54      2.00     6   6.5621
#        1452       0.01865      5.32      1.00     6   6.5636
#        1454       0.01060     10.54      2.00     7   6.5640
#        1455       0.01054     10.62      2.00     7   6.5646
#        1456       0.01049     22.68      2.00     7   6.5651
#        1457       0.02045      4.57      1.00     6   6.5656
#        1462       0.01574      7.54      2.00     7   6.5673
#        1464       0.01017      7.21      2.00     7   6.5691
#        1465       0.03603      7.95      2.00     7   6.5701
#        1466       0.01591      4.75      2.00     7   6.5704
#        1470       0.02313      5.74      2.00     5   6.5723
#        1473       0.03808      5.57      2.00     6   6.5721
#        1474       0.01118      6.04      2.00     7   6.5718
#        1475       0.01481      4.91      2.00     7   6.5722
#        1476       0.02382     10.47      2.00     7   6.5725
#        1477       0.00788     10.92      2.00     5   6.5729
#        1479       0.01642      4.86      2.00     6   6.5729
#        1480       0.01925      5.28      1.00     6   6.5730
#        1481       0.02050      4.72      2.00     7   6.5730
#        1482       0.02656      4.48      2.00     7   6.5729
#        1483       0.02008     14.92      2.00     7   6.5733
#        1484       0.02145      7.79      2.00     7   6.5730
#        1486       0.01675      5.82      2.00     6   6.5737
#        1487       0.02321     30.63      2.00     7   6.5734
#        1488       0.01117      4.75      2.00     7   6.5736
#        1491       0.01854      7.94      1.00     6   6.5744
#        1492       0.01566      4.35      2.00     6   6.5746
#        1493       0.01559      5.49      2.00     6   6.5744
#        1494       0.02203      5.09      2.00     6   6.5746
#        1495       0.02055     11.83      2.00     6   6.5746
#        1496       0.01099      8.20      2.00     7   6.5744
#        1497       0.01580      5.04      2.00     6   6.5753
#        1498       0.02746      7.60      2.00     7   6.5751
#        1499       0.02239      8.14      2.00     7   6.5751
#        1500       0.02027      8.09      2.00     7   6.5754
#        1503       0.03317      9.18      2.00     6   6.5760
#        1504       0.02297     13.50      2.00     7   6.5755
#        1506       0.02087      6.40      2.00     6   6.5763
#        1507       0.01112      6.70      2.00     7   6.5764
#        1508       0.00750      5.04      2.00     5   6.5766
#        1510       0.01568      5.44      2.00     6   6.5776
#        1511       0.02186     30.12      2.00     7   6.5776
#        1512       0.01085     10.11      2.00     7   6.5786
#        1513       0.01082      9.78      2.00     7   6.5793
#        1514       0.01066      8.51      2.00     7   6.5795
#        1516       0.01062     22.49      2.00     7   6.5800
#        1517       0.01052     19.63      2.00     7   6.5809
#        1518       0.02845      5.40      2.00     5   6.5816
#        1519       0.01690      4.87      2.00     6   6.5818
#        1520       0.01055      8.32      2.00     7   6.5823
#        1522       0.01500      4.01      2.00     5   6.5844
#        1523       0.01590      4.01      2.00     6   6.5853
#        1524       0.03083     10.88      2.00     5   6.5864
#        1525       0.01611      4.61      2.00     6   6.5859
#        1526       0.00867     27.20      2.00     6   6.5875
#        1527       0.01733      5.84      2.00     7   6.5879
#        1528       0.01599      5.86      2.00     6   6.5881
#        1529       0.01604      5.61      2.00     6   6.5884
#        1532       0.01611      5.66      2.00     6   6.5891
#        1533       0.01586      4.71      2.00     6   6.5889
#        1534       0.01228      9.10      2.00     5   6.5928
#        1535       0.01727      5.72      2.00     6   6.5934
#        1536       0.01269      8.36      2.00     5   6.5965
#        1537       0.01282     23.47      2.00     6   6.5979
#        1538       0.02151      9.60      2.00     7   6.5978
#        1540       0.02331     18.00      2.00     7   6.5991
#        1541       0.04303     25.35      2.00     7   6.5991
#        1542       0.01771      5.65      2.00     7   6.5993
#        1544       0.01681      6.60      2.00     7   6.6010
#        1546       0.00852     25.96      2.00     6   6.6069
#        1547       0.00670      4.00      2.00     3   6.6077
#        1548       0.01663     10.49      2.00     6   6.6172
#        1549       0.00708      4.58      2.00     5   6.6193
#        1550       0.00744      4.58      2.00     5   6.6206
#        1551       0.00635      4.01      2.00     4   6.6217
#        1552       0.01302      5.57      2.00     7   6.6218
#        1554       0.02831     11.48      2.00     6   6.6239
#        1556       0.02152      4.37      2.00     6   6.6247
#        1558       0.02083     11.19      2.00     6   6.6250
#        1560       0.01800      5.77      2.00     6   6.6257
#        1561       0.01323      6.05      2.00     7   6.6257
#        1562       0.00924      8.33      2.00     4   6.6261
#        1563       0.00686      8.09      2.00     4   6.6263
#        1564       0.01988      8.62      2.00     5   6.6266
#        1565       0.02240      5.85      2.00     6   6.6268
#        1566       0.00896      9.44      2.00     5   6.6275
#        1567       0.01894      5.02      2.00     7   6.6278
#        1572       0.01895      5.54      2.00     7   6.6287
#        1575       0.02329      4.70      2.00     6   6.6349
#        1576       0.02181     11.27      2.00     6   6.6350
#        1577       0.02903      5.46      2.00     6   6.6356
#        1579       0.02285      5.54      2.00     6   6.6366
#        1580       0.02197      6.12      2.00     6   6.6367
#        1583       0.02178      4.04      2.00     7   6.6390
#        1584       0.01412      6.54      2.00     6   6.6421
#        1585       0.01949      6.80      2.00     6   6.6447
#        1586       0.00699     13.80      1.00     6   6.6468
#        1587       0.01257     20.34      2.00     6   6.6466
#        1588       0.01483     17.59      2.00     6   6.6463
#        1589       0.01622      6.02      2.00     7   6.6465
#        1590       0.00717      4.71      2.00     5   6.6490
#        1591       0.01085      4.34      2.00     5   6.6501
#        1592       0.00713      4.73      2.00     5   6.6528
#        1593       0.02929      6.23      2.00     6   6.6531
#        1595       0.01800      5.08      2.00     6   6.6549
#        1597       0.02858      8.68      2.00     6   6.6549
#        1598       0.01793      5.53      2.00     6   6.6567
#        1599       0.00709      4.67      2.00     5   6.6578
#        1600       0.06065     10.22      2.00     7   6.6578
#        1601       0.03225     10.31      2.00     7   6.6579
#        1603       0.01689      8.08      2.00     7   6.6587
#        1604       0.01437     21.81      2.00     6   6.6593
#        1605       0.01678      4.66      2.00     7   6.6600
#        1606       0.00712      4.86      2.00     5   6.6610
#        1607       0.00706     14.12      1.00     6   6.6617
#        1608       0.00969     15.08      2.00     5   6.6626
#        1609       0.00713      4.68      2.00     5   6.6630
#        1610       0.04902      9.94      2.00     7   6.6630
#        1612       0.02897     10.11      2.00     6   6.6635
#        1613       0.03653      9.53      2.00     7   6.6631
#        1614       0.01165      6.77      2.00     6   6.6650
#        1615       0.01791      6.04      2.00     6   6.6652
#        1617       0.01518      6.24      2.00     6   6.6684
#        1619       0.01738      7.95      2.00     7   6.6691
#        1620       0.01045      5.41      2.00     7   6.6691
#        1621       0.01513      7.02      2.00     6   6.6698
#        1622       0.00733     10.90      1.00     6   6.6705
#        1623       0.02403      7.07      2.00     7   6.6702
#        1624       0.00746      4.81      2.00     5   6.6712
#        1625       0.02019      6.26      2.00     6   6.6708
#        1626       0.00907     25.44      2.00     6   6.6709
#        1628       0.01051     10.99      2.00     7   6.6716
#        1629       0.01712     17.53      2.00     7   6.6716
#        1632       0.01725      5.37      2.00     7   6.6739
#        1634       0.01801      4.78      2.00     6   6.6752
#        1635       0.01518      7.57      2.00     6   6.6756
#        1636       0.01070     53.00      2.00     6   6.6763
#        1637       0.02417      6.49      2.00     7   6.6762
#        1639       0.01563      4.18      2.00     6   6.6787
#        1640       0.01710      4.80      2.00     6   6.6783
#        1641       0.02002      9.62      2.00     6   6.6798
#        1642       0.01911     15.34      2.00     6   6.6801
#        1643       0.02063      8.20      2.00     7   6.6807
#        1644       0.02148     16.10      2.00     7   6.6806
#        1645       0.01743      5.28      2.00     7   6.6810
#        1646       0.01551      5.76      2.00     6   6.6816
#        1647       0.03756     23.58      2.00     7   6.6812
#        1649       0.01697      6.01      2.00     7   6.6828
#        1650       0.02347      6.72      2.00     7   6.6854
#        1651       0.01524      5.56      2.00     6   6.6861
#        1654       0.01538      6.28      2.00     6   6.6889
#        1655       0.02339      6.93      2.00     7   6.6897
#        1657       0.02582      6.37      2.00     7   6.6911
#        1658       0.01846      8.09      2.00     5   6.6925
#        1659       0.02413      6.42      2.00     7   6.6928
#        1662       0.01729      5.07      2.00     6   6.6939
#        1663       0.01553      5.89      2.00     6   6.6939
#        1665       0.01555      5.11      2.00     6   6.6948
#        1667       0.02091      5.47      2.00     6   6.6952
#        1669       0.02030      7.49      2.00     6   6.6959
#        1671       0.01732      4.03      2.00     6   6.6963
#        1672       0.03067     15.84      2.00     7   6.6966
#        1673       0.01706      6.60      2.00     7   6.6966
#        1674       0.01530      5.28      2.00     6   6.6969
#        1675       0.01526      5.64      2.00     6   6.6976
#        1676       0.01946     15.92      2.00     6   6.6981
#        1677       0.01710      7.16      2.00     7   6.6984
#        1678       0.01806      9.41      2.00     7   6.6983
#        1679       0.02925     17.44      2.00     7   6.6984
#        1680       0.00691      4.24      2.00     5   6.6988
#        1681       0.00749      4.93      2.00     5   6.6999
#        1682       0.01806     10.31      2.00     7   6.7001
#        1683       0.00731      4.93      2.00     5   6.7012
#        1684       0.02032      6.21      2.00     6   6.7010
#        1685       0.01237      4.20      2.00     5   6.7050
#        1686       0.01242      4.46      2.00     5   6.7050
#        1687       0.01230      9.02      2.00     5   6.7051
#        1688       0.01059     62.90      2.00     6   6.7054
#        1692       0.01167      7.38      2.00     5   6.7086
#        1693       0.02187      5.23      2.00     7   6.7085
#        1694       0.01382      6.18      2.00     7   6.7091
#        1695       0.02898     10.42      2.00     6   6.7098
#        1696       0.01453      4.72      2.00     6   6.7105
#        1697       0.01448      5.15      2.00     6   6.7108
#        1699       0.01750      4.26      2.00     6   6.7111
#        1700       0.01524      5.67      2.00     6   6.7114
#        1701       0.01523      5.87      2.00     6   6.7111
#        1702       0.03208     11.18      2.00     5   6.7128
#        1703       0.01096      5.48      2.00     6   6.7134
#        1704       0.00666      6.93      2.00     4   6.7129
#        1705       0.01829      5.57      2.00     7   6.7159
#        1706       0.02243      4.24      2.00     7   6.7163
#        1709       0.02112      4.72      2.00     7   6.7164
#        1711       0.01892      4.06      2.00     6   6.7172
#        1712       0.02143      4.64      2.00     6   6.7173
#        1713       0.02384      4.60      2.00     6   6.7173
#        1714       0.02877      5.29      2.00     7   6.7185
#        1715       0.02968     11.74      2.00     5   6.7187
#        1717       0.01905      8.19      2.00     5   6.7206
#        1720       0.01114     59.95      2.00     6   6.7247
#        1722       0.01747      7.38      2.00     7   6.7261
#        1724       0.03152     17.68      2.00     7   6.7263
#        1726       0.01829     10.60      2.00     7   6.7280
#        1727       0.01253     12.41      2.00     6   6.7284
#        1728       0.01728      6.95      2.00     7   6.7288
#        1731       0.03096     16.44      2.00     7   6.7291
#        1732       0.01990      4.32      2.00     6   6.7297
#        1733       0.02410      4.21      2.00     6   6.7299
#        1735       0.02308      4.85      2.00     6   6.7300
#        1736       0.01873      9.69      2.00     7   6.7309
#        1737       0.00836     14.91      2.00     5   6.7315
#        1738       0.00963      8.46      2.00     5   6.7315
#        1739       0.01854     12.57      2.00     6   6.7318
#        1741       0.01798      6.39      2.00     7   6.7323
#        1742       0.01118      7.39      2.00     5   6.7331
#        1744       0.02070      8.03      2.00     6   6.7333
#        1747       0.03014      7.45      2.00     7   6.7336
#        1748       0.03268     10.59      2.00     7   6.7337
#        1749       0.02103      4.90      2.00     6   6.7342
#        1750       0.01546      4.83      2.00     6   6.7342
#        1751       0.02177      5.04      2.00     6   6.7342
#        1752       0.01772      4.23      2.00     6   6.7339
#        1753       0.01705      7.21      2.00     7   6.7342
#        1754       0.01694      4.54      2.00     7   6.7340
#        1755       0.01540      5.66      2.00     6   6.7350
#        1756       0.01790     13.45      2.00     6   6.7360
#        1757       0.02003     15.70      2.00     6   6.7356
#        1758       0.01849      6.19      2.00     7   6.7358
#        1759       0.01782      6.47      2.00     7   6.7360
#        1760       0.02935     13.99      2.00     7   6.7361
#        1761       0.01679      5.59      2.00     7   6.7361
#        1762       0.01706      5.81      2.00     7   6.7362
#        1763       0.02738      5.54      2.00     7   6.7374
#        1765       0.01816      8.31      2.00     7   6.7379
#        1766       0.02248     17.68      2.00     7   6.7386
#        1767       0.02335      7.63      2.00     7   6.7386
#        1768       0.01018     11.21      2.00     5   6.7392
#        1769       0.01920      5.37      2.00     7   6.7390
#        1770       0.01901      5.63      2.00     7   6.7390
#        1772       0.01746      8.13      2.00     7   6.7393
#        1773       0.02202     19.42      2.00     7   6.7393
#        1774       0.02186     18.77      2.00     7   6.7400
#        1775       0.01576      4.31      2.00     7   6.7398
#        1777       0.02126     10.42      2.00     7   6.7397
#        1778       0.02111     10.30      2.00     7   6.7398
#        1779       0.02098      8.91      2.00     7   6.7404
#        1780       0.01538      9.60      2.00     7   6.7411
#        1781       0.01807     27.53      2.00     7   6.7415
#        1782       0.01759      4.28      2.00     7   6.7423
#        1785       0.01460      4.60      2.00     6   6.7448
#        1786       0.01472      4.20      2.00     6   6.7451
#        1787       0.01464      5.16      2.00     6   6.7453
#        1790       0.02096      4.46      2.00     7   6.7471
#        1791       0.01067    169.70      2.00     7   6.7488
#        1792       0.01805      4.46      2.00     6   6.7493
#        1793       0.01538      5.78      2.00     6   6.7493
#        1795       0.01540      5.38      2.00     6   6.7497
#        1797       0.01758      8.73      2.00     7   6.7514
#        1798       0.01501     44.96      2.00     7   6.7515
#        1800       0.01176      7.43      2.00     5   6.7528
#        1802       0.01745     10.10      2.00     7   6.7545
#        1803       0.02082      6.16      2.00     6   6.7550
#        1804       0.01764      9.91      2.00     7   6.7549
#        1805       0.01737      8.47      2.00     7   6.7554
#        1806       0.01760      4.73      2.00     7   6.7573
#        1807       0.03341      5.08      2.00     6   6.7583
#        1808       0.00607      4.59      2.00     3   6.7632
#        1809       0.02352     12.88      2.00     6   6.7660
#        1810       0.01564     16.65      2.00     6   6.7694
#        1811       0.01397      7.51      2.00     6   6.7717
#        1812       0.02430      6.95      2.00     6   6.7723
#        1814       0.02892     11.53      2.00     5   6.7733
#        1815       0.01604     16.28      2.00     6   6.7732
#        1816       0.01839     11.55      2.00     6   6.7743
#        1817       0.00787     11.28      2.00     6   6.7766
#        1818       0.01100     17.86      2.00     6   6.7766
#        1819       0.01743      8.66      2.00     7   6.7768
#        1820       0.02884     14.30      2.00     7   6.7773
#        1824       0.01732      5.91      2.00     7   6.7792
#        1826       0.02072      4.55      2.00     6   6.7815
#        1827       0.02294      4.83      2.00     6   6.7817
#        1828       0.02172     11.72      2.00     7   6.7818
#        1829       0.01101    132.10      2.00     7   6.7815
#        1830       0.02309      8.08      2.00     7   6.7823
#        1831       0.01920      7.84      2.00     7   6.7823
#        1832       0.02344      5.28      2.00     7   6.7821
#        1833       0.01230     13.29      2.00     6   6.7832
#        1834       0.01824     12.92      2.00     6   6.7834
#        1835       0.01859     11.85      2.00     7   6.7831
#        1836       0.02045      8.73      2.00     7   6.7832
#        1837       0.01383      6.21      2.00     6   6.7838
#        1838       0.02128      4.49      2.00     7   6.7837
#        1840       0.01717      9.01      2.00     7   6.7835
#        1841       0.02013      6.14      2.00     7   6.7839
#        1842       0.00757      6.45      2.00     4   6.7843
#        1843       0.01140     16.15      2.00     7   6.7842
#        1844       0.01703      7.34      2.00     7   6.7847
#        1845       0.02168     17.97      2.00     7   6.7850
#        1848       0.01864     23.58      2.00     7   6.7853
#        1849       0.01570      8.82      2.00     7   6.7868
#        1851       0.01129    156.80      2.00     7   6.7875
#        1852       0.01740      4.44      2.00     7   6.7884
#        1853       0.01816      6.78      2.00     7   6.7901
#        1854       0.03010     10.30      2.00     7   6.7901
#        1856       0.02172      6.22      2.00     6   6.7930
#        1857       0.02219      5.47      2.00     6   6.7940
#        1858       0.02067      6.27      2.00     7   6.7941
#        1859       0.00979     22.40      2.00     6   6.7943
#        1860       0.01970      5.87      2.00     7   6.7951
#        1861       0.01999      6.75      2.00     7   6.7951
#        1863       0.02317     14.90      2.00     7   6.7951
#        1864       0.02540      6.51      2.00     7   6.7953
#        1866       0.01943     11.03      2.00     7   6.7955
#        1867       0.02972     15.48      2.00     7   6.7956
#        1869       0.01776      7.64      2.00     7   6.7958
#        1870       0.02223     11.97      2.00     7   6.7956
#        1871       0.02313      5.35      2.00     7   6.7962
#        1872       0.01731      7.32      2.00     7   6.7960
#        1873       0.02308     18.37      2.00     7   6.7960
#        1875       0.01577      4.88      2.00     7   6.7966
#        1877       0.01772      9.69      2.00     7   6.7967
#        1878       0.02105      9.51      2.00     7   6.7965
#        1879       0.02068      7.70      2.00     7   6.7969
#        1880       0.02315      5.18      2.00     6   6.7978
#        1881       0.02666      5.73      2.00     7   6.7977
#        1882       0.01555      9.20      2.00     7   6.7977
#        1883       0.01836     25.81      2.00     7   6.7984
#        1885       0.01572      8.80      2.00     7   6.7990
#        1886       0.01996      7.38      2.00     6   6.7994
#        1887       0.02128      8.27      1.00     6   6.7996
#        1888       0.01730      8.22      2.00     7   6.8000
#        1889       0.02136     10.99      2.00     7   6.8007
#        1891       0.02213      4.43      2.00     7   6.8019
#        1892       0.02252      5.22      2.00     7   6.8014
#        1893       0.02149      4.90      2.00     7   6.8024
#        1895       0.02460      6.45      2.00     7   6.8039
#        1896       0.02608      5.32      2.00     7   6.8039
#        1897       0.01703      4.05      2.00     7   6.8040
#        1898       0.01952      4.21      2.00     7   6.8038
#        1900       0.02085     12.71      2.00     7   6.8060
#        1901       0.00595      8.54      2.00     4   6.8067
#        1902       0.01476      6.10      2.00     7   6.8089
#        1903       0.01809      7.92      2.00     7   6.8089
#        1904       0.02077     17.65      2.00     6   6.8103
#        1905       0.01790      5.18      2.00     7   6.8111
#        1906       0.01803      9.38      2.00     7   6.8121
#        1907       0.01802      9.07      2.00     7   6.8124
#        1908       0.01570     48.42      2.00     7   6.8129
#        1909       0.00811      9.88      2.00     6   6.8138
#        1910       0.01161     15.39      2.00     6   6.8138
#        1911       0.01934      5.56      2.00     7   6.8139
#        1913       0.00806     11.01      2.00     6   6.8155
#        1914       0.01161     17.01      2.00     6   6.8155
#        1917       0.00591      7.25      2.00     4   6.8176
#        1922       0.01976      6.64      2.00     5   6.8256
#        1923       0.02768      9.94      2.00     5   6.8267
#        1925       0.01314      7.10      2.00     6   6.8274
#        1926       0.01795      9.12      2.00     7   6.8323
#        1928       0.01827      7.11      2.00     7   6.8328
#        1930       0.01870      7.58      2.00     7   6.8344
#        1932       0.03016     10.72      2.00     5   6.8355
#        1933       0.01577      7.84      2.00     7   6.8359
#        1934       0.01571      5.71      2.00     7   6.8359
#        1935       0.01613     45.21      2.00     7   6.8359
#        1939       0.00622      5.14      2.00     3   6.8406
#        1940       0.01466      7.00      2.00     6   6.8406
#        1945       0.01640     18.42      2.00     7   6.8462
#        1946       0.01859      8.39      2.00     7   6.8483
#        1950       0.01835      7.24      2.00     7   6.8488
#        1952       0.01825      4.23      2.00     7   6.8499
#        1953       0.01967      6.60      2.00     5   6.8512
#        1956       0.01959      7.18      2.00     5   6.8536
#        1960       0.01578     14.81      2.00     6   6.8573
#        1962       0.00613      6.33      2.00     5   6.8581
#        1963       0.03844      8.05      2.00     7   6.8579
#        1968       0.01461      6.73      2.00     6   6.8607
#        1969       0.03347     13.16      2.00     7   6.8604
#        1971       0.00573     13.34      2.00     5   6.8611
#        1972       0.01562      4.76      2.00     6   6.8610
#        1975       0.02034      8.01      2.00     6   6.8631
#        1976       0.01983      7.41      2.00     5   6.8640
#        1977       0.01501      6.69      2.00     6   6.8640
#        1979       0.00605      8.44      2.00     4   6.8660
#        1980       0.01419      4.86      2.00     5   6.8698
#        1981       0.01978      5.88      2.00     5   6.8734
#        1982       0.01162      8.41      2.00     5   6.8736
#        1985       0.01043     19.52      2.00     6   6.8746
#        1986       0.01760      4.76      2.00     7   6.8752
#        1987       0.01861      8.96      2.00     7   6.8752
#        1990       0.02626      6.47      2.00     5   6.8768
#        1991       0.01791     10.15      2.00     7   6.8770
#        1992       0.01773      4.40      2.00     7   6.8770
#        1993       0.02871     11.99      2.00     7   6.8770
#        1995       0.01992      7.44      1.00     6   6.8783
#        1996       0.01784     11.29      2.00     7   6.8787
#        1997       0.00751      4.83      2.00     4   6.8811
#        1998       0.02615      5.90      2.00     5   6.8815
#        2000       0.02905     13.90      2.00     7   6.8825
#        2002       0.01783     12.13      2.00     7   6.8842
#        2003       0.01419      5.41      2.00     5   6.8882
#        2004       0.01593      4.14      2.00     6   6.8897
#        2006       0.01495      5.77      2.00     6   6.8917
#        2007       0.01983      6.66      2.00     7   6.8923
#        2008       0.02079      7.45      2.00     6   6.8927
#        2009       0.01819      4.66      2.00     7   6.8925
#        2010       0.02640      6.18      2.00     5   6.8932
#        2011       0.02672      7.52      2.00     5   6.8937
#        2012       0.02639      6.53      2.00     5   6.8946
#        2014       0.01791      9.12      2.00     7   6.8942
#        2015       0.01961     15.28      2.00     6   6.8946
#        2017       0.01506      6.68      2.00     6   6.8952
#        2018       0.02221      4.24      2.00     6   6.8952
#        2019       0.02160     10.69      2.00     6   6.8960
#        2021       0.01493      6.04      2.00     7   6.8965
#        2022       0.02829     13.80      2.00     7   6.8963
#        2023       0.02045      7.78      1.00     6   6.8969
#        2024       0.01947     16.99      2.00     6   6.8971
#        2025       0.01129      8.38      2.00     5   6.8982
#        2026       0.01788     10.23      2.00     7   6.8981
#        2027       0.00607      5.90      2.00     5   6.8987
#        2028       0.02044      9.75      2.00     6   6.8990
#        2030       0.02445      6.40      2.00     7   6.9009
#        2031       0.02353      5.17      2.00     7   6.9006
#        2032       0.01585     44.70      2.00     7   6.9007
#        2035       0.02317     16.70      2.00     7   6.9012
#        2036       0.02104     10.45      2.00     7   6.9016
#        2037       0.01881      5.54      2.00     7   6.9020
#        2039       0.01802      5.90      2.00     7   6.9030
#        2040       0.01933      8.90      2.00     7   6.9027
#        2041       0.02472      8.00      2.00     7   6.9030
#        2042       0.02062      9.57      2.00     7   6.9030
#        2043       0.00610      9.00      2.00     4   6.9033
#        2044       0.01979      4.42      2.00     7   6.9032
#        2046       0.00751     10.66      2.00     5   6.9040
#        2047       0.01982     26.04      2.00     7   6.9048
#        2048       0.01621      4.54      2.00     6   6.9056
#        2052       0.00621      6.86      2.00     4   6.9080
#        2056       0.01998     10.83      2.00     6   6.9146
#        2057       0.01990      7.24      2.00     7   6.9173
#        2058       0.01959      9.35      2.00     7   6.9180
#        2060       0.02015      4.88      2.00     7   6.9184
#        2061       0.01995      4.13      2.00     7   6.9184
#        2062       0.02583      4.55      2.00     7   6.9182
#        2063       0.02485      5.56      2.00     7   6.9182
#        2064       0.02421     10.58      2.00     7   6.9182
#        2065       0.02366     13.67      2.00     7   6.9182
#        2066       0.01191     13.99      2.00     7   6.9187
#        2067       0.01970      7.82      2.00     7   6.9190
#        2068       0.01981      8.50      2.00     7   6.9197
#        2069       0.01442      5.13      2.00     5   6.9203
#        2070       0.02020     22.14      2.00     7   6.9201
#        2071       0.02605      5.33      2.00     7   6.9200
#        2072       0.02532      6.65      2.00     7   6.9200
#        2073       0.01971      9.47      2.00     7   6.9200
#        2074       0.02007      9.66      2.00     7   6.9200
#        2077       0.01928     26.81      2.00     7   6.9217
#        2078       0.01445      8.14      1.00     6   6.9236
#        2079       0.01977     17.20      2.00     6   6.9267
#        2081       0.01077     65.86      2.00     7   6.9274
#        2082       0.02767      9.63      2.00     5   6.9284
#        2083       0.00579     13.66      2.00     5   6.9287
#        2084       0.01501      6.78      2.00     6   6.9285
#        2085       0.05396      7.10      2.00     7   6.9300
#        2089       0.01962     15.27      2.00     6   6.9308
#        2090       0.02827     10.99      2.00     5   6.9316
#        2091       0.01428      7.70      1.00     6   6.9316
#        2093       0.03571      7.29      2.00     7   6.9325
#        2094       0.02776      7.00      2.00     5   6.9334
#        2095       0.01987      9.10      2.00     6   6.9332
#        2097       0.01666      5.51      2.00     7   6.9331
#        2098       0.01586      7.87      2.00     7   6.9331
#        2099       0.02787      6.18      2.00     5   6.9337
#        2100       0.01636      4.92      2.00     7   6.9340
#        2101       0.01596      7.76      2.00     7   6.9335
#        2102       0.01668      4.69      2.00     7   6.9335
#        2103       0.01652      4.27      2.00     7   6.9341
#        2105       0.01315      4.59      2.00     6   6.9360
#        2106       0.01307      5.00      2.00     6   6.9360
#        2107       0.01637      5.42      2.00     7   6.9357
#        2108       0.01983     13.00      2.00     6   6.9361
#        2109       0.02232     18.82      2.00     6   6.9363
#        2110       0.02836     15.37      2.00     6   6.9367
#        2111       0.02759     21.05      2.00     6   6.9372
#        2112       0.02806     16.70      2.00     6   6.9381
#        2113       0.01572      4.65      2.00     7   6.9386
#        2114       0.01572      4.55      2.00     5   6.9392
#        2115       0.02027     10.93      2.00     6   6.9396
#        2116       0.02257      4.23      2.00     7   6.9401
#        2117       0.02201     20.20      2.00     6   6.9417
#        2119       0.01639      5.77      2.00     7   6.9422
#        2120       0.01765      7.43      2.00     5   6.9429
#        2121       0.01140     64.51      2.00     7   6.9437
#        2122       0.02619      4.08      2.00     5   6.9457
#        2124       0.01596      4.18      2.00     7   6.9454
#        2126       0.01039      5.56      2.00     7   6.9465
#        2128       0.01655      5.35      2.00     7   6.9470
#        2131       0.01751      8.96      2.00     7   6.9472
#        2132       0.02850     14.04      2.00     7   6.9473
#        2134       0.01086      4.68      2.00     6   6.9475
#        2136       0.01097     51.98      2.00     7   6.9487
#        2137       0.01456      6.58      2.00     7   6.9491
#        2138       0.01678      4.45      2.00     7   6.9495
#        2142       0.01459      7.32      2.00     7   6.9505
#        2145       0.01844      8.95      2.00     7   6.9510
#        2146       0.01833      4.53      2.00     7   6.9510
#        2148       0.02023      4.97      2.00     7   6.9507
#        2150       0.01962      5.04      2.00     7   6.9511
#        2151       0.00712     21.30      2.00     5   6.9514
#        2152       0.01636      5.21      2.00     7   6.9516
#        2153       0.01102      8.03      2.00     5   6.9522
#        2154       0.01642      4.44      2.00     7   6.9522
#        2155       0.01910     10.33      2.00     7   6.9522
#        2156       0.02009     10.03      2.00     7   6.9523
#        2159       0.02109     18.37      2.00     7   6.9525
#        2161       0.01907      7.90      2.00     7   6.9529
#        2162       0.02248      5.21      2.00     7   6.9528
#        2163       0.02053      5.13      2.00     7   6.9529
#        2164       0.01980      6.97      2.00     7   6.9532
#        2165       0.00593      5.60      2.00     5   6.9542
#        2166       0.01999      7.65      2.00     7   6.9540
#        2167       0.02029      8.54      2.00     7   6.9539
#        2168       0.01740      4.21      2.00     7   6.9544
#        2170       0.02039     21.77      2.00     7   6.9546
#        2171       0.01180      7.31      2.00     6   6.9552
#        2173       0.02502      7.92      2.00     7   6.9559
#        2174       0.02044      6.79      2.00     7   6.9559
#        2175       0.01997      7.53      2.00     6   6.9562
#        2177       0.02830      5.70      2.00     7   6.9561
#        2178       0.02479     14.25      2.00     7   6.9563
#        2180       0.01565      4.54      2.00     6   6.9568
#        2182       0.01827      4.93      2.00     7   6.9566
#        2183       0.01463      7.92      2.00     7   6.9576
#        2184       0.02702      4.22      2.00     7   6.9578
#        2185       0.01968      9.15      2.00     7   6.9578
#        2186       0.02682      7.00      2.00     7   6.9579
#        2188       0.02044      9.49      2.00     7   6.9579
#        2189       0.01956     26.47      2.00     7   6.9596
#  1570/2000 paths used
#  -----------------------------------------------------------------------
#       k          chi          mag           phase @#
     0.0000    4.546172E+00  9.669482E+00  4.894683E-01
     0.0500    4.724036E+00  9.489352E+00  5.210891E-01
     0.1000    4.888001E+00  9.310281E+00  5.527282E-01
     0.1500    5.300482E+00  8.799816E+00  6.464295E-01
     0.2000    5.597588E+00  8.298658E+00  7.403105E-01
     0.2500    5.890951E+00  7.565913E+00  8.924594E-01
     0.3000    5.931132E+00  6.856437E+00  1.045242E+00
     0.3500    5.734425E+00  6.038266E+00  1.252215E+00
     0.4000    5.227317E+00  5.258988E+00  1.460994E+00
     0.4500    4.447989E+00  4.496977E+00  1.718536E+00
     0.5000    3.472144E+00  3.784674E+00  1.980040E+00
     0.5500    2.399821E+00  3.182322E+00  2.287295E+00
     0.6000    1.352853E+00  2.631086E+00  2.601541E+00
     0.6500    4.129296E-01  2.229454E+00  2.955301E+00
     0.7000   -3.225921E-01  1.868162E+00  3.315141E+00
     0.7500   -8.666440E-01  1.645842E+00  3.696148E+00
     0.8000   -1.155557E+00  1.440656E+00  4.072404E+00
     0.8500   -1.283856E+00  1.332261E+00  4.442000E+00
     0.9000   -1.211223E+00  1.215519E+00  4.796487E+00
     0.9500   -1.049030E+00  1.149540E+00  5.133672E+00
     1.0000   -7.827459E-01  1.062212E+00  5.454709E+00
     1.0500   -5.017736E-01  1.002459E+00  5.758960E+00
     1.1000   -2.125085E-01  9.195979E-01  6.049989E+00
     1.1500    3.907816E-02  8.506743E-01  6.329139E+00
     1.2000    2.344719E-01  7.633341E-01  6.595401E+00
     1.2500    3.698939E-01  6.866946E-01  6.852029E+00
     1.3000    4.331133E-01  5.987684E-01  7.091813E+00
     1.3500    4.499246E-01  5.218361E-01  7.322773E+00
     1.4000    4.176486E-01  4.404868E-01  7.530557E+00
     1.4500    3.692302E-01  3.721665E-01  7.728282E+00
     1.5000    3.052872E-01  3.055058E-01  7.891807E+00
     1.5500    2.470489E-01  2.518126E-01  8.048802E+00
     1.6000    1.942441E-01  2.035355E-01  8.157302E+00
     1.6500    1.507329E-01  1.644566E-01  8.265409E+00
     1.7000    1.183916E-01  1.318321E-01  8.309466E+00
     1.7500    9.314751E-02  1.046985E-01  8.328148E+00
     1.8000    7.882608E-02  8.572962E-02  8.258040E+00
     1.8500    7.263420E-02  7.577778E-02  8.143029E+00
     1.9000    7.554465E-02  7.633661E-02  7.998152E+00
     1.9500    1.035419E-01  1.035419E-01  7.853862E+00
     2.0000    9.011211E-02  9.148636E-02  8.027528E+00
     2.0500    9.201207E-02  9.675546E-02  8.168403E+00
     2.1000    8.667395E-02  9.771186E-02  8.333892E+00
     2.1500    7.359590E-02  9.217047E-02  8.500019E+00
     2.2000    5.747152E-02  7.992234E-02  8.622283E+00
     2.2500    4.176852E-02  6.519637E-02  8.729424E+00
     2.3000    3.653438E-02  5.364917E-02  8.675668E+00
     2.3500    4.281367E-02  5.283042E-02  8.479947E+00
     2.4000    5.679337E-02  6.512312E-02  8.365316E+00
     2.4500    6.346129E-02  7.525642E-02  8.421444E+00
     2.5000    6.747153E-02  8.699446E-02  8.537138E+00
     2.5500    6.607904E-02  9.877690E-02  8.691952E+00
     2.6000    5.801929E-02  1.098031E-01  8.868070E+00
     2.6500    4.210641E-02  1.166014E-01  9.055315E+00
     2.7000    2.126744E-02  1.227982E-01  9.250710E+00
     2.7500   -3.406908E-03  1.281967E-01  9.451357E+00
     2.8000   -3.023007E-02  1.326976E-01  9.654608E+00
     2.8500   -5.538406E-02  1.331254E-01  9.853852E+00
     2.9000   -7.807424E-02  1.330257E-01  1.005202E+01
     2.9500   -9.721473E-02  1.325028E-01  1.024850E+01
     3.0000   -1.120653E-01  1.316722E-01  1.044284E+01
     3.0500   -1.206854E-01  1.292381E-01  1.062973E+01
     3.1000   -1.249480E-01  1.270138E-01  1.081497E+01
     3.1500   -1.250111E-01  1.250121E-01  1.099958E+01
     3.2000   -1.210036E-01  1.231935E-01  1.118441E+01
     3.2500   -1.128373E-01  1.210413E-01  1.136587E+01
     3.3000   -1.013053E-01  1.191447E-01  1.154987E+01
     3.3500   -8.642366E-02  1.171992E-01  1.173715E+01
     3.4000   -6.863911E-02  1.149481E-01  1.192645E+01
     3.4500   -4.906118E-02  1.124243E-01  1.211478E+01
     3.5000   -2.847316E-02  1.096625E-01  1.230372E+01
     3.5500   -7.907837E-03  1.066427E-01  1.249215E+01
     3.6000    1.160966E-02  1.033985E-01  1.267889E+01
     3.6500    2.891803E-02  9.992301E-02  1.285997E+01
     3.7000    4.373112E-02  9.642433E-02  1.303709E+01
     3.7500    5.580833E-02  9.304371E-02  1.320963E+01
     3.8000    6.520609E-02  8.992653E-02  1.337756E+01
     3.8500    7.216129E-02  8.736763E-02  1.353826E+01
     3.9000    7.712970E-02  8.529965E-02  1.369592E+01
     3.9500    8.040464E-02  8.377752E-02  1.385245E+01
     4.0000    8.211940E-02  8.278737E-02  1.401005E+01
     4.0500    8.241620E-02  8.245683E-02  1.416856E+01
     4.1000    8.094428E-02  8.250041E-02  1.433170E+01
     4.1500    7.736806E-02  8.277368E-02  1.450057E+01
     4.2000    7.136447E-02  8.312306E-02  1.467555E+01
     4.2500    6.296222E-02  8.362801E-02  1.485553E+01
     4.3000    5.194647E-02  8.396696E-02  1.504094E+01
     4.3500    3.859324E-02  8.404076E-02  1.523085E+01
     4.4000    2.345844E-02  8.378412E-02  1.542418E+01
     4.4500    7.332055E-03  8.335874E-02  1.561989E+01
     4.5000   -8.980244E-03  8.256176E-02  1.581695E+01
     4.5500   -2.455228E-02  8.141199E-02  1.601431E+01
     4.6000   -3.854885E-02  7.995016E-02  1.621108E+01
     4.6500   -5.043321E-02  7.835797E-02  1.640719E+01
     4.7000   -5.965507E-02  7.656081E-02  1.660133E+01
     4.7500   -6.599769E-02  7.462757E-02  1.679309E+01
     4.8000   -6.945605E-02  7.262490E-02  1.698227E+01
     4.8500   -7.026801E-02  7.068771E-02  1.716973E+01
     4.9000   -6.859055E-02  6.878866E-02  1.735467E+01
     4.9500   -6.473787E-02  6.696574E-02  1.753743E+01
     5.0000   -5.903593E-02  6.524200E-02  1.771847E+01
     5.0500   -5.181405E-02  6.369287E-02  1.789941E+01
     5.1000   -4.333805E-02  6.225929E-02  1.807962E+01
     5.1500   -3.389922E-02  6.093131E-02  1.825957E+01
     5.2000   -2.378967E-02  5.969351E-02  1.843964E+01
     5.2500   -1.323167E-02  5.859432E-02  1.862177E+01
     5.3000   -2.583787E-03  5.755396E-02  1.880465E+01
     5.3500    7.827243E-03  5.655597E-02  1.898840E+01
     5.4000    1.767349E-02  5.558693E-02  1.917312E+01
     5.4500    2.676673E-02  5.469194E-02  1.936097E+01
     5.5000    3.467676E-02  5.379689E-02  1.955004E+01
     5.5500    4.112713E-02  5.289142E-02  1.974036E+01
     5.6000    4.589015E-02  5.196551E-02  1.993196E+01
     5.6500    4.886966E-02  5.105230E-02  2.012689E+01
     5.7000    4.985059E-02  5.008768E-02  2.032302E+01
     5.7500    4.881783E-02  4.906236E-02  2.052023E+01
     5.8000    4.585415E-02  4.796864E-02  2.071837E+01
     5.8500    4.116166E-02  4.685784E-02  2.091857E+01
     5.9000    3.497079E-02  4.567029E-02  2.111898E+01
     5.9500    2.764234E-02  4.440952E-02  2.131929E+01
     6.0000    1.958900E-02  4.308292E-02  2.151913E+01
     6.0500    1.124229E-02  4.187340E-02  2.171933E+01
     6.1000    2.957923E-03  4.063081E-02  2.191828E+01
     6.1500   -4.894289E-03  3.937066E-02  2.211578E+01
     6.2000   -1.200745E-02  3.810876E-02  2.231169E+01
     6.2500   -1.814886E-02  3.686018E-02  2.250596E+01
     6.3000   -2.316191E-02  3.563833E-02  2.269862E+01
     6.3500   -2.696017E-02  3.445405E-02  2.288981E+01
     6.4000   -2.951646E-02  3.331505E-02  2.307975E+01
     6.4500   -3.085001E-02  3.222550E-02  2.326872E+01
     6.5000   -3.101454E-02  3.118593E-02  2.345706E+01
     6.5500   -3.034466E-02  3.045711E-02  2.364790E+01
     6.6000   -2.862462E-02  2.975911E-02  2.383896E+01
     6.6500   -2.595189E-02  2.908518E-02  2.403039E+01
     6.7000   -2.245134E-02  2.842822E-02  2.422233E+01
     6.7500   -1.827431E-02  2.778114E-02  2.441485E+01
     6.8000   -1.359622E-02  2.713720E-02  2.460797E+01
     6.8500   -8.611978E-03  2.649032E-02  2.480162E+01
     6.9000   -3.529013E-03  2.583533E-02  2.499572E+01
     6.9500    1.442054E-03  2.516844E-02  2.519007E+01
     7.0000    6.098842E-03  2.448755E-02  2.538445E+01
     7.0500    1.038075E-02  2.391592E-02  2.558173E+01
     7.1000    1.403294E-02  2.332626E-02  2.577824E+01
     7.1500    1.693483E-02  2.272372E-02  2.597365E+01
     7.2000    1.901527E-02  2.211527E-02  2.616767E+01
     7.2500    2.025289E-02  2.150929E-02  2.636006E+01
     7.3000    2.067103E-02  2.091493E-02  2.655067E+01
     7.3500    2.032824E-02  2.034138E-02  2.673949E+01
     7.4000    1.930638E-02  1.979699E-02  2.692663E+01
     7.4500    1.769886E-02  1.928839E-02  2.711236E+01
     7.5000    1.560118E-02  1.881982E-02  2.729706E+01
     7.5500    1.310048E-02  1.840668E-02  2.748238E+01
     7.6000    1.029520E-02  1.803762E-02  2.766690E+01
     7.6500    7.273842E-03  1.771256E-02  2.785116E+01
     7.7000    4.119665E-03  1.742879E-02  2.803570E+01
     7.7500    9.151100E-04  1.718149E-02  2.822105E+01
     7.8000   -2.254106E-03  1.696441E-02  2.840760E+01
     7.8500   -5.296804E-03  1.677061E-02  2.859567E+01
     7.9000   -8.116846E-03  1.659309E-02  2.878547E+01
     7.9500   -1.061630E-02  1.642534E-02  2.897711E+01
     8.0000   -1.270055E-02  1.626155E-02  2.917063E+01
     8.0500   -1.431490E-02  1.613592E-02  2.936546E+01
     8.1000   -1.537693E-02  1.601422E-02  2.956207E+01
     8.1500   -1.583565E-02  1.589248E-02  2.976054E+01
     8.2000   -1.566117E-02  1.576675E-02  2.996092E+01
     8.2500   -1.484846E-02  1.563292E-02  3.016327E+01
     8.3000   -1.342055E-02  1.548667E-02  3.036760E+01
     8.3500   -1.143093E-02  1.532345E-02  3.057393E+01
     8.4000   -8.964577E-03  1.513861E-02  3.078218E+01
     8.4500   -6.136894E-03  1.492762E-02  3.099226E+01
     8.5000   -3.089658E-03  1.468641E-02  3.120397E+01
     8.5500    2.631857E-05  1.449478E-02  3.141774E+01
     8.6000    3.069517E-03  1.427109E-02  3.163271E+01
     8.6500    5.874927E-03  1.401333E-02  3.184853E+01
     8.7000    8.291684E-03  1.372078E-02  3.206483E+01
     8.7500    1.019643E-02  1.339423E-02  3.228117E+01
     8.8000    1.150432E-02  1.303598E-02  3.249709E+01
     8.8500    1.217586E-02  1.264985E-02  3.271211E+01
     8.9000    1.221827E-02  1.224100E-02  3.292577E+01
     8.9500    1.168133E-02  1.181566E-02  3.313766E+01
     9.0000    1.064842E-02  1.138072E-02  3.334741E+01
     9.0500    9.284801E-03  1.102523E-02  3.355628E+01
     9.1000    7.617992E-03  1.067298E-02  3.376266E+01
     9.1500    5.755157E-03  1.033003E-02  3.396659E+01
     9.2000    3.795604E-03  1.000142E-02  3.416826E+01
     9.2500    1.825982E-03  9.690889E-03  3.436796E+01
     9.3000   -8.110617E-05  9.400626E-03  3.456615E+01
     9.3500   -1.865902E-03  9.131226E-03  3.476331E+01
     9.4000   -3.478922E-03  8.881791E-03  3.495999E+01
     9.4500   -4.878287E-03  8.650170E-03  3.515668E+01
     9.5000   -6.027992E-03  8.433289E-03  3.535384E+01
     9.5500   -6.946296E-03  8.278216E-03  3.555316E+01
     9.6000   -7.566537E-03  8.131268E-03  3.575343E+01
     9.6500   -7.869085E-03  7.989109E-03  3.595476E+01
     9.7000   -7.845464E-03  7.848727E-03  3.615715E+01
     9.7500   -7.500690E-03  7.707579E-03  3.636054E+01
     9.8000   -6.854666E-03  7.563682E-03  3.656476E+01
     9.8500   -5.942247E-03  7.415645E-03  3.676963E+01
     9.9000   -4.811812E-03  7.262668E-03  3.697491E+01
     9.9500   -3.522451E-03  7.104514E-03  3.718035E+01
    10.0000   -2.140053E-03  6.941456E-03  3.738571E+01
    10.0500   -7.293866E-04  6.806554E-03  3.759175E+01
    10.1000    6.547922E-04  6.668121E-03  3.779747E+01
    10.1500    1.951169E-03  6.527090E-03  3.800269E+01
    10.2000    3.106472E-03  6.384618E-03  3.820725E+01
    10.2500    4.077979E-03  6.241997E-03  3.841106E+01
    10.3000    4.834888E-03  6.100554E-03  3.861406E+01
    10.3500    5.358548E-03  5.961548E-03  3.881625E+01
    10.4000    5.641755E-03  5.826064E-03  3.901770E+01
    10.4500    5.687418E-03  5.694934E-03  3.921853E+01
    10.5000    5.506979E-03  5.568666E-03  3.941889E+01
    10.5500    5.118886E-03  5.447423E-03  3.961898E+01
    10.6000    4.547350E-03  5.331027E-03  3.981900E+01
    10.6500    3.821411E-03  5.219004E-03  4.001914E+01
    10.7000    2.974220E-03  5.110658E-03  4.021956E+01
    10.7500    2.042357E-03  5.005163E-03  4.042039E+01
    10.8000    1.064960E-03  4.901663E-03  4.062169E+01
    10.8500    8.251957E-05  4.799361E-03  4.082351E+01
    10.9000   -8.646810E-04  4.697590E-03  4.102583E+01
    10.9500   -1.738401E-03  4.595851E-03  4.122861E+01
    11.0000   -2.504339E-03  4.493831E-03  4.143182E+01
    11.0500   -3.163416E-03  4.429366E-03  4.163617E+01
    11.1000   -3.673420E-03  4.365020E-03  4.184087E+01
    11.1500   -4.016433E-03  4.300742E-03  4.204586E+01
    11.2000   -4.182205E-03  4.236577E-03  4.225112E+01
    11.2500   -4.168354E-03  4.172607E-03  4.245665E+01
    11.3000   -3.980135E-03  4.108891E-03  4.266250E+01
    11.3500   -3.629880E-03  4.045412E-03  4.286872E+01
    11.4000   -3.136287E-03  3.982041E-03  4.307538E+01
    11.4500   -2.523614E-03  3.918523E-03  4.328255E+01
    11.5000   -1.820809E-03  3.854490E-03  4.349030E+01
    11.5500   -1.060510E-03  3.789499E-03  4.369865E+01
    11.6000   -2.778102E-04  3.723087E-03  4.390761E+01
    11.6500    4.912701E-04  3.654830E-03  4.411712E+01
    11.7000    1.211596E-03  3.584397E-03  4.432711E+01
    11.7500    1.850893E-03  3.511597E-03  4.453746E+01
    11.8000    2.381674E-03  3.436392E-03  4.474804E+01
    11.8500    2.782863E-03  3.358898E-03  4.495873E+01
    11.9000    3.040910E-03  3.279355E-03  4.516940E+01
    11.9500    3.150275E-03  3.198085E-03  4.537996E+01
    12.0000    3.113281E-03  3.115443E-03  4.559035E+01
    12.0500    2.973588E-03  3.070133E-03  4.580454E+01
    12.1000    2.701817E-03  3.023954E-03  4.601887E+01
    12.1500    2.314169E-03  2.976780E-03  4.623336E+01
    12.2000    1.832094E-03  2.928469E-03  4.644797E+01
    12.2500    1.281243E-03  2.878902E-03  4.666266E+01
    12.3000    6.901346E-04  2.828015E-03  4.687737E+01
    12.3500    8.855933E-05  2.775821E-03  4.709198E+01
    12.4000   -4.941446E-04  2.722423E-03  4.730641E+01
    12.4500   -1.030785E-03  2.668005E-03  4.752056E+01
    12.5000   -1.497792E-03  2.612813E-03  4.773436E+01
    12.5500   -1.876331E-03  2.557121E-03  4.794774E+01
    12.6000   -2.152984E-03  2.501200E-03  4.816069E+01
    12.6500   -2.320011E-03  2.445280E-03  4.837321E+01
    12.7000   -2.375264E-03  2.389538E-03  4.858533E+01
    12.7500   -2.321862E-03  2.334083E-03  4.879706E+01
    12.8000   -2.167714E-03  2.278970E-03  4.900844E+01
    12.8500   -1.924913E-03  2.224225E-03  4.921947E+01
    12.9000   -1.609008E-03  2.169873E-03  4.943015E+01
    12.9500   -1.238131E-03  2.115973E-03  4.964044E+01
    13.0000   -8.319655E-04  2.062631E-03  4.985031E+01
    13.0500   -4.143673E-04  2.023228E-03  5.005922E+01
    13.1000    4.749815E-06  1.984299E-03  5.026788E+01
    13.1500    4.071757E-04  1.945941E-03  5.047628E+01
    13.2000    7.763563E-04  1.908269E-03  5.068447E+01
    13.2500    1.098011E-03  1.871378E-03  5.089251E+01
    13.3000    1.360527E-03  1.835314E-03  5.110050E+01
    13.3500    1.555162E-03  1.800045E-03  5.130856E+01
    13.4000    1.676132E-03  1.765446E-03  5.151683E+01
    13.4500    1.720680E-03  1.731304E-03  5.172544E+01
    13.5000    1.689165E-03  1.697337E-03  5.193444E+01
    13.5500    1.585175E-03  1.663234E-03  5.214386E+01
    13.6000    1.415558E-03  1.628707E-03  5.235364E+01
    13.6500    1.190281E-03  1.593539E-03  5.256362E+01
    13.7000    9.219876E-04  1.557622E-03  5.277364E+01
    13.7500    6.252430E-04  1.520989E-03  5.298344E+01
    13.8000    3.155081E-04  1.483811E-03  5.319281E+01
    13.8500    8.011661E-06  1.446377E-03  5.340154E+01
    13.9000   -2.832916E-04  1.409055E-03  5.360951E+01
    13.9500   -5.464951E-04  1.372236E-03  5.381668E+01
    14.0000   -7.721488E-04  1.336270E-03  5.402315E+01
    14.0500   -9.663507E-04  1.314816E-03  5.423270E+01
    14.1000   -1.112262E-03  1.293656E-03  5.444192E+01
    14.1500   -1.205381E-03  1.272840E-03  5.465084E+01
    14.2000   -1.243642E-03  1.252408E-03  5.485949E+01
    14.2500   -1.227415E-03  1.232402E-03  5.506787E+01
    14.3000   -1.159385E-03  1.212884E-03  5.527599E+01
    14.3500   -1.044318E-03  1.193936E-03  5.548388E+01
    14.4000   -8.887014E-04  1.175652E-03  5.569161E+01
    14.4500   -7.003200E-04  1.158114E-03  5.589927E+01
    14.5000   -4.878454E-04  1.141367E-03  5.610703E+01
    14.5500   -2.605005E-04  1.125393E-03  5.631507E+01
    14.6000   -2.781824E-05  1.110097E-03  5.652361E+01
    14.6500    2.005470E-04  1.095314E-03  5.673280E+01
    14.7000    4.150338E-04  1.080826E-03  5.694279E+01
    14.7500    6.064875E-04  1.066398E-03  5.715362E+01
    14.8000    7.665989E-04  1.051813E-03  5.736529E+01
    14.8500    8.884226E-04  1.036903E-03  5.757771E+01
    14.9000    9.668774E-04  1.021567E-03  5.779077E+01
    14.9500    9.991163E-04  1.005771E-03  5.800437E+01
    15.0000    9.846922E-04  9.895324E-04  5.821841E+01
    15.0500    9.324721E-04  9.793019E-04  5.842997E+01
    15.1000    8.392466E-04  9.685732E-04  5.864216E+01
    15.1500    7.098231E-04  9.572676E-04  5.885494E+01
    15.2000    5.508030E-04  9.453131E-04  5.906825E+01
    15.2500    3.702654E-04  9.326481E-04  5.928201E+01
    15.3000    1.773490E-04  9.192248E-04  5.949611E+01
    15.3500   -1.825421E-05  9.050154E-04  5.971043E+01
    15.4000   -2.068670E-04  8.900182E-04  5.992484E+01
    15.4500   -3.794147E-04  8.742625E-04  6.013917E+01
    15.5000   -5.279785E-04  8.578109E-04  6.035327E+01
    15.5500   -6.462561E-04  8.407576E-04  6.056700E+01
    15.6000   -7.298774E-04  8.232224E-04  6.078022E+01
    15.6500   -7.765466E-04  8.053419E-04  6.099284E+01
    15.7000   -7.860107E-04  7.872570E-04  6.120478E+01
    15.7500   -7.598843E-04  7.691017E-04  6.141603E+01
    15.8000   -7.013739E-04  7.509929E-04  6.162660E+01
    15.8500   -6.149561E-04  7.330232E-04  6.183654E+01
    15.9000   -5.060457E-04  7.152588E-04  6.204590E+01
    15.9500   -3.806784E-04  6.977407E-04  6.225476E+01
    16.0000   -2.452155E-04  6.804883E-04  6.246321E+01
    16.0500   -1.091878E-04  6.664856E-04  6.266729E+01
    16.1000    2.560179E-05  6.528378E-04  6.287108E+01
    16.1500    1.537840E-04  6.395264E-04  6.307470E+01
    16.2000    2.704739E-04  6.265191E-04  6.327824E+01
    16.2500    3.714138E-04  6.137732E-04  6.348178E+01
    16.3000    4.531041E-04  6.012397E-04  6.368540E+01
    16.3500    5.129145E-04  5.888660E-04  6.388913E+01
    16.4000    5.491756E-04  5.765984E-04  6.409300E+01
    16.4500    5.612395E-04  5.643858E-04  6.429701E+01
    16.5000    5.495070E-04  5.521827E-04  6.450113E+01
    16.5500    5.154085E-04  5.399533E-04  6.470532E+01
    16.6000    4.613325E-04  5.276746E-04  6.490951E+01
    16.6500    3.904964E-04  5.153391E-04  6.511359E+01
    16.7000    3.067622E-04  5.029557E-04  6.531749E+01
    16.7500    2.144102E-04  4.905487E-04  6.552109E+01
    16.8000    1.178898E-04  4.781555E-04  6.572433E+01
    16.8500    2.157281E-05  4.658229E-04  6.592712E+01
    16.9000   -7.046858E-05  4.536027E-04  6.612943E+01
    16.9500   -1.546406E-04  4.415475E-04  6.633126E+01
    17.0000   -2.279541E-04  4.297062E-04  6.653262E+01
    17.0500   -2.912717E-04  4.209210E-04  6.673768E+01
    17.1000   -3.399775E-04  4.124042E-04  6.694255E+01
    17.1500   -3.727455E-04  4.041603E-04  6.714736E+01
    17.2000   -3.888999E-04  3.961778E-04  6.735227E+01
    17.2500   -3.883958E-04  3.884295E-04  6.755742E+01
    17.3000   -3.718000E-04  3.808742E-04  6.776296E+01
    17.3500   -3.402714E-04  3.734595E-04  6.796901E+01
    17.4000   -2.955351E-04  3.661267E-04  6.817566E+01
    17.4500   -2.398419E-04  3.588146E-04  6.838294E+01
    17.5000   -1.759005E-04  3.514643E-04  6.859089E+01
    17.5500   -1.067756E-04  3.440234E-04  6.879945E+01
    17.6000   -3.575067E-05  3.364490E-04  6.900858E+01
    17.6500    3.384017E-05  3.287101E-04  6.921817E+01
    17.7000    9.879720E-05  3.207885E-04  6.942811E+01
    17.7500    1.562404E-04  3.126787E-04  6.963827E+01
    17.8000    2.037756E-04  3.043874E-04  6.984852E+01
    17.8500    2.396244E-04  2.959313E-04  7.005873E+01
    17.9000    2.627059E-04  2.873351E-04  7.026878E+01
    17.9500    2.726649E-04  2.786292E-04  7.047855E+01
    18.0000    2.698469E-04  2.698475E-04  7.068798E+01
    18.0500    2.586358E-04  2.644183E-04  7.089535E+01
    18.1000    2.368483E-04  2.589806E-04  7.110226E+01
    18.1500    2.059548E-04  2.535737E-04  7.130870E+01
    18.2000    1.677305E-04  2.482330E-04  7.151472E+01
    18.2500    1.241444E-04  2.429874E-04  7.172039E+01
    18.3000    7.725824E-05  2.378584E-04  7.192582E+01
    18.3500    2.914021E-05  2.328580E-04  7.213116E+01
    18.4000   -1.820470E-05  2.279887E-04  7.233657E+01
    18.4500   -6.289075E-05  2.232432E-04  7.254221E+01
    18.5000   -1.031979E-04  2.186047E-04  7.274827E+01
    18.5500   -1.376139E-04  2.140480E-04  7.295492E+01
    18.6000   -1.648764E-04  2.095413E-04  7.316231E+01
    18.6500   -1.840172E-04  2.050476E-04  7.337056E+01
    18.7000   -1.944080E-04  2.005272E-04  7.357975E+01
    18.7500   -1.958025E-04  1.959402E-04  7.378994E+01
    18.8000   -1.883700E-04  1.912481E-04  7.400113E+01
    18.8500   -1.727094E-04  1.864166E-04  7.421330E+01
    18.9000   -1.498392E-04  1.814170E-04  7.442636E+01
    18.9500   -1.211544E-04  1.762280E-04  7.464020E+01
    19.0000   -8.835213E-05  1.708362E-04  7.485468E+01
    19.0500   -5.419002E-05  1.671144E-04  7.506798E+01
    19.1000   -1.900737E-05  1.631639E-04  7.528147E+01
    19.1500    1.534117E-05  1.589940E-04  7.549486E+01
    19.2000    4.712242E-05  1.546229E-04  7.570791E+01
    19.2500    7.484443E-05  1.500773E-04  7.592033E+01
    19.3000    9.735110E-05  1.453914E-04  7.613187E+01
    19.3500    1.138819E-04  1.406051E-04  7.634228E+01
    19.4000    1.240913E-04  1.357621E-04  7.655134E+01
    19.4500    1.280293E-04  1.309084E-04  7.675890E+01
    19.5000    1.260885E-04  1.260896E-04  7.696483E+01
    19.5500    1.189285E-04  1.213486E-04  7.716907E+01
    19.6000    1.073898E-04  1.167237E-04  7.737165E+01
    19.6500    9.240957E-05  1.122462E-04  7.757266E+01
    19.7000    7.494932E-05  1.079388E-04  7.777227E+01
    19.7500    5.594117E-05  1.038145E-04  7.797074E+01
    19.8000    3.625426E-05  9.987583E-05  7.816834E+01
    19.8500    1.667903E-05  9.611571E-05  7.836540E+01
    19.9000   -2.076174E-06  9.251812E-05  7.856226E+01
    19.9500   -1.938314E-05  8.906016E-05  7.875921E+01
    20.0000   -3.469310E-05  8.571428E-05  7.895652E+01
