pdb_id,consensus_name,best_hit_name,motif1,motif2,motif3
13sb,E3 ubiquitin-protein ligase MYLIP,E3 ubiquitin-protein ligase MYLIP,ZF_RING_2,,
13sc,E3 ubiquitin-protein ligase MYLIP,E3 ubiquitin-protein ligase MYLIP,ZF_RING_2,,
13se,E3 ubiquitin-protein ligase MYLIP,E3 ubiquitin-protein ligase MYLIP,ZF_RING_2,,
13sf,E3 ubiquitin-protein ligase MYLIP,E3 ubiquitin-protein ligase MYLIP,ZF_RING_2,,
13si,E3 ubiquitin-protein ligase MYLIP,E3 ubiquitin-protein ligase MYLIP,ZF_RING_2,,
13sj,E3 ubiquitin-protein ligase MYLIP,E3 ubiquitin-protein ligase MYLIP,ZF_RING_2,,
13sk,E3 ubiquitin-protein ligase MYLIP,E3 ubiquitin-protein ligase MYLIP,ZF_RING_2,,
13sl,E3 ubiquitin-protein ligase MYLIP,E3 ubiquitin-protein ligase MYLIP,ZF_RING_2,,
13sm,E3 ubiquitin-protein ligase MYLIP,E3 ubiquitin-protein ligase MYLIP,ZF_RING_2,,
13sn,E3 ubiquitin-protein ligase MYLIP,E3 ubiquitin-protein ligase MYLIP,ZF_RING_2,,
13so,E3 ubiquitin-protein ligase MYLIP,E3 ubiquitin-protein ligase MYLIP,ZF_RING_2,,
13sq,E3 ubiquitin-protein ligase MYLIP,E3 ubiquitin-protein ligase MYLIP,ZF_RING_2,,
13ss,E3 ubiquitin-protein ligase MYLIP,E3 ubiquitin-protein ligase MYLIP,ZF_RING_2,,
13su,E3 ubiquitin-protein ligase MYLIP,E3 ubiquitin-protein ligase MYLIP,ZF_RING_2,,
13sv,E3 ubiquitin-protein ligase MYLIP,E3 ubiquitin-protein ligase MYLIP,ZF_RING_2,,
13sy,E3 ubiquitin-protein ligase MYLIP,E3 ubiquitin-protein ligase MYLIP,ZF_RING_2,,
13ta,E3 ubiquitin-protein ligase MYLIP,E3 ubiquitin-protein ligase MYLIP,ZF_RING_2,,
13tb,E3 ubiquitin-protein ligase MYLIP,E3 ubiquitin-protein ligase MYLIP,ZF_RING_2,,
1a73,Intron-encoded endonuclease I-PpoI,INTRON-ENCODED ENDONUCLEASE I-PPOI,,,
1a8h,Methionyl-tRNA synthetase,Methionine--tRNA ligase,,,
1btk,Tyrosine-protein kinase BTK,Tyrosine-protein kinase BTK,PS50003,PS51113,
1cyq,Intron-encoded endonuclease I-PpoI,Intron-encoded endonuclease I-PpoI,,,
1d0q,DNA primase,DNA primase,,,
1efz,Queuine tRNA-ribosyltransferase,TRNA-GUANINE TRANSGLYCOSYLASE,,,
1enu,Queuine tRNA-ribosyltransferase,QUEUINE TRNA-RIBOSYLTRANSFERASE,,,
1evx,Intron-encoded endonuclease I-PpoI,INTRON 3 (I-PPO) ENCODED ENDONUCLEASE,,,
1f3e,Queuine tRNA-ribosyltransferase,TRNA-GUANINE TRANSGLYCOSYLASE,,,
1fn9,Outer capsid protein sigma-3,Outer capsid protein sigma-3,ZINC_FINGER_C2H2_1,,
1g73,Baculoviral IAP repeat-containing protein 4,E3 ubiquitin-protein ligase XIAP,PS50143,PS01282,
1h3n,LEUCYL-TRNA SYNTHETASE,LEUCYL-TRNA SYNTHETASE,PS00178,,
1jd5,Baculoviral IAP repeat-containing protein 2,APOPTOSIS 1 INHIBITOR,PS50143,PS01282,
1k4g,Queuine tRNA-ribosyltransferase,TRNA-GUANINE TRANSGLYCOSYLASE,,,
1k4h,Queuine tRNA-ribosyltransferase,TRNA-GUANINE TRANSGLYCOSYLASE,,,
1oqj,Nuclear body protein SP140,Nuclear body protein SP140,PS50864,,
1ozm,Queuine tRNA-ribosyltransferase,Queuine tRNA-ribosyltransferase,,,
1ozq,Queuine tRNA-ribosyltransferase,Queuine tRNA-ribosyltransferase,,,
1p0b,Queuine tRNA-ribosyltransferase,TRNA-GUANINE TRANSGLYCOSYLASE,,,
1p0d,Queuine tRNA-ribosyltransferase,TRNA-GUANINE TRANSGLYCOSYLASE,,,
1ptq,Protein kinase C delta type,PROTEIN KINASE C DELTA TYPE,PS00479,PS50081,
1pud,Queuine tRNA-ribosyltransferase,TRNA-GUANINE TRANSGLYCOSYLASE,,,
1pxg,Queuine tRNA-ribosyltransferase,TRNA-GUANINE TRANSGLYCOSYLASE,,,
1q4w,Queuine tRNA-ribosyltransferase,TRNA-GUANINE TRANSGLYCOSYLASE,,,
1q63,Queuine tRNA-ribosyltransferase,TRNA-GUANINE TRANSGLYCOSYLASE,,,
1q66,Queuine tRNA-ribosyltransferase,TRNA-GUANINE TRANSGLYCOSYLASE,,,
1r5y,Queuine tRNA-ribosyltransferase,TRNA-GUANINE TRANSGLYCOSYLASE,,,
1rut,RHOMBOTIN-2,"LIM domain transcription factor LMO4,LIM domain-binding protein 1",PS00478,PS50023,PS51957
1s38,Queuine tRNA-ribosyltransferase,TRNA-GUANINE TRANSGLYCOSYLASE,,,
1s39,Queuine tRNA-ribosyltransferase,TRNA-GUANINE TRANSGLYCOSYLASE,,,
1sdz,Apoptosis 1 inhibitor,Apoptosis 1 inhibitor,PS50143,PS01282,
1se0,Apoptosis 1 inhibitor,Apoptosis 1 inhibitor,PS50143,PS01282,
1t9h,Small ribosomal subunit biogenesis GTPase RsgA,Small ribosomal subunit biogenesis GTPase RsgA,PS50936,PS51721,
1tw6,Baculoviral IAP repeat-containing protein 7,Baculoviral IAP repeat-containing protein 7,PS50143,PS01282,
1uol,CELLULAR TUMOR ANTIGEN P53,Immunoglobulin G-binding protein G/Cellular tumor antigen p53 fusion protein,,,
1v33,CrtF-related protein,DNA primase small subunit,,,
1vfy,HEPATOCYTE GROWTH FACTOR-REGULATED TYROSINE KINASE SUBSTRATE,Lateral signaling target protein 2 homolog,PS50178,,
1vsr,PROTEIN (DNA MISMATCH ENDONUCLEASE),PROTEIN (DNA MISMATCH ENDONUCLEASE),,,
1woy,Methionine--tRNA ligase,Methionyl-tRNA Synthetase,,,
1y5v,Queuine tRNA-ribosyltransferase,TRNA-GUANINE TRANSGLYCOSYLASE,,,
1y5w,Queuine tRNA-ribosyltransferase,TRNA-GUANINE TRANSGLYCOSYLASE,,,
1z05,DNA-binding transcriptional repressor Mlc,DNA-binding transcriptional repressor Mlc,PS01125,,
2a1k,gp32,gp32,,,
2ac0,Cellular tumor antigen p53,PROTEIN (P53 TUMOR SUPPRESSOR),PS00348,,
2ahi,Cellular tumor antigen p53,PROTEIN (P53 TUMOR SUPPRESSOR),PS00348,,
2ap1,"Ubiquitin-like protein SMT3,N-acetyl-D-glucosamine kinase",N-acetyl-D-glucosamine kinase,PS01125,,
2ash,Queuine tRNA-ribosyltransferase,Queuine tRNA-ribosyltransferase,,,
2b8t,Thymidine kinase,THYMIDINE KINASE,PS00603,,
2bbf,Queuine tRNA-ribosyltransferase,TRNA-GUANINE TRANSGLYCOSYLASE,,,
2bim,CELLULAR TUMOR ANTIGEN P53,CELLULAR TUMOR ANTIGEN P53,,,
2bin,CELLULAR TUMOR ANTIGEN P53,CELLULAR TUMOR ANTIGEN P53,,,
2bio,CELLULAR TUMOR ANTIGEN P53,CELLULAR TUMOR ANTIGEN P53,,,
2biq,CELLULAR TUMOR ANTIGEN P53,CELLULAR TUMOR ANTIGEN P53,,,
2bjr,MFP2A,MFP2A,,,
2ckl,E3 ubiquitin-protein ligase RING2,E3 ubiquitin-protein ligase RING2,ZF_RING_2,ZF_RING_1,
2d54,Methionine--tRNA ligase,Methionine--tRNA ligase,,,
2d5b,Methionyl-tRNA synthetase,Methionyl-tRNA synthetase,,,
2dfy,RHOMBOTIN-2,Fusion protein of Lmo4 protein and LIM domain-binding protein 1,PS00478,PS50023,PS51957
2f6j,Nucleosome-remodeling factor subunit BPTF,bromodomain PHD finger transcription factor,ZF_PHD_2,ZF_PHD_1,PS50014; PS00633; PS01186
2f6n,Nucleosome-remodeling factor subunit BPTF,bromodomain PHD finger transcription factor,ZF_PHD_2,ZF_PHD_1,PS50014; PS00633; PS01186
2fpr,"D,D-heptose 1,7-bisphosphate phosphatase",Histidine biosynthesis bifunctional protein hisB,,,
2fpu,"D,D-heptose 1,7-bisphosphate phosphatase",Histidine biosynthesis bifunctional protein hisB,,,
2fpw,"D,D-heptose 1,7-bisphosphate phosphatase",Histidine biosynthesis bifunctional protein hisB,,,
2fpx,"D,D-heptose 1,7-bisphosphate phosphatase",Histidine biosynthesis bifunctional protein hisB,,,
2fsa,Nucleosome-remodeling factor subunit BPTF,bromodomain PHD finger transcription factor,ZF_PHD_2,ZF_PHD_1,PS50014; PS00633; PS01186
2fyg,Non-structural protein 10,Non-structural protein 10 and Non-structural protein 11,PS51952,,
2g45,Ubiquitin carboxyl-terminal hydrolase 5,Ubiquitin carboxyl-terminal hydrolase 5,PS50271,PS50053,PS00299
2g6q,Inhibitor of growth protein 4,"inhibitor of growth family, member 1-like",ZF_PHD_2,ZF_PHD_1,
2gag,SARCOSINE OXIDASE DELTA SUBUNIT,heterotetrameric sarcosine oxidase delta-subunit,,,
2gah,SARCOSINE OXIDASE DELTA SUBUNIT,heterotetrameric sarcosine oxidase delta-subunit,,,
2giv,Histone acetyltransferase KAT8,Histone acetyltransferase KAT8,PS51726,,
2gmw,"D,D-heptose 1,7-bisphosphate phosphatase","D,D-heptose 1,7-bisphosphate phosphatase",,,
2hqh,CAP-Gly domain-containing linker protein 1,CAP-Gly domain-containing linker protein 1,PS00845,PS50245,
2hrv,Protease 2A,2A protease,,,
2hvw,Deoxycytidylate deaminase,deoxycytidylate deaminase,PS00903,PS51747,
2i3h,Baculoviral IAP repeat-containing protein 7,Baculoviral IAP repeat-containing protein 7,PS50143,PS01282,
2ioi,Cellular tumor antigen p53,Cellular tumor antigen p53,PS00348,,
2iom,Cellular tumor antigen p53,Cellular tumor antigen p53,PS00348,,
2j1w,CELLULAR TUMOR ANTIGEN P53,CELLULAR TUMOR ANTIGEN P53,,,
2j1x,CELLULAR TUMOR ANTIGEN P53,CELLULAR TUMOR ANTIGEN P53,,,
2j1y,CELLULAR TUMOR ANTIGEN P53,CELLULAR TUMOR ANTIGEN P53,,,
2j1z,CELLULAR TUMOR ANTIGEN P53,CELLULAR TUMOR ANTIGEN P53,,,
2j20,CELLULAR TUMOR ANTIGEN P53,CELLULAR TUMOR ANTIGEN P53,,,
2j21,CELLULAR TUMOR ANTIGEN P53,Cellular tumor antigen p53,,,
2nqz,Queuine tRNA-ribosyltransferase,Queuine tRNA-ribosyltransferase,,,
2nso,Queuine tRNA-ribosyltransferase,Queuine tRNA-ribosyltransferase,,,
2oko,Queuine tRNA-ribosyltransferase,Queuine tRNA-ribosyltransferase,,,
2oq6,JmjC domain-containing histone demethylation protein 3A,JmjC domain-containing histone demethylation protein 3A,PS51183,PS51184,
2ox0,JmjC domain-containing histone demethylation protein 3A,JmjC domain-containing histone demethylation protein 3A,PS51183,PS51184,
2p5b,JmjC domain-containing histone demethylation protein 3A,JmjC domain-containing histone demethylation protein 3A,PS51183,PS51184,
2pcx,Cellular tumor antigen p53,PROTEIN (P53 TUMOR SUPPRESSOR),PS00348,,
2pnx,Inhibitor of growth protein 4,Inhibitor of growth protein 4,ZF_PHD_2,ZF_PHD_1,
2poi,E3 ubiquitin-protein ligase XIAP,Baculoviral IAP repeat-containing protein 4,PS50143,PS01282,
2pot,Queuine tRNA-ribosyltransferase,Queuine tRNA-ribosyltransferase,,,
2pq8,Histone acetyltransferase KAT8,Probable histone acetyltransferase MYST1,PS51726,,
2puy,Chromodomain-helicase-DNA-binding protein 4,PHD finger protein 21A,ZF_PHD_2,ZF_PHD_1,
2pwu,Queuine tRNA-ribosyltransferase,TRNA-GUANINE TRANSGLYCOSYLASE,,,
2pwv,Queuine tRNA-ribosyltransferase,Queuine tRNA-ribosyltransferase,,,
2pxj,JmjC domain-containing histone demethylation protein 3A,Jumonji domain-containing protein 2A,PS51183,PS51184,
2qfa,Inner centromere protein,Inner centromere protein,PS50143,,
2qii,Queuine tRNA-ribosyltransferase,TRNA-GUANINE TRANSGLYCOSYLASE,,,
2qzr,Queuine tRNA-ribosyltransferase,TRNA-GUANINE TRANSGLYCOSYLASE,,,
2rhk,Cleavage and polyadenylation specificity factor subunit 4,Cleavage and polyadenylation specificity factor subunit 4,PS50103,,
2ri7,Nucleosome-remodeling factor subunit BPTF,bromodomain PHD finger transcription factor,ZF_PHD_2,ZF_PHD_1,PS50014; PS00633
2uvl,Baculoviral IAP repeat-containing protein 2,Baculoviral IAP repeat-containing protein 2,PS50143,PS01282,
2v0c,LEUCYL-TRNA SYNTHETASE,LEUCYL-TRNA SYNTHETASE,PS00178,,
2v85,VDJ RECOMBINATION-ACTIVATING PROTEIN 2,V(D)J recombination-activating protein 2,,,
2v87,VDJ RECOMBINATION-ACTIVATING PROTEIN 2,V(D)J recombination-activating protein 2,,,
2v88,VDJ RECOMBINATION-ACTIVATING PROTEIN 2,V(D)J recombination-activating protein 2,,,
2v89,VDJ RECOMBINATION-ACTIVATING PROTEIN 2,V(D)J recombination-activating protein 2,,,
2vm5,Baculoviral IAP repeat-containing protein 1e,Baculoviral IAP repeat-containing protein 1,PS50143,PS01282,
2vnf,Inhibitor of growth protein 4,Inhibitor of growth protein 4,ZF_PHD_2,ZF_PHD_1,
2vpb,PYGOPUS HOMOLOG 1,Pygopus homolog 1,ZF_PHD_2,ZF_PHD_1,
2vpe,PYGOPUS HOMOLOG 1,PYGOPUS HOMOLOG 1,ZF_PHD_2,ZF_PHD_1,
2vpg,PYGOPUS HOMOLOG 1,PYGOPUS HOMOLOG 1,ZF_PHD_2,ZF_PHD_1,
2vrw,Proto-oncogene vav,Proto-oncogene vav,PS00479,PS50081,PS50003; PS00741; PS50010; PS51420
2vuk,CELLULAR TUMOR ANTIGEN P53,CELLULAR TUMOR ANTIGEN P53,,,
2wb0,ADENOVIRUS SINGLE-STRANDED DNA-BINDING PROTEIN,ADENOVIRUS SINGLE-STRANDED DNA-BINDING PROTEIN,,,
2wgx,CELLULAR TUMOR ANTIGEN P53,CELLULAR TUMOR ANTIGEN P53,,,
2x0u,CELLULAR TUMOR ANTIGEN P53,CELLULAR TUMOR ANTIGEN P53,,,
2x0v,CELLULAR TUMOR ANTIGEN P53,CELLULAR TUMOR ANTIGEN P53,,,
2xb1,PYGOPUS HOMOLOG 1,"PYGOPUS HOMOLOG 2, B-CELL CLL/LYMPHOMA 9-LIKE PROTEIN",ZF_PHD_2,ZF_PHD_1,
2xb4,Adenylate kinase,Adenylate kinase,PS00113,,
2xeu,E3 UBIQUITIN-PROTEIN LIGASE RNF4,E3 UBIQUITIN LIGASE RNF4,ZF_RING_2,ZF_RING_1,
2xoc,E3 UBIQUITIN-PROTEIN LIGASE CHFR,E3 UBIQUITIN-PROTEIN LIGASE CHFR,,,
2xp0,E3 UBIQUITIN-PROTEIN LIGASE CHFR,E3 UBIQUITIN-PROTEIN LIGASE CHFR,,,
2xwr,Cellular tumor antigen p53,Cellular tumor antigen p53,PS00348,,
2xyq,Non-structural protein 10,Replicase polyprotein 1ab,PS51952,PS51955,
2y1n,E3 ubiquitin-protein ligase CBL,"Glutathione S-transferase class-mu 26 kDa isozyme,E3 ubiquitin-protein ligase CBL",ZF_RING_2,ZF_RING_1,PS51506
2y43,E3 UBIQUITIN-PROTEIN LIGASE RNF8,Polycomb group RING finger protein 1,ZF_RING_2,ZF_RING_1,
2ybg,Cellular tumor antigen p53,PROTEIN (P53 TUMOR SUPPRESSOR),PS00348,,
2yhw,Glucokinase,BIFUNCTIONAL UDP-N-ACETYLGLUCOSAMINE 2-EPIMERASE/N-ACETYLMANNOSAMINE KINASE,,,
2yhy,Glucokinase,BIFUNCTIONAL UDP-N-ACETYLGLUCOSAMINE 2-EPIMERASE/N-ACETYLMANNOSAMINE KINASE,,,
2yvr,Transcription intermediary factor 1-beta,Transcription intermediary factor 1-beta,PS50119,,
2z1v,Queuine tRNA-ribosyltransferase,Queuine tRNA-ribosyltransferase,,,
2z1w,Queuine tRNA-ribosyltransferase,Queuine tRNA-ribosyltransferase,,,
2z1x,Queuine tRNA-ribosyltransferase,Queuine tRNA-ribosyltransferase,,,
2z7k,Queuine tRNA-ribosyltransferase,TRNA-GUANINE TRANSGLYCOSYLASE,,,
3asl,E3 ubiquitin-protein ligase UHRF1,E3 ubiquitin-protein ligase UHRF1,ZF_PHD_2,ZF_PHD_1,ZF_RING_2
3bld,Queuine tRNA-ribosyltransferase,Queuine tRNA-ribosyltransferase,,,
3bll,Queuine tRNA-ribosyltransferase,Queuine tRNA-ribosyltransferase,,,
3blo,Queuine tRNA-ribosyltransferase,Queuine tRNA-ribosyltransferase,,,
3c10,HISTONE DEACETYLASE 4,Histone deacetylase 7a,,,
3c2y,Queuine tRNA-ribosyltransferase,TRNA-GUANINE TRANSGLYCOSYLASE,,,
3c5k,Histone deacetylase 6,Histone deacetylase 6,PS50271,,
3c6w,Inhibitor of growth protein 4,Inhibitor of growth protein 4,ZF_PHD_2,ZF_PHD_1,
3d0a,Cellular tumor antigen p53,Cellular tumor antigen p53,,,
3d2q,Muscleblind-like protein 1,Muscleblind-like protein 1,PS50103,,
3d2s,Muscleblind-like protein 1,Muscleblind-like protein 1,PS50103,,
3d9t,Baculoviral IAP repeat-containing protein 2,Baculoviral IAP repeat-containing protein 2,PS50143,PS01282,
3ddt,Midline-1,Ubiquitin ligase TRIM63,PS50119,,
3dxt,Lysine-specific demethylase 4D,LYSINE-SPECIFIC DEMETHYLASE 4D,PS51183,PS51184,
3eb5,E3 ubiquitin-protein ligase XIAP,Baculoviral IAP repeat-containing protein 3,ZF_RING_2,,
3eos,Queuine tRNA-ribosyltransferase,TRNA-GUANINE TRANSGLYCOSYLASE,,,
3eou,Queuine tRNA-ribosyltransferase,TRNA-GUANINE TRANSGLYCOSYLASE,,,
3esq,"D,D-heptose 1,7-bisphosphate phosphatase","D,D-heptose 1,7-bisphosphate phosphatase",,,
3esr,"D,D-heptose 1,7-bisphosphate phosphatase","D,D-heptose 1,7-bisphosphate phosphatase",,,
3exj,Cellular tumor antigen p53,Cellular tumor antigen p53,PS00348,,
3f6q,LIM and senescent cell antigen-like-containing domain protein 1,LIM and senescent cell antigen-like-containing domain protein 1,PS00478,PS50023,PS50088; PS50297
3f7h,Baculoviral IAP repeat-containing protein 7,Baculoviral IAP repeat-containing protein 7,PS50143,PS01282,
3f7i,Baculoviral IAP repeat-containing protein 7,Baculoviral IAP repeat-containing protein 7,PS50143,PS01282,
3fl2,E3 ubiquitin-protein ligase UHRF1,E3 ubiquitin-protein ligase UHRF1,ZF_RING_2,ZF_RING_1,
3g1p,Protein phnP,Protein phnP,,,
3gc4,Queuine tRNA-ribosyltransferase,TRNA-GUANINE TRANSGLYCOSYLASE,,,
3gc5,Queuine tRNA-ribosyltransferase,TRNA-GUANINE TRANSGLYCOSYLASE,,,
3ge7,Queuine tRNA-ribosyltransferase,TRNA-GUANINE TRANSGLYCOSYLASE,,,
3gt9,Baculoviral IAP repeat-containing protein 7,Baculoviral IAP repeat-containing protein 7,PS50143,PS01282,
3gta,Baculoviral IAP repeat-containing protein 7,Baculoviral IAP repeat-containing protein 7,PS50143,PS01282,
3gv4,Histone deacetylase 6,Histone deacetylase 6,PS50271,,
3hfy,Queuine tRNA-ribosyltransferase,Queuine tRNA-ribosyltransferase,,,
3hko,Calmodulin-domain protein kinase 1,Calcium/calmodulin-dependent protein kinase,PS50011,PS00107,PS00108
3hl5,E3 ubiquitin-protein ligase XIAP,E3 ubiquitin-protein ligase XIAP,PS50143,PS01282,
3igk,Cellular tumor antigen p53,Cellular tumor antigen p53,,,
3igl,Cellular tumor antigen p53,PROTEIN (P53 TUMOR SUPPRESSOR),PS00348,,
3ixe,LIM and senescent cell antigen-like-containing domain protein 1,LIM and senescent cell antigen-like-containing domain protein 1,PS00478,PS50023,PS50088; PS50297
3kde,Transposable element P transposase,Transposable element P transposase,PS50950,,
3knv,TNF receptor-associated factor 6,TNF receptor-associated factor 6,ZF_RING_2,ZF_RING_1,
3kqi,Lysine-specific demethylase PHF2,Lysine-specific demethylase PHF2,ZF_PHD_2,ZF_PHD_1,PS01186
3kr7,Tankyrase-2,Tankyrase-2,PS51059,,
3l1u,"D,D-heptose 1,7-bisphosphate phosphatase","D,D-heptose 1,7-bisphosphate phosphatase",,,
3l8e,"D,D-heptose 1,7-bisphosphate phosphatase","D,D-heptose 1,7-bisphosphate phosphatase",,,
3l8f,"D,D-heptose 1,7-bisphosphate phosphatase","D,D-heptose 1,7-bisphosphate phosphatase",,,
3l8h,"D,D-heptose 1,7-bisphosphate phosphatase","D,D-heptose 1,7-bisphosphate phosphatase",,,
3lqh,MLL1 PHD3-Bromo,MLL1 PHD3-Bromo,ZF_PHD_2,ZF_PHD_1,PS50014
3lqi,Histone-lysine N-methyltransferase MLL,Histone-lysine N-methyltransferase MLL,ZF_PHD_2,ZF_PHD_1,PS50014
3lqj,Histone-lysine N-methyltransferase MLL,Histone-lysine N-methyltransferase MLL,ZF_PHD_2,ZF_PHD_1,PS50014
3m1d,Baculoviral IAP repeat-containing protein 3,Baculoviral IAP repeat-containing protein 3,PS50143,PS01282,
3m5l,NS3/4A,NS3/4A,PS51822,,
3m5m,NS3/4A,NS3/4A,PS51822,,
3m5o,NS3/4A,NS3/4A,PS51822,,
3mhj,Tankyrase-2,Tankyrase-2,PS51059,,
3mhs,SAGA-associated factor 73,SAGA-associated factor 73,PS50271,PS50053,PS00299; PS00972; PS00973; PS50235
3ms5,GAMMA-BUTYROBETAINE DIOXYGENASE,Gamma-butyrobetaine dioxygenase,,,
3n6w,GAMMA-BUTYROBETAINE DIOXYGENASE,Gamma-butyrobetaine dioxygenase,,,
3ng2,E3 UBIQUITIN-PROTEIN LIGASE RNF4,E3 ubiquitin-protein ligase RNF4,ZF_RING_2,ZF_RING_1,
3nik,E3 ubiquitin-protein ligase UBR1,E3 ubiquitin-protein ligase UBR1,PS51157,,
3nil,E3 ubiquitin-protein ligase UBR1,E3 ubiquitin-protein ligase UBR1,PS51157,,
3nim,E3 ubiquitin-protein ligase UBR1,E3 ubiquitin-protein ligase UBR1,PS51157,,
3nis,E3 ubiquitin-protein ligase UBR1,E3 ubiquitin-protein ligase UBR1,PS51157,,
3ny3,E3 ubiquitin-protein ligase UBR2,E3 ubiquitin-protein ligase UBR2,PS51157,,
3o2g,GAMMA-BUTYROBETAINE DIOXYGENASE,Gamma-butyrobetaine dioxygenase,,,
3o33,Transcription intermediary factor 1-alpha,Transcription intermediary factor 1-alpha,ZF_PHD_2,ZF_PHD_1,PS50014; PS00633
3o34,Transcription intermediary factor 1-alpha,Transcription intermediary factor 1-alpha,ZF_PHD_2,ZF_PHD_1,PS50014; PS00633; PS00322
3o35,Transcription intermediary factor 1-alpha,Transcription intermediary factor 1-alpha,ZF_PHD_2,ZF_PHD_1,PS50014; PS00633
3o36,Transcription intermediary factor 1-alpha,Transcription intermediary factor 1-alpha,ZF_PHD_2,ZF_PHD_1,PS50014; PS00633; PS00047
3o37,Transcription intermediary factor 1-alpha,Transcription intermediary factor 1-alpha,ZF_PHD_2,ZF_PHD_1,PS50014; PS00633
3o70,PHD finger protein 13 variant,PHD finger protein 13 variant,PS01186,,
3o7a,PHD finger protein 20,PHD finger protein 13,PS01186,,
3o8c,"NON-STRUCTURAL PROTEIN 4A, SERINE PROTEASE NS3",HCV NS3 protease/helicase,PS51822,PS51192,PS51194
3p0n,Tankyrase-2,Tankyrase-2,PS51059,,
3p0q,Tankyrase-2,Tankyrase-2,PS51059,,
3p2u,Protein phnP,Protein phnP,,,
3pdn,SET and MYND domain-containing protein 3,SET and MYND domain-containing protein 3,SET,ZF_MYND_1,ZF_MYND_2; PS51574
3pdq,JmjC domain-containing histone demethylation protein 3A,JmjC domain-containing histone demethylation protein 3A,PS51183,PS51184,
3plw,,,,,
3qwp,SET and MYND domain-containing protein 3,SET and MYND domain-containing protein 3,SET,ZF_MYND_1,ZF_MYND_2; PS51574
3qww,N-lysine methyltransferase SMYD2,SET and MYND domain-containing protein 2,SET,ZF_MYND_1,ZF_MYND_2
3qzv,Nucleosome-remodeling factor subunit BPTF,bromodomain PHD finger transcription factor,ZF_PHD_2,ZF_PHD_1,PS50014; PS00633; PS01186
3r24,Replicase polyprotein 1ab,orf1a polyprotein,PS51952,PS51955,
3ray,PR domain zinc finger protein 1,HISTONE-LYSINE N-METHYLTRANSFERASE PRDM9,SET,,
3rc4,NS3/4A,NS3/4A,PS51822,,
3rc5,NS3/4A,NS3/4A,PS51822,,
3rc6,NS3/4A,NS3/4A,PS51822,,
3rmq,uncharacterized protein,uncharacterized protein,,,
3rr4,Queuine tRNA-ribosyltransferase,TRNA-GUANINE TRANSGLYCOSYLASE,,,
3ru0,Histone-lysine N-methyltransferase SMYD3,SET and MYND domain-containing protein 3,SET,ZF_MYND_1,ZF_MYND_2; PS51574
3s1g,Queuine tRNA-ribosyltransferase,TRNA-GUANINE TRANSGLYCOSYLASE,,,
3shb,E3 ubiquitin-protein ligase UHRF1,E3 ubiquitin-protein ligase UHRF1,ZF_PHD_2,ZF_PHD_1,ZF_RING_2
3sm0,Queuine tRNA-ribosyltransferase,TRNA-GUANINE TRANSGLYCOSYLASE,,,
3sou,E3 ubiquitin-protein ligase UHRF1,E3 ubiquitin-protein ligase UHRF1,ZF_PHD_2,ZF_PHD_1,ZF_RING_2
3sow,E3 ubiquitin-protein ligase UHRF1,E3 ubiquitin-protein ligase UHRF1,ZF_PHD_2,ZF_PHD_1,ZF_RING_2
3su0,NS3/4A,"NS3 protease,NS4A protein",PS51822,,
3su1,"NS3 protease, NS4A protein","NS3 protease, NS4A protein",PS51822,,
3su2,NS3/4A,"NS3 protease, NS4A protein",PS51822,,
3su3,NS3/4A,NS3/4A,PS51822,,
3su5,NS3 protease,Genome polyprotein,PS51822,,
3su6,NS3/4A,Genome polyprotein,PS51822,,
3sud,NS3/4A,NS3/4A,PS51822,,
3sug,NS3/4A,Genome polyprotein,PS51822,,
3sv9,"NS3 protease, NS4A protein",Genome polyprotein,PS51822,,
3t6p,Baculoviral IAP repeat-containing protein 2,Baculoviral IAP repeat-containing protein 2,ZF_RING_2,PS50143,PS01282; PS50209
3t6r,E3 ubiquitin-protein ligase UHRF1,E3 ubiquitin-protein ligase UHRF1,ZF_PHD_2,ZF_PHD_1,ZF_RING_2
3t92,Histone acetyltransferase p300,Histone acetyltransferase p300,PS50134,,
3tg4,N-lysine methyltransferase SMYD2,N-lysine methyltransferase SMYD2,SET,ZF_MYND_1,ZF_MYND_2
3tll,Queuine tRNA-ribosyltransferase,TRNA-GUANINE TRANSGLYCOSYLASE,,,
3u1l,Pre-mRNA-splicing factor CWC2,Pre-mRNA-splicing factor CWC2,PS50103,PS50102,
3u1m,Pre-mRNA-splicing factor CWC2,Pre-mRNA-splicing factor CWC2,PS50103,PS50102,
3u5n,E3 ubiquitin-protein ligase TRIM33,E3 ubiquitin-protein ligase TRIM33,ZF_PHD_2,ZF_PHD_1,PS50014; PS00322
3u9g,Zinc finger CCCH-type antiviral protein 1,Zinc finger CCCH-type antiviral protein 1,PS50103,,
3u9h,Tankyrase-2,Tankyrase-2,PS51059,,
3udd,Tankyrase-1,Tankyrase-1,PS51059,,
3uej,Protein kinase C delta type,Protein kinase C delta type,PS00479,PS50081,
3uey,Protein kinase C delta type,Protein kinase C delta type,PS00479,PS50081,
3uff,Protein kinase C delta type,Protein kinase C delta type,PS00479,PS50081,
3ugd,Protein kinase C delta type,Protein kinase C delta type,PS00479,PS50081,
3ugi,Protein kinase C delta type,Protein kinase C delta type,PS00479,PS50081,
3ugl,Protein kinase C delta type,Protein kinase C delta type,PS00479,PS50081,
3uh2,Tankyrase-1,Tankyrase-1,PS51059,,
3uh4,Tankyrase-1,Tankyrase-1,PS51059,,
3unt,Queuine tRNA-ribosyltransferase,Queuine tRNA-ribosyltransferase,,,
3uvi,Queuine tRNA-ribosyltransferase,Queuine tRNA-ribosyltransferase,,,
3uw4,Baculoviral IAP repeat-containing protein 2,INHIBITOR OF APOPTOSIS PROTEIN (2MIHB/C-IAP-1),PS50143,PS01282,
3uw5,Baculoviral IAP repeat-containing protein 7,Baculoviral IAP repeat-containing protein 7,PS50143,PS01282,
3v43,Histone acetyltransferase KAT6A,Histone acetyltransferase KAT6A,ZF_PHD_2,ZF_PHD_1,
3vgl,Glucokinase,Glucokinase,PS01125,,
3vgm,Glucokinase,Glucokinase,PS01125,,
3vpb,lysine biosynthesis enzyme,Putative acetylornithine deacetylase,PS50975,,
3w51,Tankyrase-2,Tankyrase-2,PS51059,,
3w95,2A proteinase,2A proteinase,,,
3wwq,Fanconi anemia-associated protein of 20 kDa,Fanconi anemia-associated protein of 20 kDa,PS50053,PS00299,PS51906
3zme,CELLULAR TUMOR ANTIGEN P53,CELLULAR TUMOR ANTIGEN P53,,,
3zvy,E3 ubiquitin-protein ligase UHRF1,E3 ubiquitin-protein ligase UHRF1,ZF_PHD_2,ZF_PHD_1,ZF_RING_2
3zvz,E3 ubiquitin-protein ligase UHRF1,E3 ubiquitin-protein ligase UHRF1,ZF_PHD_2,ZF_PHD_1,ZF_RING_2
4agl,CELLULAR TUMOR ANTIGEN P53,CELLULAR TUMOR ANTIGEN P53,,,
4agm,CELLULAR TUMOR ANTIGEN P53,CELLULAR TUMOR ANTIGEN P53,,,
4agn,CELLULAR TUMOR ANTIGEN P53,CELLULAR TUMOR ANTIGEN P53,,,
4ago,CELLULAR TUMOR ANTIGEN P53,CELLULAR TUMOR ANTIGEN P53,,,
4agp,CELLULAR TUMOR ANTIGEN P53,CELLULAR TUMOR ANTIGEN P53,,,
4agq,CELLULAR TUMOR ANTIGEN P53,CELLULAR TUMOR ANTIGEN P53,,,
4ayc,E3 ubiquitin-protein ligase RNF8,E3 ubiquitin-protein ligase RNF8,ZF_RING_2,ZF_RING_1,
4bg1,GAMMA-BUTYROBETAINE DIOXYGENASE,Gamma-butyrobetaine dioxygenase,,,
4bhg,GAMMA-BUTYROBETAINE DIOXYGENASE,Gamma-butyrobetaine dioxygenase,,,
4bs4,Tankyrase-2,Tankyrase-2,PS51059,,
4bu5,Tankyrase-2,Tankyrase-2,PS51059,,
4bu6,Tankyrase-2,Tankyrase-2,PS51059,,
4bu8,Tankyrase-2,Tankyrase-2,PS51059,,
4bu9,Tankyrase-2,Tankyrase-2,PS51059,,
4bua,Tankyrase-2,Tankyrase-2,PS51059,,
4bue,Tankyrase-2,Tankyrase-2,PS51059,,
4bui,Tankyrase-2,Tankyrase-2,PS51059,,
4bus,Tankyrase-2,Tankyrase-2,PS51059,,
4but,Tankyrase-2,Tankyrase-2,PS51059,,
4buu,Tankyrase-2,Tankyrase-2,PS51059,,
4buv,Tankyrase-2,Tankyrase-2,PS51059,,
4buw,Tankyrase-2,Tankyrase-2,PS51059,,
4bux,Tankyrase-2,Tankyrase-2,PS51059,,
4buy,Tankyrase-2,Tankyrase-2,PS51059,,
4c4a,HISTONE-ARGININE METHYLTRANSFERASE CARM1,Protein arginine N-methyltransferase 7,PS51678,,
4c5w,GAMMA-BUTYROBETAINE DIOXYGENASE,Gamma-butyrobetaine dioxygenase,,,
4c9z,E3 ubiquitin-protein ligase SIAH1,E3 UBIQUITIN-PROTEIN LIGASE SIAH1,PS51081,,
4ca1,E3 ubiquitin-protein ligase SIAH1,E3 UBIQUITIN-PROTEIN LIGASE SIAH1,PS51081,,
4coi,ANAEROBIC RIBONUCLEOSIDE-TRIPHOSPHATE REDUCTASE,ANAEROBIC RIBONUCLEOSIDE-TRIPHOSPHATE REDUCTASE,,,
4col,ANAEROBIC RIBONUCLEOSIDE-TRIPHOSPHATE REDUCTASE,ANAEROBIC RIBONUCLEOSIDE-TRIPHOSPHATE REDUCTASE,,,
4com,ANAEROBIC RIBONUCLEOSIDE-TRIPHOSPHATE REDUCTASE,ANAEROBIC RIBONUCLEOSIDE-TRIPHOSPHATE REDUCTASE,,,
4cos,Zinc finger MYND domain-containing protein 11,MYND-type zinc finger-containing chromatin reader ZMYND8,ZF_PHD_2,ZF_PHD_1,PS50014; PS50812
4cwd,GAMMA-BUTYROBETAINE DIOXYGENASE,Gamma-butyrobetaine dioxygenase,,,
4d6q,Lysine-specific demethylase 4D,LYSINE-SPECIFIC DEMETHYLASE 4D,PS51183,PS51184,
4d6r,Lysine-specific demethylase 4D,LYSINE-SPECIFIC DEMETHYLASE 4D,PS51183,PS51184,
4d6s,Lysine-specific demethylase 4D,LYSINE-SPECIFIC DEMETHYLASE 4D,PS51183,PS51184,
4db3,"Ubiquitin-like protein SMT3,N-acetyl-D-glucosamine kinase","Ubiquitin-like protein SMT3,N-acetyl-D-glucosamine kinase",PS01125,,
4dvi,Tankyrase-1,Tankyrase-1,PS51059,,
4dxx,Queuine tRNA-ribosyltransferase,Queuine tRNA-ribosyltransferase,,,
4e2v,Queuine tRNA-ribosyltransferase,Queuine tRNA-ribosyltransferase,,,
4fkd,Protein kinase C delta type,Protein kinase C delta type,PS00479,PS50081,
4fps,Queuine tRNA-ribosyltransferase,TRNA-GUANINE TRANSGLYCOSYLASE,,,
4fr1,Queuine tRNA-ribosyltransferase,TRNA-GUANINE TRANSGLYCOSYLASE,,,
4fr6,Queuine tRNA-ribosyltransferase,TRNA-GUANINE TRANSGLYCOSYLASE,,,
4fsa,Queuine tRNA-ribosyltransferase,TRNA-GUANINE TRANSGLYCOSYLASE,,,
4fvb,Genome polyprotein,2A proteinase,,,
4fvd,Genome polyprotein,2A proteinase,,,
4g25,"Proteinaceous RNase P 1, chloroplastic/mitochondrial","Pentatricopeptide repeat-containing protein At2g32230, mitochondrial",PS51375,,
4g26,"Proteinaceous RNase P 1, chloroplastic/mitochondrial","Pentatricopeptide repeat-containing protein At2g32230, mitochondrial",PS51375,,
4gcx,Queuine tRNA-ribosyltransferase,Queuine tRNA-ribosyltransferase,,,
4gel,Mitochondrial cardiolipin hydrolase,Mitochondrial cardiolipin hydrolase,,,
4gg9,Queuine tRNA-ribosyltransferase,TRNA-GUANINE TRANSGLYCOSYLASE,,,
4ggj,Mitochondrial cardiolipin hydrolase,Mitochondrial cardiolipin hydrolase,PS50035,,
4gh1,Queuine tRNA-ribosyltransferase,TRNA-GUANINE TRANSGLYCOSYLASE,,,
4ghr,Queuine tRNA-ribosyltransferase,Queuine tRNA-ribosyltransferase,,,
4gi4,Queuine tRNA-ribosyltransferase,TRNA-GUANINE TRANSGLYCOSYLASE,,,
4giy,Queuine tRNA-ribosyltransferase,TRNA-GUANINE TRANSGLYCOSYLASE,,,
4gkt,Queuine tRNA-ribosyltransferase,TRNA-GUANINE TRANSGLYCOSYLASE,,,
4gne,Histone-lysine N-methyltransferase NSD3,Histone-lysine N-methyltransferase NSD3,ZF_PHD_2,,
4gnf,Histone-lysine N-methyltransferase NSD3,Histone-lysine N-methyltransferase NSD3,ZF_PHD_2,,
4gng,Histone-lysine N-methyltransferase NSD3,Histone-lysine N-methyltransferase NSD3,ZF_PHD_2,,
4h6e,Queuine tRNA-ribosyltransferase,Queuine tRNA-ribosyltransferase,,,
4h7z,Queuine tRNA-ribosyltransferase,Queuine tRNA-ribosyltransferase,,,
4hi8,LIM and senescent cell antigen-like-containing domain protein 1,LIM and senescent cell antigen-like-containing domain protein 1,PS00478,PS50023,PS50088; PS50297
4hi9,LIM and senescent cell antigen-like-containing domain protein 1,LIM and senescent cell antigen-like-containing domain protein 1,PS00478,PS50023,PS50088; PS50297
4hje,Cellular tumor antigen p53,Cellular tumor antigen p53,PS00348,,
4hkk,Tankyrase-2,Tankyrase-2,PS51059,,
4hlg,Tankyrase-2,Tankyrase-2,PS51059,,
4hlh,Tankyrase-2,Tankyrase-2,PS51059,,
4hlk,Tankyrase-2,Tankyrase-2,PS51059,,
4hlm,Tankyrase-2,Tankyrase-2,PS51059,,
4hon,LYSINE-SPECIFIC DEMETHYLASE 4D,JmjC domain-containing histone demethylation protein 3D,PS51183,PS51184,
4hqv,Queuine tRNA-ribosyltransferase,Queuine tRNA-ribosyltransferase,,,
4hsh,Queuine tRNA-ribosyltransferase,Queuine tRNA-ribosyltransferase,,,
4htb,Queuine tRNA-ribosyltransferase,tRNA-guanine transglycosylase,,,
4hvx,Queuine tRNA-ribosyltransferase,Queuine tRNA-ribosyltransferase,,,
4hy4,Baculoviral IAP repeat-containing protein 2,Baculoviral IAP repeat-containing protein 2,PS50143,PS01282,
4hy5,Baculoviral IAP repeat-containing protein 2,Baculoviral IAP repeat-containing protein 2,PS50143,PS01282,
4i1f,E3 ubiquitin-protein ligase parkin,E3 UBIQUITIN-PROTEIN LIGASE PARKIN,PS51873,,
4i1h,E3 ubiquitin-protein ligase parkin,E3 UBIQUITIN-PROTEIN LIGASE PARKIN,PS51873,,
4ibq,Cellular tumor antigen p53,Cellular tumor antigen p53,PS00348,,
4ibs,Cellular tumor antigen p53,Cellular tumor antigen p53,PS00348,,
4ibt,Cellular tumor antigen p53,Cellular tumor antigen p53,PS00348,,
4ibu,Cellular tumor antigen p53,Cellular tumor antigen p53,PS00348,,
4ibw,Cellular tumor antigen p53,Cellular tumor antigen p53,PS00348,,
4iby,Cellular tumor antigen p53,Cellular tumor antigen p53,,,
4ibz,Cellular tumor antigen p53,Cellular tumor antigen p53,PS00348,,
4ic3,E3 ubiquitin-protein ligase XIAP,E3 ubiquitin-protein ligase XIAP,ZF_RING_2,,
4ipp,Queuine tRNA-ribosyltransferase,Queuine tRNA-ribosyltransferase,,,
4iup,SAWADEE HOMEODOMAIN HOMOLOG 1,SAWADEE HOMEODOMAIN HOMOLOG 1,,,
4ixj,"Acetolactate synthase, mitochondrial",TAIL FIBER PROTEIN,,,
4j1z,Tankyrase-2,Tankyrase-2,PS51059,,
4j21,Tankyrase-2,Tankyrase-2,PS51059,,
4j3m,Tankyrase-2,Tankyrase-2,PS51059,,
4j3y,E3 ubiquitin-protein ligase XIAP,E3 ubiquitin-protein ligase XIAP,PS50143,PS01282,
4j44,E3 ubiquitin-protein ligase XIAP,E3 ubiquitin-protein ligase XIAP,PS50143,PS01282,
4j45,E3 ubiquitin-protein ligase XIAP,E3 ubiquitin-protein ligase XIAP,PS50143,PS01282,
4j46,E3 ubiquitin-protein ligase XIAP,E3 ubiquitin-protein ligase XIAP,PS50143,PS01282,
4j47,E3 ubiquitin-protein ligase XIAP,E3 ubiquitin-protein ligase XIAP,PS50143,PS01282,
4k8v,Cyclic GMP-AMP synthase,Cyclic GMP-AMP synthase,,,
4k98,Cyclic GMP-AMP synthase,Cyclic GMP-AMP synthase,,,
4k99,Cyclic GMP-AMP synthase,Cyclic GMP-AMP synthase,,,
4kju,E3 ubiquitin-protein ligase XIAP,E3 ubiquitin-protein ligase XIAP,PS50143,PS01282,
4kjv,E3 ubiquitin-protein ligase XIAP,E3 ubiquitin-protein ligase XIAP,PS50143,PS01282,
4kmn,Baculoviral IAP repeat-containing protein 2,Baculoviral IAP repeat-containing protein 2,PS50143,PS01282,
4kmp,Baculoviral IAP repeat-containing protein 4,Baculoviral IAP repeat-containing protein 4,PS50143,PS01282,
4kwo,Queuine tRNA-ribosyltransferase,Queuine tRNA-ribosyltransferase,,,
4kzl,Tankyrase-2,Tankyrase-2,PS51059,,
4l0b,Tankyrase-2,Tankyrase-2,PS51059,,
4l0s,Tankyrase-2,Tankyrase-2,PS51059,,
4l0v,Tankyrase-2,Tankyrase-2,PS51059,,
4l10,Tankyrase-2,Tankyrase-2,PS51059,,
4l31,Tankyrase-2,Tankyrase-2,PS51059,,
4l32,Tankyrase-2,Tankyrase-2,PS51059,,
4l34,Tankyrase-2,Tankyrase-2,PS51059,,
4l56,Queuine tRNA-ribosyltransferase,Queuine tRNA-ribosyltransferase,,,
4l58,Histone-lysine N-methyltransferase ASH1L,Histone-lysine N-methyltransferase MLL5,ZF_PHD_2,ZF_PHD_1,
4l7x,bromodomain PHD finger transcription factor,Death associated transcription factor 1,ZF_PHD_2,ZF_PHD_1,
4lbu,Queuine tRNA-ribosyltransferase,Queuine tRNA-ribosyltransferase,,,
4leq,Queuine tRNA-ribosyltransferase,Queuine tRNA-ribosyltransferase,,,
4lev,Cyclic GMP-AMP synthase,Cyclic GMP-AMP synthase,,,
4lge,Baculoviral IAP repeat-containing protein 2,Baculoviral IAP repeat-containing protein 2,PS50143,PS01282,
4lgu,Baculoviral IAP repeat-containing protein 2,Baculoviral IAP repeat-containing protein 2,PS50143,PS01282,
4ljo,UBIQUITIN,Ubiquitin,ZF_RING_1,PS50053,PS00299; PS51873
4lk9,Histone acetyltransferase KAT6A,Histone acetyltransferase KAT6A,ZF_PHD_2,ZF_PHD_1,PS00322
4lka,Histone acetyltransferase KAT6A,Histone acetyltransferase KAT6A,PS00322,,
4loe,Cellular tumor antigen p53,PROTEIN (P53 TUMOR SUPPRESSOR),,,
4lof,Cellular tumor antigen p53,Cellular tumor antigen p53,,,
4lxl,Lysine-specific demethylase 4C,Lysine-specific demethylase 4B,PS51183,PS51184,
4m7b,Tankyrase-2,Tankyrase-2,PS51059,,
4mg3,Polyprotein,Polyprotein,,,
4mi5,Histone-lysine N-methyltransferase EZH2,Histone-lysine N-methyltransferase EZH2,SET,PS51633,
4mkp,Cyclic GMP-AMP synthase,Cyclic GMP-AMP synthase,,,
4msg,Tankyrase-1,Tankyrase-1,PS51059,,
4mt9,Tankyrase-1,Tankyrase-1,PS51059,,
4mu7,Baculoviral IAP repeat-containing protein 2,Baculoviral IAP repeat-containing protein 2,PS50143,PS01282,
4n0n,PP1b,Replicase polyprotein 1ab,PS51657,PS51652,
4n3r,Tankyrase-1,Tankyrase-1,PS51059,,
4n4f,histone acetyltransferase,CREB-binding protein,PS50014,PS00633,PS00047
4n4g,Zinc finger MYND domain-containing protein 11,Zinc finger MYND domain-containing protein 11,PS50014,PS50812,
4n4i,Zinc finger MYND domain-containing protein 11,Zinc finger MYND domain-containing protein 11,PS50014,PS50812,
4n4v,Tankyrase-1,Tankyrase-1,PS51059,,
4nn2,,,PS51805,,
4ns5,Zinc finger MYND domain-containing protein 11,Zinc finger MYND domain-containing protein 11,PS50014,PS50812,
4o6a,Cyclic GMP-AMP synthase,Cyclic GMP-AMP synthase,,,
4pd2,Formamidopyrimidine-DNA glycosylase,Formamidopyrimidine-DNA glycosylase,PS51066,PS51068,
4pml,Tankyrase-2,Tankyrase-2,PS51059,,
4pnl,Tankyrase-2,Tankyrase-2,PS51059,,
4pnn,Tankyrase-2,Tankyrase-2,PS51059,,
4pnq,Tankyrase-2,Tankyrase-2,PS51059,,
4pnr,Tankyrase-2,Tankyrase-2,PS51059,,
4pns,Tankyrase-2,Tankyrase-2,PS51059,,
4pnt,Tankyrase-2,Tankyrase-2,PS51059,,
4ppe,RING finger protein 4,RING finger protein 4,ZF_RING_2,ZF_RING_1,
4ptb,Nuclear autoantigen Sp-100,Nuclear autoantigen Sp-100,,,
4puj,Queuine tRNA-ribosyltransferase,TRNA-GUANINE TRANSGLYCOSYLASE,,,
4puk,Queuine tRNA-ribosyltransferase,TRNA-GUANINE TRANSGLYCOSYLASE,,,
4pul,Queuine tRNA-ribosyltransferase,Queuine tRNA-ribosyltransferase,,,
4pum,Queuine tRNA-ribosyltransferase,Queuine tRNA-ribosyltransferase,,,
4pun,Queuine tRNA-ribosyltransferase,TRNA-GUANINE TRANSGLYCOSYLASE,,,
4q4m,Queuine tRNA-ribosyltransferase,TRNA-GUANINE TRANSGLYCOSYLASE,,,
4q4o,Queuine tRNA-ribosyltransferase,TRNA-GUANINE TRANSGLYCOSYLASE,,,
4q4p,Queuine tRNA-ribosyltransferase,TRNA-GUANINE TRANSGLYCOSYLASE,,,
4q4q,Queuine tRNA-ribosyltransferase,TRNA-GUANINE TRANSGLYCOSYLASE,,,
4q4r,Queuine tRNA-ribosyltransferase,TRNA-GUANINE TRANSGLYCOSYLASE,,,
4q4s,Queuine tRNA-ribosyltransferase,TRNA-GUANINE TRANSGLYCOSYLASE,,,
4q6f,Bromodomain adjacent to zinc finger domain protein 2A,Bromodomain adjacent to zinc finger domain protein 2A,,,
4q8m,Queuine tRNA-ribosyltransferase,Queuine tRNA-ribosyltransferase,,,
4q8n,Queuine tRNA-ribosyltransferase,Queuine tRNA-ribosyltransferase,,,
4q8o,Queuine tRNA-ribosyltransferase,Queuine tRNA-ribosyltransferase,,,
4q8p,Queuine tRNA-ribosyltransferase,Queuine tRNA-ribosyltransferase,,,
4q8q,Queuine tRNA-ribosyltransferase,Queuine tRNA-ribosyltransferase,,,
4q8t,Queuine tRNA-ribosyltransferase,TRNA-GUANINE TRANSGLYCOSYLASE,,,
4q8u,Queuine tRNA-ribosyltransferase,TRNA-GUANINE TRANSGLYCOSYLASE,,,
4q8v,Queuine tRNA-ribosyltransferase,Queuine tRNA-ribosyltransferase,,,
4q8w,Queuine tRNA-ribosyltransferase,Queuine tRNA-ribosyltransferase,,,
4qf2,Bromodomain adjacent to zinc finger domain protein 2A,Bromodomain adjacent to zinc finger domain protein 2A,,,
4qf3,Bromodomain adjacent to zinc finger domain protein 2A,Bromodomain adjacent to zinc finger domain protein 2B,,,
4qpl,Ubiquitin-conjugating enzyme E2 D1,UBIQUITIN-CONJUGATING ENZYME E2 D1,ZF_RING_2,ZF_RING_1,PS50127; PS00183; PS50918
4r2y,Anaphase-promoting complex subunit 11,Anaphase-promoting complex subunit 11,ZF_RING_2,,
4s3o,Polycomb complex protein BMI-1,Polycomb complex protein BMI-1,ZF_RING_2,ZF_RING_1,PS50127; PS00183
4tju,Tankyrase-2,Tankyrase-2,PS51059,,
4tjw,Tankyrase-2,Tankyrase-2,PS51059,,
4tjy,Tankyrase-2,Tankyrase-2,PS51059,,
4tk0,Tankyrase-2,Tankyrase-2,PS51059,,
4tkg,Tankyrase-2,Tankyrase-2,PS51059,,
4tor,Tankyrase-1,Tankyrase-1,PS51059,,
4tos,Tankyrase-1,Tankyrase-1,PS51059,,
4u3e,ANAEROBIC RIBONUCLEOSIDE-TRIPHOSPHATE REDUCTASE,ANAEROBIC RIBONUCLEOSIDE-TRIPHOSPHATE REDUCTASE,,,
4u99,NO-binding heme-dependent sensor protein,NO-binding heme-dependent sensor protein,PS52090,,
4u9b,NO-binding heme-dependent sensor protein,NO-binding heme-dependent sensor protein,PS52090,,
4ufy,Tankyrase-2,Tankyrase-2,PS51059,,
4uhg,Tankyrase-2,Tankyrase-2,PS51059,,
4ui3,Tankyrase-2,Tankyrase-2,PS51059,,
4ui5,Tankyrase-2,Tankyrase-2,PS51059,,
4ui6,Tankyrase-2,Tankyrase-2,PS51059,,
4ui7,Tankyrase-2,Tankyrase-2,PS51059,,
4up0,PYGOPUS HOMOLOG 1,"PYGOPUS HOMOLOG 2, B-CELL CLL/LYMPHOMA 9-LIKE PROTEIN",,,
4up5,PYGOPUS HOMOLOG 1,"PYGOPUS HOMOLOG 2, B-CELL CLL/LYMPHOMA 9-LIKE PROTEIN",ZF_PHD_2,ZF_PHD_1,
4uvl,Tankyrase-2,Tankyrase-2,PS51059,,
4uvo,Tankyrase-2,Tankyrase-2,PS51059,,
4uvp,Tankyrase-2,Tankyrase-2,PS51059,,
4uvs,Tankyrase-2,Tankyrase-2,PS51059,,
4uvt,Tankyrase-2,Tankyrase-2,PS51059,,
4uvu,Tankyrase-2,Tankyrase-2,PS51059,,
4uvv,Tankyrase-2,Tankyrase-2,PS51059,,
4uvx,Tankyrase-2,Tankyrase-2,PS51059,,
4uvy,Tankyrase-2,Tankyrase-2,PS51059,,
4uvz,Tankyrase-2,Tankyrase-2,PS51059,,
4ux4,Tankyrase-2,Tankyrase-2,PS51059,,
4v2v,JmjC domain-containing histone demethylation protein 3A,JmjC domain-containing histone demethylation protein 3A,PS51183,PS51184,
4v2w,JmjC domain-containing histone demethylation protein 3A,JmjC domain-containing histone demethylation protein 3A,PS51183,PS51184,
4v3l,Ubiquitin-conjugating enzyme E2 D2,Ubiquitin-conjugating enzyme E2 D2,ZF_RING_2,PS50053,PS50127; PS00299
4w5i,Tankyrase-2,Tankyrase-2,PS51059,,
4w6e,Tankyrase-1,Tankyrase-1,PS51059,,
4wh6,"NS3 protease, NS4A protein","NS3 protease, NS4A protein",PS51822,,
4wuy,N-lysine methyltransferase SMYD2,N-lysine methyltransferase SMYD2,SET,ZF_MYND_1,ZF_MYND_2
4wvt,E3 ubiquitin-protein ligase XIAP,E3 ubiquitin-protein ligase XIAP,PS50143,PS01282,
4xdo,LYSINE-SPECIFIC DEMETHYLASE 4C,LYSINE-SPECIFIC DEMETHYLASE 4C,PS51183,PS51184,
4xgl,Mitochondrial ribonuclease P protein 3,Mitochondrial ribonuclease P protein 3,,,
4xgm,Mitochondrial ribonuclease P protein 3,Mitochondrial ribonuclease P protein 3,,,
4xlg,Structure-specific endonuclease subunit SLX1,Structure-specific endonuclease subunit SLX1,PS50164,,
4y93,Tyrosine-protein kinase BTK,Tyrosine-protein kinase BTK,PS50003,PS51113,PS50011; PS00107; PS00109
4yab,Transcription intermediary factor 1-alpha,Transcription intermediary factor 1-alpha,ZF_PHD_2,ZF_PHD_1,PS50014; PS00633
4yad,Transcription intermediary factor 1-alpha,Transcription intermediary factor 1-alpha,ZF_PHD_2,ZF_PHD_1,PS50014; PS00633
4ybm,Transcription intermediary factor 1-alpha,Transcription intermediary factor 1-alpha,ZF_PHD_2,ZF_PHD_1,PS50014; PS00633
4ybs,Transcription intermediary factor 1-alpha,Transcription intermediary factor 1-alpha,ZF_PHD_2,ZF_PHD_1,PS50014; PS00633
4ybt,Transcription intermediary factor 1-alpha,Transcription intermediary factor 1-alpha,ZF_PHD_2,ZF_PHD_1,PS50014; PS00633
4yc9,Transcription intermediary factor 1-alpha,Transcription intermediary factor 1-alpha,ZF_PHD_2,ZF_PHD_1,PS50014; PS00633
4yh8,Splicing factor U2AF 59 kDa subunit,Splicing factor U2AF 59 kDa subunit,PS50103,PS50102,
4yxp,ICP27,ICP27,,,
4zdt,Structure-specific endonuclease subunit SLX1,Structure-specific endonuclease subunit SLX1,,,
4zql,Transcription intermediary factor 1-alpha,Transcription intermediary factor 1-alpha,ZF_PHD_2,ZF_PHD_1,PS50014; PS00633
5a3n,LYSINE-SPECIFIC DEMETHYLASE 5B,LYSINE-SPECIFIC DEMETHYLASE 5B,PS51183,PS51184,
5a3t,LYSINE-SPECIFIC DEMETHYLASE 5B,LYSINE-SPECIFIC DEMETHYLASE 5B,PS51183,PS51184,
5a3w,LYSINE-SPECIFIC DEMETHYLASE 5B,LYSINE-SPECIFIC DEMETHYLASE 5B,PS51183,PS51184,
5a7b,CELLULAR TUMOR ANTIGEN P53,CELLULAR TUMOR ANTIGEN P53,,,
5a7q,JmjC domain-containing histone demethylation protein 3A,JmjC domain-containing histone demethylation protein 3A,PS51183,PS51184,
5ab9,CELLULAR TUMOR ANTIGEN P53,CELLULAR TUMOR ANTIGEN P53,,,
5aba,CELLULAR TUMOR ANTIGEN P53,CELLULAR TUMOR ANTIGEN P53,,,
5ads,Tankyrase-2,Tankyrase-2,PS51059,,
5aeh,Tankyrase-2,Tankyrase-2,PS51059,,
5aku,Tankyrase-2,Tankyrase-2,PS51059,,
5al1,Tankyrase-2,Tankyrase-2,PS51059,,
5al2,Tankyrase-2,Tankyrase-2,PS51059,,
5al3,Tankyrase-2,Tankyrase-2,PS51059,,
5al4,Tankyrase-2,Tankyrase-2,PS51059,,
5anq,JmjC domain-containing histone demethylation protein 3A,JmjC domain-containing histone demethylation protein 3A,PS51183,PS51184,
5aoi,CELLULAR TUMOR ANTIGEN P53,CELLULAR TUMOR ANTIGEN P53,,,
5aoj,CELLULAR TUMOR ANTIGEN P53,CELLULAR TUMOR ANTIGEN P53,,,
5aok,CELLULAR TUMOR ANTIGEN P53,CELLULAR TUMOR ANTIGEN P53,,,
5aol,CELLULAR TUMOR ANTIGEN P53,CELLULAR TUMOR ANTIGEN P53,,,
5aom,CELLULAR TUMOR ANTIGEN P53,CELLULAR TUMOR ANTIGEN P53,,,
5arg,N-lysine methyltransferase SMYD2,N-LYSINE METHYLTRANSFERASE SMYD2,SET,ZF_MYND_1,ZF_MYND_2
5b73,Zinc finger MYND domain-containing protein 11,PROTEIN KINASE C-BINDING PROTEIN 1,ZF_PHD_2,ZF_PHD_1,PS50014; PS50812
5b75,Histone H3.2,Histone H3.2,ZF_PHD_2,ZF_PHD_1,
5b76,Histone H3.2,Histone H3.2,ZF_PHD_2,ZF_PHD_1,
5b77,Histone H3.2,Histone H3.2,ZF_PHD_2,ZF_PHD_1,
5b78,Histone H3.2,Histone H3.2,ZF_PHD_2,ZF_PHD_1,
5b8d,Histone deacetylase 6,Histone deacetylase 6,PS50271,,
5bqk,mRNA export factor,mRNA export factor,,,
5bua,Cellular tumor antigen p53,PROTEIN (P53 TUMOR SUPPRESSOR),PS00348,,
5c1z,E3 ubiquitin-protein ligase parkin,E3 ubiquitin-protein ligase parkin,PS50053,PS51873,
5c5p,Tankyrase-2,Tankyrase-2,PS51059,,
5c5q,Tankyrase-2,Tankyrase-2,PS51059,,
5c5r,Tankyrase-2,Tankyrase-2,PS51059,,
5ccl,Histone-lysine N-methyltransferase SMYD3,Histone-lysine N-methyltransferase SMYD3,SET,ZF_MYND_1,ZF_MYND_2; PS51574
5cyz,Monopolin complex subunit MAM1,Monopolin complex subunit MAM1,PS50011,PS00108,
5d0i,"Ubiquitin,E3 ubiquitin-protein ligase RNF165","Ubiquitin,E3 ubiquitin-protein ligase RNF165",ZF_RING_2,,
5d0m,UBIQUITIN,Ubiquitin,ZF_RING_2,PS50053,PS50127; PS00299
5d1k,E3 ubiquitin-protein ligase RNF25,E3 ubiquitin-protein ligase RNF25,ZF_RING_2,PS50127,PS00183
5d1l,E3 ubiquitin-protein ligase RNF25,E3 ubiquitin-protein ligase RNF25,ZF_RING_2,PS50127,PS00183
5d1m,E3 ubiquitin-protein ligase RNF25,E3 ubiquitin-protein ligase RNF25,ZF_RING_2,PS50127,PS00183
5d9y,Methylcytosine dioxygenase TET2,Methylcytosine dioxygenase TET2,,,
5dag,PHD finger protein 14,Protein AF-10,ZF_PHD_2,ZF_PHD_1,PS51805
5deu,Methylcytosine dioxygenase TET2,Methylcytosine dioxygenase TET2,,,
5din,E3 ubiquitin-protein ligase COP1,E3 ubiquitin-protein ligase LNX,ZF_RING_2,ZF_RING_1,
5dka,E3 ubiquitin-protein ligase RNF125,E3 ubiquitin-protein ligase RNF125,ZF_RING_2,ZF_RING_1,PS51803
5doc,Virion egress protein UL31 homolog,Virion egress protein UL31 homolog,,,
5egr,Queuine tRNA-ribosyltransferase,TRNA-GUANINE TRANSGLYCOSYLASE,,,
5eiu,Tripartite motif-containing protein 5,"Tripartite motif-containing protein 5,Serine--tRNA ligase,Tripartite motif-containing protein 5",PS50119,,
5elh,,,PS50103,,
5eqr,"Non-structural protein 4A,Serine protease NS3","Non-structural protein 4A,Serine protease NS3",PS51822,,
5eqs,NS3 protease,NS3 protease,PS51822,,
5f5a,Lysine-specific demethylase 4D,Lysine-specific demethylase 4D,PS51183,PS51184,
5f5c,Lysine-specific demethylase 4D,Lysine-specific demethylase 4D,PS51183,PS51184,
5f7r,BIFUNCTIONAL UDP-N-ACETYLGLUCOSAMINE 2-EPIMERASE/N-ACETYLMANNOSAMINE KINASE,Lmo0178 protein,,,
5fjk,Lysine-specific demethylase 4C,LYSINE-SPECIFIC DEMETHYLASE 4C,PS51183,PS51184,
5fp4,LYSINE-SPECIFIC DEMETHYLASE 4D,LYSINE-SPECIFIC DEMETHYLASE 4D,PS51183,PS51184,
5fp7,LYSINE-SPECIFIC DEMETHYLASE 4D,LYSINE-SPECIFIC DEMETHYLASE 4D,PS51183,PS51184,
5fp8,LYSINE-SPECIFIC DEMETHYLASE 4D,LYSINE-SPECIFIC DEMETHYLASE 4D,PS51183,PS51184,
5fp9,LYSINE-SPECIFIC DEMETHYLASE 4D,LYSINE-SPECIFIC DEMETHYLASE 4D,PS51183,PS51184,
5fpa,LYSINE-SPECIFIC DEMETHYLASE 4D,LYSINE-SPECIFIC DEMETHYLASE 4D,PS51183,PS51184,
5fpb,LYSINE-SPECIFIC DEMETHYLASE 4D,LYSINE-SPECIFIC DEMETHYLASE 4D,PS51183,PS51184,
5fyb,LYSINE-SPECIFIC DEMETHYLASE 5B,LYSINE-SPECIFIC DEMETHYLASE 5B,PS51183,PS51184,
5fys,LYSINE-SPECIFIC DEMETHYLASE 5B,LYSINE-SPECIFIC DEMETHYLASE 5B,PS51183,PS51184,
5fyt,LYSINE-SPECIFIC DEMETHYLASE 5B,LYSINE-SPECIFIC DEMETHYLASE 5B,PS51183,PS51184,
5fyv,LYSINE-SPECIFIC DEMETHYLASE 5B,LYSINE-SPECIFIC DEMETHYLASE 5B,PS51183,PS51184,
5fyz,LYSINE-SPECIFIC DEMETHYLASE 5B,LYSINE-SPECIFIC DEMETHYLASE 5B,PS51183,PS51184,
5fz8,LYSINE-SPECIFIC DEMETHYLASE 5B,LYSINE-SPECIFIC DEMETHYLASE 5B,PS51183,PS51184,
5fzf,LYSINE-SPECIFIC DEMETHYLASE 5B,LYSINE-SPECIFIC DEMETHYLASE 5B,PS51183,PS51184,
5fzg,LYSINE-SPECIFIC DEMETHYLASE 5B,LYSINE-SPECIFIC DEMETHYLASE 5B,PS51183,PS51184,
5fzi,LYSINE-SPECIFIC DEMETHYLASE 5B,LYSINE-SPECIFIC DEMETHYLASE 5B,PS51183,PS51184,
5g0f,Histone deacetylase 6,Histone deacetylase 6,PS50271,,
5g4m,CELLULAR TUMOR ANTIGEN P53,CELLULAR TUMOR ANTIGEN P53,,,
5g4n,CELLULAR TUMOR ANTIGEN P53,CELLULAR TUMOR ANTIGEN P53,,,
5g4o,CELLULAR TUMOR ANTIGEN P53,CELLULAR TUMOR ANTIGEN P53,,,
5h1t,Transcription intermediary factor 1-alpha,Transcription intermediary factor 1-alpha,ZF_PHD_2,ZF_PHD_1,PS50014; PS00633
5h1u,Transcription intermediary factor 1-alpha,Transcription intermediary factor 1-alpha,ZF_PHD_2,ZF_PHD_1,PS50014; PS00633
5h3j,Golgi reassembly-stacking protein 2,Golgi reassembly stacking protein 2,PS51865,,
5h7r,TNF receptor-associated factor 6,E3 ubiquitin-protein ligase LNX,ZF_RING_2,ZF_RING_1,
5h9m,E3 ubiquitin-protein ligase SIAH1,E3 ubiquitin-protein ligase SIAH1,PS51081,,
5hh7,Histone acetyltransferase KAT6A,Histone acetyltransferase KAT6A,ZF_PHD_2,ZF_PHD_1,PS51038
5hkx,E3 UBIQUITIN-PROTEIN LIGASE CBL,"Glutathione S-transferase class-mu 26 kDa isozyme,E3 ubiquitin-protein ligase CBL",ZF_RING_2,ZF_RING_1,PS51506
5hq8,Histone-lysine N-methyltransferase SMYD3,Histone-lysine N-methyltransferase SMYD3,SET,ZF_MYND_1,ZF_MYND_2; PS51574
5i00,Queuine tRNA-ribosyltransferase,TRNA-GUANINE TRANSGLYCOSYLASE,,,
5i02,Queuine tRNA-ribosyltransferase,TRNA-GUANINE TRANSGLYCOSYLASE,,,
5i03,Queuine tRNA-ribosyltransferase,TRNA-GUANINE TRANSGLYCOSYLASE,,,
5i06,Queuine tRNA-ribosyltransferase,TRNA-GUANINE TRANSGLYCOSYLASE,,,
5i07,Queuine tRNA-ribosyltransferase,TRNA-GUANINE TRANSGLYCOSYLASE,,,
5i09,Queuine tRNA-ribosyltransferase,TRNA-GUANINE TRANSGLYCOSYLASE,,,
5i3l,Zinc finger protein DPF3,Zinc finger protein DPF3,ZF_PHD_2,ZF_PHD_1,PS00322
5i8b,histone acetyltransferase,CREB-binding protein,PS50014,PS00633,
5i8g,histone acetyltransferase,CREB-binding protein,PS50014,PS00633,
5j9m,Queuine tRNA-ribosyltransferase,TRNA-GUANINE TRANSGLYCOSYLASE,,,
5j9n,Queuine tRNA-ribosyltransferase,TRNA-GUANINE TRANSGLYCOSYLASE,,,
5j9o,Queuine tRNA-ribosyltransferase,TRNA-GUANINE TRANSGLYCOSYLASE,,,
5jgm,Queuine tRNA-ribosyltransferase,TRNA-GUANINE TRANSGLYCOSYLASE,,,
5jgo,Queuine tRNA-ribosyltransferase,TRNA-GUANINE TRANSGLYCOSYLASE,,,
5jsv,Queuine tRNA-ribosyltransferase,TRNA-GUANINE TRANSGLYCOSYLASE,,,
5jsw,Queuine tRNA-ribosyltransferase,TRNA-GUANINE TRANSGLYCOSYLASE,,,
5jt5,Queuine tRNA-ribosyltransferase,TRNA-GUANINE TRANSGLYCOSYLASE,,,
5jt6,Queuine tRNA-ribosyltransferase,TRNA-GUANINE TRANSGLYCOSYLASE,,,
5jt7,Queuine tRNA-ribosyltransferase,TRNA-GUANINE TRANSGLYCOSYLASE,,,
5jxq,Queuine tRNA-ribosyltransferase,TRNA-GUANINE TRANSGLYCOSYLASE,,,
5k3q,Tripartite motif-containing protein 5,TRIM protein-E3 ligase Chimera,PS50119,,
5kh3,Histone deacetylase 6,Histone deacetylase 6,PS50271,,
5kh7,Histone deacetylase 6,Histone deacetylase 6,PS50271,,
5kh9,Histone deacetylase 6,Histone deacetylase 6,PS50271,,
5kjk,N-lysine methyltransferase SMYD2,N-lysine methyltransferase SMYD2,SET,ZF_MYND_1,ZF_MYND_2
5kr7,LYSINE-SPECIFIC DEMETHYLASE 4C,LYSINE-SPECIFIC DEMETHYLASE 4C,PS51183,PS51184,
5l2l,Nuclear polyadenylated RNA-binding protein NAB2,Nuclear polyadenylated RNA-binding protein NAB2,,,
5lap,CELLULAR TUMOR ANTIGEN P53,CELLULAR TUMOR ANTIGEN P53,,,
5lpi,,,,,
5lpo,Queuine tRNA-ribosyltransferase,Queuine tRNA-ribosyltransferase,,,
5lpp,Queuine tRNA-ribosyltransferase,TRNA-GUANINE TRANSGLYCOSYLASE,,,
5m6n,Baculoviral IAP repeat-containing protein 2,INHIBITOR OF APOPTOSIS PROTEIN (2MIHB/C-IAP-1),PS50143,PS01282,
5mcu,Cellular tumor antigen p53,PROTEIN (P53 TUMOR SUPPRESSOR),PS00348,,
5mcv,Cellular tumor antigen p53,PROTEIN (P53 TUMOR SUPPRESSOR),PS00348,,
5mcw,Cellular tumor antigen p53,PROTEIN (P53 TUMOR SUPPRESSOR),PS00348,,
5mf7,Cellular tumor antigen p53,PROTEIN (P53 TUMOR SUPPRESSOR),PS00348,,
5mg7,Cellular tumor antigen p53,PROTEIN (P53 TUMOR SUPPRESSOR),PS00348,,
5mr8,E3 ubiquitin-protein ligase TRIM33,E3 ubiquitin-protein ligase TRIM33,ZF_PHD_2,ZF_PHD_1,PS50014
5n6f,Queuine tRNA-ribosyltransferase,TRNA-GUANINE TRANSGLYCOSYLASE,,,
5nob,Tankyrase-2,Tankyrase-2,PS51059,,
5nsx,Tankyrase-2,Tankyrase-2,PS51059,,
5nt0,Tankyrase-2,Tankyrase-2,PS51059,,
5nt4,Tankyrase-2,Tankyrase-2,PS51059,,
5nut,Tankyrase-2,Tankyrase-2,PS51059,,
5nvc,Tankyrase-2,Tankyrase-2,PS51059,,
5nve,Tankyrase-2,Tankyrase-2,PS51059,,
5nvf,Tankyrase-2,Tankyrase-2,PS51059,,
5nvh,Tankyrase-2,Tankyrase-2,PS51059,,
5nwb,Tankyrase-2,Tankyrase-2,PS51059,,
5nwc,Tankyrase-2,Tankyrase-2,PS51059,,
5nwd,Tankyrase-2,Tankyrase-2,PS51059,,
5nwg,Tankyrase-2,Tankyrase-2,PS51059,,
5nxe,Tankyrase-2,Tankyrase-2,PS51059,,
5o1a,CELLULAR TUMOR ANTIGEN P53,CELLULAR TUMOR ANTIGEN P53,,,
5o1b,CELLULAR TUMOR ANTIGEN P53,CELLULAR TUMOR ANTIGEN P53,,,
5o1c,CELLULAR TUMOR ANTIGEN P53,CELLULAR TUMOR ANTIGEN P53,,,
5o1d,CELLULAR TUMOR ANTIGEN P53,CELLULAR TUMOR ANTIGEN P53,,,
5o1e,CELLULAR TUMOR ANTIGEN P53,CELLULAR TUMOR ANTIGEN P53,,,
5o1f,CELLULAR TUMOR ANTIGEN P53,CELLULAR TUMOR ANTIGEN P53,,,
5o1g,CELLULAR TUMOR ANTIGEN P53,CELLULAR TUMOR ANTIGEN P53,,,
5o1h,CELLULAR TUMOR ANTIGEN P53,CELLULAR TUMOR ANTIGEN P53,,,
5o1i,CELLULAR TUMOR ANTIGEN P53,CELLULAR TUMOR ANTIGEN P53,,,
5o6c,E3 ubiquitin-protein ligase MYCBP2,E3 ubiquitin-protein ligase MYCBP2,ZF_RING_2,,
5o6t,Ubiquitin,Polyubiquitin-B,ZF_RING_2,PS50053,
5od6,Mothers against decapentaplegic homolog 5,Mothers against decapentaplegic homolog 3,PS51075,,
5olm,E3 ubiquitin-protein ligase TRIM21,E3 ubiquitin-protein ligase TRIM21,ZF_RING_2,ZF_RING_1,PS50119
5ows,Tankyrase-2,Tankyrase-2,PS51059,,
5ph0,Lysine-specific demethylase 4D,Lysine-specific demethylase 4D,PS51183,PS51184,
5ph1,Lysine-specific demethylase 4D,Lysine-specific demethylase 4D,PS51183,PS51184,
5ph2,Lysine-specific demethylase 4D,Lysine-specific demethylase 4D,PS51183,PS51184,
5ph3,Lysine-specific demethylase 4D,Lysine-specific demethylase 4D,PS51183,PS51184,
5ph4,Lysine-specific demethylase 4D,Lysine-specific demethylase 4D,PS51183,PS51184,
5ph5,Lysine-specific demethylase 4D,Lysine-specific demethylase 4D,PS51183,PS51184,
5ph6,Lysine-specific demethylase 4D,Lysine-specific demethylase 4D,PS51183,PS51184,
5ph7,Lysine-specific demethylase 4D,Lysine-specific demethylase 4D,PS51183,PS51184,
5ph8,Lysine-specific demethylase 4D,Lysine-specific demethylase 4D,PS51183,PS51184,
5ph9,Lysine-specific demethylase 4D,Lysine-specific demethylase 4D,PS51183,PS51184,
5pha,Lysine-specific demethylase 4D,Lysine-specific demethylase 4D,PS51183,PS51184,
5phb,Lysine-specific demethylase 4D,Lysine-specific demethylase 4D,PS51183,PS51184,
5phc,Lysine-specific demethylase 4D,Lysine-specific demethylase 4D,PS51183,PS51184,
5phd,Lysine-specific demethylase 4D,Lysine-specific demethylase 4D,PS51183,PS51184,
5phe,Lysine-specific demethylase 4D,Lysine-specific demethylase 4D,PS51183,PS51184,
5phf,Lysine-specific demethylase 4D,Lysine-specific demethylase 4D,PS51183,PS51184,
5phg,Lysine-specific demethylase 4D,Lysine-specific demethylase 4D,PS51183,PS51184,
5phh,Lysine-specific demethylase 4D,Lysine-specific demethylase 4D,PS51183,PS51184,
5phi,Lysine-specific demethylase 4D,Lysine-specific demethylase 4D,PS51183,PS51184,
5phj,Lysine-specific demethylase 4D,Lysine-specific demethylase 4D,PS51183,PS51184,
5phk,Lysine-specific demethylase 4D,Lysine-specific demethylase 4D,PS51183,PS51184,
5phl,Lysine-specific demethylase 4D,Lysine-specific demethylase 4D,PS51183,PS51184,
5phm,Lysine-specific demethylase 4D,Lysine-specific demethylase 4D,PS51183,PS51184,
5phn,Lysine-specific demethylase 4D,Lysine-specific demethylase 4D,PS51183,PS51184,
5pho,Lysine-specific demethylase 4D,Lysine-specific demethylase 4D,PS51183,PS51184,
5php,Lysine-specific demethylase 4D,Lysine-specific demethylase 4D,PS51183,PS51184,
5phr,Lysine-specific demethylase 4D,Lysine-specific demethylase 4D,PS51183,PS51184,
5pht,Lysine-specific demethylase 4D,Lysine-specific demethylase 4D,PS51183,PS51184,
5phu,Lysine-specific demethylase 4D,Lysine-specific demethylase 4D,PS51183,PS51184,
5phv,Lysine-specific demethylase 4D,Lysine-specific demethylase 4D,PS51183,PS51184,
5phw,Lysine-specific demethylase 4D,Lysine-specific demethylase 4D,PS51183,PS51184,
5phx,Lysine-specific demethylase 4D,Lysine-specific demethylase 4D,PS51183,PS51184,
5phy,Lysine-specific demethylase 4D,Lysine-specific demethylase 4D,PS51183,PS51184,
5phz,Lysine-specific demethylase 4D,Lysine-specific demethylase 4D,PS51183,PS51184,
5pi0,Lysine-specific demethylase 4D,Lysine-specific demethylase 4D,PS51183,PS51184,
5pi1,Lysine-specific demethylase 4D,Lysine-specific demethylase 4D,PS51183,PS51184,
5pi2,Lysine-specific demethylase 4D,Lysine-specific demethylase 4D,PS51183,PS51184,
5pi3,Lysine-specific demethylase 4D,Lysine-specific demethylase 4D,PS51183,PS51184,
5pi4,Lysine-specific demethylase 4D,Lysine-specific demethylase 4D,PS51183,PS51184,
5pi5,Lysine-specific demethylase 4D,Lysine-specific demethylase 4D,PS51183,PS51184,
5pi6,Lysine-specific demethylase 4D,Lysine-specific demethylase 4D,PS51183,PS51184,
5pi7,Lysine-specific demethylase 4D,Lysine-specific demethylase 4D,PS51183,PS51184,
5pi8,Lysine-specific demethylase 4D,Lysine-specific demethylase 4D,PS51183,PS51184,
5pi9,Lysine-specific demethylase 4D,Lysine-specific demethylase 4D,PS51183,PS51184,
5pia,Lysine-specific demethylase 4D,Lysine-specific demethylase 4D,PS51183,PS51184,
5pib,Lysine-specific demethylase 4D,Lysine-specific demethylase 4D,PS51183,PS51184,
5pic,Lysine-specific demethylase 4D,Lysine-specific demethylase 4D,PS51183,PS51184,
5pid,Lysine-specific demethylase 4D,Lysine-specific demethylase 4D,PS51183,PS51184,
5pie,Lysine-specific demethylase 4D,Lysine-specific demethylase 4D,PS51183,PS51184,
5pif,Lysine-specific demethylase 4D,Lysine-specific demethylase 4D,PS51183,PS51184,
5pig,Lysine-specific demethylase 4D,Lysine-specific demethylase 4D,PS51183,PS51184,
5pih,Lysine-specific demethylase 4D,Lysine-specific demethylase 4D,PS51183,PS51184,
5pii,Lysine-specific demethylase 4D,Lysine-specific demethylase 4D,PS51183,PS51184,
5pij,Lysine-specific demethylase 4D,Lysine-specific demethylase 4D,PS51183,PS51184,
5pik,Lysine-specific demethylase 4D,Lysine-specific demethylase 4D,PS51183,PS51184,
5pil,Lysine-specific demethylase 4D,Lysine-specific demethylase 4D,PS51183,PS51184,
5pim,Lysine-specific demethylase 4D,Lysine-specific demethylase 4D,PS51183,PS51184,
5pin,Lysine-specific demethylase 4D,Lysine-specific demethylase 4D,PS51183,PS51184,
5pio,Lysine-specific demethylase 4D,Lysine-specific demethylase 4D,PS51183,PS51184,
5pip,Lysine-specific demethylase 4D,Lysine-specific demethylase 4D,PS51183,PS51184,
5piq,Lysine-specific demethylase 4D,Lysine-specific demethylase 4D,PS51183,PS51184,
5pir,Lysine-specific demethylase 4D,Lysine-specific demethylase 4D,PS51183,PS51184,
5pis,Lysine-specific demethylase 4D,Lysine-specific demethylase 4D,PS51183,PS51184,
5pit,Lysine-specific demethylase 4D,Lysine-specific demethylase 4D,PS51183,PS51184,
5piu,Lysine-specific demethylase 4D,Lysine-specific demethylase 4D,PS51183,PS51184,
5piv,Lysine-specific demethylase 4D,Lysine-specific demethylase 4D,PS51183,PS51184,
5piw,Lysine-specific demethylase 4D,Lysine-specific demethylase 4D,PS51183,PS51184,
5pix,Lysine-specific demethylase 4D,Lysine-specific demethylase 4D,PS51183,PS51184,
5piy,Lysine-specific demethylase 4D,Lysine-specific demethylase 4D,PS51183,PS51184,
5piz,Lysine-specific demethylase 4D,Lysine-specific demethylase 4D,PS51183,PS51184,
5pj0,Lysine-specific demethylase 4D,Lysine-specific demethylase 4D,PS51183,PS51184,
5pj1,Lysine-specific demethylase 4D,Lysine-specific demethylase 4D,PS51183,PS51184,
5pj2,Lysine-specific demethylase 4D,Lysine-specific demethylase 4D,PS51183,PS51184,
5pj3,Lysine-specific demethylase 4D,Lysine-specific demethylase 4D,PS51183,PS51184,
5pj4,Lysine-specific demethylase 4D,Lysine-specific demethylase 4D,PS51183,PS51184,
5pj5,Lysine-specific demethylase 4D,Lysine-specific demethylase 4D,PS51183,PS51184,
5pj6,Lysine-specific demethylase 4D,Lysine-specific demethylase 4D,PS51183,PS51184,
5pj7,Lysine-specific demethylase 4D,Lysine-specific demethylase 4D,PS51183,PS51184,
5pj8,Lysine-specific demethylase 4D,Lysine-specific demethylase 4D,PS51183,PS51184,
5pj9,Lysine-specific demethylase 4D,Lysine-specific demethylase 4D,PS51183,PS51184,
5pja,Lysine-specific demethylase 4D,Lysine-specific demethylase 4D,PS51183,PS51184,
5pjb,Lysine-specific demethylase 4D,Lysine-specific demethylase 4D,PS51183,PS51184,
5pjc,Lysine-specific demethylase 4D,Lysine-specific demethylase 4D,PS51183,PS51184,
5pjd,Lysine-specific demethylase 4D,Lysine-specific demethylase 4D,PS51183,PS51184,
5pje,Lysine-specific demethylase 4D,Lysine-specific demethylase 4D,PS51183,PS51184,
5pjf,Lysine-specific demethylase 4D,Lysine-specific demethylase 4D,PS51183,PS51184,
5pjg,Lysine-specific demethylase 4D,Lysine-specific demethylase 4D,PS51183,PS51184,
5pjh,Lysine-specific demethylase 4D,Lysine-specific demethylase 4D,PS51183,PS51184,
5pji,Lysine-specific demethylase 4D,Lysine-specific demethylase 4D,PS51183,PS51184,
5pjj,Lysine-specific demethylase 4D,Lysine-specific demethylase 4D,PS51183,PS51184,
5pjk,Lysine-specific demethylase 4D,Lysine-specific demethylase 4D,PS51183,PS51184,
5pjl,Lysine-specific demethylase 4D,Lysine-specific demethylase 4D,PS51183,PS51184,
5pjm,Lysine-specific demethylase 4D,Lysine-specific demethylase 4D,PS51183,PS51184,
5pjn,Lysine-specific demethylase 4D,Lysine-specific demethylase 4D,PS51183,PS51184,
5pjo,Lysine-specific demethylase 4D,Lysine-specific demethylase 4D,PS51183,PS51184,
5pjp,Lysine-specific demethylase 4D,Lysine-specific demethylase 4D,PS51183,PS51184,
5pjq,Lysine-specific demethylase 4D,Lysine-specific demethylase 4D,PS51183,PS51184,
5pjr,Lysine-specific demethylase 4D,Lysine-specific demethylase 4D,PS51183,PS51184,
5pjs,Lysine-specific demethylase 4D,Lysine-specific demethylase 4D,PS51183,PS51184,
5pjt,Lysine-specific demethylase 4D,Lysine-specific demethylase 4D,PS51183,PS51184,
5pju,Lysine-specific demethylase 4D,Lysine-specific demethylase 4D,PS51183,PS51184,
5pjv,Lysine-specific demethylase 4D,Lysine-specific demethylase 4D,PS51183,PS51184,
5pjw,Lysine-specific demethylase 4D,Lysine-specific demethylase 4D,PS51183,PS51184,
5pjx,Lysine-specific demethylase 4D,Lysine-specific demethylase 4D,PS51183,PS51184,
5pjy,Lysine-specific demethylase 4D,Lysine-specific demethylase 4D,PS51183,PS51184,
5pjz,Lysine-specific demethylase 4D,Lysine-specific demethylase 4D,PS51183,PS51184,
5pk0,Lysine-specific demethylase 4D,Lysine-specific demethylase 4D,PS51183,PS51184,
5pk1,Lysine-specific demethylase 4D,Lysine-specific demethylase 4D,PS51183,PS51184,
5pk2,Lysine-specific demethylase 4D,Lysine-specific demethylase 4D,PS51183,PS51184,
5pk3,Lysine-specific demethylase 4D,Lysine-specific demethylase 4D,PS51183,PS51184,
5pk4,Lysine-specific demethylase 4D,Lysine-specific demethylase 4D,PS51183,PS51184,
5pk5,Lysine-specific demethylase 4D,Lysine-specific demethylase 4D,PS51183,PS51184,
5pk7,Lysine-specific demethylase 4D,Lysine-specific demethylase 4D,PS51183,PS51184,
5pk8,Lysine-specific demethylase 4D,Lysine-specific demethylase 4D,PS51183,PS51184,
5pk9,Lysine-specific demethylase 4D,Lysine-specific demethylase 4D,PS51183,PS51184,
5pka,Lysine-specific demethylase 4D,Lysine-specific demethylase 4D,PS51183,PS51184,
5pkb,Lysine-specific demethylase 4D,Lysine-specific demethylase 4D,PS51183,PS51184,
5pkc,Lysine-specific demethylase 4D,Lysine-specific demethylase 4D,PS51183,PS51184,
5pkd,Lysine-specific demethylase 4D,Lysine-specific demethylase 4D,PS51183,PS51184,
5pke,Lysine-specific demethylase 4D,Lysine-specific demethylase 4D,PS51183,PS51184,
5pkf,Lysine-specific demethylase 4D,Lysine-specific demethylase 4D,PS51183,PS51184,
5pkg,Lysine-specific demethylase 4D,Lysine-specific demethylase 4D,PS51183,PS51184,
5pkh,Lysine-specific demethylase 4D,Lysine-specific demethylase 4D,PS51183,PS51184,
5pki,Lysine-specific demethylase 4D,Lysine-specific demethylase 4D,PS51183,PS51184,
5pkj,Lysine-specific demethylase 4D,Lysine-specific demethylase 4D,PS51183,PS51184,
5pkk,Lysine-specific demethylase 4D,Lysine-specific demethylase 4D,PS51183,PS51184,
5pkl,Lysine-specific demethylase 4D,Lysine-specific demethylase 4D,PS51183,PS51184,
5pkm,Lysine-specific demethylase 4D,Lysine-specific demethylase 4D,PS51183,PS51184,
5pkn,Lysine-specific demethylase 4D,Lysine-specific demethylase 4D,PS51183,PS51184,
5pkp,Lysine-specific demethylase 4D,Lysine-specific demethylase 4D,PS51183,PS51184,
5pkq,Lysine-specific demethylase 4D,Lysine-specific demethylase 4D,PS51183,PS51184,
5pkr,Lysine-specific demethylase 4D,Lysine-specific demethylase 4D,PS51183,PS51184,
5pks,Lysine-specific demethylase 4D,Lysine-specific demethylase 4D,PS51183,PS51184,
5pkt,Lysine-specific demethylase 4D,Lysine-specific demethylase 4D,PS51183,PS51184,
5pku,Lysine-specific demethylase 4D,Lysine-specific demethylase 4D,PS51183,PS51184,
5pkv,Lysine-specific demethylase 4D,Lysine-specific demethylase 4D,PS51183,PS51184,
5pkw,Lysine-specific demethylase 4D,Lysine-specific demethylase 4D,PS51183,PS51184,
5pkx,Lysine-specific demethylase 4D,Lysine-specific demethylase 4D,PS51183,PS51184,
5pky,Lysine-specific demethylase 4D,Lysine-specific demethylase 4D,PS51183,PS51184,
5pkz,Lysine-specific demethylase 4D,Lysine-specific demethylase 4D,PS51183,PS51184,
5pl0,Lysine-specific demethylase 4D,Lysine-specific demethylase 4D,PS51183,PS51184,
5pl1,Lysine-specific demethylase 4D,Lysine-specific demethylase 4D,PS51183,PS51184,
5pl2,Lysine-specific demethylase 4D,Lysine-specific demethylase 4D,PS51183,PS51184,
5pl3,Lysine-specific demethylase 4D,Lysine-specific demethylase 4D,PS51183,PS51184,
5pl4,Lysine-specific demethylase 4D,Lysine-specific demethylase 4D,PS51183,PS51184,
5pl5,Lysine-specific demethylase 4D,Lysine-specific demethylase 4D,PS51183,PS51184,
5pl6,Lysine-specific demethylase 4D,Lysine-specific demethylase 4D,PS51183,PS51184,
5pl7,Lysine-specific demethylase 4D,Lysine-specific demethylase 4D,PS51183,PS51184,
5pl8,Lysine-specific demethylase 4D,Lysine-specific demethylase 4D,PS51183,PS51184,
5pl9,Lysine-specific demethylase 4D,Lysine-specific demethylase 4D,PS51183,PS51184,
5pla,Lysine-specific demethylase 4D,Lysine-specific demethylase 4D,PS51183,PS51184,
5plb,Lysine-specific demethylase 4D,Lysine-specific demethylase 4D,PS51183,PS51184,
5plc,Lysine-specific demethylase 4D,Lysine-specific demethylase 4D,PS51183,PS51184,
5pld,Lysine-specific demethylase 4D,Lysine-specific demethylase 4D,PS51183,PS51184,
5ple,Lysine-specific demethylase 4D,Lysine-specific demethylase 4D,PS51183,PS51184,
5plf,Lysine-specific demethylase 4D,Lysine-specific demethylase 4D,PS51183,PS51184,
5plg,Lysine-specific demethylase 4D,Lysine-specific demethylase 4D,PS51183,PS51184,
5plh,Lysine-specific demethylase 4D,Lysine-specific demethylase 4D,PS51183,PS51184,
5pli,Lysine-specific demethylase 4D,Lysine-specific demethylase 4D,PS51183,PS51184,
5plj,Lysine-specific demethylase 4D,Lysine-specific demethylase 4D,PS51183,PS51184,
5plk,Lysine-specific demethylase 4D,Lysine-specific demethylase 4D,PS51183,PS51184,
5pll,Lysine-specific demethylase 4D,Lysine-specific demethylase 4D,PS51183,PS51184,
5plm,Lysine-specific demethylase 4D,Lysine-specific demethylase 4D,PS51183,PS51184,
5pln,Lysine-specific demethylase 4D,Lysine-specific demethylase 4D,PS51183,PS51184,
5plo,Lysine-specific demethylase 4D,Lysine-specific demethylase 4D,PS51183,PS51184,
5plp,Lysine-specific demethylase 4D,Lysine-specific demethylase 4D,PS51183,PS51184,
5plq,Lysine-specific demethylase 4D,Lysine-specific demethylase 4D,PS51183,PS51184,
5plr,Lysine-specific demethylase 4D,Lysine-specific demethylase 4D,PS51183,PS51184,
5pls,Lysine-specific demethylase 4D,Lysine-specific demethylase 4D,PS51183,PS51184,
5plt,Lysine-specific demethylase 4D,Lysine-specific demethylase 4D,PS51183,PS51184,
5plu,Lysine-specific demethylase 4D,Lysine-specific demethylase 4D,PS51183,PS51184,
5plv,Lysine-specific demethylase 4D,Lysine-specific demethylase 4D,PS51183,PS51184,
5plw,Lysine-specific demethylase 4D,Lysine-specific demethylase 4D,PS51183,PS51184,
5plx,Lysine-specific demethylase 4D,Lysine-specific demethylase 4D,PS51183,PS51184,
5ply,Lysine-specific demethylase 4D,Lysine-specific demethylase 4D,PS51183,PS51184,
5plz,Lysine-specific demethylase 4D,Lysine-specific demethylase 4D,PS51183,PS51184,
5pm1,Lysine-specific demethylase 4D,Lysine-specific demethylase 4D,PS51183,PS51184,
5pm2,Lysine-specific demethylase 4D,Lysine-specific demethylase 4D,PS51183,PS51184,
5pm3,Lysine-specific demethylase 4D,Lysine-specific demethylase 4D,PS51183,PS51184,
5pm4,Lysine-specific demethylase 4D,Lysine-specific demethylase 4D,PS51183,PS51184,
5pm5,Lysine-specific demethylase 4D,Lysine-specific demethylase 4D,PS51183,PS51184,
5pm6,Lysine-specific demethylase 4D,Lysine-specific demethylase 4D,PS51183,PS51184,
5pm7,Lysine-specific demethylase 4D,Lysine-specific demethylase 4D,PS51183,PS51184,
5pm8,Lysine-specific demethylase 4D,Lysine-specific demethylase 4D,PS51183,PS51184,
5pm9,Lysine-specific demethylase 4D,Lysine-specific demethylase 4D,PS51183,PS51184,
5pma,Lysine-specific demethylase 4D,Lysine-specific demethylase 4D,PS51183,PS51184,
5pmb,Lysine-specific demethylase 4D,Lysine-specific demethylase 4D,PS51183,PS51184,
5pmc,Lysine-specific demethylase 4D,Lysine-specific demethylase 4D,PS51183,PS51184,
5pmd,Lysine-specific demethylase 4D,Lysine-specific demethylase 4D,PS51183,PS51184,
5pme,Lysine-specific demethylase 4D,Lysine-specific demethylase 4D,PS51183,PS51184,
5pmf,Lysine-specific demethylase 4D,Lysine-specific demethylase 4D,PS51183,PS51184,
5pmg,Lysine-specific demethylase 4D,Lysine-specific demethylase 4D,PS51183,PS51184,
5pmh,Lysine-specific demethylase 4D,Lysine-specific demethylase 4D,PS51183,PS51184,
5pmi,Lysine-specific demethylase 4D,Lysine-specific demethylase 4D,PS51183,PS51184,
5pmj,Lysine-specific demethylase 4D,Lysine-specific demethylase 4D,PS51183,PS51184,
5pmk,Lysine-specific demethylase 4D,Lysine-specific demethylase 4D,PS51183,PS51184,
5pml,Lysine-specific demethylase 4D,Lysine-specific demethylase 4D,PS51183,PS51184,
5pmm,Lysine-specific demethylase 4D,Lysine-specific demethylase 4D,PS51183,PS51184,
5pmn,Lysine-specific demethylase 4D,Lysine-specific demethylase 4D,PS51183,PS51184,
5pmo,Lysine-specific demethylase 4D,Lysine-specific demethylase 4D,PS51183,PS51184,
5pmp,Lysine-specific demethylase 4D,Lysine-specific demethylase 4D,PS51183,PS51184,
5pmq,Lysine-specific demethylase 4D,Lysine-specific demethylase 4D,PS51183,PS51184,
5pmr,Lysine-specific demethylase 4D,Lysine-specific demethylase 4D,PS51183,PS51184,
5pms,Lysine-specific demethylase 4D,Lysine-specific demethylase 4D,PS51183,PS51184,
5pmt,Lysine-specific demethylase 4D,Lysine-specific demethylase 4D,PS51183,PS51184,
5pmu,Lysine-specific demethylase 4D,Lysine-specific demethylase 4D,PS51183,PS51184,
5pmv,Lysine-specific demethylase 4D,Lysine-specific demethylase 4D,PS51183,PS51184,
5pmw,Lysine-specific demethylase 4D,Lysine-specific demethylase 4D,PS51183,PS51184,
5pmx,Lysine-specific demethylase 4D,Lysine-specific demethylase 4D,PS51183,PS51184,
5pmy,Lysine-specific demethylase 4D,Lysine-specific demethylase 4D,PS51183,PS51184,
5pmz,Lysine-specific demethylase 4D,Lysine-specific demethylase 4D,PS51183,PS51184,
5pn0,Lysine-specific demethylase 4D,Lysine-specific demethylase 4D,PS51183,PS51184,
5pn1,Lysine-specific demethylase 4D,Lysine-specific demethylase 4D,PS51183,PS51184,
5pn2,Lysine-specific demethylase 4D,Lysine-specific demethylase 4D,PS51183,PS51184,
5pn3,Lysine-specific demethylase 4D,Lysine-specific demethylase 4D,PS51183,PS51184,
5pn4,Lysine-specific demethylase 4D,Lysine-specific demethylase 4D,PS51183,PS51184,
5pn5,Lysine-specific demethylase 4D,Lysine-specific demethylase 4D,PS51183,PS51184,
5pn6,Lysine-specific demethylase 4D,Lysine-specific demethylase 4D,PS51183,PS51184,
5pn7,Lysine-specific demethylase 4D,Lysine-specific demethylase 4D,PS51183,PS51184,
5pn8,Lysine-specific demethylase 4D,Lysine-specific demethylase 4D,PS51183,PS51184,
5pn9,Lysine-specific demethylase 4D,Lysine-specific demethylase 4D,PS51183,PS51184,
5pna,Lysine-specific demethylase 4D,Lysine-specific demethylase 4D,PS51183,PS51184,
5pnb,Lysine-specific demethylase 4D,Lysine-specific demethylase 4D,PS51183,PS51184,
5pnc,Lysine-specific demethylase 4D,Lysine-specific demethylase 4D,PS51183,PS51184,
5pnd,Lysine-specific demethylase 4D,Lysine-specific demethylase 4D,PS51183,PS51184,
5pne,Lysine-specific demethylase 4D,Lysine-specific demethylase 4D,PS51183,PS51184,
5pnf,Lysine-specific demethylase 4D,Lysine-specific demethylase 4D,PS51183,PS51184,
5png,Lysine-specific demethylase 4D,Lysine-specific demethylase 4D,PS51183,PS51184,
5pnh,Lysine-specific demethylase 4D,Lysine-specific demethylase 4D,PS51183,PS51184,
5pni,Lysine-specific demethylase 4D,Lysine-specific demethylase 4D,PS51183,PS51184,
5pnj,Lysine-specific demethylase 4D,Lysine-specific demethylase 4D,PS51183,PS51184,
5pnk,Lysine-specific demethylase 4D,Lysine-specific demethylase 4D,PS51183,PS51184,
5pnl,Lysine-specific demethylase 4D,Lysine-specific demethylase 4D,PS51183,PS51184,
5pnm,Lysine-specific demethylase 4D,Lysine-specific demethylase 4D,PS51183,PS51184,
5pnn,Lysine-specific demethylase 4D,Lysine-specific demethylase 4D,PS51183,PS51184,
5pno,Lysine-specific demethylase 4D,Lysine-specific demethylase 4D,PS51183,PS51184,
5pnp,Lysine-specific demethylase 4D,Lysine-specific demethylase 4D,PS51183,PS51184,
5pnq,Lysine-specific demethylase 4D,Lysine-specific demethylase 4D,PS51183,PS51184,
5pnr,Lysine-specific demethylase 4D,Lysine-specific demethylase 4D,PS51183,PS51184,
5pns,Lysine-specific demethylase 4D,Lysine-specific demethylase 4D,PS51183,PS51184,
5pnu,Lysine-specific demethylase 4D,Lysine-specific demethylase 4D,PS51183,PS51184,
5pnv,Lysine-specific demethylase 4D,Lysine-specific demethylase 4D,PS51183,PS51184,
5pnw,Lysine-specific demethylase 4D,Lysine-specific demethylase 4D,PS51183,PS51184,
5pwc,Nuclear autoantigen Sp-100,Nuclear autoantigen Sp-100,ZF_PHD_2,ZF_PHD_1,PS50014
5pwd,Nuclear autoantigen Sp-100,Nuclear autoantigen Sp-100,ZF_PHD_2,ZF_PHD_1,PS50014
5pwe,Nuclear autoantigen Sp-100,Nuclear autoantigen Sp-100,ZF_PHD_2,ZF_PHD_1,PS50014
5pwf,Nuclear autoantigen Sp-100,Nuclear autoantigen Sp-100,ZF_PHD_2,ZF_PHD_1,PS50014
5pwg,Nuclear autoantigen Sp-100,Nuclear autoantigen Sp-100,ZF_PHD_2,ZF_PHD_1,PS50014
5pwh,Nuclear autoantigen Sp-100,Nuclear autoantigen Sp-100,ZF_PHD_2,ZF_PHD_1,PS50014
5pwi,Nuclear autoantigen Sp-100,Nuclear autoantigen Sp-100,ZF_PHD_2,ZF_PHD_1,PS50014
5pwj,Nuclear autoantigen Sp-100,Nuclear autoantigen Sp-100,ZF_PHD_2,ZF_PHD_1,PS50014
5pwk,Nuclear autoantigen Sp-100,Nuclear autoantigen Sp-100,ZF_PHD_2,ZF_PHD_1,PS50014
5pwl,Nuclear autoantigen Sp-100,Nuclear autoantigen Sp-100,ZF_PHD_2,ZF_PHD_1,PS50014
5pwm,Nuclear autoantigen Sp-100,Nuclear autoantigen Sp-100,ZF_PHD_2,ZF_PHD_1,PS50014
5pwn,Nuclear autoantigen Sp-100,Nuclear autoantigen Sp-100,ZF_PHD_2,ZF_PHD_1,PS50014
5pwo,Nuclear autoantigen Sp-100,Nuclear autoantigen Sp-100,ZF_PHD_2,ZF_PHD_1,PS50014
5pwp,Nuclear autoantigen Sp-100,Nuclear autoantigen Sp-100,ZF_PHD_2,ZF_PHD_1,PS50014
5pwq,Nuclear autoantigen Sp-100,Nuclear autoantigen Sp-100,ZF_PHD_2,ZF_PHD_1,PS50014
5pwr,Nuclear autoantigen Sp-100,Nuclear autoantigen Sp-100,ZF_PHD_2,ZF_PHD_1,PS50014
5pws,Nuclear autoantigen Sp-100,Nuclear autoantigen Sp-100,ZF_PHD_2,ZF_PHD_1,PS50014
5pwt,Nuclear autoantigen Sp-100,Nuclear autoantigen Sp-100,ZF_PHD_2,ZF_PHD_1,PS50014
5pwu,Nuclear autoantigen Sp-100,Nuclear autoantigen Sp-100,ZF_PHD_2,ZF_PHD_1,PS50014
5pwv,Nuclear autoantigen Sp-100,Nuclear autoantigen Sp-100,ZF_PHD_2,ZF_PHD_1,PS50014
5pww,Nuclear autoantigen Sp-100,Nuclear autoantigen Sp-100,ZF_PHD_2,ZF_PHD_1,PS50014
5pwx,Nuclear autoantigen Sp-100,Nuclear autoantigen Sp-100,ZF_PHD_2,ZF_PHD_1,PS50014
5pwy,Nuclear autoantigen Sp-100,Nuclear autoantigen Sp-100,ZF_PHD_2,ZF_PHD_1,PS50014
5pwz,Nuclear autoantigen Sp-100,Nuclear autoantigen Sp-100,ZF_PHD_2,ZF_PHD_1,PS50014
5px0,Nuclear autoantigen Sp-100,Nuclear autoantigen Sp-100,ZF_PHD_2,ZF_PHD_1,PS50014
5px1,Nuclear autoantigen Sp-100,Nuclear autoantigen Sp-100,ZF_PHD_2,ZF_PHD_1,PS50014
5px2,Nuclear autoantigen Sp-100,Nuclear autoantigen Sp-100,ZF_PHD_2,ZF_PHD_1,PS50014
5px3,Nuclear autoantigen Sp-100,Nuclear autoantigen Sp-100,ZF_PHD_2,ZF_PHD_1,PS50014
5px4,Nuclear autoantigen Sp-100,Nuclear autoantigen Sp-100,ZF_PHD_2,ZF_PHD_1,PS50014
5px5,Nuclear autoantigen Sp-100,Nuclear autoantigen Sp-100,ZF_PHD_2,ZF_PHD_1,PS50014
5px6,Nuclear autoantigen Sp-100,Nuclear autoantigen Sp-100,ZF_PHD_2,ZF_PHD_1,PS50014
5px7,Nuclear autoantigen Sp-100,Nuclear autoantigen Sp-100,ZF_PHD_2,ZF_PHD_1,PS50014
5px8,Nuclear autoantigen Sp-100,Nuclear autoantigen Sp-100,ZF_PHD_2,ZF_PHD_1,PS50014
5px9,Nuclear autoantigen Sp-100,Nuclear autoantigen Sp-100,ZF_PHD_2,ZF_PHD_1,PS50014
5pxa,Nuclear autoantigen Sp-100,Nuclear autoantigen Sp-100,ZF_PHD_2,ZF_PHD_1,PS50014
5pxb,Nuclear autoantigen Sp-100,Nuclear autoantigen Sp-100,ZF_PHD_2,ZF_PHD_1,PS50014
5pxc,Nuclear autoantigen Sp-100,Nuclear autoantigen Sp-100,ZF_PHD_2,ZF_PHD_1,PS50014
5pxd,Nuclear autoantigen Sp-100,Nuclear autoantigen Sp-100,ZF_PHD_2,ZF_PHD_1,PS50014
5pxe,Nuclear autoantigen Sp-100,Nuclear autoantigen Sp-100,ZF_PHD_2,ZF_PHD_1,PS50014
5pxf,Nuclear autoantigen Sp-100,Nuclear autoantigen Sp-100,ZF_PHD_2,ZF_PHD_1,PS50014
5pxg,Nuclear autoantigen Sp-100,Nuclear autoantigen Sp-100,ZF_PHD_2,ZF_PHD_1,PS50014
5pxi,Nuclear autoantigen Sp-100,Nuclear autoantigen Sp-100,ZF_PHD_2,ZF_PHD_1,PS50014
5pxj,Nuclear autoantigen Sp-100,Nuclear autoantigen Sp-100,ZF_PHD_2,ZF_PHD_1,PS50014
5pxk,Nuclear autoantigen Sp-100,Nuclear autoantigen Sp-100,ZF_PHD_2,ZF_PHD_1,PS50014
5pxl,Nuclear autoantigen Sp-100,Nuclear autoantigen Sp-100,ZF_PHD_2,ZF_PHD_1,PS50014
5pxm,Nuclear autoantigen Sp-100,Nuclear autoantigen Sp-100,ZF_PHD_2,ZF_PHD_1,PS50014
5pxn,Nuclear autoantigen Sp-100,Nuclear autoantigen Sp-100,ZF_PHD_2,ZF_PHD_1,PS50014
5pxo,Nuclear autoantigen Sp-100,Nuclear autoantigen Sp-100,ZF_PHD_2,ZF_PHD_1,PS50014
5pxp,Nuclear autoantigen Sp-100,Nuclear autoantigen Sp-100,ZF_PHD_2,ZF_PHD_1,PS50014
5pxq,Nuclear autoantigen Sp-100,Nuclear autoantigen Sp-100,ZF_PHD_2,ZF_PHD_1,PS50014
5pxr,Nuclear autoantigen Sp-100,Nuclear autoantigen Sp-100,ZF_PHD_2,ZF_PHD_1,PS50014
5pxs,Nuclear autoantigen Sp-100,Nuclear autoantigen Sp-100,ZF_PHD_2,ZF_PHD_1,PS50014
5pxt,Nuclear autoantigen Sp-100,Nuclear autoantigen Sp-100,ZF_PHD_2,ZF_PHD_1,PS50014
5pxu,Nuclear autoantigen Sp-100,Nuclear autoantigen Sp-100,ZF_PHD_2,ZF_PHD_1,PS50014
5pxv,Nuclear autoantigen Sp-100,Nuclear autoantigen Sp-100,ZF_PHD_2,ZF_PHD_1,PS50014
5pxx,Nuclear autoantigen Sp-100,Nuclear autoantigen Sp-100,ZF_PHD_2,ZF_PHD_1,PS50014
5pxz,Nuclear autoantigen Sp-100,Nuclear autoantigen Sp-100,ZF_PHD_2,ZF_PHD_1,PS50014
5py0,Nuclear autoantigen Sp-100,Nuclear autoantigen Sp-100,ZF_PHD_2,ZF_PHD_1,PS50014
5py1,Nuclear autoantigen Sp-100,Nuclear autoantigen Sp-100,ZF_PHD_2,ZF_PHD_1,PS50014
5py2,Nuclear autoantigen Sp-100,Nuclear autoantigen Sp-100,ZF_PHD_2,ZF_PHD_1,PS50014
5py3,Nuclear autoantigen Sp-100,Nuclear autoantigen Sp-100,ZF_PHD_2,ZF_PHD_1,PS50014
5py4,Nuclear autoantigen Sp-100,Nuclear autoantigen Sp-100,ZF_PHD_2,ZF_PHD_1,PS50014
5py5,Nuclear autoantigen Sp-100,Nuclear autoantigen Sp-100,ZF_PHD_2,ZF_PHD_1,PS50014
5py6,Nuclear autoantigen Sp-100,Nuclear autoantigen Sp-100,ZF_PHD_2,ZF_PHD_1,PS50014
5py7,Nuclear autoantigen Sp-100,Nuclear autoantigen Sp-100,ZF_PHD_2,ZF_PHD_1,PS50014
5py8,Nuclear autoantigen Sp-100,Nuclear autoantigen Sp-100,ZF_PHD_2,ZF_PHD_1,PS50014
5py9,Nuclear autoantigen Sp-100,Nuclear autoantigen Sp-100,ZF_PHD_2,ZF_PHD_1,PS50014
5pya,Nuclear autoantigen Sp-100,Nuclear autoantigen Sp-100,ZF_PHD_2,ZF_PHD_1,PS50014
5pyb,Nuclear autoantigen Sp-100,Nuclear autoantigen Sp-100,ZF_PHD_2,ZF_PHD_1,PS50014
5pyc,Nuclear autoantigen Sp-100,Nuclear autoantigen Sp-100,ZF_PHD_2,ZF_PHD_1,PS50014
5pye,Nuclear autoantigen Sp-100,Nuclear autoantigen Sp-100,ZF_PHD_2,ZF_PHD_1,PS50014
5pyf,Nuclear autoantigen Sp-100,Nuclear autoantigen Sp-100,ZF_PHD_2,ZF_PHD_1,PS50014
5pyg,Nuclear autoantigen Sp-100,Nuclear autoantigen Sp-100,ZF_PHD_2,ZF_PHD_1,PS50014
5pyh,Nuclear autoantigen Sp-100,Nuclear autoantigen Sp-100,ZF_PHD_2,ZF_PHD_1,PS50014
5pyj,Nuclear autoantigen Sp-100,Nuclear autoantigen Sp-100,ZF_PHD_2,ZF_PHD_1,PS50014
5pyk,Nuclear autoantigen Sp-100,Nuclear autoantigen Sp-100,ZF_PHD_2,ZF_PHD_1,PS50014
5pyl,Nuclear autoantigen Sp-100,Nuclear autoantigen Sp-100,ZF_PHD_2,ZF_PHD_1,PS50014
5pym,Nuclear autoantigen Sp-100,Nuclear autoantigen Sp-100,ZF_PHD_2,ZF_PHD_1,PS50014
5pyn,Nuclear autoantigen Sp-100,Nuclear autoantigen Sp-100,ZF_PHD_2,ZF_PHD_1,PS50014
5pyo,Nuclear autoantigen Sp-100,Nuclear autoantigen Sp-100,ZF_PHD_2,ZF_PHD_1,PS50014
5pyp,Nuclear autoantigen Sp-100,Nuclear autoantigen Sp-100,ZF_PHD_2,ZF_PHD_1,PS50014
5pyq,Nuclear autoantigen Sp-100,Nuclear autoantigen Sp-100,ZF_PHD_2,ZF_PHD_1,PS50014
5pyr,Nuclear autoantigen Sp-100,Nuclear autoantigen Sp-100,ZF_PHD_2,ZF_PHD_1,PS50014
5pyu,Nuclear autoantigen Sp-100,Nuclear autoantigen Sp-100,ZF_PHD_2,ZF_PHD_1,PS50014
5pyv,Nuclear autoantigen Sp-100,Nuclear autoantigen Sp-100,ZF_PHD_2,ZF_PHD_1,PS50014
5pyw,Nuclear autoantigen Sp-100,Nuclear autoantigen Sp-100,ZF_PHD_2,ZF_PHD_1,PS50014
5pyx,Nuclear autoantigen Sp-100,Nuclear autoantigen Sp-100,ZF_PHD_2,ZF_PHD_1,PS50014
5pyy,Nuclear autoantigen Sp-100,Nuclear autoantigen Sp-100,ZF_PHD_2,ZF_PHD_1,PS50014
5pyz,Nuclear autoantigen Sp-100,Nuclear autoantigen Sp-100,ZF_PHD_2,ZF_PHD_1,PS50014
5pz2,Nuclear autoantigen Sp-100,Nuclear autoantigen Sp-100,ZF_PHD_2,ZF_PHD_1,PS50014
5pz3,Nuclear autoantigen Sp-100,Nuclear autoantigen Sp-100,ZF_PHD_2,ZF_PHD_1,PS50014
5pz4,Nuclear autoantigen Sp-100,Nuclear autoantigen Sp-100,ZF_PHD_2,ZF_PHD_1,PS50014
5pz6,Nuclear autoantigen Sp-100,Nuclear autoantigen Sp-100,ZF_PHD_2,ZF_PHD_1,PS50014
5pz7,Nuclear autoantigen Sp-100,Nuclear autoantigen Sp-100,ZF_PHD_2,ZF_PHD_1,PS50014
5pz8,Nuclear autoantigen Sp-100,Nuclear autoantigen Sp-100,ZF_PHD_2,ZF_PHD_1,PS50014
5pza,Nuclear autoantigen Sp-100,Nuclear autoantigen Sp-100,ZF_PHD_2,ZF_PHD_1,PS50014
5pzc,Nuclear autoantigen Sp-100,Nuclear autoantigen Sp-100,ZF_PHD_2,ZF_PHD_1,PS50014
5pzd,Nuclear autoantigen Sp-100,Nuclear autoantigen Sp-100,ZF_PHD_2,ZF_PHD_1,PS50014
5pze,Nuclear autoantigen Sp-100,Nuclear autoantigen Sp-100,ZF_PHD_2,ZF_PHD_1,PS50014
5pzf,Nuclear autoantigen Sp-100,Nuclear autoantigen Sp-100,ZF_PHD_2,ZF_PHD_1,PS50014
5pzg,Nuclear autoantigen Sp-100,Nuclear autoantigen Sp-100,ZF_PHD_2,ZF_PHD_1,PS50014
5pzh,Nuclear autoantigen Sp-100,Nuclear autoantigen Sp-100,ZF_PHD_2,ZF_PHD_1,PS50014
5pzi,Nuclear autoantigen Sp-100,Nuclear autoantigen Sp-100,ZF_PHD_2,ZF_PHD_1,PS50014
5pzj,Nuclear autoantigen Sp-100,Nuclear autoantigen Sp-100,ZF_PHD_2,ZF_PHD_1,PS50014
5rl6,Helicase,Helicase,PS51657,PS51653,
5rl7,Helicase,Helicase,PS51657,PS51653,
5rl9,Helicase,Helicase,PS51657,PS51653,
5rlb,Helicase,Helicase,PS51657,PS51653,
5rlc,Helicase,Helicase,PS51657,PS51653,
5rlg,Helicase,Helicase,PS51657,PS51653,
5rlj,Helicase,Helicase,PS51657,PS51653,
5rlk,Helicase,Helicase,PS51657,PS51653,
5rlm,Helicase,Helicase,PS51657,PS51653,
5rlw,Helicase,Helicase,PS51657,PS51653,
5rlz,Helicase,Helicase,PS51657,PS51653,
5rm0,Helicase,Helicase,PS51657,PS51653,
5rm1,Helicase,Helicase,PS51657,PS51653,
5rm2,Helicase,Helicase,PS51657,PS51653,
5rm7,Helicase,Helicase,PS51657,PS51653,
5rma,Helicase,Helicase,PS51657,PS51653,
5rmd,Helicase,Helicase,PS51657,PS51653,
5rob,Helicase,Helicase,PS51657,PS51653,
5skz,Proofreading exoribonuclease nsp14,Proofreading exoribonuclease nsp14,PS51954,PS51953,
5sl2,Proofreading exoribonuclease nsp14,Proofreading exoribonuclease nsp14,PS51954,PS51953,
5sl3,Proofreading exoribonuclease nsp14,Proofreading exoribonuclease nsp14,PS51954,PS51953,
5sl4,Proofreading exoribonuclease nsp14,Proofreading exoribonuclease nsp14,PS51954,PS51953,
5sl7,Proofreading exoribonuclease nsp14,Proofreading exoribonuclease nsp14,PS51954,PS51953,
5sl9,Proofreading exoribonuclease nsp14,Proofreading exoribonuclease nsp14,PS51954,PS51953,
5sla,Proofreading exoribonuclease nsp14,Proofreading exoribonuclease nsp14,PS51954,PS51953,
5slb,Proofreading exoribonuclease nsp14,Proofreading exoribonuclease nsp14,PS51954,PS51953,
5slc,Proofreading exoribonuclease nsp14,Proofreading exoribonuclease nsp14,PS51954,PS51953,
5sld,Proofreading exoribonuclease nsp14,Proofreading exoribonuclease nsp14,PS51954,PS51953,
5slg,Proofreading exoribonuclease nsp14,Proofreading exoribonuclease nsp14,PS51954,PS51953,
5slh,Proofreading exoribonuclease nsp14,Proofreading exoribonuclease nsp14,PS51954,PS51953,
5sll,Proofreading exoribonuclease nsp14,Proofreading exoribonuclease nsp14,PS51954,PS51953,
5slo,Proofreading exoribonuclease nsp14,Proofreading exoribonuclease nsp14,PS51954,PS51953,
5slp,Proofreading exoribonuclease nsp14,Proofreading exoribonuclease nsp14,PS51954,PS51953,
5slr,Proofreading exoribonuclease nsp14,Proofreading exoribonuclease nsp14,PS51954,PS51953,
5slt,Proofreading exoribonuclease nsp14,Proofreading exoribonuclease nsp14,PS51954,PS51953,
5slx,Proofreading exoribonuclease nsp14,Proofreading exoribonuclease nsp14,PS51954,PS51953,
5sm1,Proofreading exoribonuclease nsp14,Proofreading exoribonuclease nsp14,PS51954,PS51953,
5sm2,Proofreading exoribonuclease nsp14,Proofreading exoribonuclease nsp14,PS51954,PS51953,
5sm5,Proofreading exoribonuclease nsp14,Proofreading exoribonuclease nsp14,PS51954,PS51953,
5sm7,Proofreading exoribonuclease nsp14,Proofreading exoribonuclease nsp14,PS51954,PS51953,
5sm8,Proofreading exoribonuclease nsp14,Proofreading exoribonuclease nsp14,PS51954,PS51953,
5smd,Proofreading exoribonuclease nsp14,Proofreading exoribonuclease nsp14,PS51954,PS51953,
5sme,Proofreading exoribonuclease nsp14,Proofreading exoribonuclease nsp14,PS51954,PS51953,
5smg,Proofreading exoribonuclease nsp14,Proofreading exoribonuclease nsp14,PS51954,PS51953,
5smk,Proofreading exoribonuclease nsp14,Proofreading exoribonuclease nsp14,PS51954,PS51953,
5sw3,Queuine tRNA-ribosyltransferase,TRNA-GUANINE TRANSGLYCOSYLASE,,,
5szb,Zinc finger protein DPF3,Zinc finger protein DPF3,ZF_PHD_2,ZF_PHD_1,
5szc,Zinc finger protein DPF3,Zinc finger protein DPF3,ZF_PHD_2,ZF_PHD_1,
5tab,bromodomain PHD finger transcription factor,PHD finger protein 20,ZF_PHD_1,,
5tda,E3 ubiquitin-protein ligase UBR2,E3 ubiquitin-protein ligase UBR2,PS51157,,
5tdb,E3 ubiquitin-protein ligase UBR2,E3 ubiquitin-protein ligase UBR2,PS51157,,
5tdc,E3 ubiquitin-protein ligase UBR2,E3 ubiquitin-protein ligase UBR1,PS51157,,
5tdd,E3 ubiquitin-protein ligase UBR2,E3 ubiquitin-protein ligase UBR2,PS51157,,
5tdr,Histone-lysine N-methyltransferase ASH1L,SET domain-containing protein 3,ZF_PHD_2,ZF_PHD_1,
5tdw,Histone-lysine N-methyltransferase ASH1L,SET domain-containing protein 3,ZF_PHD_2,ZF_PHD_1,
5trb,E3 ubiquitin-protein ligase BRE1A,E3 ubiquitin-protein ligase BRE1A,ZF_RING_2,ZF_RING_1,
5u2j,Histone acetyltransferase KAT6A,Histone acetyltransferase KAT6B,ZF_PHD_2,ZF_PHD_1,
5udz,Protein lin-28 homolog A,Protein lin-28 homolog A,PS50158,PS51857,
5ulh,Ubiquitin-conjugating enzyme E2 D2,Ubiquitin-conjugating enzyme E2 D2,ZF_RING_2,PS50053,PS50127; PS00299
5um3,E3 ubiquitin-protein ligase UBR2,E3 ubiquitin-protein ligase UBR2,PS51157,,
5uti,Queuine tRNA-ribosyltransferase,TRNA-GUANINE TRANSGLYCOSYLASE,,,
5utj,Queuine tRNA-ribosyltransferase,TRNA-GUANINE TRANSGLYCOSYLASE,,,
5v3c,Queuine tRNA-ribosyltransferase,TRNA-GUANINE TRANSGLYCOSYLASE,,,
5vab,Lysine-specific demethylase 5A,Lysine-specific demethylase 5A,ZF_PHD_2,ZF_PHD_1,
5vdc,Zinc finger protein ubi-d4,Zinc finger protein ubi-d4,ZF_PHD_2,ZF_PHD_1,
5voj,NS3/4A,"NS3 protease, NS4A protein",PS51822,,
5vp9,NS3/4A,"NS3 protease, NS4A protein",PS51822,,
5wbn,Histone deacetylase 6,Histone deacetylase 6,PS50271,,
5wci,Histone acetyltransferase KAT8,Probable histone acetyltransferase MYST1,PS51726,,
5wle,Death-inducer obliterator 1,"Protein partner of snf, isoform A",ZF_PHD_2,ZF_PHD_1,
5wlf,Death-inducer obliterator 1,"Protein partner of snf, isoform A",ZF_PHD_2,ZF_PHD_1,
5wpb,Histone deacetylase 6,Histone deacetylase 6,PS50271,,
5wvo,Ubiquitin,Ubiquitin,PS50053,PS00299,
5wxg,Transcription initiation factor TFIID subunit 3,Transcription initiation factor TFIID subunit 3,ZF_PHD_2,ZF_PHD_1,
5wxh,Transcription initiation factor TFIID subunit 3,Transcription initiation factor TFIID subunit 3,ZF_PHD_2,ZF_PHD_1,
5xfn,PHD finger protein 1,PHD finger protein 1,ZF_PHD_2,ZF_PHD_1,
5xfo,PHD finger protein 1,PHD finger protein 1,ZF_PHD_2,ZF_PHD_1,
5xmy,Transcription initiation factor TFIID subunit 3,Transcription initiation factor TFIID subunit 3,ZF_PHD_2,ZF_PHD_1,
5xxj,SET and MYND domain-containing protein 3,SET and MYND domain-containing protein 3,SET,ZF_MYND_1,ZF_MYND_2; PS51574
5xzg,Cyclic GMP-AMP synthase,Cyclic GMP-AMP synthase,,,
5yn5,nsp10 protein,nsp10 protein,PS51952,PS51955,
5ynb,nsp10 protein,nsp10 protein,PS51952,PS51955,
5yno,nsp10 protein,nsp10 protein,PS51952,PS51955,
5ynq,nsp16 protein,nsp16 protein,PS51952,PS51955,
5yuf,Tripartite motif-containing protein 2,TRANSCRIPTION FACTOR PML,ZF_RING_2,ZF_RING_1,
5ywr,RING finger protein 165,E3 ubiquitin-protein ligase Arkadia,ZF_RING_2,PS50127,PS00183
5zc4,E3 ubiquitin-protein ligase RLIM,E3 ubiquitin-protein ligase RNF13,ZF_RING_2,PS01186,
5zoo,HISTONE DEACETYLASE 4,HISTONE DEACETYLASE 4,,,
5zqp,Tankyrase-2,Tankyrase-2,PS51059,,
5zqr,Tankyrase-2,Tankyrase-2,PS51059,,
6a84,Tankyrase-2,Tankyrase-2,PS51059,,
6b9v,Beta-lactamase-like,Beta-lactamase-like,,,
6ba2,Histone acetyltransferase KAT8,Histone acetyltransferase KAT8,PS51726,,
6ba4,Histone acetyltransferase KAT8,Histone acetyltransferase KAT8,PS51726,,
6bqk,"Non-structural protein 4A, Serine protease NS3",HCV NS3 1a Protease,PS51822,,
6bv5,"Pentatricopeptide repeat-containing protein At2g32230, mitochondrial","Pentatricopeptide repeat-containing protein At2g32230, mitochondrial",PS51375,,
6c2m,NS3 protease,NS3 protease,PS51822,,
6c2n,"NS3 protease, NS4A protein","NS3 protease, NS4A protein",PS51822,,
6c2o,NS3 protease,"NS3 protease, NS4A protein",PS51822,,
6cbx,N-lysine methyltransferase SMYD2,N-lysine methyltransferase SMYD2,SET,ZF_MYND_1,ZF_MYND_2
6ce6,Histone deacetylase 6,Histone deacetylase 6,PS50271,,
6ce8,Histone deacetylase 6,Histone deacetylase 6,PS50271,,
6cea,Histone deacetylase 6,Histone deacetylase 6,PS50271,,
6cec,Histone deacetylase 6,Histone deacetylase 6,PS50271,,
6ced,Histone deacetylase 6,Histone deacetylase 6,PS50271,,
6cee,Histone deacetylase 6,Histone deacetylase 6,PS50271,,
6cef,Histone deacetylase 6,Histone deacetylase 6,PS50271,,
6cme,RHOMBOTIN-2,"Fusion of LIM/homeobox protein Lhx4, linker, Insulin gene enhancer protein ISL-2",PS00478,PS50023,
6cvw,"Non-structural protein 4A, Serine protease NS3",NS3 protease,PS51822,,
6cvx,"Non-structural protein 4A, Serine protease NS3",NS3 protease,PS51822,,
6cvy,"Non-structural protein 4A, Serine protease NS3",NS3 protease,PS51822,,
6diq,NS3 protease,"NS3 protease, NS4A protein",PS51822,,
6dir,NS3 protease,"NS3 protease, NS4A protein",PS51822,,
6dis,NS3 protease,"NS3 protease, NS4A protein",PS51822,,
6dit,NS3 protease,"NS3 protease, NS4A protein",PS51822,,
6diu,NS3 protease,"NS3 protease, NS4A protein",PS51822,,
6div,NS3/4A protease,"NS3 protease, NS4A protein",PS51822,,
6diw,NS3/4A protease,"NS3 protease, NS4A protein",PS51822,,
6dxh,Ubiquitin carboxyl-terminal hydrolase 5,Ubiquitin carboxyl-terminal hydrolase 5,PS50271,,
6dxt,Ubiquitin carboxyl-terminal hydrolase 5,Ubiquitin carboxyl-terminal hydrolase 5,PS50271,,
6eiu,LYSINE-SPECIFIC DEMETHYLASE 5B,LYSINE-SPECIFIC DEMETHYLASE 5B,PS51183,PS51184,
6ete,Lysine-specific demethylase 4D,JmjC domain-containing histone demethylation protein 3D,PS51183,PS51184,
6etg,Lysine-specific demethylase 4D,JmjC domain-containing histone demethylation protein 3D,PS51183,PS51184,
6ets,Lysine-specific demethylase 4D,JmjC domain-containing histone demethylation protein 3D,PS51183,PS51184,
6ett,Lysine-specific demethylase 4D,JmjC domain-containing histone demethylation protein 3D,PS51183,PS51184,
6etu,Lysine-specific demethylase 4D,JmjC domain-containing histone demethylation protein 3D,PS51183,PS51184,
6etv,Lysine-specific demethylase 4D,JmjC domain-containing histone demethylation protein 3D,PS51183,PS51184,
6etw,Lysine-specific demethylase 4D,JmjC domain-containing histone demethylation protein 3D,PS51183,PS51184,
6f5q,Lysine-specific demethylase 4D,JmjC domain-containing histone demethylation protein 3D,PS51183,PS51184,
6f5r,LYSINE-SPECIFIC DEMETHYLASE 4D,JmjC domain-containing histone demethylation protein 3D,PS51183,PS51184,
6f5s,Lysine-specific demethylase 4D,JmjC domain-containing histone demethylation protein 3D,PS51183,PS51184,
6f5t,LYSINE-SPECIFIC DEMETHYLASE 4D,JmjC domain-containing histone demethylation protein 3D,PS51183,PS51184,
6ff9,Cellular tumor antigen p53,CELLULAR TUMOR ANTIGEN P53,PS00348,,
6fhq,Bromodomain adjacent to zinc finger domain protein 2A,Bromodomain adjacent to zinc finger domain protein 2B,ZF_PHD_2,,
6fhu,Bromodomain adjacent to zinc finger domain protein 2A,Bromodomain adjacent to zinc finger domain protein 2A,ZF_PHD_2,,
6fi0,Bromodomain adjacent to zinc finger domain protein 2A,Bromodomain adjacent to zinc finger domain protein 2A,ZF_PHD_2,,
6fkp,Bromodomain adjacent to zinc finger domain protein 2A,Bromodomain adjacent to zinc finger domain protein 2A,ZF_PHD_2,,
6fmn,Queuine tRNA-ribosyltransferase,TRNA-GUANINE TRANSGLYCOSYLASE,,,
6fpu,Queuine tRNA-ribosyltransferase,TRNA-GUANINE TRANSGLYCOSYLASE,,,
6fso,Queuine tRNA-ribosyltransferase,TRNA-GUANINE TRANSGLYCOSYLASE,,,
6g5n,Nuclear autoantigen Sp-100,Nuclear autoantigen Sp-100,ZF_PHD_2,ZF_PHD_1,PS50014
6g5p,Nuclear autoantigen Sp-100,Nuclear autoantigen Sp-100,ZF_PHD_2,ZF_PHD_1,PS50014
6g5w,JmjC domain-containing histone demethylation protein 3A,JmjC domain-containing histone demethylation protein 3A,PS51183,PS51184,
6g5x,JmjC domain-containing histone demethylation protein 3A,JmjC domain-containing histone demethylation protein 3A,PS51183,PS51184,
6ggb,CELLULAR TUMOR ANTIGEN P53,CELLULAR TUMOR ANTIGEN P53,,,
6ggc,CELLULAR TUMOR ANTIGEN P53,CELLULAR TUMOR ANTIGEN P53,,,
6ggd,CELLULAR TUMOR ANTIGEN P53,CELLULAR TUMOR ANTIGEN P53,,,
6gge,CELLULAR TUMOR ANTIGEN P53,CELLULAR TUMOR ANTIGEN P53,,,
6ggf,CELLULAR TUMOR ANTIGEN P53,CELLULAR TUMOR ANTIGEN P53,,,
6gjw,E3 ubiquitin-protein ligase XIAP,E3 ubiquitin-protein ligase XIAP,PS50143,PS01282,
6glc,E3 ubiquitin-protein ligase parkin,E3 ubiquitin-protein ligase parkin,PS50053,PS00299,PS51873
6h0w,Lysine-specific demethylase 4D,JmjC domain-containing histone demethylation protein 3D,PS51183,PS51184,
6h0x,Lysine-specific demethylase 4D,JmjC domain-containing histone demethylation protein 3D,PS51183,PS51184,
6h0y,Lysine-specific demethylase 4D,JmjC domain-containing histone demethylation protein 3D,PS51183,PS51184,
6h0z,Lysine-specific demethylase 4D,JmjC domain-containing histone demethylation protein 3D,PS51183,PS51184,
6h10,Lysine-specific demethylase 4D,JmjC domain-containing histone demethylation protein 3D,PS51183,PS51184,
6h11,Lysine-specific demethylase 4D,JmjC domain-containing histone demethylation protein 3D,PS51183,PS51184,
6h7c,Queuine tRNA-ribosyltransferase,Queuine tRNA-ribosyltransferase,,,
6h8p,JmjC domain-containing histone demethylation protein 3A,JmjC domain-containing histone demethylation protein 3A,PS51183,PS51184,
6hat,ORF57,mRNA export factor ICP27 homolog,,,
6hau,ORF57,mRNA export factor ICP27 homolog,,,
6hpr,Ubiquitin-conjugating enzyme E2 D2,Ubiquitin-conjugating enzyme E2 D2,ZF_RING_2,PS50053,PS50127; PS00299
6ieu,Transcription intermediary factor 1-alpha,Tripartite motif-containing protein 66,ZF_PHD_2,ZF_PHD_1,PS50014
6iiw,E3 ubiquitin-protein ligase UHRF1,E3 ubiquitin-protein ligase UHRF1,ZF_PHD_2,ZF_PHD_1,ZF_RING_2
6jdh,N-acetylmannosamine kinase,N-acetylmannosamine kinase,,,
6jwh,Nuclear protein localization protein 4,Nuclear protein localization protein 4,PS50249,,
6jwj,Nuclear protein localization protein 4,Nuclear protein localization protein 4,PS50249,,
6kc5,E3 ubiquitin-protein ligase RNF31,E3 ubiquitin-protein ligase RNF31,ZF_RING_1,PS51873,
6kgi,E3 ubiquitin-protein ligase UBR1,E3 ubiquitin-protein ligase UBR1,PS51157,,
6kro,Tankyrase-2,Tankyrase-2,PS51059,,
6l5t,Polyprotein,Polyprotein,PS51124,PS51944,
6lqe,AT-rich interactive domain-containing protein 4,AT-rich interactive domain-containing protein 4,,,
6lqf,AT-rich interactive domain-containing protein 4,AT-rich interactive domain-containing protein 4,PS51011,,
6lrc,Cyclic GMP-AMP synthase,Cyclic GMP-AMP synthase,,,
6lsb,Histone H3.2,Histone H3.2,ZF_PHD_2,ZF_PHD_1,PS00322
6m2d,Isoform 4 of E3 ubiquitin-protein ligase MGRN1,Mitochondrial ubiquitin ligase activator of NFKB 1,ZF_RING_2,,
6mdw,SprT-like domain-containing protein Spartan,SprT-like domain-containing protein Spartan,PS00142,,
6mdx,SprT-like domain-containing protein Spartan,SprT-like domain-containing protein Spartan,PS00142,,
6mlc,"[histone H3]-lysine(4) N-methyltransferase,Histone-lysine N-methyltransferase 2D","[histone H3]-lysine(4) N-methyltransferase,Histone-lysine N-methyltransferase 2D",ZF_PHD_2,PS00047,
6mm1,,,,,
6nft,Ubiquitin carboxyl-terminal hydrolase 5,Ubiquitin carboxyl-terminal hydrolase 5,PS50271,,
6noz,papain-like protease 2,papain-like protease 2,PS51124,,
6o9o,Histone-lysine N-methyltransferase SMYD3,Histone-lysine N-methyltransferase SMYD3,SET,ZF_MYND_1,ZF_MYND_2; PS51574
6oin,Histone acetyltransferase KAT8,Histone acetyltransferase KAT8,PS51726,,
6oio,Histone acetyltransferase KAT8,Histone acetyltransferase KAT8,PS51726,,
6oip,Histone acetyltransferase KAT8,Histone acetyltransferase KAT8,PS51726,,
6oiq,Histone acetyltransferase KAT8,Histone acetyltransferase KAT8,PS51726,,
6owh,Histone acetyltransferase KAT8,Histone acetyltransferase KAT8,PS51726,,
6owi,Histone acetyltransferase KAT8,Histone acetyltransferase KAT8,PS51726,,
6p6g,Histone-lysine N-methyltransferase SMYD3,Histone-lysine N-methyltransferase SMYD3,SET,ZF_MYND_1,ZF_MYND_2; PS51574
6p6k,Histone-lysine N-methyltransferase SMYD3,Histone-lysine N-methyltransferase SMYD3,SET,ZF_MYND_1,ZF_MYND_2; PS51574
6p6l,NS3/4A,"NS3 protease, NS4A protein",PS51822,,
6p6r,"Non-structural protein 4A,Serine protease NS3","Non-structural protein 4A,Serine protease NS3",PS51822,,
6p6v,"Non-structural protein 4A, Serine protease NS3","Non-structural protein 4A, Serine protease NS3",PS51822,,
6p7z,Histone-lysine N-methyltransferase SMYD3,Histone-lysine N-methyltransferase SMYD3,SET,ZF_MYND_1,ZF_MYND_2; PS51574
6paf,Histone-lysine N-methyltransferase SMYD3,Histone-lysine N-methyltransferase SMYD3,SET,ZF_MYND_1,ZF_MYND_2; PS51574
6pdc,Histone acetyltransferase KAT8,Histone acetyltransferase KAT8,PS51726,,
6pdg,Histone acetyltransferase KAT8,Histone acetyltransferase KAT8,PS51726,,
6piw,NS3/4A protease,NS3 protease,PS51822,,
6pix,NS3 protease,NS3 protease,PS51822,,
6piy,NS3/4A protease,"NS3 protease, NS4A protein",PS51822,,
6piz,NS3/4A protease,NS3/4A protease,PS51822,,
6pj1,NS3/4A protease,NS3/4A protease,PS51822,,
6qxu,Tankyrase-1,Tankyrase-1,PS51059,,
6rkq,Queuine tRNA-ribosyltransferase,TRNA-GUANINE TRANSGLYCOSYLASE,,,
6rkt,Queuine tRNA-ribosyltransferase,TRNA-GUANINE TRANSGLYCOSYLASE,,,
6shz,CELLULAR TUMOR ANTIGEN P53,CELLULAR TUMOR ANTIGEN P53,,,
6si0,CELLULAR TUMOR ANTIGEN P53,CELLULAR TUMOR ANTIGEN P53,,,
6si1,CELLULAR TUMOR ANTIGEN P53,CELLULAR TUMOR ANTIGEN P53,,,
6si2,Cellular tumor antigen p53,Cellular tumor antigen p53,,,
6si3,Cellular tumor antigen p53,Cellular tumor antigen p53,,,
6si4,Cellular tumor antigen p53,Cellular tumor antigen p53,,,
6siw,AMP-dependent synthetase and ligase,AMP-dependent synthetase and ligase,,,
6six,PaaK-like ligase (AMP-dependent synthetase and ligase),PaaK-like ligase (AMP-dependent synthetase and ligase),,,
6siy,PaaK-like ligase (AMP-dependent synthetase and ligase),PaaK-like ligase (AMP-dependent synthetase and ligase),,,
6siz,PaaK-like ligase (AMP-dependent synthetase and ligase),PaaK-like ligase (AMP-dependent synthetase and ligase),,,
6sl6,Cellular tumor antigen p53,Cellular tumor antigen p53,PS00348,,
6tly,,,ZINC_FINGER_C2H2_2,,
6tse,Tyrosine-protein kinase BTK,BRUTON'S TYROSINE KINASE,PS50003,PS51113,
6tt2,Tyrosine-protein kinase BTK,BRUTON'S TYROSINE KINASE,PS50003,PS51113,
6ue3,NS3/4A protease,"NS3 protease, NS4A protein",PS51822,,
6uwa,Protein kinase C beta type,Protein kinase C beta type,PS00479,PS50081,PS50004
6v9p,TniQ,transposition protein TniQ,,,
6vdl,"NS3 protease, NS4A protein","Non-structural protein 4A, Serine protease NS3",PS51822,,
6vdm,"NS3 protease, NS4A protein",NS3 protease,PS51822,,
6w4h,Non-structural protein 10,Non-structural protein 10,PS51952,PS51955,
6w61,2'-O-methyltransferase nsp16,nsp16,PS51952,PS51955,
6w75,Non-structural protein 10,Non-structural protein 10,PS51952,PS51955,
6w7z,E3 ubiquitin-protein ligase RLIM,E3 ubiquitin-protein ligase RLIM,ZF_RING_2,PS50127,PS00183
6wi7,Polycomb complex protein BMI-1,"E3 ubiquitin-protein ligase RING2,Polycomb complex protein BMI-1 chimera",ZF_RING_2,ZF_RING_1,
6wjt,Non-structural protein 10,Non-structural protein 10,PS51952,PS51955,
6wkq,Non-structural protein 10,Non-structural protein 10,PS51952,PS51955,
6wnz,"Minichromosome maintenance protein MCM,DNA helicase",Minichromosome maintenance protein MCM,,,
6wvn,Non-structural protein 10,Non-structural protein 10,PS51952,PS51955,
6x9j,DNA (cytosine-5)-methyltransferase 1,DNA (cytosine-5)-methyltransferase 1,PS51038,PS00094,PS00095; PS51679
6xi7,RAF proto-oncogene serine/threonine-protein kinase,RAF proto-oncogene serine/threonine-protein kinase,PS00479,PS50081,PS50898; PS51421
6y2x,Probable E3 ubiquitin-protein ligase DTX2,Probable E3 ubiquitin-protein ligase DTX2,ZF_RING_2,,
6y5n,Probable E3 ubiquitin-protein ligase DTX2,E3 ubiquitin-protein ligase DTX1,ZF_RING_2,,
6y5p,Probable E3 ubiquitin-protein ligase DTX2,E3 ubiquitin-protein ligase DTX1,ZF_RING_2,,
6yfw,Queuine tRNA-ribosyltransferase,Queuine tRNA-ribosyltransferase,,,
6yfx,Queuine tRNA-ribosyltransferase,Queuine tRNA-ribosyltransferase,,,
6ygk,Queuine tRNA-ribosyltransferase,Queuine tRNA-ribosyltransferase,,,
6ygl,Queuine tRNA-ribosyltransferase,Queuine tRNA-ribosyltransferase,,,
6ygm,Queuine tRNA-ribosyltransferase,Queuine tRNA-ribosyltransferase,,,
6ygo,Queuine tRNA-ribosyltransferase,Queuine tRNA-ribosyltransferase,,,
6ygp,Queuine tRNA-ribosyltransferase,Queuine tRNA-ribosyltransferase,,,
6ygr,Queuine tRNA-ribosyltransferase,Queuine tRNA-ribosyltransferase,,,
6ygs,Queuine tRNA-ribosyltransferase,Queuine tRNA-ribosyltransferase,,,
6ygu,Red1,Red1,,,
6ygv,Queuine tRNA-ribosyltransferase,Queuine tRNA-ribosyltransferase,,,
6ygw,Queuine tRNA-ribosyltransferase,Queuine tRNA-ribosyltransferase,,,
6ygx,Queuine tRNA-ribosyltransferase,Queuine tRNA-ribosyltransferase,,,
6ygy,Queuine tRNA-ribosyltransferase,Queuine tRNA-ribosyltransferase,,,
6ygz,Queuine tRNA-ribosyltransferase,Queuine tRNA-ribosyltransferase,,,
6yh1,Queuine tRNA-ribosyltransferase,Queuine tRNA-ribosyltransferase,,,
6yh2,Queuine tRNA-ribosyltransferase,Queuine tRNA-ribosyltransferase,,,
6yh3,Queuine tRNA-ribosyltransferase,Queuine tRNA-ribosyltransferase,,,
6yhd,Queuine tRNA-ribosyltransferase,Queuine tRNA-ribosyltransferase,,,
6yhe,Queuine tRNA-ribosyltransferase,Queuine tRNA-ribosyltransferase,,,
6yif,Inner centromere protein,Inner centromere protein,PS50143,,
6yiq,Queuine tRNA-ribosyltransferase,Queuine tRNA-ribosyltransferase,,,
6yry,Queuine tRNA-ribosyltransferase,Queuine tRNA-ribosyltransferase,,,
6yuh,SET and MYND domain-containing protein 3,SET and MYND domain-containing protein 3,SET,ZF_MYND_1,ZF_MYND_2; PS51574
6yyf,Tyrosine-protein kinase BTK,BRUTON'S TYROSINE KINASE,PS50003,PS51113,
6yyg,Tyrosine-protein kinase BTK,TYROSINE-PROTEIN KINASE BTK,PS50003,PS51113,
6yyz,Queuine tRNA-ribosyltransferase,Queuine tRNA-ribosyltransferase,,,
6z0d,Queuine tRNA-ribosyltransferase,Queuine tRNA-ribosyltransferase,,,
6zhl,Small ribosomal subunit biogenesis GTPase RsgA,Small ribosomal subunit biogenesis GTPase RsgA,PS50936,PS51721,PS00675
6znc,Cellular tumor antigen p53,PROTEIN (P53 TUMOR SUPPRESSOR),PS00348,,
6zpe,Non-structural protein 10,nsp10,PS51952,,
6zrb,Histone-lysine N-methyltransferase SMYD3,Histone-lysine N-methyltransferase SMYD3,SET,ZF_MYND_1,ZF_MYND_2; PS51574
6zsl,SARS-CoV-2 helicase NSP13,SARS-CoV-2 helicase NSP13,PS51657,PS51653,
7a0b,Queuine tRNA-ribosyltransferase,Queuine tRNA-ribosyltransferase,,,
7a3v,Queuine tRNA-ribosyltransferase,Queuine tRNA-ribosyltransferase,,,
7a3x,Queuine tRNA-ribosyltransferase,Queuine tRNA-ribosyltransferase,,,
7a4k,Queuine tRNA-ribosyltransferase,Queuine tRNA-ribosyltransferase,,,
7a6d,Queuine tRNA-ribosyltransferase,Queuine tRNA-ribosyltransferase,,,
7a9e,Queuine tRNA-ribosyltransferase,Queuine tRNA-ribosyltransferase,,,
7adn,Queuine tRNA-ribosyltransferase,Queuine tRNA-ribosyltransferase,,,
7apl,Queuine tRNA-ribosyltransferase,Queuine tRNA-ribosyltransferase,,,
7apm,Queuine tRNA-ribosyltransferase,Queuine tRNA-ribosyltransferase,,,
7b2i,Queuine tRNA-ribosyltransferase catalytic subunit 1,Queuine tRNA-ribosyltransferase catalytic subunit 1,,,
7b47,Cellular tumor antigen p53,Cellular tumor antigen p53,PS00348,,
7b49,Cellular tumor antigen p53,Cellular tumor antigen p53,PS00348,,
7b4a,Cellular tumor antigen p53,Cellular tumor antigen p53,PS00348,,
7b4b,Cellular tumor antigen p53,Cellular tumor antigen p53,PS00348,,
7b4c,Cellular tumor antigen p53,Cellular tumor antigen p53,PS00348,,
7b4d,Cellular tumor antigen p53,Cellular tumor antigen p53,,,
7b4e,Cellular tumor antigen p53,Cellular tumor antigen p53,PS00348,,
7b4f,Cellular tumor antigen p53,Cellular tumor antigen p53,PS00348,,
7b4g,Cellular tumor antigen p53,Cellular tumor antigen p53,PS00348,,
7b4h,Cellular tumor antigen p53,PROTEIN (P53 TUMOR SUPPRESSOR),PS00348,,
7b4n,Cellular tumor antigen p53,PROTEIN (P53 TUMOR SUPPRESSOR),PS00348,,
7bj1,Histone-lysine N-methyltransferase SMYD3,Histone-lysine N-methyltransferase SMYD3,SET,ZF_MYND_1,ZF_MYND_2; PS51574
7by1,,,,,
7c42,CCHC-type domain-containing protein,CCHC-type domain-containing protein,PS50158,,
7c45,CCHC-type domain-containing protein,CCHC-type domain-containing protein,PS50158,,
7ce4,Tankyrase-2,Tankyrase-2,PS51059,,
7cq3,SLX4 isoform 1,SLX4 isoform 1,PS50164,,
7d0p,BRD1 protein,BRD1 protein,PS51726,,
7d0r,BRD1 protein,BRD1 protein,PS51726,,
7d86,PHD finger protein 14,PHD finger protein 14,ZF_PHD_2,ZF_PHD_1,PS51805
7d8a,PHD finger protein 14,PHD finger protein 14,ZF_PHD_2,ZF_PHD_1,PS51805
7dcn,Probable apo-citrate lyase phosphoribosyl-dephospho-CoA transferase,Probable apo-citrate lyase phosphoribosyl-dephospho-CoA transferase,,,
7dg2,EP300-interacting inhibitor of differentiation 3,EP300-interacting inhibitor of differentiation 3,PS50838,,
7dhz,Cellular tumor antigen p53,Cellular tumor antigen p53,,,
7ebj,E3 ubiquitin-protein ligase TRIM33,Tripartite motif-containing protein 66,ZF_PHD_2,ZF_PHD_1,PS50014
7ebk,E3 ubiquitin-protein ligase TRIM33,Tripartite motif-containing protein 66,ZF_PHD_2,ZF_PHD_1,PS50014; PS00322
7eds,Cellular tumor antigen p53,PROTEIN (P53 TUMOR SUPPRESSOR),PS00348,,
7eez,HB transcription factor,HB transcription factor,,,
7ef0,HB transcription factor,HB transcription factor,,,
7ef1,HB transcription factor,HB transcription factor,,,
7ef2,HB transcription factor,HB transcription factor,,,
7exm,Non-structural protein 2,Non-structural protein 2,PS51989,,
7fa1,Non-structural protein 2,Non-structural protein 2,PS51989,,
7fav,,,PS51889,,
7ftf,Cyclic GMP-AMP synthase,Cyclic GMP-AMP synthase,,,
7fti,Cyclic GMP-AMP synthase,Cyclic GMP-AMP synthase,,,
7ftj,Cyclic GMP-AMP synthase,Cyclic GMP-AMP synthase,,,
7ftm,Cyclic GMP-AMP synthase,Cyclic GMP-AMP synthase,,,
7ftr,Cyclic GMP-AMP synthase,Cyclic GMP-AMP synthase,,,
7ftu,Cyclic GMP-AMP synthase,Cyclic GMP-AMP synthase,,,
7ftv,Cyclic GMP-AMP synthase,Cyclic GMP-AMP synthase,,,
7fu3,Cyclic GMP-AMP synthase,Cyclic GMP-AMP synthase,,,
7fu4,Cyclic GMP-AMP synthase,Cyclic GMP-AMP synthase,,,
7fu8,Cyclic GMP-AMP synthase,Cyclic GMP-AMP synthase,,,
7fu9,Cyclic GMP-AMP synthase,Cyclic GMP-AMP synthase,,,
7fua,Cyclic GMP-AMP synthase,Cyclic GMP-AMP synthase,,,
7fub,Cyclic GMP-AMP synthase,Cyclic GMP-AMP synthase,,,
7fuf,Cyclic GMP-AMP synthase,Cyclic GMP-AMP synthase,,,
7fuh,Cyclic GMP-AMP synthase,Cyclic GMP-AMP synthase,,,
7fui,Cyclic GMP-AMP synthase,Cyclic GMP-AMP synthase,,,
7fuj,Cyclic GMP-AMP synthase,Cyclic GMP-AMP synthase,,,
7fuk,Cyclic GMP-AMP synthase,Cyclic GMP-AMP synthase,,,
7fur,Cyclic GMP-AMP synthase,Cyclic GMP-AMP synthase,,,
7h2t,Protease 2A,Protease 2A,,,
7h2y,Protease 2A,Protease 2A,,,
7h2z,Protease 2A,Protease 2A,,,
7h30,Protease 2A,Protease 2A,,,
7h33,Protease 2A,Protease 2A,,,
7h34,Protease 2A,Protease 2A,,,
7h35,Protease 2A,Protease 2A,,,
7h36,Protease 2A,Protease 2A,,,
7h38,Protease 2A,Protease 2A,,,
7h39,Protease 2A,Protease 2A,,,
7h3a,Protease 2A,Protease 2A,,,
7h3b,Protease 2A,Protease 2A,,,
7h3c,Protease 2A,Protease 2A,,,
7h3g,Protease 2A,Protease 2A,,,
7h3h,Protease 2A,Protease 2A,,,
7h3i,Protease 2A,Protease 2A,,,
7h3j,Protease 2A,Protease 2A,,,
7h3k,Protease 2A,Protease 2A,,,
7h3l,Protease 2A,Protease 2A,,,
7h3m,Protease 2A,Protease 2A,,,
7h3n,Protease 2A,Protease 2A,,,
7h3o,Protease 2A,Protease 2A,,,
7h3p,Protease 2A,Protease 2A,,,
7h3r,Protease 2A,Protease 2A,,,
7h3s,Protease 2A,Protease 2A,,,
7h3u,Protease 2A,Protease 2A,,,
7h3v,Protease 2A,Protease 2A,,,
7h3w,Protease 2A,Protease 2A,,,
7h3y,Protease 2A,Protease 2A,,,
7h3z,Protease 2A,Protease 2A,,,
7h40,Protease 2A,Protease 2A,,,
7h42,Protease 2A,Protease 2A,,,
7h43,Protease 2A,Protease 2A,,,
7h44,Protease 2A,Protease 2A,,,
7h46,Protease 2A,Protease 2A,,,
7h47,Protease 2A,Protease 2A,,,
7h48,Protease 2A,Protease 2A,,,
7h4a,Protease 2A,Protease 2A,,,
7h4b,Protease 2A,Protease 2A,,,
7h4c,Protease 2A,Protease 2A,,,
7h4e,Protease 2A,Protease 2A,,,
7h4g,Protease 2A,Protease 2A,,,
7h4h,Protease 2A,Protease 2A,,,
7h4j,Protease 2A,Protease 2A,,,
7h4k,Protease 2A,Protease 2A,,,
7h4l,Protease 2A,Protease 2A,,,
7h4m,Protease 2A,Protease 2A,,,
7h4p,Protease 2A,Protease 2A,,,
7h4r,Protease 2A,Protease 2A,,,
7h4s,Protease 2A,Protease 2A,,,
7h4t,Protease 2A,Protease 2A,,,
7h4u,Protease 2A,Protease 2A,,,
7h4z,Protease 2A,Protease 2A,,,
7h51,Protease 2A,Protease 2A,,,
7h52,Protease 2A,Protease 2A,,,
7h53,Protease 2A,Protease 2A,,,
7h54,Protease 2A,Protease 2A,,,
7h55,Protease 2A,Protease 2A,,,
7hoc,Protease 2A,Genome polyprotein,,,
7hoe,Protease 2A,Genome polyprotein,,,
7hof,Protease 2A,Genome polyprotein,,,
7hog,Protease 2A,Genome polyprotein,,,
7hoi,Protease 2A,Genome polyprotein,,,
7hzn,Protease 2A,Genome polyprotein,,,
7k95,Isoform 4 of Pre-mRNA 3'-end-processing factor FIP1,Isoform 4 of Pre-mRNA 3'-end-processing factor FIP1,PS50103,,
7kkm,Tankyrase-1,Poly [ADP-ribose] polymerase,PS51059,,
7kkn,Tankyrase-1,Poly [ADP-ribose] polymerase,PS51059,,
7kko,Tankyrase-1,Poly [ADP-ribose] polymerase,PS51059,,
7kkp,Tankyrase-1,Poly [ADP-ribose] polymerase,PS51059,,
7kkq,Tankyrase-1,Poly [ADP-ribose] polymerase,PS51059,,
7knd,Protein kinase C delta type,Protein kinase C delta type,PS00479,PS50081,
7knj,Protein kinase C delta type,Protein kinase C delta type,PS00479,PS50081,
7ko6,Protein kinase C delta type,Protein kinase C delta type,PS00479,PS50081,
7l6r,Non-structural protein 10,Non-structural protein 10,PS51952,PS51955,
7l6t,Non-structural protein 10,Non-structural protein 10,PS51952,PS51955,
7l7l,NS3/4A protease,"NS3 protease, NS4A protein",PS51822,,
7l7n,NS3/4A protease,NS3/4A protease,PS51822,,
7l7o,NS3/4A protease,"NS3 protease, NS4A protein",PS51822,,
7l7p,NS3/4A protease,"NS3 protease, NS4A protein",PS51822,,
7l92,Protein kinase C delta type,Protein kinase C delta type,PS00479,PS50081,
7lcb,Protein kinase C delta type,Protein kinase C delta type,PS00479,PS50081,
7leo,Protein kinase C delta type,Protein kinase C delta type,PS00479,PS50081,
7lf3,Protein kinase C delta type,Protein kinase C delta type,PS00479,PS50081,
7m10,Lysine-specific demethylase PHF2,Lysine-specific demethylase PHF2,ZF_PHD_2,ZF_PHD_1,PS01186
7mc5,Non-structural protein 10,Non-structural protein 10,PS51953,PS51952,
7mm2,NS3/4a protease,"NS3 protease, NS4A protein",PS51822,,
7mm3,NS3/4a protease,"NS3 protease, NS4A protein",PS51822,,
7mm4,NS3/4a protease,"NS3 protease, NS4A protein",PS51822,,
7mm5,NS3/4a protease,"NS3 protease, NS4A protein",PS51822,,
7mm6,NS3/4a protease,"NS3 protease, NS4A protein",PS51822,,
7mm7,NS3/4a protease,"NS3 protease, NS4A protein",PS51822,,
7mm8,NS3/4A,"NS3 protease, NS4A protein",PS51822,,
7mma,NS3/4a protease,"NS3 protease, NS4A protein",PS51822,,
7mmb,NS3/4A protease,"NS3 protease, NS4A protein",PS51822,,
7mmd,NS3/4A protease,"NS3 protease, NS4A protein",PS51822,,
7mme,NS3/4A protease,"NS3 protease, NS4A protein",PS51822,,
7mmf,NS3/4A protease,"NS3 protease, NS4A protein",PS51822,,
7mmg,NS3/4A protease,"NS3 protease, NS4A protein",,,
7mmh,NS3/4A protease,"NS3 protease, NS4A protein",,,
7mmi,NS3/4A protease,"NS3 protease, NS4A protein",,,
7mmj,NS3 protease,"NS3 protease, NS4A protein",,,
7mmk,NS3/4A protease,"NS3 protease, NS4A protein",,,
7mml,NS3/4A protease,"NS3 protease, NS4A protein",,,
7ms5,Ubiquitin carboxyl-terminal hydrolase 5,Ubiquitin carboxyl-terminal hydrolase 5,PS50271,,
7ms6,Ubiquitin carboxyl-terminal hydrolase 5,Ubiquitin carboxyl-terminal hydrolase 5,PS50271,,
7ms7,Ubiquitin carboxyl-terminal hydrolase 5,Ubiquitin carboxyl-terminal hydrolase 5,PS50271,,
7o2a,SET and MYND domain-containing protein 3,SET and MYND domain-containing protein 3,SET,ZF_MYND_1,ZF_MYND_2; PS51574
7o2c,SET and MYND domain-containing protein 3,SET and MYND domain-containing protein 3,SET,ZF_MYND_1,ZF_MYND_2; PS51574
7orr,Non-structural protein 10,nsp10,PS51952,,
7oru,Non-structural protein 10,nsp10,PS51952,,
7orv,Non-structural protein 10,nsp10,PS51952,,
7orw,Non-structural protein 10,nsp10,PS51952,,
7ov9,Queuine tRNA-ribosyltransferase accessory subunit 2,Queuine tRNA-ribosyltransferase accessory subunit 2,,,
7oxd,TniQ,TniQ (Homology model),,,
7pc6,Tumor protein 63,Tumor protein 63,,,
7q3z,Schlafen family member 12,Schlafen family member 5,,,
7qgi,Proofreading exoribonuclease nsp14,Proofreading exoribonuclease nsp14,PS51954,PS51953,
7qgj,E3 ubiquitin-protein ligase XIAP,APOPTOSIS INHIBITOR IAP HOMOLOG,PS50143,PS01282,
7qgs,CREB-binding protein,p300 protein,PS50134,,
7qlb,Histone-lysine N-methyltransferase SMYD3,Histone-lysine N-methyltransferase SMYD3,SET,ZF_MYND_1,ZF_MYND_2; PS51574
7qnr,Histone-lysine N-methyltransferase SMYD3,Histone-lysine N-methyltransferase SMYD3,SET,ZF_MYND_1,ZF_MYND_2; PS51574
7qnu,Histone-lysine N-methyltransferase SMYD3,Histone-lysine N-methyltransferase SMYD3,SET,ZF_MYND_1,ZF_MYND_2; PS51574
7sfc,DNA (cytosine-5)-methyltransferase 1,DNA (cytosine-5)-methyltransferase 1,PS51038,PS00094,PS00095; PS51679
7trl,Baculoviral IAP repeat-containing protein 2,Baculoviral IAP repeat-containing protein 2,PS50143,PS01282,
7tw7,Proofreading exoribonuclease nsp14,"Transcription factor ETV6,Proofreading exoribonuclease nsp14 chimera",PS51954,PS51433,
7tw8,Proofreading exoribonuclease nsp14,"Transcription factor ETV6,Proofreading exoribonuclease nsp14 chimera",PS51954,PS51433,
7tw9,Proofreading exoribonuclease nsp14,"Transcription factor ETV6,Proofreading exoribonuclease nsp14 chimera",PS51954,PS51433,
7uba,Meiosis-specific protein HOP1,Meiosis-specific protein HOP1,,,
7ult,Non-structural protein 10,Non-structural protein 10,PS51952,PS51955,
7vhz,Histone acetyltransferase p300,Histone acetyltransferase p300,PS51727,,
7w3r,Probable ubiquitin carboxyl-terminal hydrolase FAF-X,Ubiquitin carboxyl-terminal hydrolase 34,PS00972,PS00973,PS50235
7wuk,E3 ubiquitin-protein ligase PRT6,E3 ubiquitin-protein ligase,PS51157,,
7wul,E3 ubiquitin-protein ligase PRT6,E3 ubiquitin-protein ligase,PS51157,,
7wum,E3 ubiquitin-protein ligase PRT6,E3 ubiquitin-protein ligase,PS51157,,
7wun,E3 ubiquitin-protein ligase PRT6,E3 ubiquitin-protein ligase,PS51157,,
7xwe,E3 ubiquitin-protein ligase PRT6,E3 ubiquitin-protein ligase PRT6,PS51157,,
7xwf,E3 ubiquitin-protein ligase PRT6,E3 ubiquitin-protein ligase PRT6,PS51157,,
7xwg,E3 ubiquitin-protein ligase PRT6,E3 ubiquitin-protein ligase PRT6,PS51157,,
7y6y,E3 ubiquitin-protein ligase PRT6,E3 ubiquitin-protein ligase PRT6,PS51157,,
7y70,E3 ubiquitin-protein ligase PRT6,E3 ubiquitin-protein ligase PRT6,PS51157,,
7ymo,,,,,
7yuj,RanBP-type and C3HC4-type zinc finger-containing protein 1,RanBP-type and C3HC4-type zinc finger-containing protein 1,PS51873,,
7z71,DARPin 1238_G01,Darpin 27F3,PS00348,PS50088,PS50297
7z7e,DARPin1238_E11,Designed Ankyrin repeat protein F10,PS00348,PS50088,PS50297
