# # Once                                                         FEFF 10.0.0 
# # POT  SCF 100  9.0000   0, NO core-hole, FOLP (folp(0)= 1.150)
# # Abs   Z=30 Rmt= 1.380 Rnm= 1.522 K  shell
# #   RGRID 0.0100
# # Pot 1 Z= 6 Rmt= 0.895 Rnm= 1.120
# # Pot 2 Z= 6 Rmt= 0.930 Rnm= 1.168
# # Pot 3 Z= 1 Rmt= 0.548 Rnm= 0.953
# # Pot 4 Z=16 Rmt= 1.257 Rnm= 1.477
# # Gam_ch=1.897E+00 H-L exch Vi=-5.000E-01 Vr= 0.000E+00
# # Mu=-7.365E+00eV kf=1.981E+00 Vint=-1.308E+01eV Rs_int= 1.830
# # PATH  Rmax= 9.000,  Keep_limit= 0.00, Heap_limit 0.00  Pwcrit= 2.50%
#  S02=1.000  Temp=  10.00  Debye_temp= 315.00  Global_sig2= 0.00000
#  Energy zero shift, vr, vi    0.00000E+00   0.00000E+00
#  Curved wave amplitude ratio filter   4.000%
#     file         sig2 tot  cw amp ratio   deg  nlegs   reff  inp sig2
#           1       0.00291    100.00      1.00     2   2.3499
#           2       0.00307     98.80      1.00     2   2.3615
#           3       0.00312     97.55      1.00     2   2.3740
#           4       0.00311     97.37      1.00     2   2.3759
#           5       0.02083     17.15      1.00     2   2.8263
#           6       0.02701     13.61      1.00     2   3.1093
#           7       0.00570     48.81      1.00     2   3.1114
#           8       0.02158     13.49      1.00     2   3.1203
#           9       0.02307     13.40      1.00     2   3.1295
#          10       0.00568     42.98      1.00     2   3.2742
#          11       0.00547     41.16      1.00     2   3.3314
#          12       0.00611     41.16      1.00     2   3.3315
#          13       0.02961     10.48      1.00     2   3.4600
#          14       0.01027     23.24      2.00     3   3.5154
#          15       0.02451      9.84      1.00     2   3.5497
#          16       0.00393     51.00      2.00     3   3.6491
#          17       0.02278      9.03      1.00     2   3.6749
#          18       0.00401     49.84      2.00     3   3.7245
#          19       0.01132     15.56      2.00     3   3.7484
#          20       0.01324     16.97      2.00     3   3.7668
#          21       0.00411     47.87      2.00     3   3.7691
#          22       0.00427     47.87      2.00     3   3.7689
#          23       0.01059     16.63      2.00     3   3.7722
#          24       0.01381      9.80      2.00     3   3.7933
#          25       0.03670      8.32      1.00     2   3.7983
#          26       0.01446     13.70      2.00     3   3.8323
#          27       0.01781     13.53      1.00     4   3.9194
#          28       0.01471      9.18      2.00     3   3.9420
#          29       0.01456      9.07      2.00     3   3.9465
#          30       0.01618      9.02      2.00     3   3.9468
#          31       0.01280     11.38      2.00     3   3.9586
#          32       0.01938      5.43      2.00     3   4.0211
#          33       0.01229     11.84      2.00     3   4.0500
#          35       0.01531      8.31      2.00     3   4.1158
#          36       0.01085     23.62      1.00     2   4.1504
#          37       0.01489      8.21      2.00     3   4.1573
#          38       0.00439     18.50      1.00     4   4.1747
#          39       0.00445     21.62      1.00     4   4.1867
#          40       0.01544      6.49      1.00     2   4.1966
#          42       0.02376     10.70      1.00     4   4.2021
#          44       0.01084      4.76      1.00     4   4.2047
#          45       0.00458     16.67      1.00     4   4.2062
#          46       0.00459     16.69      1.00     4   4.2067
#          48       0.01743     10.59      1.00     4   4.2131
#          49       0.01874      4.68      2.00     3   4.2190
#          50       0.01872     10.40      1.00     4   4.2226
#          51       0.01445      7.92      2.00     3   4.2316
#          52       0.01761      6.98      2.00     4   4.2364
#          53       0.00417     11.34      2.00     3   4.2485
#          54       0.00415     11.21      2.00     3   4.2605
#          55       0.01816      4.57      2.00     3   4.2759
#          56       0.00437     11.81      2.00     3   4.2977
#          57       0.00452     11.64      2.00     3   4.3096
#          58       0.01191     23.86      2.00     3   4.3108
#          59       0.00440     12.92      2.00     3   4.3121
#          60       0.00431     13.38      2.00     3   4.3463
#          62       0.01180      8.64      2.00     4   4.3700
#          64       0.01057      6.84      2.00     4   4.4088
#          65       0.01000      4.23      1.00     4   4.4250
#          66       0.01125     24.43      1.00     4   4.4249
#          67       0.01719      6.07      2.00     4   4.4328
#          69       0.01256     10.58      2.00     3   4.4826
#          70       0.00585     19.33      1.00     2   4.4831
#          71       0.01051      7.72      2.00     4   4.4876
#          72       0.00936      5.31      2.00     4   4.4882
#          73       0.01667      5.89      2.00     4   4.4908
#          74       0.00615     22.08      2.00     3   4.5013
#          75       0.02014     11.19      2.00     3   4.5210
#          76       0.01881      4.21      2.00     3   4.5311
#          77       0.00539     61.58      2.00     3   4.5529
#          78       0.01769      7.63      1.00     4   4.5533
#          79       0.00938      4.40      2.00     4   4.5662
#          80       0.00960     21.67      2.00     4   4.5968
#          81       0.00660      6.93      2.00     3   4.6062
#          82       0.00949      4.90      2.00     4   4.6067
#          83       0.01494      6.34      2.00     5   4.6087
#          84       0.01241     18.41      2.00     5   4.6085
#          85       0.00583     65.49      1.00     4   4.6227
#          87       0.02835      5.05      1.00     2   4.6336
#          88       0.01817      7.25      1.00     4   4.6429
#          89       0.01679      8.67      2.00     4   4.6452
#          91       0.00569     17.47      1.00     2   4.6588
#          92       0.00601     17.97      2.00     3   4.6763
#          93       0.00592     17.08      1.00     2   4.6991
#          94       0.00582     12.03      1.00     4   4.6997
#          95       0.01175      7.40      2.00     3   4.7071
#          96       0.00870      6.02      2.00     3   4.7099
#          97       0.00477      5.84      2.00     4   4.7114
#          98       0.00615     11.74      1.00     4   4.7231
#          99       0.00553     56.03      2.00     3   4.7243
#         101       0.00459      6.72      2.00     4   4.7257
#         102       0.00835     10.76      2.00     3   4.7269
#         103       0.02847      4.78      1.00     2   4.7331
#         104       0.00475      4.34      2.00     4   4.7356
#         106       0.00972      5.54      2.00     5   4.7424
#         107       0.02021      5.28      2.00     4   4.7460
#         108       0.00625     11.44      1.00     4   4.7480
#         109       0.01005     17.77      2.00     4   4.7481
#         110       0.00497      4.24      2.00     4   4.7499
#         111       0.00622     11.39      1.00     4   4.7517
#         112       0.01420      4.65      1.00     4   4.7686
#         113       0.01761      6.61      1.00     4   4.7685
#         114       0.00547     51.58      2.00     3   4.7760
#         115       0.00628     59.54      1.00     4   4.7898
#         116       0.00843     21.60      2.00     4   4.7967
#         118       0.00479     22.47      2.00     3   4.8159
#         121       0.01504      4.60      2.00     5   4.8417
#         122       0.02563      4.51      1.00     2   4.8424
#         123       0.02454      4.49      1.00     2   4.8508
#         124       0.00636      9.31      1.00     4   4.8522
#         125       0.00606     53.83      1.00     4   4.8529
#         126       0.01909     12.52      2.00     5   4.8602
#         127       0.00949      5.22      2.00     5   4.8627
#         128       0.00944     40.29      2.00     5   4.8622
#         129       0.01477      5.26      2.00     5   4.8659
#         130       0.01202      9.40      2.00     4   4.8719
#         131       0.00450     43.27      2.00     4   4.8857
#         132       0.00485     29.21      2.00     3   4.8885
#         133       0.03809      6.73      1.00     4   4.8916
#         134       0.01873     12.58      2.00     5   4.9257
#         135       0.00639      8.84      1.00     4   4.9366
#         136       0.01214      8.32      2.00     4   4.9365
#         137       0.00553      9.51      2.00     4   4.9386
#         138       0.00507     27.01      2.00     3   4.9422
#         139       0.01718      7.74      2.00     3   4.9515
#         140       0.00450     52.18      2.00     4   4.9540
#         141       0.01133     13.36      2.00     4   4.9569
#         142       0.00886      8.34      2.00     3   4.9719
#         143       0.01903     10.82      2.00     3   4.9882
#         144       0.01986      4.18      1.00     2   4.9891
#         145       0.00854      8.46      2.00     3   4.9906
#         146       0.02193      6.21      2.00     3   4.9986
#         148       0.03676     12.97      1.00     6   5.0126
#         151       0.00467     46.59      2.00     4   5.0191
#         153       0.00508      9.65      2.00     4   5.0272
#         154       0.01128     30.41      2.00     5   5.0267
#         155       0.01514      4.68      2.00     5   5.0320
#         156       0.00969     17.61      2.00     5   5.0341
#         157       0.00919     18.32      2.00     4   5.0374
#         159       0.00912      5.81      2.00     3   5.0472
#         160       0.01831      4.05      1.00     2   5.0491
#         161       0.01727     10.50      2.00     5   5.0518
#         162       0.01446      8.82      2.00     4   5.0580
#         163       0.00869     17.45      2.00     4   5.0675
#         164       0.00745      5.03      2.00     3   5.0695
#         165       0.02348      6.34      2.00     3   5.0724
#         166       0.01854      6.18      2.00     4   5.0808
#         167       0.02200      8.39      2.00     3   5.0878
#         168       0.00464     34.85      2.00     4   5.0906
#         169       0.00642      8.82      1.00     4   5.0991
#         170       0.01447      4.91      2.00     3   5.1049
#         171       0.01615      6.28      2.00     3   5.1160
#         172       0.01501     14.72      2.00     3   5.1173
#         173       0.01239     17.72      2.00     4   5.1170
#         174       0.00525     15.13      1.00     4   5.1182
#         175       0.02238      7.25      2.00     3   5.1221
#         177       0.00765      4.94      2.00     3   5.1398
#         178       0.01710      7.38      2.00     3   5.1430
#         179       0.01722     10.82      2.00     5   5.1436
#         180       0.02156      6.94      2.00     3   5.1454
#         181       0.01458      5.14      2.00     6   5.1464
#         183       0.00541      7.56      1.00     4   5.1487
#         184       0.00476     83.98      2.00     5   5.1604
#         185       0.01541     10.31      2.00     3   5.1616
#         186       0.00641      8.51      1.00     4   5.1623
#         187       0.00688      8.50      1.00     4   5.1637
#         188       0.01724      6.79      2.00     3   5.1704
#         189       0.00468     39.82      2.00     4   5.1745
#         190       0.01141     13.58      2.00     4   5.1748
#         191       0.02171      9.38      2.00     4   5.1762
#         193       0.00865      5.62      2.00     3   5.1803
#         194       0.00549     13.37      1.00     4   5.1854
#         195       0.00665      5.42      2.00     3   5.1876
#         196       0.01223     11.29      2.00     4   5.1985
#         197       0.01645      6.19      2.00     5   5.2007
#         199       0.02073     10.18      2.00     3   5.2028
#         201       0.00487     37.41      2.00     4   5.2137
#         202       0.01168     11.08      2.00     4   5.2169
#         203       0.02151     12.13      2.00     3   5.2218
#         204       0.01526     11.31      2.00     3   5.2238
#         205       0.00498     89.78      2.00     5   5.2400
#         206       0.01477      7.53      2.00     3   5.2425
#         207       0.01728      6.81      1.00     4   5.2433
#         208       0.01332     14.38      1.00     4   5.2454
#         209       0.01061     16.28      2.00     4   5.2458
#         210       0.00823      5.05      2.00     3   5.2631
#         211       0.01266     27.15      2.00     5   5.2640
#         212       0.00944      4.73      1.00     6   5.2678
#         215       0.01443      9.27      1.00     4   5.2708
#         216       0.01502      7.50      1.00     4   5.2741
#         217       0.01287     10.84      2.00     4   5.2738
#         218       0.00965      5.25      1.00     6   5.2798
#         220       0.01586      8.85      2.00     3   5.2818
#         221       0.01241     12.19      2.00     5   5.2874
#         222       0.00566     18.91      2.00     5   5.2895
#         223       0.00913      6.92      2.00     5   5.2897
#         224       0.00509     83.48      2.00     5   5.2906
#         225       0.01546      4.21      2.00     6   5.2919
#         227       0.01189     25.69      2.00     5   5.2938
#         228       0.01741      4.18      2.00     4   5.2956
#         230       0.01817      9.25      2.00     6   5.2975
#         231       0.02167      4.30      1.00     6   5.2980
#         232       0.00928      6.34      1.00     6   5.2989
#         233       0.00918      5.71      1.00     6   5.2995
#         234       0.00993     18.19      1.00     6   5.2996
#         236       0.01286      4.66      2.00     3   5.3012
#         238       0.02158     11.58      2.00     3   5.3039
#         239       0.01514      4.72      2.00     6   5.3036
#         241       0.01206      9.11      2.00     5   5.3092
#         242       0.01105      8.98      2.00     3   5.3129
#         243       0.01605     13.10      2.00     4   5.3153
#         244       0.01991      5.50      2.00     4   5.3166
#         245       0.01580      5.36      2.00     4   5.3165
#         246       0.01319      4.35      2.00     3   5.3173
#         247       0.02410     10.41      1.00     4   5.3179
#         248       0.02164      4.38      2.00     3   5.3216
#         249       0.02397      4.67      1.00     4   5.3248
#         250       0.01590      6.65      2.00     5   5.3252
#         251       0.01279      8.56      2.00     4   5.3275
#         252       0.02255      7.13      2.00     6   5.3297
#         253       0.05817      7.17      2.00     6   5.3295
#         254       0.02253      4.38      2.00     3   5.3339
#         255       0.01315      9.46      2.00     4   5.3391
#         256       0.01937      5.49      2.00     4   5.3397
#         257       0.01022     15.00      2.00     4   5.3400
#         258       0.00921      9.39      2.00     5   5.3406
#         259       0.02519      4.64      2.00     3   5.3413
#         260       0.02225      5.48      2.00     4   5.3416
#         261       0.01403     28.62      2.00     5   5.3437
#         262       0.01566      8.64      2.00     3   5.3559
#         263       0.02411      7.38      1.00     4   5.3566
#         264       0.00631     15.60      2.00     3   5.3579
#         266       0.01178      5.11      2.00     4   5.3619
#         268       0.01150     12.34      2.00     4   5.3668
#         269       0.01148      8.09      2.00     4   5.3711
#         270       0.01150     14.97      2.00     4   5.3707
#         271       0.01134     10.57      2.00     3   5.3776
#         272       0.01598     13.74      2.00     4   5.3780
#         273       0.01593      7.61      2.00     4   5.3800
#         274       0.01117     14.06      2.00     4   5.3827
#         275       0.01150     11.89      2.00     4   5.3942
#         276       0.02419      9.88      1.00     4   5.3989
#         279       0.02121      4.61      2.00     4   5.4033
#         281       0.00471     42.92      2.00     5   5.4042
#         282       0.02212     20.15      2.00     5   5.4041
#         283       0.02394      5.31      2.00     4   5.4085
#         284       0.01237      9.88      2.00     4   5.4086
#         286       0.01507     10.64      2.00     3   5.4189
#         287       0.01119      4.01      2.00     4   5.4196
#         289       0.01563      4.34      2.00     4   5.4229
#         290       0.00482     27.82      2.00     5   5.4234
#         291       0.01054     17.40      2.00     4   5.4246
#         292       0.01060     12.75      2.00     4   5.4254
#         293       0.01001      7.58      2.00     5   5.4282
#         297       0.01469      8.99      1.00     4   5.4375
#         298       0.01513      5.86      1.00     4   5.4380
#         300       0.01117      7.15      2.00     3   5.4388
#         301       0.00633     10.95      2.00     3   5.4452
#         302       0.01147     15.12      2.00     4   5.4474
#         303       0.01299      4.04      2.00     4   5.4493
#         304       0.01618      6.15      2.00     4   5.4501
#         305       0.01613     13.32      2.00     4   5.4509
#         306       0.01657      4.73      2.00     4   5.4554
#         307       0.00494     39.82      2.00     5   5.4568
#         308       0.00972      7.22      2.00     5   5.4600
#         309       0.01503     10.10      2.00     3   5.4615
#         310       0.00669     17.09      2.00     4   5.4613
#         311       0.01134      4.56      2.00     5   5.4625
#         313       0.01674      8.28      2.00     6   5.4633
#         314       0.00497      5.24      2.00     5   5.4645
#         315       0.01155     12.43      2.00     4   5.4666
#         316       0.01264     12.17      2.00     4   5.4681
#         318       0.00889      7.69      2.00     4   5.4730
#         319       0.01341     25.77      2.00     5   5.4741
#         320       0.00733     17.24      2.00     5   5.4742
#         321       0.01127      9.76      2.00     4   5.4805
#         323       0.02811      4.89      2.00     4   5.4852
#         324       0.01152     14.58      2.00     5   5.4858
#         325       0.00759     11.76      2.00     5   5.4877
#         327       0.01149     14.20      2.00     5   5.4894
#         328       0.01037     15.81      2.00     5   5.4926
#         329       0.02009      4.58      2.00     5   5.4932
#         330       0.02262      4.36      2.00     4   5.4943
#         331       0.01464      8.29      1.00     4   5.4940
#         332       0.01081     27.18      2.00     5   5.4944
#         333       0.01203      9.22      2.00     4   5.4946
#         334       0.01128     23.02      2.00     5   5.4952
#         335       0.01162      6.64      2.00     5   5.4953
#         336       0.01456      4.09      1.00     4   5.4960
#         339       0.01135      7.49      2.00     3   5.5006
#         341       0.01648      6.53      2.00     6   5.5021
#         342       0.01473      5.78      1.00     4   5.5030
#         343       0.02393      4.39      2.00     4   5.5035
#         344       0.00635     10.65      2.00     3   5.5045
#         345       0.01123     12.37      2.00     4   5.5043
#         346       0.00746     11.44      2.00     5   5.5052
#         347       0.01747      4.79      2.00     5   5.5084
#         348       0.01920      4.76      2.00     5   5.5116
#         349       0.00661     10.87      2.00     3   5.5154
#         350       0.01589      5.09      2.00     5   5.5166
#         351       0.01669      4.07      2.00     5   5.5176
#         352       0.02300     23.97      1.00     6   5.5183
#         354       0.01306      5.84      2.00     5   5.5191
#         355       0.01591      4.07      2.00     5   5.5210
#         356       0.02210      6.20      2.00     6   5.5260
#         357       0.04664      6.23      2.00     6   5.5259
#         358       0.01179      4.94      2.00     4   5.5310
#         359       0.02020      4.57      2.00     4   5.5319
#         360       0.01169     11.93      2.00     4   5.5350
#         362       0.01135     17.19      2.00     5   5.5365
#         363       0.01179      4.56      2.00     4   5.5382
#         364       0.01104     11.11      2.00     5   5.5397
#         366       0.00767     18.24      2.00     5   5.5493
#         368       0.01296      4.78      2.00     4   5.5567
#         370       0.01198      4.01      2.00     4   5.5605
#         371       0.01358     22.28      2.00     6   5.5644
#         372       0.02097      4.19      2.00     4   5.5656
#         373       0.01294     23.76      2.00     5   5.5715
#         374       0.00997      8.32      2.00     5   5.5733
#         375       0.01805      8.85      2.00     5   5.5760
#         376       0.01338      5.54      1.00     4   5.5767
#         377       0.01106     10.28      2.00     3   5.5770
#         378       0.01122     11.98      2.00     4   5.5775
#         379       0.00996      8.12      1.00     4   5.5783
#         383       0.01629      7.37      2.00     6   5.5813
#         384       0.04428      6.04      2.00     6   5.5836
#         385       0.02209      6.00      2.00     6   5.5845
#         387       0.01218     13.73      2.00     5   5.5942
#         388       0.01072      9.07      2.00     4   5.5950
#         389       0.01108      6.32      2.00     5   5.5946
#         390       0.01161     23.86      2.00     5   5.5947
#         391       0.01065     17.65      2.00     4   5.5957
#         392       0.01182     12.39      2.00     4   5.5956
#         393       0.01082     26.85      2.00     5   5.5963
#         395       0.01212      7.43      2.00     4   5.5986
#         396       0.01152      8.40      2.00     5   5.5990
#         397       0.00524     12.93      2.00     4   5.5996
#         398       0.00794     17.76      2.00     5   5.5999
#         399       0.01126     18.64      2.00     5   5.6005
#         400       0.00809     17.74      2.00     5   5.6011
#         401       0.00951      8.14      2.00     5   5.6031
#         402       0.01116     14.22      2.00     5   5.6038
#         403       0.01269      7.59      2.00     5   5.6067
#         405       0.01119      9.96      2.00     3   5.6113
#         406       0.02686      5.68      2.00     5   5.6139
#         407       0.02151      8.17      2.00     5   5.6160
#         409       0.00531     12.54      2.00     4   5.6231
#         410       0.00886      7.23      2.00     4   5.6241
#         411       0.01951      4.31      2.00     4   5.6248
#         414       0.01165      8.34      2.00     5   5.6383
#         416       0.01143     14.20      2.00     4   5.6425
#         417       0.01129      8.16      2.00     4   5.6432
#         418       0.01059     16.52      2.00     4   5.6438
#         420       0.01109      7.77      2.00     4   5.6457
#         421       0.01243      8.34      2.00     5   5.6460
#         422       0.01086      8.04      2.00     5   5.6462
#         423       0.01181     21.00      2.00     5   5.6465
#         424       0.01433      9.54      2.00     5   5.6460
#         425       0.01068      9.68      2.00     4   5.6476
#         426       0.00672      9.98      2.00     4   5.6482
#         427       0.00953     27.49      2.00     5   5.6481
#         429       0.01185     11.21      2.00     5   5.6547
#         430       0.02326      6.40      2.00     5   5.6575
#         431       0.01091     14.79      2.00     5   5.6589
#         432       0.01128     18.64      2.00     5   5.6605
#         433       0.01114     26.09      2.00     5   5.6612
#         434       0.01126      8.44      2.00     4   5.6685
#         437       0.01372      8.05      2.00     5   5.6691
#         438       0.00827     12.89      1.00     4   5.6710
#         440       0.01142     17.77      2.00     5   5.6725
#         441       0.01134     12.44      2.00     5   5.6739
#         443       0.01675      5.71      2.00     5   5.6782
#         444       0.02063      7.25      2.00     5   5.6781
#         445       0.01188      6.75      2.00     5   5.6784
#         446       0.01342      6.15      2.00     4   5.6799
#         448       0.01158      4.06      2.00     5   5.6856
#         449       0.01133     13.39      2.00     4   5.6882
#         450       0.00641     38.64      1.00     6   5.6903
#         451       0.01902     20.86      2.00     6   5.6901
#         453       0.01175      5.68      2.00     4   5.6965
#         454       0.00889     11.55      2.00     5   5.6961
#         455       0.00615     30.82      1.00     6   5.6980
#         456       0.01910      4.77      2.00     6   5.7003
#         457       0.04617      7.27      2.00     7   5.7019
#         458       0.02546      6.87      2.00     7   5.7020
#         459       0.00559     11.20      2.00     4   5.7028
#         460       0.00561     11.74      2.00     4   5.7045
#         461       0.00665      9.71      2.00     4   5.7054
#         462       0.01073      5.73      2.00     4   5.7053
#         463       0.00974      6.84      2.00     4   5.7056
#         464       0.02586      4.14      2.00     3   5.7069
#         465       0.00726     10.04      2.00     4   5.7074
#         466       0.00895      6.83      2.00     4   5.7072
#         468       0.00980      9.51      2.00     4   5.7104
#         469       0.01236      5.05      2.00     5   5.7104
#         470       0.01138      9.15      2.00     5   5.7124
#         471       0.01403     17.41      2.00     5   5.7128
#         472       0.01600     22.56      2.00     6   5.7143
#         473       0.01164     11.94      2.00     5   5.7151
#         474       0.01626     24.24      2.00     6   5.7160
#         475       0.01468     22.65      2.00     6   5.7159
#         476       0.01190     20.85      1.00     6   5.7163
#         477       0.01222     18.10      1.00     6   5.7159
#         478       0.00969     23.52      1.00     6   5.7180
#         479       0.02095      4.51      2.00     5   5.7193
#         480       0.01098     23.89      2.00     5   5.7208
#         482       0.01092     14.13      2.00     5   5.7216
#         483       0.01130      8.23      2.00     5   5.7220
#         484       0.01075     13.21      2.00     5   5.7222
#         486       0.01099     18.08      2.00     5   5.7245
#         487       0.01208     15.09      2.00     6   5.7247
#         488       0.00607     10.58      1.00     6   5.7268
#         489       0.00644     36.37      1.00     6   5.7283
#         490       0.01458     22.13      2.00     6   5.7315
#         491       0.01726      8.68      2.00     5   5.7325
#         493       0.01169      8.07      2.00     5   5.7377
#         495       0.07170      8.20      2.00     6   5.7379
#         497       0.02073      8.30      2.00     6   5.7386
#         499       0.02298      7.74      2.00     5   5.7408
#         502       0.01146      8.24      2.00     4   5.7437
#         503       0.02729      8.94      2.00     6   5.7477
#         504       0.01178      4.26      2.00     3   5.7487
#         506       0.01333      4.04      2.00     4   5.7519
#         507       0.00997      8.57      1.00     4   5.7538
#         511       0.00973     16.92      2.00     5   5.7574
#         512       0.00986     10.89      2.00     5   5.7582
#         513       0.01630      4.23      2.00     5   5.7583
#         514       0.01616      4.59      2.00     5   5.7593
#         515       0.01365      5.07      2.00     5   5.7601
#         516       0.01415      7.52      2.00     4   5.7615
#         518       0.01196     15.23      2.00     5   5.7647
#         519       0.01123      9.83      2.00     5   5.7665
#         520       0.01167      7.30      2.00     4   5.7674
#         521       0.01207      6.16      2.00     5   5.7680
#         522       0.01193      7.96      2.00     5   5.7692
#         523       0.01083     16.67      2.00     5   5.7713
#         524       0.00968      8.00      2.00     5   5.7728
#         525       0.01833      4.00      2.00     5   5.7737
#         526       0.01826      7.57      2.00     5   5.7743
#         528       0.00887     11.17      2.00     5   5.7777
#         531       0.01160      6.59      2.00     5   5.7834
#         532       0.01324      4.87      2.00     5   5.7858
#         533       0.01654      8.82      2.00     5   5.7867
#         534       0.01607      4.11      2.00     5   5.7897
#         535       0.01214      4.05      2.00     3   5.7903
#         536       0.01324      4.02      2.00     4   5.7921
#         537       0.01269      4.21      1.00     4   5.7923
#         538       0.01004      8.16      1.00     4   5.7937
#         540       0.01227     12.16      2.00     5   5.7995
#         541       0.01754      6.00      2.00     5   5.8000
#         544       0.01417      4.57      2.00     5   5.8028
#         545       0.01744      5.70      2.00     5   5.8064
#         547       0.00978     12.38      2.00     4   5.8067
#         548       0.01072     11.96      2.00     5   5.8080
#         549       0.01358     13.31      2.00     5   5.8085
#         550       0.01078      6.75      2.00     5   5.8085
#         551       0.02947      4.59      2.00     4   5.8098
#         553       0.01092      9.32      2.00     5   5.8170
#         554       0.01189      8.45      2.00     5   5.8172
#         555       0.01228     15.47      2.00     5   5.8175
#         556       0.01078      6.22      2.00     5   5.8175
#         557       0.00963     27.61      2.00     5   5.8193
#         558       0.04680      7.68      2.00     5   5.8200
#         559       0.01680      6.78      2.00     5   5.8205
#         561       0.01197      6.75      2.00     4   5.8229
#         563       0.00993      5.17      2.00     5   5.8231
#         564       0.00986     10.59      2.00     5   5.8247
#         565       0.00971     22.46      2.00     5   5.8254
#         567       0.01592     11.58      2.00     5   5.8282
#         569       0.01679      6.18      2.00     5   5.8294
#         571       0.01585      6.43      2.00     5   5.8302
#         572       0.01779      4.56      2.00     5   5.8311
#         573       0.01150     15.33      2.00     5   5.8314
#         574       0.01117      9.26      2.00     5   5.8319
#         578       0.01937      4.84      2.00     7   5.8357
#         581       0.01213     14.73      2.00     5   5.8388
#         582       0.05727      5.34      2.00     6   5.8388
#         583       0.03152      5.34      2.00     6   5.8394
#         584       0.01229      4.49      2.00     5   5.8402
#         587       0.01837     17.28      2.00     6   5.8415
#         588       0.01301      5.47      2.00     5   5.8481
#         589       0.01774      4.16      2.00     5   5.8497
#         590       0.00960      5.12      2.00     4   5.8502
#         592       0.01642      6.28      2.00     5   5.8511
#         593       0.02197      4.89      2.00     5   5.8522
#         594       0.01601      9.05      2.00     5   5.8530
#         595       0.01234      5.10      2.00     5   5.8535
#         596       0.00971      7.82      2.00     5   5.8535
#         597       0.01000     11.45      2.00     4   5.8545
#         598       0.01736      4.69      1.00     6   5.8620
#         599       0.01393      7.87      2.00     4   5.8691
#         600       0.01180      7.25      2.00     5   5.8692
#         601       0.01168     16.17      2.00     5   5.8692
#         602       0.01066      6.88      2.00     5   5.8696
#         603       0.00961     25.58      2.00     5   5.8706
#         605       0.01384     10.04      2.00     6   5.8782
#         606       0.01768      5.99      2.00     5   5.8808
#         607       0.01483     20.54      2.00     6   5.8813
#         609       0.01635     16.46      2.00     6   5.8829
#         610       0.01171     16.15      1.00     6   5.8827
#         611       0.01632     18.33      2.00     6   5.8830
#         612       0.01229     17.38      1.00     6   5.8830
#         613       0.01054      7.35      2.00     5   5.8846
#         615       0.00983     22.30      1.00     6   5.8848
#         616       0.00987     20.30      2.00     5   5.8870
#         617       0.01283      5.34      2.00     5   5.8872
#         618       0.01613      5.22      2.00     5   5.8878
#         619       0.01371     14.17      2.00     5   5.8878
#         620       0.01376      9.15      2.00     5   5.8882
#         621       0.01612     11.41      2.00     5   5.8886
#         622       0.01013      4.02      2.00     5   5.8884
#         624       0.01476      4.39      2.00     6   5.8898
#         625       0.04641     19.01      2.00     6   5.8898
#         626       0.01672     14.03      2.00     6   5.8903
#         628       0.01001     10.51      2.00     5   5.8908
#         629       0.02149      4.81      2.00     5   5.8918
#         630       0.01244      4.85      2.00     6   5.8919
#         632       0.01692      8.67      2.00     6   5.8934
#         633       0.01688      6.70      2.00     5   5.8957
#         635       0.01026      8.54      2.00     5   5.8966
#         636       0.00981      7.74      2.00     5   5.8967
#         638       0.01633      4.09      2.00     6   5.8966
#         639       0.01641      5.36      2.00     6   5.8984
#         640       0.01637      4.58      2.00     6   5.8984
#         641       0.01417      7.62      2.00     4   5.8991
#         642       0.01665     12.53      2.00     6   5.8992
#         643       0.01677     16.05      2.00     6   5.8992
#         646       0.01715     10.56      2.00     6   5.9048
#         647       0.01132     11.48      2.00     5   5.9055
#         648       0.01453      6.27      2.00     5   5.9081
#         650       0.01103     10.66      2.00     5   5.9095
#         652       0.01065     15.30      2.00     5   5.9111
#         655       0.02183      5.72      2.00     5   5.9122
#         657       0.01788      4.74      2.00     5   5.9152
#         658       0.01042      7.90      2.00     5   5.9203
#         659       0.00954      9.52      2.00     5   5.9201
#         660       0.02511      4.19      2.00     4   5.9237
#         662       0.01379     21.45      2.00     6   5.9244
#         663       0.00965      7.12      2.00     4   5.9255
#         664       0.01934      4.17      2.00     5   5.9278
#         665       0.01052      4.87      2.00     5   5.9297
#         666       0.01392     13.33      2.00     5   5.9317
#         667       0.01387      7.04      2.00     5   5.9333
#         670       0.04109      5.28      2.00     7   5.9348
#         671       0.02522      5.05      2.00     7   5.9349
#         672       0.01398      6.24      2.00     5   5.9392
#         673       0.02679      5.43      2.00     5   5.9404
#         674       0.01372      9.19      2.00     5   5.9407
#         675       0.01606      9.63      2.00     6   5.9405
#         676       0.01701      4.63      2.00     5   5.9411
#         677       0.02093      5.71      2.00     5   5.9438
#         679       0.01252      7.70      1.00     6   5.9451
#         680       0.01927     39.36      2.00     6   5.9455
#         681       0.01541     16.82      2.00     6   5.9457
#         682       0.01090      7.48      1.00     6   5.9454
#         684       0.01174     16.59      1.00     6   5.9461
#         685       0.01162     14.93      1.00     6   5.9461
#         686       0.01559     19.95      2.00     6   5.9466
#         687       0.00980     20.21      1.00     6   5.9475
#         688       0.01131     13.60      1.00     6   5.9472
#         690       0.02524      7.71      2.00     6   5.9483
#         692       0.05439     13.92      2.00     7   5.9529
#         693       0.03254     13.79      2.00     7   5.9535
#         694       0.01052      8.06      2.00     5   5.9545
#         696       0.01849      5.78      2.00     7   5.9550
#         698       0.01904     43.34      2.00     7   5.9556
#         699       0.01892      4.78      2.00     7   5.9564
#         700       0.03888      6.04      2.00     7   5.9587
#         701       0.02498      5.76      2.00     7   5.9595
#         702       0.00978     12.39      2.00     5   5.9622
#         703       0.01564      4.36      2.00     5   5.9619
#         704       0.01731     17.25      2.00     6   5.9653
#         705       0.02082      5.68      2.00     6   5.9648
#         706       0.01535      8.94      2.00     6   5.9652
#         707       0.01782      7.56      2.00     6   5.9669
#         709       0.00983      6.64      2.00     4   5.9727
#         711       0.01735      7.48      2.00     5   5.9785
#         712       0.01200      9.28      2.00     6   5.9789
#         713       0.01100      5.43      2.00     6   5.9790
#         714       0.01063     16.86      2.00     6   5.9793
#         716       0.01118     31.34      2.00     6   5.9810
#         717       0.01102      9.62      2.00     5   5.9817
#         718       0.01070     22.22      2.00     5   5.9835
#         719       0.01041     13.71      2.00     5   5.9850
#         720       0.01778      4.49      2.00     5   5.9869
#         721       0.01870      4.79      2.00     4   5.9889
#         722       0.02219      4.03      2.00     5   5.9903
#         724       0.00954     11.97      2.00     5   5.9910
#         726       0.01515      8.45      2.00     5   5.9916
#         727       0.00603     17.74      1.00     4   5.9944
#         729       0.00847      8.97      1.00     6   5.9996
#         730       0.01054     13.87      2.00     6   5.9995
#         731       0.00969      6.23      2.00     5   6.0036
#         732       0.01140      6.76      2.00     5   6.0064
#         733       0.01315     20.32      2.00     6   6.0092
#         735       0.00845      9.60      1.00     6   6.0118
#         736       0.02418      7.34      2.00     6   6.0124
#         737       0.01072      7.50      2.00     5   6.0152
#         738       0.01056      4.66      2.00     5   6.0162
#         739       0.01695      7.43      2.00     5   6.0184
#         741       0.02962     13.95      2.00     7   6.0190
#         742       0.01187     34.09      2.00     5   6.0219
#         744       0.01629      9.35      2.00     6   6.0235
#         745       0.01037     10.29      2.00     6   6.0270
#         746       0.01786     12.52      2.00     6   6.0294
#         747       0.04729      7.88      2.00     6   6.0293
#         749       0.00990     10.88      2.00     6   6.0303
#         750       0.02030      6.11      2.00     6   6.0299
#         751       0.01006     11.25      2.00     6   6.0303
#         754       0.01724      5.55      2.00     6   6.0316
#         755       0.00973     21.64      2.00     6   6.0320
#         756       0.01003     25.58      2.00     6   6.0320
#         757       0.01184     20.82      2.00     6   6.0320
#         758       0.00991     11.81      2.00     6   6.0328
#         759       0.00989     14.35      2.00     6   6.0328
#         760       0.01028     24.68      2.00     6   6.0336
#         763       0.01059     10.16      2.00     5   6.0354
#         764       0.01003      6.92      2.00     5   6.0359
#         765       0.01369      9.28      2.00     6   6.0363
#         766       0.01058     20.22      2.00     5   6.0368
#         767       0.00888      8.49      1.00     6   6.0376
#         768       0.00887      8.48      1.00     6   6.0384
#         771       0.01472      9.01      2.00     6   6.0408
#         773       0.01367     11.13      2.00     5   6.0416
#         776       0.01728      7.04      2.00     5   6.0446
#         777       0.00979     13.83      2.00     5   6.0459
#         778       0.00903      7.87      2.00     4   6.0466
#         779       0.01650      4.67      2.00     5   6.0464
#         780       0.01708      4.21      2.00     5   6.0472
#         781       0.01066     11.87      2.00     6   6.0469
#         782       0.01103      4.71      2.00     6   6.0473
#         783       0.01038     17.15      2.00     6   6.0472
#         785       0.01143     39.84      2.00     6   6.0490
#         786       0.00969     10.92      2.00     5   6.0497
#         788       0.04620     12.49      2.00     6   6.0501
#         789       0.02094      5.86      2.00     6   6.0502
#         790       0.01952     14.01      2.00     6   6.0505
#         791       0.01710      6.35      2.00     5   6.0511
#         792       0.01122     14.15      2.00     6   6.0507
#         793       0.01548      4.01      2.00     5   6.0516
#         794       0.01076      4.67      2.00     5   6.0513
#         795       0.01466      5.05      2.00     6   6.0521
#         797       0.01116     13.03      2.00     6   6.0540
#         798       0.01622      4.07      2.00     4   6.0559
#         799       0.01017      5.45      2.00     5   6.0562
#         800       0.01611      4.38      2.00     5   6.0578
#         802       0.01556      4.79      2.00     5   6.0616
#         804       0.01430     83.12      2.00     5   6.0642
#         806       0.01818      4.74      2.00     5   6.0651
#         808       0.01770      4.37      2.00     5   6.0692
#         810       0.00967      7.31      2.00     4   6.0712
#         812       0.00627     14.43      2.00     5   6.0734
#         813       0.02031      4.56      2.00     6   6.0732
#         814       0.00827      5.44      2.00     5   6.0743
#         815       0.00822      5.59      2.00     5   6.0743
#         816       0.01128     12.35      2.00     6   6.0741
#         817       0.01699     10.36      2.00     6   6.0747
#         818       0.01820      6.70      2.00     5   6.0769
#         819       0.01074     11.78      2.00     6   6.0764
#         820       0.01116      9.68      2.00     6   6.0774
#         826       0.03158      9.40      2.00     5   6.0811
#         827       0.00998     13.06      2.00     5   6.0815
#         828       0.01069     13.36      2.00     6   6.0818
#         829       0.02144      5.58      2.00     5   6.0832
#         830       0.01663      5.12      2.00     5   6.0838
#         831       0.01016      8.66      2.00     5   6.0853
#         832       0.01851      4.55      2.00     5   6.0877
#         833       0.01713      4.74      2.00     5   6.0885
#         835       0.02384      5.64      2.00     5   6.0918
#         836       0.01032     14.92      2.00     5   6.0928
#         838       0.01056      4.88      2.00     5   6.0973
#         839       0.02473      4.14      2.00     4   6.1005
#         840       0.00880      7.36      2.00     4   6.1034
#         842       0.02084     10.03      2.00     5   6.1045
#         843       0.01049      8.30      2.00     6   6.1050
#         844       0.01055      4.34      2.00     6   6.1066
#         845       0.01008     12.20      2.00     6   6.1092
#         846       0.01023     11.44      2.00     6   6.1092
#         849       0.01140     12.72      2.00     6   6.1102
#         850       0.01004     11.26      2.00     6   6.1107
#         851       0.01007     14.55      2.00     6   6.1107
#         852       0.00991     22.83      2.00     6   6.1114
#         853       0.01137     11.72      2.00     6   6.1116
#         854       0.01017     28.82      2.00     6   6.1114
#         855       0.01082     10.12      2.00     6   6.1123
#         856       0.01037     16.68      2.00     6   6.1124
#         857       0.01693      6.02      2.00     5   6.1128
#         858       0.01079      5.98      2.00     6   6.1128
#         859       0.01117     35.58      2.00     6   6.1138
#         860       0.01807      6.33      2.00     6   6.1137
#         861       0.01659     10.10      2.00     6   6.1134
#         862       0.01608      4.35      2.00     5   6.1150
#         867       0.01083     15.95      2.00     6   6.1174
#         868       0.00790     22.58      2.00     5   6.1175
#         869       0.00898      7.04      2.00     3   6.1184
#         872       0.01083     10.95      2.00     6   6.1200
#         873       0.01126      7.26      2.00     6   6.1201
#         874       0.02328      8.04      2.00     7   6.1201
#         875       0.02096     17.08      2.00     7   6.1201
#         876       0.04696     32.46      2.00     7   6.1199
#         877       0.01583      8.39      2.00     7   6.1199
#         879       0.01083     17.58      2.00     6   6.1206
#         880       0.01960     29.95      2.00     7   6.1203
#         881       0.01482      9.22      2.00     7   6.1220
#         882       0.01382     16.87      2.00     6   6.1222
#         883       0.00779      4.08      1.00     4   6.1230
#         884       0.01116      4.27      2.00     6   6.1229
#         885       0.01051     14.35      2.00     5   6.1259
#         887       0.01787      5.12      2.00     7   6.1268
#         888       0.01798     19.33      2.00     7   6.1275
#         889       0.01083     13.30      2.00     6   6.1282
#         891       0.01831      7.25      2.00     6   6.1289
#         892       0.01341      4.18      2.00     4   6.1296
#         894       0.01871      5.39      2.00     5   6.1308
#         895       0.01722     11.14      2.00     6   6.1306
#         896       0.05052     16.23      2.00     6   6.1306
#         897       0.01286      4.19      2.00     6   6.1325
#         900       0.01468    107.40      1.00     6   6.1341
#         901       0.01802     10.13      2.00     6   6.1347
#         902       0.01779     12.58      2.00     6   6.1347
#         903       0.01774      4.75      2.00     6   6.1354
#         905       0.01804      6.18      2.00     6   6.1371
#         907       0.00624     12.43      2.00     5   6.1372
#         909       0.01144      5.06      2.00     5   6.1397
#         910       0.00651     12.76      2.00     5   6.1405
#         911       0.00652     13.38      2.00     5   6.1418
#         912       0.01920      5.05      2.00     6   6.1419
#         913       0.00889      5.07      2.00     5   6.1429
#         914       0.00876      5.20      2.00     5   6.1429
#         915       0.01997      4.45      2.00     5   6.1430
#         916       0.01036      4.61      2.00     5   6.1437
#         917       0.01855      8.59      2.00     6   6.1435
#         918       0.00859      5.06      2.00     5   6.1449
#         919       0.00853      5.20      2.00     5   6.1449
#         920       0.02746     11.60      2.00     7   6.1451
#         921       0.00778      4.01      1.00     4   6.1452
#         922       0.00775      4.02      1.00     4   6.1472
#         924       0.01749      4.54      2.00     6   6.1480
#         925       0.02142      7.05      2.00     6   6.1480
#         926       0.01067     14.65      2.00     6   6.1501
#         927       0.01195     16.61      2.00     6   6.1501
#         928       0.02072      7.56      2.00     6   6.1509
#         929       0.04760      8.54      2.00     6   6.1507
#         930       0.02087      6.82      2.00     6   6.1513
#         932       0.01212      9.27      2.00     6   6.1528
#         933       0.01063      9.52      2.00     6   6.1528
#         935       0.00965     11.90      2.00     5   6.1552
#         937       0.01751      7.04      2.00     6   6.1560
#         939       0.01426      4.60      2.00     5   6.1574
#         940       0.01729      7.01      2.00     6   6.1573
#         941       0.01073      5.17      2.00     6   6.1571
#         942       0.01852      8.53      2.00     6   6.1573
#         944       0.00999     21.16      2.00     6   6.1585
#         945       0.01030     26.94      2.00     6   6.1585
#         946       0.01004     12.34      2.00     6   6.1589
#         948       0.01029     13.33      2.00     6   6.1589
#         949       0.01018      6.38      2.00     6   6.1593
#         951       0.01018     11.27      2.00     6   6.1599
#         952       0.01028     10.83      2.00     6   6.1599
#         953       0.04540     15.49      2.00     6   6.1603
#         955       0.01635     10.94      2.00     6   6.1608
#         957       0.01697      4.56      2.00     6   6.1616
#         959       0.00999     10.58      2.00     6   6.1622
#         961       0.01015     14.36      2.00     6   6.1622
#         964       0.01613      4.01      2.00     4   6.1653
#         965       0.02573      5.53      2.00     5   6.1653
#         966       0.01724      9.94      2.00     6   6.1654
#         967       0.01702     12.50      2.00     6   6.1654
#         968       0.01598      6.52      2.00     6   6.1658
#         971       0.02974      8.77      2.00     5   6.1680
#         974       0.01763      8.35      2.00     6   6.1726
#         975       0.00897     15.12      2.00     5   6.1732
#         976       0.03717      4.24      2.00     4   6.1742
#         977       0.00607     16.03      1.00     4   6.1743
#         978       0.01810      4.15      2.00     5   6.1774
#         979       0.01566      4.65      2.00     7   6.1773
#         982       0.02256      7.35      2.00     5   6.1807
#         983       0.01510      4.05      2.00     5   6.1822
#         984       0.01507      4.08      2.00     5   6.1822
#         985       0.00966      6.24      2.00     5   6.1831
#         987       0.01193      6.58      2.00     6   6.1837
#         988       0.01097     11.94      2.00     6   6.1841
#         989       0.01332      6.12      2.00     6   6.1839
#         990       0.01008     24.20      2.00     6   6.1858
#         993       0.01857      5.39      2.00     6   6.1923
#         994       0.02130      7.61      2.00     6   6.1951
#         995       0.00660     15.46      2.00     5   6.1969
#         999       0.01760      4.20      2.00     6   6.2034
#        1002       0.01991      6.01      2.00     6   6.2067
#        1004       0.01971      5.58      2.00     5   6.2089
#        1007       0.02394      9.95      2.00     6   6.2101
#        1008       0.03831     16.02      2.00     6   6.2103
#        1010       0.02592     12.42      2.00     5   6.2123
#        1012       0.01053     20.84      1.00     6   6.2132
#        1014       0.01952      9.16      2.00     6   6.2135
#        1015       0.01812      9.02      2.00     6   6.2135
#        1017       0.02206      6.47      2.00     5   6.2153
#        1018       0.01931      4.52      2.00     6   6.2153
#        1021       0.00983     10.66      2.00     5   6.2159
#        1025       0.00741     15.52      2.00     5   6.2169
#        1026       0.01180      5.73      2.00     5   6.2176
#        1028       0.00616     15.17      1.00     4   6.2206
#        1030       0.00841      7.21      2.00     5   6.2212
#        1031       0.02106      6.62      2.00     6   6.2216
#        1033       0.01326      4.45      2.00     4   6.2231
#        1035       0.01393      8.11      2.00     5   6.2331
#        1037       0.01188      4.03      2.00     5   6.2341
#        1038       0.01853      7.91      2.00     6   6.2337
#        1039       0.01658      6.67      2.00     5   6.2359
#        1041       0.02726     11.99      2.00     7   6.2373
#        1043       0.01954      6.79      2.00     5   6.2385
#        1044       0.00796     13.36      2.00     5   6.2382
#        1045       0.01652      4.37      2.00     5   6.2381
#        1046       0.01552     74.83      2.00     5   6.2398
#        1048       0.01056     11.37      1.00     6   6.2439
#        1055       0.01549      4.48      2.00     5   6.2537
#        1056       0.01377      9.25      2.00     7   6.2535
#        1057       0.01172     25.72      2.00     7   6.2535
#        1058       0.01718     18.13      2.00     7   6.2537
#        1059       0.01344     19.72      2.00     7   6.2537
#        1060       0.01632      4.24      2.00     5   6.2544
#        1061       0.01104     21.28      2.00     7   6.2540
#        1062       0.01811      8.87      2.00     5   6.2552
#        1064       0.01732      5.78      2.00     6   6.2559
#        1065       0.01023     47.77      2.00     7   6.2556
#        1067       0.01993     11.25      2.00     6   6.2571
#        1072       0.01212      5.33      2.00     5   6.2606
#        1073       0.01938      5.87      2.00     6   6.2607
#        1074       0.01657      4.22      2.00     5   6.2621
#        1075       0.00795      4.01      1.00     4   6.2626
#        1077       0.00915      7.46      2.00     4   6.2631
#        1078       0.01283      4.35      2.00     5   6.2629
#        1080       0.01668      6.18      2.00     5   6.2636
#        1084       0.02960      6.33      2.00     6   6.2666
#        1086       0.01127      7.45      2.00     6   6.2675
#        1088       0.01577      6.12      2.00     6   6.2681
#        1089       0.01331      4.76      2.00     6   6.2678
#        1090       0.01133     10.58      2.00     6   6.2677
#        1091       0.02027     12.94      2.00     6   6.2679
#        1092       0.01497      4.42      2.00     5   6.2685
#        1093       0.01668     12.91      2.00     6   6.2687
#        1094       0.02193      6.83      2.00     6   6.2683
#        1095       0.01916     10.29      2.00     6   6.2693
#        1096       0.01018     28.89      2.00     6   6.2696
#        1097       0.01887      7.56      2.00     6   6.2700
#        1099       0.00975     19.50      2.00     6   6.2756
#        1101       0.01049     18.23      1.00     6   6.2800
#        1102       0.01554      4.26      2.00     5   6.2812
#        1105       0.01863      7.60      2.00     6   6.2881
#        1107       0.04714     10.86      2.00     6   6.2916
#        1108       0.02160      9.87      2.00     6   6.2917
#        1109       0.02139      4.72      2.00     6   6.2917
#        1110       0.01043      7.14      2.00     6   6.2924
#        1111       0.01543      4.61      2.00     6   6.2935
#        1113       0.02140     10.51      2.00     7   6.2943
#        1114       0.00979     13.38      2.00     6   6.2950
#        1116       0.02532      8.35      2.00     5   6.2964
#        1118       0.01475     69.01      2.00     5   6.2975
#        1119       0.01092      4.38      1.00     6   6.2973
#        1121       0.02218      9.58      2.00     7   6.3032
#        1122       0.01588     96.25      1.00     6   6.3054
#        1124       0.01109      6.64      2.00     6   6.3069
#        1125       0.01076     10.53      2.00     6   6.3069
#        1126       0.01202      5.09      2.00     5   6.3075
#        1127       0.01330      5.86      2.00     6   6.3073
#        1128       0.01006     27.27      2.00     6   6.3083
#        1129       0.00812     34.25      2.00     6   6.3080
#        1132       0.01956     10.63      2.00     6   6.3101
#        1133       0.04466     10.55      2.00     6   6.3096
#        1134       0.02077      4.71      2.00     6   6.3105
#        1135       0.01542      4.26      2.00     5   6.3112
#        1136       0.01499      4.48      2.00     6   6.3115
#        1137       0.02475      9.73      2.00     5   6.3150
#        1138       0.00851     13.23      2.00     5   6.3151
#        1142       0.01788      7.29      2.00     6   6.3185
#        1143       0.01783      9.50      2.00     5   6.3190
#        1146       0.02353      4.01      2.00     6   6.3198
#        1147       0.01281      4.60      2.00     5   6.3205
#        1150       0.01006      6.51      2.00     6   6.3219
#        1154       0.00993     17.71      2.00     6   6.3247
#        1155       0.00696     25.80      2.00     5   6.3272
#        1159       0.00954     14.34      2.00     5   6.3286
#        1161       0.01303      4.09      2.00     5   6.3318
#        1165       0.01106     24.75      2.00     7   6.3330
#        1166       0.01085      7.41      2.00     5   6.3335
#        1167       0.01461     10.65      2.00     7   6.3332
#        1168       0.01635     15.28      2.00     7   6.3333
#        1169       0.01363     16.16      2.00     7   6.3333
#        1170       0.01132     20.99      2.00     7   6.3333
#        1172       0.00979      6.34      2.00     6   6.3339
#        1173       0.00922      7.10      2.00     4   6.3354
#        1174       0.01036     53.66      2.00     7   6.3351
#        1175       0.03491      6.67      1.00     6   6.3362
#        1176       0.01820      6.48      2.00     5   6.3375
#        1177       0.01409      5.65      1.00     6   6.3380
#        1178       0.01888      9.11      2.00     6   6.3388
#        1179       0.03024      8.38      2.00     6   6.3383
#        1180       0.04331     14.66      2.00     6   6.3391
#        1182       0.01926      5.73      2.00     6   6.3407
#        1184       0.02720     14.04      1.00     6   6.3405
#        1186       0.01893      8.33      2.00     6   6.3433
#        1187       0.01808      8.70      2.00     6   6.3433
#        1191       0.01858      4.19      2.00     6   6.3455
#        1194       0.02016      6.50      2.00     6   6.3535
#        1195       0.00828      5.78      2.00     4   6.3570
#        1196       0.04965     29.13      2.00     7   6.3571
#        1197       0.01654      7.16      2.00     7   6.3569
#        1198       0.02234      5.83      2.00     7   6.3573
#        1199       0.02194     13.98      2.00     7   6.3573
#        1200       0.02159     24.00      2.00     7   6.3572
#        1201       0.01801      4.51      2.00     6   6.3593
#        1202       0.01563      8.23      2.00     7   6.3590
#        1204       0.02448      4.01      2.00     6   6.3627
#        1206       0.01573      5.31      2.00     6   6.3643
#        1207       0.01587      4.81      2.00     6   6.3651
#        1208       0.01825      8.89      1.00     6   6.3661
#        1209       0.01624      7.24      2.00     6   6.3668
#        1211       0.03345     11.21      2.00     6   6.3672
#        1212       0.01908      7.36      1.00     6   6.3676
#        1214       0.01428      5.32      1.00     6   6.3694
#        1215       0.01744      4.04      2.00     6   6.3691
#        1218       0.01340     23.85      1.00     6   6.3728
#        1220       0.01518     86.60      1.00     6   6.3744
#        1221       0.01741      7.73      2.00     5   6.3750
#        1222       0.01633      4.09      2.00     5   6.3757
#        1223       0.01513      4.76      2.00     6   6.3756
#        1224       0.01237      4.51      2.00     4   6.3762
#        1225       0.01552      5.97      2.00     6   6.3777
#        1226       0.01109      9.45      2.00     5   6.3781
#        1227       0.01546      7.16      2.00     6   6.3786
#        1228       0.01513      5.12      2.00     6   6.3794
#        1229       0.01556      6.52      2.00     6   6.3791
#        1231       0.04966     13.19      2.00     7   6.3801
#        1232       0.02339     10.68      2.00     7   6.3808
#        1233       0.01825     16.29      2.00     7   6.3803
#        1234       0.02801     15.98      2.00     7   6.3808
#        1235       0.01861      5.05      2.00     7   6.3807
#        1236       0.01554      7.06      2.00     6   6.3810
#        1238       0.01449      4.85      2.00     7   6.3822
#        1240       0.01232      4.49      2.00     7   6.3824
#        1241       0.01780      6.45      2.00     7   6.3824
#        1242       0.01135     19.34      2.00     7   6.3828
#        1243       0.01350     34.57      2.00     7   6.3829
#        1244       0.01558     33.76      2.00     7   6.3829
#        1245       0.01555      7.43      2.00     7   6.3829
#        1247       0.01425     12.02      2.00     7   6.3834
#        1249       0.01090     24.32      2.00     7   6.3838
#        1250       0.01079     19.52      2.00     7   6.3838
#        1251       0.01076     26.14      2.00     7   6.3845
#        1252       0.01571     17.69      2.00     7   6.3842
#        1253       0.01341     18.34      2.00     7   6.3842
#        1254       0.01514      4.63      2.00     7   6.3850
#        1255       0.00955      5.51      2.00     4   6.3856
#        1256       0.01024     49.47      2.00     7   6.3852
#        1257       0.04599     27.57      2.00     7   6.3866
#        1259       0.02171      6.56      2.00     7   6.3874
#        1260       0.02099     13.48      2.00     7   6.3874
#        1261       0.01962     23.46      2.00     7   6.3870
#        1262       0.01622      6.98      2.00     7   6.3869
#        1263       0.01518      7.80      2.00     7   6.3884
#        1264       0.01498      4.24      2.00     5   6.3903
#        1266       0.01860      6.70      2.00     6   6.3925
#        1267       0.01688     12.19      2.00     6   6.3925
#        1268       0.02317      6.13      2.00     4   6.3930
#        1270       0.02647      6.05      2.00     7   6.3960
#        1271       0.01757      4.38      2.00     5   6.3963
#        1272       0.02438      9.25      2.00     5   6.3971
#        1273       0.00719     66.40      2.00     6   6.3971
#        1276       0.01608      9.79      2.00     7   6.4025
#        1277       0.01921     14.66      2.00     7   6.4026
#        1279       0.00732     30.56      2.00     5   6.4041
#        1280       0.01783      7.44      2.00     7   6.4042
#        1281       0.02446      7.80      2.00     5   6.4065
#        1286       0.01645      5.54      2.00     6   6.4081
#        1287       0.02654     12.09      2.00     6   6.4089
#        1289       0.03032      5.48      2.00     6   6.4096
#        1291       0.02333      9.07      1.00     6   6.4111
#        1293       0.00949     13.44      2.00     5   6.4123
#        1294       0.01752      4.32      2.00     5   6.4120
#        1296       0.02497      7.14      2.00     5   6.4125
#        1297       0.01730      5.66      2.00     6   6.4144
#        1299       0.02365      4.69      1.00     6   6.4177
#        1300       0.01558      4.14      2.00     5   6.4179
#        1301       0.01744      4.41      2.00     6   6.4190
#        1302       0.02937      8.37      2.00     6   6.4204
#        1303       0.01496      4.21      2.00     5   6.4210
#        1305       0.01221      4.93      2.00     5   6.4214
#        1306       0.00946      7.75      2.00     5   6.4221
#        1307       0.01465      6.20      2.00     6   6.4223
#        1308       0.01026      8.56      2.00     3   6.4226
#        1309       0.01834      4.30      2.00     6   6.4226
#        1314       0.01435      4.06      2.00     6   6.4265
#        1315       0.02140      4.24      2.00     6   6.4269
#        1317       0.02065      6.99      2.00     6   6.4278
#        1318       0.01239      6.28      2.00     7   6.4279
#        1319       0.01034      4.69      2.00     6   6.4290
#        1320       0.01569     10.25      2.00     6   6.4290
#        1321       0.02209      9.35      2.00     6   6.4320
#        1323       0.01857      4.62      2.00     6   6.4324
#        1324       0.01840      8.42      2.00     6   6.4332
#        1326       0.03893     13.57      2.00     6   6.4337
#        1327       0.02321      5.74      2.00     6   6.4341
#        1328       0.02181      4.18      2.00     7   6.4339
#        1330       0.02763      4.01      2.00     6   6.4350
#        1331       0.01129      6.78      2.00     5   6.4362
#        1332       0.02017     10.69      2.00     7   6.4368
#        1333       0.02606     21.79      2.00     7   6.4368
#        1334       0.03668     31.02      2.00     7   6.4370
#        1336       0.01689      5.65      2.00     7   6.4368
#        1337       0.01830      7.20      2.00     7   6.4373
#        1338       0.01884      5.16      2.00     6   6.4380
#        1339       0.02013      5.22      2.00     6   6.4386
#        1342       0.01765      7.83      2.00     7   6.4389
#        1344       0.01846      7.62      2.00     6   6.4408
#        1345       0.01775      7.66      2.00     6   6.4408
#        1346       0.00969     12.26      2.00     6   6.4413
#        1353       0.01196     24.94      2.00     6   6.4479
#        1354       0.01758      7.51      2.00     5   6.4491
#        1355       0.01982      5.85      2.00     6   6.4494
#        1356       0.02341      6.83      1.00     6   6.4502
#        1363       0.02537      5.05      2.00     6   6.4569
#        1364       0.01494     15.02      2.00     6   6.4572
#        1365       0.00972      7.50      2.00     6   6.4577
#        1366       0.01034     24.71      2.00     6   6.4592
#        1367       0.01964     11.87      2.00     6   6.4597
#        1368       0.01573      4.73      2.00     6   6.4600
#        1369       0.02376      5.82      2.00     6   6.4600
#        1371       0.01965      7.05      2.00     6   6.4618
#        1373       0.02987     13.19      2.00     5   6.4628
#        1374       0.00701     28.34      2.00     5   6.4638
#        1376       0.01769      4.36      2.00     6   6.4636
#        1377       0.01707      4.65      2.00     6   6.4641
#        1378       0.02220      8.09      2.00     6   6.4640
#        1380       0.01933     14.63      2.00     6   6.4657
#        1382       0.01644      5.23      2.00     6   6.4662
#        1383       0.01435     21.97      2.00     6   6.4682
#        1385       0.00761     76.72      2.00     6   6.4696
#        1386       0.01706      4.44      2.00     6   6.4696
#        1388       0.02766     12.51      2.00     6   6.4712
#        1389       0.01634      6.46      2.00     6   6.4719
#        1390       0.01867      9.02      2.00     5   6.4728
#        1391       0.02873      7.49      2.00     6   6.4729
#        1393       0.01689      4.26      2.00     6   6.4745
#        1394       0.01626      4.97      2.00     6   6.4751
#        1395       0.02160      5.44      2.00     6   6.4758
#        1397       0.02151     13.97      2.00     6   6.4763
#        1399       0.02206      6.88      2.00     6   6.4779
#        1404       0.01662      4.55      2.00     6   6.4820
#        1405       0.01793      5.33      2.00     6   6.4816
#        1406       0.01654      5.64      2.00     6   6.4816
#        1408       0.01740      4.86      2.00     6   6.4835
#        1409       0.01456      7.05      2.00     6   6.4865
#        1410       0.00836     10.94      2.00     5   6.4875
#        1411       0.00988     11.52      2.00     6   6.4873
#        1412       0.02221      5.76      2.00     6   6.4875
#        1414       0.01913     11.38      2.00     6   6.4874
#        1415       0.01575      5.44      2.00     6   6.4879
#        1416       0.01953      6.73      2.00     6   6.4889
#        1417       0.01445      5.34      2.00     6   6.4907
#        1419       0.02291      8.58      1.00     6   6.4922
#        1420       0.01182      8.81      2.00     5   6.4928
#        1422       0.01754      4.87      2.00     6   6.4936
#        1424       0.02485      4.70      2.00     7   6.4969
#        1425       0.01153     11.12      2.00     7   6.4972
#        1426       0.01345      7.36      2.00     7   6.4974
#        1427       0.01196     13.19      2.00     7   6.4975
#        1429       0.03392     22.02      2.00     7   6.4975
#        1430       0.01001     45.21      2.00     7   6.4993
#        1433       0.03769     10.14      2.00     6   6.5019
#        1438       0.01396      7.66      2.00     5   6.5085
#        1439       0.03295      7.19      2.00     5   6.5088
#        1442       0.00823     10.68      2.00     5   6.5121
#        1444       0.01817      8.87      2.00     5   6.5139
#        1445       0.01748      4.20      2.00     6   6.5164
#        1446       0.01218      8.18      2.00     7   6.5165
#        1447       0.01317      5.32      2.00     7   6.5165
#        1448       0.01163     12.29      2.00     7   6.5170
#        1451       0.01533      5.11      2.00     6   6.5180
#        1452       0.01743      5.98      2.00     6   6.5182
#        1454       0.02050     12.58      2.00     6   6.5190
#        1455       0.01000     27.33      2.00     7   6.5186
#        1456       0.00767      6.21      2.00     4   6.5196
#        1457       0.01967     16.81      2.00     6   6.5198
#        1458       0.01523      6.70      2.00     6   6.5206
#        1460       0.01602      4.37      2.00     7   6.5215
#        1461       0.01597      8.12      2.00     7   6.5213
#        1463       0.01578      5.24      2.00     7   6.5233
#        1467       0.01152      8.55      2.00     4   6.5263
#        1473       0.01746      4.92      2.00     6   6.5290
#        1474       0.01661      4.29      2.00     6   6.5296
#        1475       0.01623      5.17      2.00     6   6.5303
#        1476       0.01891      5.81      1.00     6   6.5312
#        1478       0.01093      6.39      2.00     5   6.5324
#        1480       0.02318      6.30      2.00     5   6.5320
#        1481       0.01658      6.31      2.00     6   6.5319
#        1482       0.01753      6.21      2.00     6   6.5323
#        1483       0.01523      6.87      2.00     6   6.5323
#        1484       0.01121     10.22      2.00     7   6.5320
#        1485       0.01967      5.18      2.00     6   6.5330
#        1487       0.01525      5.93      2.00     6   6.5328
#        1488       0.01835      8.54      1.00     6   6.5326
#        1493       0.01109      9.39      2.00     7   6.5371
#        1494       0.01447     59.93      2.00     7   6.5381
#        1495       0.01693      7.28      2.00     5   6.5404
#        1496       0.02009      5.43      2.00     6   6.5405
#        1497       0.01651      6.08      2.00     6   6.5404
#        1499       0.02295      6.17      2.00     6   6.5410
#        1500       0.00728     69.40      2.00     6   6.5407
#        1501       0.01643      4.33      2.00     6   6.5418
#        1503       0.01569      4.28      2.00     6   6.5422
#        1504       0.01776     14.92      2.00     6   6.5426
#        1505       0.02887      6.16      2.00     6   6.5433
#        1506       0.01589      5.01      2.00     6   6.5435
#        1508       0.02624     12.10      2.00     6   6.5442
#        1509       0.01582      6.34      2.00     6   6.5454
#        1511       0.01568      5.00      2.00     6   6.5459
#        1512       0.01589      6.03      2.00     6   6.5460
#        1513       0.01590      6.15      2.00     6   6.5466
#        1515       0.00791     21.39      2.00     6   6.5478
#        1516       0.03095      4.81      2.00     6   6.5483
#        1517       0.01212      8.64      2.00     5   6.5491
#        1518       0.01326      7.91      2.00     7   6.5496
#        1519       0.01125      9.76      2.00     7   6.5500
#        1520       0.01127     12.05      2.00     7   6.5501
#        1521       0.01304      5.04      2.00     7   6.5505
#        1522       0.00997     41.51      2.00     7   6.5515
#        1523       0.00854     28.33      2.00     6   6.5530
#        1524       0.01691      5.80      2.00     7   6.5526
#        1525       0.01511      7.73      2.00     7   6.5528
#        1526       0.01572      4.30      2.00     7   6.5537
#        1527       0.01483      4.10      2.00     5   6.5546
#        1528       0.01159      4.18      2.00     6   6.5546
#        1529       0.01099     12.52      2.00     7   6.5547
#        1530       0.01534      4.93      2.00     7   6.5546
#        1531       0.01099      5.30      2.00     7   6.5552
#        1532       0.01744      8.48      2.00     5   6.5561
#        1533       0.01750      4.61      2.00     6   6.5561
#        1534       0.01104      6.40      2.00     7   6.5568
#        1541       0.01133     15.77      2.00     7   6.5579
#        1542       0.01115      9.51      2.00     5   6.5585
#        1543       0.01476      6.51      2.00     6   6.5586
#        1545       0.01082     10.72      2.00     7   6.5594
#        1546       0.01036     12.45      2.00     7   6.5595
#        1547       0.02901     11.55      2.00     6   6.5602
#        1548       0.01467      4.54      2.00     6   6.5609
#        1549       0.02735      4.04      2.00     6   6.5610
#        1550       0.01069     10.62      2.00     7   6.5610
#        1551       0.01808      4.62      2.00     6   6.5615
#        1553       0.01049     23.69      2.00     7   6.5617
#        1554       0.01789      4.95      2.00     6   6.5619
#        1555       0.02067     12.09      2.00     6   6.5632
#        1557       0.00739      6.00      2.00     4   6.5649
#        1559       0.01133     10.59      2.00     7   6.5659
#        1560       0.02214     19.82      2.00     7   6.5671
#        1561       0.02121     10.60      2.00     7   6.5673
#        1562       0.04194     27.88      2.00     7   6.5674
#        1563       0.01777      6.30      2.00     7   6.5674
#        1564       0.01873      7.26      2.00     7   6.5675
#        1568       0.01690      7.28      2.00     7   6.5692
#        1569       0.01038     19.50      2.00     7   6.5697
#        1575       0.01324      8.40      2.00     6   6.5773
#        1576       0.02535      5.55      2.00     6   6.5779
#        1577       0.01197      8.18      2.00     5   6.5786
#        1578       0.01472     14.98      2.00     6   6.5786
#        1579       0.01700      6.41      2.00     7   6.5791
#        1581       0.01802      5.95      2.00     6   6.5803
#        1582       0.01291      6.09      2.00     7   6.5809
#        1585       0.01809      9.61      2.00     7   6.5825
#        1586       0.02990     15.27      2.00     7   6.5827
#        1589       0.00921     13.55      2.00     5   6.5851
#        1590       0.00959      7.51      2.00     6   6.5850
#        1592       0.01874      5.54      2.00     7   6.5850
#        1593       0.01913      8.53      2.00     7   6.5859
#        1594       0.02482      9.49      2.00     7   6.5859
#        1595       0.02296     17.30      2.00     7   6.5857
#        1596       0.02200      7.94      2.00     7   6.5861
#        1597       0.02049      4.11      2.00     7   6.5856
#        1600       0.02244      7.81      2.00     7   6.5862
#        1603       0.01252     13.69      2.00     7   6.5874
#        1604       0.02158      4.59      2.00     7   6.5877
#        1606       0.02044     11.35      2.00     7   6.5875
#        1607       0.03470      9.54      2.00     6   6.5882
#        1608       0.01750     11.91      2.00     7   6.5880
#        1609       0.01751     10.15      2.00     7   6.5883
#        1610       0.02003      8.53      2.00     7   6.5878
#        1612       0.01765      7.93      1.00     6   6.5886
#        1615       0.02224     25.24      2.00     7   6.5888
#        1617       0.00842     26.89      2.00     6   6.5891
#        1619       0.01805     29.53      2.00     7   6.5896
#        1620       0.01607      4.62      2.00     6   6.5901
#        1622       0.01111      6.72      2.00     7   6.5905
#        1623       0.01537     11.64      2.00     7   6.5904
#        1625       0.01910     10.09      2.00     6   6.5921
#        1627       0.01634      6.04      2.00     6   6.5924
#        1628       0.02438      7.46      2.00     7   6.5925
#        1630       0.02279      6.56      2.00     5   6.5938
#        1631       0.01830      4.05      2.00     6   6.5938
#        1633       0.01986      6.78      2.00     7   6.5939
#        1635       0.01121      7.02      2.00     7   6.5948
#        1639       0.01884      5.72      1.00     6   6.5962
#        1640       0.01061     22.30      2.00     7   6.5961
#        1641       0.01032     10.19      2.00     7   6.5962
#        1643       0.02281      5.07      2.00     6   6.5972
#        1644       0.02183     12.26      2.00     6   6.5975
#        1646       0.01078     10.12      2.00     7   6.5976
#        1647       0.01164      4.21      2.00     5   6.5982
#        1648       0.00721      4.57      2.00     5   6.5984
#        1649       0.01268      5.88      2.00     7   6.5984
#        1650       0.01785     10.14      2.00     7   6.5989
#        1651       0.02167      6.61      2.00     6   6.5993
#        1652       0.01910      4.01      2.00     7   6.5993
#        1653       0.01066      9.84      2.00     7   6.5999
#        1656       0.01016     58.36      2.00     6   6.6019
#        1657       0.02175      8.05      2.00     7   6.6016
#        1658       0.01760     11.59      2.00     7   6.6021
#        1659       0.01697      4.89      2.00     6   6.6028
#        1660       0.01779     10.77      2.00     7   6.6027
#        1661       0.01783      5.33      2.00     7   6.6031
#        1663       0.02397      8.03      2.00     7   6.6049
#        1664       0.01558      5.99      2.00     6   6.6055
#        1666       0.01573      5.59      2.00     6   6.6063
#        1667       0.02271      7.45      2.00     7   6.6063
#        1668       0.01146      8.69      2.00     5   6.6069
#        1670       0.00989     15.70      2.00     5   6.6073
#        1673       0.01570      4.78      2.00     6   6.6082
#        1674       0.01205      7.10      2.00     5   6.6088
#        1676       0.01552      4.41      2.00     6   6.6092
#        1677       0.02393      7.43      2.00     7   6.6089
#        1678       0.03873      5.57      2.00     7   6.6098
#        1679       0.03484      5.41      2.00     7   6.6098
#        1681       0.01572      5.80      2.00     6   6.6106
#        1683       0.00755      7.73      2.00     4   6.6119
#        1685       0.04076      6.11      2.00     7   6.6122
#        1689       0.01751      6.17      2.00     7   6.6143
#        1690       0.01362     22.88      2.00     6   6.6146
#        1691       0.01279     10.13      2.00     5   6.6163
#        1694       0.02006      6.58      2.00     6   6.6260
#        1697       0.02930     11.04      2.00     6   6.6282
#        1698       0.01135     26.18      2.00     6   6.6283
#        1700       0.01809      6.33      2.00     6   6.6300
#        1701       0.01790      7.26      2.00     7   6.6296
#        1703       0.03166     17.67      2.00     7   6.6301
#        1705       0.01845     10.11      2.00     7   6.6317
#        1706       0.00700      7.28      2.00     4   6.6322
#        1707       0.03185     11.83      2.00     7   6.6329
#        1708       0.01804      4.98      2.00     6   6.6333
#        1709       0.01706      6.18      2.00     7   6.6331
#        1710       0.01735      5.23      2.00     7   6.6333
#        1712       0.00716     13.80      1.00     6   6.6338
#        1713       0.01809      6.83      2.00     7   6.6350
#        1714       0.02630      6.47      2.00     5   6.6366
#        1715       0.02336      6.75      2.00     5   6.6379
#        1719       0.01100      7.41      2.00     5   6.6411
#        1721       0.01822      6.18      2.00     7   6.6426
#        1724       0.01448      4.71      2.00     6   6.6440
#        1725       0.00879      9.81      2.00     3   6.6449
#        1728       0.01504      7.72      2.00     6   6.6507
#        1729       0.01509      5.55      2.00     6   6.6549
#        1730       0.02022      6.10      2.00     6   6.6551
#        1734       0.03235     11.89      2.00     5   6.6585
#        1735       0.00749      4.82      2.00     5   6.6593
#        1736       0.00713      7.98      1.00     6   6.6601
#        1737       0.00721      5.34      2.00     5   6.6619
#        1738       0.00902     10.77      2.00     4   6.6629
#        1739       0.02066      9.47      2.00     7   6.6643
#        1740       0.02155     18.17      2.00     7   6.6647
#        1741       0.01719      5.85      2.00     7   6.6647
#        1742       0.03817     25.73      2.00     7   6.6651
#        1744       0.01674      6.49      2.00     7   6.6661
#        1746       0.02989      9.13      2.00     7   6.6664
#        1747       0.00655      6.49      2.00     3   6.6702
#        1750       0.02702      5.41      1.00     6   6.6703
#        1751       0.02147      4.79      2.00     6   6.6707
#        1752       0.02092     11.90      2.00     6   6.6707
#        1755       0.00732      4.76      2.00     5   6.6718
#        1756       0.01894      8.76      2.00     5   6.6720
#        1757       0.02339      5.70      2.00     6   6.6719
#        1758       0.02200      6.18      2.00     6   6.6721
#        1759       0.01034    158.90      2.00     7   6.6717
#        1760       0.02792     12.28      2.00     5   6.6729
#        1761       0.00769      5.27      2.00     5   6.6736
#        1762       0.02022      7.98      1.00     6   6.6735
#        1765       0.00764      4.69      2.00     5   6.6836
#        1766       0.01256     22.80      2.00     6   6.6838
#        1767       0.01212     11.19      2.00     6   6.6843
#        1768       0.00705      5.95      2.00     4   6.6852
#        1769       0.00764      4.68      2.00     5   6.6855
#        1770       0.01536      4.91      2.00     6   6.6853
#        1771       0.02019     22.19      2.00     6   6.6861
#        1773       0.01305      4.20      2.00     5   6.6866
#        1776       0.02036      5.22      2.00     7   6.6874
#        1777       0.02428     14.94      2.00     7   6.6871
#        1779       0.02658      5.97      2.00     7   6.6875
#        1780       0.02099      8.05      2.00     7   6.6876
#        1782       0.01540      5.17      2.00     6   6.6884
#        1783       0.02029      9.05      2.00     6   6.6882
#        1784       0.02279     27.43      2.00     7   6.6880
#        1786       0.01776      4.71      2.00     6   6.6889
#        1787       0.02838     11.37      2.00     6   6.6888
#        1789       0.02003      8.88      2.00     7   6.6896
#        1790       0.02281     11.66      2.00     7   6.6897
#        1791       0.02791      8.75      2.00     7   6.6892
#        1792       0.02276      9.45      2.00     7   6.6892
#        1793       0.01791      5.95      2.00     6   6.6902
#        1794       0.01069     63.16      2.00     6   6.6901
#        1795       0.01533      6.16      2.00     6   6.6900
#        1797       0.01981     16.95      2.00     6   6.6907
#        1798       0.02167     29.13      2.00     7   6.6913
#        1799       0.03115     11.25      2.00     5   6.6919
#        1800       0.01797      4.37      2.00     6   6.6917
#        1801       0.01929      5.03      2.00     6   6.6919
#        1802       0.02152      4.50      2.00     6   6.6920
#        1803       0.02315      4.42      2.00     6   6.6920
#        1804       0.02794      7.61      2.00     7   6.6924
#        1805       0.01090      4.56      2.00     6   6.6929
#        1807       0.01730      7.89      2.00     7   6.6934
#        1809       0.01708      6.78      2.00     7   6.6936
#        1810       0.01033      4.56      2.00     7   6.6936
#        1811       0.03311     18.97      2.00     7   6.6937
#        1814       0.01052     10.44      2.00     7   6.6944
#        1815       0.01727     16.47      2.00     7   6.6944
#        1816       0.01847     11.38      2.00     7   6.6955
#        1817       0.00992      8.89      2.00     5   6.6959
#        1818       0.00676      6.53      2.00     4   6.6962
#        1819       0.00728      5.50      2.00     5   6.6961
#        1821       0.03126     14.82      2.00     7   6.6967
#        1822       0.01711      6.31      2.00     7   6.6970
#        1823       0.01704      6.18      2.00     7   6.6970
#        1824       0.01400      6.28      2.00     5   6.6972
#        1825       0.01823      8.84      2.00     7   6.6988
#        1829       0.01684      4.78      2.00     6   6.7002
#        1831       0.00657      4.18      2.00     3   6.7012
#        1834       0.01888      4.22      2.00     7   6.7019
#        1835       0.01804      4.96      2.00     6   6.7035
#        1836       0.01534      6.29      2.00     6   6.7035
#        1838       0.01538      5.79      2.00     6   6.7042
#        1841       0.01898      8.51      2.00     5   6.7059
#        1842       0.00707     12.81      1.00     6   6.7069
#        1843       0.11286      6.38      2.00     7   6.7072
#        1844       0.04665      6.19      2.00     7   6.7068
#        1847       0.00816     14.41      2.00     5   6.7091
#        1848       0.08088      9.05      2.00     7   6.7093
#        1849       0.01457      4.32      2.00     6   6.7101
#        1850       0.00751      9.82      2.00     6   6.7109
#        1851       0.01448      5.43      2.00     6   6.7108
#        1852       0.01070     17.48      2.00     6   6.7109
#        1853       0.03748      8.86      2.00     7   6.7111
#        1854       0.02562      8.04      2.00     5   6.7123
#        1855       0.01132      7.74      2.00     5   6.7133
#        1857       0.01582     18.10      2.00     6   6.7141
#        1858       0.02614      7.58      2.00     5   6.7156
#        1859       0.01089      4.73      2.00     6   6.7164
#        1862       0.00729      5.35      2.00     5   6.7221
#        1863       0.01526      6.99      2.00     6   6.7249
#        1864       0.01537      4.56      2.00     6   6.7271
#        1866       0.01822      9.08      2.00     7   6.7316
#        1867       0.01795      5.05      2.00     7   6.7334
#        1868       0.02738     12.07      2.00     5   6.7351
#        1869       0.01092     58.74      2.00     6   6.7352
#        1870       0.02054      4.94      2.00     6   6.7355
#        1871       0.02275      5.27      2.00     6   6.7357
#        1873       0.01720      4.87      2.00     6   6.7371
#        1874       0.01818     14.00      2.00     6   6.7376
#        1875       0.01497     17.74      2.00     6   6.7384
#        1876       0.02101      7.71      2.00     6   6.7382
#        1878       0.01905     15.92      2.00     6   6.7385
#        1879       0.00700      4.09      2.00     3   6.7390
#        1880       0.02480      8.09      2.00     7   6.7392
#        1882       0.01542      4.70      2.00     6   6.7399
#        1884       0.02446      8.38      2.00     7   6.7396
#        1885       0.02101     10.18      2.00     7   6.7395
#        1887       0.00598     11.26      2.00     4   6.7400
#        1888       0.02376     22.24      2.00     7   6.7401
#        1889       0.02160      4.98      2.00     6   6.7409
#        1891       0.02022      9.61      2.00     6   6.7409
#        1893       0.03122      4.37      2.00     7   6.7413
#        1894       0.01943     10.34      2.00     7   6.7413
#        1896       0.02614     10.02      2.00     7   6.7417
#        1897       0.02047     11.29      2.00     7   6.7417
#        1898       0.02466      5.12      2.00     5   6.7427
#        1899       0.01532      5.95      2.00     6   6.7423
#        1901       0.01922     29.04      2.00     7   6.7434
#        1903       0.01754      7.70      2.00     7   6.7477
#        1904       0.02973     11.85      2.00     7   6.7480
#        1906       0.00645      4.87      2.00     5   6.7493
#        1907       0.01730      5.10      2.00     7   6.7496
#        1910       0.01947      6.71      2.00     7   6.7522
#        1911       0.01976      7.71      2.00     7   6.7522
#        1912       0.02198     16.19      2.00     7   6.7519
#        1913       0.02502      7.09      2.00     7   6.7521
#        1917       0.01712      8.49      2.00     7   6.7534
#        1918       0.02299     20.47      2.00     7   6.7537
#        1919       0.02046      8.33      2.00     7   6.7540
#        1920       0.02097     10.46      2.00     7   6.7541
#        1923       0.01777     10.65      2.00     7   6.7544
#        1924       0.01741      5.03      2.00     6   6.7553
#        1925       0.01532      6.05      2.00     6   6.7553
#        1926       0.01551     10.16      2.00     7   6.7555
#        1927       0.01085    168.10      2.00     7   6.7556
#        1928       0.01533      5.41      2.00     6   6.7561
#        1929       0.01831     28.26      2.00     7   6.7562
#        1930       0.01959      6.41      2.00     5   6.7568
#        1934       0.01013     24.02      2.00     6   6.7614
#        1935       0.02546      4.02      2.00     7   6.7619
#        1936       0.04238      8.40      2.00     7   6.7623
#        1937       0.02154      5.62      2.00     7   6.7624
#        1938       0.02484      6.06      2.00     5   6.7631
#        1939       0.02995      8.40      2.00     7   6.7627
#        1940       0.02138      6.48      2.00     6   6.7635
#        1941       0.03462     10.94      2.00     6   6.7639
#        1942       0.01742      7.58      2.00     7   6.7657
#        1943       0.03033     18.12      2.00     7   6.7658
#        1944       0.02685     15.57      2.00     6   6.7661
#        1945       0.01748      8.73      2.00     7   6.7660
#        1947       0.00606      6.76      2.00     4   6.7667
#        1948       0.00593      8.23      2.00     4   6.7665
#        1949       0.01409      7.50      1.00     6   6.7671
#        1950       0.01834     10.53      2.00     7   6.7672
#        1951       0.03060     13.08      2.00     7   6.7671
#        1952       0.01713      5.53      2.00     7   6.7672
#        1953       0.01701      6.78      2.00     7   6.7676
#        1954       0.01816      7.58      2.00     7   6.7686
#        1956       0.01805     10.31      2.00     7   6.7691
#        1958       0.01742      9.93      2.00     7   6.7697
#        1959       0.01488      8.10      2.00     6   6.7708
#        1960       0.05056      7.88      2.00     7   6.7712
#        1962       0.01810      4.12      2.00     7   6.7717
#        1963       0.02198      7.85      2.00     7   6.7717
#        1964       0.03720      7.23      2.00     7   6.7713
#        1966       0.01762      5.04      2.00     7   6.7718
#        1968       0.01168      7.44      2.00     5   6.7731
#        1969       0.02065      4.99      2.00     7   6.7734
#        1970       0.00677      5.90      2.00     4   6.7735
#        1971       0.01488      9.21      1.00     6   6.7741
#        1975       0.01465      5.05      2.00     6   6.7769
#        1976       0.00782     11.41      2.00     6   6.7789
#        1977       0.01125     17.99      2.00     6   6.7789
#        1978       0.01592     50.83      2.00     7   6.7796
#        1979       0.02666     14.32      2.00     6   6.7807
#        1980       0.02012      4.72      2.00     6   6.7814
#        1981       0.02279      5.17      2.00     6   6.7815
#        1982       0.01529      5.91      2.00     6   6.7821
#        1983       0.02626     22.22      2.00     6   6.7822
#        1986       0.01806     13.23      2.00     6   6.7829
#        1987       0.02827     20.12      2.00     6   6.7854
#        1988       0.01661     15.35      2.00     6   6.7852
#        1990       0.00600      6.20      2.00     4   6.7871
#        1991       0.01476      6.61      2.00     7   6.7890
#        1992       0.01566      5.52      2.00     6   6.7917
#        1993       0.01912      6.05      2.00     7   6.7935
#        1994       0.01599      4.60      2.00     6   6.7953
#        1996       0.01093      4.96      2.00     6   6.7965
#        1997       0.02938     11.33      2.00     5   6.7974
#        1998       0.01036      9.67      2.00     6   6.7978
#        1999       0.01388      6.47      2.00     6   6.7989
#        2000       0.00614      9.88      2.00     4   6.7994
#        2001       0.01710      5.49      2.00     6   6.8003
#        2002       0.01214     11.71      2.00     6   6.8008
#        2003       0.01242     15.15      2.00     7   6.8011
#        2005       0.01469      7.17      2.00     6   6.8028
#        2007       0.01996      8.98      2.00     6   6.8056
#        2008       0.02378      4.75      2.00     7   6.8057
#        2009       0.01911     12.48      2.00     7   6.8060
#        2010       0.02918     19.32      2.00     7   6.8061
#        2011       0.02266     10.27      2.00     7   6.8061
#        2012       0.02692      5.70      2.00     7   6.8078
#        2013       0.01752      8.10      2.00     7   6.8083
#        2015       0.01569     26.38      2.00     7   6.8080
#        2016       0.02285      6.61      2.00     7   6.8088
#        2017       0.02804     12.84      2.00     7   6.8088
#        2019       0.01158     38.84      2.00     7   6.8101
#        2020       0.01114    153.60      2.00     7   6.8121
#        2021       0.01728      5.38      2.00     7   6.8131
#        2022       0.02109     12.10      2.00     7   6.8143
#        2023       0.01725     10.09      2.00     7   6.8140
#        2024       0.02061      9.79      2.00     7   6.8139
#        2027       0.01797      5.06      2.00     7   6.8145
#        2028       0.01925      5.63      2.00     7   6.8149
#        2029       0.02291      9.19      2.00     7   6.8149
#        2030       0.02568      5.16      2.00     7   6.8149
#        2031       0.02422      6.99      2.00     7   6.8149
#        2032       0.02696      4.16      2.00     7   6.8154
#        2033       0.02210      5.47      2.00     7   6.8154
#        2034       0.01646      4.34      2.00     7   6.8153
#        2035       0.02181     14.46      2.00     7   6.8154
#        2036       0.01822     25.97      2.00     7   6.8154
#        2037       0.01511     48.11      2.00     7   6.8153
#        2038       0.01906      7.09      2.00     7   6.8159
#        2039       0.02217      7.90      2.00     7   6.8159
#        2040       0.02306      6.45      2.00     7   6.8154
#        2041       0.00623      6.15      2.00     4   6.8160
#        2042       0.01165      8.99      2.00     5   6.8168
#        2043       0.01685      5.57      2.00     7   6.8170
#        2044       0.02056      7.38      2.00     7   6.8168
#        2045       0.02061     15.59      2.00     7   6.8166
#        2046       0.01713      8.17      2.00     7   6.8177
#        2047       0.02193     19.86      2.00     7   6.8178
#        2050       0.01548      9.62      2.00     7   6.8192
#        2053       0.01783      6.61      2.00     7   6.8233
#        2054       0.01779      8.60      2.00     5   6.8242
#        2055       0.02069      5.90      2.00     7   6.8245
#        2058       0.06730      9.28      2.00     7   6.8258
#        2059       0.03468      9.39      2.00     7   6.8259
#        2060       0.01941     16.23      2.00     6   6.8266
#        2062       0.01966      7.61      2.00     5   6.8280
#        2063       0.01942     10.38      2.00     6   6.8278
#        2064       0.02207      5.45      2.00     7   6.8278
#        2065       0.01663      4.06      2.00     7   6.8286
#        2067       0.01728      7.89      2.00     7   6.8298
#        2068       0.01739      8.24      2.00     7   6.8297
#        2069       0.01960      6.01      2.00     5   6.8300
#        2071       0.01806      8.80      2.00     7   6.8314
#        2072       0.02065      8.03      2.00     6   6.8321
#        2073       0.01746      9.64      2.00     7   6.8322
#        2074       0.01698      5.66      2.00     7   6.8325
#        2075       0.01780      4.58      2.00     7   6.8324
#        2076       0.00685      5.88      2.00     4   6.8330
#        2077       0.01731      9.14      2.00     7   6.8330
#        2078       0.01706      5.45      2.00     7   6.8329
#        2081       0.05169      8.87      2.00     7   6.8341
#        2082       0.03698      8.57      2.00     7   6.8341
#        2084       0.00568     14.61      2.00     5   6.8363
#        2085       0.02199      5.97      2.00     6   6.8383
#        2086       0.01172      8.80      2.00     5   6.8389
#        2090       0.02192      4.75      2.00     6   6.8470
#        2092       0.02029      8.43      1.00     6   6.8488
#        2093       0.00816     10.77      2.00     6   6.8500
#        2094       0.01160     16.87      2.00     6   6.8500
#        2096       0.02019      5.22      2.00     7   6.8510
#        2097       0.01965      5.65      2.00     7   6.8508
#        2099       0.01554     18.84      2.00     7   6.8519
#        2100       0.01233      9.08      2.00     7   6.8519
#        2101       0.01988     11.56      2.00     7   6.8518
#        2102       0.00577     11.26      2.00     5   6.8527
#        2103       0.02061     17.76      2.00     7   6.8526
#        2104       0.01412      6.64      2.00     6   6.8532
#        2105       0.01992      8.05      2.00     7   6.8534
#        2106       0.01676     48.54      2.00     7   6.8550
#        2107       0.00989      4.05      2.00     5   6.8575
#        2108       0.01766      4.00      2.00     7   6.8576
#        2109       0.02914     14.98      2.00     7   6.8579
#        2110       0.01279      8.58      2.00     6   6.8594
#        2111       0.00842      5.70      2.00     6   6.8594
#        2112       0.02878     12.74      2.00     6   6.8597
#        2113       0.01792     12.61      2.00     7   6.8597
#        2115       0.02014      8.12      2.00     6   6.8612
#        2116       0.01816      4.95      2.00     7   6.8612
#        2117       0.01886      6.67      2.00     7   6.8609
#        2118       0.01000     21.71      2.00     6   6.8616
#        2120       0.01737      4.34      2.00     7   6.8619
#        2124       0.01503      6.95      2.00     6   6.8624
#        2125       0.01788      9.34      2.00     7   6.8630
#        2126       0.02868      6.58      2.00     7   6.8642
#        2128       0.01688      5.96      2.00     7   6.8651
#        2129       0.01846      7.77      2.00     7   6.8651
#        2130       0.01616      6.98      2.00     7   6.8651
#        2131       0.01355      7.97      2.00     5   6.8661
#        2132       0.01632      5.08      2.00     7   6.8660
#        2133       0.01702      6.52      2.00     7   6.8657
#        2135       0.02208     17.87      2.00     7   6.8664
#        2136       0.01611      7.30      2.00     7   6.8663
#        2137       0.01606      5.09      2.00     7   6.8663
#        2138       0.01642      6.79      2.00     5   6.8669
#        2140       0.01633      4.90      2.00     6   6.8678
#        2142       0.00682     27.76      2.00     5   6.8692
#        2144       0.01580      4.66      2.00     7   6.8694
#        2146       0.02296      4.23      2.00     7   6.8691
#        2147       0.02241      4.57      2.00     7   6.8697
#        2148       0.02072      4.55      2.00     7   6.8698
#        2150       0.01458      6.55      2.00     7   6.8709
#        2151       0.02812      5.95      2.00     7   6.8714
#        2153       0.00730      6.81      2.00     5   6.8742
#        2154       0.00612      5.66      2.00     5   6.8753
#  1573/2000 paths used
#  -----------------------------------------------------------------------
#       k          chi          mag           phase @#
     0.0000    8.824909E-01  9.636652E+00  9.170499E-02
     0.0500    1.144270E+00  9.463190E+00  1.212146E-01
     0.1000    1.394502E+00  9.290696E+00  1.506659E-01
     0.1500    2.072627E+00  8.803314E+00  2.376684E-01
     0.2000    2.651280E+00  8.324298E+00  3.241455E-01
     0.2500    3.412191E+00  7.613745E+00  4.647082E-01
     0.3000    3.931913E+00  6.924716E+00  6.038411E-01
     0.3500    4.366391E+00  6.133498E+00  7.921894E-01
     0.4000    4.460419E+00  5.377349E+00  9.781813E-01
     0.4500    4.331325E+00  4.631040E+00  1.209053E+00
     0.5000    3.893970E+00  3.928926E+00  1.437302E+00
     0.5500    3.287384E+00  3.319674E+00  1.710387E+00
     0.6000    2.524838E+00  2.755644E+00  1.982994E+00
     0.6500    1.726061E+00  2.321208E+00  2.303148E+00
     0.7000    9.474723E-01  1.926067E+00  2.627298E+00
     0.7500    2.386298E-01  1.661704E+00  2.997489E+00
     0.8000   -3.249008E-01  1.425416E+00  3.371548E+00
     0.8500   -7.629633E-01  1.296726E+00  3.770642E+00
     0.9000   -1.002936E+00  1.176683E+00  4.162039E+00
     0.9500   -1.107648E+00  1.122042E+00  4.552036E+00
     1.0000   -1.031859E+00  1.055739E+00  4.925483E+00
     1.0500   -8.606570E-01  1.022393E+00  5.282564E+00
     1.1000   -5.907167E-01  9.656602E-01  5.624948E+00
     1.1500   -2.994501E-01  9.208030E-01  5.951956E+00
     1.2000   -1.321021E-02  8.513713E-01  6.267668E+00
     1.2500    2.232695E-01  7.865141E-01  6.571015E+00
     1.3000    3.846852E-01  7.020089E-01  6.863130E+00
     1.3500    4.722553E-01  6.222149E-01  7.144947E+00
     1.4000    4.794156E-01  5.305150E-01  7.411471E+00
     1.4500    4.393544E-01  4.473019E-01  7.665193E+00
     1.5000    3.600928E-01  3.603367E-01  7.890782E+00
     1.5500    2.785947E-01  2.869252E-01  8.095541E+00
     1.6000    2.019710E-01  2.180044E-01  8.239899E+00
     1.6500    1.461150E-01  1.658905E-01  8.347246E+00
     1.7000    1.112880E-01  1.261365E-01  8.344088E+00
     1.7500    9.110143E-02  1.013042E-01  8.306644E+00
     1.8000    8.265464E-02  8.874758E-02  8.226688E+00
     1.8500    7.604225E-02  8.039236E-02  8.184454E+00
     1.9000    7.327702E-02  7.656205E-02  8.147979E+00
     1.9500    5.799431E-02  5.845352E-02  7.979412E+00
     2.0000    6.871808E-02  7.100438E-02  8.108437E+00
     2.0500    6.604169E-02  6.883525E-02  8.139852E+00
     2.1000    6.639491E-02  6.943012E-02  8.150759E+00
     2.1500    6.848004E-02  7.210107E-02  8.172251E+00
     2.2000    7.075839E-02  7.529417E-02  8.202852E+00
     2.2500    6.679492E-02  7.308366E-02  8.271861E+00
     2.3000    6.635176E-02  7.387636E-02  8.309243E+00
     2.3500    6.956655E-02  7.882141E-02  8.343447E+00
     2.4000    7.507825E-02  8.802023E-02  8.403137E+00
     2.4500    7.446266E-02  9.421528E-02  8.513405E+00
     2.5000    7.157340E-02  1.014961E-01  8.642095E+00
     2.5500    6.525023E-02  1.095447E-01  8.786704E+00
     2.6000    5.443111E-02  1.181145E-01  8.945844E+00
     2.6500    3.669508E-02  1.232938E-01  9.122576E+00
     2.7000    1.515284E-02  1.284422E-01  9.306529E+00
     2.7500   -9.573646E-03  1.333032E-01  9.496658E+00
     2.8000   -3.629159E-02  1.376513E-01  9.691581E+00
     2.8500   -6.168033E-02  1.383415E-01  9.886908E+00
     2.9000   -8.482336E-02  1.386218E-01  1.008324E+01
     2.9500   -1.045365E-01  1.385021E-01  1.028007E+01
     3.0000   -1.198477E-01  1.380044E-01  1.047681E+01
     3.0500   -1.286039E-01  1.357604E-01  1.066943E+01
     3.1000   -1.322557E-01  1.334551E-01  1.086140E+01
     3.1500   -1.308769E-01  1.310925E-01  1.105293E+01
     3.2000   -1.247045E-01  1.286574E-01  1.124410E+01
     3.2500   -1.139287E-01  1.257025E-01  1.143184E+01
     3.3000   -9.966611E-02  1.228730E-01  1.162029E+01
     3.3500   -8.234196E-02  1.199648E-01  1.180987E+01
     3.4000   -6.272866E-02  1.168067E-01  1.199946E+01
     3.4500   -4.204449E-02  1.135146E-01  1.218694E+01
     3.5000   -2.108478E-02  1.101216E-01  1.237371E+01
     3.5500   -7.775083E-04  1.066259E-01  1.255908E+01
     3.6000    1.803045E-02  1.030597E-01  1.274223E+01
     3.6500    3.449700E-02  9.946042E-02  1.292057E+01
     3.7000    4.840042E-02  9.591740E-02  1.309530E+01
     3.7500    5.958040E-02  9.254171E-02  1.326585E+01
     3.8000    6.813424E-02  8.945850E-02  1.343219E+01
     3.8500    7.435909E-02  8.693168E-02  1.359264E+01
     3.9000    7.860228E-02  8.487443E-02  1.375031E+01
     3.9500    8.114054E-02  8.334050E-02  1.390689E+01
     4.0000    8.210990E-02  8.232774E-02  1.406441E+01
     4.0500    8.163738E-02  8.193937E-02  1.422305E+01
     4.1000    7.940979E-02  8.193414E-02  1.438604E+01
     4.1500    7.512263E-02  8.218058E-02  1.455464E+01
     4.2000    6.847325E-02  8.252968E-02  1.472943E+01
     4.2500    5.948148E-02  8.303407E-02  1.490941E+01
     4.3000    4.797154E-02  8.339332E-02  1.509506E+01
     4.3500    3.422872E-02  8.349874E-02  1.528558E+01
     4.4000    1.882260E-02  8.327210E-02  1.547996E+01
     4.4500    2.565627E-03  8.285983E-02  1.567699E+01
     4.5000   -1.370167E-02  8.206007E-02  1.587572E+01
     4.5500   -2.902733E-02  8.088248E-02  1.607503E+01
     4.6000   -4.255712E-02  7.936157E-02  1.627394E+01
     4.6500   -5.375580E-02  7.767149E-02  1.647235E+01
     4.7000   -6.209545E-02  7.575431E-02  1.666884E+01
     4.7500   -6.739936E-02  7.367969E-02  1.686288E+01
     4.8000   -6.971909E-02  7.151578E-02  1.705413E+01
     4.8500   -6.934059E-02  6.938335E-02  1.724365E+01
     4.9000   -6.649309E-02  6.726429E-02  1.743033E+01
     4.9500   -6.156133E-02  6.520011E-02  1.761443E+01
     5.0000   -5.493900E-02  6.321752E-02  1.779628E+01
     5.0500   -4.700369E-02  6.139490E-02  1.797759E+01
     5.1000   -3.808361E-02  5.967546E-02  1.815743E+01
     5.1500   -2.851399E-02  5.805497E-02  1.833614E+01
     5.2000   -1.861467E-02  5.652563E-02  1.851398E+01
     5.2500   -8.603192E-03  5.514523E-02  1.869291E+01
     5.3000    1.176547E-03  5.384318E-02  1.887141E+01
     5.3500    1.045329E-02  5.261580E-02  1.904956E+01
     5.4000    1.898796E-02  5.146381E-02  1.922744E+01
     5.4500    2.670804E-02  5.044602E-02  1.940749E+01
     5.5000    3.331442E-02  4.949876E-02  1.958786E+01
     5.5500    3.866199E-02  4.862079E-02  1.976885E+01
     5.6000    4.263378E-02  4.780681E-02  1.995085E+01
     5.6500    4.520681E-02  4.709221E-02  2.013643E+01
     5.7000    4.618776E-02  4.640399E-02  2.032378E+01
     5.7500    4.552409E-02  4.572083E-02  2.051315E+01
     5.8000    4.321106E-02  4.501859E-02  2.070468E+01
     5.8500    3.933600E-02  4.433627E-02  2.089987E+01
     5.9000    3.398865E-02  4.358797E-02  2.109685E+01
     5.9500    2.741033E-02  4.275803E-02  2.129527E+01
     6.0000    1.992853E-02  4.183758E-02  2.149467E+01
     6.0500    1.194402E-02  4.099558E-02  2.169551E+01
     6.1000    3.797866E-03  4.008641E-02  2.189626E+01
     6.1500   -4.115395E-03  3.911812E-02  2.209655E+01
     6.2000   -1.143701E-02  3.810281E-02  2.229601E+01
     6.2500   -1.787013E-02  3.705585E-02  2.249437E+01
     6.3000   -2.319631E-02  3.599442E-02  2.269144E+01
     6.3500   -2.728001E-02  3.493577E-02  2.288719E+01
     6.4000   -3.006156E-02  3.389498E-02  2.308175E+01
     6.4500   -3.154206E-02  3.288301E-02  2.327538E+01
     6.5000   -3.176586E-02  3.190505E-02  2.346850E+01
     6.5500   -3.107165E-02  3.123602E-02  2.366458E+01
     6.6000   -2.921944E-02  3.057941E-02  2.386130E+01
     6.6500   -2.630405E-02  2.992242E-02  2.405882E+01
     6.7000   -2.246394E-02  2.925225E-02  2.425712E+01
     6.7500   -1.788462E-02  2.855827E-02  2.445601E+01
     6.8000   -1.279421E-02  2.783372E-02  2.465512E+01
     6.8500   -7.449758E-03  2.707675E-02  2.485401E+01
     6.9000   -2.116077E-03  2.629073E-02  2.505217E+01
     6.9500    2.958484E-03  2.548385E-02  2.524910E+01
     7.0000    7.563909E-03  2.466800E-02  2.544439E+01
     7.0500    1.166937E-02  2.399083E-02  2.564072E+01
     7.1000    1.506456E-02  2.332391E-02  2.583492E+01
     7.1500    1.768610E-02  2.268100E-02  2.602705E+01
     7.2000    1.951543E-02  2.207339E-02  2.621734E+01
     7.2500    2.056490E-02  2.150861E-02  2.640621E+01
     7.3000    2.086436E-02  2.098968E-02  2.659421E+01
     7.3500    2.045210E-02  2.051507E-02  2.678191E+01
     7.4000    1.937155E-02  2.007941E-02  2.696985E+01
     7.4500    1.767355E-02  1.967464E-02  2.715847E+01
     7.5000    1.542167E-02  1.929149E-02  2.734803E+01
     7.5500    1.270023E-02  1.895151E-02  2.753993E+01
     7.6000    9.605329E-03  1.862090E-02  2.773235E+01
     7.6500    6.258827E-03  1.829609E-02  2.792520E+01
     7.7000    2.792575E-03  1.797536E-02  2.811835E+01
     7.7500   -6.592153E-04  1.765865E-02  2.831167E+01
     7.8000   -3.967754E-03  1.734709E-02  2.850510E+01
     7.8500   -7.015967E-03  1.704237E-02  2.869863E+01
     7.9000   -9.702478E-03  1.674614E-02  2.889231E+01
     7.9500   -1.194340E-02  1.645950E-02  2.908627E+01
     8.0000   -1.367268E-02  1.618273E-02  2.928070E+01
     8.0500   -1.488219E-02  1.595727E-02  2.947596E+01
     8.1000   -1.551195E-02  1.574707E-02  2.967211E+01
     8.1500   -1.554456E-02  1.554918E-02  2.986950E+01
     8.2000   -1.497758E-02  1.535906E-02  3.006847E+01
     8.2500   -1.382670E-02  1.517093E-02  3.026927E+01
     8.3000   -1.213016E-02  1.497828E-02  3.047203E+01
     8.3500   -9.952691E-03  1.477450E-02  3.067680E+01
     8.4000   -7.387503E-03  1.455340E-02  3.088351E+01
     8.4500   -4.554825E-03  1.430964E-02  3.109199E+01
     8.5000   -1.596491E-03  1.403915E-02  3.130196E+01
     8.5500    1.351921E-03  1.381595E-02  3.151394E+01
     8.6000    4.149149E-03  1.356536E-02  3.172677E+01
     8.6500    6.650536E-03  1.328703E-02  3.194014E+01
     8.7000    8.731875E-03  1.298172E-02  3.215368E+01
     8.7500    1.029904E-02  1.265119E-02  3.236706E+01
     8.8000    1.129447E-02  1.229797E-02  3.257995E+01
     8.8500    1.169992E-02  1.192530E-02  3.279200E+01
     8.9000    1.153540E-02  1.153691E-02  3.300290E+01
     8.9500    1.085463E-02  1.113694E-02  3.321236E+01
     9.0000    9.737872E-03  1.072983E-02  3.342010E+01
     9.0500    8.338825E-03  1.040221E-02  3.362749E+01
     9.1000    6.678980E-03  1.007518E-02  3.383282E+01
     9.1500    4.859132E-03  9.753021E-03  3.403598E+01
     9.2000    2.974704E-03  9.439865E-03  3.423693E+01
     9.2500    1.110123E-03  9.139561E-03  3.443575E+01
     9.3000   -6.644387E-04  8.855405E-03  3.463262E+01
     9.3500   -2.293866E-03  8.589879E-03  3.482784E+01
     9.4000   -3.736752E-03  8.344424E-03  3.502184E+01
     9.4500   -4.962661E-03  8.119280E-03  3.521512E+01
     9.5000   -5.948971E-03  7.913434E-03  3.540824E+01
     9.5500   -6.727235E-03  7.773197E-03  3.560355E+01
     9.6000   -7.238053E-03  7.647322E-03  3.579967E+01
     9.6500   -7.467614E-03  7.532464E-03  3.599700E+01
     9.7000   -7.408058E-03  7.424944E-03  3.619577E+01
     9.7500   -7.060176E-03  7.321093E-03  3.639609E+01
     9.8000   -6.436144E-03  7.217566E-03  3.659795E+01
     9.8500   -5.561418E-03  7.111581E-03  3.680121E+01
     9.9000   -4.475118E-03  7.001061E-03  3.700565E+01
     9.9500   -3.228609E-03  6.884695E-03  3.721101E+01
    10.0000   -1.882436E-03  6.761909E-03  3.741700E+01
    10.0500   -4.978905E-04  6.661258E-03  3.762430E+01
    10.1000    8.676634E-04  6.554884E-03  3.783187E+01
    10.1500    2.151172E-03  6.443300E-03  3.803951E+01
    10.2000    3.296030E-03  6.327253E-03  3.824705E+01
    10.2500    4.255100E-03  6.207600E-03  3.845436E+01
    10.3000    4.992730E-03  6.085209E-03  3.866134E+01
    10.3500    5.485792E-03  5.960890E-03  3.886795E+01
    10.4000    5.723897E-03  5.835358E-03  3.907414E+01
    10.4500    5.708944E-03  5.709229E-03  3.927989E+01
    10.5000    5.454158E-03  5.583036E-03  3.948519E+01
    10.5500    4.982713E-03  5.457259E-03  3.969002E+01
    10.6000    4.325994E-03  5.332357E-03  3.989438E+01
    10.6500    3.521581E-03  5.208788E-03  4.009827E+01
    10.7000    2.611048E-03  5.087014E-03  4.030171E+01
    10.7500    1.637733E-03  4.967483E-03  4.050473E+01
    10.8000    6.446590E-04  4.850601E-03  4.070741E+01
    10.8500   -3.272305E-04  4.736678E-03  4.090984E+01
    10.9000   -1.240423E-03  4.625885E-03  4.111217E+01
    10.9500   -2.061765E-03  4.518209E-03  4.131456E+01
    11.0000   -2.763060E-03  4.413429E-03  4.151719E+01
    11.0500   -3.352827E-03  4.348781E-03  4.172108E+01
    11.1000   -3.790476E-03  4.287091E-03  4.192540E+01
    11.1500   -4.061867E-03  4.227899E-03  4.213032E+01
    11.2000   -4.158666E-03  4.170537E-03  4.233603E+01
    11.2500   -4.078834E-03  4.114174E-03  4.254267E+01
    11.3000   -3.827204E-03  4.057881E-03  4.275030E+01
    11.3500   -3.415974E-03  4.000708E-03  4.295897E+01
    11.4000   -2.864889E-03  3.941771E-03  4.316864E+01
    11.4500   -2.200856E-03  3.880325E-03  4.337922E+01
    11.5000   -1.456872E-03  3.815820E-03  4.359056E+01
    11.5500   -6.702516E-04  3.747933E-03  4.380250E+01
    11.6000    1.196937E-04  3.676572E-03  4.401486E+01
    11.6500    8.742346E-04  3.601856E-03  4.422746E+01
    11.7000    1.557736E-03  3.524063E-03  4.444016E+01
    11.7500    2.139792E-03  3.443576E-03  4.465281E+01
    11.8000    2.596791E-03  3.360815E-03  4.486533E+01
    11.8500    2.912831E-03  3.276184E-03  4.507766E+01
    11.9000    3.080054E-03  3.190027E-03  4.528975E+01
    11.9500    3.098501E-03  3.102614E-03  4.550160E+01
    12.0000    2.975618E-03  3.014149E-03  4.571316E+01
    12.0500    2.754656E-03  2.960816E-03  4.592847E+01
    12.1000    2.414454E-03  2.906598E-03  4.614356E+01
    12.1500    1.975821E-03  2.851571E-03  4.635840E+01
    12.2000    1.463602E-03  2.795838E-03  4.657294E+01
    12.2500    9.052157E-04  2.739539E-03  4.678713E+01
    12.3000    3.290663E-04  2.682850E-03  4.700092E+01
    12.3500   -2.370268E-04  2.625979E-03  4.721428E+01
    12.4000   -7.672625E-04  2.569147E-03  4.742716E+01
    12.4500   -1.239042E-03  2.512570E-03  4.763958E+01
    12.5000   -1.633842E-03  2.456440E-03  4.785155E+01
    12.5500   -1.937764E-03  2.400908E-03  4.806311E+01
    12.6000   -2.141800E-03  2.346073E-03  4.827430E+01
    12.6500   -2.241857E-03  2.291976E-03  4.848518E+01
    12.7000   -2.238608E-03  2.238609E-03  4.869580E+01
    12.7500   -2.137206E-03  2.185925E-03  4.890621E+01
    12.8000   -1.946870E-03  2.133853E-03  4.911644E+01
    12.8500   -1.680341E-03  2.082317E-03  4.932650E+01
    12.9000   -1.353201E-03  2.031251E-03  4.953639E+01
    12.9500   -9.830649E-04  1.980612E-03  4.974610E+01
    13.0000   -5.886658E-04  1.930383E-03  4.995560E+01
    13.0500   -1.923071E-04  1.891297E-03  5.016363E+01
    13.1000    1.955570E-04  1.852723E-03  5.037123E+01
    13.1500    5.586791E-04  1.814773E-03  5.057842E+01
    13.2000    8.827897E-04  1.777544E-03  5.078520E+01
    13.2500    1.156068E-03  1.741121E-03  5.099161E+01
    13.3000    1.369463E-03  1.705569E-03  5.119769E+01
    13.3500    1.516872E-03  1.670942E-03  5.140348E+01
    13.4000    1.595190E-03  1.637281E-03  5.160904E+01
    13.4500    1.604229E-03  1.604612E-03  5.181444E+01
    13.5000    1.546542E-03  1.572945E-03  5.201976E+01
    13.5500    1.427150E-03  1.542267E-03  5.222509E+01
    13.6000    1.253221E-03  1.512535E-03  5.243055E+01
    13.6500    1.033726E-03  1.483674E-03  5.263624E+01
    13.7000    7.790872E-04  1.455570E-03  5.284228E+01
    13.7500    5.008248E-04  1.428078E-03  5.304876E+01
    13.8000    2.111817E-04  1.401031E-03  5.325577E+01
    13.8500   -7.729777E-05  1.374256E-03  5.346335E+01
    13.9000   -3.522534E-04  1.347590E-03  5.367154E+01
    13.9500   -6.020545E-04  1.320894E-03  5.388034E+01
    14.0000   -8.163662E-04  1.294070E-03  5.408973E+01
    14.0500   -9.995772E-04  1.280579E-03  5.430265E+01
    14.1000   -1.133993E-03  1.266543E-03  5.451628E+01
    14.1500   -1.213726E-03  1.251814E-03  5.473056E+01
    14.2000   -1.235617E-03  1.236269E-03  5.494538E+01
    14.2500   -1.199507E-03  1.219821E-03  5.516063E+01
    14.3000   -1.108302E-03  1.202424E-03  5.537617E+01
    14.3500   -9.678147E-04  1.184070E-03  5.559185E+01
    14.4000   -7.863835E-04  1.164791E-03  5.580753E+01
    14.4500   -5.743147E-04  1.144649E-03  5.602306E+01
    14.5000   -3.431959E-04  1.123730E-03  5.623830E+01
    14.5500   -1.051513E-04  1.102144E-03  5.645312E+01
    14.6000    1.279018E-04  1.080015E-03  5.666737E+01
    14.6500    3.449449E-04  1.057492E-03  5.688094E+01
    14.7000    5.364531E-04  1.034743E-03  5.709369E+01
    14.7500    6.948546E-04  1.011961E-03  5.730553E+01
    14.8000    8.148176E-04  9.893667E-04  5.751635E+01
    14.8500    8.933420E-04  9.672012E-04  5.772613E+01
    14.9000    9.296498E-04  9.457152E-04  5.793488E+01
    14.9500    9.249020E-04  9.251518E-04  5.814270E+01
    15.0000    8.818027E-04  9.057219E-04  5.834979E+01
    15.0500    8.114586E-04  8.942154E-04  5.855308E+01
    15.1000    7.104689E-04  8.840673E-04  5.875688E+01
    15.1500    5.827049E-04  8.750988E-04  5.896160E+01
    15.2000    4.328418E-04  8.670606E-04  5.916758E+01
    15.2500    2.664664E-04  8.596513E-04  5.937510E+01
    15.3000    9.012683E-05  8.525387E-04  5.958435E+01
    15.3500   -8.873810E-05  8.453815E-04  5.979542E+01
    15.4000   -2.620306E-04  8.378483E-04  6.000834E+01
    15.4500   -4.213915E-04  8.296331E-04  6.022303E+01
    15.5000   -5.587339E-04  8.204666E-04  6.043938E+01
    15.5500   -6.668535E-04  8.101231E-04  6.065720E+01
    15.6000   -7.400391E-04  7.984235E-04  6.087626E+01
    15.6500   -7.746050E-04  7.852368E-04  6.109631E+01
    15.7000   -7.692719E-04  7.704798E-04  6.131706E+01
    15.7500   -7.253467E-04  7.541181E-04  6.153818E+01
    15.8000   -6.466641E-04  7.361669E-04  6.175931E+01
    15.8500   -5.392861E-04  7.166938E-04  6.198006E+01
    15.9000   -4.109772E-04  6.958221E-04  6.220001E+01
    15.9500   -2.705043E-04  6.737322E-04  6.241870E+01
    16.0000   -1.268406E-04  6.506625E-04  6.263566E+01
    16.0500    8.639229E-06  6.292462E-04  6.284558E+01
    16.1000    1.330013E-04  6.077358E-04  6.305249E+01
    16.1500    2.414511E-04  5.865521E-04  6.325611E+01
    16.2000    3.309938E-04  5.661090E-04  6.345634E+01
    16.2500    4.002984E-04  5.467923E-04  6.365323E+01
    16.3000    4.493703E-04  5.289355E-04  6.384703E+01
    16.3500    4.791182E-04  5.127971E-04  6.403821E+01
    16.4000    4.909066E-04  4.985410E-04  6.422742E+01
    16.4500    4.861827E-04  4.862227E-04  6.441548E+01
    16.5000    4.662391E-04  4.757852E-04  6.460331E+01
    16.5500    4.321429E-04  4.670652E-04  6.479180E+01
    16.6000    3.848223E-04  4.598090E-04  6.498182E+01
    16.6500    3.252721E-04  4.536960E-04  6.517404E+01
    16.7000    2.548134E-04  4.483664E-04  6.536899E+01
    16.7500    1.753376E-04  4.434484E-04  6.556695E+01
    16.8000    8.946720E-05  4.385831E-04  6.576801E+01
    16.8500    5.842804E-07  4.334445E-04  6.597210E+01
    16.9000   -8.729483E-05  4.277541E-04  6.617897E+01
    16.9500   -1.697910E-04  4.212908E-04  6.638827E+01
    17.0000   -2.425427E-04  4.138955E-04  6.659956E+01
    17.0500   -3.049528E-04  4.081949E-04  6.681710E+01
    17.1000   -3.505840E-04  4.014097E-04  6.703555E+01
    17.1500   -3.771354E-04  3.935582E-04  6.725434E+01
    17.2000   -3.837329E-04  3.847117E-04  6.747289E+01
    17.2500   -3.709734E-04  3.749867E-04  6.769068E+01
    17.3000   -3.407920E-04  3.645376E-04  6.790717E+01
    17.3500   -2.961798E-04  3.535484E-04  6.812192E+01
    17.4000   -2.408060E-04  3.422229E-04  6.833451E+01
    17.4500   -1.786054E-04  3.307761E-04  6.854465E+01
    17.5000   -1.133955E-04  3.194239E-04  6.875212E+01
    17.5500   -4.857332E-05  3.083723E-04  6.895686E+01
    17.6000    1.307482E-05  2.978070E-04  6.915896E+01
    17.6500    6.944094E-05  2.878825E-04  6.935865E+01
    17.7000    1.190537E-04  2.787127E-04  6.955638E+01
    17.7500    1.609578E-04  2.703631E-04  6.975273E+01
    17.8000    1.945551E-04  2.628465E-04  6.994838E+01
    17.8500    2.194529E-04  2.561226E-04  7.014412E+01
    17.9000    2.353543E-04  2.501018E-04  7.034071E+01
    17.9500    2.420163E-04  2.446542E-04  7.053885E+01
    18.0000    2.392802E-04  2.396205E-04  7.073913E+01
    18.0500    2.303393E-04  2.380354E-04  7.094081E+01
    18.1000    2.120262E-04  2.365771E-04  7.114545E+01
    18.1500    1.846585E-04  2.350777E-04  7.135309E+01
    18.2000    1.490908E-04  2.333820E-04  7.156366E+01
    18.2500    1.067773E-04  2.313559E-04  7.177691E+01
    18.3000    5.974928E-05  2.288910E-04  7.199253E+01
    18.3500    1.050463E-05  2.259080E-04  7.221011E+01
    18.4000   -3.818359E-05  2.223579E-04  7.242921E+01
    18.4500   -8.351093E-05  2.182216E-04  7.264934E+01
    18.5000   -1.229028E-04  2.135078E-04  7.287001E+01
    18.5500   -1.542535E-04  2.082509E-04  7.309076E+01
    18.6000   -1.761084E-04  2.025067E-04  7.331111E+01
    18.6500   -1.877643E-04  1.963490E-04  7.353063E+01
    18.7000   -1.892800E-04  1.898645E-04  7.374894E+01
    18.7500   -1.814004E-04  1.831483E-04  7.396569E+01
    18.8000   -1.654152E-04  1.762987E-04  7.418064E+01
    18.8500   -1.429782E-04  1.694123E-04  7.439359E+01
    18.9000   -1.159181E-04  1.625793E-04  7.460446E+01
    18.9500   -8.606797E-05  1.558786E-04  7.481329E+01
    19.0000   -5.513322E-05  1.493743E-04  7.502019E+01
    19.0500   -2.509479E-05  1.447099E-04  7.522393E+01
    19.1000    3.903959E-06  1.402692E-04  7.542606E+01
    19.1500    3.085244E-05  1.360796E-04  7.562694E+01
    19.2000    5.494045E-05  1.321508E-04  7.582698E+01
    19.2500    7.552744E-05  1.284753E-04  7.602665E+01
    19.3000    9.211063E-05  1.250295E-04  7.622642E+01
    19.3500    1.043036E-04  1.217768E-04  7.642670E+01
    19.4000    1.118320E-04  1.186710E-04  7.662787E+01
    19.4500    1.145473E-04  1.156602E-04  7.683019E+01
    19.5000    1.124546E-04  1.126912E-04  7.703382E+01
    19.5500    1.057443E-04  1.097134E-04  7.723882E+01
    19.6000    9.481783E-05  1.066820E-04  7.744512E+01
    19.6500    8.029597E-05  1.035611E-04  7.765255E+01
    19.7000    6.300266E-05  1.003249E-04  7.786085E+01
    19.7500    4.392133E-05  9.695935E-05  7.806970E+01
    19.8000    2.412686E-05  9.346202E-05  7.827871E+01
    19.8500    4.701525E-06  8.984178E-05  7.848746E+01
    19.9000   -1.335348E-05  8.611764E-05  7.869551E+01
    19.9500   -2.919770E-05  8.231717E-05  7.890241E+01
    20.0000   -4.221070E-05  7.847444E-05  7.910775E+01
