# # Once                                                         FEFF 10.0.0 
# # POT  SCF 100  9.0000   0, NO core-hole, FOLP (folp(0)= 1.150)
# # Abs   Z=30 Rmt= 1.372 Rnm= 1.517 K  shell
# #   RGRID 0.0100
# # Pot 1 Z= 6 Rmt= 0.897 Rnm= 1.122
# # Pot 2 Z= 6 Rmt= 0.924 Rnm= 1.165
# # Pot 3 Z= 1 Rmt= 0.550 Rnm= 0.957
# # Pot 4 Z=16 Rmt= 1.259 Rnm= 1.479
# # Gam_ch=1.897E+00 H-L exch Vi=-5.000E-01 Vr= 0.000E+00
# # Mu=-7.298E+00eV kf=1.976E+00 Vint=-1.295E+01eV Rs_int= 1.836
# # PATH  Rmax= 9.000,  Keep_limit= 0.00, Heap_limit 0.00  Pwcrit= 2.50%
#  S02=1.000  Temp=  10.00  Debye_temp= 315.00  Global_sig2= 0.00000
#  Energy zero shift, vr, vi    0.00000E+00   0.00000E+00
#  Curved wave amplitude ratio filter   4.000%
#     file         sig2 tot  cw amp ratio   deg  nlegs   reff  inp sig2
#           1       0.00293    100.00      1.00     2   2.3503
#           2       0.00293     99.62      1.00     2   2.3540
#           3       0.00304    198.10      2.00     2   2.3595
#           4       0.02161     14.02      1.00     2   3.0779
#           5       0.02301     13.21      1.00     2   3.1537
#           6       0.00575     44.92      1.00     2   3.2170
#           7       0.02564     12.53      1.00     2   3.2227
#           8       0.00584     42.99      1.00     2   3.2740
#           9       0.02580     12.03      1.00     2   3.2769
#          10       0.00567     42.62      1.00     2   3.2854
#          11       0.02462     11.87      1.00     2   3.2946
#          12       0.00580     41.90      1.00     2   3.3079
#          13       0.02568     11.42      1.00     2   3.3472
#          14       0.02520      9.51      1.00     2   3.6062
#          15       0.02503      9.25      1.00     2   3.6470
#          16       0.00400     50.42      2.00     3   3.6990
#          17       0.01078     17.41      2.00     3   3.7282
#          18       0.00412     49.75      2.00     3   3.7289
#          19       0.00402     49.92      2.00     3   3.7309
#          20       0.00410     49.29      2.00     3   3.7469
#          21       0.01226     13.05      2.00     3   3.7663
#          22       0.01132     15.52      2.00     3   3.7770
#          23       0.01248     12.25      2.00     3   3.7934
#          24       0.01206     12.15      2.00     3   3.8311
#          25       0.01251     11.51      2.00     3   3.8570
#          26       0.01446      9.44      2.00     3   3.9138
#          27       0.01473      9.15      2.00     3   3.9595
#          28       0.01519      8.99      2.00     3   3.9931
#          29       0.01308     11.51      2.00     3   4.0035
#          30       0.01323     12.60      2.00     3   4.0129
#          31       0.01523      8.84      2.00     3   4.0215
#          32       0.01493      8.78      2.00     3   4.0321
#          33       0.01512      8.66      2.00     3   4.0582
#          34       0.01896      4.92      2.00     3   4.1280
#          35       0.01863     11.12      1.00     4   4.1709
#          37       0.00438     18.44      1.00     4   4.1764
#          38       0.00438     20.04      1.00     4   4.1811
#          39       0.00460     18.69      1.00     4   4.1838
#          40       0.00452     17.75      1.00     4   4.1859
#          41       0.01484      8.16      2.00     3   4.1900
#          42       0.01892      4.71      2.00     3   4.1992
#          43       0.01492      8.19      2.00     3   4.2061
#          45       0.01879      4.72      2.00     3   4.2425
#          46       0.00424     11.65      2.00     3   4.2439
#          47       0.00428     11.58      2.00     3   4.2453
#          48       0.00428     11.61      2.00     3   4.2466
#          49       0.01882     10.42      1.00     4   4.2462
#          51       0.01886      4.63      2.00     3   4.2583
#          54       0.00420     12.44      2.00     3   4.2884
#          55       0.00429     13.19      2.00     3   4.3102
#          57       0.01844      9.66      1.00     4   4.3157
#          58       0.00427     13.46      2.00     3   4.3377
#          59       0.01700      6.40      2.00     4   4.3428
#          60       0.01820      9.21      1.00     4   4.3699
#          61       0.01069      4.65      1.00     4   4.3788
#          62       0.01855      9.13      1.00     4   4.3881
#          64       0.01712      6.12      2.00     4   4.4141
#          65       0.01837      8.74      1.00     4   4.4400
#          66       0.01074      7.18      2.00     4   4.4425
#          67       0.01748      6.18      2.00     4   4.4557
#          68       0.01089      8.39      2.00     4   4.4584
#          69       0.01741      6.01      2.00     4   4.4726
#          70       0.00940      5.29      2.00     4   4.5720
#          71       0.00946      4.59      2.00     4   4.5874
#          73       0.00579     17.65      1.00     2   4.6358
#          75       0.00542     17.43      1.00     2   4.6578
#          76       0.00592     17.19      1.00     2   4.6825
#          77       0.00561     64.51      2.00     3   4.6948
#          78       0.00747      6.51      2.00     3   4.6973
#          79       0.01753      7.09      1.00     4   4.6991
#          80       0.00586     12.30      1.00     4   4.7006
#          81       0.00547     16.98      1.00     2   4.7044
#          82       0.00465      6.21      2.00     4   4.7043
#          83       0.00587     12.20      1.00     4   4.7080
#          85       0.00455      5.05      2.00     4   4.7098
#          88       0.00543     52.36      2.00     3   4.7186
#          89       0.00598     12.07      1.00     4   4.7184
#          90       0.00462      6.80      2.00     4   4.7187
#          91       0.00607     12.06      1.00     4   4.7189
#          92       0.00622     71.36      1.00     4   4.7317
#          93       0.01813      6.84      1.00     4   4.7404
#          94       0.00567     61.03      2.00     3   4.7467
#          95       0.00564     54.04      2.00     3   4.7527
#          96       0.02618      4.72      1.00     2   4.7653
#          97       0.00634     66.95      1.00     4   4.7889
#         100       0.00610     54.74      1.00     4   4.8013
#         101       0.01537      5.77      2.00     5   4.8216
#         103       0.00634     57.38      1.00     4   4.8228
#         105       0.00982      5.90      2.00     5   4.8243
#         106       0.00761      5.54      2.00     3   4.8273
#         107       0.00981      4.05      2.00     5   4.8398
#         108       0.02551      4.49      1.00     2   4.8588
#         109       0.01575     11.33      2.00     5   4.8593
#         111       0.01534      4.84      2.00     5   4.8700
#         112       0.00487     27.69      2.00     3   4.8827
#         113       0.00773      5.33      2.00     3   4.8858
#         114       0.01632     10.86      2.00     5   4.8865
#         115       0.00476     28.32      2.00     3   4.8956
#         116       0.00775      5.25      2.00     3   4.8986
#         117       0.00496     29.19      2.00     3   4.9089
#         118       0.00488     30.13      2.00     3   4.9197
#         120       0.01580     10.61      2.00     5   4.9246
#         121       0.00447     56.91      2.00     4   4.9325
#         122       0.00862      8.73      2.00     3   4.9348
#         123       0.01653     10.27      2.00     5   4.9499
#         124       0.00458     57.85      2.00     4   4.9620
#         125       0.00454     47.38      2.00     4   4.9655
#         126       0.00460     51.21      2.00     4   4.9791
#         127       0.00899      8.25      2.00     3   4.9952
#         128       0.02157      4.16      1.00     2   5.0022
#         130       0.00909      7.70      2.00     3   5.0158
#         131       0.00897     18.02      2.00     4   5.0176
#         139       0.00692      4.97      2.00     3   5.0354
#         140       0.02074      4.09      1.00     2   5.0365
#         141       0.02161      4.09      1.00     2   5.0376
#         142       0.00907      7.32      2.00     3   5.0429
#         143       0.00620      8.91      1.00     4   5.0440
#         144       0.02219      7.44      2.00     3   5.0522
#         145       0.00984     19.52      2.00     4   5.0528
#         146       0.00929     17.96      2.00     4   5.0654
#         147       0.02097      4.02      1.00     2   5.0704
#         148       0.00887      7.29      2.00     3   5.0753
#         149       0.00723      4.90      2.00     3   5.0784
#         150       0.01006     19.20      2.00     4   5.0798
#         151       0.01798     10.76      2.00     5   5.0964
#         152       0.00660      8.87      1.00     4   5.0984
#         153       0.00902      6.95      2.00     3   5.1005
#         154       0.02222      8.23      2.00     3   5.1019
#         155       0.01712      6.90      2.00     3   5.1059
#         156       0.01856     11.66      2.00     5   5.1063
#         157       0.00650      8.92      1.00     4   5.1115
#         158       0.00970     18.48      2.00     4   5.1176
#         159       0.00526     13.37      1.00     4   5.1297
#         160       0.00525     14.24      1.00     4   5.1333
#         161       0.00660      8.83      1.00     4   5.1346
#         162       0.00538     16.64      1.00     4   5.1350
#         163       0.00535     15.40      1.00     4   5.1353
#         165       0.01015     18.21      2.00     4   5.1428
#         167       0.01168     11.47      2.00     4   5.1613
#         168       0.01724      7.17      2.00     3   5.1641
#         169       0.00468     37.82      2.00     4   5.1640
#         170       0.02143      9.96      2.00     3   5.1708
#         171       0.00464     41.97      2.00     4   5.1768
#         172       0.02131     10.42      2.00     3   5.1878
#         173       0.02164     10.39      2.00     3   5.1894
#         174       0.01666      8.82      2.00     3   5.1905
#         175       0.00478     39.77      2.00     4   5.1916
#         176       0.00475     42.84      2.00     4   5.2016
#         177       0.02155     10.87      2.00     3   5.2052
#         178       0.01641      9.02      2.00     3   5.2078
#         179       0.00484     99.65      2.00     5   5.2138
#         180       0.00864      5.11      2.00     3   5.2165
#         181       0.00874      5.41      2.00     3   5.2187
#         182       0.01225     11.16      2.00     4   5.2218
#         183       0.01656      8.43      2.00     3   5.2368
#         184       0.02145     12.13      2.00     3   5.2376
#         185       0.01277     11.27      2.00     4   5.2441
#         186       0.01195     26.60      2.00     5   5.2441
#         187       0.00496     99.18      2.00     5   5.2438
#         188       0.02160     12.26      2.00     3   5.2460
#         189       0.01344      4.51      2.00     3   5.2471
#         190       0.00497     84.86      2.00     5   5.2468
#         191       0.01644      8.62      2.00     3   5.2531
#         192       0.00504     89.30      2.00     5   5.2618
#         193       0.01519      5.20      2.00     6   5.2671
#         195       0.00951      6.03      1.00     6   5.2694
#         197       0.01277     11.06      2.00     4   5.2713
#         202       0.00953      5.23      1.00     6   5.2783
#         204       0.01337     29.34      2.00     5   5.2811
#         205       0.01097     15.88      2.00     4   5.2889
#         206       0.01258     26.73      2.00     5   5.2919
#         207       0.01950      5.74      2.00     4   5.2944
#         208       0.01564      8.88      2.00     3   5.2963
#         209       0.01122     15.45      2.00     4   5.2992
#         210       0.01694      6.95      2.00     5   5.2995
#         211       0.01256     10.78      2.00     4   5.3037
#         212       0.01345     29.12      2.00     5   5.3082
#         213       0.01557      4.46      2.00     6   5.3089
#         215       0.01587      8.73      2.00     3   5.3135
#         216       0.01315      4.58      2.00     3   5.3172
#         217       0.02197      5.16      2.00     3   5.3290
#         218       0.01138     12.32      2.00     4   5.3299
#         219       0.01276     10.57      2.00     4   5.3297
#         220       0.02399     10.45      1.00     4   5.3328
#         221       0.02410     10.69      1.00     4   5.3364
#         222       0.02040      5.28      2.00     4   5.3381
#         223       0.02399      7.64      1.00     4   5.3390
#         225       0.02397      6.93      1.00     4   5.3393
#         226       0.02402      8.36      1.00     4   5.3400
#         227       0.02400      7.60      1.00     4   5.3411
#         230       0.02396      4.50      1.00     4   5.3451
#         231       0.01319     27.92      2.00     5   5.3459
#         232       0.01991      5.52      2.00     4   5.3472
#         233       0.01591     11.85      2.00     4   5.3590
#         234       0.01592     11.03      2.00     4   5.3591
#         235       0.02050      5.15      2.00     4   5.3665
#         239       0.01347     27.66      2.00     5   5.3719
#         240       0.01537     11.30      2.00     3   5.3746
#         241       0.01168      5.97      2.00     3   5.3766
#         242       0.01480      9.90      1.00     4   5.3791
#         243       0.01519      5.85      1.00     4   5.3790
#         244       0.01513      5.53      1.00     4   5.3788
#         248       0.02261      4.80      2.00     3   5.3837
#         249       0.01161     12.32      2.00     4   5.3874
#         250       0.01597     11.97      2.00     4   5.3878
#         251       0.01596     11.16      2.00     4   5.3886
#         252       0.01599     13.83      2.00     4   5.3915
#         253       0.01597      6.14      2.00     4   5.3928
#         254       0.01135      6.31      2.00     3   5.3938
#         255       0.02009      5.16      2.00     4   5.4016
#         256       0.01604     13.83      2.00     4   5.4038
#         259       0.01597      7.30      2.00     4   5.4072
#         260       0.00961      7.38      2.00     5   5.4083
#         261       0.00472     39.88      2.00     5   5.4110
#         262       0.01149     13.32      2.00     4   5.4135
#         263       0.01497     10.42      2.00     3   5.4145
#         264       0.00472     42.77      2.00     5   5.4146
#         265       0.00487     46.98      2.00     5   5.4169
#         266       0.01157      5.74      2.00     3   5.4176
#         267       0.00481     43.85      2.00     5   5.4180
#         269       0.02044      5.04      2.00     4   5.4277
#         270       0.01138     13.33      2.00     4   5.4307
#         272       0.01531     10.94      2.00     3   5.4341
#         273       0.01139      6.05      2.00     3   5.4340
#         274       0.01126      7.76      2.00     3   5.4357
#         275       0.01514      5.44      1.00     4   5.4357
#         276       0.01505      5.15      1.00     4   5.4360
#         277       0.02063      6.66      2.00     6   5.4358
#         278       0.04544      6.67      2.00     6   5.4358
#         279       0.02239      5.94      2.00     4   5.4371
#         280       0.01486      9.54      1.00     4   5.4370
#         281       0.01235      9.68      2.00     4   5.4461
#         283       0.00640     14.11      2.00     3   5.4474
#         284       0.01458      8.59      1.00     4   5.4486
#         285       0.01248      9.69      2.00     4   5.4482
#         286       0.00998      7.58      2.00     5   5.4482
#         287       0.01516     10.46      2.00     3   5.4487
#         288       0.01501      5.91      1.00     4   5.4503
#         289       0.00621     12.03      2.00     3   5.4570
#         290       0.01138     12.82      2.00     4   5.4599
#         291       0.01764      5.05      2.00     5   5.4603
#         292       0.00745     11.72      2.00     5   5.4630
#         293       0.00626     11.63      2.00     3   5.4637
#         294       0.02354      4.75      2.00     3   5.4646
#         295       0.01127      7.23      2.00     3   5.4657
#         297       0.01478      8.80      1.00     4   5.4702
#         298       0.01514      5.76      1.00     4   5.4712
#         299       0.02138      4.28      1.00     6   5.4722
#         300       0.01138     12.80      2.00     4   5.4762
#         301       0.00633     11.40      2.00     3   5.4769
#         302       0.01094      7.74      2.00     5   5.4819
#         303       0.01196      4.06      2.00     4   5.4940
#         304       0.00766     11.86      2.00     5   5.5043
#         305       0.02089      6.37      2.00     6   5.5070
#         306       0.02357      5.34      2.00     4   5.5077
#         307       0.04660      6.36      2.00     6   5.5076
#         308       0.01117      7.88      2.00     5   5.5090
#         310       0.01122     12.36      2.00     4   5.5185
#         311       0.01348     25.28      2.00     5   5.5184
#         312       0.01087      7.92      2.00     5   5.5190
#         313       0.00757     18.01      2.00     5   5.5261
#         314       0.01345     24.96      2.00     5   5.5288
#         315       0.01166     13.00      2.00     4   5.5309
#         317       0.01915      4.76      2.00     5   5.5345
#         318       0.00830     12.17      2.00     5   5.5348
#         320       0.01132     12.29      2.00     4   5.5359
#         321       0.01663      6.96      2.00     6   5.5354
#         322       0.01190      4.78      2.00     4   5.5436
#         323       0.01163      7.78      2.00     4   5.5452
#         324       0.01161      8.76      2.00     4   5.5450
#         325       0.01118      8.04      2.00     5   5.5450
#         327       0.02311      6.39      2.00     6   5.5491
#         328       0.05480      6.42      2.00     6   5.5487
#         330       0.01702      8.12      2.00     6   5.5518
#         331       0.00792     18.38      2.00     5   5.5533
#         332       0.00960      8.70      2.00     5   5.5542
#         333       0.01116     10.53      2.00     3   5.5557
#         334       0.01172     12.28      2.00     4   5.5561
#         335       0.00765     18.64      2.00     5   5.5569
#         336       0.02282      4.70      2.00     3   5.5587
#         337       0.01185      4.36      2.00     4   5.5603
#         338       0.01091     10.05      2.00     3   5.5614
#         339       0.00845     12.12      2.00     5   5.5619
#         341       0.02303      4.18      2.00     3   5.5650
#         342       0.01079      6.93      2.00     4   5.5649
#         343       0.01078      7.68      2.00     4   5.5651
#         344       0.05058      6.27      2.00     6   5.5651
#         345       0.01074     17.96      2.00     4   5.5659
#         346       0.02257      6.24      2.00     6   5.5656
#         347       0.00672     15.11      2.00     4   5.5673
#         348       0.01169      8.83      2.00     4   5.5688
#         349       0.01171      7.87      2.00     4   5.5694
#         350       0.00895      7.53      2.00     4   5.5710
#         351       0.00817     12.20      2.00     5   5.5725
#         352       0.02609      5.41      2.00     4   5.5730
#         354       0.00791     18.57      2.00     5   5.5736
#         355       0.02425      5.10      2.00     3   5.5765
#         356       0.02037      4.54      2.00     4   5.5777
#         357       0.01114     17.23      2.00     5   5.5821
#         358       0.01115     17.81      2.00     5   5.5820
#         359       0.02039      4.48      2.00     4   5.5867
#         361       0.01064      9.95      2.00     4   5.5897
#         362       0.01056     17.54      2.00     4   5.5897
#         363       0.01078      7.84      2.00     5   5.5934
#         364       0.01187     10.18      2.00     5   5.5964
#         365       0.01187     10.34      2.00     5   5.5964
#         366       0.00849     12.19      2.00     5   5.5977
#         367       0.01151     15.05      2.00     4   5.5983
#         368       0.01116     19.42      2.00     5   5.6018
#         369       0.01123     19.98      2.00     5   5.6020
#         370       0.02048      4.46      2.00     5   5.6021
#         371       0.01121     10.30      2.00     3   5.6023
#         372       0.01121     28.76      2.00     5   5.6029
#         373       0.01000      8.42      2.00     5   5.6037
#         374       0.01123     18.10      2.00     5   5.6110
#         375       0.01121     17.55      2.00     5   5.6116
#         377       0.01130     18.47      2.00     5   5.6137
#         378       0.00534     14.50      2.00     4   5.6148
#         379       0.01143      6.73      2.00     4   5.6143
#         380       0.01088      9.99      2.00     3   5.6153
#         381       0.01082      6.47      2.00     4   5.6168
#         382       0.01081      7.15      2.00     4   5.6166
#         383       0.01117     12.80      2.00     5   5.6167
#         384       0.01076     17.80      2.00     4   5.6182
#         385       0.01110      7.62      2.00     5   5.6205
#         387       0.01079      9.16      2.00     4   5.6235
#         388       0.01074     17.58      2.00     4   5.6239
#         389       0.00533     14.01      2.00     4   5.6244
#         390       0.01133     18.82      2.00     5   5.6263
#         391       0.02621      6.41      2.00     4   5.6272
#         392       0.00664     11.79      2.00     4   5.6280
#         393       0.01120     14.14      2.00     5   5.6305
#         394       0.01130      7.16      2.00     4   5.6315
#         395       0.01147      6.89      2.00     4   5.6329
#         396       0.00912      7.31      2.00     4   5.6335
#         397       0.00538     13.96      2.00     4   5.6343
#         398       0.00889      7.34      2.00     4   5.6357
#         400       0.01140     14.10      2.00     4   5.6384
#         401       0.00657     11.20      2.00     4   5.6446
#         402       0.02489      5.49      2.00     4   5.6486
#         403       0.01138      7.33      2.00     4   5.6493
#         404       0.01190      9.65      2.00     5   5.6527
#         405       0.01191      9.70      2.00     5   5.6540
#         406       0.00537     13.43      2.00     4   5.6552
#         407       0.01084      7.70      2.00     5   5.6554
#         408       0.02054      4.26      2.00     5   5.6563
#         409       0.01153     14.61      2.00     4   5.6576
#         411       0.01116     18.21      2.00     5   5.6590
#         412       0.01126     18.69      2.00     5   5.6589
#         413       0.01132     27.74      2.00     5   5.6604
#         414       0.00668     10.90      2.00     4   5.6619
#         415       0.01167     12.88      2.00     5   5.6651
#         416       0.02025      5.21      2.00     6   5.6654
#         417       0.00905      7.20      2.00     4   5.6671
#         418       0.01074     13.51      2.00     5   5.6704
#         419       0.01155     14.09      2.00     4   5.6725
#         420       0.01101     25.26      2.00     5   5.6725
#         421       0.01124     18.63      2.00     5   5.6724
#         422       0.02011      4.22      2.00     5   5.6746
#         423       0.01184      8.45      2.00     5   5.6746
#         424       0.01116      7.47      2.00     5   5.6814
#         425       0.01129      8.69      2.00     4   5.6826
#         426       0.01186     11.54      2.00     5   5.6862
#         428       0.01458     22.89      2.00     6   5.6896
#         429       0.01136      8.58      2.00     4   5.6921
#         430       0.01084     14.42      2.00     5   5.6927
#         431       0.00630     37.14      1.00     6   5.6923
#         432       0.01203      8.43      2.00     5   5.6930
#         433       0.01121     25.75      2.00     5   5.6941
#         434       0.01135     18.45      2.00     5   5.6937
#         435       0.00637     40.59      1.00     6   5.6958
#         436       0.00643     42.47      1.00     6   5.6987
#         437       0.00642     39.47      1.00     6   5.7008
#         438       0.02583      4.49      2.00     4   5.7011
#         440       0.02060      4.04      2.00     5   5.7258
#         441       0.00909     11.69      2.00     5   5.7279
#         442       0.01267      4.36      1.00     4   5.7291
#         443       0.01004      8.89      1.00     4   5.7309
#         444       0.01598     23.00      2.00     6   5.7309
#         446       0.01338      4.20      2.00     4   5.7347
#         447       0.01647      4.32      2.00     5   5.7378
#         449       0.01187      4.10      2.00     3   5.7399
#         450       0.01339      5.16      2.00     5   5.7406
#         451       0.01183      4.16      2.00     3   5.7432
#         452       0.01166      7.29      2.00     4   5.7444
#         453       0.00931     11.47      2.00     5   5.7447
#         457       0.00974      8.04      1.00     4   5.7527
#         462       0.01926     22.88      2.00     6   5.7631
#         464       0.01188      4.32      2.00     3   5.7698
#         465       0.01191      4.34      2.00     3   5.7717
#         466       0.01472      5.18      2.00     5   5.7715
#         468       0.01176      7.66      2.00     4   5.7745
#         470       0.01108      9.67      2.00     5   5.7753
#         471       0.01175      6.95      2.00     4   5.7772
#         472       0.01017      8.70      1.00     4   5.7775
#         473       0.01618      4.46      2.00     5   5.7776
#         474       0.01192     15.72      2.00     5   5.7779
#         475       0.01340      4.06      2.00     4   5.7784
#         477       0.01205      4.43      2.00     5   5.7809
#         479       0.01201     15.67      2.00     5   5.7825
#         480       0.01212     11.21      2.00     5   5.7827
#         481       0.01210     10.07      2.00     5   5.7829
#         482       0.01220     11.93      2.00     5   5.7841
#         483       0.01219     10.76      2.00     5   5.7847
#         484       0.01211      5.90      2.00     5   5.7867
#         485       0.01376      5.07      2.00     5   5.7871
#         486       0.01196     13.14      2.00     5   5.7880
#         487       0.01619      6.07      2.00     5   5.7878
#         488       0.01613      5.74      2.00     5   5.7878
#         489       0.01648      4.24      2.00     5   5.7878
#         490       0.01232     14.15      2.00     5   5.7880
#         491       0.00955     28.34      2.00     5   5.7896
#         493       0.01352     22.67      2.00     6   5.7903
#         494       0.01178      7.34      2.00     4   5.7913
#         497       0.01500      5.08      2.00     5   5.7975
#         498       0.00988      8.20      1.00     4   5.7994
#         499       0.00968     12.05      2.00     4   5.7991
#         500       0.01837     22.97      2.00     6   5.8009
#         501       0.00985     11.93      2.00     4   5.8026
#         502       0.00983      9.02      2.00     5   5.8028
#         503       0.00984      8.29      2.00     5   5.8026
#         504       0.00969     22.79      2.00     5   5.8036
#         506       0.01629      4.38      2.00     5   5.8058
#         508       0.01236      7.33      2.00     5   5.8116
#         509       0.01171     16.75      2.00     5   5.8118
#         510       0.01092      7.59      2.00     5   5.8120
#         511       0.00965     27.70      2.00     5   5.8136
#         515       0.00952      7.99      2.00     5   5.8244
#         516       0.01675     15.17      2.00     6   5.8248
#         517       0.01680     15.47      2.00     6   5.8247
#         518       0.01186     19.50      1.00     6   5.8249
#         519       0.01223     19.68      1.00     6   5.8250
#         520       0.01109      9.59      2.00     5   5.8263
#         521       0.00972     24.86      1.00     6   5.8266
#         522       0.01339     22.72      2.00     6   5.8268
#         524       0.00987     12.52      2.00     4   5.8287
#         525       0.01179      6.51      2.00     5   5.8302
#         526       0.01284      5.58      2.00     5   5.8299
#         527       0.00977     12.81      2.00     4   5.8307
#         529       0.00993      8.98      2.00     5   5.8319
#         530       0.00994      8.27      2.00     5   5.8321
#         532       0.00977     23.94      2.00     5   5.8335
#         534       0.02136      5.03      2.00     5   5.8343
#         535       0.01452      4.97      2.00     5   5.8361
#         536       0.01589     11.85      2.00     5   5.8370
#         537       0.00976     21.19      2.00     5   5.8367
#         538       0.00988     10.98      2.00     5   5.8366
#         539       0.01585      5.18      2.00     5   5.8382
#         540       0.02080      6.36      2.00     5   5.8390
#         541       0.01218     12.34      2.00     5   5.8398
#         542       0.01238     13.23      2.00     5   5.8398
#         543       0.01611      5.42      2.00     5   5.8396
#         544       0.01588      5.68      2.00     5   5.8402
#         545       0.01589      9.40      2.00     5   5.8411
#         546       0.01589      8.76      2.00     5   5.8411
#         547       0.00966     28.05      2.00     5   5.8416
#         549       0.01598     12.01      2.00     5   5.8428
#         550       0.01598     10.09      2.00     5   5.8427
#         551       0.01612      4.23      2.00     5   5.8430
#         552       0.01598      9.43      2.00     5   5.8435
#         553       0.01175      8.21      2.00     5   5.8458
#         554       0.01251     15.68      2.00     5   5.8460
#         555       0.01098      6.48      2.00     5   5.8456
#         556       0.01590      6.34      2.00     5   5.8462
#         557       0.00978     27.70      2.00     5   5.8477
#         558       0.01001      4.94      2.00     5   5.8489
#         559       0.00980     22.60      2.00     5   5.8503
#         560       0.00993     10.75      2.00     5   5.8499
#         562       0.00965      7.77      2.00     5   5.8539
#         563       0.00963      7.71      2.00     5   5.8551
#         564       0.01414      7.99      2.00     4   5.8567
#         566       0.02421      8.23      2.00     6   5.8576
#         567       0.00978      8.07      2.00     5   5.8583
#         569       0.01391      7.85      2.00     4   5.8600
#         570       0.01372     14.91      2.00     5   5.8612
#         571       0.01502      4.88      2.00     5   5.8611
#         572       0.01386      8.51      2.00     5   5.8611
#         573       0.01390      8.07      2.00     5   5.8608
#         574       0.01639      4.16      2.00     5   5.8680
#         575       0.01297      5.59      2.00     5   5.8688
#         576       0.00979      7.93      2.00     5   5.8728
#         577       0.02181      4.99      2.00     5   5.8729
#         579       0.01675     14.39      2.00     6   5.8818
#         580       0.01651     14.51      2.00     6   5.8824
#         581       0.01229     18.48      1.00     6   5.8821
#         582       0.01207     18.37      1.00     6   5.8821
#         583       0.00981     23.93      1.00     6   5.8839
#         585       0.01398      7.92      2.00     4   5.8877
#         586       0.01413      8.05      2.00     4   5.8890
#         587       0.01427      6.53      2.00     5   5.8887
#         589       0.01394      8.49      2.00     5   5.8906
#         590       0.01397      8.06      2.00     5   5.8909
#         591       0.01381     14.91      2.00     5   5.8919
#         592       0.02117      5.97      2.00     5   5.8930
#         593       0.01372     13.83      2.00     5   5.8941
#         594       0.01581     17.59      2.00     6   5.8944
#         595       0.01216     15.67      1.00     6   5.8944
#         596       0.01704      4.84      2.00     5   5.8948
#         597       0.01630     22.07      2.00     6   5.8947
#         598       0.01177     17.24      1.00     6   5.8946
#         599       0.01066      9.17      2.00     5   5.8956
#         600       0.01368      9.40      2.00     5   5.8957
#         601       0.00986     21.78      1.00     6   5.8964
#         602       0.01349      4.92      2.00     5   5.9030
#         605       0.02307      4.33      2.00     5   5.9084
#         606       0.01377     14.18      2.00     5   5.9092
#         607       0.01380      9.32      2.00     5   5.9102
#         608       0.01056      9.03      2.00     5   5.9128
#         609       0.01073      9.15      2.00     5   5.9148
#         610       0.04814      6.72      2.00     7   5.9146
#         611       0.02599      6.43      2.00     7   5.9150
#         612       0.01657     19.11      2.00     6   5.9158
#         613       0.01611     16.45      2.00     6   5.9153
#         614       0.01251     17.30      1.00     6   5.9161
#         615       0.01157     16.14      1.00     6   5.9159
#         617       0.01959      5.55      2.00     7   5.9177
#         619       0.00996     22.16      1.00     6   5.9179
#         620       0.00967      7.01      2.00     4   5.9184
#         621       0.01520      6.16      2.00     5   5.9230
#         622       0.02226      5.54      2.00     5   5.9284
#         623       0.02463      7.83      2.00     6   5.9290
#         624       0.01367      4.72      2.00     5   5.9302
#         625       0.01939      4.78      2.00     5   5.9309
#         626       0.00958      6.54      2.00     4   5.9311
#         628       0.01067      8.98      2.00     5   5.9312
#         633       0.02327      4.15      2.00     5   5.9355
#         634       0.01463      6.27      2.00     5   5.9362
#         636       0.01337      5.06      2.00     5   5.9397
#         637       0.02166      5.72      2.00     5   5.9404
#         638       0.01784      4.73      2.00     5   5.9410
#         640       0.00974      7.30      2.00     4   5.9450
#         641       0.02270      4.45      2.00     5   5.9449
#         642       0.01544      5.88      2.00     5   5.9499
#         643       0.02224      5.28      2.00     5   5.9553
#         644       0.00970      7.13      2.00     4   5.9557
#         645       0.01384     21.70      2.00     6   5.9574
#         646       0.01973      4.64      2.00     5   5.9580
#         647       0.02536      4.08      2.00     4   5.9602
#         648       0.01699      7.84      2.00     5   5.9612
#         650       0.04495      5.65      2.00     7   5.9625
#         651       0.02577      5.40      2.00     7   5.9629
#         652       0.01056      7.82      2.00     5   5.9639
#         653       0.01362      4.88      2.00     5   5.9655
#         654       0.00950     12.20      2.00     5   5.9681
#         655       0.02302      4.27      2.00     5   5.9716
#         656       0.02664      7.84      2.00     6   5.9716
#         658       0.01387     21.31      2.00     6   5.9743
#         659       0.01061      8.04      2.00     5   5.9749
#         660       0.01057     10.72      2.00     5   5.9760
#         662       0.01052     21.70      2.00     5   5.9778
#         663       0.01740      7.34      2.00     5   5.9801
#         665       0.01507      5.80      2.00     5   5.9875
#         666       0.02617      7.69      2.00     6   5.9875
#         667       0.01097      6.15      2.00     5   5.9887
#         668       0.01140      7.01      2.00     5   5.9888
#         669       0.01078     20.72      2.00     5   5.9904
#         670       0.01737      7.18      2.00     5   5.9900
#         672       0.02197      5.21      2.00     5   5.9927
#         673       0.01915      4.55      2.00     5   5.9948
#         674       0.00959     12.69      2.00     5   5.9979
#         676       0.01486      9.74      2.00     6   5.9997
#         677       0.00959     11.50      2.00     5   6.0011
#         679       0.01144      9.97      2.00     5   6.0022
#         680       0.00847      9.16      1.00     6   6.0024
#         681       0.01082     22.79      2.00     5   6.0039
#         682       0.01602      4.32      2.00     5   6.0044
#         683       0.01056      4.94      2.00     5   6.0052
#         684       0.01730      7.56      2.00     5   6.0050
#         687       0.00841      9.35      1.00     6   6.0081
#         688       0.00888      9.16      1.00     6   6.0082
#         690       0.01552      5.55      2.00     5   6.0129
#         691       0.01096      6.15      2.00     5   6.0129
#         692       0.01124      6.98      2.00     5   6.0129
#         693       0.00875      9.02      1.00     6   6.0125
#         695       0.01638      4.22      2.00     5   6.0143
#         696       0.01078     22.60      2.00     5   6.0147
#         697       0.00963     12.10      2.00     5   6.0152
#         700       0.02211      4.97      2.00     5   6.0190
#         702       0.01977      4.41      2.00     5   6.0222
#         705       0.01058     15.59      2.00     6   6.0257
#         706       0.01077     16.29      2.00     6   6.0257
#         707       0.01127     41.25      2.00     6   6.0274
#         708       0.01666      5.38      2.00     5   6.0281
#         710       0.00956      4.06      2.00     3   6.0288
#         713       0.01064      4.74      2.00     5   6.0321
#         714       0.01709      4.97      2.00     5   6.0324
#         715       0.01726      7.10      2.00     5   6.0333
#         717       0.00981     13.90      2.00     5   6.0352
#         718       0.00999      8.95      2.00     5   6.0351
#         720       0.01730      6.95      2.00     5   6.0429
#         721       0.01609      9.51      2.00     6   6.0427
#         723       0.00976     13.61      2.00     5   6.0480
#         724       0.00537     10.32      2.00     5   6.0493
#         726       0.01068     13.01      2.00     6   6.0515
#         727       0.01070     13.11      2.00     6   6.0529
#         729       0.01059     15.66      2.00     6   6.0551
#         730       0.01068     16.31      2.00     6   6.0551
#         733       0.01116     42.78      2.00     6   6.0569
#         734       0.01648     10.65      2.00     6   6.0565
#         736       0.01694      6.31      2.00     5   6.0574
#         737       0.01121     10.37      2.00     6   6.0586
#         739       0.01119     13.52      2.00     6   6.0592
#         740       0.01121      6.60      2.00     6   6.0589
#         741       0.01032     17.42      2.00     6   6.0588
#         743       0.01144     38.05      2.00     6   6.0606
#         744       0.01114     12.29      2.00     6   6.0622
#         745       0.00987     14.04      2.00     5   6.0628
#         746       0.01006      8.42      2.00     5   6.0625
#         747       0.01119     14.56      2.00     6   6.0640
#         748       0.01118     14.36      2.00     6   6.0642
#         749       0.01128     14.16      2.00     6   6.0652
#         750       0.01090     14.94      2.00     6   6.0659
#         751       0.01128     14.81      2.00     6   6.0665
#         752       0.01016      5.64      2.00     5   6.0672
#         754       0.00632     16.55      2.00     5   6.0697
#         755       0.01121     13.25      2.00     6   6.0695
#         756       0.00628     16.24      2.00     5   6.0699
#         757       0.01117      5.28      2.00     6   6.0720
#         758       0.01087     11.78      2.00     6   6.0722
#         759       0.01054     17.46      2.00     6   6.0724
#         760       0.00640     16.32      2.00     5   6.0732
#         761       0.00985     13.97      2.00     5   6.0731
#         762       0.01156     40.27      2.00     6   6.0741
#         763       0.01920      8.95      2.00     6   6.0754
#         765       0.01619      4.02      2.00     4   6.0774
#         767       0.01047      4.03      2.00     6   6.0784
#         768       0.01070     11.57      2.00     6   6.0800
#         769       0.01032     15.02      2.00     5   6.0804
#         771       0.00834      5.55      2.00     5   6.0812
#         772       0.00828      5.71      2.00     5   6.0812
#         773       0.01706      6.36      2.00     5   6.0829
#         774       0.01080     12.73      2.00     6   6.0830
#         776       0.01037     14.99      2.00     5   6.0839
#         777       0.01002     14.47      2.00     6   6.0839
#         778       0.01081     12.60      2.00     6   6.0835
#         779       0.01018     12.98      2.00     6   6.0839
#         780       0.01002     14.78      2.00     6   6.0841
#         781       0.01014     12.99      2.00     6   6.0841
#         782       0.00911      8.45      2.00     4   6.0850
#         783       0.01017     30.03      2.00     6   6.0849
#         784       0.00987     24.35      2.00     6   6.0849
#         785       0.00865      5.68      2.00     5   6.0884
#         786       0.01067     14.11      2.00     6   6.0879
#         787       0.01834      4.87      2.00     5   6.0885
#         788       0.01772      4.48      2.00     5   6.0926
#         790       0.01686     10.65      2.00     6   6.0954
#         792       0.01077     11.66      2.00     6   6.0978
#         793       0.01617      4.03      2.00     4   6.0996
#         797       0.01074     13.66      2.00     6   6.1023
#         798       0.01939      8.78      2.00     6   6.1026
#         799       0.01050      5.45      2.00     5   6.1034
#         800       0.00856      5.42      2.00     5   6.1061
#         801       0.00851      5.56      2.00     5   6.1061
#         802       0.01748      7.47      2.00     6   6.1079
#         803       0.01056      4.37      2.00     6   6.1076
#         806       0.01235     10.01      2.00     6   6.1106
#         808       0.04730     16.26      2.00     6   6.1106
#         809       0.01047     10.41      2.00     6   6.1106
#         810       0.01830      8.91      2.00     6   6.1103
#         812       0.01650     11.55      2.00     6   6.1108
#         814       0.01040     15.22      2.00     5   6.1115
#         815       0.01037     15.38      2.00     5   6.1125
#         817       0.01309      4.31      2.00     6   6.1126
#         819       0.01057      5.08      2.00     6   6.1133
#         821       0.01012     14.51      2.00     6   6.1139
#         822       0.01011     14.80      2.00     6   6.1138
#         823       0.01023     12.62      2.00     6   6.1138
#         824       0.01025     12.66      2.00     6   6.1139
#         827       0.01723     10.49      2.00     6   6.1152
#         828       0.01724     13.19      2.00     6   6.1152
#         829       0.01700      4.88      2.00     6   6.1153
#         830       0.01696      4.11      2.00     6   6.1153
#         831       0.01026     30.61      2.00     6   6.1153
#         832       0.00994     24.28      2.00     6   6.1153
#         833       0.01006     11.52      2.00     6   6.1159
#         834       0.01036     11.16      2.00     6   6.1159
#         835       0.00989     22.42      2.00     6   6.1180
#         836       0.01017     28.29      2.00     6   6.1180
#         837       0.00997     10.86      2.00     6   6.1179
#         838       0.01003     14.71      2.00     6   6.1179
#         839       0.00921      4.60      2.00     4   6.1190
#         845       0.01759      8.89      2.00     6   6.1244
#         846       0.01230      8.73      2.00     6   6.1252
#         847       0.01054      8.93      2.00     6   6.1252
#         848       0.01058      4.84      2.00     6   6.1277
#         849       0.00823      4.16      1.00     4   6.1285
#         850       0.00766      4.14      1.00     4   6.1312
#         851       0.01011     12.34      2.00     6   6.1316
#         852       0.01027     11.58      2.00     6   6.1316
#         854       0.01801      9.40      2.00     6   6.1313
#         855       0.01008     11.23      2.00     6   6.1327
#         856       0.01010     14.86      2.00     6   6.1327
#         857       0.00993     22.99      2.00     6   6.1330
#         858       0.01022     29.27      2.00     6   6.1330
#         859       0.00781      4.14      1.00     4   6.1340
#         862       0.01938      8.71      2.00     6   6.1363
#         863       0.00858      4.13      1.00     4   6.1366
#         864       0.00776      4.14      1.00     4   6.1374
#         865       0.00625     14.19      2.00     5   6.1373
#         866       0.00839      4.13      1.00     4   6.1392
#         870       0.01826      4.22      2.00     5   6.1422
#         871       0.02214      6.76      2.00     5   6.1453
#         872       0.01918      7.29      2.00     6   6.1457
#         873       0.04784     17.49      2.00     6   6.1457
#         874       0.01876     11.55      2.00     6   6.1460
#         878       0.01319      4.27      2.00     6   6.1476
#         880       0.01891     10.42      2.00     6   6.1514
#         882       0.01814     12.36      2.00     6   6.1514
#         884       0.00601     15.86      1.00     4   6.1517
#         885       0.01851      4.01      2.00     6   6.1522
#         886       0.02593      4.94      2.00     6   6.1522
#         888       0.01830      7.23      2.00     6   6.1554
#         891       0.04977     16.19      2.00     6   6.1579
#         892       0.01640      4.24      2.00     5   6.1587
#         893       0.01744     11.21      2.00     6   6.1587
#         896       0.01819      9.05      2.00     6   6.1586
#         897       0.01988      8.46      2.00     6   6.1593
#         898       0.01311      4.21      2.00     6   6.1604
#         902       0.01795     10.17      2.00     6   6.1628
#         903       0.01773     12.67      2.00     6   6.1628
#         904       0.01771      4.81      2.00     6   6.1632
#         905       0.01767      4.01      2.00     6   6.1632
#         907       0.00964     11.02      2.00     5   6.1653
#         910       0.01775      9.64      2.00     6   6.1681
#         911       0.00962     11.11      2.00     5   6.1689
#         914       0.01847      8.60      2.00     6   6.1705
#         915       0.00977     12.74      2.00     5   6.1710
#         916       0.00973     12.28      2.00     5   6.1714
#         917       0.01127      5.33      2.00     5   6.1718
#         919       0.00577     16.99      1.00     4   6.1726
#         920       0.01930      7.07      2.00     6   6.1729
#         921       0.01874     11.25      2.00     6   6.1730
#         922       0.04568     17.24      2.00     6   6.1728
#         927       0.01357      4.17      2.00     6   6.1747
#         929       0.01898     10.15      2.00     6   6.1783
#         931       0.01810     11.80      2.00     6   6.1783
#         934       0.01864      4.86      2.00     6   6.1793
#         935       0.02003      8.16      2.00     6   6.1864
#         936       0.02856     12.11      2.00     7   6.1894
#         937       0.01820      4.24      2.00     5   6.1908
#         942       0.01805      9.31      2.00     6   6.1946
#         943       0.02197      7.33      2.00     5   6.1950
#         944       0.00897      5.32      2.00     4   6.1967
#         945       0.00624     15.83      1.00     4   6.1974
#         946       0.01157      4.93      2.00     5   6.1978
#         949       0.01671      6.39      2.00     5   6.1990
#         952       0.02934     13.14      2.00     7   6.1997
#         954       0.01644      4.44      2.00     5   6.2010
#         956       0.01145      4.94      2.00     5   6.2046
#         957       0.02108      6.39      2.00     6   6.2049
#         958       0.01596     84.08      2.00     5   6.2096
#         959       0.01898      6.93      2.00     6   6.2097
#         960       0.01824     10.90      2.00     6   6.2107
#         962       0.04627     16.58      2.00     6   6.2111
#         963       0.00856     18.37      2.00     5   6.2121
#         964       0.01314      4.09      2.00     6   6.2125
#         967       0.01866      9.84      2.00     6   6.2159
#         969       0.01797     11.64      2.00     6   6.2159
#         971       0.00827      4.09      1.00     4   6.2173
#         972       0.01540      4.54      2.00     5   6.2169
#         974       0.02507      4.75      2.00     6   6.2174
#         976       0.00603     16.41      1.00     4   6.2193
#         977       0.01824      4.02      2.00     5   6.2223
#         978       0.01183      5.49      2.00     5   6.2227
#         980       0.01834      4.36      2.00     5   6.2237
#         981       0.01958      8.03      2.00     6   6.2240
#         982       0.01039     19.19      1.00     6   6.2248
#         983       0.00812      4.07      1.00     4   6.2264
#         984       0.01184      5.55      2.00     5   6.2264
#         985       0.02031      5.67      2.00     6   6.2275
#         986       0.01050     20.16      1.00     6   6.2281
#         987       0.01198      6.03      2.00     5   6.2294
#         988       0.01191      5.87      2.00     5   6.2303
#         989       0.01066     22.65      1.00     6   6.2300
#         990       0.01065     21.37      1.00     6   6.2303
#         991       0.01176      5.18      2.00     5   6.2317
#         993       0.00926      6.62      2.00     3   6.2340
#         994       0.01475     72.20      2.00     5   6.2345
#         995       0.01878     10.66      2.00     6   6.2359
#         996       0.04445     16.41      2.00     6   6.2357
#         998       0.01933      6.73      2.00     6   6.2370
#         999       0.01369      4.01      2.00     6   6.2377
#        1001       0.00921      7.43      2.00     4   6.2406
#        1004       0.01896      9.60      2.00     6   6.2421
#        1006       0.01808     11.13      2.00     6   6.2421
#        1010       0.01878      4.64      2.00     6   6.2434
#        1014       0.01614    114.00      1.00     6   6.2465
#        1016       0.02001      7.77      2.00     6   6.2506
#        1018       0.00802     14.23      2.00     5   6.2533
#        1019       0.04623     11.08      2.00     6   6.2544
#        1020       0.01953     11.26      2.00     6   6.2546
#        1021       0.02144      5.10      2.00     6   6.2547
#        1024       0.01510      4.92      2.00     6   6.2564
#        1026       0.01680      6.59      2.00     5   6.2572
#        1028       0.01191      6.79      2.00     6   6.2571
#        1029       0.01085      5.48      1.00     6   6.2573
#        1030       0.01349      6.54      2.00     6   6.2575
#        1031       0.01085      5.48      1.00     6   6.2573
#        1033       0.01663      4.39      2.00     5   6.2586
#        1035       0.01006     29.30      2.00     6   6.2591
#        1036       0.01616     80.18      2.00     5   6.2616
#        1038       0.00905      7.47      2.00     4   6.2633
#        1040       0.02376      8.49      2.00     5   6.2639
#        1041       0.01469      4.21      2.00     5   6.2646
#        1042       0.01470      4.10      2.00     5   6.2645
#        1043       0.00763      4.07      1.00     4   6.2664
#        1044       0.01561     73.62      2.00     5   6.2676
#        1045       0.01948      7.93      2.00     6   6.2691
#        1046       0.00850      4.06      1.00     4   6.2701
#        1049       0.01126      9.98      2.00     6   6.2700
#        1050       0.01157     10.43      2.00     6   6.2701
#        1054       0.01023     28.00      2.00     6   6.2717
#        1055       0.01282      4.12      2.00     5   6.2740
#        1057       0.01553      4.49      2.00     5   6.2742
#        1058       0.01288      4.28      2.00     5   6.2758
#        1059       0.00802     11.81      2.00     5   6.2770
#        1061       0.00948     15.57      2.00     5   6.2776
#        1064       0.02426      8.78      2.00     5   6.2810
#        1067       0.00975     18.50      2.00     6   6.2822
#        1069       0.02330      8.80      2.00     5   6.2826
#        1071       0.01703      7.91      2.00     5   6.2836
#        1073       0.01650      4.51      2.00     5   6.2847
#        1074       0.01359      5.26      2.00     6   6.2845
#        1075       0.01994      7.80      2.00     6   6.2844
#        1076       0.01076      7.48      2.00     6   6.2847
#        1077       0.01116     10.76      2.00     6   6.2849
#        1078       0.00976     19.32      2.00     6   6.2857
#        1080       0.01022     29.87      2.00     6   6.2867
#        1081       0.01290      4.39      2.00     5   6.2885
#        1082       0.00991     20.88      2.00     6   6.2884
#        1083       0.00931      7.43      2.00     4   6.2892
#        1084       0.00984     19.95      2.00     6   6.2892
#        1088       0.01093      9.77      2.00     6   6.2947
#        1089       0.01108     10.16      2.00     6   6.2947
#        1091       0.00929      7.42      2.00     4   6.2966
#        1093       0.01020     29.45      2.00     6   6.2965
#        1094       0.02367      9.10      2.00     5   6.2984
#        1097       0.01543      4.61      2.00     5   6.2999
#        1099       0.01721      8.06      2.00     5   6.3010
#        1100       0.01642      4.47      2.00     5   6.3019
#        1103       0.01636    107.50      1.00     6   6.3038
#        1104       0.01951     10.39      2.00     7   6.3068
#        1105       0.01458      7.34      2.00     7   6.3068
#        1106       0.01112     25.96      2.00     7   6.3070
#        1107       0.01430      8.12      2.00     7   6.3068
#        1108       0.01146     25.51      2.00     7   6.3070
#        1109       0.01039     56.91      2.00     7   6.3086
#        1111       0.02175      4.75      2.00     6   6.3147
#        1112       0.04697     10.89      2.00     6   6.3143
#        1113       0.02160     10.20      2.00     6   6.3151
#        1117       0.01531      4.57      2.00     5   6.3171
#        1118       0.01548      4.75      2.00     6   6.3168
#        1120       0.01521     90.81      1.00     6   6.3173
#        1127       0.01868      7.63      2.00     6   6.3261
#        1128       0.01205      5.16      2.00     5   6.3299
#        1130       0.01701      7.58      2.00     5   6.3300
#        1131       0.02465      9.84      2.00     5   6.3308
#        1132       0.00961     15.12      2.00     5   6.3315
#        1133       0.01645      4.39      2.00     5   6.3314
#        1138       0.02105      4.25      2.00     6   6.3372
#        1139       0.04375     11.27      2.00     6   6.3371
#        1140       0.01942     10.37      2.00     7   6.3367
#        1141       0.01082     25.42      2.00     7   6.3370
#        1142       0.04788     28.97      2.00     7   6.3371
#        1143       0.01651      7.47      2.00     7   6.3372
#        1144       0.01452      9.33      2.00     7   6.3367
#        1145       0.01099     24.88      2.00     7   6.3370
#        1146       0.02293      8.18      2.00     6   6.3374
#        1147       0.01597     94.44      1.00     6   6.3377
#        1149       0.02393      7.36      2.00     7   6.3375
#        1150       0.02167     14.60      2.00     7   6.3375
#        1151       0.01958     25.01      2.00     7   6.3374
#        1152       0.01938     10.58      2.00     7   6.3373
#        1153       0.01451      8.85      2.00     7   6.3373
#        1154       0.01033     57.89      2.00     7   6.3388
#        1155       0.02439      9.94      2.00     5   6.3393
#        1156       0.01616      4.45      2.00     6   6.3390
#        1157       0.01532      8.51      2.00     7   6.3392
#        1158       0.01407      5.56      1.00     6   6.3396
#        1159       0.01483     12.15      2.00     7   6.3398
#        1160       0.01167     25.66      2.00     7   6.3399
#        1162       0.01741     19.60      2.00     7   6.3402
#        1163       0.01362     20.45      2.00     7   6.3402
#        1164       0.01089     20.13      2.00     7   6.3401
#        1166       0.00873     13.96      2.00     5   6.3420
#        1167       0.01784      4.69      2.00     5   6.3422
#        1168       0.01027     52.97      2.00     7   6.3419
#        1170       0.01413      5.82      1.00     6   6.3432
#        1172       0.01895      6.97      2.00     6   6.3442
#        1173       0.00942     13.99      2.00     5   6.3461
#        1175       0.01524      4.49      2.00     5   6.3463
#        1176       0.01732      7.72      2.00     5   6.3462
#        1177       0.01421      5.95      1.00     6   6.3468
#        1178       0.01646      4.35      2.00     5   6.3477
#        1179       0.01413      5.73      1.00     6   6.3482
#        1183       0.01214      5.19      2.00     5   6.3519
#        1185       0.01477     11.71      2.00     7   6.3543
#        1186       0.01058     25.69      2.00     7   6.3549
#        1187       0.01711     16.67      2.00     7   6.3547
#        1188       0.01386     17.48      2.00     7   6.3547
#        1189       0.01114     21.07      2.00     7   6.3551
#        1192       0.01040     54.90      2.00     7   6.3568
#        1196       0.01522      4.46      2.00     5   6.3626
#        1197       0.02087      4.06      2.00     6   6.3642
#        1198       0.02248      7.40      2.00     6   6.3644
#        1200       0.04209     11.15      2.00     6   6.3643
#        1202       0.01636      4.36      2.00     6   6.3661
#        1203       0.00963     14.15      2.00     5   6.3668
#        1207       0.02179     13.75      2.00     7   6.3741
#        1208       0.02280     25.04      2.00     7   6.3743
#        1209       0.04648     31.96      2.00     7   6.3741
#        1210       0.01720      7.61      2.00     7   6.3743
#        1212       0.01634      8.61      2.00     7   6.3759
#        1213       0.00839      7.68      2.00     4   6.3804
#        1216       0.01577      4.04      2.00     5   6.3811
#        1217       0.03992     14.55      2.00     6   6.3818
#        1218       0.01946      9.12      2.00     6   6.3820
#        1221       0.01933      5.61      2.00     6   6.3843
#        1222       0.04911     29.16      2.00     7   6.3844
#        1223       0.02337      6.19      2.00     7   6.3849
#        1224       0.02218     13.99      2.00     7   6.3849
#        1225       0.02158     24.30      2.00     7   6.3853
#        1226       0.01635      7.34      2.00     7   6.3851
#        1228       0.01567      8.39      2.00     7   6.3870
#        1230       0.01897      8.27      2.00     6   6.3882
#        1231       0.01791      8.51      2.00     6   6.3882
#        1232       0.01773      7.85      2.00     5   6.3896
#        1233       0.01635      4.05      2.00     5   6.3896
#        1234       0.01872      4.16      2.00     6   6.3896
#        1239       0.01991      8.85      2.00     6   6.3923
#        1240       0.04104     14.22      2.00     6   6.3926
#        1244       0.01925      5.42      2.00     6   6.3953
#        1245       0.02020      6.39      2.00     6   6.3966
#        1246       0.02231      7.68      2.00     6   6.3969
#        1247       0.02110      4.07      2.00     6   6.3966
#        1249       0.04254     10.80      2.00     6   6.3972
#        1250       0.01897      8.06      2.00     6   6.3979
#        1251       0.01801      7.94      2.00     6   6.3979
#        1252       0.00692     29.42      2.00     5   6.3987
#        1253       0.01607      4.37      2.00     6   6.3987
#        1254       0.01864      4.09      2.00     6   6.4000
#        1258       0.00862     12.91      2.00     5   6.4007
#        1259       0.02167     13.26      2.00     7   6.4012
#        1260       0.02235     24.41      2.00     7   6.4014
#        1261       0.04487     31.77      2.00     7   6.4013
#        1262       0.01758      7.49      2.00     7   6.4014
#        1265       0.01654      8.48      2.00     7   6.4031
#        1266       0.01493      4.22      2.00     5   6.4045
#        1269       0.01762      7.74      2.00     5   6.4068
#        1270       0.01641      4.09      2.00     5   6.4071
#        1271       0.02024      6.07      2.00     6   6.4087
#        1272       0.00709     30.91      2.00     5   6.4104
#        1275       0.01767      4.50      2.00     5   6.4122
#        1276       0.00890     14.28      2.00     5   6.4135
#        1279       0.01495      4.27      2.00     5   6.4170
#        1282       0.01500      4.24      2.00     5   6.4220
#        1283       0.02253      6.98      2.00     6   6.4228
#        1285       0.01999     11.98      2.00     6   6.4229
#        1286       0.04103     10.68      2.00     6   6.4226
#        1287       0.01582      6.03      2.00     6   6.4233
#        1289       0.02249      6.09      2.00     6   6.4231
#        1290       0.00726     30.74      2.00     5   6.4238
#        1291       0.01926      7.26      2.00     6   6.4249
#        1292       0.01643      4.26      2.00     6   6.4246
#        1293       0.02301      9.22      1.00     6   6.4261
#        1294       0.01728      5.11      2.00     6   6.4291
#        1295       0.02301      9.38      1.00     6   6.4297
#        1296       0.01572      4.21      2.00     5   6.4305
#        1299       0.02359      7.15      1.00     6   6.4322
#        1300       0.02345      6.60      1.00     6   6.4325
#        1301       0.01737      5.96      2.00     6   6.4323
#        1302       0.02320      7.69      1.00     6   6.4331
#        1303       0.01737      5.71      2.00     6   6.4339
#        1304       0.01746      6.40      2.00     6   6.4337
#        1305       0.00716     32.03      2.00     5   6.4346
#        1306       0.02315      7.12      1.00     6   6.4343
#        1307       0.02301      4.60      1.00     6   6.4382
#        1308       0.02185     13.03      2.00     7   6.4388
#        1309       0.02220     23.62      2.00     7   6.4391
#        1310       0.04524     30.41      2.00     7   6.4394
#        1311       0.01734      7.22      2.00     7   6.4391
#        1312       0.01623      8.28      2.00     7   6.4409
#        1313       0.01499      4.32      2.00     5   6.4422
#        1314       0.02899      8.18      2.00     5   6.4430
#        1315       0.00969     11.87      2.00     6   6.4466
#        1317       0.00723     82.24      2.00     6   6.4473
#        1320       0.00969     11.58      2.00     6   6.4501
#        1323       0.00827     11.28      2.00     5   6.4507
#        1327       0.02841     11.24      2.00     6   6.4522
#        1328       0.01692      4.87      2.00     6   6.4524
#        1329       0.02781     10.56      2.00     6   6.4522
#        1330       0.01694      4.89      2.00     6   6.4521
#        1331       0.01625      6.13      2.00     6   6.4531
#        1332       0.00984     13.06      2.00     6   6.4528
#        1333       0.01624      5.94      2.00     6   6.4532
#        1334       0.00978     12.87      2.00     6   6.4541
#        1337       0.01729      4.76      2.00     6   6.4651
#        1338       0.02240     23.11      2.00     7   6.4651
#        1339       0.04384     30.20      2.00     7   6.4648
#        1340       0.01778      7.07      2.00     7   6.4651
#        1341       0.01728      4.63      2.00     6   6.4653
#        1342       0.02178     12.62      2.00     7   6.4654
#        1343       0.01660      8.11      2.00     7   6.4669
#        1344       0.00728      6.70      2.00     4   6.4685
#        1346       0.01446      6.68      2.00     6   6.4683
#        1347       0.01445      6.46      2.00     6   6.4685
#        1349       0.01790      9.55      2.00     5   6.4695
#        1351       0.01978      5.44      2.00     5   6.4698
#        1352       0.01689      4.09      2.00     5   6.4714
#        1353       0.01924      5.60      1.00     6   6.4719
#        1354       0.01688      5.27      2.00     6   6.4721
#        1355       0.01924      5.90      1.00     6   6.4723
#        1357       0.01664      6.78      2.00     6   6.4731
#        1358       0.01647      6.62      2.00     6   6.4730
#        1360       0.01819      9.48      1.00     6   6.4740
#        1364       0.00728     83.56      2.00     6   6.4769
#        1365       0.01193      8.51      2.00     5   6.4783
#        1369       0.01575      5.09      2.00     6   6.4803
#        1371       0.02337      5.91      2.00     6   6.4807
#        1372       0.01929     12.04      2.00     6   6.4805
#        1373       0.00726     72.51      2.00     6   6.4814
#        1374       0.02783     11.30      2.00     6   6.4810
#        1375       0.01698      4.92      2.00     6   6.4811
#        1376       0.01696      4.90      2.00     6   6.4816
#        1377       0.02756     10.63      2.00     6   6.4817
#        1378       0.01632      6.29      2.00     6   6.4825
#        1379       0.01711      4.14      2.00     6   6.4828
#        1380       0.01957      7.15      2.00     6   6.4824
#        1383       0.01630      6.10      2.00     6   6.4831
#        1384       0.01596      5.59      2.00     6   6.4851
#        1385       0.01596      5.48      2.00     6   6.4850
#        1386       0.01639      6.42      2.00     6   6.4849
#        1387       0.02659     12.77      2.00     6   6.4848
#        1389       0.03105      6.26      2.00     6   6.4858
#        1390       0.02109      5.72      2.00     5   6.4870
#        1391       0.01592      7.04      2.00     6   6.4876
#        1392       0.01592      7.00      2.00     6   6.4875
#        1393       0.01628      4.49      2.00     6   6.4879
#        1395       0.01600      6.53      2.00     6   6.4883
#        1396       0.01593      6.36      2.00     6   6.4882
#        1397       0.01668      4.03      2.00     5   6.4886
#        1399       0.00750     76.84      2.00     6   6.4940
#        1400       0.01735      4.82      2.00     6   6.4941
#        1401       0.01733      4.68      2.00     6   6.4947
#        1402       0.01712      4.44      2.00     6   6.4961
#        1403       0.01742      4.86      2.00     6   6.4968
#        1404       0.01453      6.82      2.00     6   6.4974
#        1405       0.02725     12.75      2.00     6   6.4971
#        1406       0.01642      6.58      2.00     6   6.4975
#        1407       0.01450      6.60      2.00     6   6.4980
#        1408       0.01461      6.99      2.00     6   6.4997
#        1410       0.02827      7.30      2.00     6   6.5003
#        1412       0.01520      4.03      2.00     5   6.5007
#        1413       0.01692      4.25      2.00     6   6.5014
#        1414       0.01603      8.01      2.00     7   6.5013
#        1415       0.01630      4.96      2.00     6   6.5017
#        1416       0.01570      4.64      2.00     7   6.5017
#        1417       0.00963      5.22      2.00     4   6.5024
#        1421       0.01564      5.34      2.00     7   6.5034
#        1422       0.01447      4.78      2.00     6   6.5038
#        1423       0.01205     10.17      2.00     7   6.5041
#        1424       0.01351      8.08      2.00     7   6.5040
#        1425       0.01227      9.04      2.00     5   6.5045
#        1426       0.01143     12.86      2.00     7   6.5043
#        1427       0.01325      5.41      2.00     7   6.5044
#        1428       0.00993     43.46      2.00     7   6.5061
#        1429       0.02330      6.01      2.00     6   6.5068
#        1430       0.02066     13.22      2.00     6   6.5067
#        1432       0.01388      4.45      2.00     7   6.5075
#        1433       0.01172     13.24      2.00     7   6.5077
#        1435       0.01213     13.56      2.00     7   6.5078
#        1437       0.02070      7.29      2.00     6   6.5084
#        1438       0.01744      4.98      2.00     6   6.5092
#        1440       0.01797      8.85      2.00     5   6.5096
#        1443       0.00996     43.77      2.00     7   6.5094
#        1444       0.01172      8.58      2.00     5   6.5103
#        1445       0.00846     10.93      2.00     5   6.5101
#        1446       0.01126     13.49      2.00     7   6.5101
#        1447       0.01384      4.52      2.00     7   6.5098
#        1448       0.01145     13.73      2.00     7   6.5101
#        1450       0.01995      5.24      2.00     5   6.5108
#        1451       0.01381      5.25      2.00     7   6.5104
#        1452       0.01365      8.00      2.00     7   6.5105
#        1453       0.01092     11.28      2.00     7   6.5111
#        1454       0.01165     13.29      2.00     7   6.5113
#        1455       0.01331      4.60      2.00     7   6.5109
#        1456       0.01008     48.95      2.00     7   6.5118
#        1457       0.01682      4.09      2.00     5   6.5126
#        1458       0.01462      7.15      2.00     6   6.5123
#        1459       0.01007     47.37      2.00     7   6.5131
#        1461       0.01449      5.29      2.00     6   6.5174
#        1462       0.01504      4.03      2.00     5   6.5178
#        1463       0.01517      4.27      2.00     5   6.5194
#        1464       0.01215      9.12      2.00     5   6.5219
#        1466       0.01216      8.91      2.00     5   6.5230
#        1467       0.00752      6.32      2.00     4   6.5231
#        1469       0.02303      5.91      2.00     6   6.5239
#        1470       0.02147     13.28      2.00     6   6.5240
#        1471       0.02085      7.24      2.00     6   6.5256
#        1473       0.02096      5.49      2.00     5   6.5272
#        1476       0.01674      4.04      2.00     5   6.5290
#        1477       0.02278      6.91      2.00     5   6.5290
#        1478       0.01924      5.51      1.00     6   6.5288
#        1479       0.01686      4.92      2.00     6   6.5290
#        1480       0.01834      9.23      2.00     5   6.5291
#        1481       0.01910      5.23      1.00     6   6.5292
#        1482       0.01983      6.77      2.00     6   6.5301
#        1483       0.01663      4.06      2.00     5   6.5308
#        1484       0.00888     10.85      2.00     5   6.5306
#        1485       0.01671      6.42      2.00     6   6.5304
#        1486       0.01648      6.27      2.00     6   6.5305
#        1487       0.01857      9.14      1.00     6   6.5319
#        1488       0.00849     28.54      2.00     6   6.5335
#        1489       0.01116     11.18      2.00     7   6.5334
#        1490       0.01795      4.09      2.00     6   6.5342
#        1492       0.01508      4.27      2.00     5   6.5357
#        1493       0.01133      9.89      2.00     7   6.5379
#        1494       0.01500      9.98      2.00     7   6.5384
#        1498       0.03474     10.18      2.00     6   6.5395
#        1501       0.01612      4.47      2.00     7   6.5411
#        1502       0.01611      8.26      2.00     7   6.5407
#        1503       0.01606      4.77      2.00     6   6.5416
#        1504       0.01641      4.04      2.00     6   6.5415
#        1506       0.03604     10.13      2.00     6   6.5412
#        1508       0.01124     10.81      2.00     7   6.5413
#        1509       0.01600      5.24      2.00     6   6.5420
#        1510       0.01601      5.13      2.00     6   6.5421
#        1516       0.01658      6.32      2.00     6   6.5436
#        1517       0.01815      8.34      1.00     6   6.5437
#        1518       0.01905      5.94      1.00     6   6.5435
#        1520       0.01575      5.45      2.00     7   6.5432
#        1521       0.01825      8.87      2.00     5   6.5438
#        1522       0.01144      8.77      2.00     5   6.5446
#        1525       0.01598      6.70      2.00     6   6.5450
#        1526       0.01599      6.67      2.00     6   6.5451
#        1527       0.01600      6.20      2.00     6   6.5453
#        1529       0.01590      6.05      2.00     6   6.5455
#        1530       0.00709      6.29      2.00     4   6.5463
#        1531       0.00892     14.74      2.00     5   6.5513
#        1532       0.02266      5.76      2.00     6   6.5530
#        1533       0.02083     12.72      2.00     6   6.5530
#        1536       0.02173      8.70      2.00     7   6.5536
#        1537       0.02057      7.10      2.00     6   6.5548
#        1538       0.01572      5.00      2.00     6   6.5555
#        1540       0.01094      7.35      2.00     7   6.5561
#        1541       0.01267      6.13      2.00     7   6.5563
#        1543       0.01563      6.26      2.00     6   6.5567
#        1546       0.01549      4.60      2.00     6   6.5575
#        1547       0.00918     10.55      2.00     5   6.5576
#        1549       0.01575      5.88      2.00     6   6.5576
#        1550       0.02299      8.04      2.00     7   6.5580
#        1552       0.01573      6.15      2.00     6   6.5585
#        1553       0.02441      6.46      2.00     5   6.5590
#        1554       0.01327     25.56      2.00     6   6.5588
#        1555       0.01104      7.23      2.00     7   6.5588
#        1556       0.01676      4.02      2.00     5   6.5608
#        1559       0.01914      4.30      2.00     7   6.5607
#        1560       0.01761      5.55      2.00     7   6.5607
#        1561       0.01087     10.55      2.00     7   6.5614
#        1564       0.01618      5.07      2.00     6   6.5639
#        1565       0.01654      4.21      2.00     6   6.5635
#        1566       0.01053     10.32      2.00     7   6.5634
#        1567       0.01047     23.43      2.00     7   6.5635
#        1568       0.01109      4.18      2.00     7   6.5638
#        1570       0.01102      6.07      2.00     7   6.5642
#        1571       0.01670      6.31      2.00     6   6.5649
#        1572       0.01907      5.80      1.00     6   6.5646
#        1573       0.01840      8.50      1.00     6   6.5653
#        1574       0.01093     11.66      2.00     7   6.5659
#        1575       0.01063     11.68      2.00     7   6.5661
#        1576       0.01052     24.13      2.00     7   6.5670
#        1577       0.01106      6.95      2.00     7   6.5667
#        1578       0.00899     29.87      2.00     6   6.5676
#        1580       0.01065     11.81      2.00     7   6.5687
#        1581       0.01087     11.85      2.00     7   6.5689
#        1582       0.02259      5.68      2.00     6   6.5694
#        1583       0.02140     12.75      2.00     6   6.5694
#        1584       0.01060     25.33      2.00     7   6.5702
#        1585       0.01082     11.08      2.00     7   6.5706
#        1586       0.01212      8.92      2.00     5   6.5711
#        1587       0.02087      7.05      2.00     6   6.5712
#        1588       0.01073     10.76      2.00     7   6.5716
#        1589       0.01053     24.50      2.00     7   6.5720
#        1592       0.03665      8.48      2.00     7   6.5748
#        1593       0.01564      4.20      2.00     6   6.5758
#        1594       0.01591      5.02      2.00     6   6.5766
#        1595       0.01531      5.23      2.00     7   6.5767
#        1596       0.01490      4.17      2.00     5   6.5782
#        1597       0.01580      6.31      2.00     6   6.5784
#        1598       0.01208      8.67      2.00     5   6.5793
#        1599       0.01594      6.02      2.00     6   6.5790
#        1600       0.01591      6.13      2.00     6   6.5798
#        1601       0.01561      4.89      2.00     6   6.5795
#        1602       0.00862     28.23      2.00     6   6.5803
#        1603       0.00736      6.07      2.00     4   6.5820
#        1606       0.01993      6.52      2.00     6   6.5891
#        1607       0.00888     10.37      2.00     5   6.5902
#        1608       0.00890     13.97      2.00     5   6.5933
#        1609       0.02784      6.78      2.00     5   6.5942
#        1610       0.00736      4.84      2.00     5   6.5942
#        1611       0.00930     29.22      2.00     6   6.5946
#        1612       0.01301      6.22      2.00     7   6.5976
#        1613       0.00702      4.78      2.00     5   6.5993
#        1614       0.01990      6.09      2.00     6   6.6001
#        1615       0.00703      4.80      2.00     5   6.6006
#        1617       0.01867      5.64      2.00     7   6.6018
#        1618       0.01831      8.63      2.00     7   6.6020
#        1619       0.02041      4.25      2.00     7   6.6021
#        1620       0.00699      4.79      2.00     5   6.6030
#        1621       0.01695      5.18      2.00     7   6.6038
#        1622       0.00757      4.76      2.00     5   6.6048
#        1623       0.00747      4.77      2.00     5   6.6058
#        1624       0.02093     10.41      2.00     7   6.6109
#        1625       0.02183      5.06      2.00     6   6.6115
#        1626       0.02218     19.91      2.00     7   6.6115
#        1627       0.03964     27.80      2.00     7   6.6113
#        1629       0.02099     12.48      2.00     6   6.6117
#        1631       0.01787      6.32      2.00     7   6.6117
#        1633       0.03613      8.66      2.00     7   6.6125
#        1634       0.01336     24.82      2.00     6   6.6133
#        1635       0.02210      6.64      2.00     6   6.6135
#        1636       0.01714      7.30      2.00     7   6.6135
#        1637       0.01527      5.43      2.00     7   6.6140
#        1639       0.00930     10.11      2.00     5   6.6154
#        1642       0.03116     11.85      2.00     5   6.6218
#        1643       0.02073      9.98      2.00     7   6.6219
#        1644       0.02288     19.38      2.00     7   6.6219
#        1645       0.03899     27.47      2.00     7   6.6222
#        1646       0.01770      6.24      2.00     7   6.6221
#        1648       0.02880     12.12      2.00     6   6.6242
#        1649       0.01716      7.17      2.00     7   6.6239
#        1650       0.01785      6.47      2.00     6   6.6260
#        1651       0.01280     22.83      2.00     6   6.6274
#        1653       0.02395      8.20      2.00     7   6.6278
#        1654       0.01397      6.87      2.00     7   6.6280
#        1656       0.01786      4.67      2.00     6   6.6290
#        1657       0.02239      5.13      2.00     6   6.6290
#        1658       0.02226     12.38      2.00     6   6.6292
#        1659       0.02190      6.68      2.00     6   6.6309
#        1660       0.02382      7.58      2.00     7   6.6319
#        1661       0.00897     28.27      2.00     6   6.6325
#        1662       0.02083      6.23      2.00     7   6.6334
#        1663       0.02352      4.17      2.00     7   6.6343
#        1665       0.01788      8.81      2.00     7   6.6379
#        1667       0.02935      7.62      2.00     6   6.6383
#        1669       0.02962      8.48      2.00     6   6.6382
#        1671       0.00709      5.26      2.00     5   6.6387
#        1672       0.02009      6.76      2.00     6   6.6386
#        1674       0.01802      5.45      2.00     6   6.6400
#        1675       0.01804      5.61      2.00     6   6.6399
#        1676       0.01695      5.35      2.00     7   6.6399
#        1678       0.00689     12.90      1.00     6   6.6456
#        1682       0.03071      9.68      2.00     7   6.6473
#        1683       0.00714      5.21      2.00     5   6.6478
#        1685       0.00691     12.97      1.00     6   6.6481
#        1687       0.01347     23.05      2.00     6   6.6495
#        1689       0.02879     11.49      2.00     6   6.6494
#        1690       0.00708     14.82      1.00     6   6.6499
#        1691       0.00714     14.28      1.00     6   6.6502
#        1693       0.01908      9.12      2.00     5   6.6508
#        1694       0.01946      7.58      2.00     7   6.6504
#        1695       0.01070      5.06      2.00     7   6.6504
#        1696       0.01796      6.57      2.00     6   6.6511
#        1698       0.01424      6.92      2.00     7   6.6550
#        1699       0.01798      5.06      2.00     6   6.6554
#        1700       0.01840      8.72      2.00     5   6.6562
#        1701       0.00940     27.72      2.00     6   6.6577
#        1704       0.02063      7.11      2.00     6   6.6581
#        1705       0.02064      7.85      2.00     6   6.6583
#        1706       0.01755      4.02      2.00     6   6.6591
#        1707       0.01790      4.32      2.00     6   6.6591
#        1708       0.01523      6.08      2.00     6   6.6597
#        1709       0.01522      6.22      2.00     6   6.6599
#        1710       0.00714      5.57      2.00     5   6.6605
#        1711       0.01878      6.26      2.00     7   6.6604
#        1712       0.01971     17.54      2.00     6   6.6608
#        1713       0.03516      4.00      2.00     5   6.6617
#        1714       0.01782      4.12      2.00     7   6.6614
#        1717       0.02880      8.53      2.00     6   6.6619
#        1719       0.02869      7.69      2.00     6   6.6625
#        1720       0.01792      5.96      2.00     6   6.6637
#        1721       0.01501      7.44      2.00     6   6.6639
#        1722       0.00744      5.55      2.00     5   6.6642
#        1723       0.01791      5.79      2.00     6   6.6643
#        1724       0.01374      6.76      2.00     7   6.6656
#        1725       0.01984      6.02      2.00     6   6.6660
#        1727       0.01897      6.58      2.00     7   6.6665
#        1728       0.01066      4.32      2.00     7   6.6665
#        1729       0.01509      4.73      2.00     6   6.6680
#        1730       0.01509      7.93      2.00     6   6.6686
#        1732       0.01504      6.48      2.00     6   6.6693
#        1733       0.01522      6.73      2.00     6   6.6691
#        1734       0.01530      7.40      2.00     6   6.6705
#        1735       0.02031      6.13      2.00     7   6.6708
#        1738       0.01513      7.13      2.00     6   6.6711
#        1739       0.02267      4.15      2.00     7   6.6724
#        1740       0.01515      5.57      2.00     6   6.6736
#        1741       0.01762      4.24      2.00     6   6.6743
#        1742       0.01798      4.53      2.00     6   6.6743
#        1743       0.01524      6.38      2.00     6   6.6743
#        1744       0.01523      6.45      2.00     6   6.6743
#        1745       0.01726      7.70      2.00     7   6.6751
#        1746       0.03087     17.98      2.00     7   6.6753
#        1747       0.01743      7.48      2.00     7   6.6753
#        1748       0.03208     18.54      2.00     7   6.6752
#        1749       0.01502     18.84      2.00     6   6.6772
#        1750       0.01802     11.04      2.00     7   6.6768
#        1751       0.01797     10.70      2.00     7   6.6770
#        1752       0.03227     11.84      2.00     5   6.6790
#        1753       0.01057     61.50      2.00     6   6.6800
#        1756       0.01543      4.98      2.00     6   6.6827
#        1757       0.01720      5.12      2.00     6   6.6830
#        1758       0.02042     10.05      2.00     6   6.6829
#        1759       0.01532      6.39      2.00     6   6.6847
#        1760       0.01956     17.14      2.00     6   6.6848
#        1761       0.01447      5.17      2.00     6   6.6890
#        1762       0.01446      5.32      2.00     6   6.6891
#        1764       0.01777      7.30      2.00     7   6.6895
#        1765       0.01811      7.39      2.00     7   6.6896
#        1768       0.01413      6.85      2.00     7   6.6908
#        1769       0.02184      5.65      2.00     6   6.6915
#        1770       0.01059     67.04      2.00     6   6.6916
#        1771       0.02210      5.71      2.00     6   6.6916
#        1774       0.01796     15.07      2.00     6   6.6932
#        1775       0.01745      4.09      2.00     6   6.6949
#        1776       0.01954      6.17      2.00     7   6.6949
#        1777       0.01951      6.29      2.00     7   6.6950
#        1778       0.02226     21.55      2.00     7   6.6950
#        1779       0.01731      9.43      2.00     7   6.6952
#        1780       0.01767      9.22      2.00     7   6.6951
#        1781       0.02295     22.18      2.00     7   6.6952
#        1782       0.02563      7.73      2.00     7   6.6953
#        1786       0.02168     12.06      2.00     7   6.6960
#        1787       0.03071      9.39      2.00     7   6.6962
#        1788       0.02171     12.10      2.00     7   6.6961
#        1789       0.00657      4.52      2.00     3   6.6966
#        1790       0.00726      5.61      2.00     5   6.6969
#        1792       0.01536     10.94      2.00     7   6.6969
#        1793       0.02135     10.68      2.00     7   6.6967
#        1794       0.01862      6.16      2.00     7   6.6970
#        1795       0.00738      5.61      2.00     5   6.6972
#        1796       0.01931      8.92      2.00     5   6.6974
#        1798       0.01745      5.37      2.00     6   6.6979
#        1799       0.01534      6.48      2.00     6   6.6979
#        1800       0.01814     31.57      2.00     7   6.6977
#        1801       0.01537      5.81      2.00     6   6.6987
#        1802       0.01781      4.07      2.00     7   6.6983
#        1803       0.02492      7.06      2.00     7   6.7007
#        1804       0.01693      7.79      2.00     7   6.7042
#        1805       0.03006     18.76      2.00     7   6.7042
#        1806       0.02942     18.24      2.00     7   6.7048
#        1807       0.01706      7.56      2.00     7   6.7048
#        1808       0.03156     12.71      2.00     5   6.7053
#        1809       0.01806     11.22      2.00     7   6.7060
#        1810       0.01082     63.82      2.00     6   6.7065
#        1811       0.01777      8.09      2.00     7   6.7068
#        1812       0.01802     10.88      2.00     7   6.7066
#        1813       0.03166     19.08      2.00     7   6.7070
#        1815       0.01756     10.21      2.00     7   6.7081
#        1816       0.04170      4.72      2.00     5   6.7087
#        1817       0.01134      7.83      2.00     5   6.7088
#        1818       0.02054      6.49      2.00     6   6.7092
#        1819       0.01846     11.42      2.00     7   6.7088
#        1821       0.02070      7.31      2.00     6   6.7098
#        1822       0.03223     13.69      2.00     7   6.7098
#        1823       0.01865      8.67      2.00     5   6.7103
#        1825       0.02054      6.64      2.00     6   6.7100
#        1826       0.01722      7.46      2.00     7   6.7101
#        1827       0.01702      5.75      2.00     7   6.7100
#        1829       0.01774      4.08      2.00     6   6.7113
#        1830       0.01789     11.58      2.00     7   6.7113
#        1831       0.01751     11.52      2.00     7   6.7113
#        1832       0.01535      5.92      2.00     6   6.7117
#        1833       0.01533      6.05      2.00     6   6.7116
#        1834       0.01816      8.07      2.00     7   6.7118
#        1836       0.02009     17.36      2.00     6   6.7131
#        1837       0.00630      4.73      2.00     5   6.7155
#        1839       0.01083     67.73      2.00     6   6.7165
#        1842       0.02050      9.27      2.00     6   6.7168
#        1843       0.01551      5.17      2.00     6   6.7175
#        1844       0.01784      4.83      2.00     6   6.7172
#        1845       0.01095      5.34      2.00     6   6.7178
#        1846       0.01457      5.29      2.00     6   6.7185
#        1847       0.01456      5.43      2.00     6   6.7183
#        1848       0.01543      6.27      2.00     6   6.7186
#        1849       0.01989     17.16      2.00     6   6.7189
#        1851       0.01703      8.19      2.00     7   6.7194
#        1852       0.03204     19.43      2.00     7   6.7196
#        1853       0.01940      6.93      2.00     6   6.7202
#        1855       0.01842     11.66      2.00     7   6.7213
#        1857       0.01125      7.55      2.00     5   6.7227
#        1858       0.03089     12.64      2.00     5   6.7226
#        1859       0.01451      5.33      2.00     6   6.7227
#        1862       0.02974     14.99      2.00     7   6.7236
#        1863       0.01718      6.81      2.00     7   6.7234
#        1864       0.01706      6.22      2.00     7   6.7238
#        1865       0.01824      8.87      2.00     7   6.7255
#        1866       0.02056      6.48      2.00     6   6.7264
#        1867       0.01779      4.04      2.00     6   6.7263
#        1868       0.01800      4.30      2.00     6   6.7262
#        1869       0.01530      6.24      2.00     6   6.7263
#        1870       0.01530      6.29      2.00     6   6.7262
#        1871       0.01092      4.88      2.00     6   6.7272
#        1873       0.02058      6.83      2.00     6   6.7279
#        1874       0.01063    187.70      2.00     7   6.7286
#        1878       0.02015      4.97      2.00     6   6.7315
#        1879       0.02289      5.42      2.00     6   6.7317
#        1881       0.01819      5.07      2.00     6   6.7320
#        1882       0.01543      6.38      2.00     6   6.7320
#        1883       0.01032      8.53      2.00     5   6.7324
#        1885       0.01544      5.88      2.00     6   6.7326
#        1886       0.01821     14.12      2.00     6   6.7335
#        1887       0.00664      4.40      2.00     3   6.7337
#        1888       0.01022      8.76      2.00     5   6.7336
#        1889       0.01172      7.81      2.00     5   6.7355
#        1890       0.01465      4.29      2.00     6   6.7357
#        1891       0.01456      5.51      2.00     6   6.7360
#        1892       0.01575     18.18      2.00     6   6.7367
#        1894       0.01954      6.06      2.00     6   6.7421
#        1895       0.01159      7.70      2.00     5   6.7441
#        1896       0.02075      6.82      2.00     6   6.7443
#        1897       0.01799      6.93      2.00     7   6.7458
#        1898       0.01820      6.93      2.00     7   6.7472
#        1899       0.00630      4.87      2.00     5   6.7495
#        1900       0.02535      7.40      2.00     7   6.7494
#        1901       0.02157      5.41      2.00     6   6.7507
#        1902       0.02180      5.44      2.00     6   6.7507
#        1903       0.03064     12.23      2.00     5   6.7517
#        1904       0.01953      5.84      2.00     7   6.7519
#        1905       0.01749      8.84      2.00     7   6.7520
#        1906       0.02305     20.77      2.00     7   6.7520
#        1907       0.01814     14.62      2.00     6   6.7525
#        1908       0.01941      5.88      2.00     7   6.7524
#        1909       0.01775      8.64      2.00     7   6.7522
#        1910       0.02266     20.22      2.00     7   6.7522
#        1913       0.02147     11.52      2.00     7   6.7536
#        1914       0.02145     11.50      2.00     7   6.7536
#        1915       0.01546     10.38      2.00     7   6.7538
#        1917       0.02121     10.14      2.00     7   6.7540
#        1918       0.02504      6.75      2.00     7   6.7548
#        1919       0.01830     30.43      2.00     7   6.7554
#        1920       0.01787      8.87      2.00     7   6.7582
#        1921       0.02961     14.11      2.00     7   6.7586
#        1923       0.01090    186.80      2.00     7   6.7587
#        1924       0.01646     17.70      2.00     6   6.7589
#        1925       0.00768     11.63      2.00     6   6.7596
#        1926       0.01115     19.07      2.00     6   6.7596
#        1927       0.01517     51.32      2.00     7   6.7600
#        1930       0.01722      5.92      2.00     7   6.7613
#        1931       0.01187      9.37      2.00     5   6.7630
#        1932       0.01081    161.30      2.00     7   6.7627
#        1933       0.02281     15.06      2.00     7   6.7635
#        1934       0.02388      6.67      2.00     7   6.7637
#        1935       0.01931      7.84      2.00     7   6.7638
#        1936       0.02474      8.61      2.00     7   6.7638
#        1938       0.01755      8.65      2.00     7   6.7655
#        1939       0.01774      9.62      2.00     7   6.7652
#        1940       0.02047      7.77      2.00     7   6.7655
#        1941       0.02039      5.01      2.00     6   6.7656
#        1942       0.02292      5.34      2.00     6   6.7658
#        1943       0.02161      4.39      2.00     7   6.7659
#        1947       0.01726     10.63      2.00     7   6.7658
#        1948       0.02065     10.42      2.00     7   6.7656
#        1949       0.02198     20.80      2.00     7   6.7657
#        1951       0.01844     14.11      2.00     6   6.7676
#        1952       0.01551     10.28      2.00     7   6.7675
#        1953       0.01833     27.84      2.00     7   6.7676
#        1954       0.01846      9.34      2.00     7   6.7676
#        1955       0.03048     12.17      2.00     5   6.7679
#        1956       0.02506      7.31      2.00     7   6.7678
#        1957       0.01791     11.03      2.00     7   6.7685
#        1958       0.01769     11.00      2.00     7   6.7685
#        1959       0.01826      5.21      2.00     7   6.7697
#        1960       0.01151     14.19      2.00     5   6.7710
#        1961       0.01078     13.78      2.00     5   6.7710
#        1962       0.02470      6.68      2.00     7   6.7729
#        1963       0.02102      6.42      2.00     7   6.7746
#        1964       0.00604      6.77      2.00     4   6.7763
#        1965       0.01099    169.60      2.00     7   6.7767
#        1967       0.02184      6.37      2.00     6   6.7777
#        1968       0.01806      8.69      2.00     7   6.7777
#        1970       0.00592      6.81      2.00     4   6.7794
#        1971       0.01742      8.09      2.00     7   6.7794
#        1972       0.03009     12.48      2.00     7   6.7792
#        1974       0.01553     10.26      2.00     7   6.7806
#        1976       0.01776      9.79      2.00     7   6.7815
#        1977       0.01745      5.30      2.00     7   6.7817
#        1979       0.01955      7.03      2.00     7   6.7856
#        1980       0.01984      7.98      2.00     7   6.7856
#        1981       0.01644     17.15      2.00     6   6.7861
#        1983       0.02172     16.05      2.00     7   6.7858
#        1984       0.02446      7.01      2.00     7   6.7860
#        1986       0.00801     11.99      2.00     6   6.7864
#        1987       0.01141     19.09      2.00     6   6.7864
#        1990       0.01892      9.34      2.00     7   6.7864
#        1991       0.02157      6.66      2.00     6   6.7872
#        1994       0.01702      8.61      2.00     7   6.7868
#        1995       0.02074     10.60      2.00     7   6.7872
#        1996       0.02338     20.58      2.00     7   6.7870
#        1997       0.01783     10.73      2.00     7   6.7874
#        1998       0.02023      8.25      2.00     7   6.7877
#        1999       0.01845      5.03      2.00     7   6.7881
#        2000       0.01409      7.02      2.00     6   6.7888
#        2001       0.01559     10.25      2.00     7   6.7887
#        2002       0.01854     28.33      2.00     7   6.7891
#        2003       0.00594      4.69      2.00     3   6.7906
#        2004       0.00782     11.21      2.00     6   6.7916
#        2005       0.01117     17.63      2.00     6   6.7916
#        2006       0.02130      5.85      2.00     7   6.7939
#        2007       0.00608      6.95      2.00     4   6.7963
#        2009       0.01651     53.76      2.00     7   6.7959
#        2012       0.01729      8.81      2.00     7   6.7991
#        2015       0.01818     10.35      2.00     7   6.8022
#        2016       0.01720     10.00      2.00     7   6.8028
#        2018       0.01040     23.69      2.00     6   6.8038
#        2019       0.00607      7.08      2.00     4   6.8039
#        2021       0.00586      8.28      2.00     4   6.8056
#        2022       0.00805     11.55      2.00     6   6.8057
#        2023       0.01154     18.05      2.00     6   6.8057
#        2024       0.01585     50.89      2.00     7   6.8068
#        2025       0.02006      8.17      2.00     6   6.8103
#        2026       0.00610      5.57      2.00     3   6.8112
#        2027       0.02820     11.07      2.00     5   6.8122
#        2029       0.01057     22.86      2.00     6   6.8151
#        2034       0.01621     16.89      2.00     6   6.8186
#        2035       0.02552      7.03      2.00     7   6.8189
#        2038       0.01498      6.89      2.00     7   6.8210
#        2040       0.01650     52.75      2.00     7   6.8230
#        2042       0.02268      5.36      2.00     6   6.8241
#        2044       0.01964      7.42      2.00     5   6.8247
#        2045       0.02503      6.40      2.00     7   6.8251
#        2047       0.02042      8.88      1.00     6   6.8259
#        2049       0.01529      7.77      2.00     6   6.8269
#        2051       0.01911      6.24      2.00     7   6.8272
#        2052       0.02914     11.25      2.00     5   6.8284
#        2055       0.01187      9.11      2.00     5   6.8321
#        2056       0.00589      8.90      2.00     4   6.8328
#        2063       0.01461      7.08      2.00     6   6.8359
#        2064       0.01957      6.96      2.00     5   6.8369
#        2065       0.01957      7.16      2.00     5   6.8368
#        2067       0.01534      6.91      2.00     7   6.8378
#        2070       0.01482      7.07      2.00     6   6.8392
#        2076       0.01922      6.29      2.00     7   6.8434
#        2078       0.01645     16.35      2.00     6   6.8446
#        2080       0.01419      5.68      2.00     5   6.8458
#        2081       0.01420      5.78      2.00     5   6.8459
#        2082       0.02074      4.10      2.00     6   6.8459
#        2084       0.02122     20.02      2.00     6   6.8458
#        2087       0.01979      8.05      1.00     6   6.8475
#        2089       0.00609     11.09      2.00     4   6.8482
#        2090       0.00569     14.88      2.00     5   6.8478
#        2092       0.01972      7.67      2.00     5   6.8486
#        2096       0.00591      8.62      2.00     4   6.8518
#        2097       0.02094      8.79      2.00     6   6.8529
#        2103       0.01540      7.69      2.00     6   6.8540
#        2104       0.02753      6.93      2.00     5   6.8566
#        2105       0.02752      7.05      2.00     5   6.8569
#        2106       0.02775      8.16      2.00     5   6.8570
#        2107       0.00579     11.55      2.00     5   6.8591
#        2108       0.01965      7.39      2.00     5   6.8605
#        2109       0.01964      7.19      2.00     5   6.8612
#        2110       0.01626     50.96      2.00     7   6.8608
#        2111       0.02063      8.05      2.00     6   6.8621
#        2112       0.01589      5.18      2.00     6   6.8621
#        2113       0.04257      5.48      2.00     7   6.8644
#        2114       0.02766      5.59      2.00     7   6.8663
#        2115       0.00582     12.10      2.00     5   6.8664
#        2119       0.01915     10.35      2.00     7   6.8684
#        2121       0.01815      6.70      2.00     7   6.8688
#        2122       0.01497      7.37      2.00     6   6.8694
#        2124       0.01878      8.77      2.00     7   6.8704
#        2125       0.04527      4.87      2.00     7   6.8706
#        2126       0.03495      4.85      2.00     7   6.8708
#        2127       0.02244      4.96      2.00     6   6.8708
#        2129       0.02872     15.67      2.00     7   6.8712
#        2130       0.01520      6.75      2.00     6   6.8723
#        2132       0.02070      8.69      1.00     6   6.8726
#        2133       0.01773     12.36      2.00     7   6.8730
#        2134       0.01953     16.83      2.00     6   6.8738
#        2135       0.01951     17.44      2.00     6   6.8738
#        2136       0.02030      5.00      2.00     7   6.8740
#        2137       0.01420      5.28      2.00     5   6.8745
#        2138       0.01794      4.67      2.00     7   6.8742
#        2140       0.01661      4.12      2.00     6   6.8751
#        2141       0.01734      4.01      2.00     7   6.8756
#        2142       0.01774      8.14      2.00     7   6.8760
#        2143       0.01824      4.95      2.00     7   6.8761
#        2144       0.01784      4.83      2.00     7   6.8759
#  1588/2000 paths used
#  xsedge+50, used to normalize mu           1.0000E+00
#  -----------------------------------------------------------------------
#  omega    e    k    mu    mu0     chi     @#
    9663.665     -7.298   0.000 -7.61983E-04  1.52892E-04 -3.01468E+00
    9663.674     -7.288   0.050 -5.90597E-04  1.57029E-04 -2.45997E+00
    9663.703     -7.260   0.100 -4.23152E-04  1.61165E-04 -1.91982E+00
    9663.750     -7.212   0.150  4.65418E-05  1.73145E-04 -4.14250E-01
    9663.817     -7.146   0.200  4.77818E-04  1.85125E-04  9.53772E-01
    9663.903     -7.060   0.250  1.08944E-03  2.01422E-04  2.87650E+00
    9664.008     -6.955   0.300  1.58918E-03  2.17720E-04  4.41623E+00
    9664.131     -6.831   0.350  2.09479E-03  2.32388E-04  5.95779E+00
    9664.274     -6.688   0.400  2.40363E-03  2.47056E-04  6.85386E+00
    9664.436     -6.526   0.450  2.58190E-03  2.57564E-04  7.34386E+00
    9664.617     -6.346   0.500  2.53391E-03  2.68072E-04  7.11744E+00
    9664.817     -6.145   0.550  2.33261E-03  2.74971E-04  6.43838E+00
    9665.036     -5.926   0.600  1.97079E-03  2.81870E-04  5.26423E+00
    9665.274     -5.688   0.650  1.53760E-03  2.86080E-04  3.89694E+00
    9665.532     -5.431   0.700  1.06957E-03  2.90291E-04  2.42403E+00
    9665.808     -5.155   0.750  6.32271E-04  2.92402E-04  1.05974E+00
    9666.103     -4.860   0.800  2.70911E-04  2.94512E-04 -7.37670E-02
    9666.417     -4.545   0.850 -3.07694E-06  2.94912E-04 -9.36896E-01
    9666.751     -4.212   0.900 -1.54886E-04  2.95313E-04 -1.42387E+00
    9667.103     -3.860   0.950 -2.21234E-04  2.94318E-04 -1.64545E+00
    9667.475     -3.488   1.000 -1.86138E-04  2.93323E-04 -1.54436E+00
    9667.865     -3.098   1.050 -1.06543E-04  2.91246E-04 -1.29649E+00
    9668.275     -2.688   1.100  1.86913E-05  2.89169E-04 -8.92136E-01
    9668.703     -2.259   1.150  1.43227E-04  2.86316E-04 -4.78542E-01
    9669.151     -1.812   1.200  2.60242E-04  2.83463E-04 -7.87577E-02
    9669.618     -1.345   1.250  3.48705E-04  2.80112E-04  2.36219E-01
    9670.104     -0.859   1.300  4.04053E-04  2.76760E-04  4.45204E-01
    9670.608     -0.354   1.350  4.29703E-04  2.73150E-04  5.56385E-01
    9671.132      0.170   1.400  4.25691E-04  2.69540E-04  5.64069E-01
    9671.675      0.712   1.450  4.07203E-04  2.65860E-04  5.18946E-01
    9672.237      1.274   1.500  3.76663E-04  2.62181E-04  4.27332E-01
    9672.818      1.855   1.550  3.47199E-04  2.58577E-04  3.36162E-01
    9673.418      2.456   1.600  3.19648E-04  2.54973E-04  2.49365E-01
    9674.037      3.075   1.650  2.98211E-04  2.51546E-04  1.82733E-01
    9674.676      3.713   1.700  2.81944E-04  2.48119E-04  1.34559E-01
    9675.333      4.370   1.750  2.69003E-04  2.44932E-04  9.71680E-02
    9676.009      5.046   1.800  2.58429E-04  2.41746E-04  6.83566E-02
    9676.704      5.742   1.850  2.49295E-04  2.38840E-04  4.34241E-02
    9677.419      6.456   1.900  2.42766E-04  2.35935E-04  2.87682E-02
    9678.152      7.189   1.950  2.38450E-04  2.33298E-04  2.19650E-02
    9678.905      7.942   2.000  2.38495E-04  2.30661E-04  3.38183E-02
    9679.676      8.713   2.050  2.39993E-04  2.28462E-04  5.03481E-02
    9680.467      9.504   2.100  2.43389E-04  2.26262E-04  7.56362E-02
    9681.276     10.314   2.150  2.45641E-04  2.24062E-04  9.64006E-02
    9682.105     11.142   2.200  2.44942E-04  2.21863E-04  1.04313E-01
    9682.953     11.990   2.250  2.44178E-04  2.21906E-04  1.01159E-01
    9683.820     12.857   2.300  2.41809E-04  2.21949E-04  9.06486E-02
    9684.705     13.743   2.350  2.39177E-04  2.21992E-04  7.88266E-02
    9685.610     14.647   2.400  2.37718E-04  2.22035E-04  7.22975E-02
    9686.534     15.571   2.450  2.35865E-04  2.22198E-04  6.31306E-02
    9687.477     16.514   2.500  2.34709E-04  2.22362E-04  5.71527E-02
    9688.439     17.476   2.550  2.33936E-04  2.22526E-04  5.29250E-02
    9689.420     18.457   2.600  2.32806E-04  2.22689E-04  4.70261E-02
    9690.420     19.458   2.650  2.29581E-04  2.22348E-04  3.36804E-02
    9691.439     20.477   2.700  2.25556E-04  2.22006E-04  1.65573E-02
    9692.478     21.515   2.750  2.20631E-04  2.21664E-04 -4.82823E-03
    9693.535     22.572   2.800  2.14919E-04  2.21322E-04 -2.99636E-02
    9694.611     23.649   2.850  2.09480E-04  2.21253E-04 -5.50325E-02
    9695.707     24.744   2.900  2.04316E-04  2.21184E-04 -7.87607E-02
    9696.821     25.858   2.950  1.99790E-04  2.21114E-04 -9.94627E-02
    9697.955     26.992   3.000  1.96225E-04  2.21045E-04 -1.15642E-01
    9699.107     28.144   3.050  1.94414E-04  2.21220E-04 -1.24559E-01
    9700.279     29.316   3.100  1.93768E-04  2.21395E-04 -1.28030E-01
    9701.469     30.507   3.150  1.94229E-04  2.21570E-04 -1.26368E-01
    9702.679     31.716   3.200  1.95672E-04  2.21745E-04 -1.20186E-01
    9703.908     32.945   3.250  1.98157E-04  2.22106E-04 -1.09992E-01
    9705.155     34.193   3.300  2.01186E-04  2.22467E-04 -9.73875E-02
    9706.422     35.460   3.350  2.04692E-04  2.22827E-04 -8.26942E-02
    9707.708     36.745   3.400  2.08593E-04  2.23188E-04 -6.63126E-02
    9709.013     38.050   3.450  2.12832E-04  2.23676E-04 -4.90751E-02
    9710.337     39.374   3.500  2.17243E-04  2.24164E-04 -3.11992E-02
    9711.680     40.717   3.550  2.21744E-04  2.24652E-04 -1.30555E-02
    9713.042     42.079   3.600  2.26233E-04  2.25140E-04  4.88862E-03
    9714.423     43.461   3.650  2.30554E-04  2.25676E-04  2.17352E-02
    9715.823     44.861   3.700  2.34602E-04  2.26212E-04  3.72397E-02
    9717.243     46.280   3.750  2.38265E-04  2.26748E-04  5.09243E-02
    9718.681     47.718   3.800  2.41457E-04  2.27284E-04  6.24330E-02
    9720.138     49.175   3.850  2.44080E-04  2.27791E-04  7.15208E-02
    9721.615     50.652   3.900  2.46191E-04  2.28298E-04  7.83073E-02
    9723.110     52.147   3.950  2.47791E-04  2.28805E-04  8.28211E-02
    9724.624     53.662   4.000  2.48885E-04  2.29311E-04  8.51086E-02
    9726.158     55.195   4.050  2.49417E-04  2.29721E-04  8.54362E-02
    9727.711     56.748   4.100  2.49449E-04  2.30130E-04  8.35948E-02
    9729.282     58.319   4.150  2.48948E-04  2.30539E-04  7.94680E-02
    9730.873     59.910   4.200  2.47887E-04  2.30949E-04  7.29434E-02
    9732.483     61.520   4.250  2.46138E-04  2.31208E-04  6.42045E-02
    9734.111     63.149   4.300  2.43831E-04  2.31468E-04  5.30889E-02
    9735.759     64.796   4.350  2.41025E-04  2.31728E-04  3.98703E-02
    9737.426     66.463   4.400  2.37835E-04  2.31988E-04  2.50406E-02
    9739.112     68.149   4.450  2.34240E-04  2.32073E-04  9.27691E-03
    9740.817     69.854   4.500  2.30590E-04  2.32158E-04 -6.70856E-03
    9742.541     71.578   4.550  2.27082E-04  2.32243E-04 -2.20752E-02
    9744.284     73.321   4.600  2.23899E-04  2.32328E-04 -3.60388E-02
    9746.046     75.083   4.650  2.21006E-04  2.32244E-04 -4.80693E-02
    9747.827     76.865   4.700  2.18703E-04  2.32159E-04 -5.75827E-02
    9749.627     78.665   4.750  2.17054E-04  2.32075E-04 -6.43077E-02
    9751.447     80.484   4.800  2.16073E-04  2.31990E-04 -6.81763E-02
    9753.285     82.322   4.850  2.15594E-04  2.31771E-04 -6.93628E-02
    9755.142     84.180   4.900  2.15706E-04  2.31551E-04 -6.80140E-02
    9757.019     86.056   4.950  2.16330E-04  2.31331E-04 -6.44582E-02
    9758.914     87.952   5.000  2.17380E-04  2.31112E-04 -5.90669E-02
    9760.829     89.866   5.050  2.18682E-04  2.30809E-04 -5.22367E-02
    9762.762     91.800   5.100  2.20236E-04  2.30506E-04 -4.42968E-02
    9764.715     93.752   5.150  2.21968E-04  2.30203E-04 -3.55717E-02
    9766.687     95.724   5.200  2.23811E-04  2.29900E-04 -2.63399E-02
    9768.677     97.715   5.250  2.25697E-04  2.29567E-04 -1.67629E-02
    9770.687     99.724   5.300  2.27606E-04  2.29234E-04 -7.06210E-03
    9772.716    101.753   5.350  2.29498E-04  2.28901E-04  2.59264E-03
    9774.764    103.801   5.400  2.31334E-04  2.28568E-04  1.20307E-02
    9776.831    105.868   5.450  2.33129E-04  2.28262E-04  2.11936E-02
    9778.917    107.954   5.500  2.34769E-04  2.27955E-04  2.97078E-02
    9781.022    110.059   5.550  2.36186E-04  2.27648E-04  3.72641E-02
    9783.146    112.183   5.600  2.37299E-04  2.27342E-04  4.35146E-02
    9785.289    114.326   5.650  2.38117E-04  2.27097E-04  4.81937E-02
    9787.451    116.488   5.700  2.38470E-04  2.26853E-04  5.08455E-02
    9789.632    118.670   5.750  2.38307E-04  2.26608E-04  5.12416E-02
    9791.833    120.870   5.800  2.37611E-04  2.26364E-04  4.93060E-02
    9794.052    123.089   5.850  2.36512E-04  2.26211E-04  4.51702E-02
    9796.290    125.328   5.900  2.34965E-04  2.26058E-04  3.90680E-02
    9798.548    127.585   5.950  2.33076E-04  2.25906E-04  3.14609E-02
    9800.824    129.861   6.000  2.30973E-04  2.25753E-04  2.29116E-02
    9803.120    132.157   6.050  2.28933E-04  2.25741E-04  1.40085E-02
    9805.434    134.471   6.100  2.26923E-04  2.25728E-04  5.24096E-03
    9807.768    136.805   6.150  2.25043E-04  2.25716E-04 -2.95230E-03
    9810.120    139.158   6.200  2.23362E-04  2.25704E-04 -1.02680E-02
    9812.492    141.529   6.250  2.21919E-04  2.25691E-04 -1.65354E-02
    9814.883    143.920   6.300  2.20729E-04  2.25679E-04 -2.16876E-02
    9817.293    146.330   6.350  2.19795E-04  2.25666E-04 -2.57204E-02
    9819.722    148.759   6.400  2.19111E-04  2.25654E-04 -2.86520E-02
    9822.170    151.207   6.450  2.18676E-04  2.25642E-04 -3.04964E-02
    9824.637    153.674   6.500  2.18488E-04  2.25629E-04 -3.12555E-02
    9827.123    156.160   6.550  2.18546E-04  2.25681E-04 -3.12194E-02
    9829.628    158.665   6.600  2.18859E-04  2.25734E-04 -3.00654E-02
    9832.152    161.189   6.650  2.19424E-04  2.25786E-04 -2.78154E-02
    9834.695    163.732   6.700  2.20220E-04  2.25838E-04 -2.45568E-02
    9837.257    166.294   6.750  2.21211E-04  2.25890E-04 -2.04464E-02
    9839.838    168.876   6.800  2.22348E-04  2.25942E-04 -1.56976E-02
    9842.439    171.476   6.850  2.23577E-04  2.25994E-04 -1.05565E-02
    9845.058    174.095   6.900  2.24838E-04  2.26047E-04 -5.27536E-03
    9847.696    176.734   6.950  2.26078E-04  2.26099E-04 -9.01009E-05
    9850.354    179.391   7.000  2.27250E-04  2.26151E-04  4.79366E-03
    9853.030    182.068   7.050  2.28203E-04  2.26063E-04  9.33945E-03
    9855.726    184.763   7.100  2.29019E-04  2.25976E-04  1.32907E-02
    9858.441    187.478   7.150  2.29670E-04  2.25889E-04  1.65247E-02
    9861.174    190.212   7.200  2.30135E-04  2.25801E-04  1.89530E-02
    9863.927    192.964   7.250  2.30403E-04  2.25714E-04  2.05219E-02
    9866.699    195.736   7.300  2.30471E-04  2.25626E-04  2.12156E-02
    9869.490    198.527   7.350  2.30345E-04  2.25539E-04  2.10589E-02
    9872.299    201.337   7.400  2.30039E-04  2.25451E-04  2.01175E-02
    9875.128    204.166   7.450  2.29579E-04  2.25364E-04  1.84931E-02
    9877.976    207.014   7.500  2.28992E-04  2.25276E-04  1.63127E-02
    9880.843    209.881   7.550  2.28116E-04  2.25001E-04  1.36970E-02
    9883.729    212.767   7.600  2.27177E-04  2.24726E-04  1.07966E-02
    9886.634    215.672   7.650  2.26205E-04  2.24451E-04  7.74135E-03
    9889.559    218.596   7.700  2.25225E-04  2.24175E-04  4.63613E-03
    9892.502    221.539   7.750  2.24253E-04  2.23900E-04  1.55960E-03
    9895.464    224.501   7.800  2.23303E-04  2.23625E-04 -1.42958E-03
    9898.445    227.483   7.850  2.22385E-04  2.23350E-04 -4.28277E-03
    9901.446    230.483   7.900  2.21512E-04  2.23075E-04 -6.95077E-03
    9904.465    233.503   7.950  2.20695E-04  2.22799E-04 -9.37604E-03
    9907.504    236.541   8.000  2.19949E-04  2.22524E-04 -1.14899E-02
    9910.561    239.598   8.050  2.19241E-04  2.22201E-04 -1.32340E-02
    9913.638    242.675   8.100  2.18635E-04  2.21879E-04 -1.45251E-02
    9916.733    245.771   8.150  2.18146E-04  2.21556E-04 -1.52934E-02
    9919.848    248.885   8.200  2.17788E-04  2.21233E-04 -1.54823E-02
    9922.982    252.019   8.250  2.17565E-04  2.20910E-04 -1.50573E-02
    9926.135    255.172   8.300  2.17480E-04  2.20587E-04 -1.40123E-02
    9929.306    258.344   8.350  2.17525E-04  2.20265E-04 -1.23739E-02
    9932.497    261.534   8.400  2.17687E-04  2.19942E-04 -1.02031E-02
    9935.707    264.744   8.450  2.17944E-04  2.19619E-04 -7.59527E-03
    9938.936    267.973   8.500  2.18266E-04  2.19296E-04 -4.67669E-03
    9942.184    271.221   8.550  2.18724E-04  2.19075E-04 -1.59648E-03
    9945.451    274.488   8.600  2.19185E-04  2.18853E-04  1.51056E-03
    9948.737    277.775   8.650  2.19613E-04  2.18632E-04  4.47174E-03
    9952.042    281.080   8.700  2.19971E-04  2.18411E-04  7.11999E-03
    9955.367    284.404   8.750  2.20227E-04  2.18189E-04  9.30895E-03
    9958.710    287.747   8.800  2.20357E-04  2.17968E-04  1.09273E-02
    9962.072    291.109   8.850  2.20348E-04  2.17747E-04  1.19098E-02
    9965.454    294.491   8.900  2.20196E-04  2.17525E-04  1.22422E-02
    9968.854    297.891   8.950  2.19910E-04  2.17304E-04  1.19602E-02
    9972.273    301.311   9.000  2.19507E-04  2.17083E-04  1.11411E-02
    9975.712    304.749   9.050  2.19133E-04  2.16967E-04  9.95617E-03
    9979.169    308.207   9.100  2.18685E-04  2.16852E-04  8.43380E-03
    9982.646    311.683   9.150  2.18189E-04  2.16736E-04  6.68561E-03
    9986.142    315.179   9.200  2.17666E-04  2.16621E-04  4.81256E-03
    9989.656    318.694   9.250  2.17134E-04  2.16505E-04  2.89882E-03
    9993.190    322.228   9.300  2.16609E-04  2.16390E-04  1.01089E-03
    9996.743    325.780   9.350  2.16101E-04  2.16275E-04 -7.99135E-04
   10000.315    329.352   9.400  2.15620E-04  2.16159E-04 -2.48802E-03
   10003.906    332.943   9.450  2.15175E-04  2.16044E-04 -4.01606E-03
   10007.516    336.553   9.500  2.14773E-04  2.15928E-04 -5.34356E-03
   10011.145    340.182   9.550  2.14395E-04  2.15795E-04 -6.47654E-03
   10014.793    343.830   9.600  2.14077E-04  2.15661E-04 -7.33742E-03
   10018.460    347.497   9.650  2.13825E-04  2.15528E-04 -7.88895E-03
   10022.146    351.183   9.700  2.13647E-04  2.15394E-04 -8.10436E-03
   10025.851    354.889   9.750  2.13543E-04  2.15261E-04 -7.97195E-03
   10029.576    358.613   9.800  2.13513E-04  2.15127E-04 -7.49815E-03
   10033.319    362.356   9.850  2.13550E-04  2.14994E-04 -6.70858E-03
   10037.081    366.119   9.900  2.13646E-04  2.14860E-04 -5.64700E-03
   10040.863    369.900   9.950  2.13787E-04  2.14727E-04 -4.37249E-03
   10044.663    373.700  10.000  2.13959E-04  2.14593E-04 -2.95526E-03
   10048.483    377.520  10.050  2.14020E-04  2.14336E-04 -1.47578E-03
   10052.321    381.358  10.100  2.14081E-04  2.14079E-04  8.65445E-06
   10056.179    385.216  10.150  2.14128E-04  2.13822E-04  1.42604E-03
   10060.055    389.093  10.200  2.14145E-04  2.13566E-04  2.71174E-03
   10063.951    392.988  10.250  2.14122E-04  2.13309E-04  3.81240E-03
   10067.866    396.903  10.300  2.14051E-04  2.13052E-04  4.68884E-03
   10071.800    400.837  10.350  2.13927E-04  2.12795E-04  5.31731E-03
   10075.753    404.790  10.400  2.13747E-04  2.12538E-04  5.68927E-03
   10079.724    408.762  10.450  2.13515E-04  2.12281E-04  5.80949E-03
   10083.715    412.753  10.500  2.13232E-04  2.12024E-04  5.69330E-03
   10087.725    416.763  10.550  2.12903E-04  2.11768E-04  5.36329E-03
   10091.755    420.792  10.600  2.12536E-04  2.11511E-04  4.84654E-03
   10095.803    424.840  10.650  2.12135E-04  2.11254E-04  4.17257E-03
   10099.870    428.907  10.700  2.11708E-04  2.10997E-04  3.37243E-03
   10103.956    432.993  10.750  2.11262E-04  2.10740E-04  2.47860E-03
   10108.061    437.099  10.800  2.10804E-04  2.10483E-04  1.52542E-03
   10112.186    441.223  10.850  2.10342E-04  2.10226E-04  5.49236E-04
   10116.329    445.366  10.900  2.09883E-04  2.09969E-04 -4.11947E-04
   10120.491    449.529  10.950  2.09436E-04  2.09713E-04 -1.31980E-03
   10124.673    453.710  11.000  2.09008E-04  2.09456E-04 -2.13771E-03
   10128.873    457.911  11.050  2.08645E-04  2.09244E-04 -2.86129E-03
   10133.093    462.130  11.100  2.08312E-04  2.09032E-04 -3.44562E-03
   10137.331    466.369  11.150  2.08012E-04  2.08820E-04 -3.86850E-03
   10141.589    470.626  11.200  2.07749E-04  2.08608E-04 -4.11615E-03
   10145.866    474.903  11.250  2.07524E-04  2.08396E-04 -4.18366E-03
   10150.162    479.199  11.300  2.07336E-04  2.08185E-04 -4.07453E-03
   10154.476    483.514  11.350  2.07182E-04  2.07973E-04 -3.79969E-03
   10158.810    487.848  11.400  2.07059E-04  2.07761E-04 -3.37630E-03
   10163.163    492.200  11.450  2.06962E-04  2.07549E-04 -2.82656E-03
   10167.535    496.572  11.500  2.06885E-04  2.07337E-04 -2.17684E-03
   10171.926    500.963  11.550  2.06823E-04  2.07125E-04 -1.45687E-03
   10176.336    505.373  11.600  2.06769E-04  2.06913E-04 -6.98996E-04
   10180.765    509.803  11.650  2.06714E-04  2.06701E-04  6.28550E-05
   10185.213    514.251  11.700  2.06654E-04  2.06490E-04  7.94595E-04
   10189.681    518.718  11.750  2.06580E-04  2.06278E-04  1.46376E-03
   10194.167    523.204  11.800  2.06487E-04  2.06066E-04  2.04147E-03
   10198.672    527.709  11.850  2.06370E-04  2.05854E-04  2.50435E-03
   10203.197    532.234  11.900  2.06226E-04  2.05642E-04  2.83587E-03
   10207.740    536.777  11.950  2.06053E-04  2.05430E-04  3.02717E-03
   10212.302    541.340  12.000  2.05851E-04  2.05218E-04  3.07704E-03
   10216.884    545.921  12.050  2.05620E-04  2.04998E-04  3.02841E-03
   10221.484    550.522  12.100  2.05361E-04  2.04777E-04  2.84851E-03
   10226.104    555.141  12.150  2.05078E-04  2.04556E-04  2.54875E-03
   10230.743    559.780  12.200  2.04774E-04  2.04335E-04  2.14509E-03
   10235.400    564.438  12.250  2.04453E-04  2.04114E-04  1.65748E-03
   10240.077    569.114  12.300  2.04120E-04  2.03893E-04  1.10917E-03
   10244.773    573.810  12.350  2.03780E-04  2.03672E-04  5.25944E-04
   10249.488    578.525  12.400  2.03438E-04  2.03452E-04 -6.49304E-05
   10254.222    583.259  12.450  2.03101E-04  2.03231E-04 -6.35938E-04
   10258.975    588.012  12.500  2.02774E-04  2.03010E-04 -1.16072E-03
   10263.747    592.784  12.550  2.02461E-04  2.02789E-04 -1.61555E-03
   10268.538    597.575  12.600  2.02166E-04  2.02568E-04 -1.98067E-03
   10273.348    602.385  12.650  2.01893E-04  2.02347E-04 -2.24140E-03
   10278.177    607.214  12.700  2.01642E-04  2.02127E-04 -2.38889E-03
   10283.025    612.063  12.750  2.01416E-04  2.01906E-04 -2.42042E-03
   10287.892    616.930  12.800  2.01212E-04  2.01685E-04 -2.33931E-03
   10292.779    621.816  12.850  2.01029E-04  2.01464E-04 -2.15443E-03
   10297.684    626.721  12.900  2.00864E-04  2.01243E-04 -1.87946E-03
   10302.609    631.646  12.950  2.00714E-04  2.01022E-04 -1.53187E-03
   10307.552    636.589  13.000  2.00574E-04  2.00801E-04 -1.13179E-03
   10312.515    641.552  13.050  2.00368E-04  2.00510E-04 -7.07021E-04
   10317.496    646.533  13.100  2.00164E-04  2.00218E-04 -2.69437E-04
   10322.497    651.534  13.150  1.99959E-04  1.99926E-04  1.60585E-04
   10327.516    656.554  13.200  1.99748E-04  1.99635E-04  5.64338E-04
   10332.555    661.592  13.250  1.99528E-04  1.99343E-04  9.25503E-04
   10337.613    666.650  13.300  1.99297E-04  1.99051E-04  1.23066E-03
   10342.690    671.727  13.350  1.99052E-04  1.98760E-04  1.46956E-03
   10347.785    676.823  13.400  1.98793E-04  1.98468E-04  1.63531E-03
   10352.900    681.938  13.450  1.98519E-04  1.98176E-04  1.72430E-03
   10358.034    687.072  13.500  1.98229E-04  1.97885E-04  1.73619E-03
   10363.187    692.225  13.550  1.97924E-04  1.97593E-04  1.67381E-03
   10368.359    697.397  13.600  1.97606E-04  1.97301E-04  1.54291E-03
   10373.550    702.588  13.650  1.97277E-04  1.97010E-04  1.35198E-03
   10378.761    707.798  13.700  1.96937E-04  1.96718E-04  1.11183E-03
   10383.990    713.027  13.750  1.96591E-04  1.96426E-04  8.35039E-04
   10389.238    718.275  13.800  1.96240E-04  1.96135E-04  5.35312E-04
   10394.505    723.543  13.850  1.95887E-04  1.95843E-04  2.26724E-04
   10399.792    728.829  13.900  1.95536E-04  1.95551E-04 -7.69967E-05
   10405.097    734.134  13.950  1.95188E-04  1.95259E-04 -3.63095E-04
   10410.422    739.459  14.000  1.94847E-04  1.94968E-04 -6.20260E-04
   10415.765    744.802  14.050  1.94571E-04  1.94737E-04 -8.51878E-04
   10421.128    750.165  14.100  1.94303E-04  1.94506E-04 -1.03969E-03
   10426.509    755.547  14.150  1.94046E-04  1.94275E-04 -1.17617E-03
   10431.910    760.947  14.200  1.93800E-04  1.94044E-04 -1.25627E-03
   10437.330    766.367  14.250  1.93565E-04  1.93813E-04 -1.27774E-03
   10442.768    771.806  14.300  1.93341E-04  1.93582E-04 -1.24128E-03
   10448.226    777.263  14.350  1.93128E-04  1.93351E-04 -1.15054E-03
   10453.703    782.740  14.400  1.92924E-04  1.93120E-04 -1.01181E-03
   10459.199    788.236  14.450  1.92728E-04  1.92889E-04 -8.33511E-04
   10464.714    793.751  14.500  1.92537E-04  1.92658E-04 -6.25539E-04
   10470.248    799.285  14.550  1.92350E-04  1.92427E-04 -3.98552E-04
   10475.801    804.838  14.600  1.92165E-04  1.92196E-04 -1.63357E-04
   10481.373    810.410  14.650  1.91979E-04  1.91965E-04  6.95866E-05
   10486.964    816.001  14.700  1.91790E-04  1.91735E-04  2.90521E-04
   10492.574    821.612  14.750  1.91598E-04  1.91504E-04  4.90666E-04
   10498.204    827.241  14.800  1.91400E-04  1.91273E-04  6.62456E-04
   10503.852    832.889  14.850  1.91195E-04  1.91042E-04  7.99790E-04
   10509.519    838.557  14.900  1.90983E-04  1.90811E-04  8.98253E-04
   10515.206    844.243  14.950  1.90762E-04  1.90580E-04  9.55273E-04
   10520.911    849.948  15.000  1.90534E-04  1.90349E-04  9.70151E-04
   10526.636    855.673  15.050  1.90237E-04  1.90056E-04  9.50909E-04
   10532.379    861.416  15.100  1.89933E-04  1.89763E-04  8.93640E-04
   10538.142    867.179  15.150  1.89623E-04  1.89471E-04  8.00728E-04
   10543.923    872.961  15.200  1.89306E-04  1.89178E-04  6.75804E-04
   10549.724    878.761  15.250  1.88984E-04  1.88885E-04  5.23783E-04
   10555.544    884.581  15.300  1.88659E-04  1.88593E-04  3.50874E-04
   10561.383    890.420  15.350  1.88331E-04  1.88300E-04  1.64496E-04
   10567.241    896.278  15.400  1.88002E-04  1.88007E-04 -2.69378E-05
   10573.117    902.155  15.450  1.87674E-04  1.87714E-04 -2.14392E-04
   10579.013    908.051  15.500  1.87349E-04  1.87422E-04 -3.88727E-04
   10584.928    913.966  15.550  1.87027E-04  1.87129E-04 -5.41315E-04
   10590.862    919.900  15.600  1.86712E-04  1.86836E-04 -6.64673E-04
   10596.816    925.853  15.650  1.86403E-04  1.86544E-04 -7.53024E-04
   10602.788    931.825  15.700  1.86101E-04  1.86251E-04 -8.02723E-04
   10608.779    937.816  15.750  1.85807E-04  1.85958E-04 -8.12476E-04
   10614.789    943.826  15.800  1.85520E-04  1.85665E-04 -7.83364E-04
   10620.818    949.856  15.850  1.85239E-04  1.85373E-04 -7.18668E-04
   10626.867    955.904  15.900  1.84964E-04  1.85080E-04 -6.23536E-04
   10632.934    961.971  15.950  1.84694E-04  1.84787E-04 -5.04527E-04
   10639.021    968.058  16.000  1.84426E-04  1.84495E-04 -3.69083E-04
   10645.126    974.163  16.050  1.84174E-04  1.84216E-04 -2.28423E-04
   10651.251    980.288  16.100  1.83921E-04  1.83937E-04 -8.55582E-05
   10657.394    986.432  16.150  1.83668E-04  1.83658E-04  5.30690E-05
   10663.557    992.594  16.200  1.83413E-04  1.83379E-04  1.81888E-04
   10669.739    998.776  16.250  1.83155E-04  1.83101E-04  2.96357E-04
   10675.939   1004.977  16.300  1.82894E-04  1.82822E-04  3.93007E-04
   10682.159   1011.196  16.350  1.82629E-04  1.82543E-04  4.69381E-04
   10688.398   1017.435  16.400  1.82360E-04  1.82264E-04  5.23926E-04
   10694.656   1023.693  16.450  1.82087E-04  1.81985E-04  5.55875E-04
   10700.933   1029.970  16.500  1.81809E-04  1.81706E-04  5.65148E-04
   10707.229   1036.266  16.550  1.81528E-04  1.81428E-04  5.52300E-04
   10713.544   1042.581  16.600  1.81243E-04  1.81149E-04  5.18507E-04
   10719.878   1048.915  16.650  1.80954E-04  1.80870E-04  4.65578E-04
   10726.231   1055.268  16.700  1.80663E-04  1.80591E-04  3.95975E-04
   10732.603   1061.641  16.750  1.80369E-04  1.80312E-04  3.12795E-04
   10738.995   1068.032  16.800  1.80073E-04  1.80034E-04  2.19724E-04
   10745.405   1074.442  16.850  1.79777E-04  1.79755E-04  1.20917E-04
   10751.834   1080.872  16.900  1.79480E-04  1.79476E-04  2.08251E-05
   10758.283   1087.320  16.950  1.79183E-04  1.79197E-04 -7.60364E-05
   10764.750   1093.787  17.000  1.78889E-04  1.78918E-04 -1.65354E-04
   10771.237   1100.274  17.050  1.78599E-04  1.78643E-04 -2.46419E-04
   10777.742   1106.779  17.100  1.78311E-04  1.78367E-04 -3.13362E-04
   10784.267   1113.304  17.150  1.78027E-04  1.78092E-04 -3.63530E-04
   10790.810   1119.848  17.200  1.77746E-04  1.77817E-04 -3.95268E-04
   10797.373   1126.410  17.250  1.77469E-04  1.77541E-04 -4.07973E-04
   10803.955   1132.992  17.300  1.77194E-04  1.77266E-04 -4.02065E-04
   10810.556   1139.593  17.350  1.76923E-04  1.76990E-04 -3.78883E-04
   10817.175   1146.213  17.400  1.76655E-04  1.76715E-04 -3.40526E-04
   10823.814   1152.852  17.450  1.76388E-04  1.76440E-04 -2.89656E-04
   10830.472   1159.510  17.500  1.76124E-04  1.76164E-04 -2.29303E-04
   10837.149   1166.187  17.550  1.75860E-04  1.75889E-04 -1.62664E-04
   10843.845   1172.883  17.600  1.75597E-04  1.75613E-04 -9.29447E-05
   10850.560   1179.598  17.650  1.75334E-04  1.75338E-04 -2.32193E-05
   10857.295   1186.332  17.700  1.75070E-04  1.75062E-04  4.36678E-05
   10864.048   1193.085  17.750  1.74805E-04  1.74787E-04  1.05174E-04
   10870.820   1199.857  17.800  1.74539E-04  1.74512E-04  1.59109E-04
   10877.611   1206.649  17.850  1.74272E-04  1.74236E-04  2.03674E-04
   10884.422   1213.459  17.900  1.74002E-04  1.73961E-04  2.37489E-04
   10891.251   1220.288  17.950  1.73731E-04  1.73685E-04  2.59629E-04
   10898.100   1227.137  18.000  1.73457E-04  1.73410E-04  2.69652E-04
   10904.967   1234.004  18.050  1.73149E-04  1.73102E-04  2.71100E-04
   10911.854   1240.891  18.100  1.72838E-04  1.72793E-04  2.61182E-04
   10918.759   1247.796  18.150  1.72526E-04  1.72485E-04  2.40540E-04
   10925.684   1254.721  18.200  1.72213E-04  1.72177E-04  2.10296E-04
   10932.628   1261.665  18.250  1.71898E-04  1.71868E-04  1.72018E-04
   10939.590   1268.628  18.300  1.71582E-04  1.71560E-04  1.27644E-04
   10946.572   1275.609  18.350  1.71265E-04  1.71251E-04  7.93834E-05
   10953.573   1282.610  18.400  1.70948E-04  1.70943E-04  2.95876E-05
   10960.593   1289.630  18.450  1.70631E-04  1.70635E-04 -1.93872E-05
   10967.632   1296.669  18.500  1.70315E-04  1.70326E-04 -6.53183E-05
   10974.690   1303.727  18.550  1.70000E-04  1.70018E-04 -1.06240E-04
   10981.767   1310.804  18.600  1.69686E-04  1.69710E-04 -1.40539E-04
   10988.863   1317.900  18.650  1.69373E-04  1.69401E-04 -1.67022E-04
   10995.978   1325.015  18.700  1.69062E-04  1.69093E-04 -1.84938E-04
   11003.112   1332.150  18.750  1.68752E-04  1.68785E-04 -1.93983E-04
   11010.265   1339.303  18.800  1.68443E-04  1.68476E-04 -1.94269E-04
   11017.438   1346.475  18.850  1.68137E-04  1.68168E-04 -1.86278E-04
   11024.629   1353.666  18.900  1.67831E-04  1.67860E-04 -1.70814E-04
   11031.840   1360.877  18.950  1.67526E-04  1.67551E-04 -1.48944E-04
   11039.069   1368.106  19.000  1.67222E-04  1.67243E-04 -1.21944E-04
   11046.317   1375.355  19.050  1.66953E-04  1.66968E-04 -9.24749E-05
   11053.585   1382.622  19.100  1.66683E-04  1.66693E-04 -6.02035E-05
   11060.872   1389.909  19.150  1.66414E-04  1.66418E-04 -2.65997E-05
   11068.177   1397.215  19.200  1.66145E-04  1.66144E-04  6.83561E-06
   11075.502   1404.539  19.250  1.65875E-04  1.65869E-04  3.86359E-05
   11082.846   1411.883  19.300  1.65605E-04  1.65594E-04  6.74364E-05
   11090.208   1419.246  19.350  1.65334E-04  1.65319E-04  9.20403E-05
   11097.590   1426.628  19.400  1.65063E-04  1.65044E-04  1.11478E-04
   11104.991   1434.029  19.450  1.64790E-04  1.64769E-04  1.25056E-04
   11112.411   1441.448  19.500  1.64516E-04  1.64495E-04  1.32394E-04
   11119.850   1448.887  19.550  1.64242E-04  1.64220E-04  1.33436E-04
   11127.308   1456.345  19.600  1.63966E-04  1.63945E-04  1.28454E-04
   11134.785   1463.823  19.650  1.63690E-04  1.63670E-04  1.18019E-04
   11142.281   1471.319  19.700  1.63412E-04  1.63395E-04  1.02963E-04
   11149.797   1478.834  19.750  1.63134E-04  1.63121E-04  8.43175E-05
   11157.331   1486.368  19.800  1.62856E-04  1.62846E-04  6.32456E-05
   11164.884   1493.921  19.850  1.62578E-04  1.62571E-04  4.09611E-05
   11172.457   1501.494  19.900  1.62299E-04  1.62296E-04  1.86526E-05
   11180.048   1509.085  19.950  1.62021E-04  1.62021E-04 -2.58858E-06
   11187.658   1516.696  20.000  1.61743E-04  1.61746E-04 -2.18282E-05
