# # Once                                                         FEFF 10.0.0 
# # POT  SCF 100  9.0000   0, NO core-hole, FOLP (folp(0)= 1.150)
# # Abs   Z=30 Rmt= 1.376 Rnm= 1.521 K  shell
# #   RGRID 0.0100
# # Pot 1 Z= 6 Rmt= 0.897 Rnm= 1.122
# # Pot 2 Z= 6 Rmt= 0.924 Rnm= 1.165
# # Pot 3 Z= 1 Rmt= 0.551 Rnm= 0.958
# # Pot 4 Z=16 Rmt= 1.259 Rnm= 1.479
# # Gam_ch=1.897E+00 H-L exch Vi=-5.000E-01 Vr= 0.000E+00
# # Mu=-7.322E+00eV kf=1.973E+00 Vint=-1.290E+01eV Rs_int= 1.838
# # PATH  Rmax= 9.000,  Keep_limit= 0.00, Heap_limit 0.00  Pwcrit= 2.50%
#  S02=1.000  Temp=  10.00  Debye_temp= 315.00  Global_sig2= 0.00000
#  Energy zero shift, vr, vi    0.00000E+00   0.00000E+00
#  Curved wave amplitude ratio filter   4.000%
#     file         sig2 tot  cw amp ratio   deg  nlegs   reff  inp sig2
#           1       0.00298    100.00      1.00     2   2.3569
#           2       0.00303     99.70      1.00     2   2.3599
#           3       0.00301     99.59      1.00     2   2.3610
#           4       0.00310     99.20      1.00     2   2.3647
#           5       0.02723     14.07      1.00     2   3.0869
#           6       0.02736     13.75      1.00     2   3.1161
#           7       0.02337     12.86      1.00     2   3.2024
#           8       0.02887     12.47      1.00     2   3.2438
#           9       0.00596     42.12      1.00     2   3.3075
#          10       0.03319     11.86      1.00     2   3.3107
#          11       0.00624     41.98      1.00     2   3.3119
#          12       0.00595     41.78      1.00     2   3.3183
#          13       0.00560     41.74      1.00     2   3.3196
#          14       0.02347      9.88      1.00     2   3.5653
#          15       0.03416      9.29      1.00     2   3.6552
#          16       0.01345     17.79      2.00     3   3.7457
#          17       0.00417     49.79      2.00     3   3.7472
#          18       0.00423     49.70      2.00     3   3.7496
#          19       0.00407     49.89      2.00     3   3.7508
#          20       0.00421     49.49      2.00     3   3.7548
#          21       0.01323     16.96      2.00     3   3.7640
#          22       0.03452      8.51      1.00     2   3.7869
#          23       0.01137     14.58      2.00     3   3.8074
#          24       0.01400     13.49      2.00     3   3.8220
#          25       0.01069     29.21      1.00     2   3.8249
#          26       0.01623      9.42      2.00     3   3.9298
#          27       0.01629      9.42      2.00     3   3.9395
#          28       0.01489      9.24      2.00     3   3.9803
#          29       0.01230     11.11      2.00     3   3.9891
#          30       0.01657      9.07      2.00     3   4.0053
#          31       0.01015     25.14      1.00     2   4.0553
#          32       0.01831     19.22      2.00     3   4.1143
#          33       0.00972     23.92      1.00     2   4.1341
#          34       0.01463      8.39      2.00     3   4.1668
#          35       0.01567      6.68      1.00     2   4.1711
#          36       0.02400     11.42      1.00     4   4.1795
#          37       0.00450     17.83      1.00     4   4.1820
#          39       0.00451     18.00      1.00     4   4.1873
#          40       0.00446     18.14      1.00     4   4.1869
#          41       0.00455     17.80      1.00     4   4.1912
#          43       0.02383     11.10      1.00     4   4.2097
#          44       0.00433     11.39      2.00     3   4.2142
#          45       0.01429      6.51      1.00     2   4.2165
#          47       0.00423     11.63      2.00     3   4.2508
#          48       0.00438     11.56      2.00     3   4.2512
#          50       0.01843      4.68      2.00     3   4.2626
#          51       0.00415     11.86      2.00     3   4.2688
#          52       0.01239      6.30      1.00     2   4.2705
#          53       0.01205     24.61      2.00     3   4.2881
#          54       0.01813     10.29      1.00     4   4.2953
#          55       0.01148     25.62      2.00     3   4.3141
#          56       0.00633     23.96      2.00     3   4.3241
#          57       0.03356      6.08      1.00     2   4.3321
#          58       0.01094     27.71      2.00     3   4.3357
#          59       0.02534      9.90      1.00     4   4.3364
#          61       0.00431     14.60      2.00     3   4.3645
#          62       0.00438     14.50      2.00     3   4.3727
#          63       0.01116     33.77      1.00     4   4.4009
#          64       0.01846     13.34      2.00     3   4.4018
#          65       0.03355     10.10      1.00     4   4.4036
#          66       0.01123     25.27      1.00     4   4.4051
#          67       0.01110     28.08      1.00     4   4.4117
#          69       0.01033      6.39      2.00     4   4.4203
#          70       0.00608     21.83      2.00     3   4.4458
#          71       0.01251     10.73      2.00     3   4.4642
#          72       0.01687      6.16      2.00     4   4.4769
#          73       0.00613     22.83      2.00     3   4.4813
#          74       0.01227     11.23      2.00     3   4.4887
#          75       0.00595     18.60      2.00     3   4.4973
#          76       0.01901      4.41      2.00     3   4.5069
#          77       0.01835     11.45      2.00     3   4.5070
#          78       0.01183     12.24      2.00     3   4.5103
#          79       0.01813      4.30      2.00     3   4.5468
#          80       0.00950     29.40      2.00     4   4.5755
#          81       0.00955     22.03      2.00     4   4.5812
#          82       0.00956     24.50      2.00     4   4.5863
#          83       0.00943      4.32      2.00     4   4.5905
#          84       0.01328      6.21      2.00     3   4.6084
#          85       0.01164      8.65      2.00     4   4.6134
#          86       0.00589     18.53      2.00     3   4.6147
#          87       0.02940      5.15      1.00     2   4.6228
#          88       0.01698      9.10      2.00     4   4.6239
#          89       0.01976     11.80      2.00     3   4.6250
#          90       0.01716      4.02      2.00     3   4.6367
#          91       0.01660      9.45      2.00     4   4.6445
#          92       0.00568     18.97      2.00     3   4.6459
#          93       0.01788      7.55      1.00     4   4.6586
#          94       0.01205      7.32      2.00     3   4.6632
#          96       0.01195      7.68      2.00     3   4.6875
#          97       0.01709      9.81      2.00     4   4.7020
#          99       0.02676      4.91      1.00     2   4.7104
#         100       0.00565     16.97      1.00     2   4.7137
#         101       0.00595     12.39      1.00     4   4.7139
#         102       0.00461      8.57      2.00     4   4.7168
#         104       0.00605     12.31      1.00     4   4.7198
#         106       0.00602     12.28      1.00     4   4.7219
#         107       0.00462      4.12      2.00     4   4.7217
#         108       0.02041      5.61      2.00     4   4.7219
#         110       0.02006      4.87      1.00     2   4.7252
#         111       0.00470      8.50      2.00     4   4.7257
#         112       0.01002     18.64      2.00     4   4.7258
#         113       0.00621     12.19      1.00     4   4.7294
#         114       0.03546      7.81      1.00     4   4.7483
#         115       0.01406      6.55      1.00     4   4.7501
#         116       0.00983     19.46      2.00     4   4.7505
#         117       0.01404      4.59      1.00     4   4.7573
#         118       0.01983      5.54      2.00     4   4.7598
#         119       0.01413      5.26      1.00     4   4.7609
#         120       0.00531     11.28      2.00     4   4.7638
#         121       0.00553     55.95      2.00     3   4.7750
#         122       0.00948     20.90      2.00     4   4.7754
#         123       0.01165      9.55      2.00     4   4.7923
#         126       0.01573     19.20      2.00     3   4.8228
#         127       0.00626      5.67      1.00     4   4.8232
#         128       0.00651      9.96      1.00     4   4.8286
#         129       0.00621     60.51      1.00     4   4.8363
#         130       0.00632      6.45      1.00     4   4.8364
#         131       0.01271      7.03      2.00     4   4.8385
#         132       0.01906     13.40      2.00     5   4.8389
#         134       0.00931     55.63      2.00     5   4.8406
#         135       0.00935     42.47      2.00     5   4.8428
#         137       0.00938     47.06      2.00     5   4.8481
#         138       0.01963      5.12      2.00     4   4.8501
#         139       0.01183      9.98      2.00     4   4.8543
#         140       0.02452      5.28      2.00     3   4.8558
#         141       0.01907     14.00      2.00     5   4.8574
#         143       0.03542      7.11      1.00     4   4.8800
#         144       0.00536      8.51      2.00     4   4.8822
#         145       0.01827     11.44      2.00     3   4.8855
#         146       0.01214      8.21      2.00     4   4.8915
#         147       0.01494      4.43      2.00     5   4.9007
#         148       0.01664      5.06      2.00     3   4.9012
#         150       0.01966      4.41      1.00     2   4.9123
#         151       0.02622      5.30      2.00     4   4.9144
#         152       0.01234      8.82      2.00     4   4.9151
#         153       0.01997     14.23      2.00     5   4.9153
#         154       0.01519      6.40      1.00     4   4.9180
#         155       0.00524     10.35      2.00     4   4.9191
#         156       0.01388     21.00      1.00     4   4.9204
#         157       0.00492     30.63      2.00     3   4.9258
#         158       0.02398      4.37      1.00     2   4.9271
#         159       0.00751      5.15      2.00     3   4.9423
#         160       0.01694     11.14      2.00     3   4.9687
#         161       0.01960      4.26      1.00     2   4.9787
#         162       0.00456     55.11      2.00     4   4.9871
#         163       0.00503     10.39      2.00     4   4.9931
#         164       0.00507     10.66      2.00     4   4.9964
#         165       0.02330      4.18      2.00     4   4.9981
#         166       0.02182      7.89      2.00     4   5.0014
#         167       0.02371      6.14      2.00     3   5.0023
#         168       0.00503      9.06      2.00     4   5.0052
#         169       0.00958     24.71      2.00     5   5.0152
#         170       0.01514      4.93      2.00     5   5.0150
#         172       0.00958     18.10      2.00     5   5.0189
#         175       0.00967     20.43      2.00     5   5.0227
#         178       0.01490     16.17      2.00     3   5.0315
#         179       0.01526      5.12      2.00     5   5.0320
#         180       0.02299      6.94      2.00     3   5.0327
#         181       0.01464      9.35      2.00     4   5.0348
#         182       0.00883      8.04      2.00     3   5.0370
#         183       0.01612      6.07      2.00     3   5.0532
#         184       0.01087      9.39      2.00     5   5.0531
#         185       0.01475      8.20      2.00     4   5.0537
#         187       0.01664     10.58      2.00     5   5.0823
#         188       0.01595      5.23      2.00     5   5.0899
#         189       0.01585      6.54      2.00     3   5.0923
#         190       0.01413      6.63      2.00     3   5.0982
#         191       0.00918     18.33      2.00     4   5.0983
#         192       0.00755      4.95      2.00     3   5.1032
#         193       0.01469     15.30      2.00     3   5.1041
#         194       0.01645      5.95      2.00     4   5.1075
#         195       0.02537      4.94      2.00     4   5.1121
#         196       0.00691      5.01      2.00     3   5.1188
#         197       0.01428      8.54      2.00     4   5.1241
#         200       0.00682      8.97      1.00     4   5.1335
#         201       0.02203      9.04      2.00     3   5.1374
#         202       0.00533     17.20      1.00     4   5.1378
#         203       0.00694      8.95      1.00     4   5.1393
#         204       0.00695      8.92      1.00     4   5.1448
#         205       0.00640      9.01      1.00     4   5.1447
#         206       0.01542      7.07      1.00     4   5.1483
#         207       0.01271      6.11      2.00     4   5.1488
#         208       0.01306     16.46      1.00     4   5.1507
#         212       0.00568      4.95      1.00     4   5.1696
#         214       0.01188      7.08      2.00     4   5.1881
#         215       0.01173      5.55      2.00     4   5.1941
#         216       0.01177     14.74      2.00     4   5.1958
#         217       0.01445      7.44      2.00     3   5.1980
#         218       0.01698      7.53      2.00     3   5.2048
#         219       0.00475     42.37      2.00     4   5.2062
#         220       0.02243      7.03      2.00     5   5.2073
#         221       0.06661     15.18      2.00     5   5.2072
#         222       0.02112     12.30      2.00     5   5.2097
#         223       0.00842      5.76      2.00     3   5.2145
#         224       0.01559      7.02      1.00     4   5.2269
#         225       0.01473      7.84      2.00     3   5.2279
#         226       0.01143      9.63      2.00     5   5.2288
#         227       0.01265     15.27      1.00     4   5.2296
#         228       0.02592      4.33      2.00     4   5.2321
#         230       0.00669      5.68      2.00     4   5.2491
#         231       0.02152     12.36      2.00     3   5.2520
#         232       0.00709      6.56      2.00     3   5.2619
#         233       0.01229     11.29      2.00     4   5.2628
#         234       0.00570     10.32      2.00     5   5.2629
#         235       0.01270     13.26      2.00     5   5.2624
#         236       0.01259      8.23      2.00     4   5.2650
#         237       0.00548     20.32      2.00     5   5.2663
#         238       0.00498     96.10      2.00     5   5.2675
#         239       0.04847     11.36      1.00     6   5.2721
#         240       0.00567     15.02      2.00     5   5.2728
#         241       0.00930      4.82      1.00     6   5.2749
#         243       0.01011     16.61      2.00     4   5.2758
#         244       0.01332      9.53      2.00     4   5.2761
#         246       0.01778     10.09      2.00     6   5.2766
#         247       0.00934      7.27      1.00     6   5.2799
#         249       0.00983     25.75      1.00     6   5.2803
#         250       0.00976     19.49      1.00     6   5.2806
#         251       0.01249     11.33      2.00     5   5.2820
#         253       0.00943      6.24      1.00     6   5.2847
#         254       0.00984     21.71      1.00     6   5.2846
#         256       0.02200      6.13      2.00     4   5.2892
#         258       0.01233      9.38      2.00     4   5.2909
#         259       0.01153      9.68      2.00     5   5.2920
#         261       0.01820     10.57      2.00     6   5.2938
#         262       0.04767     11.03      1.00     6   5.3032
#         263       0.01168      5.62      2.00     4   5.3087
#         264       0.01143      7.68      2.00     4   5.3160
#         265       0.01283      9.93      2.00     4   5.3159
#         266       0.01147     15.40      2.00     4   5.3172
#         268       0.02250      5.81      2.00     4   5.3195
#         269       0.01285     13.19      2.00     4   5.3219
#         270       0.01587      8.77      2.00     3   5.3228
#         271       0.01269     27.88      2.00     5   5.3241
#         272       0.01721      4.79      2.00     4   5.3260
#         273       0.02222      5.76      2.00     4   5.3295
#         275       0.01561      4.17      2.00     6   5.3319
#         276       0.01301      7.94      2.00     5   5.3376
#         277       0.02482      4.05      2.00     4   5.3417
#         278       0.02395     10.80      1.00     4   5.3427
#         279       0.01176      5.31      2.00     4   5.3440
#         280       0.02396      5.54      1.00     4   5.3477
#         281       0.01147      8.44      2.00     4   5.3505
#         282       0.01125     11.69      2.00     4   5.3522
#         283       0.01146     15.89      2.00     4   5.3534
#         286       0.01939     10.81      2.00     6   5.3550
#         287       0.02570      5.11      2.00     3   5.3659
#         288       0.01247      4.82      2.00     3   5.3670
#         290       0.01997      5.56      2.00     4   5.3742
#         291       0.02429      4.12      2.00     4   5.3780
#         293       0.02200     21.52      2.00     5   5.3814
#         294       0.01589      4.63      2.00     4   5.3840
#         295       0.02001      4.08      2.00     4   5.3867
#         296       0.00652      9.17      2.00     3   5.3878
#         297       0.02695      5.72      2.00     3   5.3907
#         299       0.02263      5.42      2.00     4   5.3915
#         300       0.02205      5.62      2.00     4   5.3946
#         301       0.02195     22.27      2.00     5   5.4075
#         302       0.01574      4.60      2.00     4   5.4080
#         303       0.01936      4.01      2.00     4   5.4085
#         304       0.01448      4.16      2.00     4   5.4122
#         305       0.01595     13.94      2.00     4   5.4135
#         306       0.01647      5.24      2.00     4   5.4146
#         307       0.01598      8.50      2.00     4   5.4151
#         308       0.02239      4.52      2.00     3   5.4159
#         311       0.01069      7.91      2.00     5   5.4169
#         312       0.01186     33.57      2.00     5   5.4174
#         313       0.01188     10.34      2.00     5   5.4171
#         314       0.00479     48.44      2.00     5   5.4183
#         315       0.01112     32.44      2.00     5   5.4195
#         316       0.01256     12.82      2.00     4   5.4220
#         318       0.01133      4.99      2.00     5   5.4270
#         319       0.01146     12.61      2.00     4   5.4283
#         320       0.02242     23.86      2.00     5   5.4291
#         321       0.00490      5.73      2.00     5   5.4309
#         322       0.01643      4.07      2.00     4   5.4327
#         323       0.00486      7.45      2.00     5   5.4361
#         324       0.01113     10.67      2.00     4   5.4416
#         326       0.01219      9.98      2.00     4   5.4445
#         327       0.02806      7.31      2.00     4   5.4478
#         328       0.01143      4.69      2.00     5   5.4509
#         329       0.01262     12.93      2.00     4   5.4514
#         331       0.01131     10.42      2.00     4   5.4576
#         332       0.00625     10.67      2.00     3   5.4689
#         333       0.01501     10.66      2.00     3   5.4687
#         334       0.02068      4.93      2.00     5   5.4686
#         336       0.01160      7.05      2.00     5   5.4725
#         338       0.01020      8.11      2.00     5   5.4749
#         339       0.02829      5.91      2.00     4   5.4760
#         340       0.01467      4.35      1.00     4   5.4772
#         342       0.01689     11.90      2.00     5   5.4774
#         343       0.00651     11.26      2.00     3   5.4814
#         344       0.02256     10.82      2.00     5   5.4817
#         345       0.01469      9.14      1.00     4   5.4825
#         349       0.01116      6.98      2.00     3   5.4841
#         350       0.01486      5.79      1.00     4   5.4844
#         351       0.01676      4.01      2.00     5   5.4851
#         352       0.00625     11.32      2.00     3   5.4900
#         353       0.01198      6.33      2.00     5   5.4901
#         354       0.01792      4.16      2.00     4   5.4934
#         355       0.02045      8.07      2.00     6   5.4935
#         356       0.02292     33.83      1.00     6   5.4943
#         357       0.01154      8.86      2.00     4   5.4951
#         358       0.02380      6.37      2.00     5   5.4948
#         359       0.02070      9.57      2.00     5   5.4972
#         360       0.02294     25.68      1.00     6   5.4984
#         362       0.02050      4.75      2.00     5   5.4994
#         363       0.02273     28.40      1.00     6   5.5051
#         364       0.01308     26.35      2.00     5   5.5058
#         365       0.02301      5.33      2.00     4   5.5127
#         367       0.01592      6.33      2.00     6   5.5135
#         368       0.01749      4.21      2.00     4   5.5221
#         370       0.01070      6.57      2.00     4   5.5293
#         371       0.00772     12.49      2.00     5   5.5295
#         372       0.01247      5.89      2.00     4   5.5379
#         373       0.01075      7.10      2.00     5   5.5390
#         374       0.01164     27.88      2.00     5   5.5392
#         375       0.01182     13.52      2.00     5   5.5388
#         376       0.01072     29.43      2.00     5   5.5413
#         377       0.01118     12.57      2.00     4   5.5454
#         378       0.01352      4.63      2.00     5   5.5472
#         380       0.01775      9.27      2.00     5   5.5575
#         381       0.01976      4.74      2.00     4   5.5607
#         382       0.02416      4.86      2.00     4   5.5634
#         386       0.02172      6.51      2.00     6   5.5701
#         387       0.04329      6.54      2.00     6   5.5698
#         388       0.00876     13.26      1.00     4   5.5733
#         389       0.01154      9.19      2.00     5   5.5731
#         390       0.00791     18.99      2.00     5   5.5732
#         391       0.01221      7.91      2.00     4   5.5742
#         392       0.01222     14.48      2.00     5   5.5742
#         393       0.01168     11.85      2.00     4   5.5748
#         394       0.01153     25.57      2.00     5   5.5746
#         395       0.00782     19.28      2.00     5   5.5759
#         396       0.01182      5.23      2.00     4   5.5773
#         397       0.00795     18.99      2.00     5   5.5770
#         398       0.01070     29.16      2.00     5   5.5768
#         399       0.01169      5.49      2.00     4   5.5791
#         400       0.00796     18.97      2.00     5   5.5812
#         401       0.01776      9.63      2.00     5   5.5821
#         402       0.01927      4.73      2.00     5   5.5861
#         403       0.01168      8.76      2.00     5   5.5905
#         404       0.01131      8.67      2.00     4   5.5909
#         405       0.01087     13.19      2.00     5   5.5920
#         406       0.01082     20.65      2.00     5   5.5927
#         409       0.02449      6.04      2.00     5   5.5999
#         410       0.00549      9.91      2.00     4   5.6005
#         411       0.01200      6.97      2.00     4   5.6017
#         412       0.02084      8.79      2.00     5   5.6025
#         413       0.01767     10.34      2.00     5   5.6036
#         415       0.00549     14.49      2.00     4   5.6081
#         417       0.01115      8.85      2.00     4   5.6160
#         418       0.02022      4.16      2.00     4   5.6197
#         419       0.01224      4.95      2.00     4   5.6220
#         420       0.02197      4.21      2.00     5   5.6219
#         423       0.01344     12.66      2.00     5   5.6299
#         424       0.01095     10.28      2.00     3   5.6317
#         425       0.01007      8.43      2.00     5   5.6325
#         426       0.01066      4.28      2.00     5   5.6338
#         427       0.01309      6.25      2.00     4   5.6344
#         428       0.01061     12.50      2.00     5   5.6355
#         429       0.01125     19.51      2.00     5   5.6361
#         430       0.01179      7.46      2.00     5   5.6382
#         431       0.01120     15.65      2.00     5   5.6386
#         432       0.01912      7.80      2.00     5   5.6386
#         433       0.00540     13.83      2.00     4   5.6405
#         434       0.00535     14.27      2.00     4   5.6412
#         435       0.01634      7.65      2.00     5   5.6416
#         436       0.01077      4.32      2.00     4   5.6447
#         437       0.03337      5.32      2.00     3   5.6453
#         438       0.01071      8.80      2.00     4   5.6456
#         439       0.01064     17.92      2.00     4   5.6456
#         440       0.01063      6.13      2.00     4   5.6467
#         441       0.01239      8.21      2.00     5   5.6479
#         443       0.01151      4.47      2.00     5   5.6489
#         444       0.00813     13.61      1.00     4   5.6508
#         446       0.01682      9.95      2.00     5   5.6552
#         447       0.01178      6.12      2.00     5   5.6555
#         448       0.01143      8.74      2.00     5   5.6565
#         450       0.02266      8.97      2.00     5   5.6613
#         452       0.01682      4.11      2.00     5   5.6637
#         454       0.00715      7.57      2.00     4   5.6645
#         455       0.01326      6.43      2.00     4   5.6657
#         456       0.03381      7.06      2.00     4   5.6677
#         457       0.00945      7.30      2.00     4   5.6685
#         458       0.01816     28.72      2.00     6   5.6689
#         459       0.00965      7.29      2.00     4   5.6717
#         461       0.00721     10.77      2.00     4   5.6728
#         462       0.01870     21.95      2.00     6   5.6745
#         464       0.00889      7.30      2.00     4   5.6765
#         465       0.01509      6.53      2.00     6   5.6768
#         466       0.00691     10.87      2.00     4   5.6782
#         467       0.01569      5.05      2.00     5   5.6797
#         468       0.01856     24.25      2.00     6   5.6797
#         469       0.01039      6.17      2.00     4   5.6799
#         470       0.00664      9.88      2.00     4   5.6806
#         471       0.00955      7.24      2.00     4   5.6830
#         472       0.01413     14.28      2.00     5   5.6872
#         473       0.01398     18.63      2.00     5   5.6912
#         474       0.01135     14.39      2.00     4   5.6930
#         475       0.01109      4.43      2.00     5   5.6933
#         477       0.01082     12.06      2.00     5   5.6949
#         478       0.01132      8.62      2.00     4   5.6962
#         481       0.01141      8.76      2.00     5   5.6978
#         482       0.00638     43.38      1.00     6   5.6987
#         483       0.01395     17.61      2.00     5   5.6993
#         484       0.01180     10.96      2.00     5   5.6995
#         485       0.01109     15.30      2.00     5   5.7006
#         486       0.01224     16.59      2.00     6   5.7001
#         487       0.01875      5.41      2.00     5   5.7014
#         488       0.00570      7.43      1.00     6   5.7026
#         489       0.01178     10.33      2.00     5   5.7033
#         491       0.00592     11.65      1.00     6   5.7041
#         492       0.01090     15.66      2.00     5   5.7060
#         493       0.01812      5.92      2.00     6   5.7064
#         494       0.01400      8.76      2.00     6   5.7063
#         495       0.01111     26.80      2.00     5   5.7069
#         496       0.01107     18.95      2.00     5   5.7069
#         497       0.01121      7.39      2.00     5   5.7065
#         498       0.01714     24.30      2.00     6   5.7068
#         499       0.00864     12.35      2.00     5   5.7070
#         501       0.01085     14.07      2.00     5   5.7077
#         502       0.01123      7.81      2.00     5   5.7077
#         503       0.01799      5.16      2.00     5   5.7086
#         504       0.01781      9.45      2.00     6   5.7088
#         505       0.00604      9.83      1.00     6   5.7092
#         506       0.01070     18.49      2.00     5   5.7101
#         509       0.01103     11.21      2.00     5   5.7138
#         510       0.01687      9.18      2.00     5   5.7169
#         511       0.07096      8.93      2.00     6   5.7165
#         512       0.02098      9.04      2.00     6   5.7171
#         513       0.02728     10.74      2.00     5   5.7181
#         514       0.01200     15.25      2.00     6   5.7184
#         516       0.02305      7.86      2.00     5   5.7204
#         518       0.01839      8.07      2.00     5   5.7217
#         519       0.02252      8.27      2.00     5   5.7229
#         521       0.01700      4.20      2.00     5   5.7263
#         525       0.06872      9.19      2.00     6   5.7380
#         526       0.02051      9.34      2.00     6   5.7378
#         527       0.01124      8.74      2.00     5   5.7387
#         528       0.01064     18.46      2.00     5   5.7414
#         529       0.01591      4.97      2.00     5   5.7419
#         530       0.01831      8.18      2.00     5   5.7498
#         531       0.01098     10.40      2.00     5   5.7507
#         532       0.01067      6.47      2.00     5   5.7524
#         533       0.01060     12.56      2.00     5   5.7536
#         535       0.01837      4.32      2.00     5   5.7552
#         536       0.01595     24.43      2.00     6   5.7553
#         537       0.01773      6.22      2.00     5   5.7561
#         541       0.01741      5.95      2.00     5   5.7616
#         542       0.01122     11.58      2.00     5   5.7616
#         545       0.02140      4.36      2.00     4   5.7729
#         547       0.01258     11.98      2.00     6   5.7773
#         548       0.01794      6.36      2.00     5   5.7803
#         550       0.01188      4.51      2.00     3   5.7838
#         551       0.01765      6.10      2.00     5   5.7843
#         552       0.01198     15.72      2.00     5   5.7869
#         554       0.01059      7.26      2.00     5   5.7883
#         555       0.01623      6.91      2.00     5   5.7881
#         556       0.01213      7.44      2.00     5   5.7894
#         557       0.01043     12.80      2.00     5   5.7911
#         559       0.06969      9.47      2.00     6   5.7946
#         560       0.02053      9.67      2.00     6   5.7953
#         561       0.01176      7.80      2.00     4   5.7977
#         562       0.01219      5.93      2.00     5   5.8028
#         564       0.01167     16.69      2.00     5   5.8049
#         565       0.01942      6.51      2.00     5   5.8056
#         567       0.01320      4.07      2.00     4   5.8074
#         568       0.00987      8.69      1.00     4   5.8086
#         574       0.01123      6.91      2.00     5   5.8142
#         575       0.05779      5.88      2.00     6   5.8146
#         576       0.03143      5.88      2.00     6   5.8152
#         578       0.01370      5.16      2.00     5   5.8190
#         579       0.01814     18.74      2.00     6   5.8191
#         581       0.01617      4.34      2.00     5   5.8213
#         582       0.01225      4.46      2.00     5   5.8244
#         584       0.01630      6.74      2.00     5   5.8306
#         585       0.01126     15.55      2.00     5   5.8321
#         588       0.01056     25.31      2.00     5   5.8397
#         590       0.01663      6.64      1.00     6   5.8434
#         591       0.00981     13.17      2.00     4   5.8438
#         593       0.01833     19.58      2.00     6   5.8439
#         594       0.01593     12.42      2.00     5   5.8448
#         596       0.01593      7.61      2.00     5   5.8463
#         598       0.01710      4.78      1.00     6   5.8506
#         599       0.01075     13.37      2.00     5   5.8513
#         600       0.01591      4.43      2.00     5   5.8523
#         602       0.03154      5.80      2.00     6   5.8532
#         603       0.05503      5.79      2.00     6   5.8533
#         604       0.01705      5.43      1.00     6   5.8543
#         605       0.02018      4.10      2.00     4   5.8562
#         606       0.01123      9.95      2.00     6   5.8566
#         607       0.00998      5.96      2.00     5   5.8568
#         609       0.00976     24.14      2.00     5   5.8576
#         610       0.00991     10.81      2.00     5   5.8577
#         611       0.01124     12.06      2.00     5   5.8585
#         612       0.01019     27.69      2.00     6   5.8592
#         613       0.01091      9.86      2.00     5   5.8595
#         615       0.01067      5.32      2.00     5   5.8618
#         616       0.01021      9.44      2.00     5   5.8652
#         619       0.01053      7.79      2.00     5   5.8673
#         620       0.01024      7.14      2.00     5   5.8681
#         621       0.01192      9.30      2.00     5   5.8682
#         622       0.01232     15.44      2.00     5   5.8682
#         623       0.01537      5.96      2.00     5   5.8682
#         626       0.01847     21.12      2.00     6   5.8688
#         627       0.00955     28.37      2.00     5   5.8699
#         630       0.01058      7.19      2.00     5   5.8739
#         631       0.01022      8.43      2.00     5   5.8766
#         632       0.00972      8.13      2.00     5   5.8773
#         634       0.01651      7.45      2.00     6   5.8814
#         635       0.01885      6.24      2.00     6   5.8820
#         636       0.00959      8.06      2.00     4   5.8835
#         638       0.01948      6.10      2.00     6   5.8853
#         639       0.01460      9.52      2.00     6   5.8855
#         640       0.01713     20.23      2.00     6   5.8857
#         641       0.01753      8.49      2.00     6   5.8878
#         642       0.01119     12.46      2.00     5   5.8891
#         646       0.01302      5.73      2.00     5   5.8981
#         648       0.01399      8.22      2.00     4   5.8999
#         649       0.02203      5.12      2.00     5   5.9014
#         651       0.01955      4.48      2.00     5   5.9040
#         652       0.02570      9.06      2.00     5   5.9040
#         654       0.01838      9.34      2.00     5   5.9078
#         655       0.02233      4.26      2.00     5   5.9080
#         657       0.01373      4.93      2.00     5   5.9110
#         658       0.01864      5.09      2.00     5   5.9127
#         659       0.01378     14.99      2.00     5   5.9137
#         660       0.01396      6.62      2.00     5   5.9137
#         661       0.01377      7.57      2.00     5   5.9149
#         663       0.01372      9.62      2.00     5   5.9156
#         666       0.01893     41.28      2.00     6   5.9166
#         667       0.01054      6.46      1.00     6   5.9161
#         668       0.01226      4.74      1.00     6   5.9162
#         669       0.02741     16.60      2.00     5   5.9182
#         670       0.01173     14.23      1.00     6   5.9186
#         672       0.01397     12.05      2.00     5   5.9198
#         673       0.01382      6.70      2.00     5   5.9201
#         674       0.01255      8.32      1.00     6   5.9214
#         675       0.01939     43.12      2.00     6   5.9218
#         676       0.01077      8.41      1.00     6   5.9218
#         677       0.01961      4.02      2.00     5   5.9238
#         678       0.01117     15.05      1.00     6   5.9241
#         679       0.02424      4.03      2.00     4   5.9263
#         682       0.01589     17.73      2.00     6   5.9295
#         683       0.01585     16.26      2.00     6   5.9291
#         684       0.01231     18.13      1.00     6   5.9295
#         685       0.01176     17.17      1.00     6   5.9295
#         686       0.01060      7.72      1.00     6   5.9295
#         687       0.01215      7.22      1.00     6   5.9293
#         689       0.01877     42.93      2.00     6   5.9298
#         690       0.00973     23.20      1.00     6   5.9312
#         691       0.01810     11.55      2.00     6   5.9315
#         692       0.01122     14.41      1.00     6   5.9318
#         693       0.05418     15.44      2.00     7   5.9315
#         694       0.03250     15.28      2.00     7   5.9322
#         695       0.01808      5.28      2.00     7   5.9332
#         696       0.01820      6.66      2.00     6   5.9339
#         697       0.01880     61.85      2.00     7   5.9340
#         698       0.01771      6.43      2.00     7   5.9355
#         700       0.01886     47.33      2.00     7   5.9361
#         702       0.01318     23.11      2.00     6   5.9370
#         705       0.01836      6.32      2.00     7   5.9417
#         706       0.01892     52.37      2.00     7   5.9415
#         707       0.05277      5.37      2.00     6   5.9427
#         708       0.03287      5.37      2.00     6   5.9435
#         710       0.02016      6.18      2.00     6   5.9472
#         711       0.01689     18.68      2.00     6   5.9476
#         712       0.01506      9.89      2.00     6   5.9475
#         713       0.01797      8.31      2.00     6   5.9498
#         714       0.05284     16.08      2.00     7   5.9509
#         715       0.03243     15.98      2.00     7   5.9508
#         716       0.00971      7.63      2.00     4   5.9607
#         717       0.01510     10.11      2.00     5   5.9617
#         718       0.01141     32.41      2.00     5   5.9639
#         719       0.01453      6.29      2.00     5   5.9689
#         721       0.01137      7.47      2.00     5   5.9694
#         722       0.01132      4.11      2.00     5   5.9698
#         723       0.01509      8.94      2.00     5   5.9709
#         724       0.02167      5.76      2.00     5   5.9722
#         725       0.01805      4.80      2.00     5   5.9731
#         726       0.01180     24.63      2.00     6   5.9756
#         729       0.01057      8.57      2.00     5   5.9766
#         730       0.01503      9.32      2.00     5   5.9764
#         732       0.01013     26.91      2.00     6   5.9777
#         733       0.02814     10.30      2.00     5   5.9785
#         734       0.02116      6.40      2.00     5   5.9810
#         735       0.01774     13.27      2.00     6   5.9845
#         737       0.01721      6.30      2.00     6   5.9869
#         739       0.01512      4.54      2.00     5   5.9914
#         740       0.02421      8.02      2.00     6   5.9936
#         741       0.03850      5.26      2.00     7   5.9935
#         742       0.02496      5.03      2.00     7   5.9939
#         745       0.01212     36.70      2.00     5   5.9981
#         746       0.01114      7.13      2.00     5   6.0010
#         748       0.00931      7.74      2.00     4   6.0033
#         749       0.00950      7.75      2.00     4   6.0047
#         750       0.00872      9.40      1.00     6   6.0071
#         751       0.03601      5.52      2.00     6   6.0074
#         752       0.09745      5.58      2.00     6   6.0072
#         753       0.01830     13.61      2.00     6   6.0080
#         754       0.04893      8.62      2.00     6   6.0078
#         755       0.05371     16.37      2.00     7   6.0079
#         756       0.02375      7.00      2.00     6   6.0084
#         757       0.03345     16.38      2.00     7   6.0087
#         759       0.02877      5.88      2.00     6   6.0109
#         760       0.03058      6.35      1.00     6   6.0110
#         761       0.01363     10.37      2.00     6   6.0108
#         762       0.01719      6.28      2.00     6   6.0106
#         763       0.00997      7.42      2.00     5   6.0120
#         766       0.01183     22.86      2.00     6   6.0123
#         767       0.00863      9.34      1.00     6   6.0129
#         768       0.02934     10.22      2.00     6   6.0134
#         769       0.02186     10.59      2.00     6   6.0132
#         770       0.01010     27.37      2.00     6   6.0145
#         771       0.00873      9.30      1.00     6   6.0148
#         772       0.03458      4.24      2.00     4   6.0150
#         773       0.02842     21.06      1.00     6   6.0158
#         774       0.01415      9.46      2.00     5   6.0167
#         775       0.00882      9.28      1.00     6   6.0176
#         778       0.01113      9.64      2.00     5   6.0190
#         779       0.01051     23.96      2.00     5   6.0207
#         780       0.00959     12.88      2.00     5   6.0220
#         781       0.01631      4.08      2.00     4   6.0241
#         782       0.01374     11.86      2.00     5   6.0238
#         783       0.01816      7.73      2.00     5   6.0255
#         784       0.01011      6.02      2.00     5   6.0272
#         785       0.01355      9.91      2.00     6   6.0269
#         786       0.01726      7.64      2.00     5   6.0332
#         787       0.00953      7.73      2.00     4   6.0356
#         788       0.01846      6.01      2.00     5   6.0357
#         789       0.01839      5.01      2.00     5   6.0359
#         790       0.01014      5.51      2.00     5   6.0372
#         791       0.01004      6.76      2.00     5   6.0381
#         792       0.00642     17.66      2.00     5   6.0393
#         793       0.00631     12.01      2.00     5   6.0402
#         794       0.01063      4.79      2.00     5   6.0459
#         795       0.03416      4.98      2.00     5   6.0564
#         796       0.01887      5.72      2.00     6   6.0567
#         797       0.01726      6.89      2.00     6   6.0603
#         798       0.01031      5.24      2.00     5   6.0617
#         799       0.01816      7.13      2.00     5   6.0613
#         800       0.02851     10.01      2.00     5   6.0615
#         801       0.02037      6.03      2.00     5   6.0642
#         802       0.01600      9.72      2.00     6   6.0637
#         803       0.00799      4.26      1.00     4   6.0675
#         804       0.01124     15.17      2.00     6   6.0673
#         805       0.01122     14.52      2.00     6   6.0698
#         806       0.01850      4.79      2.00     5   6.0700
#         807       0.00786      4.25      1.00     4   6.0715
#         808       0.01806      7.15      2.00     6   6.0720
#         810       0.01141      6.13      2.00     5   6.0743
#         812       0.00985     14.60      2.00     5   6.0768
#         813       0.01004      8.33      2.00     5   6.0768
#         814       0.00633     16.92      2.00     5   6.0776
#         815       0.01399      4.37      2.00     5   6.0781
#         816       0.00633     16.36      2.00     5   6.0783
#         817       0.01079     13.41      2.00     6   6.0802
#         818       0.01079      4.52      2.00     6   6.0803
#         819       0.01063     18.14      2.00     6   6.0802
#         820       0.01038     10.49      2.00     3   6.0819
#         822       0.01104     43.09      2.00     6   6.0819
#         825       0.02793      9.14      2.00     5   6.0859
#         827       0.01137      8.03      2.00     6   6.0860
#         828       0.01071     19.51      2.00     6   6.0864
#         829       0.01138      5.70      2.00     5   6.0869
#         830       0.01112      4.76      2.00     6   6.0866
#         832       0.01453      9.50      2.00     6   6.0876
#         833       0.01278     19.11      2.00     6   6.0886
#         834       0.01074     20.16      2.00     6   6.0898
#         836       0.01057     14.95      2.00     6   6.0911
#         837       0.01649      7.96      2.00     6   6.0917
#         838       0.01430     17.20      2.00     6   6.0918
#         841       0.09213      7.62      2.00     6   6.0943
#         842       0.02459      5.55      2.00     5   6.0952
#         844       0.01093      5.30      2.00     5   6.0959
#         845       0.02357      7.63      2.00     6   6.0968
#         846       0.01704      6.64      2.00     5   6.0978
#         847       0.02260      7.18      2.00     6   6.0977
#         848       0.01066     17.28      2.00     6   6.0979
#         850       0.01117      6.73      2.00     6   6.0982
#         851       0.01074     19.83      2.00     6   6.0986
#         853       0.01359     17.70      2.00     6   6.1007
#         854       0.01809      6.36      2.00     6   6.1012
#         856       0.01076     12.45      2.00     6   6.1020
#         857       0.01076     16.76      2.00     6   6.1043
#         858       0.01074     13.96      2.00     6   6.1072
#         859       0.00846      5.54      2.00     5   6.1077
#         860       0.00839      5.70      2.00     5   6.1077
#         861       0.01788      4.55      2.00     7   6.1078
#         862       0.00872      5.53      2.00     5   6.1082
#         863       0.00855      5.70      2.00     5   6.1082
#         864       0.01779     27.75      2.00     7   6.1086
#         865       0.00862      5.52      2.00     5   6.1095
#         866       0.00854      5.68      2.00     5   6.1095
#         867       0.01741      5.66      2.00     7   6.1116
#         868       0.01771     20.56      2.00     7   6.1122
#         869       0.01824      5.76      2.00     5   6.1144
#         870       0.01915      5.69      2.00     6   6.1143
#         874       0.01983      4.90      2.00     5   6.1156
#         875       0.01790      5.64      2.00     7   6.1163
#         876       0.01784     23.10      2.00     7   6.1161
#         877       0.00872      5.47      2.00     5   6.1195
#         878       0.00863      5.63      2.00     5   6.1195
#         879       0.01742      6.67      2.00     6   6.1237
#         880       0.01708     11.00      2.00     6   6.1239
#         882       0.01035     15.98      2.00     5   6.1242
#         883       0.01778      5.00      2.00     6   6.1250
#         884       0.02129      7.71      2.00     6   6.1250
#         885       0.02565      6.24      2.00     5   6.1255
#         887       0.01939      5.65      2.00     7   6.1255
#         888       0.02363      5.51      2.00     7   6.1254
#         890       0.02546     14.08      2.00     5   6.1269
#         891       0.01047     11.79      2.00     6   6.1269
#         892       0.01181     15.55      2.00     6   6.1269
#         893       0.02119      8.24      2.00     6   6.1276
#         894       0.04916      9.35      2.00     6   6.1274
#         895       0.02082      7.48      2.00     6   6.1280
#         896       0.01052     16.03      2.00     6   6.1290
#         897       0.01186     17.88      2.00     6   6.1290
#         898       0.01500     12.08      2.00     6   6.1291
#         899       0.01842      4.67      2.00     5   6.1302
#         901       0.01208      8.19      2.00     6   6.1308
#         902       0.01054      8.09      2.00     6   6.1308
#         904       0.01756      7.70      2.00     6   6.1316
#         905       0.01875      9.38      2.00     6   6.1316
#         908       0.01779      4.30      2.00     5   6.1335
#         911       0.01058      4.84      2.00     6   6.1345
#         912       0.00986     10.84      2.00     6   6.1346
#         914       0.01015      9.54      2.00     6   6.1346
#         916       0.01060     15.06      2.00     6   6.1357
#         917       0.01005      6.89      2.00     6   6.1355
#         918       0.01189     17.48      2.00     6   6.1357
#         921       0.01010     13.64      2.00     6   6.1372
#         922       0.01019     12.48      2.00     6   6.1372
#         923       0.00790      4.18      1.00     4   6.1377
#         927       0.00988     13.51      2.00     6   6.1384
#         928       0.01023     14.83      2.00     6   6.1384
#         929       0.00992     24.42      2.00     6   6.1381
#         930       0.01023     31.31      2.00     6   6.1381
#         931       0.00999     12.15      2.00     6   6.1381
#         932       0.01009     15.76      2.00     6   6.1381
#         934       0.00788      4.18      1.00     4   6.1407
#         935       0.01909      4.80      2.00     5   6.1406
#         936       0.01626      7.24      2.00     6   6.1406
#         937       0.00781      4.18      1.00     4   6.1418
#         940       0.00871      4.16      1.00     4   6.1425
#         942       0.01013      5.81      2.00     6   6.1429
#         943       0.01000     12.47      2.00     6   6.1441
#         944       0.01025     12.95      2.00     6   6.1441
#         945       0.01753      4.52      2.00     6   6.1449
#         946       0.02131      7.96      2.00     6   6.1449
#         947       0.01558      4.64      2.00     5   6.1455
#         949       0.02853      9.45      2.00     5   6.1464
#         950       0.01894      5.61      2.00     5   6.1462
#         951       0.01477     10.45      2.00     7   6.1460
#         954       0.02105      7.58      2.00     6   6.1467
#         955       0.01680     17.99      2.00     7   6.1465
#         957       0.02105      7.77      2.00     6   6.1471
#         958       0.04759      8.27      2.00     6   6.1472
#         959       0.01734      8.94      2.00     7   6.1485
#         960       0.00883      6.40      2.00     5   6.1500
#         961       0.02194      4.13      2.00     5   6.1520
#         965       0.01729      7.07      2.00     6   6.1521
#         966       0.01853      8.41      2.00     6   6.1521
#         969       0.01660      7.69      2.00     6   6.1547
#         970       0.01547      5.18      2.00     7   6.1582
#         972       0.02266      6.94      2.00     6   6.1606
#         973       0.01845      4.64      2.00     5   6.1617
#         974       0.00669     16.94      2.00     5   6.1626
#         975       0.01586      6.74      2.00     6   6.1625
#         977       0.01560      5.06      2.00     7   6.1652
#         979       0.00802      4.16      1.00     4   6.1730
#         980       0.00973     13.50      2.00     5   6.1727
#         981       0.02653     12.05      2.00     7   6.1755
#         984       0.00806      4.14      1.00     4   6.1808
#         986       0.01150     11.13      2.00     4   6.1819
#         987       0.01985      5.75      2.00     7   6.1825
#         989       0.02425      5.61      2.00     7   6.1833
#         990       0.02513      4.14      2.00     5   6.1851
#         991       0.01912      6.01      2.00     5   6.1851
#         994       0.01841      7.44      2.00     6   6.1874
#         996       0.04751     16.81      2.00     6   6.1911
#         999       0.01766     11.46      2.00     6   6.1915
#        1001       0.02514      4.09      2.00     5   6.1920
#        1002       0.01268      4.31      2.00     6   6.1932
#        1004       0.01829      5.93      2.00     5   6.1936
#        1007       0.01810     10.45      2.00     6   6.1948
#        1008       0.01768     12.85      2.00     6   6.1948
#        1009       0.01781      5.03      2.00     6   6.1947
#        1010       0.01776      4.11      2.00     6   6.1947
#        1011       0.01368      8.93      2.00     5   6.1966
#        1014       0.02460     13.35      2.00     5   6.1996
#        1015       0.02270      5.79      2.00     6   6.2005
#        1016       0.02272      8.11      2.00     6   6.2009
#        1018       0.02213      8.14      2.00     6   6.2016
#        1020       0.01869      8.74      2.00     6   6.2031
#        1025       0.01775      5.42      2.00     6   6.2077
#        1026       0.01909      5.99      2.00     6   6.2077
#        1028       0.01012      5.92      2.00     3   6.2101
#        1029       0.01738      7.04      2.00     5   6.2123
#        1032       0.02108      8.67      2.00     6   6.2172
#        1033       0.01973      6.25      2.00     6   6.2175
#        1034       0.02949      6.71      2.00     6   6.2196
#        1035       0.02762      4.47      2.00     7   6.2204
#        1036       0.02409      5.78      2.00     7   6.2209
#        1037       0.02358      4.39      2.00     7   6.2207
#        1038       0.02580      5.54      2.00     7   6.2212
#        1040       0.01936     13.56      2.00     6   6.2269
#        1041       0.00916      4.59      2.00     3   6.2278
#        1042       0.01796      4.36      2.00     5   6.2281
#        1043       0.01193      6.35      2.00     5   6.2289
#        1044       0.01823      4.26      2.00     5   6.2286
#        1045       0.00595     16.02      1.00     4   6.2304
#        1046       0.02230      8.07      2.00     5   6.2306
#        1047       0.01040     23.53      1.00     6   6.2327
#        1048       0.01956     12.42      2.00     6   6.2326
#        1052       0.01711      5.39      2.00     6   6.2379
#        1053       0.01931     12.86      2.00     6   6.2382
#        1054       0.03014      7.07      2.00     6   6.2387
#        1055       0.03112      7.14      1.00     6   6.2412
#        1057       0.01681     14.34      2.00     6   6.2426
#        1058       0.02842      9.48      2.00     6   6.2437
#        1059       0.01823      4.14      2.00     6   6.2442
#        1061       0.01787      8.46      2.00     6   6.2454
#        1062       0.02043      4.07      2.00     5   6.2456
#        1063       0.02669     16.61      1.00     6   6.2462
#        1065       0.01068      5.06      1.00     6   6.2532
#        1070       0.01037      7.76      2.00     6   6.2625
#        1071       0.01018      7.58      2.00     6   6.2644
#        1072       0.01096      4.82      1.00     6   6.2650
#        1074       0.02168      5.24      2.00     5   6.2667
#        1075       0.01617     13.08      2.00     6   6.2686
#        1076       0.01082      4.48      1.00     6   6.2696
#        1078       0.01045      7.41      2.00     5   6.2723
#        1079       0.01036      7.80      2.00     6   6.2732
#        1080       0.01200      5.21      2.00     5   6.2776
#        1081       0.02886      6.89      2.00     6   6.2778
#        1083       0.00966     13.56      2.00     6   6.2794
#        1084       0.00969      8.59      2.00     3   6.2807
#        1085       0.01642      9.63      2.00     6   6.2809
#        1086       0.02652      4.21      2.00     6   6.2811
#        1087       0.02178      7.14      2.00     6   6.2814
#        1088       0.02708      7.20      2.00     6   6.2835
#        1089       0.00803     15.87      2.00     5   6.2845
#        1090       0.01909      9.26      2.00     6   6.2852
#        1091       0.02220      5.70      2.00     6   6.2872
#        1096       0.00983     21.73      2.00     6   6.2888
#        1097       0.01671      4.75      2.00     6   6.2896
#        1098       0.01741      6.80      2.00     6   6.2892
#        1100       0.01544     10.20      2.00     6   6.2910
#        1101       0.01916     15.05      2.00     6   6.2912
#        1102       0.01543     76.26      2.00     5   6.2917
#        1104       0.01818      6.62      2.00     5   6.2934
#        1105       0.01204      4.26      2.00     4   6.2944
#        1107       0.01284      4.56      2.00     5   6.2979
#        1108       0.01688      7.01      2.00     5   6.2980
#        1110       0.01651      4.51      2.00     5   6.2989
#        1113       0.01102      8.43      2.00     6   6.2994
#        1114       0.01333      4.56      2.00     6   6.2994
#        1115       0.01102     11.17      2.00     6   6.2994
#        1116       0.08685      8.21      2.00     7   6.3002
#        1117       0.03980      7.79      2.00     7   6.3004
#        1119       0.01001     31.49      2.00     6   6.3011
#        1120       0.01029      5.30      2.00     6   6.3015
#        1122       0.00974      7.09      2.00     6   6.3029
#        1124       0.03906      5.69      2.00     7   6.3027
#        1125       0.07810     14.00      2.00     7   6.3026
#        1126       0.01687      4.74      2.00     6   6.3041
#        1127       0.01682      5.59      2.00     6   6.3047
#        1128       0.01008      6.93      2.00     6   6.3051
#        1129       0.03768     13.62      2.00     7   6.3051
#        1131       0.00961      5.21      2.00     6   6.3079
#        1134       0.01833      8.49      2.00     6   6.3081
#        1135       0.01075      7.68      2.00     5   6.3088
#        1136       0.01039      6.55      2.00     6   6.3103
#        1137       0.01628     12.51      2.00     6   6.3104
#        1139       0.00975      6.17      2.00     6   6.3130
#        1140       0.01539      4.59      2.00     5   6.3151
#        1142       0.00922      7.52      2.00     4   6.3196
#        1143       0.03149      7.10      1.00     6   6.3198
#        1145       0.01686     16.99      2.00     7   6.3222
#        1146       0.01526     10.77      2.00     7   6.3219
#        1148       0.02789      9.09      2.00     6   6.3224
#        1150       0.01355      8.42      2.00     5   6.3232
#        1151       0.01827      6.96      2.00     5   6.3234
#        1152       0.01747      8.38      2.00     7   6.3242
#        1153       0.02585     15.43      1.00     6   6.3250
#        1154       0.03027      9.16      2.00     5   6.3308
#        1155       0.02321      4.31      2.00     7   6.3312
#        1156       0.04609      4.45      2.00     7   6.3315
#        1157       0.00876      4.18      2.00     4   6.3323
#        1159       0.01239     13.47      1.00     6   6.3388
#        1162       0.02417     10.22      2.00     5   6.3452
#        1163       0.01416      6.15      1.00     6   6.3450
#        1164       0.01373     26.15      1.00     6   6.3453
#        1167       0.00756      7.64      2.00     4   6.3505
#        1171       0.01576    100.00      1.00     6   6.3530
#        1172       0.01306     20.50      1.00     6   6.3544
#        1173       0.01358      4.01      2.00     4   6.3552
#        1174       0.05102     14.85      2.00     7   6.3550
#        1176       0.01275      9.36      2.00     5   6.3553
#        1177       0.04477     11.30      2.00     6   6.3557
#        1178       0.02402     12.05      2.00     7   6.3557
#        1179       0.01870     18.15      2.00     7   6.3553
#        1180       0.02819     17.95      2.00     7   6.3557
#        1181       0.01846      5.88      2.00     7   6.3556
#        1182       0.01105     19.51      2.00     7   6.3558
#        1183       0.02187      9.89      2.00     6   6.3560
#        1184       0.02119      4.74      2.00     6   6.3561
#        1186       0.01340     35.31      2.00     7   6.3563
#        1188       0.01522     32.45      2.00     7   6.3563
#        1190       0.01543      4.87      2.00     6   6.3577
#        1191       0.02810      8.38      2.00     6   6.3579
#        1192       0.01774      7.44      2.00     7   6.3579
#        1193       0.01080     23.72      2.00     7   6.3583
#        1194       0.01380      5.72      2.00     7   6.3590
#        1195       0.01171      4.83      2.00     7   6.3592
#        1196       0.01089     21.61      2.00     7   6.3595
#        1197       0.01350     38.80      2.00     7   6.3596
#        1198       0.01552     37.78      2.00     7   6.3596
#        1199       0.01418     12.08      2.00     7   6.3603
#        1200       0.01791      4.51      2.00     6   6.3604
#        1201       0.01085     27.11      2.00     7   6.3607
#        1202       0.01604     15.34      2.00     7   6.3607
#        1203       0.01353     16.10      2.00     7   6.3607
#        1204       0.01099     23.27      2.00     7   6.3607
#        1205       0.01055     29.69      2.00     7   6.3618
#        1206       0.01018     59.17      2.00     7   6.3624
#        1208       0.01104     21.04      2.00     7   6.3659
#        1209       0.02832      6.38      2.00     6   6.3658
#        1211       0.01383      4.14      2.00     7   6.3663
#        1212       0.01352     38.20      2.00     7   6.3662
#        1213       0.01523     36.76      2.00     7   6.3662
#        1216       0.01062     27.01      2.00     7   6.3682
#        1217       0.01460      4.07      2.00     5   6.3687
#        1218       0.01846      9.74      2.00     6   6.3690
#        1219       0.04074     15.44      2.00     6   6.3690
#        1221       0.02135      9.73      2.00     6   6.3691
#        1222       0.00819      4.03      1.00     4   6.3691
#        1225       0.01877      5.43      2.00     6   6.3695
#        1229       0.01675     13.24      2.00     6   6.3710
#        1230       0.02306      6.31      2.00     6   6.3715
#        1231       0.00842      4.03      1.00     4   6.3720
#        1232       0.01893      6.07      2.00     6   6.3728
#        1233       0.02696      8.64      2.00     7   6.3735
#        1234       0.01813     16.66      2.00     7   6.3750
#        1235       0.01848      5.55      2.00     7   6.3752
#        1236       0.01859      8.82      2.00     6   6.3755
#        1237       0.01787      9.39      2.00     6   6.3755
#        1238       0.02343     11.42      2.00     7   6.3754
#        1239       0.02761     18.62      2.00     7   6.3754
#        1240       0.04997     12.62      2.00     7   6.3756
#        1241       0.01828      4.43      2.00     6   6.3763
#        1243       0.02585      6.62      2.00     7   6.3760
#        1246       0.01779      7.10      2.00     7   6.3775
#        1248       0.00952     14.69      2.00     5   6.3809
#        1249       0.02346      4.23      2.00     7   6.3813
#        1250       0.08854      5.97      2.00     6   6.3823
#        1251       0.00916      6.91      2.00     5   6.3827
#        1252       0.00950      8.27      2.00     5   6.3829
#        1253       0.02928      9.46      2.00     6   6.3838
#        1254       0.01977      6.97      2.00     6   6.3843
#        1256       0.02529      5.99      2.00     6   6.3846
#        1259       0.01523     10.83      2.00     7   6.3852
#        1260       0.01888     16.47      2.00     7   6.3853
#        1261       0.02658      7.35      2.00     7   6.3857
#        1262       0.01157      4.99      2.00     4   6.3862
#        1263       0.01794      4.91      2.00     6   6.3864
#        1264       0.01779      8.37      2.00     7   6.3875
#        1266       0.02979      4.49      2.00     6   6.3928
#        1267       0.00931      7.63      2.00     5   6.3953
#        1268       0.01010     22.61      2.00     6   6.4003
#        1269       0.02647      4.22      2.00     6   6.4017
#        1270       0.01022      5.66      2.00     6   6.4015
#        1271       0.01549     12.54      2.00     6   6.4015
#        1272       0.02938      7.66      2.00     5   6.4036
#        1273       0.00701      5.93      2.00     4   6.4043
#        1274       0.01722      4.34      2.00     6   6.4044
#        1275       0.02516      5.95      2.00     6   6.4042
#        1276       0.02135      4.68      2.00     6   6.4047
#        1277       0.02076      8.39      2.00     6   6.4070
#        1278       0.02058      7.61      2.00     6   6.4085
#        1279       0.01026      5.11      2.00     6   6.4087
#        1280       0.02138      7.95      2.00     6   6.4089
#        1281       0.01527     11.06      2.00     6   6.4087
#        1282       0.02209     10.15      2.00     6   6.4088
#        1285       0.01823      5.11      2.00     6   6.4092
#        1286       0.01489     15.76      2.00     6   6.4095
#        1287       0.01716      5.52      2.00     6   6.4106
#        1288       0.01730      4.43      2.00     6   6.4102
#        1289       0.01634      5.44      2.00     6   6.4114
#        1290       0.02163      6.33      2.00     6   6.4114
#        1291       0.02023      4.79      2.00     6   6.4118
#        1292       0.02767      4.43      2.00     6   6.4128
#        1293       0.01027      5.33      2.00     6   6.4128
#        1294       0.01543     11.57      2.00     6   6.4128
#        1295       0.01924     15.61      2.00     6   6.4126
#        1296       0.01075      8.50      2.00     4   6.4152
#        1301       0.01834      6.05      2.00     6   6.4153
#        1302       0.01743      7.95      2.00     5   6.4160
#        1303       0.01629      4.26      2.00     5   6.4160
#        1304       0.02055      7.80      2.00     6   6.4161
#        1305       0.02003      5.63      2.00     6   6.4173
#        1306       0.02142     13.67      2.00     6   6.4173
#        1307       0.02188      5.73      2.00     7   6.4174
#        1308       0.02164     14.40      2.00     7   6.4174
#        1309       0.02183     25.14      2.00     7   6.4173
#        1310       0.04673     31.00      2.00     7   6.4170
#        1311       0.01671      7.74      2.00     7   6.4173
#        1312       0.01562      8.82      2.00     7   6.4190
#        1315       0.02136      4.69      2.00     6   6.4220
#        1316       0.02760      4.61      2.00     6   6.4229
#        1317       0.01146      4.93      2.00     4   6.4240
#        1318       0.01643      4.92      2.00     6   6.4264
#        1319       0.02009      5.49      2.00     6   6.4264
#        1321       0.01754      5.71      2.00     6   6.4262
#        1322       0.01642      5.99      2.00     6   6.4262
#        1324       0.01076      6.57      2.00     5   6.4287
#        1326       0.03674      7.02      2.00     6   6.4300
#        1327       0.04718      8.79      2.00     7   6.4302
#        1328       0.01945      4.62      2.00     7   6.4305
#        1329       0.02388      9.53      2.00     7   6.4310
#        1330       0.01855     12.78      2.00     7   6.4307
#        1331       0.02860     19.23      2.00     7   6.4310
#        1332       0.01493      4.39      2.00     5   6.4315
#        1333       0.01526     16.56      2.00     6   6.4319
#        1335       0.01891      6.77      2.00     7   6.4330
#        1336       0.02801     10.08      2.00     6   6.4336
#        1338       0.00995     27.09      2.00     6   6.4358
#        1339       0.02307      9.65      1.00     6   6.4359
#        1340       0.02829     19.81      2.00     6   6.4360
#        1341       0.02650      4.03      2.00     6   6.4368
#        1343       0.01738      6.37      2.00     6   6.4384
#        1344       0.01709      4.23      2.00     6   6.4396
#        1345       0.02373      5.53      2.00     6   6.4395
#        1347       0.01067     10.92      2.00     5   6.4410
#        1348       0.01322      8.23      2.00     5   6.4412
#        1349       0.02316      5.59      1.00     6   6.4409
#        1350       0.00686     32.39      2.00     5   6.4425
#        1351       0.02157      8.73      2.00     6   6.4434
#        1353       0.01662      7.54      2.00     5   6.4447
#        1355       0.01769      4.72      2.00     6   6.4462
#        1356       0.01634      5.74      2.00     6   6.4460
#        1357       0.01699      5.07      2.00     6   6.4466
#        1358       0.01630      5.03      2.00     6   6.4476
#        1359       0.01937     16.06      2.00     6   6.4488
#        1361       0.00978     14.17      2.00     6   6.4532
#        1363       0.01223      4.27      2.00     4   6.4577
#        1367       0.01496      4.42      2.00     5   6.4609
#        1368       0.01714      4.50      2.00     5   6.4619
#        1369       0.01644      5.06      2.00     6   6.4620
#        1370       0.01796      5.81      2.00     6   6.4617
#        1371       0.01642      6.15      2.00     6   6.4617
#        1374       0.00972      4.42      2.00     6   6.4649
#        1375       0.01546      4.45      2.00     5   6.4658
#        1377       0.01899      6.12      2.00     5   6.4712
#        1378       0.01900      5.90      2.00     5   6.4712
#        1379       0.01067      8.54      2.00     5   6.4722
#        1380       0.01066      8.17      2.00     5   6.4728
#        1381       0.01293      8.24      2.00     5   6.4733
#        1383       0.02404      5.22      2.00     7   6.4740
#        1384       0.03376     24.35      2.00     7   6.4746
#        1385       0.02218      4.95      2.00     6   6.4762
#        1386       0.01189      7.71      2.00     5   6.4811
#        1387       0.02705      5.68      2.00     5   6.4833
#        1388       0.02807      4.67      2.00     6   6.4849
#        1389       0.02750      7.72      2.00     5   6.4854
#        1391       0.01820      4.13      2.00     5   6.4860
#        1396       0.01053      4.66      2.00     4   6.4950
#        1398       0.01710      5.88      2.00     6   6.4990
#        1399       0.02926      6.90      2.00     6   6.5003
#        1401       0.03361     25.16      2.00     7   6.5009
#        1402       0.02548      5.50      2.00     7   6.5010
#        1403       0.00712      7.39      2.00     4   6.5012
#        1404       0.02305      6.97      2.00     6   6.5017
#        1406       0.00705     82.41      2.00     6   6.5037
#        1409       0.01704      4.83      2.00     6   6.5058
#        1411       0.01634      6.90      2.00     6   6.5067
#        1412       0.02668     13.11      2.00     6   6.5067
#        1413       0.02946      5.48      2.00     6   6.5074
#        1416       0.02793      8.53      2.00     6   6.5083
#        1417       0.01629      5.55      2.00     6   6.5092
#        1418       0.01693      4.68      2.00     6   6.5092
#        1419       0.02636      4.14      2.00     4   6.5100
#        1420       0.00797     23.98      2.00     6   6.5099
#        1422       0.02088      5.24      2.00     7   6.5100
#        1423       0.02588      5.16      2.00     7   6.5100
#        1424       0.02352     11.49      2.00     7   6.5101
#        1426       0.01954     20.24      2.00     7   6.5103
#        1427       0.02117      9.86      2.00     7   6.5105
#        1428       0.02341     39.46      2.00     7   6.5108
#        1429       0.01324      8.39      2.00     7   6.5111
#        1430       0.01124     12.72      2.00     7   6.5114
#        1431       0.01153     14.33      2.00     7   6.5115
#        1432       0.01302      4.67      2.00     7   6.5115
#        1433       0.00831     14.56      2.00     6   6.5121
#        1434       0.02034      9.73      2.00     7   6.5124
#        1436       0.02640      9.02      2.00     7   6.5125
#        1437       0.02267      9.48      2.00     7   6.5125
#        1438       0.02366     17.47      2.00     7   6.5129
#        1439       0.00990     52.47      2.00     7   6.5132
#        1441       0.02612      4.16      2.00     6   6.5150
#        1442       0.02220     36.76      2.00     7   6.5149
#        1443       0.01805      5.46      2.00     6   6.5154
#        1444       0.02049     13.19      2.00     6   6.5175
#        1445       0.01736      5.20      2.00     6   6.5194
#        1446       0.01564      4.65      2.00     6   6.5215
#        1448       0.02274      6.06      2.00     6   6.5215
#        1449       0.01732      4.27      2.00     6   6.5219
#        1450       0.01971     12.61      2.00     6   6.5215
#        1451       0.02649      5.80      2.00     7   6.5217
#        1452       0.01456      7.45      2.00     6   6.5222
#        1453       0.03421     26.90      2.00     7   6.5224
#        1454       0.01853      4.38      2.00     7   6.5224
#        1455       0.01621      7.76      2.00     5   6.5228
#        1456       0.00835     19.73      2.00     6   6.5233
#        1457       0.01980      7.35      2.00     6   6.5232
#        1459       0.01056      4.57      2.00     7   6.5235
#        1461       0.01113     17.81      2.00     7   6.5241
#        1462       0.01450      5.91      2.00     6   6.5254
#        1463       0.01014     14.41      2.00     7   6.5264
#        1467       0.01092      6.94      2.00     7   6.5290
#        1469       0.01092      4.02      2.00     5   6.5299
#        1471       0.01127     18.01      2.00     7   6.5295
#        1472       0.01436      9.68      2.00     7   6.5308
#        1474       0.01033     11.42      2.00     7   6.5315
#        1476       0.01191      9.36      2.00     5   6.5317
#        1477       0.01705      6.41      2.00     7   6.5318
#        1479       0.01107      4.55      2.00     7   6.5348
#        1481       0.01120     18.07      2.00     7   6.5351
#        1483       0.01084     13.89      2.00     7   6.5357
#        1484       0.00687      4.30      2.00     4   6.5368
#        1486       0.01624      4.53      2.00     6   6.5370
#        1487       0.01024     12.30      2.00     7   6.5371
#        1489       0.03681     10.55      2.00     6   6.5377
#        1490       0.01125     11.22      2.00     7   6.5385
#        1491       0.01068      4.37      2.00     7   6.5388
#        1493       0.01638      4.17      2.00     6   6.5394
#        1494       0.02517      8.35      2.00     6   6.5404
#        1495       0.02813      4.33      2.00     6   6.5404
#        1496       0.01093     12.88      2.00     7   6.5408
#        1498       0.02661      4.38      2.00     6   6.5443
#        1499       0.01797      5.19      2.00     6   6.5447
#        1501       0.01924      4.15      2.00     7   6.5463
#        1502       0.02044     13.27      2.00     6   6.5469
#        1508       0.02360      7.31      2.00     5   6.5495
#        1509       0.01686      6.60      2.00     7   6.5500
#        1512       0.01997      5.52      1.00     6   6.5512
#        1513       0.01457     16.49      2.00     6   6.5515
#        1516       0.01644      4.44      2.00     6   6.5531
#        1517       0.01773      6.64      2.00     6   6.5533
#        1518       0.00836     10.95      2.00     5   6.5537
#        1519       0.02093      4.18      1.00     6   6.5539
#        1526       0.02256      8.90      2.00     7   6.5614
#        1527       0.02052      4.62      1.00     6   6.5622
#        1528       0.01103      5.49      2.00     7   6.5620
#        1531       0.01788      9.20      2.00     5   6.5636
#        1536       0.01107      7.05      2.00     7   6.5657
#        1537       0.02469      8.43      2.00     7   6.5654
#        1540       0.01243     12.50      2.00     7   6.5666
#        1541       0.01235     15.06      2.00     7   6.5667
#        1543       0.01618      4.62      2.00     7   6.5681
#        1544       0.01566      9.00      2.00     7   6.5677
#        1546       0.01913     10.73      2.00     7   6.5681
#        1547       0.01074     12.16      2.00     7   6.5684
#        1550       0.01521      6.41      2.00     7   6.5688
#        1551       0.02518      6.85      2.00     6   6.5695
#        1553       0.01060     11.82      2.00     7   6.5693
#        1554       0.01056     26.72      2.00     7   6.5693
#        1557       0.06210     13.13      2.00     7   6.5703
#        1558       0.01564      5.86      2.00     7   6.5698
#        1561       0.03067     13.22      2.00     7   6.5708
#        1563       0.02597      6.44      2.00     5   6.5713
#        1564       0.01823      4.39      2.00     6   6.5718
#        1565       0.01526     14.48      2.00     6   6.5717
#        1566       0.00865      9.47      2.00     3   6.5719
#        1567       0.01244     14.55      2.00     7   6.5721
#        1571       0.01690      5.43      2.00     6   6.5731
#        1573       0.00708      6.28      2.00     4   6.5742
#        1574       0.04967     12.81      2.00     7   6.5746
#        1576       0.01007      6.98      2.00     7   6.5743
#        1577       0.01203     10.02      2.00     5   6.5747
#        1578       0.03699     12.27      2.00     7   6.5750
#        1579       0.02694      4.48      2.00     6   6.5760
#        1582       0.01029     11.48      2.00     7   6.5761
#        1583       0.01623      5.55      2.00     6   6.5766
#        1584       0.01656      4.55      2.00     6   6.5766
#        1587       0.01734      6.57      2.00     6   6.5770
#        1589       0.02305      6.37      2.00     5   6.5773
#        1591       0.01656      6.57      2.00     6   6.5775
#        1592       0.01804      8.98      1.00     6   6.5774
#        1593       0.01896      5.95      1.00     6   6.5775
#        1597       0.01657      4.11      2.00     5   6.5790
#        1599       0.01689      5.52      2.00     6   6.5802
#        1600       0.01032      9.87      2.00     7   6.5806
#        1601       0.01813      4.12      2.00     6   6.5820
#        1602       0.01491      4.42      2.00     5   6.5823
#        1603       0.01180      8.91      2.00     5   6.5834
#        1607       0.01689      5.39      2.00     6   6.5849
#        1616       0.09051      7.42      2.00     7   6.5879
#        1617       0.04158      7.16      2.00     7   6.5877
#        1619       0.01570      4.57      2.00     6   6.5893
#        1621       0.01585      5.24      2.00     6   6.5902
#        1624       0.03852      4.43      2.00     7   6.5902
#        1626       0.07303     10.97      2.00     7   6.5904
#        1627       0.01571      6.62      2.00     6   6.5912
#        1628       0.01585      6.37      2.00     6   6.5919
#        1630       0.02212      8.65      2.00     7   6.5923
#        1631       0.01586      6.34      2.00     6   6.5930
#        1632       0.01565      5.33      2.00     6   6.5927
#        1634       0.03631     10.71      2.00     7   6.5927
#        1636       0.01629      4.12      2.00     6   6.5951
#        1637       0.02443      8.16      2.00     7   6.5978
#        1638       0.02105     11.51      2.00     7   6.5986
#        1639       0.02182     21.42      2.00     7   6.5989
#        1640       0.04018     29.46      2.00     7   6.5990
#        1641       0.01742      6.79      2.00     7   6.5990
#        1643       0.01180      8.97      2.00     5   6.6001
#        1644       0.01659      7.80      2.00     7   6.6007
#        1645       0.01687      6.39      2.00     6   6.6014
#        1646       0.01736      6.76      2.00     7   6.6056
#        1648       0.02604      7.00      2.00     5   6.6090
#        1649       0.00728      4.87      2.00     5   6.6107
#        1650       0.00724      4.82      2.00     5   6.6111
#        1651       0.00718      4.86      2.00     5   6.6118
#        1654       0.00851     28.95      2.00     6   6.6150
#        1655       0.00758      4.80      2.00     5   6.6159
#        1656       0.00714      6.47      2.00     5   6.6170
#        1657       0.01113      5.26      2.00     5   6.6168
#        1658       0.00667      4.91      2.00     4   6.6175
#        1659       0.00706      6.07      2.00     4   6.6185
#        1662       0.02215      7.36      2.00     5   6.6209
#        1665       0.01315      6.73      2.00     7   6.6227
#        1666       0.01694     10.32      2.00     6   6.6231
#        1668       0.00703      5.04      2.00     5   6.6258
#        1670       0.02043      4.54      2.00     7   6.6259
#        1671       0.01893      6.14      2.00     7   6.6260
#        1672       0.01643      4.34      2.00     6   6.6263
#        1673       0.00886     10.15      2.00     4   6.6271
#        1674       0.03544      6.37      2.00     6   6.6278
#        1675       0.02291      4.00      2.00     6   6.6284
#        1677       0.02478      6.30      2.00     7   6.6320
#        1678       0.02352     15.22      2.00     7   6.6318
#        1679       0.02290     33.02      2.00     7   6.6326
#        1680       0.02096      9.45      2.00     7   6.6322
#        1681       0.01504      5.69      2.00     6   6.6330
#        1682       0.02050      5.61      2.00     7   6.6328
#        1683       0.00712      5.00      2.00     5   6.6336
#        1684       0.01924      9.89      2.00     7   6.6344
#        1685       0.02259     14.47      2.00     7   6.6347
#        1686       0.02626      9.51      2.00     7   6.6342
#        1687       0.02218     10.19      2.00     7   6.6342
#        1688       0.00822     13.84      2.00     5   6.6355
#        1689       0.01361      6.35      2.00     6   6.6365
#        1690       0.01083      4.40      2.00     5   6.6370
#        1691       0.02146     33.12      2.00     7   6.6367
#        1692       0.02189      5.43      2.00     6   6.6386
#        1693       0.02181     12.89      2.00     6   6.6386
#        1695       0.02772     11.37      2.00     6   6.6398
#        1696       0.02162      6.97      2.00     6   6.6403
#        1698       0.02142      6.20      2.00     7   6.6435
#        1702       0.01291      5.07      2.00     5   6.6491
#        1703       0.01295      5.11      2.00     5   6.6491
#        1705       0.01137      5.62      2.00     6   6.6492
#        1707       0.00685     15.79      1.00     6   6.6545
#        1708       0.01190     11.51      2.00     6   6.6560
#        1709       0.02179      4.94      2.00     7   6.6567
#        1710       0.01959      5.64      2.00     6   6.6562
#        1711       0.02064      4.02      2.00     7   6.6565
#        1712       0.01997      5.82      2.00     7   6.6572
#        1714       0.02869      6.08      2.00     7   6.6593
#        1715       0.01304     24.59      2.00     6   6.6614
#        1716       0.01204      9.88      2.00     6   6.6628
#        1717       0.04087     10.39      2.00     7   6.6657
#        1719       0.02880     11.46      2.00     6   6.6663
#        1720       0.02746      8.71      2.00     7   6.6664
#        1721       0.01042     13.06      2.00     7   6.6666
#        1722       0.01678     20.94      2.00     7   6.6666
#        1723       0.01954      5.72      2.00     7   6.6672
#        1724       0.02435     16.31      2.00     7   6.6670
#        1725       0.01896      5.57      2.00     6   6.6674
#        1726       0.02172      4.85      2.00     6   6.6675
#        1727       0.02372      4.75      2.00     6   6.6675
#        1728       0.02526      6.67      2.00     7   6.6673
#        1729       0.02264     30.44      2.00     7   6.6678
#        1730       0.02091      8.96      2.00     7   6.6674
#        1732       0.02871     11.33      2.00     6   6.6680
#        1733       0.02567     17.59      2.00     6   6.6688
#        1735       0.01748      6.22      2.00     7   6.6691
#        1737       0.01781      6.79      2.00     6   6.6697
#        1738       0.02001     10.06      2.00     7   6.6700
#        1740       0.02705      9.68      2.00     7   6.6697
#        1741       0.02217     10.47      2.00     7   6.6697
#        1742       0.02854      5.38      2.00     6   6.6705
#        1743       0.01757      4.12      2.00     6   6.6705
#        1744       0.02116     13.41      2.00     7   6.6701
#        1745       0.01042     11.75      2.00     7   6.6703
#        1746       0.01668     18.44      2.00     7   6.6703
#        1747       0.00650      5.20      2.00     4   6.6712
#        1748       0.01783      5.56      2.00     6   6.6722
#        1749       0.02144     32.71      2.00     7   6.6723
#        1750       0.01700      5.33      2.00     6   6.6733
#        1751       0.01509      8.46      2.00     6   6.6730
#        1752       0.01234      4.60      2.00     5   6.6740
#        1753       0.01239      4.91      2.00     5   6.6740
#        1754       0.02020      7.17      2.00     6   6.6740
#        1757       0.01046     12.28      2.00     7   6.6746
#        1758       0.01673     19.42      2.00     7   6.6746
#        1759       0.02800     10.62      2.00     7   6.6755
#        1760       0.01515      6.45      2.00     6   6.6761
#        1764       0.02429      8.30      2.00     7   6.6793
#        1766       0.02388      7.70      2.00     7   6.6826
#        1767       0.02742      8.75      2.00     7   6.6838
#        1768       0.04115      9.92      2.00     7   6.6840
#        1769       0.01741      4.23      2.00     7   6.6851
#        1770       0.02578      6.37      2.00     7   6.6857
#        1771       0.02079      8.47      2.00     6   6.6864
#        1772       0.01579      5.18      2.00     7   6.6874
#        1773       0.02206     22.78      2.00     7   6.6881
#        1774       0.01879      4.11      2.00     6   6.6894
#        1779       0.04249      6.82      2.00     7   6.6927
#        1781       0.09375      7.04      2.00     7   6.6930
#        1782       0.01263      4.55      2.00     5   6.6936
#        1783       0.01023     10.24      2.00     6   6.6939
#        1784       0.01865      4.33      2.00     6   6.6943
#        1785       0.01865      5.20      2.00     6   6.6948
#        1786       0.02141      5.00      2.00     6   6.6950
#        1787       0.02325      4.93      2.00     6   6.6950
#        1789       0.03879      4.09      2.00     7   6.6954
#        1790       0.07108     10.10      2.00     7   6.6957
#        1794       0.02774     11.33      2.00     7   6.6970
#        1795       0.03629      9.87      2.00     7   6.6980
#        1797       0.01091      4.72      2.00     6   6.7013
#        1798       0.01658      5.00      2.00     6   6.7009
#        1800       0.01861      4.30      2.00     6   6.7024
#        1803       0.01395      7.97      2.00     6   6.7087
#        1804       0.02351      7.19      2.00     6   6.7098
#        1805       0.01801     12.18      2.00     6   6.7115
#        1806       0.02063      8.65      2.00     6   6.7114
#        1809       0.01845      4.48      2.00     6   6.7148
#        1810       0.02347      7.77      2.00     7   6.7150
#        1811       0.02116      5.36      2.00     6   6.7153
#        1812       0.02326      5.32      2.00     6   6.7153
#        1813       0.01597      4.38      2.00     6   6.7191
#        1815       0.00735      6.14      2.00     5   6.7214
#        1816       0.03111     12.13      2.00     5   6.7215
#        1817       0.02559      7.32      2.00     7   6.7221
#        1819       0.01076     67.94      2.00     6   6.7229
#        1821       0.03549     10.17      2.00     7   6.7230
#        1822       0.00729      6.13      2.00     5   6.7244
#        1824       0.03514     17.17      2.00     7   6.7254
#        1825       0.02270      4.87      2.00     6   6.7258
#        1826       0.01871      9.07      2.00     5   6.7266
#        1829       0.01706      4.17      2.00     7   6.7286
#        1831       0.01282      4.12      2.00     6   6.7291
#        1833       0.01716      8.59      2.00     7   6.7293
#        1835       0.03052     20.51      2.00     7   6.7293
#        1836       0.01615      4.15      2.00     6   6.7301
#        1837       0.00951      9.18      2.00     5   6.7312
#        1838       0.01924     13.52      2.00     7   6.7309
#        1839       0.01808     12.25      2.00     7   6.7310
#        1840       0.03420      8.23      2.00     7   6.7311
#        1841       0.01784      4.80      2.00     7   6.7314
#        1842       0.02951     16.80      2.00     7   6.7318
#        1843       0.01749      5.85      2.00     7   6.7315
#        1844       0.01719      6.93      2.00     7   6.7318
#        1846       0.01692      6.54      2.00     7   6.7318
#        1847       0.00740      6.08      2.00     5   6.7337
#        1848       0.01023     12.51      2.00     6   6.7338
#        1849       0.01982      5.81      2.00     7   6.7337
#        1850       0.01796      9.92      2.00     7   6.7335
#        1851       0.01200     12.33      2.00     6   6.7346
#        1852       0.02413      4.09      2.00     6   6.7368
#        1853       0.00751      6.05      2.00     5   6.7375
#        1854       0.03614      5.53      2.00     5   6.7382
#        1856       0.02110      4.57      2.00     6   6.7379
#        1859       0.01767      4.81      2.00     6   6.7388
#        1860       0.02038      9.10      2.00     6   6.7388
#        1861       0.01532      5.53      2.00     6   6.7396
#        1862       0.00635      4.13      2.00     3   6.7401
#        1863       0.01526      6.43      2.00     6   6.7405
#        1864       0.01950     17.83      2.00     6   6.7405
#        1865       0.04099      9.36      2.00     7   6.7405
#        1866       0.02843      9.01      2.00     7   6.7413
#        1867       0.01756      4.75      2.00     7   6.7413
#        1868       0.01690      6.05      2.00     6   6.7421
#        1869       0.01707      8.96      2.00     7   6.7421
#        1871       0.01583      5.73      2.00     7   6.7438
#        1872       0.01462      4.79      2.00     6   6.7435
#        1873       0.02963     11.80      2.00     6   6.7436
#        1874       0.01454      5.81      2.00     6   6.7438
#        1876       0.02506      6.53      2.00     5   6.7447
#        1877       0.02378     17.34      2.00     6   6.7463
#        1878       0.01391      8.58      2.00     6   6.7465
#        1879       0.01654      7.70      2.00     7   6.7468
#        1880       0.01769      4.14      2.00     7   6.7487
#        1881       0.06217     11.02      2.00     7   6.7484
#        1882       0.03252     11.13      2.00     7   6.7486
#        1883       0.03451      6.76      2.00     7   6.7485
#        1885       0.01750      5.54      2.00     7   6.7489
#        1887       0.03736      5.74      2.00     6   6.7501
#        1888       0.01764      9.81      2.00     7   6.7498
#        1889       0.01139      8.06      2.00     5   6.7509
#        1890       0.02031      4.96      2.00     7   6.7509
#        1893       0.01743      5.59      2.00     7   6.7514
#        1894       0.01806      5.03      2.00     6   6.7543
#        1895       0.01523      6.55      2.00     6   6.7543
#        1896       0.04968     10.64      2.00     7   6.7545
#        1898       0.01525      6.15      2.00     6   6.7549
#        1899       0.03665     10.25      2.00     7   6.7547
#        1900       0.02173      6.07      2.00     7   6.7560
#        1901       0.01202     12.17      2.00     6   6.7578
#        1903       0.03408      8.19      2.00     6   6.7606
#        1904       0.01365      8.93      2.00     6   6.7619
#        1905       0.01359      7.03      2.00     6   6.7650
#        1906       0.01250      6.64      2.00     6   6.7656
#        1908       0.01209     12.88      2.00     6   6.7661
#        1909       0.00671      5.66      2.00     5   6.7687
#        1911       0.01188     14.26      2.00     6   6.7716
#        1913       0.01660      6.12      2.00     6   6.7754
#        1914       0.01361      7.65      2.00     6   6.7764
#        1915       0.01129     10.16      2.00     7   6.7785
#        1916       0.02306      5.83      2.00     7   6.7790
#        1917       0.01606     29.77      2.00     7   6.7791
#        1918       0.01581     18.44      2.00     6   6.7795
#        1919       0.01911     13.03      2.00     7   6.7801
#        1920       0.02417      4.38      2.00     7   6.7802
#        1921       0.02927     16.74      2.00     7   6.7806
#        1922       0.02181     14.85      2.00     7   6.7806
#        1923       0.00751      7.90      2.00     4   6.7816
#        1924       0.02656      6.99      2.00     7   6.7826
#        1925       0.00609      6.97      2.00     4   6.7831
#        1926       0.02599      7.43      2.00     7   6.7833
#        1927       0.01117     43.39      2.00     7   6.7831
#        1928       0.01889     13.90      2.00     7   6.7844
#        1929       0.02091     13.04      2.00     7   6.7843
#        1930       0.02401      5.24      2.00     7   6.7841
#        1931       0.02904     21.39      2.00     7   6.7845
#        1932       0.02288     11.07      2.00     7   6.7845
#        1933       0.01092    183.90      2.00     7   6.7842
#        1934       0.00610      5.42      2.00     5   6.7863
#        1935       0.02044      5.26      2.00     6   6.7862
#        1936       0.02269      5.54      2.00     6   6.7862
#        1938       0.02156      5.03      2.00     7   6.7866
#        1939       0.02217      7.28      2.00     7   6.7868
#        1940       0.02476      6.37      2.00     7   6.7867
#        1941       0.02530      7.10      2.00     7   6.7875
#        1942       0.01800     14.68      2.00     6   6.7879
#        1944       0.01911      4.60      2.00     7   6.7878
#        1945       0.02391      7.48      2.00     7   6.7883
#        1946       0.02542      6.51      2.00     7   6.7883
#        1947       0.01872      4.12      1.00     6   6.7900
#        1948       0.02116     13.59      2.00     7   6.7903
#        1949       0.02119     13.81      2.00     7   6.7904
#        1950       0.02899      5.43      2.00     6   6.7909
#        1951       0.01148     31.25      2.00     7   6.7908
#        1952       0.02297     10.13      2.00     7   6.7907
#        1953       0.02148      7.09      2.00     6   6.7911
#        1954       0.02294      5.51      2.00     6   6.7912
#        1955       0.02716      4.62      2.00     7   6.7910
#        1956       0.02250      6.16      2.00     7   6.7910
#        1957       0.01633      4.91      2.00     7   6.7910
#        1958       0.00968     25.19      2.00     6   6.7925
#        1959       0.01902     13.76      2.00     7   6.7924
#        1960       0.02365      5.11      2.00     7   6.7922
#        1961       0.01772      7.92      2.00     7   6.7927
#        1962       0.02897     20.31      2.00     7   6.7927
#        1963       0.02870     11.85      2.00     7   6.7928
#        1965       0.02237     12.29      2.00     7   6.7927
#        1966       0.01674      6.23      2.00     7   6.7933
#        1967       0.01797      5.59      2.00     7   6.7935
#        1968       0.02741     13.02      2.00     6   6.7941
#        1969       0.04364      6.27      2.00     7   6.7940
#        1970       0.02564      5.75      2.00     7   6.7939
#        1971       0.02432      8.03      2.00     7   6.7939
#        1972       0.01973      6.37      2.00     7   6.7938
#        1973       0.03170      6.12      2.00     7   6.7945
#        1975       0.02625      6.48      2.00     7   6.7947
#        1976       0.01388      7.24      2.00     6   6.7950
#        1977       0.02257      6.91      2.00     7   6.7950
#        1978       0.01797      5.45      2.00     7   6.7958
#        1979       0.01734      5.12      2.00     7   6.7965
#        1980       0.02038     17.45      2.00     7   6.7961
#        1981       0.02853      4.72      2.00     7   6.7968
#        1982       0.02076     13.54      2.00     7   6.7985
#        1983       0.01783      7.39      2.00     7   6.7994
#        1984       0.01925      6.79      2.00     7   6.7992
#        1985       0.01953      7.89      2.00     7   6.7992
#        1986       0.02208     17.75      2.00     7   6.7992
#        1987       0.02375      7.70      2.00     7   6.7992
#        1988       0.02220      8.53      2.00     7   6.7995
#        1989       0.02630      4.52      2.00     7   6.7999
#        1990       0.02183      5.95      2.00     7   6.7999
#        1991       0.01767     11.38      2.00     7   6.8000
#        1992       0.01619      4.29      2.00     7   6.7996
#        1993       0.02081     11.27      2.00     7   6.8000
#        1994       0.01572     26.05      2.00     7   6.8001
#        1995       0.01439      7.29      2.00     7   6.8002
#        2000       0.01727      9.03      2.00     7   6.8001
#        2001       0.02303     21.53      2.00     7   6.8001
#        2002       0.02066      9.04      2.00     7   6.8009
#        2003       0.01757      4.88      2.00     7   6.8007
#        2004       0.01896      5.78      2.00     7   6.8009
#        2005       0.00600      6.86      2.00     4   6.8014
#        2006       0.04240      5.97      2.00     7   6.8012
#        2007       0.03200      5.90      2.00     7   6.8016
#        2008       0.02515      5.91      2.00     7   6.8011
#        2009       0.02374      7.92      2.00     7   6.8011
#        2010       0.01542     10.69      2.00     7   6.8018
#        2011       0.01676      5.57      2.00     7   6.8019
#        2012       0.01812     30.05      2.00     7   6.8017
#        2013       0.02041     16.07      2.00     7   6.8032
#        2014       0.02565      7.10      2.00     7   6.8031
#        2015       0.02368      4.72      2.00     7   6.8040
#        2016       0.01649      4.55      2.00     7   6.8050
#        2017       0.02233      6.06      2.00     7   6.8049
#        2018       0.02146      5.07      2.00     7   6.8057
#        2019       0.00692      6.06      2.00     5   6.8057
#        2020       0.00693      5.94      2.00     5   6.8057
#        2021       0.02181     20.45      2.00     7   6.8056
#        2023       0.02172      4.37      2.00     7   6.8060
#        2024       0.02070      5.41      2.00     7   6.8059
#        2025       0.01853      6.59      2.00     7   6.8067
#        2026       0.01718      4.24      2.00     7   6.8068
#        2028       0.02715      6.41      2.00     7   6.8079
#        2029       0.01765      4.12      2.00     7   6.8076
#        2030       0.02117      5.72      2.00     7   6.8081
#        2031       0.01640      8.63      2.00     7   6.8088
#        2032       0.01684      6.28      2.00     7   6.8090
#        2033       0.01584      4.55      2.00     7   6.8092
#        2034       0.01686      6.17      2.00     7   6.8093
#        2036       0.05656     10.19      2.00     7   6.8101
#        2037       0.03297     10.30      2.00     7   6.8102
#        2038       0.01774      6.70      2.00     7   6.8104
#        2040       0.04277     12.26      2.00     7   6.8111
#        2041       0.00797     12.25      2.00     6   6.8121
#        2042       0.01129     19.22      2.00     6   6.8121
#        2043       0.01635      4.01      2.00     7   6.8124
#        2044       0.01752      9.35      2.00     7   6.8128
#        2045       0.05689      9.19      2.00     7   6.8135
#        2046       0.03052      4.21      2.00     7   6.8133
#        2049       0.03666      9.40      2.00     7   6.8159
#        2050       0.01804     10.91      2.00     7   6.8156
#        2051       0.04480      9.83      2.00     7   6.8160
#        2052       0.03622      9.50      2.00     7   6.8161
#        2053       0.01746     10.62      2.00     7   6.8162
#        2054       0.01686      5.78      2.00     7   6.8167
#        2055       0.01688      5.74      2.00     7   6.8169
#        2056       0.04192      4.79      2.00     5   6.8192
#        2057       0.01255      9.36      2.00     6   6.8206
#        2058       0.00827      6.22      2.00     6   6.8206
#        2061       0.02359     14.34      2.00     6   6.8268
#        2062       0.01262      8.48      2.00     6   6.8317
#        2063       0.00832      5.59      2.00     6   6.8317
#        2064       0.02688     13.99      2.00     6   6.8327
#        2065       0.02365      9.47      2.00     6   6.8340
#        2066       0.02598      7.50      2.00     7   6.8342
#        2067       0.01146     13.35      2.00     5   6.8346
#        2068       0.01811     14.13      2.00     6   6.8352
#        2069       0.01199      8.64      2.00     6   6.8352
#        2070       0.02120      4.07      2.00     6   6.8362
#        2071       0.02169     20.47      2.00     7   6.8369
#        2072       0.02185     11.69      2.00     6   6.8375
#        2074       0.02855     11.66      2.00     5   6.8395
#        2075       0.01591     53.12      2.00     7   6.8408
#        2077       0.01597      8.95      2.00     7   6.8412
#        2078       0.01590      6.41      2.00     7   6.8412
#        2083       0.01725      4.12      2.00     7   6.8435
#        2084       0.00589     12.34      2.00     5   6.8443
#        2085       0.01835      8.66      2.00     7   6.8463
#        2086       0.01588      4.32      2.00     7   6.8462
#        2090       0.02070      4.89      2.00     7   6.8463
#        2091       0.01569      7.96      2.00     7   6.8464
#        2092       0.01564      5.49      2.00     7   6.8464
#        2094       0.01827      8.13      2.00     7   6.8467
#        2095       0.01675      4.84      2.00     7   6.8466
#        2096       0.02063      5.10      2.00     7   6.8468
#        2097       0.01574      4.02      2.00     6   6.8472
#        2099       0.02034      5.19      2.00     7   6.8469
#        2103       0.01900     13.58      2.00     7   6.8490
#        2104       0.03080      6.98      2.00     7   6.8491
#        2105       0.02596      6.72      2.00     7   6.8492
#        2107       0.01592      8.36      2.00     7   6.8492
#        2108       0.01586      5.89      2.00     7   6.8492
#        2109       0.04323      7.13      2.00     7   6.8497
#        2112       0.02723      4.53      2.00     7   6.8516
#        2113       0.01081      6.41      2.00     6   6.8524
#        2114       0.01837      8.57      2.00     7   6.8525
#        2115       0.01605     18.58      2.00     7   6.8533
#        2117       0.03025      6.75      2.00     7   6.8546
#        2118       0.00722      6.38      2.00     4   6.8552
#        2119       0.04319      6.83      2.00     7   6.8551
#        2122       0.02275      4.54      2.00     7   6.8571
#        2125       0.03595      5.36      2.00     6   6.8584
#        2126       0.01715      4.66      2.00     7   6.8583
#        2127       0.02123     14.33      2.00     6   6.8607
#        2128       0.01578      5.54      2.00     7   6.8628
#        2131       0.01700      6.23      2.00     7   6.8626
#        2132       0.02418     10.51      2.00     6   6.8673
#        2133       0.01223      7.07      2.00     6   6.8673
#        2134       0.01475      7.35      2.00     6   6.8688
#        2135       0.01967      7.93      2.00     5   6.8690
#        2136       0.01223      9.27      2.00     6   6.8701
#        2137       0.01874     15.27      2.00     6   6.8701
#        2138       0.01971      6.52      2.00     5   6.8705
#        2139       0.04566      7.28      2.00     7   6.8730
#        2140       0.03146      7.13      2.00     7   6.8732
#        2141       0.02713      4.48      2.00     7   6.8758
#        2142       0.04471      7.02      2.00     7   6.8770
#        2143       0.03006      6.92      2.00     7   6.8772
#        2145       0.01763      6.11      2.00     7   6.8791
#        2146       0.02277      4.51      2.00     7   6.8798
#        2147       0.01768      4.64      2.00     7   6.8800
#        2148       0.02877     15.91      2.00     7   6.8801
#        2150       0.01583      5.04      2.00     5   6.8814
#        2151       0.01772     14.00      2.00     7   6.8818
#        2152       0.01806      5.53      2.00     7   6.8826
#        2153       0.01876      8.17      2.00     7   6.8825
#        2156       0.01144      9.12      2.00     5   6.8837
#        2157       0.01683      5.04      2.00     7   6.8839
#        2158       0.01773     10.92      2.00     7   6.8843
#        2159       0.01876     13.83      2.00     7   6.8866
#        2160       0.02074      8.49      2.00     6   6.8909
#        2161       0.00604      5.13      2.00     5   6.8917
#        2163       0.01465      7.64      2.00     6   6.8925
#        2165       0.02914      5.04      2.00     6   6.8946
#  1626/2000 paths used
#  -----------------------------------------------------------------------
#       k          chi          mag           phase @#
     0.0000    8.362022E+00  8.426865E+00  1.446662E+00
     0.0500    8.237404E+00  8.267426E+00  1.485549E+00
     0.1000    8.100403E+00  8.109075E+00  1.524546E+00
     0.1500    7.649307E+00  7.667408E+00  1.639522E+00
     0.2000    7.111818E+00  7.234809E+00  1.755449E+00
     0.2500    6.163616E+00  6.614776E+00  1.942265E+00
     0.3000    5.095226E+00  6.015999E+00  2.131378E+00
     0.3500    3.684582E+00  5.357971E+00  2.383301E+00
     0.4000    2.281498E+00  4.730320E+00  2.638299E+00
     0.4500    8.298911E-01  4.152450E+00  2.940382E+00
     0.5000   -3.646442E-01  3.601381E+00  3.243018E+00
     0.5500   -1.323324E+00  3.156866E+00  3.574145E+00
     0.6000   -1.870207E+00  2.722114E+00  3.899003E+00
     0.6500   -2.130926E+00  2.404627E+00  4.230621E+00
     0.7000   -2.049123E+00  2.077631E+00  4.546539E+00
     0.7500   -1.830290E+00  1.848807E+00  4.854038E+00
     0.8000   -1.460162E+00  1.603176E+00  5.137984E+00
     0.8500   -1.097291E+00  1.432747E+00  5.410799E+00
     0.9000   -7.333512E-01  1.249959E+00  5.656207E+00
     0.9500   -4.215611E-01  1.118432E+00  5.896715E+00
     1.0000   -1.693409E-01  9.821340E-01  6.109898E+00
     1.0500    4.118465E-02  8.821746E-01  6.329888E+00
     1.1000    1.884771E-01  7.804350E-01  6.527099E+00
     1.1500    3.040599E-01  6.950037E-01  6.735995E+00
     1.2000    3.642494E-01  6.095105E-01  6.923702E+00
     1.2500    3.945086E-01  5.309146E-01  7.120837E+00
     1.3000    3.843118E-01  4.543114E-01  7.291476E+00
     1.3500    3.533612E-01  3.827911E-01  7.459296E+00
     1.4000    3.068664E-01  3.181184E-01  7.587220E+00
     1.4500    2.588229E-01  2.623407E-01  7.690035E+00
     1.5000    2.174381E-01  2.189411E-01  7.736739E+00
     1.5500    1.882533E-01  1.891302E-01  7.757648E+00
     1.6000    1.725985E-01  1.734492E-01  7.754900E+00
     1.6500    1.649209E-01  1.652578E-01  7.790113E+00
     1.7000    1.619777E-01  1.619780E-01  7.856140E+00
     1.7500    1.554193E-01  1.563939E-01  7.965683E+00
     1.8000    1.428310E-01  1.470401E-01  8.093827E+00
     1.8500    1.235771E-01  1.327635E-01  8.228165E+00
     1.9000    1.046065E-01  1.186074E-01  8.344782E+00
     1.9500    7.393317E-02  8.631367E-02  8.396204E+00
     2.0000    7.231931E-02  8.959517E-02  8.485421E+00
     2.0500    6.060051E-02  7.805127E-02  8.535814E+00
     2.1000    5.499228E-02  7.083329E-02  8.535905E+00
     2.1500    5.237910E-02  6.718819E-02  8.530771E+00
     2.2000    4.988550E-02  6.377863E-02  8.526643E+00
     2.2500    4.471246E-02  5.782896E-02  8.540931E+00
     2.3000    4.465373E-02  5.573045E-02  8.495405E+00
     2.3500    4.922829E-02  5.899898E-02  8.437749E+00
     2.4000    5.687893E-02  6.753216E-02  8.423335E+00
     2.4500    5.988653E-02  7.422232E-02  8.485972E+00
     2.5000    6.185180E-02  8.279326E-02  8.581145E+00
     2.5500    6.096265E-02  9.264662E-02  8.706601E+00
     2.6000    5.543737E-02  1.031309E-01  8.857257E+00
     2.6500    4.219185E-02  1.098455E-01  9.030543E+00
     2.7000    2.432662E-02  1.163806E-01  9.214199E+00
     2.7500    2.333523E-03  1.225148E-01  9.405730E+00
     2.8000   -2.271820E-02  1.280645E-01  9.603118E+00
     2.8500   -4.723763E-02  1.297121E-01  9.797523E+00
     2.9000   -7.046616E-02  1.308417E-01  9.993506E+00
     2.9500   -9.107291E-02  1.314789E-01  1.018998E+01
     3.0000   -1.079795E-01  1.316891E-01  1.038612E+01
     3.0500   -1.190877E-01  1.304087E-01  1.057582E+01
     3.1000   -1.256846E-01  1.290829E-01  1.076561E+01
     3.1500   -1.275933E-01  1.276946E-01  1.095573E+01
     3.2000   -1.247856E-01  1.262155E-01  1.114624E+01
     3.2500   -1.172697E-01  1.243276E-01  1.133414E+01
     3.3000   -1.058013E-01  1.225120E-01  1.152400E+01
     3.3500   -9.055997E-02  1.205274E-01  1.171624E+01
     3.4000   -7.215315E-02  1.181687E-01  1.190956E+01
     3.4500   -5.177100E-02  1.154903E-01  1.210154E+01
     3.5000   -3.035772E-02  1.125631E-01  1.229329E+01
     3.5500   -9.002042E-03  1.093994E-01  1.248399E+01
     3.6000    1.126083E-02  1.060448E-01  1.267276E+01
     3.6500    2.928864E-02  1.025048E-01  1.285614E+01
     3.7000    4.476428E-02  9.894401E-02  1.303585E+01
     3.7500    5.740591E-02  9.548088E-02  1.321141E+01
     3.8000    6.720948E-02  9.223694E-02  1.338274E+01
     3.8500    7.438255E-02  8.950811E-02  1.354730E+01
     3.9000    7.930717E-02  8.718750E-02  1.370873E+01
     3.9500    8.226821E-02  8.533305E-02  1.386834E+01
     4.0000    8.345956E-02  8.396114E-02  1.402781E+01
     4.0500    8.310499E-02  8.320855E-02  1.418707E+01
     4.1000    8.098618E-02  8.284342E-02  1.434931E+01
     4.1500    7.690378E-02  8.276668E-02  1.451582E+01
     4.2000    7.063029E-02  8.285948E-02  1.468739E+01
     4.2500    6.221041E-02  8.319284E-02  1.486324E+01
     4.3000    5.142754E-02  8.346132E-02  1.504407E+01
     4.3500    3.847749E-02  8.356624E-02  1.522947E+01
     4.4000    2.379107E-02  8.343169E-02  1.541879E+01
     4.4500    8.061222E-03  8.320934E-02  1.561093E+01
     4.5000   -8.031397E-03  8.268082E-02  1.580525E+01
     4.5500   -2.362913E-02  8.183850E-02  1.600086E+01
     4.6000   -3.790402E-02  8.069582E-02  1.619693E+01
     4.6500   -5.024737E-02  7.939261E-02  1.639325E+01
     4.7000   -6.004740E-02  7.786767E-02  1.658860E+01
     4.7500   -6.697827E-02  7.616851E-02  1.678244E+01
     4.8000   -7.092718E-02  7.434343E-02  1.697443E+01
     4.8500   -7.204176E-02  7.250756E-02  1.716535E+01
     4.9000   -7.043716E-02  7.063801E-02  1.735419E+01
     4.9500   -6.642112E-02  6.877339E-02  1.754106E+01
     5.0000   -6.035272E-02  6.694157E-02  1.772616E+01
     5.0500   -5.262928E-02  6.523354E-02  1.791087E+01
     5.1000   -4.358976E-02  6.359536E-02  1.809437E+01
     5.1500   -3.360790E-02  6.202843E-02  1.827696E+01
     5.2000   -2.305079E-02  6.052991E-02  1.845888E+01
     5.2500   -1.219100E-02  5.916822E-02  1.864203E+01
     5.3000   -1.417467E-03  5.786813E-02  1.882506E+01
     5.3500    8.939305E-03  5.662348E-02  1.900809E+01
     5.4000    1.857354E-02  5.543043E-02  1.919124E+01
     5.4500    2.734742E-02  5.434507E-02  1.937687E+01
     5.5000    3.488342E-02  5.329586E-02  1.956311E+01
     5.5500    4.096794E-02  5.227701E-02  1.975011E+01
     5.6000    4.543204E-02  5.128147E-02  1.993806E+01
     5.6500    4.822782E-02  5.034573E-02  2.012927E+01
     5.7000    4.916078E-02  4.940072E-02  2.032175E+01
     5.7500    4.821332E-02  4.843278E-02  2.051559E+01
     5.8000    4.544190E-02  4.742795E-02  2.071077E+01
     5.8500    4.100697E-02  4.643321E-02  2.090864E+01
     5.9000    3.507898E-02  4.537449E-02  2.110744E+01
     5.9500    2.796787E-02  4.424556E-02  2.130688E+01
     6.0000    2.004958E-02  4.304484E-02  2.150663E+01
     6.0500    1.173967E-02  4.195385E-02  2.170754E+01
     6.1000    3.395782E-03  4.080819E-02  2.190784E+01
     6.1500   -4.587101E-03  3.962026E-02  2.210719E+01
     6.2000   -1.186762E-02  3.840541E-02  2.230530E+01
     6.2500   -1.817820E-02  3.718032E-02  2.250200E+01
     6.3000   -2.333354E-02  3.596120E-02  2.269723E+01
     6.3500   -2.722772E-02  3.476202E-02  2.289104E+01
     6.4000   -2.982300E-02  3.359299E-02  2.308364E+01
     6.4500   -3.113504E-02  3.245963E-02  2.327528E+01
     6.5000   -3.121916E-02  3.136252E-02  2.346630E+01
     6.5500   -3.042867E-02  3.057380E-02  2.365942E+01
     6.6000   -2.855283E-02  2.980375E-02  2.385270E+01
     6.6500   -2.570312E-02  2.904261E-02  2.404622E+01
     6.7000   -2.202658E-02  2.828116E-02  2.423992E+01
     6.7500   -1.770544E-02  2.751233E-02  2.443362E+01
     6.8000   -1.295073E-02  2.673236E-02  2.462700E+01
     6.8500   -7.989660E-03  2.594155E-02  2.481966E+01
     6.9000   -3.048328E-03  2.514427E-02  2.501121E+01
     6.9500    1.666655E-03  2.434851E-02  2.520124E+01
     7.0000    5.983757E-03  2.356494E-02  2.538948E+01
     7.0500    9.897489E-03  2.291805E-02  2.557930E+01
     7.1000    1.320961E-02  2.229556E-02  2.576687E+01
     7.1500    1.586715E-02  2.171070E-02  2.595230E+01
     7.2000    1.785382E-02  2.117435E-02  2.613591E+01
     7.2500    1.917668E-02  2.069376E-02  2.631825E+01
     7.3000    1.985310E-02  2.027169E-02  2.649997E+01
     7.3500    1.990149E-02  1.990618E-02  2.668182E+01
     7.4000    1.933772E-02  1.959100E-02  2.686451E+01
     7.4500    1.817763E-02  1.931662E-02  2.704866E+01
     7.5000    1.644396E-02  1.907149E-02  2.723468E+01
     7.5500    1.417829E-02  1.885019E-02  2.742301E+01
     7.6000    1.145494E-02  1.864668E-02  2.761282E+01
     7.6500    8.358852E-03  1.845277E-02  2.780422E+01
     7.7000    4.996022E-03  1.826104E-02  2.799721E+01
     7.7500    1.491504E-03  1.806542E-02  2.819168E+01
     7.8000   -2.016185E-03  1.786147E-02  2.838745E+01
     7.8500   -5.383300E-03  1.764644E-02  2.858434E+01
     7.9000   -8.470271E-03  1.741914E-02  2.878214E+01
     7.9500   -1.115071E-02  1.717963E-02  2.898069E+01
     8.0000   -1.331873E-02  1.692875E-02  2.917986E+01
     8.0500   -1.493222E-02  1.671738E-02  2.937878E+01
     8.1000   -1.592416E-02  1.650821E-02  2.957833E+01
     8.1500   -1.626506E-02  1.630099E-02  2.977872E+01
     8.2000   -1.594771E-02  1.609420E-02  2.998016E+01
     8.2500   -1.498789E-02  1.588515E-02  3.018284E+01
     8.3000   -1.342586E-02  1.567011E-02  3.038693E+01
     8.3500   -1.132804E-02  1.544470E-02  3.059253E+01
     8.4000   -8.787837E-03  1.520424E-02  3.079967E+01
     8.4500   -5.924531E-03  1.494420E-02  3.100829E+01
     8.5000   -2.879178E-03  1.466061E-02  3.121825E+01
     8.5500    2.038983E-04  1.443631E-02  3.143005E+01
     8.6000    3.191666E-03  1.418688E-02  3.164284E+01
     8.6500    5.930515E-03  1.391075E-02  3.185635E+01
     8.7000    8.282134E-03  1.360745E-02  3.207028E+01
     8.7500    1.013444E-02  1.327757E-02  3.228429E+01
     8.8000    1.141020E-02  1.292278E-02  3.249804E+01
     8.8500    1.207243E-02  1.254574E-02  3.271116E+01
     8.9000    1.212569E-02  1.215013E-02  3.292330E+01
     8.9500    1.161321E-02  1.174048E-02  3.313410E+01
     9.0000    1.060989E-02  1.132204E-02  3.334329E+01
     9.0500    9.277565E-03  1.098728E-02  3.355209E+01
     9.1000    7.630803E-03  1.065324E-02  3.375905E+01
     9.1500    5.772859E-03  1.032418E-02  3.396415E+01
     9.2000    3.803829E-03  1.000378E-02  3.416746E+01
     9.2500    1.815331E-03  9.694918E-03  3.436916E+01
     9.3000   -1.124342E-04  9.399547E-03  3.456948E+01
     9.3500   -1.911546E-03  9.118592E-03  3.476872E+01
     9.4000   -3.525840E-03  8.851993E-03  3.496719E+01
     9.4500   -4.909822E-03  8.598822E-03  3.516523E+01
     9.5000   -6.027735E-03  8.357474E-03  3.536311E+01
     9.5500   -6.904194E-03  8.178712E-03  3.556253E+01
     9.6000   -7.477055E-03  8.007782E-03  3.576220E+01
     9.6500   -7.734662E-03  7.842619E-03  3.596220E+01
     9.7000   -7.676866E-03  7.681368E-03  3.616256E+01
     9.7500   -7.315952E-03  7.522532E-03  3.636321E+01
     9.8000   -6.676779E-03  7.365055E-03  3.656408E+01
     9.8500   -5.795875E-03  7.208340E-03  3.676503E+01
     9.9000   -4.719489E-03  7.052221E-03  3.696595E+01
     9.9500   -3.500828E-03  6.896886E-03  3.716672E+01
    10.0000   -2.196854E-03  6.742778E-03  3.736725E+01
    10.0500   -8.627538E-04  6.619549E-03  3.756841E+01
    10.1000    4.566293E-04  6.498471E-03  3.776944E+01
    10.1500    1.709387E-03  6.379866E-03  3.797036E+01
    10.2000    2.848656E-03  6.263962E-03  3.817122E+01
    10.2500    3.833968E-03  6.150851E-03  3.837210E+01
    10.3000    4.632235E-03  6.040468E-03  3.857306E+01
    10.3500    5.218468E-03  5.932605E-03  3.877419E+01
    10.4000    5.576321E-03  5.826934E-03  3.897556E+01
    10.4500    5.698483E-03  5.723041E-03  3.917724E+01
    10.5000    5.586894E-03  5.620470E-03  3.937927E+01
    10.5500    5.252690E-03  5.518759E-03  3.958169E+01
    10.6000    4.715829E-03  5.417464E-03  3.978451E+01
    10.6500    4.004313E-03  5.316187E-03  3.998775E+01
    10.7000    3.153014E-03  5.214580E-03  4.019137E+01
    10.7500    2.202127E-03  5.112351E-03  4.039538E+01
    10.8000    1.195329E-03  5.009260E-03  4.059976E+01
    10.8500    1.777442E-04  4.905119E-03  4.080446E+01
    10.9000   -8.061783E-04  4.799790E-03  4.100947E+01
    10.9500   -1.714762E-03  4.693182E-03  4.121474E+01
    11.0000   -2.511052E-03  4.585256E-03  4.142024E+01
    11.0500   -3.194017E-03  4.514375E-03  4.162669E+01
    11.1000   -3.720435E-03  4.442904E-03  4.183319E+01
    11.1500   -4.072337E-03  4.370963E-03  4.203971E+01
    11.2000   -4.240141E-03  4.298717E-03  4.224623E+01
    11.2500   -4.222774E-03  4.226364E-03  4.245272E+01
    11.3000   -4.027329E-03  4.154119E-03  4.265920E+01
    11.3500   -3.668322E-03  4.082181E-03  4.286569E+01
    11.4000   -3.166645E-03  4.010713E-03  4.307223E+01
    11.4500   -2.548356E-03  3.939806E-03  4.327889E+01
    11.5000   -1.843393E-03  3.869458E-03  4.348575E+01
    11.5500   -1.084312E-03  3.799560E-03  4.369290E+01
    11.6000   -3.050446E-04  3.729897E-03  4.390042E+01
    11.6500    4.603305E-04  3.660164E-03  4.410840E+01
    11.7000    1.178861E-03  3.589991E-03  4.431688E+01
    11.7500    1.820060E-03  3.518981E-03  4.452589E+01
    11.8000    2.357296E-03  3.446751E-03  4.473542E+01
    11.8500    2.769152E-03  3.372969E-03  4.494543E+01
    11.9000    3.040625E-03  3.297382E-03  4.515586E+01
    11.9500    3.164013E-03  3.219839E-03  4.536661E+01
    12.0000    3.139354E-03  3.140296E-03  4.557758E+01
    12.0500    3.009334E-03  3.098365E-03  4.579340E+01
    12.1000    2.741315E-03  3.054034E-03  4.600958E+01
    12.1500    2.351684E-03  3.007204E-03  4.622599E+01
    12.2000    1.863158E-03  2.957906E-03  4.644248E+01
    12.2500    1.303269E-03  2.906291E-03  4.665888E+01
    12.3000    7.024959E-04  2.852616E-03  4.687507E+01
    12.3500    9.222240E-05  2.797218E-03  4.709091E+01
    12.4000   -4.972248E-04  2.740478E-03  4.730634E+01
    12.4500   -1.038276E-03  2.682781E-03  4.752128E+01
    12.5000   -1.507427E-03  2.624478E-03  4.773573E+01
    12.5500   -1.886121E-03  2.565859E-03  4.794968E+01
    12.6000   -2.161241E-03  2.507129E-03  4.816317E+01
    12.6500   -2.325297E-03  2.448411E-03  4.837622E+01
    12.7000   -2.376385E-03  2.389755E-03  4.858886E+01
    12.7500   -2.317986E-03  2.331168E-03  4.880108E+01
    12.8000   -2.158576E-03  2.272646E-03  4.901286E+01
    12.8500   -1.911053E-03  2.214214E-03  4.922414E+01
    12.9000   -1.591905E-03  2.155959E-03  4.943483E+01
    12.9500   -1.220156E-03  2.098044E-03  4.964483E+01
    13.0000   -8.161212E-04  2.040720E-03  4.985405E+01
    13.0500   -4.044421E-04  1.997073E-03  5.006155E+01
    13.1000    5.746997E-06  1.954400E-03  5.026842E+01
    13.1500    3.973240E-04  1.912875E-03  5.047472E+01
    13.2000    7.550860E-04  1.872629E-03  5.068052E+01
    13.2500    1.066143E-03  1.833741E-03  5.088594E+01
    13.3000    1.320153E-03  1.796224E-03  5.109109E+01
    13.3500    1.509443E-03  1.760031E-03  5.129611E+01
    13.4000    1.629075E-03  1.725059E-03  5.150112E+01
    13.4500    1.676881E-03  1.691162E-03  5.170623E+01
    13.5000    1.653477E-03  1.658168E-03  5.191151E+01
    13.5500    1.562242E-03  1.625899E-03  5.211703E+01
    13.6000    1.409202E-03  1.594191E-03  5.232281E+01
    13.6500    1.202811E-03  1.562903E-03  5.252886E+01
    13.7000    9.535881E-04  1.531929E-03  5.273517E+01
    13.7500    6.736235E-04  1.501194E-03  5.294174E+01
    13.8000    3.759936E-04  1.470651E-03  5.314854E+01
    13.8500    7.413067E-05  1.440269E-03  5.335558E+01
    13.9000   -2.187959E-04  1.410026E-03  5.356288E+01
    13.9500   -4.904478E-04  1.379888E-03  5.377044E+01
    14.0000   -7.298144E-04  1.349814E-03  5.397832E+01
    14.0500   -9.400381E-04  1.333460E-03  5.418944E+01
    14.1000   -1.103519E-03  1.316755E-03  5.440079E+01
    14.1500   -1.213791E-03  1.299681E-03  5.461229E+01
    14.2000   -1.267076E-03  1.282257E-03  5.482384E+01
    14.2500   -1.262442E-03  1.264533E-03  5.503538E+01
    14.3000   -1.201773E-03  1.246592E-03  5.524683E+01
    14.3500   -1.089542E-03  1.228539E-03  5.545816E+01
    14.4000   -9.324403E-04  1.210490E-03  5.566936E+01
    14.4500   -7.389013E-04  1.192550E-03  5.588044E+01
    14.5000   -5.186048E-04  1.174804E-03  5.609147E+01
    14.5500   -2.819954E-04  1.157299E-03  5.630252E+01
    14.6000   -3.985042E-05  1.140043E-03  5.651371E+01
    14.6500    1.971138E-04  1.123000E-03  5.672511E+01
    14.7000    4.186197E-04  1.106107E-03  5.693680E+01
    14.7500    6.152157E-04  1.089284E-03  5.714885E+01
    14.8000    7.786777E-04  1.072451E-03  5.736126E+01
    14.8500    9.024005E-04  1.055547E-03  5.757405E+01
    14.9000    9.817315E-04  1.038530E-03  5.778721E+01
    14.9500    1.014196E-03  1.021388E-03  5.800072E+01
    15.0000    9.995766E-04  1.004119E-03  5.821462E+01
    15.0500    9.463878E-04  9.927570E-04  5.842631E+01
    15.1000    8.517139E-04  9.809362E-04  5.863856E+01
    15.1500    7.205352E-04  9.685730E-04  5.885135E+01
    15.2000    5.596155E-04  9.555919E-04  5.906461E+01
    15.2500    3.771786E-04  9.419276E-04  5.927827E+01
    15.3000    1.824819E-04  9.275297E-04  5.949223E+01
    15.3500   -1.469494E-05  9.123680E-04  5.970637E+01
    15.4000   -2.046207E-04  8.964383E-04  5.992055E+01
    15.4500   -3.781991E-04  8.797663E-04  6.013463E+01
    15.5000   -5.275178E-04  8.624097E-04  6.034844E+01
    15.5500   -6.463032E-04  8.444558E-04  6.056184E+01
    15.6000   -7.302313E-04  8.260164E-04  6.077470E+01
    15.6500   -7.770699E-04  8.072196E-04  6.098689E+01
    15.7000   -7.866500E-04  7.882003E-04  6.119833E+01
    15.7500   -7.606932E-04  7.690905E-04  6.140897E+01
    15.8000   -7.025352E-04  7.500123E-04  6.161877E+01
    15.8500   -6.167902E-04  7.310727E-04  6.182775E+01
    15.9000   -5.089939E-04  7.123625E-04  6.203592E+01
    15.9500   -3.852498E-04  6.939569E-04  6.224331E+01
    16.0000   -2.518964E-04  6.759175E-04  6.244996E+01
    16.0500   -1.183244E-04  6.612351E-04  6.265194E+01
    16.1000    1.394854E-05  6.470915E-04  6.285341E+01
    16.1500    1.399037E-04  6.334919E-04  6.305453E+01
    16.2000    2.550292E-04  6.204172E-04  6.325547E+01
    16.2500    3.554017E-04  6.078265E-04  6.345637E+01
    16.3000    4.377577E-04  5.956611E-04  6.365739E+01
    16.3500    4.995627E-04  5.838489E-04  6.385863E+01
    16.4000    5.390791E-04  5.723088E-04  6.406021E+01
    16.4500    5.554300E-04  5.609555E-04  6.426218E+01
    16.5000    5.486499E-04  5.497035E-04  6.446457E+01
    16.5500    5.197102E-04  5.384720E-04  6.466740E+01
    16.6000    4.705079E-04  5.271888E-04  6.487062E+01
    16.6500    4.038040E-04  5.157939E-04  6.507417E+01
    16.7000    3.231078E-04  5.042436E-04  6.527794E+01
    16.7500    2.325032E-04  4.925121E-04  6.548180E+01
    16.8000    1.364264E-04  4.805944E-04  6.568562E+01
    16.8500    3.941106E-05  4.685061E-04  6.588923E+01
    16.9000   -5.417789E-05  4.562832E-04  6.609246E+01
    16.9500   -1.403926E-04  4.439799E-04  6.629518E+01
    17.0000   -2.159089E-04  4.316649E-04  6.649725E+01
    17.0500   -2.812147E-04  4.222010E-04  6.670237E+01
    17.1000   -3.318505E-04  4.129518E-04  6.690678E+01
    17.1500   -3.665781E-04  4.039834E-04  6.711052E+01
    17.2000   -3.848938E-04  3.953515E-04  6.731373E+01
    17.2500   -3.869475E-04  3.870960E-04  6.751654E+01
    17.3000   -3.734494E-04  3.792378E-04  6.771918E+01
    17.3500   -3.455809E-04  3.717762E-04  6.792187E+01
    17.4000   -3.049231E-04  3.646886E-04  6.812487E+01
    17.4500   -2.534054E-04  3.579311E-04  6.832842E+01
    17.5000   -1.932718E-04  3.514415E-04  6.853275E+01
    17.5500   -1.270512E-04  3.451432E-04  6.873806E+01
    17.6000   -5.751766E-05  3.389498E-04  6.894452E+01
    17.6500    1.237245E-05  3.327708E-04  6.915223E+01
    17.7000    7.957812E-05  3.265165E-04  6.936124E+01
    17.7500    1.411065E-04  3.201028E-04  6.957155E+01
    17.8000    1.941755E-04  3.134551E-04  6.978310E+01
    17.8500    2.363910E-04  3.065115E-04  6.999581E+01
    17.9000    2.659198E-04  2.992251E-04  7.020953E+01
    17.9500    2.816343E-04  2.915650E-04  7.042409E+01
    18.0000    2.832101E-04  2.835170E-04  7.063930E+01
    18.0500    2.747991E-04  2.787176E-04  7.085372E+01
    18.1000    2.537528E-04  2.735153E-04  7.106830E+01
    18.1500    2.215967E-04  2.679385E-04  7.128280E+01
    18.2000    1.804522E-04  2.620294E-04  7.149698E+01
    18.2500    1.328589E-04  2.558409E-04  7.171060E+01
    18.3000    8.157219E-05  2.494346E-04  7.192347E+01
    18.3500    2.935872E-05  2.428770E-04  7.213546E+01
    18.4000   -2.118652E-05  2.362362E-04  7.234644E+01
    18.4500   -6.778552E-05  2.295790E-04  7.255636E+01
    18.5000   -1.085745E-04  2.229667E-04  7.276523E+01
    18.5500   -1.421518E-04  2.164523E-04  7.297311E+01
    18.6000   -1.675820E-04  2.100777E-04  7.318013E+01
    18.6500   -1.843679E-04  2.038717E-04  7.338645E+01
    18.7000   -1.924041E-04  1.978489E-04  7.359228E+01
    18.7500   -1.919254E-04  1.920093E-04  7.379787E+01
    18.8000   -1.834598E-04  1.863396E-04  7.400346E+01
    18.8500   -1.677910E-04  1.808149E-04  7.420929E+01
    18.9000   -1.459289E-04  1.754016E-04  7.441557E+01
    18.9500   -1.190850E-04  1.700602E-04  7.462247E+01
    19.0000   -8.864222E-05  1.647491E-04  7.483011E+01
    19.0500   -5.712511E-05  1.611885E-04  7.503595E+01
    19.1000   -2.445905E-05  1.576106E-04  7.524241E+01
    19.1500    7.885367E-06  1.539868E-04  7.544945E+01
    19.2000    3.846328E-05  1.502928E-04  7.565703E+01
    19.2500    6.593264E-05  1.465101E-04  7.586501E+01
    19.3000    8.913248E-05  1.426267E-04  7.607327E+01
    19.3500    1.071537E-04  1.386371E-04  7.628163E+01
    19.4000    1.193937E-04  1.345427E-04  7.648991E+01
    19.4500    1.255891E-04  1.303513E-04  7.669788E+01
    19.5000    1.258206E-04  1.260762E-04  7.690534E+01
    19.5500    1.204920E-04  1.217356E-04  7.711208E+01
    19.6000    1.102832E-04  1.173520E-04  7.731788E+01
    19.6500    9.608512E-05  1.129507E-04  7.752254E+01
    19.7000    7.892251E-05  1.085593E-04  7.772588E+01
    19.7500    5.987355E-05  1.042062E-04  7.792774E+01
    19.8000    3.999438E-05  9.991971E-05  7.812801E+01
    19.8500    2.025529E-05  9.572706E-05  7.832661E+01
    19.9000    1.493580E-06  9.165299E-05  7.852352E+01
    19.9500   -1.561466E-05  8.771875E-05  7.871878E+01
    20.0000   -3.056402E-05  8.394099E-05  7.891250E+01
