# # Once                                                         FEFF 10.0.0 
# # POT  SCF 100  9.0000   0, NO core-hole, FOLP (folp(0)= 1.150)
# # Abs   Z=30 Rmt= 1.378 Rnm= 1.522 K  shell
# #   RGRID 0.0100
# # Pot 1 Z= 6 Rmt= 0.897 Rnm= 1.121
# # Pot 2 Z= 6 Rmt= 0.927 Rnm= 1.163
# # Pot 3 Z= 1 Rmt= 0.549 Rnm= 0.934
# # Pot 4 Z=16 Rmt= 1.259 Rnm= 1.479
# # Gam_ch=1.897E+00 H-L exch Vi=-5.000E-01 Vr= 0.000E+00
# # Mu=-7.257E+00eV kf=2.005E+00 Vint=-1.350E+01eV Rs_int= 1.809
# # PATH  Rmax= 9.000,  Keep_limit= 0.00, Heap_limit 0.00  Pwcrit= 2.50%
#  S02=1.000  Temp=  10.00  Debye_temp= 315.00  Global_sig2= 0.00000
#  Energy zero shift, vr, vi    0.00000E+00   0.00000E+00
#  Curved wave amplitude ratio filter   4.000%
#     file         sig2 tot  cw amp ratio   deg  nlegs   reff  inp sig2
#           1       0.00300    100.00      1.00     2   2.3589
#           2       0.00301     99.90      1.00     2   2.3598
#           3       0.00310    198.10      2.00     2   2.3683
#           4       0.03011     14.76      1.00     2   2.9884
#           5       0.03060     14.66      1.00     2   2.9966
#           6       0.02252     12.07      1.00     2   3.2467
#           7       0.02226     11.88      1.00     2   3.2679
#           8       0.00596     42.76      1.00     2   3.3030
#           9       0.00587     42.25      1.00     2   3.3192
#          10       0.03057     10.95      1.00     2   3.3797
#          11       0.00565     39.95      1.00     2   3.3948
#          12       0.00564     39.31      1.00     2   3.4168
#          13       0.02956     10.66      1.00     2   3.4174
#          14       0.00923     34.76      1.00     2   3.5921
#          15       0.00928     34.66      1.00     2   3.5959
#          16       0.00421     47.87      2.00     3   3.7463
#          17       0.00420     47.71      2.00     3   3.7546
#          18       0.02211      8.45      1.00     2   3.7565
#          19       0.00413     47.46      2.00     3   3.7892
#          20       0.02176      8.21      1.00     2   3.8008
#          21       0.00415     47.37      2.00     3   3.8005
#          22       0.01567     24.99      2.00     3   3.8363
#          23       0.01581     24.75      2.00     3   3.8422
#          24       0.01122     13.35      2.00     3   3.8668
#          25       0.01484     10.36      2.00     3   3.8876
#          26       0.01114     13.12      2.00     3   3.8884
#          27       0.01448     10.04      2.00     3   3.9147
#          28       0.03754      7.33      1.00     2   3.9788
#          29       0.03672      7.23      1.00     2   3.9999
#          30       0.01489      8.26      2.00     3   4.0091
#          31       0.01487      8.20      2.00     3   4.0204
#          32       0.01704      7.96      2.00     3   4.0767
#          33       0.02744     11.30      1.00     4   4.0804
#          34       0.02784     11.22      1.00     4   4.0886
#          35       0.01681      7.88      2.00     3   4.0964
#          36       0.01228     11.00      2.00     3   4.1215
#          37       0.00435     10.73      2.00     3   4.1390
#          38       0.01223     11.22      2.00     3   4.1547
#          39       0.00457     13.79      1.00     4   4.1836
#          40       0.00459     13.19      1.00     4   4.1842
#          41       0.00453     16.19      1.00     4   4.1897
#          42       0.00451     15.80      1.00     4   4.1900
#          43       0.00606     26.89      2.00     3   4.2040
#          46       0.00611     26.80      2.00     3   4.2140
#          47       0.01609      6.98      2.00     3   4.2221
#          48       0.01632      6.93      2.00     3   4.2338
#          49       0.00426     10.83      2.00     3   4.2352
#          50       0.00432     11.03      2.00     3   4.2530
#          51       0.01437      7.65      2.00     3   4.2616
#          52       0.00902      4.51      2.00     4   4.2612
#          53       0.00896      4.95      2.00     4   4.2721
#          54       0.01435      7.69      2.00     3   4.2846
#          55       0.01137      6.04      1.00     2   4.2982
#          56       0.01128      6.00      1.00     2   4.3109
#          57       0.00425     12.90      2.00     3   4.3303
#          59       0.01911     10.07      2.00     3   4.3339
#          60       0.01835      8.60      1.00     4   4.3389
#          61       0.01895     10.49      2.00     3   4.3426
#          62       0.01059     26.82      2.00     3   4.3474
#          64       0.01841      8.47      1.00     4   4.3599
#          65       0.01047     26.46      2.00     3   4.3618
#          66       0.02594      4.32      2.00     3   4.3702
#          67       0.00554     18.21      2.00     3   4.3723
#          68       0.00557     18.18      2.00     3   4.3753
#          69       0.02605      4.33      2.00     3   4.3761
#          70       0.01824      4.07      2.00     3   4.3777
#          71       0.00442     14.40      2.00     3   4.3864
#          72       0.00443     14.34      2.00     3   4.3863
#          73       0.01136     32.62      1.00     4   4.3965
#          75       0.01120     31.99      1.00     4   4.4126
#          76       0.01088      6.88      2.00     4   4.4482
#          77       0.01115      6.69      2.00     4   4.4603
#          78       0.02765      7.53      1.00     4   4.4723
#          80       0.01032      4.28      1.00     4   4.5086
#          81       0.02671      7.31      1.00     4   4.5102
#          82       0.01034      7.45      2.00     4   4.5159
#          83       0.01164     11.65      2.00     3   4.5297
#          84       0.01167     11.89      2.00     3   4.5353
#          85       0.01882      5.27      1.00     2   4.5378
#          86       0.01035      7.88      2.00     4   4.5384
#          87       0.01875      5.23      1.00     2   4.5526
#          88       0.00955     28.02      2.00     4   4.5789
#          89       0.02294      5.57      2.00     4   4.5803
#          90       0.00954     28.36      2.00     4   4.5862
#          91       0.02318      5.55      2.00     4   4.5868
#          92       0.01718      4.91      2.00     4   4.5935
#          93       0.01481     21.50      2.00     3   4.6128
#          94       0.01489     21.71      2.00     3   4.6221
#          95       0.00948      4.76      2.00     4   4.6266
#          96       0.01720      4.82      2.00     4   4.6262
#          97       0.00949      5.09      2.00     4   4.6385
#          98       0.00483     14.64      2.00     4   4.6474
#          99       0.02272      4.07      2.00     3   4.6495
#         100       0.00485     15.01      2.00     4   4.6494
#         101       0.02301      4.05      2.00     3   4.6606
#         102       0.02568      4.88      2.00     3   4.6660
#         103       0.02532      4.86      2.00     3   4.6776
#         104       0.00857      8.36      1.00     4   4.6841
#         105       0.01358      4.30      1.00     4   4.6852
#         106       0.00857      8.26      1.00     4   4.6878
#         107       0.01294     24.02      1.00     4   4.6878
#         109       0.01315     24.69      1.00     4   4.6916
#         110       0.00601     10.57      1.00     4   4.7178
#         111       0.00455      5.56      2.00     4   4.7187
#         114       0.00602     10.55      1.00     4   4.7197
#         115       0.01887      9.00      2.00     4   4.7246
#         117       0.00468      7.73      2.00     4   4.7269
#         119       0.00468      7.66      2.00     4   4.7281
#         121       0.00601     17.18      1.00     2   4.7290
#         123       0.01894      9.10      2.00     4   4.7301
#         125       0.00605     17.12      1.00     2   4.7355
#         126       0.00620     10.37      1.00     4   4.7361
#         128       0.00620     10.37      1.00     4   4.7366
#         131       0.01407      6.55      1.00     4   4.7597
#         132       0.01407      6.23      1.00     4   4.7612
#         134       0.01765      8.47      2.00     4   4.7689
#         135       0.00935     18.64      2.00     4   4.7907
#         136       0.01733      8.27      2.00     4   4.7953
#         137       0.00933     18.75      2.00     4   4.7972
#         138       0.00645      8.80      1.00     4   4.8160
#         139       0.00553     46.78      2.00     3   4.8195
#         140       0.00643      8.82      1.00     4   4.8321
#         141       0.00551     44.99      2.00     3   4.8338
#         143       0.00946     49.08      2.00     5   4.8399
#         144       0.02602      4.47      1.00     2   4.8434
#         146       0.01746      5.63      1.00     4   4.8482
#         147       0.00941     49.05      2.00     5   4.8480
#         148       0.02582      4.44      1.00     2   4.8554
#         149       0.02353      5.15      2.00     4   4.8570
#         150       0.02388      5.11      2.00     4   4.8685
#         151       0.00946      5.40      2.00     5   4.8809
#         152       0.00967      7.55      2.00     5   4.8916
#         153       0.01733      5.46      1.00     4   4.8925
#         154       0.00950      6.19      2.00     5   4.8923
#         155       0.00981      7.58      2.00     5   4.8957
#         156       0.00619     45.60      1.00     4   4.9101
#         157       0.05966     17.01      2.00     5   4.9283
#         158       0.01933      5.66      2.00     5   4.9294
#         159       0.00614     43.32      1.00     4   4.9320
#         160       0.01953      4.09      2.00     4   4.9320
#         161       0.01945     12.97      2.00     5   4.9320
#         162       0.00505     30.82      2.00     3   4.9334
#         163       0.06023     16.86      2.00     5   4.9342
#         164       0.01909      5.38      2.00     5   4.9353
#         165       0.00507     31.24      2.00     3   4.9359
#         166       0.01980     13.05      2.00     5   4.9379
#         168       0.01468      6.24      2.00     4   4.9520
#         169       0.01448      6.53      2.00     4   4.9546
#         170       0.01909      4.00      2.00     4   4.9572
#         171       0.01537      4.30      2.00     5   4.9585
#         173       0.01556      4.45      2.00     5   4.9802
#         174       0.01451      8.25      2.00     5   4.9802
#         175       0.02127     11.27      2.00     5   4.9812
#         176       0.01321      5.37      2.00     3   5.0031
#         177       0.01469      8.07      2.00     5   5.0074
#         178       0.02077     10.96      2.00     5   5.0081
#         179       0.01318      5.33      2.00     3   5.0185
#         182       0.00963     22.45      2.00     5   5.0216
#         183       0.00964     21.79      2.00     5   5.0222
#         185       0.00461     46.79      2.00     4   5.0240
#         192       0.00462     45.93      2.00     4   5.0341
#         194       0.00895      7.48      2.00     3   5.0638
#         195       0.01154      8.13      2.00     4   5.0702
#         196       0.02663      4.84      1.00     4   5.0719
#         198       0.00896      7.34      2.00     3   5.0776
#         199       0.01154     12.26      2.00     4   5.0781
#         200       0.01159      8.10      2.00     4   5.0803
#         202       0.01159     12.36      2.00     4   5.0880
#         203       0.02592      4.76      1.00     4   5.0931
#         204       0.02253      7.56      2.00     3   5.0999
#         205       0.02250      7.64      2.00     3   5.1070
#         206       0.00677      8.02      1.00     4   5.1246
#         207       0.00539     17.82      1.00     4   5.1362
#         208       0.00538     17.30      1.00     4   5.1379
#         209       0.00671      8.02      1.00     4   5.1408
#         210       0.00682      5.22      2.00     3   5.1452
#         211       0.00937     14.92      2.00     4   5.1544
#         212       0.01681      4.22      2.00     5   5.1635
#         213       0.00944     14.45      2.00     4   5.1758
#         214       0.00676      5.34      2.00     3   5.1809
#         215       0.01665      4.24      2.00     5   5.1817
#         218       0.01699      6.09      2.00     3   5.2066
#         219       0.01700      5.88      2.00     3   5.2117
#         220       0.01755      9.05      2.00     5   5.2132
#         221       0.00482     36.78      2.00     4   5.2139
#         222       0.00483     36.50      2.00     4   5.2174
#         223       0.00649      8.07      1.00     4   5.2195
#         224       0.01899      4.15      2.00     4   5.2225
#         225       0.02213      5.96      2.00     4   5.2221
#         226       0.01257     11.86      2.00     4   5.2248
#         227       0.02208      5.84      2.00     4   5.2307
#         228       0.01920      4.11      2.00     4   5.2344
#         229       0.01261     11.87      2.00     4   5.2402
#         230       0.00653      8.08      1.00     4   5.2412
#         231       0.01785      9.18      2.00     5   5.2465
#         232       0.00885      4.16      2.00     4   5.2539
#         233       0.00613      9.85      2.00     5   5.2593
#         234       0.02194     12.66      2.00     3   5.2651
#         235       0.01446      4.06      2.00     4   5.2653
#         237       0.02213     12.85      2.00     3   5.2670
#         238       0.00604      9.93      2.00     5   5.2675
#         239       0.00678      5.21      2.00     4   5.2683
#         241       0.01475      4.03      2.00     4   5.2758
#         242       0.00918      5.37      1.00     6   5.2758
#         243       0.00915      5.73      1.00     6   5.2762
#         246       0.01730      4.36      2.00     5   5.2768
#         247       0.01839      4.36      2.00     4   5.2796
#         250       0.01000     20.84      1.00     6   5.2832
#         251       0.00993     21.13      1.00     6   5.2834
#         252       0.01211      9.42      2.00     4   5.2916
#         253       0.01717      4.31      2.00     5   5.2925
#         254       0.01043      6.68      2.00     5   5.2961
#         255       0.01167     30.93      2.00     5   5.2976
#         256       0.01161      5.64      2.00     5   5.2972
#         257       0.01101     29.83      2.00     5   5.2998
#         258       0.01835      4.36      2.00     4   5.3014
#         259       0.00503     73.77      2.00     5   5.3045
#         260       0.01199      9.24      2.00     4   5.3053
#         261       0.01049      6.46      2.00     5   5.3059
#         262       0.01168      5.06      2.00     5   5.3071
#         263       0.01169     30.54      2.00     5   5.3075
#         265       0.03115      5.67      2.00     3   5.3097
#         266       0.01112     30.35      2.00     5   5.3097
#         267       0.01589     11.30      2.00     5   5.3144
#         268       0.00829      4.62      2.00     3   5.3161
#         269       0.02142     10.37      2.00     5   5.3156
#         270       0.00505     72.03      2.00     5   5.3157
#         274       0.03176      5.70      2.00     3   5.3236
#         276       0.01617     11.17      2.00     5   5.3267
#         277       0.02168     10.28      2.00     5   5.3273
#         278       0.02412     11.84      1.00     4   5.3299
#         279       0.02403     11.52      1.00     4   5.3326
#         283       0.00824      4.44      2.00     3   5.3414
#         284       0.01252     10.74      2.00     5   5.3493
#         285       0.01561      5.88      2.00     5   5.3532
#         289       0.03077      6.61      2.00     4   5.3567
#         293       0.01578      4.10      2.00     6   5.3638
#         295       0.03127      6.72      2.00     4   5.3647
#         296       0.02726      4.26      2.00     5   5.3673
#         297       0.02790      4.24      2.00     5   5.3750
#         298       0.01574      5.94      2.00     5   5.3764
#         299       0.01572      7.71      2.00     3   5.3777
#         300       0.00684      6.60      2.00     3   5.3816
#         301       0.01235     20.82      2.00     5   5.3822
#         302       0.00689      6.24      2.00     3   5.3839
#         304       0.01572      7.55      2.00     3   5.3917
#         305       0.01137      8.02      2.00     4   5.3931
#         306       0.00633      8.89      2.00     3   5.3949
#         308       0.01374      5.32      2.00     5   5.4007
#         309       0.01141      8.03      2.00     4   5.4015
#         310       0.01220     20.22      2.00     5   5.4036
#         311       0.00632      8.70      2.00     3   5.4055
#         312       0.01039     13.03      2.00     4   5.4067
#         313       0.01030      6.35      2.00     4   5.4084
#         314       0.01034      6.45      2.00     4   5.4110
#         315       0.00483     43.74      2.00     5   5.4178
#         316       0.00483     43.06      2.00     5   5.4184
#         318       0.02037      8.12      2.00     6   5.4245
#         319       0.02418      4.66      2.00     5   5.4258
#         320       0.02339      8.16      2.00     5   5.4270
#         321       0.00492      8.15      2.00     5   5.4276
#         322       0.01366      5.30      2.00     5   5.4276
#         323       0.01142     10.51      2.00     4   5.4293
#         324       0.00492      8.22      2.00     5   5.4288
#         325       0.02296      8.12      2.00     5   5.4296
#         326       0.01139     10.33      2.00     4   5.4342
#         327       0.02481      4.65      2.00     5   5.4346
#         328       0.02375      8.46      2.00     5   5.4357
#         329       0.02274      7.94      2.00     5   5.4384
#         330       0.02006      4.75      2.00     4   5.4394
#         331       0.01040     12.59      2.00     4   5.4397
#         332       0.02300     19.88      2.00     5   5.4409
#         334       0.02023      8.07      2.00     6   5.4435
#         335       0.01602     12.99      2.00     4   5.4451
#         336       0.01144      4.87      2.00     4   5.4464
#         337       0.01966      4.06      2.00     4   5.4534
#         338       0.01956      4.08      2.00     4   5.4539
#         339       0.01139      4.86      2.00     4   5.4539
#         340       0.01605     12.94      2.00     4   5.4546
#         341       0.02321      4.43      2.00     4   5.4550
#         342       0.02264     19.62      2.00     5   5.4552
#         343       0.01593      5.90      2.00     4   5.4582
#         344       0.02003      4.72      2.00     4   5.4610
#         345       0.01591      5.62      2.00     4   5.4682
#         346       0.01055     19.54      2.00     5   5.4681
#         347       0.01066     19.91      2.00     5   5.4710
#         348       0.02284      4.37      2.00     4   5.4826
#         349       0.02075      5.76      2.00     6   5.4891
#         350       0.02337     27.91      1.00     6   5.4900
#         351       0.01590      6.96      2.00     5   5.4926
#         352       0.01000      6.72      2.00     5   5.4960
#         355       0.01616      6.93      2.00     5   5.5029
#         356       0.00994      6.73      2.00     5   5.5057
#         357       0.02064      5.66      2.00     6   5.5054
#         358       0.02303     27.39      1.00     6   5.5061
#         359       0.01143      6.59      2.00     3   5.5099
#         361       0.01152      6.57      2.00     3   5.5164
#         362       0.00539     13.30      2.00     4   5.5173
#         363       0.01014     10.45      2.00     5   5.5214
#         364       0.01020     10.65      2.00     5   5.5234
#         365       0.00617      9.26      2.00     3   5.5239
#         367       0.00543     13.22      2.00     4   5.5252
#         368       0.02265      4.50      2.00     3   5.5258
#         369       0.01483      9.45      2.00     3   5.5279
#         371       0.00608      9.01      2.00     3   5.5391
#         372       0.01965      6.20      2.00     5   5.5392
#         373       0.01646     21.38      2.00     6   5.5417
#         374       0.02215      4.42      2.00     3   5.5433
#         376       0.01191      8.09      2.00     4   5.5462
#         377       0.01476      9.28      2.00     3   5.5470
#         378       0.01970      6.15      2.00     5   5.5475
#         379       0.00784     10.15      2.00     5   5.5488
#         380       0.01675     21.17      2.00     6   5.5538
#         381       0.01470      7.50      1.00     4   5.5560
#         382       0.01479      4.65      1.00     4   5.5577
#         384       0.00790     10.07      2.00     5   5.5595
#         385       0.00803     15.83      2.00     5   5.5679
#         386       0.01184      7.95      2.00     4   5.5716
#         387       0.01875      7.14      2.00     5   5.5724
#         388       0.01874      5.30      2.00     5   5.5733
#         389       0.01891      7.19      2.00     5   5.5756
#         390       0.00802     15.97      2.00     5   5.5763
#         391       0.01174     11.80      2.00     4   5.5774
#         392       0.01891      5.12      2.00     5   5.5772
#         393       0.01467      7.30      1.00     4   5.5785
#         394       0.01476      4.48      1.00     4   5.5793
#         395       0.01178     11.95      2.00     4   5.5793
#         399       0.01127     10.31      2.00     4   5.6005
#         401       0.01625      6.41      2.00     6   5.6076
#         404       0.00806     16.97      2.00     5   5.6139
#         405       0.02310      4.70      2.00     4   5.6150
#         406       0.01129     10.08      2.00     4   5.6147
#         407       0.01815      8.59      2.00     5   5.6232
#         408       0.00813     17.28      2.00     5   5.6248
#         409       0.01786      8.74      2.00     5   5.6287
#         411       0.01641      6.77      2.00     6   5.6301
#         413       0.02280      4.58      2.00     4   5.6360
#         414       0.01283     19.75      2.00     5   5.6368
#         419       0.01113      9.84      2.00     3   5.6619
#         421       0.01131     16.67      2.00     5   5.6680
#         422       0.01086      9.07      2.00     5   5.6681
#         423       0.01273     19.21      2.00     5   5.6699
#         424       0.00711      6.41      2.00     4   5.6713
#         425       0.00946      6.45      2.00     4   5.6711
#         427       0.08050      5.09      2.00     6   5.6722
#         429       0.01852     23.58      2.00     6   5.6724
#         430       0.01115      9.90      2.00     3   5.6730
#         431       0.03017      5.02      2.00     6   5.6734
#         433       0.00540     12.20      2.00     4   5.6758
#         434       0.01087      9.01      2.00     5   5.6756
#         435       0.01133     16.57      2.00     5   5.6776
#         436       0.01528      4.99      2.00     6   5.6782
#         437       0.08069      5.07      2.00     6   5.6788
#         439       0.01823     23.81      2.00     6   5.6796
#         440       0.03074      5.00      2.00     6   5.6799
#         441       0.01121     11.68      2.00     5   5.6809
#         442       0.01443      8.17      2.00     5   5.6822
#         444       0.00544     11.37      2.00     4   5.6833
#         446       0.00702      6.20      2.00     4   5.6872
#         447       0.01523      4.95      2.00     6   5.6871
#         448       0.00937      6.41      2.00     4   5.6875
#         450       0.01074      7.60      2.00     4   5.6900
#         451       0.01063     15.79      2.00     4   5.6899
#         452       0.01093      8.42      2.00     5   5.6901
#         453       0.01120     11.43      2.00     5   5.6907
#         455       0.00994      7.06      2.00     5   5.6915
#         456       0.01428      7.89      2.00     5   5.6984
#         457       0.00626     33.26      1.00     6   5.6989
#         458       0.00624     33.27      1.00     6   5.6994
#         459       0.00587      4.74      1.00     6   5.7027
#         460       0.00577      4.95      1.00     6   5.7029
#         462       0.01072      7.45      2.00     4   5.7040
#         463       0.01061     15.75      2.00     4   5.7045
#         464       0.01094      8.44      2.00     5   5.7061
#         466       0.02580     15.87      2.00     5   5.7086
#         467       0.01316      6.21      2.00     5   5.7093
#         468       0.00991      7.04      2.00     5   5.7127
#         469       0.01151      8.10      2.00     4   5.7144
#         471       0.01160      8.18      2.00     4   5.7168
#         473       0.02629     16.01      2.00     5   5.7178
#         474       0.01863      4.17      2.00     6   5.7182
#         478       0.01867      4.46      2.00     6   5.7303
#         480       0.01287      6.12      2.00     5   5.7363
#         481       0.01062      9.11      2.00     6   5.7394
#         483       0.01068      9.14      2.00     6   5.7413
#         486       0.00989     22.17      2.00     6   5.7431
#         487       0.00996     22.41      2.00     6   5.7451
#         489       0.00904      7.69      2.00     4   5.7506
#         490       0.01147      7.83      2.00     5   5.7507
#         491       0.01140     12.10      2.00     4   5.7525
#         492       0.00891      6.28      2.00     4   5.7537
#         493       0.00911      7.69      2.00     4   5.7616
#         494       0.00662      7.12      2.00     4   5.7631
#         496       0.01137     11.94      2.00     4   5.7713
#         497       0.01171     10.20      2.00     5   5.7717
#         498       0.01148      7.96      2.00     5   5.7720
#         499       0.00892      6.22      2.00     4   5.7766
#         500       0.01493     18.35      2.00     6   5.7766
#         501       0.02615      4.85      2.00     6   5.7773
#         502       0.01204     15.69      2.00     5   5.7797
#         503       0.02205     11.44      2.00     6   5.7799
#         504       0.01063     10.45      2.00     5   5.7806
#         505       0.01115     20.73      2.00     5   5.7805
#         506       0.01106     14.02      2.00     5   5.7805
#         507       0.02627      7.53      2.00     6   5.7810
#         508       0.02603      4.59      2.00     6   5.7809
#         509       0.01200     15.35      2.00     5   5.7819
#         510       0.02267     11.49      2.00     6   5.7835
#         511       0.02655     20.47      1.00     6   5.7836
#         513       0.02633      7.24      2.00     6   5.7847
#         514       0.00657      6.84      2.00     4   5.7849
#         516       0.02699     21.00      1.00     6   5.7873
#         517       0.01464     18.29      2.00     6   5.7873
#         518       0.01815      8.98      2.00     5   5.7922
#         519       0.01212      4.46      2.00     5   5.7928
#         520       0.01166     10.38      2.00     5   5.7936
#         521       0.01215      4.66      2.00     5   5.7948
#         524       0.01817      9.02      2.00     5   5.8008
#         525       0.00883     10.11      2.00     5   5.8011
#         526       0.01057      9.90      2.00     5   5.8025
#         527       0.01112     20.28      2.00     5   5.8028
#         528       0.01102     13.48      2.00     5   5.8023
#         529       0.01185      4.45      2.00     3   5.8063
#         532       0.01182      4.54      2.00     3   5.8137
#         534       0.07807      7.39      2.00     6   5.8166
#         536       0.01107      8.45      2.00     5   5.8179
#         538       0.02150      7.39      2.00     6   5.8203
#         542       0.08024      7.46      2.00     6   5.8220
#         544       0.00887     10.07      2.00     5   5.8233
#         546       0.01023      8.22      1.00     4   5.8239
#         547       0.01109      8.39      2.00     5   5.8237
#         549       0.02144      7.47      2.00     6   5.8258
#         551       0.01032      8.40      1.00     4   5.8306
#         552       0.00929     10.78      2.00     3   5.8326
#         553       0.01183      7.13      2.00     4   5.8343
#         555       0.01602     12.07      2.00     5   5.8383
#         556       0.00932     10.83      2.00     3   5.8391
#         557       0.01598     11.78      2.00     5   5.8395
#         558       0.01310      6.52      2.00     6   5.8440
#         560       0.01184      7.19      2.00     4   5.8452
#         562       0.01588      5.21      2.00     5   5.8519
#         563       0.01592      5.33      2.00     5   5.8526
#         564       0.01673      5.76      1.00     6   5.8532
#         565       0.01696      5.51      1.00     6   5.8548
#         567       0.01031      5.26      2.00     5   5.8584
#         568       0.01820      8.96      2.00     5   5.8604
#         569       0.07674      7.01      2.00     6   5.8615
#         570       0.02071      7.21      2.00     6   5.8624
#         572       0.01317      6.45      2.00     6   5.8630
#         573       0.00993     12.30      2.00     4   5.8664
#         574       0.01031      5.28      2.00     5   5.8674
#         575       0.00995     12.48      2.00     4   5.8734
#         576       0.01788      8.79      2.00     5   5.8747
#         577       0.01370      4.10      2.00     5   5.8753
#         579       0.01855      6.82      2.00     6   5.8818
#         581       0.01889     16.24      2.00     6   5.8842
#         582       0.01889      5.10      2.00     6   5.8845
#         583       0.07193      6.86      2.00     6   5.8880
#         584       0.02072      7.05      2.00     6   5.8887
#         586       0.01878     16.32      2.00     6   5.8906
#         587       0.00980     20.75      2.00     5   5.8944
#         588       0.00996      9.24      2.00     5   5.8944
#         591       0.01375      4.03      2.00     5   5.8972
#         595       0.01848      6.35      2.00     6   5.9026
#         598       0.00998      9.20      2.00     5   5.9044
#         599       0.00981     20.84      2.00     5   5.9049
#         601       0.01885      5.07      2.00     6   5.9052
#         604       0.01942     27.50      2.00     6   5.9095
#         606       0.01078      6.05      2.00     5   5.9112
#         608       0.00988      7.07      2.00     5   5.9118
#         609       0.01149      5.77      2.00     5   5.9127
#         610       0.01305      5.16      2.00     5   5.9122
#         611       0.01248     12.18      2.00     5   5.9128
#         612       0.00972     23.32      2.00     5   5.9145
#         613       0.02178      4.58      2.00     5   5.9172
#         615       0.01311      5.20      2.00     5   5.9214
#         616       0.01382      7.30      2.00     4   5.9223
#         617       0.00992      7.17      2.00     5   5.9235
#         618       0.01085      6.34      2.00     5   5.9255
#         619       0.01906     26.82      2.00     6   5.9256
#         620       0.02169      4.61      2.00     5   5.9262
#         621       0.01138      5.44      2.00     5   5.9268
#         622       0.01238     11.90      2.00     5   5.9270
#         623       0.00979     23.29      2.00     5   5.9288
#         624       0.01377      7.32      2.00     4   5.9307
#         626       0.01913     46.74      2.00     7   5.9334
#         627       0.01804      4.00      2.00     7   5.9408
#         628       0.01903     46.67      2.00     7   5.9415
#         629       0.01750      5.17      2.00     5   5.9462
#         630       0.01377     12.29      2.00     5   5.9504
#         631       0.01370      7.97      2.00     5   5.9521
#         632       0.01532      8.90      2.00     5   5.9572
#         633       0.01005      9.77      2.00     4   5.9604
#         634       0.00649     15.45      2.00     5   5.9606
#         635       0.00646     15.63      2.00     5   5.9607
#         636       0.01435     10.88      2.00     6   5.9612
#         637       0.01378     12.22      2.00     5   5.9621
#         638       0.01370      7.92      2.00     5   5.9630
#         639       0.01009      9.87      2.00     4   5.9640
#         640       0.00979      7.53      2.00     4   5.9683
#         642       0.00981      7.78      2.00     4   5.9713
#         643       0.01519      8.84      2.00     5   5.9724
#         644       0.01888      4.65      2.00     7   5.9725
#         646       0.01477     10.77      2.00     6   5.9733
#         650       0.01764      5.10      2.00     5   5.9790
#         651       0.01898      5.48      2.00     7   5.9841
#         654       0.01073      6.45      2.00     5   5.9949
#         655       0.01079      6.29      2.00     5   5.9984
#         657       0.01590     16.36      2.00     6   6.0018
#         658       0.01553     12.03      2.00     6   6.0023
#         659       0.01134     11.27      1.00     6   6.0033
#         660       0.01250     12.29      1.00     6   6.0034
#         661       0.00992     16.71      1.00     6   6.0051
#         662       0.00893      7.66      1.00     6   6.0083
#         663       0.00898      7.89      1.00     6   6.0085
#         664       0.00875      7.26      1.00     6   6.0113
#         665       0.00873      7.27      1.00     6   6.0117
#         666       0.07091      5.74      2.00     7   6.0215
#         667       0.03470      5.29      2.00     7   6.0226
#         668       0.01584     16.85      2.00     6   6.0238
#         669       0.01539     11.64      2.00     6   6.0240
#         670       0.06354     12.59      2.00     7   6.0241
#         671       0.01467      4.92      2.00     5   6.0248
#         672       0.01123     10.84      1.00     6   6.0251
#         673       0.01240     11.80      1.00     6   6.0253
#         675       0.03385      5.03      2.00     7   6.0252
#         676       0.01117      8.78      2.00     5   6.0267
#         677       0.01000     16.35      1.00     6   6.0271
#         678       0.07091      5.47      2.00     7   6.0273
#         679       0.03520     12.22      2.00     7   6.0278
#         680       0.01057     22.11      2.00     5   6.0284
#         681       0.03423      5.02      2.00     7   6.0285
#         682       0.01116      8.86      2.00     5   6.0291
#         683       0.02144      4.46      2.00     5   6.0298
#         684       0.06550     12.66      2.00     7   6.0298
#         685       0.01059     22.76      2.00     5   6.0309
#         686       0.01278     17.40      2.00     6   6.0312
#         688       0.03399      5.10      2.00     7   6.0310
#         689       0.03582     12.30      2.00     7   6.0336
#         690       0.02015      4.96      2.00     6   6.0455
#         691       0.01472      4.79      2.00     5   6.0461
#         692       0.01992      5.01      2.00     6   6.0481
#         693       0.02583      4.27      2.00     7   6.0502
#         694       0.02132      4.36      2.00     5   6.0509
#         695       0.03975      4.43      2.00     7   6.0507
#         696       0.01066      4.33      2.00     5   6.0513
#         697       0.01271     17.34      2.00     6   6.0536
#         698       0.01067      4.48      2.00     5   6.0555
#         699       0.00966     10.84      2.00     5   6.0589
#         700       0.00627     14.80      2.00     5   6.0595
#         701       0.01128     11.28      2.00     6   6.0613
#         702       0.01125     11.51      2.00     6   6.0624
#         703       0.00967     10.92      2.00     5   6.0695
#         704       0.01730      6.06      2.00     5   6.0725
#         705       0.05839     11.19      2.00     7   6.0738
#         706       0.01124     11.06      2.00     6   6.0744
#         708       0.03512     11.28      2.00     7   6.0747
#         709       0.01127     11.05      2.00     6   6.0753
#         711       0.00627     13.42      2.00     5   6.0777
#         712       0.01088     14.39      2.00     6   6.0778
#         716       0.00990     12.75      2.00     5   6.0844
#         717       0.01529      7.79      2.00     6   6.0859
#         718       0.01726      6.00      2.00     5   6.0863
#         719       0.01086     14.25      2.00     6   6.0869
#         720       0.00991     12.94      2.00     5   6.0882
#         721       0.01071      9.23      2.00     6   6.0919
#         722       0.03062      6.54      2.00     6   6.0932
#         723       0.01516      7.84      2.00     6   6.0964
#         724       0.01065      9.21      2.00     6   6.0991
#         725       0.03082      6.53      2.00     6   6.0998
#         726       0.05533     10.89      2.00     7   6.1009
#         728       0.03423     10.99      2.00     7   6.1016
#         731       0.02481      5.57      2.00     6   6.1088
#         739       0.01800     21.67      2.00     7   6.1150
#         740       0.01072      5.91      2.00     6   6.1157
#         741       0.01813     21.12      2.00     7   6.1157
#         742       0.01057      8.78      2.00     6   6.1171
#         743       0.01072     14.02      2.00     6   6.1173
#         745       0.01112     33.87      2.00     6   6.1190
#         748       0.00847      4.66      2.00     5   6.1229
#         749       0.01077      6.49      2.00     6   6.1259
#         750       0.01195      9.52      2.00     6   6.1256
#         751       0.01055      8.47      2.00     6   6.1272
#         752       0.01067     13.89      2.00     6   6.1274
#         753       0.01121     33.97      2.00     6   6.1292
#         754       0.00995      7.49      2.00     6   6.1334
#         755       0.01028      5.41      2.00     6   6.1334
#         756       0.01191      9.49      2.00     6   6.1338
#         759       0.01682      9.06      2.00     6   6.1400
#         760       0.00995      7.62      2.00     6   6.1415
#         761       0.01026      5.34      2.00     6   6.1415
#         762       0.02492      5.46      2.00     6   6.1415
#         763       0.01071     11.65      2.00     6   6.1419
#         764       0.00701      6.90      2.00     4   6.1433
#         765       0.01081      8.57      2.00     6   6.1446
#         766       0.00701      6.98      2.00     4   6.1460
#         767       0.01039     13.38      2.00     5   6.1469
#         769       0.01059      4.71      2.00     5   6.1474
#         770       0.00855      4.59      2.00     5   6.1481
#         771       0.00852      4.64      2.00     5   6.1481
#         772       0.01675      9.14      2.00     6   6.1492
#         776       0.01495      6.86      2.00     6   6.1526
#         778       0.01071     11.92      2.00     6   6.1537
#         779       0.01040     13.49      2.00     5   6.1550
#         780       0.01069      4.49      2.00     5   6.1554
#         781       0.01079      8.36      2.00     6   6.1561
#         784       0.00861      4.59      2.00     5   6.1603
#         785       0.00858      4.64      2.00     5   6.1603
#         787       0.01615      9.77      2.00     6   6.1623
#         789       0.01857      9.60      2.00     6   6.1635
#         790       0.02163      7.34      2.00     6   6.1638
#         792       0.02517      6.36      2.00     6   6.1660
#         793       0.01200      8.22      2.00     6   6.1661
#         794       0.01050      8.54      2.00     6   6.1661
#         797       0.01054      5.26      2.00     6   6.1690
#         801       0.00978     13.06      2.00     5   6.1716
#         803       0.01729      6.11      2.00     6   6.1716
#         804       0.01505      6.82      2.00     6   6.1718
#         805       0.01619      9.62      2.00     6   6.1722
#         806       0.00977     12.63      2.00     5   6.1728
#         807       0.01853      9.47      2.00     6   6.1729
#         809       0.02119      7.32      2.00     6   6.1738
#         810       0.01872     10.88      2.00     6   6.1739
#         811       0.00987     18.59      2.00     6   6.1749
#         812       0.01022     24.15      2.00     6   6.1749
#         813       0.01007      9.44      2.00     6   6.1750
#         814       0.00996      8.14      2.00     6   6.1749
#         815       0.01010      8.78      2.00     6   6.1750
#         816       0.01008     11.87      2.00     6   6.1749
#         818       0.02569      6.35      2.00     6   6.1760
#         820       0.01204      8.63      2.00     6   6.1773
#         821       0.01051      9.00      2.00     6   6.1773
#         826       0.01054      5.51      2.00     6   6.1800
#         827       0.01731      6.11      2.00     6   6.1814
#         829       0.01876     10.97      2.00     6   6.1837
#         831       0.00995      7.81      2.00     6   6.1860
#         832       0.01007     11.74      2.00     6   6.1860
#         833       0.00987     18.50      2.00     6   6.1865
#         834       0.01007      9.22      2.00     6   6.1862
#         835       0.01023     24.17      2.00     6   6.1865
#         836       0.01010      8.58      2.00     6   6.1862
#         838       0.02135      6.10      2.00     5   6.1929
#         839       0.01209      7.40      2.00     5   6.1970
#         841       0.02162      6.14      2.00     5   6.2001
#         842       0.02365     17.48      2.00     6   6.2008
#         844       0.01633      5.89      2.00     5   6.2046
#         845       0.01638      5.72      2.00     5   6.2046
#         846       0.02492     17.75      2.00     6   6.2045
#         848       0.01647      5.95      2.00     5   6.2103
#         849       0.01652      5.76      2.00     5   6.2103
#         852       0.02030     11.00      2.00     6   6.2181
#         853       0.02687      6.82      2.00     6   6.2189
#         855       0.02150      6.81      2.00     6   6.2233
#         857       0.02727      6.88      2.00     6   6.2244
#         859       0.01193      5.81      2.00     5   6.2287
#         861       0.01193      5.97      2.00     5   6.2289
#         862       0.02185      6.86      2.00     6   6.2292
#         865       0.01051     20.70      1.00     6   6.2313
#         867       0.01048     20.21      1.00     6   6.2329
#         871       0.01956     10.88      2.00     6   6.2343
#         872       0.01243      6.09      2.00     5   6.2387
#         875       0.01798      5.33      2.00     6   6.2437
#         876       0.00624     13.76      1.00     4   6.2443
#         877       0.04600     11.91      2.00     6   6.2466
#         878       0.01743      8.19      2.00     6   6.2476
#         881       0.00632     13.53      1.00     4   6.2507
#         882       0.01772      7.41      2.00     6   6.2526
#         884       0.01752      9.23      2.00     6   6.2526
#         890       0.01053      4.32      2.00     6   6.2558
#         891       0.01791      6.45      2.00     6   6.2580
#         892       0.02467      6.24      2.00     6   6.2634
#         893       0.01780      5.21      2.00     6   6.2651
#         894       0.02336      6.17      2.00     6   6.2669
#         895       0.04507     11.58      2.00     6   6.2679
#         896       0.01733      7.96      2.00     6   6.2691
#         900       0.01754      7.22      2.00     6   6.2738
#         902       0.01742      9.00      2.00     6   6.2738
#         904       0.01224      5.98      2.00     5   6.2744
#         908       0.01765      6.33      2.00     6   6.2797
#         911       0.00986     18.94      2.00     6   6.2886
#         912       0.00985     18.52      2.00     6   6.2888
#         913       0.02412      6.11      2.00     6   6.2903
#         915       0.02289      6.03      2.00     6   6.2939
#         918       0.01708      5.02      2.00     5   6.2998
#         922       0.00962      4.09      2.00     6   6.3017
#         923       0.00962      4.16      2.00     6   6.3028
#         924       0.01506      5.49      2.00     6   6.3037
#         927       0.01339      5.58      2.00     6   6.3056
#         929       0.01068      5.42      2.00     6   6.3071
#         930       0.01021      5.61      2.00     6   6.3072
#         932       0.01095      7.99      2.00     6   6.3072
#         935       0.01004     25.97      2.00     6   6.3089
#         937       0.01340      6.07      2.00     6   6.3092
#         939       0.01493      5.32      2.00     6   6.3101
#         940       0.01066      5.25      2.00     6   6.3105
#         941       0.01091      7.79      2.00     6   6.3107
#         942       0.01732      5.00      2.00     6   6.3112
#         944       0.01006     26.57      2.00     6   6.3125
#         947       0.01823      4.76      2.00     6   6.3183
#         949       0.01110      4.04      2.00     4   6.3276
#         950       0.01292      4.06      2.00     5   6.3295
#         951       0.01768      5.19      2.00     6   6.3329
#         952       0.01822      4.73      2.00     6   6.3337
#         953       0.01484     58.13      2.00     5   6.3349
#         955       0.01293      4.07      2.00     5   6.3394
#         956       0.01783      6.25      2.00     6   6.3406
#         958       0.01610      4.20      2.00     6   6.3442
#         959       0.01408      4.93      1.00     6   6.3448
#         960       0.01409      4.97      1.00     6   6.3458
#         961       0.01460     56.36      2.00     5   6.3490
#         963       0.01069      7.76      2.00     5   6.3498
#         964       0.01063     11.61      2.00     7   6.3514
#         967       0.01617      4.26      2.00     6   6.3523
#         969       0.01363     20.81      2.00     7   6.3529
#         970       0.01563     18.07      2.00     7   6.3529
#         971       0.01056     15.65      2.00     7   6.3551
#         974       0.01071      7.62      2.00     5   6.3568
#         975       0.02378      9.06      2.00     5   6.3584
#         976       0.01069     11.50      2.00     7   6.3594
#         979       0.02394      9.16      2.00     5   6.3603
#         981       0.01361     20.57      2.00     7   6.3610
#         982       0.01547     17.56      2.00     7   6.3610
#         983       0.00862     15.40      2.00     5   6.3620
#         984       0.01798      6.27      2.00     6   6.3627
#         985       0.01066     15.70      2.00     7   6.3632
#         987       0.00924      6.97      2.00     4   6.3637
#         988       0.03325      5.80      2.00     6   6.3700
#         989       0.02757      6.61      2.00     7   6.3703
#         993       0.00923      6.98      2.00     4   6.3765
#         994       0.03436      5.74      2.00     6   6.3814
#         996       0.04444      8.14      2.00     6   6.3838
#         997       0.02121      7.57      2.00     6   6.3848
#         998       0.02743      6.46      2.00     7   6.3860
#        1000       0.01935     19.32      2.00     7   6.3896
#        1001       0.02032      6.04      2.00     7   6.3907
#        1002       0.02026      6.40      2.00     7   6.3919
#        1004       0.02138      5.79      2.00     7   6.3930
#        1005       0.02242     14.04      2.00     7   6.3933
#        1007       0.02194     29.21      2.00     7   6.3956
#        1008       0.01572     14.93      2.00     7   6.3962
#        1009       0.01351     15.79      2.00     7   6.3962
#        1010       0.01406     10.79      2.00     7   6.3967
#        1012       0.04385      7.99      2.00     6   6.3973
#        1013       0.01053     18.79      2.00     7   6.3977
#        1014       0.01097     14.38      2.00     7   6.3978
#        1015       0.02077      7.49      2.00     6   6.3986
#        1016       0.01936     19.03      2.00     7   6.3994
#        1017       0.01022     41.99      2.00     7   6.3995
#        1018       0.01030      4.49      2.00     6   6.4005
#        1019       0.01537     10.06      2.00     6   6.4005
#        1021       0.02037      5.67      2.00     7   6.4006
#        1022       0.03027      5.29      2.00     5   6.4018
#        1023       0.02062      6.32      2.00     7   6.4016
#        1025       0.02147      5.53      2.00     7   6.4028
#        1026       0.02278     14.16      2.00     7   6.4032
#        1029       0.00868     14.75      2.00     5   6.4043
#        1030       0.01440      4.67      2.00     7   6.4046
#        1031       0.02216     29.74      2.00     7   6.4054
#        1032       0.05274     10.69      2.00     7   6.4065
#        1033       0.01583     15.81      2.00     7   6.4075
#        1034       0.01349     16.72      2.00     7   6.4075
#        1035       0.01541     10.08      2.00     6   6.4078
#        1036       0.01028      4.55      2.00     6   6.4078
#        1037       0.01834      6.02      2.00     6   6.4076
#        1038       0.04427     10.58      2.00     7   6.4077
#        1039       0.02921     10.73      2.00     7   6.4080
#        1040       0.01403     11.19      2.00     7   6.4077
#        1041       0.01439      4.58      2.00     7   6.4087
#        1042       0.03564     10.04      2.00     7   6.4091
#        1043       0.01051     18.61      2.00     7   6.4088
#        1044       0.01093     13.79      2.00     7   6.4090
#        1046       0.01025     42.00      2.00     7   6.4108
#        1049       0.02734      7.91      2.00     5   6.4139
#        1051       0.03072      5.31      2.00     5   6.4155
#        1053       0.05403     10.58      2.00     7   6.4186
#        1054       0.04489     10.49      2.00     7   6.4192
#        1055       0.02891     10.61      2.00     7   6.4201
#        1056       0.03609      9.96      2.00     7   6.4208
#        1059       0.02262      9.01      1.00     6   6.4232
#        1060       0.02247      8.82      1.00     6   6.4258
#        1061       0.01534     67.49      1.00     6   6.4254
#        1062       0.02668      7.75      2.00     5   6.4263
#        1063       0.01833      5.95      2.00     6   6.4286
#        1069       0.01735      4.90      2.00     6   6.4363
#        1071       0.01735      4.91      2.00     6   6.4388
#        1073       0.02949      7.13      2.00     7   6.4424
#        1074       0.02822      4.51      2.00     6   6.4450
#        1075       0.03025     15.56      2.00     7   6.4450
#        1076       0.01513     64.60      1.00     6   6.4472
#        1078       0.02960      6.77      2.00     7   6.4483
#        1079       0.00689     28.32      2.00     5   6.4488
#        1080       0.02810      6.92      2.00     6   6.4487
#        1081       0.00687     28.42      2.00     5   6.4511
#        1082       0.03149     15.65      2.00     7   6.4509
#        1083       0.00981     12.71      2.00     6   6.4532
#        1084       0.00980     12.27      2.00     6   6.4533
#        1085       0.00947     11.71      2.00     5   6.4543
#        1086       0.02846      7.01      2.00     6   6.4566
#        1087       0.02261      6.78      2.00     7   6.4597
#        1088       0.02388      6.54      2.00     7   6.4608
#        1090       0.01504      4.19      2.00     5   6.4635
#        1092       0.01506      4.30      2.00     5   6.4654
#        1093       0.02305      6.73      2.00     7   6.4678
#        1094       0.02421      6.50      2.00     7   6.4685
#        1095       0.02747      4.43      2.00     6   6.4702
#        1096       0.01752      6.08      2.00     5   6.4709
#        1098       0.02258      4.91      2.00     7   6.4738
#        1099       0.02176      9.70      2.00     7   6.4738
#        1100       0.04580     19.98      2.00     7   6.4744
#        1101       0.00945     11.45      2.00     5   6.4748
#        1102       0.02120     16.48      2.00     7   6.4754
#        1103       0.01639      4.77      2.00     7   6.4753
#        1105       0.01570      5.62      2.00     7   6.4771
#        1109       0.02721      4.21      2.00     7   6.4831
#        1112       0.01763      5.96      2.00     5   6.4850
#        1115       0.01215      7.36      2.00     5   6.4884
#        1116       0.03041     13.58      2.00     7   6.4942
#        1117       0.02292      5.09      2.00     7   6.4954
#        1118       0.02168      9.52      2.00     7   6.4954
#        1119       0.04511     19.42      2.00     7   6.4956
#        1120       0.02077     16.04      2.00     7   6.4968
#        1121       0.01630      4.66      2.00     7   6.4967
#        1123       0.03659     10.60      2.00     6   6.4984
#        1124       0.01575      5.54      2.00     7   6.4987
#        1125       0.01200      7.12      2.00     5   6.4990
#        1126       0.01837      6.53      2.00     6   6.4998
#        1128       0.01863      4.04      2.00     6   6.5012
#        1133       0.01831      5.91      2.00     6   6.5073
#        1135       0.01756      5.82      2.00     6   6.5073
#        1136       0.01088      6.46      2.00     7   6.5096
#        1137       0.01083      5.73      2.00     7   6.5101
#        1138       0.01313      8.07      2.00     7   6.5098
#        1140       0.01315      7.66      2.00     7   6.5106
#        1141       0.01073      8.48      2.00     7   6.5109
#        1142       0.01133      9.54      2.00     7   6.5111
#        1143       0.01077      8.58      2.00     7   6.5115
#        1144       0.01138      9.76      2.00     7   6.5117
#        1145       0.00996     43.10      2.00     7   6.5129
#        1146       0.01937      4.60      2.00     6   6.5132
#        1147       0.00995     41.88      2.00     7   6.5134
#        1149       0.01593      4.53      2.00     6   6.5210
#        1150       0.02961     13.27      2.00     7   6.5211
#        1152       0.02171      4.39      2.00     6   6.5225
#        1153       0.01848      8.88      2.00     6   6.5224
#        1154       0.05566      8.12      2.00     7   6.5227
#        1156       0.01007      8.80      2.00     7   6.5234
#        1157       0.01929      5.50      2.00     6   6.5243
#        1158       0.01016      8.78      2.00     7   6.5245
#        1159       0.03689      8.27      2.00     7   6.5253
#        1160       0.01606      4.75      2.00     6   6.5260
#        1161       0.01821      8.71      2.00     6   6.5273
#        1162       0.02153      4.32      2.00     6   6.5275
#        1163       0.01924      5.46      2.00     6   6.5293
#        1165       0.03587     10.27      2.00     6   6.5314
#        1166       0.05329      7.95      2.00     7   6.5315
#        1167       0.01822      6.32      2.00     6   6.5327
#        1168       0.02643      4.19      2.00     7   6.5335
#        1171       0.03646      8.10      2.00     7   6.5341
#        1172       0.03504     19.28      2.00     7   6.5344
#        1173       0.01438      4.03      2.00     7   6.5352
#        1174       0.01114      9.70      2.00     7   6.5363
#        1175       0.01113     10.25      2.00     7   6.5374
#        1176       0.01640      5.62      2.00     6   6.5384
#        1177       0.02640     10.56      2.00     6   6.5384
#        1179       0.00717     63.56      2.00     6   6.5393
#        1183       0.01821      5.73      2.00     6   6.5404
#        1184       0.01746      5.54      2.00     6   6.5404
#        1190       0.01925      4.43      2.00     6   6.5463
#        1191       0.02196      4.77      2.00     7   6.5459
#        1193       0.02671     10.51      2.00     6   6.5479
#        1194       0.01990      4.76      1.00     6   6.5484
#        1195       0.01642      5.62      2.00     6   6.5484
#        1197       0.02679      4.11      2.00     7   6.5480
#        1199       0.03450     19.04      2.00     7   6.5487
#        1200       0.00718     62.90      2.00     6   6.5493
#        1202       0.01740      4.16      2.00     6   6.5510
#        1205       0.02829      5.29      2.00     6   6.5514
#        1210       0.01463      6.06      2.00     6   6.5541
#        1213       0.02568      7.63      2.00     5   6.5589
#        1217       0.01743      4.15      2.00     6   6.5605
#        1218       0.01092      6.40      2.00     7   6.5605
#        1220       0.02840      5.06      2.00     6   6.5613
#        1221       0.01091      7.01      2.00     7   6.5610
#        1223       0.01465      6.07      2.00     6   6.5637
#        1224       0.01095      6.57      2.00     7   6.5634
#        1225       0.01094      6.85      2.00     7   6.5637
#        1227       0.02152     18.42      2.00     7   6.5639
#        1228       0.01994      4.67      1.00     6   6.5648
#        1231       0.02174     18.77      2.00     7   6.5667
#        1233       0.01450      4.15      2.00     6   6.5680
#        1234       0.01202      8.65      2.00     5   6.5682
#        1235       0.00999      4.24      2.00     7   6.5686
#        1236       0.00991      4.46      2.00     7   6.5683
#        1237       0.01260      7.19      2.00     7   6.5689
#        1238       0.01254      7.41      2.00     7   6.5692
#        1239       0.02268      4.71      2.00     7   6.5688
#        1240       0.01051      7.80      2.00     7   6.5693
#        1241       0.01049      7.61      2.00     7   6.5697
#        1242       0.01050      8.51      2.00     7   6.5694
#        1243       0.01048     20.35      2.00     7   6.5693
#        1244       0.01048      8.49      2.00     7   6.5699
#        1245       0.01049     20.75      2.00     7   6.5702
#        1246       0.00847      9.60      2.00     3   6.5723
#        1250       0.02545      7.42      2.00     5   6.5740
#        1253       0.01553      4.02      2.00     7   6.5757
#        1256       0.01208      8.80      2.00     5   6.5769
#        1257       0.01556      4.17      2.00     7   6.5767
#        1260       0.01449      4.07      2.00     6   6.5778
#        1261       0.00871      8.90      2.00     5   6.5791
#        1264       0.01537      6.48      2.00     7   6.5883
#        1266       0.01775      8.66      2.00     6   6.5911
#        1267       0.01572      4.07      2.00     7   6.5910
#        1268       0.00889      8.75      2.00     5   6.5928
#        1269       0.01533      6.49      2.00     7   6.5977
#        1272       0.01772      8.63      2.00     6   6.6009
#        1273       0.01582      4.12      2.00     7   6.6008
#        1275       0.02439      5.21      2.00     5   6.6032
#        1278       0.02436      5.19      2.00     5   6.6097
#        1279       0.01020     10.73      2.00     6   6.6108
#        1281       0.01650      4.82      2.00     6   6.6123
#        1282       0.01849      9.71      2.00     7   6.6172
#        1283       0.01020     10.49      2.00     6   6.6187
#        1284       0.01642      4.84      2.00     6   6.6188
#        1285       0.01864      9.91      2.00     7   6.6191
#        1286       0.00896      9.30      2.00     4   6.6222
#        1287       0.01771      7.09      2.00     5   6.6229
#        1290       0.01554      4.03      2.00     7   6.6277
#        1292       0.01557      4.12      2.00     7   6.6291
#        1294       0.02005      5.84      2.00     6   6.6314
#        1299       0.02003      5.76      2.00     6   6.6382
#        1300       0.03344      7.57      2.00     6   6.6379
#        1304       0.01769      6.97      2.00     5   6.6420
#        1306       0.01315      4.38      2.00     7   6.6420
#        1307       0.00954     15.19      2.00     5   6.6436
#        1308       0.00945     15.26      2.00     5   6.6437
#        1309       0.01132      7.57      2.00     5   6.6442
#        1314       0.01643      4.62      2.00     6   6.6509
#        1315       0.01775      6.40      1.00     6   6.6509
#        1317       0.00686     14.95      1.00     6   6.6514
#        1318       0.01319      4.28      2.00     7   6.6528
#        1319       0.00686     14.50      1.00     6   6.6532
#        1326       0.01122      7.48      2.00     5   6.6581
#        1328       0.01060      9.60      2.00     7   6.6615
#        1329       0.01708     15.51      2.00     7   6.6615
#        1330       0.01142      6.61      2.00     6   6.6625
#        1333       0.03278      7.45      2.00     6   6.6634
#        1336       0.01565      4.65      2.00     6   6.6649
#        1338       0.01514      7.71      2.00     6   6.6658
#        1339       0.01590      4.40      2.00     6   6.6658
#        1340       0.01153      6.65      2.00     6   6.6664
#        1341       0.01577      4.56      2.00     6   6.6667
#        1343       0.03701      5.23      2.00     7   6.6665
#        1344       0.01512      7.53      2.00     6   6.6680
#        1346       0.02516      5.25      2.00     7   6.6682
#        1347       0.02963      5.25      2.00     7   6.6691
#        1348       0.02940      4.93      2.00     7   6.6691
#        1350       0.00891     20.93      2.00     6   6.6697
#        1351       0.01055      9.61      2.00     7   6.6697
#        1352       0.01695     15.50      2.00     7   6.6697
#        1353       0.02804      9.67      2.00     6   6.6706
#        1354       0.02509      5.37      2.00     7   6.6713
#        1355       0.01782      5.87      2.00     6   6.6724
#        1356       0.01639      4.47      2.00     6   6.6730
#        1358       0.02824      9.77      2.00     6   6.6726
#        1359       0.02924      5.07      2.00     7   6.6729
#        1361       0.01770      6.24      1.00     6   6.6735
#        1362       0.01787      6.01      2.00     6   6.6744
#        1363       0.01790      4.88      2.00     7   6.6765
#        1365       0.01519      4.85      2.00     6   6.6799
#        1366       0.01520      4.84      2.00     6   6.6819
#        1368       0.01792      4.21      2.00     6   6.6853
#        1373       0.01560      4.50      2.00     6   6.6871
#        1375       0.01790      4.24      2.00     6   6.6875
#        1376       0.01587      4.26      2.00     6   6.6879
#        1377       0.01571      4.44      2.00     6   6.6884
#        1379       0.00716      4.49      2.00     5   6.6892
#        1381       0.00717      4.48      2.00     5   6.6902
#        1382       0.00911     20.35      2.00     6   6.6911
#        1384       0.02211      9.14      2.00     6   6.6937
#        1385       0.01797      4.92      2.00     7   6.6946
#        1386       0.01757      5.05      2.00     6   6.6955
#        1387       0.01703      5.84      2.00     7   6.7056
#        1388       0.01032      4.26      2.00     7   6.7056
#        1392       0.02191      8.94      2.00     6   6.7080
#        1393       0.01778      4.99      2.00     6   6.7098
#        1399       0.01726      6.21      2.00     7   6.7166
#        1400       0.01038      4.57      2.00     7   6.7166
#        1402       0.02746      4.71      2.00     6   6.7198
#        1403       0.02489      4.70      2.00     6   6.7208
#        1404       0.02987      9.57      2.00     5   6.7219
#        1409       0.02121      4.41      2.00     6   6.7266
#        1410       0.02405      4.41      2.00     6   6.7266
#        1411       0.02968      9.39      2.00     5   6.7269
#        1412       0.02727      4.63      2.00     6   6.7285
#        1413       0.03671     19.22      2.00     7   6.7285
#        1415       0.01070     51.71      2.00     6   6.7293
#        1416       0.02067      6.91      2.00     7   6.7290
#        1419       0.02466      4.61      2.00     6   6.7297
#        1420       0.02110     13.23      2.00     7   6.7299
#        1422       0.01751      4.10      2.00     7   6.7300
#        1423       0.02227      4.17      2.00     6   6.7308
#        1424       0.01664      4.88      2.00     7   6.7318
#        1425       0.01068     51.30      2.00     6   6.7327
#        1428       0.01239     17.87      2.00     6   6.7348
#        1430       0.02204      4.21      2.00     6   6.7383
#        1432       0.02116      4.36      2.00     6   6.7410
#        1433       0.02402      4.36      2.00     6   6.7410
#        1434       0.00755      4.91      2.00     5   6.7453
#        1435       0.00751      4.89      2.00     5   6.7461
#        1437       0.00743      4.87      2.00     5   6.7544
#        1438       0.00748      4.85      2.00     5   6.7546
#        1441       0.01227     17.39      2.00     6   6.7564
#        1442       0.01952      7.49      2.00     5   6.7569
#        1443       0.01169      7.34      2.00     5   6.7581
#        1445       0.01177      7.49      2.00     5   6.7602
#        1446       0.01683      6.35      2.00     7   6.7611
#        1447       0.02999     15.08      2.00     7   6.7612
#        1448       0.02056      6.67      2.00     7   6.7619
#        1449       0.03603     18.71      2.00     7   6.7617
#        1451       0.02082     12.81      2.00     7   6.7630
#        1452       0.01834      9.13      2.00     7   6.7629
#        1454       0.01227      9.38      2.00     6   6.7648
#        1455       0.01400      7.49      2.00     6   6.7646
#        1456       0.01669      4.78      2.00     7   6.7650
#        1459       0.01973      7.54      2.00     5   6.7681
#        1461       0.01692      6.34      2.00     7   6.7707
#        1462       0.03062     14.97      2.00     7   6.7709
#        1463       0.01539      4.45      2.00     5   6.7714
#        1465       0.01187      6.40      2.00     7   6.7723
#        1466       0.01846      9.14      2.00     7   6.7727
#        1467       0.01695      5.96      2.00     7   6.7726
#        1469       0.02937     10.80      2.00     7   6.7741
#        1470       0.01953      7.97      2.00     7   6.7743
#        1471       0.01712      4.48      2.00     7   6.7742
#        1474       0.02122      8.10      2.00     7   6.7754
#        1475       0.02542     12.40      2.00     7   6.7757
#        1477       0.01818      6.47      2.00     7   6.7759
#        1479       0.01460      4.59      2.00     6   6.7805
#        1480       0.01169      6.26      2.00     7   6.7804
#        1481       0.01210      9.04      2.00     6   6.7807
#        1482       0.01383      7.40      2.00     6   6.7809
#        1483       0.00719      7.76      2.00     4   6.7811
#        1485       0.01697      6.22      2.00     7   6.7825
#        1488       0.02034      6.78      2.00     6   6.7832
#        1489       0.02433      4.58      2.00     7   6.7836
#        1490       0.00716      7.64      2.00     4   6.7838
#        1491       0.02927     10.59      2.00     7   6.7838
#        1492       0.01709      4.37      2.00     7   6.7840
#        1494       0.01544      4.78      2.00     6   6.7849
#        1495       0.01913     13.51      2.00     6   6.7849
#        1496       0.01819      6.36      2.00     7   6.7858
#        1497       0.01413      4.20      2.00     5   6.7866
#        1498       0.01547      4.44      2.00     5   6.7878
#        1500       0.01461      4.58      2.00     6   6.7905
#        1501       0.01932      7.68      2.00     7   6.7903
#        1502       0.01777      7.76      2.00     7   6.7910
#        1504       0.02538     12.17      2.00     7   6.7919
#        1507       0.01420      4.26      2.00     5   6.7972
#        1508       0.02048      6.65      2.00     6   6.7973
#        1511       0.01543      4.91      2.00     6   6.7989
#        1513       0.01550      4.74      2.00     6   6.7991
#        1514       0.01544      4.47      2.00     6   6.7997
#        1515       0.01906     13.46      2.00     6   6.7996
#        1516       0.02398      4.54      2.00     7   6.7995
#        1519       0.00621      4.24      2.00     3   6.8023
#        1520       0.03101      6.32      2.00     7   6.8028
#        1522       0.03942     15.24      2.00     7   6.8044
#        1523       0.01539     13.70      2.00     6   6.8069
#        1524       0.02230      5.69      2.00     6   6.8094
#        1527       0.02112     20.40      2.00     7   6.8106
#        1528       0.03167      8.27      2.00     7   6.8102
#        1530       0.00613      7.64      2.00     4   6.8112
#        1531       0.00621      4.39      2.00     3   6.8120
#        1532       0.02244      5.76      2.00     6   6.8119
#        1534       0.01549      4.85      2.00     6   6.8131
#        1535       0.01921     21.50      2.00     7   6.8128
#        1536       0.04015     15.37      2.00     7   6.8135
#        1537       0.01550      4.42      2.00     6   6.8139
#        1540       0.03261      7.78      2.00     7   6.8200
#        1541       0.01097    124.10      2.00     7   6.8198
#        1542       0.01519     13.47      2.00     6   6.8205
#        1543       0.01952     21.55      2.00     7   6.8226
#        1544       0.00617      7.67      2.00     4   6.8276
#        1545       0.02644      7.20      2.00     7   6.8274
#        1547       0.02884      6.94      2.00     7   6.8286
#        1549       0.02963      6.17      2.00     7   6.8298
#        1550       0.01098    121.60      2.00     7   6.8309
#        1551       0.02695      7.11      2.00     7   6.8396
#        1552       0.02898      6.88      2.00     7   6.8402
#        1553       0.01795      7.64      2.00     7   6.8424
#        1554       0.01582      5.01      2.00     7   6.8433
#        1555       0.01579      4.80      2.00     7   6.8438
#        1556       0.01399      5.10      2.00     6   6.8441
#        1562       0.01543     11.71      2.00     6   6.8464
#        1565       0.01841     10.68      2.00     6   6.8475
#        1566       0.01837      5.24      2.00     7   6.8475
#        1567       0.00821     10.17      2.00     6   6.8487
#        1568       0.01153     14.75      2.00     6   6.8487
#        1572       0.01186      7.69      2.00     5   6.8512
#        1574       0.01494      5.44      2.00     4   6.8533
#        1575       0.01183      7.71      2.00     5   6.8541
#        1576       0.01832      5.19      2.00     7   6.8543
#        1577       0.01404      5.02      2.00     6   6.8550
#        1578       0.01571     11.88      2.00     6   6.8573
#        1579       0.00826     10.22      2.00     6   6.8585
#        1580       0.01159     14.68      2.00     6   6.8585
#        1584       0.02839      9.90      2.00     7   6.8633
#        1585       0.01813      7.76      2.00     7   6.8638
#        1588       0.01732      6.18      2.00     7   6.8648
#        1590       0.01501      5.43      2.00     4   6.8653
#        1591       0.01213      8.48      2.00     3   6.8660
#        1592       0.01746      4.11      2.00     7   6.8662
#        1593       0.01857     10.54      2.00     6   6.8664
#        1594       0.01770      4.03      2.00     7   6.8671
#        1597       0.01973      7.08      2.00     5   6.8699
#        1598       0.01193      8.31      2.00     3   6.8708
#        1599       0.01977      7.10      2.00     5   6.8716
#        1601       0.01917      5.44      2.00     7   6.8722
#        1603       0.02257      5.87      2.00     7   6.8722
#        1606       0.02833     13.58      2.00     7   6.8730
#        1607       0.01680      5.70      2.00     7   6.8737
#        1608       0.02042      7.20      2.00     7   6.8737
#        1609       0.01781      7.33      2.00     7   6.8738
#        1610       0.02127     10.14      2.00     7   6.8737
#        1611       0.02261      4.48      2.00     7   6.8738
#        1612       0.02334     13.73      2.00     7   6.8738
#        1614       0.01780     11.66      2.00     7   6.8748
#        1615       0.02814     13.33      2.00     7   6.8751
#        1616       0.01562      7.08      2.00     7   6.8755
#        1617       0.01995      5.46      2.00     7   6.8755
#        1618       0.01843     20.07      2.00     7   6.8755
#        1619       0.01775     11.43      2.00     7   6.8768
#        1620       0.02065      4.57      2.00     7   6.8782
#        1623       0.02822     10.11      2.00     7   6.8853
#        1624       0.01816      4.46      2.00     7   6.8859
#        1625       0.02773      8.64      2.00     7   6.8857
#        1626       0.01697      5.87      2.00     7   6.8864
#        1627       0.01721      6.26      2.00     7   6.8866
#        1629       0.01782      7.62      2.00     7   6.8879
#        1630       0.01816      4.64      2.00     7   6.8879
#        1631       0.03590      8.51      2.00     7   6.8880
#        1632       0.01750      4.18      2.00     7   6.8881
#        1633       0.01562      7.20      2.00     7   6.8895
#        1635       0.01785      7.62      2.00     7   6.8898
#        1636       0.01433      4.96      2.00     4   6.8902
#        1638       0.01707      6.89      2.00     7   6.8903
#        1642       0.02749      8.97      2.00     5   6.8930
#        1643       0.01452      5.18      2.00     7   6.8942
#        1644       0.01909      5.54      2.00     7   6.8943
#        1646       0.02278      5.88      2.00     7   6.8943
#        1647       0.02740      8.68      2.00     7   6.8942
#        1649       0.01671      5.50      2.00     7   6.8954
#        1650       0.02106      9.62      2.00     7   6.8956
#        1651       0.02235      4.24      2.00     7   6.8958
#        1652       0.02314     13.22      2.00     7   6.8955
#        1653       0.02038      7.00      2.00     7   6.8959
#        1655       0.03645      8.55      2.00     7   6.8965
#        1656       0.01772      7.09      2.00     7   6.8960
#        1657       0.00767      7.57      2.00     5   6.8970
#        1658       0.01568      6.89      2.00     7   6.8973
#        1659       0.01555     34.97      2.00     7   6.8975
#        1660       0.01989      5.23      2.00     7   6.8976
#        1661       0.01856     19.64      2.00     7   6.8978
#        1662       0.01199      8.14      2.00     4   6.8989
#        1663       0.01437      5.03      2.00     4   6.8987
#        1664       0.00764      6.61      2.00     5   6.8991
#        1666       0.01127      8.43      2.00     6   6.8997
#        1668       0.00589      6.04      2.00     4   6.9006
#        1669       0.02051      4.63      2.00     7   6.9002
#        1673       0.01816      4.68      2.00     7   6.9017
#        1674       0.00596      6.58      2.00     4   6.9026
#        1676       0.00642      7.89      2.00     5   6.9035
#        1678       0.02727      8.77      2.00     5   6.9069
#        1682       0.01687      5.65      2.00     7   6.9082
#        1683       0.00575     10.35      2.00     5   6.9094
#        1684       0.01134      8.57      2.00     6   6.9097
#        1685       0.01841      5.70      2.00     7   6.9097
#        1691       0.01182      7.88      2.00     4   6.9112
#        1692       0.01691      7.75      2.00     7   6.9110
#        1693       0.01569      6.99      2.00     7   6.9114
#        1695       0.01696      6.71      2.00     7   6.9122
#        1696       0.01616      4.30      2.00     6   6.9128
#        1697       0.01891      6.98      2.00     7   6.9130
#        1700       0.01667      9.90      2.00     7   6.9137
#        1702       0.01610      4.35      2.00     6   6.9152
#        1703       0.01838      5.32      2.00     7   6.9154
#        1705       0.01454      5.17      2.00     7   6.9164
#        1707       0.01702      7.70      2.00     7   6.9168
#        1710       0.00579     10.65      2.00     5   6.9181
#        1711       0.01892      6.90      2.00     7   6.9187
#        1712       0.02085      7.21      1.00     6   6.9189
#        1713       0.01536     34.02      2.00     7   6.9188
#        1714       0.00997     17.26      2.00     6   6.9220
#        1715       0.01519      6.56      2.00     6   6.9239
#        1718       0.01809      4.67      2.00     7   6.9241
#        1719       0.01649      5.18      2.00     7   6.9256
#        1720       0.02104      7.36      1.00     6   6.9256
#        1721       0.01446      5.28      2.00     6   6.9264
#        1722       0.01647      4.91      2.00     7   6.9268
#        1723       0.01510      6.57      2.00     6   6.9279
#        1724       0.01373     12.67      2.00     5   6.9283
#        1725       0.01451      6.04      2.00     6   6.9293
#        1726       0.02248      5.07      2.00     7   6.9303
#        1727       0.02245      4.82      2.00     7   6.9318
#        1728       0.01636      5.55      2.00     7   6.9320
#        1729       0.01633      5.43      2.00     7   6.9328
#        1730       0.01083     59.12      2.00     7   6.9330
#        1731       0.01085     58.36      2.00     7   6.9337
#        1732       0.01388     12.90      2.00     5   6.9348
#        1735       0.01455      6.08      2.00     6   6.9403
#        1737       0.01655      9.64      2.00     7   6.9405
#        1739       0.03358     10.74      2.00     7   6.9426
#        1742       0.01736      4.08      2.00     7   6.9442
#        1743       0.02006     15.36      2.00     6   6.9446
#        1747       0.01431      5.13      2.00     6   6.9464
#        1748       0.01321      4.38      2.00     6   6.9469
#        1749       0.01313      4.72      2.00     6   6.9469
#        1750       0.01460      7.84      2.00     7   6.9474
#        1751       0.00631      6.14      2.00     4   6.9487
#        1752       0.01458      7.63      2.00     7   6.9485
#        1754       0.01981     15.03      2.00     6   6.9494
#        1755       0.03260     10.54      2.00     7   6.9514
#        1757       0.01324      4.43      2.00     6   6.9545
#        1758       0.01316      4.78      2.00     6   6.9545
#        1759       0.02063      5.81      2.00     6   6.9547
#        1760       0.01006     16.65      2.00     6   6.9549
#        1761       0.00622      5.58      2.00     4   6.9560
#        1763       0.02004      5.44      2.00     7   6.9581
#        1764       0.02091      5.29      2.00     7   6.9581
#        1765       0.01952     15.28      2.00     6   6.9605
#        1766       0.01204      8.83      2.00     6   6.9606
#        1767       0.02018     10.06      2.00     6   6.9614
#        1768       0.01193      8.40      2.00     6   6.9626
#        1769       0.02001      5.50      2.00     7   6.9654
#        1770       0.02056      5.34      2.00     7   6.9654
#        1772       0.02026     10.19      2.00     6   6.9685
#        1773       0.01955     15.16      2.00     6   6.9698
#        1774       0.01967     10.25      2.00     6   6.9736
#        1775       0.02050      5.60      2.00     6   6.9763
#        1777       0.01553      5.05      2.00     5   6.9811
#        1778       0.01556      5.16      2.00     5   6.9811
#        1779       0.02626      5.90      2.00     5   6.9807
#        1780       0.01964      9.96      2.00     6   6.9834
#        1781       0.02052      4.45      2.00     7   6.9877
#        1783       0.02052     18.80      2.00     7   6.9894
#        1784       0.02024      7.24      2.00     7   6.9894
#        1785       0.01954      5.37      2.00     7   6.9894
#        1786       0.01561      5.11      2.00     5   6.9902
#        1787       0.01563      5.21      2.00     5   6.9902
#        1791       0.02602      5.74      2.00     5   6.9954
#        1793       0.02020      7.20      2.00     7   6.9994
#        1794       0.02063     18.87      2.00     7   6.9999
#        1795       0.01959      5.24      2.00     7   6.9997
#        1797       0.02087      6.89      2.00     7   7.0029
#        1801       0.01624      6.44      2.00     7   7.0034
#        1802       0.01607      6.38      2.00     7   7.0042
#        1804       0.01582      4.02      2.00     7   7.0049
#        1805       0.02291      4.91      2.00     7   7.0058
#        1807       0.02574      4.54      2.00     7   7.0059
#        1809       0.02504     11.44      2.00     7   7.0060
#        1811       0.01935      7.37      2.00     7   7.0077
#        1812       0.02755      5.75      2.00     7   7.0078
#        1813       0.02066      7.68      2.00     7   7.0078
#        1814       0.01962     21.96      2.00     7   7.0095
#        1816       0.00669      8.50      2.00     5   7.0116
#        1817       0.01264     12.40      2.00     7   7.0114
#        1820       0.01621      6.41      2.00     7   7.0135
#        1821       0.01607      6.38      2.00     7   7.0143
#        1822       0.01585      4.08      2.00     7   7.0166
#        1823       0.02103      7.17      2.00     7   7.0173
#        1826       0.02532      4.45      2.00     7   7.0201
#        1827       0.02268      4.59      2.00     7   7.0199
#        1828       0.02482     11.18      2.00     7   7.0203
#        1830       0.01252     12.43      2.00     7   7.0209
#        1832       0.01944      7.30      2.00     7   7.0219
#        1833       0.02725      5.68      2.00     7   7.0221
#        1834       0.02071      7.60      2.00     7   7.0221
#        1835       0.01976     21.96      2.00     7   7.0239
#        1838       0.01647      6.61      2.00     5   7.0253
#        1839       0.00855      9.28      2.00     6   7.0274
#        1840       0.01670      6.53      2.00     5   7.0317
#        1841       0.00674      8.36      2.00     5   7.0320
#        1842       0.01700      4.05      2.00     7   7.0344
#        1843       0.01680      4.03      2.00     7   7.0363
#        1845       0.00854      9.35      2.00     6   7.0380
#        1846       0.01361      9.95      2.00     6   7.0386
#        1847       0.00689     14.93      2.00     5   7.0393
#        1849       0.01357     10.00      2.00     6   7.0418
#        1850       0.02747      8.54      2.00     5   7.0432
#        1852       0.01680     11.43      2.00     7   7.0453
#        1853       0.01529      4.45      2.00     7   7.0453
#        1856       0.02226      5.16      2.00     7   7.0506
#        1857       0.02273      9.34      2.00     7   7.0507
#        1859       0.01266      8.13      2.00     6   7.0515
#        1860       0.02290      5.23      2.00     7   7.0518
#        1862       0.00690     13.72      2.00     5   7.0543
#        1864       0.01374     12.55      2.00     6   7.0561
#        1865       0.01528      4.40      2.00     7   7.0567
#        1866       0.01684     11.36      2.00     7   7.0572
#        1867       0.01270      8.09      2.00     6   7.0585
#        1868       0.01393     12.94      2.00     6   7.0596
#        1869       0.01460      4.22      2.00     7   7.0593
#        1870       0.02235      5.18      2.00     7   7.0601
#        1871       0.01461      4.11      2.00     7   7.0602
#        1873       0.02285      5.25      2.00     7   7.0607
#        1874       0.01516     10.30      2.00     6   7.0615
#        1875       0.02714      8.32      2.00     5   7.0622
#        1876       0.01542      6.44      2.00     6   7.0633
#        1877       0.02184      9.15      2.00     7   7.0659
#        1878       0.01546      6.64      2.00     6   7.0663
#        1880       0.02856      4.99      2.00     7   7.0711
#        1882       0.01460      4.16      2.00     7   7.0708
#        1883       0.02732     15.10      2.00     6   7.0713
#        1884       0.01460      4.07      2.00     7   7.0716
#        1885       0.02001      9.22      2.00     6   7.0719
#        1886       0.02279      5.05      2.00     7   7.0723
#        1887       0.02714      9.13      2.00     6   7.0732
#        1888       0.02720     12.12      2.00     6   7.0730
#        1889       0.01996      9.00      2.00     6   7.0744
#        1890       0.02939      4.80      2.00     7   7.0749
#        1891       0.02993      9.52      2.00     7   7.0749
#        1892       0.02293      4.87      2.00     7   7.0759
#        1893       0.03135      9.76      2.00     7   7.0785
#        1894       0.01756      4.53      2.00     7   7.0809
#        1895       0.00907      4.35      2.00     7   7.0809
#        1896       0.01979      5.77      2.00     6   7.0855
#        1898       0.01501     10.02      2.00     6   7.0868
#        1899       0.01840      4.12      2.00     7   7.0871
#        1900       0.01983      5.76      2.00     6   7.0875
#        1902       0.01920      5.84      2.00     7   7.0881
#        1904       0.01675      4.72      2.00     7   7.0892
#        1905       0.00893      4.71      2.00     7   7.0892
#        1906       0.02105      6.73      2.00     7   7.0899
#        1908       0.01848      4.35      2.00     7   7.0904
#        1909       0.01913      5.67      2.00     7   7.0917
#        1911       0.00601      8.06      2.00     5   7.0928
#        1912       0.01217     11.54      2.00     6   7.0927
#        1913       0.02115      6.80      2.00     7   7.0935
#        1914       0.02707     14.59      2.00     6   7.0937
#        1915       0.01219     11.55      2.00     6   7.0945
#        1916       0.02695     11.66      2.00     6   7.0945
#        1918       0.02689      8.62      2.00     6   7.0952
#        1922       0.01237      8.27      2.00     6   7.1057
#        1923       0.00607      8.27      2.00     5   7.1081
#        1924       0.01231      8.15      2.00     6   7.1077
#        1926       0.01381      6.58      2.00     5   7.1147
#        1927       0.02348     15.48      2.00     6   7.1158
#        1928       0.01630      5.96      2.00     7   7.1156
#        1931       0.01629      5.84      2.00     7   7.1173
#        1934       0.01390      6.56      2.00     5   7.1215
#        1937       0.01639     16.81      2.00     7   7.1214
#        1938       0.02180      4.76      2.00     7   7.1216
#        1939       0.02672      6.62      2.00     7   7.1216
#        1940       0.02158     20.75      2.00     7   7.1234
#        1943       0.02182      4.86      2.00     7   7.1242
#        1944       0.02652      6.68      2.00     7   7.1242
#        1945       0.02163     21.32      2.00     7   7.1260
#        1947       0.00941     14.02      2.00     7   7.1292
#        1948       0.01445     26.05      2.00     7   7.1292
#        1950       0.02320     15.12      2.00     6   7.1299
#        1951       0.01703     17.08      2.00     7   7.1314
#        1953       0.00941     13.83      2.00     7   7.1401
#        1954       0.01440     25.74      2.00     7   7.1401
#        1957       0.01577      7.17      2.00     3   7.1491
#        1960       0.01532     29.27      2.00     7   7.1521
#        1962       0.01580     10.33      2.00     7   7.1538
#        1967       0.01282      4.18      2.00     5   7.1640
#        1968       0.01586     10.39      2.00     7   7.1646
#        1972       0.01207      4.68      2.00     5   7.1700
#        1974       0.01286      4.19      2.00     5   7.1722
#        1975       0.02250      4.09      2.00     6   7.1725
#        1976       0.01210      4.75      2.00     5   7.1743
#        1977       0.01604      4.35      2.00     7   7.1749
#        1981       0.01503      5.86      2.00     5   7.1772
#        1983       0.00889      4.88      2.00     5   7.1784
#        1984       0.00889      4.86      2.00     5   7.1784
#        1986       0.01814     11.80      2.00     7   7.1793
#        1988       0.02039      4.12      2.00     6   7.1811
#        1989       0.01497      4.53      2.00     6   7.1810
#        1990       0.01180      4.04      2.00     5   7.1816
#        1993       0.01817     11.97      2.00     7   7.1833
#        1994       0.01230     26.57      2.00     7   7.1833
#        1996       0.01702      5.83      2.00     6   7.1852
#        1997       0.01518     28.30      2.00     7   7.1851
#        1998       0.00650      5.65      2.00     5   7.1878
#        1999       0.00650      5.69      2.00     5   7.1878
#        2000       0.01503      6.56      2.00     4   7.1880
#        2001       0.01526      5.78      2.00     5   7.1882
#        2002       0.00614     16.22      2.00     6   7.1910
#        2003       0.01233     26.35      2.00     7   7.1928
#        2004       0.00888      4.74      2.00     5   7.1936
#        2005       0.00889      4.72      2.00     5   7.1936
#        2008       0.01816     12.26      2.00     7   7.1952
#        2009       0.01702      5.80      2.00     6   7.1958
#        2010       0.01251     17.21      2.00     7   7.1962
#        2011       0.01326      8.90      2.00     6   7.1964
#        2012       0.01413      5.98      2.00     6   7.1964
#        2016       0.00620     16.59      2.00     6   7.1986
#        2017       0.01158      6.93      2.00     6   7.1993
#        2018       0.01223      6.81      2.00     6   7.1993
#        2020       0.00644      5.20      2.00     5   7.2018
#        2021       0.00645      5.26      2.00     5   7.2018
#        2022       0.02423     10.32      2.00     6   7.2053
#        2023       0.01289      7.03      2.00     6   7.2053
#        2024       0.01222      8.15      2.00     6   7.2053
#        2025       0.01283      7.88      2.00     6   7.2053
#        2026       0.01307      8.68      2.00     6   7.2053
#        2027       0.01284      8.71      2.00     6   7.2053
#        2028       0.01282     10.35      2.00     6   7.2053
#        2029       0.01903     16.53      2.00     6   7.2053
#        2030       0.01247     16.69      2.00     7   7.2059
#        2031       0.01932      5.00      2.00     6   7.2072
#        2032       0.01666     10.62      2.00     7   7.2069
#        2033       0.01274      6.64      2.00     7   7.2069
#        2034       0.01449      7.75      2.00     7   7.2079
#        2035       0.01198      8.64      2.00     7   7.2079
#        2038       0.01342      8.76      2.00     6   7.2105
#        2039       0.01434      5.74      2.00     6   7.2105
#        2040       0.01802     11.98      2.00     7   7.2114
#        2041       0.01490      4.38      2.00     6   7.2127
#        2042       0.01155      6.70      2.00     6   7.2132
#        2043       0.01218      6.60      2.00     6   7.2132
#        2044       0.00803      6.97      2.00     5   7.2165
#        2045       0.01431      7.75      2.00     7   7.2163
#        2046       0.01199      8.64      2.00     7   7.2163
#        2048       0.01005      4.51      2.00     4   7.2174
#        2050       0.01005      4.48      2.00     4   7.2188
#        2051       0.02377     10.08      2.00     6   7.2192
#        2052       0.01278      7.64      2.00     6   7.2192
#        2053       0.01276      8.46      2.00     6   7.2192
#        2054       0.01282      6.75      2.00     6   7.2195
#        2055       0.01213      7.95      2.00     6   7.2195
#        2056       0.01303      8.47      2.00     6   7.2197
#        2057       0.01274     10.13      2.00     6   7.2197
#        2058       0.01901     16.33      2.00     6   7.2197
#        2060       0.01480      7.32      2.00     7   7.2223
#        2062       0.00805      6.83      2.00     5   7.2271
#        2063       0.01642     10.27      2.00     7   7.2279
#        2064       0.01265      6.62      2.00     7   7.2279
#        2065       0.01470      8.77      2.00     6   7.2297
#        2067       0.01483      8.84      2.00     6   7.2320
#        2071       0.01221      9.97      2.00     6   7.2390
#        2074       0.01921      4.79      2.00     6   7.2405
#        2075       0.01232     10.19      2.00     6   7.2417
#        2076       0.01322     12.44      2.00     7   7.2422
#        2077       0.01302     12.53      2.00     7   7.2422
#        2078       0.01321     11.99      2.00     7   7.2431
#        2079       0.01300     12.15      2.00     7   7.2431
#        2081       0.01453      7.28      2.00     7   7.2493
#        2087       0.01746     11.16      2.00     7   7.2660
#        2088       0.02103     12.13      2.00     7   7.2667
#        2089       0.01975     15.54      2.00     6   7.2678
#        2090       0.02098     11.78      2.00     7   7.2677
#        2092       0.00943     10.65      2.00     6   7.2690
#        2095       0.00744      8.56      2.00     6   7.2782
#        2096       0.00713     15.00      2.00     6   7.2784
#        2097       0.00805      7.02      2.00     6   7.2828
#        2099       0.01977     15.21      2.00     6   7.2865
#        2100       0.01365     15.88      2.00     7   7.2870
#        2101       0.01342     22.12      2.00     7   7.2870
#        2102       0.01768     11.18      2.00     7   7.2872
#        2104       0.01546     13.46      2.00     7   7.2897
#        2105       0.01234     17.59      2.00     7   7.2899
#        2106       0.00810      7.47      2.00     6   7.2914
#        2107       0.00943     10.27      2.00     6   7.2918
#        2108       0.01172      7.90      2.00     6   7.2924
#        2111       0.01560     13.75      2.00     7   7.2927
#        2112       0.01175      8.05      2.00     6   7.2941
#        2113       0.01220     16.73      2.00     7   7.2949
#        2115       0.00936      4.03      2.00     5   7.2957
#        2116       0.01936     23.40      2.00     7   7.2959
#        2117       0.02210     19.39      2.00     7   7.2959
#        2118       0.02429     19.78      2.00     7   7.2959
#        2119       0.02248     15.59      2.00     7   7.2959
#        2120       0.01935     28.95      2.00     7   7.2959
#        2121       0.02448     22.10      2.00     7   7.2959
#        2123       0.01218     16.37      2.00     7   7.2972
#        2124       0.00706     14.04      2.00     6   7.3001
#        2125       0.02016      4.19      2.00     7   7.3003
#        2126       0.02225      4.42      2.00     7   7.3003
#        2127       0.00739      7.51      2.00     6   7.3003
#        2128       0.01514      4.29      2.00     6   7.3047
#        2129       0.02050      4.28      2.00     7   7.3060
#        2130       0.02272      4.50      2.00     7   7.3060
#        2131       0.01231      9.53      2.00     7   7.3080
#        2132       0.01360     16.11      2.00     7   7.3088
#        2133       0.01359     21.45      2.00     7   7.3088
#        2134       0.01237      9.58      2.00     7   7.3101
#        2135       0.01230     16.82      2.00     7   7.3115
#        2136       0.02181     18.67      2.00     7   7.3178
#        2137       0.02383     18.98      2.00     7   7.3175
#        2138       0.02219     14.68      2.00     7   7.3178
#        2139       0.02402     21.26      2.00     7   7.3175
#        2140       0.01935     22.69      2.00     7   7.3180
#        2141       0.01934     28.12      2.00     7   7.3180
#        2142       0.01071      9.37      2.00     6   7.3192
#        2143       0.01412      6.31      2.00     6   7.3192
#        2144       0.01488      4.50      2.00     7   7.3208
#        2145       0.01069      9.36      2.00     6   7.3218
#        2146       0.01415      6.42      2.00     6   7.3218
#        2147       0.01802      5.51      2.00     7   7.3240
#        2148       0.01799      5.36      2.00     7   7.3237
#        2149       0.01442      6.61      2.00     6   7.3247
#        2150       0.03816      4.17      2.00     5   7.3255
#        2151       0.01518      4.13      2.00     6   7.3251
#        2152       0.03906      4.25      2.00     5   7.3278
#        2153       0.01471      4.48      2.00     7   7.3300
#        2154       0.00651      6.47      2.00     6   7.3320
#        2155       0.01794     14.12      2.00     7   7.3331
#        2156       0.02976      7.96      2.00     6   7.3375
#        2157       0.00728      9.32      2.00     6   7.3389
#        2158       0.01123      6.19      2.00     6   7.3389
#        2159       0.01735     11.63      2.00     6   7.3393
#        2160       0.01804     14.19      2.00     7   7.3390
#        2161       0.00650      5.72      2.00     6   7.3421
#        2162       0.01577      9.84      2.00     7   7.3430
#        2163       0.02943      7.86      2.00     6   7.3440
#        2164       0.01571     10.05      2.00     7   7.3451
#        2165       0.01439      6.58      2.00     6   7.3455
#        2166       0.01758     11.62      2.00     6   7.3458
#        2167       0.00735      9.25      2.00     6   7.3469
#        2168       0.01120      6.16      2.00     6   7.3469
#        2169       0.01532      7.49      2.00     6   7.3496
#        2170       0.02507     16.17      2.00     7   7.3535
#        2171       0.02509     15.94      2.00     7   7.3549
#        2172       0.01531      7.46      2.00     6   7.3604
#        2173       0.02513     10.14      2.00     7   7.3671
#        2175       0.01932      5.10      2.00     6   7.3807
#        2176       0.01496      5.40      2.00     6   7.3817
#        2177       0.00879      6.40      2.00     6   7.3829
#        2178       0.00873      6.75      2.00     6   7.3829
#        2179       0.01509      5.47      2.00     6   7.3886
#        2180       0.01236     10.86      2.00     7   7.3896
#        2182       0.01166      9.01      2.00     6   7.3917
#        2184       0.00595      5.22      2.00     6   7.3923
#        2185       0.03876      4.30      2.00     6   7.3932
#        2186       0.00883      6.31      2.00     6   7.3939
#        2187       0.00877      6.65      2.00     6   7.3939
#        2188       0.01177      9.17      2.00     6   7.3961
#        2189       0.01235     10.98      2.00     7   7.3979
#        2190       0.01134      9.73      2.00     7   7.4009
#        2191       0.03810      4.14      2.00     6   7.4010
#        2194       0.00594      4.92      2.00     6   7.4022
#        2195       0.01925      5.04      2.00     6   7.4028
#        2196       0.01174      6.74      2.00     7   7.4038
#        2197       0.01437      9.20      2.00     7   7.4097
#        2198       0.01343      9.05      2.00     7   7.4098
#  1547/2000 paths used
#  -----------------------------------------------------------------------
#       k          chi          mag           phase @#
     0.0000    3.102511E+00  3.783584E+00  2.180194E+00
     0.0500    2.970922E+00  3.726910E+00  2.219026E+00
     0.1000    2.838023E+00  3.671327E+00  2.257999E+00
     0.1500    2.446745E+00  3.519397E+00  2.372871E+00
     0.2000    2.050940E+00  3.376221E+00  2.488726E+00
     0.2500    1.429378E+00  3.167396E+00  2.673395E+00
     0.3000    8.288360E-01  2.977323E+00  2.859483E+00
     0.3500    1.086451E-01  2.766263E+00  3.102307E+00
     0.4000   -5.191231E-01  2.577661E+00  3.344373E+00
     0.4500   -1.113257E+00  2.396321E+00  3.624741E+00
     0.5000   -1.532691E+00  2.229837E+00  3.899435E+00
     0.5500   -1.804371E+00  2.078871E+00  4.192667E+00
     0.6000   -1.875501E+00  1.929305E+00  4.475667E+00
     0.6500   -1.790394E+00  1.792662E+00  4.762696E+00
     0.7000   -1.561762E+00  1.648075E+00  5.037459E+00
     0.7500   -1.252628E+00  1.513975E+00  5.308764E+00
     0.8000   -8.992401E-01  1.370264E+00  5.567343E+00
     0.8500   -5.530972E-01  1.235700E+00  5.819107E+00
     0.9000   -2.454187E-01  1.095413E+00  6.057225E+00
     0.9500    5.363680E-03  9.689736E-01  6.288721E+00
     1.0000    1.851358E-01  8.413592E-01  6.505045E+00
     1.0500    3.020727E-01  7.271045E-01  6.711618E+00
     1.1000    3.557404E-01  6.163521E-01  6.898445E+00
     1.1500    3.685601E-01  5.201225E-01  7.070701E+00
     1.2000    3.460001E-01  4.314776E-01  7.213647E+00
     1.2500    3.113688E-01  3.592673E-01  7.331688E+00
     1.3000    2.691423E-01  2.983650E-01  7.407697E+00
     1.3500    2.353598E-01  2.551593E-01  7.457443E+00
     1.4000    2.087047E-01  2.248161E-01  7.473095E+00
     1.4500    1.956899E-01  2.085101E-01  7.501489E+00
     1.5000    1.895180E-01  1.995043E-01  7.536244E+00
     1.5500    1.890967E-01  1.943731E-01  7.620446E+00
     1.6000    1.875919E-01  1.892220E-01  7.722626E+00
     1.6500    1.806941E-01  1.807044E-01  7.864642E+00
     1.7000    1.667876E-01  1.688767E-01  8.011440E+00
     1.7500    1.450469E-01  1.525077E-01  8.168066E+00
     1.8000    1.188680E-01  1.329933E-01  8.319054E+00
     1.8500    9.327937E-02  1.128921E-01  8.452325E+00
     1.9000    7.200208E-02  9.159639E-02  8.520337E+00
     1.9500    7.840482E-02  8.864822E-02  8.339466E+00
     2.0000    5.228937E-02  6.416786E-02  8.472249E+00
     2.0500    5.191623E-02  6.137226E-02  8.416484E+00
     2.1000    5.235539E-02  6.111703E-02  8.396054E+00
     2.1500    5.176811E-02  5.982987E-02  8.379119E+00
     2.2000    5.299108E-02  5.895992E-02  8.307835E+00
     2.2500    5.246558E-02  5.838380E-02  8.308135E+00
     2.3000    5.613482E-02  6.240125E-02  8.305974E+00
     2.3500    6.196862E-02  7.031755E-02  8.346239E+00
     2.4000    6.737579E-02  8.062545E-02  8.435437E+00
     2.4500    6.635062E-02  8.638605E-02  8.548955E+00
     2.5000    6.280392E-02  9.266621E-02  8.680089E+00
     2.5500    5.594553E-02  9.906280E-02  8.824650E+00
     2.6000    4.553410E-02  1.053575E-01  8.977862E+00
     2.6500    2.931333E-02  1.097751E-01  9.154467E+00
     2.7000    1.002195E-02  1.137872E-01  9.336587E+00
     2.7500   -1.134765E-02  1.172774E-01  9.521689E+00
     2.8000   -3.354347E-02  1.202356E-01  9.707511E+00
     2.8500   -5.386724E-02  1.203616E-01  9.888796E+00
     2.9000   -7.234478E-02  1.203594E-01  1.006962E+01
     2.9500   -8.836472E-02  1.202885E-01  1.024986E+01
     3.0000   -1.014522E-01  1.202091E-01  1.042941E+01
     3.0500   -1.102599E-01  1.192314E-01  1.060517E+01
     3.1000   -1.157866E-01  1.184675E-01  1.078242E+01
     3.1500   -1.177553E-01  1.178229E-01  1.096169E+01
     3.2000   -1.159225E-01  1.171962E-01  1.114314E+01
     3.2500   -1.098597E-01  1.160605E-01  1.132393E+01
     3.3000   -1.001375E-01  1.148851E-01  1.150785E+01
     3.3500   -8.688385E-02  1.134598E-01  1.169414E+01
     3.4000   -7.070345E-02  1.116849E-01  1.188087E+01
     3.4500   -5.268900E-02  1.095535E-01  1.206464E+01
     3.5000   -3.364267E-02  1.073059E-01  1.224747E+01
     3.5500   -1.439243E-02  1.050110E-01  1.242888E+01
     3.6000    4.345973E-03  1.027455E-01  1.260868E+01
     3.6500    2.158076E-02  1.005896E-01  1.278259E+01
     3.7000    3.740839E-02  9.865254E-02  1.295530E+01
     3.7500    5.160239E-02  9.696683E-02  1.312753E+01
     3.8000    6.397851E-02  9.553518E-02  1.330016E+01
     3.8500    7.439093E-02  9.466392E-02  1.347043E+01
     3.9000    8.276917E-02  9.401250E-02  1.364309E+01
     3.9500    8.880285E-02  9.350260E-02  1.381876E+01
     4.0000    9.214811E-02  9.305058E-02  1.399778E+01
     4.0500    9.283205E-02  9.291146E-02  1.417852E+01
     4.1000    9.033880E-02  9.268914E-02  1.436284E+01
     4.1500    8.454319E-02  9.231393E-02  1.455041E+01
     4.2000    7.552576E-02  9.173423E-02  1.474074E+01
     4.2500    6.380513E-02  9.118357E-02  1.493292E+01
     4.3000    4.961106E-02  9.037583E-02  1.512687E+01
     4.3500    3.361820E-02  8.930476E-02  1.532201E+01
     4.4000    1.662605E-02  8.797660E-02  1.551784E+01
     4.4500   -5.228123E-04  8.661586E-02  1.571400E+01
     4.5000   -1.705758E-02  8.503988E-02  1.590992E+01
     4.5500   -3.222350E-02  8.327966E-02  1.610526E+01
     4.6000   -4.539396E-02  8.136704E-02  1.629981E+01
     4.6500   -5.623921E-02  7.948322E-02  1.649400E+01
     4.7000   -6.432983E-02  7.750545E-02  1.668708E+01
     4.7500   -6.950806E-02  7.545792E-02  1.687899E+01
     4.8000   -7.176208E-02  7.335906E-02  1.706972E+01
     4.8500   -7.130710E-02  7.131926E-02  1.726029E+01
     4.9000   -6.824557E-02  6.925351E-02  1.744958E+01
     4.9500   -6.289387E-02  6.717014E-02  1.763751E+01
     5.0000   -5.564360E-02  6.507752E-02  1.782394E+01
     5.0500   -4.693359E-02  6.304908E-02  1.800992E+01
     5.1000   -3.721396E-02  6.104303E-02  1.819396E+01
     5.1500   -2.695231E-02  5.907950E-02  1.837583E+01
     5.2000   -1.657925E-02  5.718311E-02  1.855540E+01
     5.2500   -6.388029E-03  5.543756E-02  1.873407E+01
     5.3000    3.286687E-03  5.382009E-02  1.891066E+01
     5.3500    1.224302E-02  5.235291E-02  1.908560E+01
     5.4000    2.034733E-02  5.105016E-02  1.925952E+01
     5.4500    2.761283E-02  4.997255E-02  1.943499E+01
     5.5000    3.385510E-02  4.904998E-02  1.961134E+01
     5.5500    3.896773E-02  4.825651E-02  1.978948E+01
     5.6000    4.281665E-02  4.755545E-02  1.997013E+01
     5.6500    4.532170E-02  4.695795E-02  2.015559E+01
     5.7000    4.622488E-02  4.635891E-02  2.034429E+01
     5.7500    4.540975E-02  4.571574E-02  2.053612E+01
     5.8000    4.284348E-02  4.499312E-02  2.073071E+01
     5.8500    3.863595E-02  4.423331E-02  2.092889E+01
     5.9000    3.293003E-02  4.335393E-02  2.112851E+01
     5.9500    2.604488E-02  4.235310E-02  2.132883E+01
     6.0000    1.838297E-02  4.123922E-02  2.152912E+01
     6.0500    1.036940E-02  4.019731E-02  2.173024E+01
     6.1000    2.388711E-03  3.908425E-02  2.192999E+01
     6.1500   -5.173329E-03  3.792582E-02  2.212798E+01
     6.2000   -1.200574E-02  3.674832E-02  2.232396E+01
     6.2500   -1.788420E-02  3.557604E-02  2.251787E+01
     6.3000   -2.266802E-02  3.442909E-02  2.270984E+01
     6.3500   -2.628681E-02  3.332191E-02  2.290012E+01
     6.4000   -2.872286E-02  3.226263E-02  2.308911E+01
     6.4500   -2.999498E-02  3.125316E-02  2.327723E+01
     6.5000   -3.014764E-02  3.029018E-02  2.346489E+01
     6.5500   -2.948305E-02  2.961049E-02  2.365475E+01
     6.6000   -2.780867E-02  2.895960E-02  2.384482E+01
     6.6500   -2.521523E-02  2.832916E-02  2.403522E+01
     6.7000   -2.182305E-02  2.771157E-02  2.422599E+01
     6.7500   -1.778140E-02  2.710081E-02  2.441707E+01
     6.8000   -1.326420E-02  2.649288E-02  2.460837E+01
     6.8500   -8.461864E-03  2.588592E-02  2.479973E+01
     6.9000   -3.570838E-03  2.528000E-02  2.499102E+01
     6.9500    1.217658E-03  2.467678E-02  2.518211E+01
     7.0000    5.727835E-03  2.407893E-02  2.537292E+01
     7.0500    9.925472E-03  2.362986E-02  2.556623E+01
     7.1000    1.359369E-02  2.318476E-02  2.575925E+01
     7.1500    1.661870E-02  2.274703E-02  2.595192E+01
     7.2000    1.892012E-02  2.232072E-02  2.614428E+01
     7.2500    2.044966E-02  2.190935E-02  2.633645E+01
     7.3000    2.118654E-02  2.151470E-02  2.652866E+01
     7.3500    2.113281E-02  2.113610E-02  2.672118E+01
     7.4000    2.031086E-02  2.077039E-02  2.691428E+01
     7.4500    1.876441E-02  2.041264E-02  2.710815E+01
     7.5000    1.656131E-02  2.005720E-02  2.730288E+01
     7.5500    1.381291E-02  1.974363E-02  2.749948E+01
     7.6000    1.061198E-02  1.942955E-02  2.769654E+01
     7.6500    7.094437E-03  1.911283E-02  2.789405E+01
     7.7000    3.408592E-03  1.879181E-02  2.809194E+01
     7.7500   -2.916828E-04  1.846557E-02  2.829013E+01
     7.8000   -3.854696E-03  1.813387E-02  2.848854E+01
     7.8500   -7.138786E-03  1.779717E-02  2.868707E+01
     7.9000   -1.001934E-02  1.745645E-02  2.888567E+01
     7.9500   -1.239426E-02  1.711299E-02  2.908429E+01
     8.0000   -1.418739E-02  1.676814E-02  2.928294E+01
     8.0500   -1.540117E-02  1.647610E-02  2.948191E+01
     8.1000   -1.597176E-02  1.618910E-02  2.968108E+01
     8.1500   -1.589698E-02  1.590698E-02  2.988060E+01
     8.2000   -1.519767E-02  1.562893E-02  3.008059E+01
     8.2500   -1.391659E-02  1.535355E-02  3.028122E+01
     8.3000   -1.211723E-02  1.507886E-02  3.048262E+01
     8.3500   -9.882574E-03  1.480241E-02  3.068490E+01
     8.4000   -7.313301E-03  1.452141E-02  3.088814E+01
     8.4500   -4.525171E-03  1.423290E-02  3.109237E+01
     8.5000   -1.645098E-03  1.393397E-02  3.129759E+01
     8.5500    1.218428E-03  1.370081E-02  3.150498E+01
     8.6000    3.941665E-03  1.345243E-02  3.171330E+01
     8.6500    6.396432E-03  1.318671E-02  3.192237E+01
     8.7000    8.468870E-03  1.290231E-02  3.213194E+01
     8.7500    1.006789E-02  1.259884E-02  3.234174E+01
     8.8000    1.113221E-02  1.227693E-02  3.255146E+01
     8.8500    1.163479E-02  1.193829E-02  3.276075E+01
     8.9000    1.158388E-02  1.158564E-02  3.296930E+01
     8.9500    1.102038E-02  1.122251E-02  3.317680E+01
     9.0000    1.001184E-02  1.085297E-02  3.338302E+01
     9.0500    8.698912E-03  1.056050E-02  3.358958E+01
     9.1000    7.094650E-03  1.026766E-02  3.379469E+01
     9.1500    5.293481E-03  9.977948E-03  3.399831E+01
     9.2000    3.388343E-03  9.694539E-03  3.420047E+01
     9.2500    1.465639E-03  9.420034E-03  3.440130E+01
     9.3000   -3.978271E-04  9.156286E-03  3.460098E+01
     9.3500   -2.136073E-03  8.904297E-03  3.479977E+01
     9.4000   -3.693854E-03  8.664201E-03  3.499796E+01
     9.4500   -5.025986E-03  8.435343E-03  3.519581E+01
     9.5000   -6.096745E-03  8.216450E-03  3.539359E+01
     9.5500   -6.932420E-03  8.057238E-03  3.559357E+01
     9.6000   -7.465569E-03  7.903560E-03  3.579384E+01
     9.6500   -7.684477E-03  7.753832E-03  3.599446E+01
     9.7000   -7.589582E-03  7.606705E-03  3.619543E+01
     9.7500   -7.194094E-03  7.461155E-03  3.639668E+01
     9.8000   -6.523752E-03  7.316519E-03  3.659814E+01
     9.8500   -5.615625E-03  7.172485E-03  3.679973E+01
     9.9000   -4.516046E-03  7.029039E-03  3.700138E+01
     9.9500   -3.277934E-03  6.886379E-03  3.720301E+01
    10.0000   -1.957858E-03  6.744819E-03  3.740460E+01
    10.0500   -6.049049E-04  6.632897E-03  3.760779E+01
    10.1000    7.279861E-04  6.521675E-03  3.781097E+01
    10.1500    1.986591E-03  6.411338E-03  3.801415E+01
    10.2000    3.121715E-03  6.302007E-03  3.821735E+01
    10.2500    4.090933E-03  6.193736E-03  3.842059E+01
    10.3000    4.860015E-03  6.086534E-03  3.862389E+01
    10.3500    5.404032E-03  5.980388E-03  3.882727E+01
    10.4000    5.708080E-03  5.875285E-03  3.903076E+01
    10.4500    5.767571E-03  5.771210E-03  3.923439E+01
    10.5000    5.588067E-03  5.668141E-03  3.943820E+01
    10.5500    5.184687E-03  5.566024E-03  3.964222E+01
    10.6000    4.581163E-03  5.464746E-03  3.984652E+01
    10.6500    3.808655E-03  5.364112E-03  4.005117E+01
    10.7000    2.904406E-03  5.263835E-03  4.025622E+01
    10.7500    1.910269E-03  5.163537E-03  4.046175E+01
    10.8000    8.711117E-04  5.062771E-03  4.066778E+01
    10.8500   -1.669461E-04  4.961047E-03  4.087436E+01
    10.9000   -1.158455E-03  4.857872E-03  4.108149E+01
    10.9500   -2.060691E-03  4.752781E-03  4.128916E+01
    11.0000   -2.835740E-03  4.645374E-03  4.149733E+01
    11.0500   -3.486109E-03  4.576536E-03  4.170669E+01
    11.1000   -3.964860E-03  4.505924E-03  4.191640E+01
    11.1500   -4.254454E-03  4.433410E-03  4.212640E+01
    11.2000   -4.346704E-03  4.358910E-03  4.233665E+01
    11.2500   -4.243083E-03  4.282380E-03  4.254708E+01
    11.3000   -3.954488E-03  4.203809E-03  4.275763E+01
    11.3500   -3.500509E-03  4.123214E-03  4.296825E+01
    11.4000   -2.908228E-03  4.040651E-03  4.317887E+01
    11.4500   -2.210621E-03  3.956219E-03  4.338939E+01
    11.5000   -1.444631E-03  3.870077E-03  4.359975E+01
    11.5500   -6.490332E-04  3.782450E-03  4.380985E+01
    11.6000    1.377751E-04  3.693638E-03  4.401961E+01
    11.6500    8.798903E-04  3.604011E-03  4.422893E+01
    11.7000    1.545746E-03  3.513998E-03  4.443776E+01
    11.7500    2.109527E-03  3.424060E-03  4.464607E+01
    11.8000    2.552062E-03  3.334657E-03  4.485383E+01
    11.8500    2.861154E-03  3.246207E-03  4.506108E+01
    11.9000    3.031436E-03  3.159043E-03  4.526789E+01
    11.9500    3.063865E-03  3.073383E-03  4.547437E+01
    12.0000    2.965025E-03  2.989306E-03  4.568064E+01
    12.0500    2.774636E-03  2.941129E-03  4.589118E+01
    12.1000    2.468826E-03  2.893693E-03  4.610185E+01
    12.1500    2.064209E-03  2.846805E-03  4.631271E+01
    12.2000    1.581264E-03  2.800228E-03  4.652383E+01
    12.2500    1.043523E-03  2.753703E-03  4.673523E+01
    12.3000    4.765986E-04  2.706964E-03  4.694690E+01
    12.3500   -9.293754E-05  2.659765E-03  4.715884E+01
    12.4000   -6.388235E-04  2.611899E-03  4.737098E+01
    12.4500   -1.136448E-03  2.563221E-03  4.758324E+01
    12.5000   -1.564174E-03  2.513662E-03  4.779553E+01
    12.5500   -1.904517E-03  2.463241E-03  4.800772E+01
    12.6000   -2.145058E-03  2.412065E-03  4.821971E+01
    12.6500   -2.278975E-03  2.360324E-03  4.843138E+01
    12.7000   -2.305142E-03  2.308267E-03  4.864265E+01
    12.7500   -2.227809E-03  2.256183E-03  4.885345E+01
    12.8000   -2.055925E-03  2.204366E-03  4.906376E+01
    12.8500   -1.802241E-03  2.153085E-03  4.927361E+01
    12.9000   -1.482314E-03  2.102554E-03  4.948305E+01
    12.9500   -1.113543E-03  2.052911E-03  4.969217E+01
    13.0000   -7.143105E-04  2.004206E-03  4.990106E+01
    13.0500   -3.065636E-04  1.967970E-03  5.010907E+01
    13.1000    9.921338E-05  1.932689E-03  5.031684E+01
    13.1500    4.862163E-04  1.898364E-03  5.052449E+01
    13.2000    8.390315E-04  1.864924E-03  5.073214E+01
    13.2500    1.144079E-03  1.832252E-03  5.093986E+01
    13.3000    1.390056E-03  1.800210E-03  5.114772E+01
    13.3500    1.568370E-03  1.768672E-03  5.135575E+01
    13.4000    1.673511E-03  1.737543E-03  5.156395E+01
    13.4500    1.703286E-03  1.706774E-03  5.177233E+01
    13.5000    1.658855E-03  1.676356E-03  5.198090E+01
    13.5500    1.544551E-03  1.646299E-03  5.218969E+01
    13.6000    1.367538E-03  1.616613E-03  5.239877E+01
    13.6500    1.137353E-03  1.587267E-03  5.260823E+01
    13.7000    8.654519E-04  1.558175E-03  5.281820E+01
    13.7500    5.647714E-04  1.529175E-03  5.302879E+01
    13.8000    2.493113E-04  1.500037E-03  5.324010E+01
    13.8500   -6.631643E-05  1.470485E-03  5.345219E+01
    13.9000   -3.674489E-04  1.440226E-03  5.366506E+01
    13.9500   -6.400785E-04  1.408989E-03  5.387864E+01
    14.0000   -8.716839E-04  1.376564E-03  5.409280E+01
    14.0500   -1.063947E-03  1.356145E-03  5.430903E+01
    14.1000   -1.199988E-03  1.334427E-03  5.452513E+01
    14.1500   -1.274905E-03  1.311565E-03  5.474088E+01
    14.2000   -1.287486E-03  1.287792E-03  5.495606E+01
    14.2500   -1.240024E-03  1.263394E-03  5.517051E+01
    14.3000   -1.137842E-03  1.238670E-03  5.538414E+01
    14.3500   -9.886282E-04  1.213901E-03  5.559693E+01
    14.4000   -8.017393E-04  1.189326E-03  5.580891E+01
    14.4500   -5.875506E-04  1.165125E-03  5.602012E+01
    14.5000   -3.569028E-04  1.141423E-03  5.623065E+01
    14.5500   -1.206350E-04  1.118302E-03  5.644058E+01
    14.6000    1.108310E-04  1.095821E-03  5.664998E+01
    14.6500    3.278811E-04  1.074036E-03  5.685890E+01
    14.7000    5.220662E-04  1.053018E-03  5.706740E+01
    14.7500    6.863926E-04  1.032853E-03  5.727557E+01
    14.8000    8.154949E-04  1.013635E-03  5.748354E+01
    14.8500    9.056669E-04  9.954372E-04  5.769151E+01
    14.9000    9.547681E-04  9.782861E-04  5.789975E+01
    14.9500    9.620729E-04  9.621299E-04  5.810858E+01
    15.0000    9.281537E-04  9.468177E-04  5.831835E+01
    15.0500    8.610558E-04  9.379723E-04  5.852726E+01
    15.1000    7.570984E-04  9.290490E-04  5.873767E+01
    15.1500    6.205935E-04  9.197060E-04  5.894960E+01
    15.2000    4.577078E-04  9.096112E-04  5.916297E+01
    15.2500    2.763422E-04  8.984640E-04  5.937762E+01
    15.3000    8.578428E-05  8.860194E-04  5.959329E+01
    15.3500   -1.038708E-04  8.721077E-04  5.980965E+01
    15.4000   -2.824831E-04  8.566500E-04  6.002630E+01
    15.4500   -4.407156E-04  8.396670E-04  6.024282E+01
    15.5000   -5.708335E-04  8.212793E-04  6.045876E+01
    15.5500   -6.673251E-04  8.017007E-04  6.067366E+01
    15.6000   -7.272420E-04  7.812233E-04  6.088713E+01
    15.6500   -7.502161E-04  7.601973E-04  6.109883E+01
    15.7000   -7.381757E-04  7.390072E-04  6.130850E+01
    15.7500   -6.948394E-04  7.180453E-04  6.151598E+01
    15.8000   -6.250980E-04  6.976865E-04  6.172127E+01
    15.8500   -5.344033E-04  6.782646E-04  6.192447E+01
    15.9000   -4.282566E-04  6.600526E-04  6.212582E+01
    15.9500   -3.118584E-04  6.432476E-04  6.232570E+01
    16.0000   -1.899352E-04  6.279614E-04  6.252458E+01
    16.0500   -6.949924E-05  6.176343E-04  6.271909E+01
    16.1000    5.005667E-05  6.089127E-04  6.291415E+01
    16.1500    1.654124E-04  6.015812E-04  6.311040E+01
    16.2000    2.730875E-04  5.953549E-04  6.330838E+01
    16.2500    3.693843E-04  5.899036E-04  6.350849E+01
    16.3000    4.504720E-04  5.848750E-04  6.371101E+01
    16.3500    5.126071E-04  5.799151E-04  6.391606E+01
    16.4000    5.524638E-04  5.746854E-04  6.412365E+01
    16.4500    5.675232E-04  5.688762E-04  6.433367E+01
    16.5000    5.564597E-04  5.622176E-04  6.454589E+01
    16.5500    5.194543E-04  5.544877E-04  6.476002E+01
    16.6000    4.583742E-04  5.455194E-04  6.497570E+01
    16.6500    3.767691E-04  5.352055E-04  6.519247E+01
    16.7000    2.796636E-04  5.235023E-04  6.540987E+01
    16.7500    1.731564E-04  5.104322E-04  6.562734E+01
    16.8000    6.386940E-05  4.960835E-04  6.584434E+01
    16.8500   -4.167782E-05  4.806086E-04  6.606027E+01
    16.9000   -1.376782E-04  4.642193E-04  6.627456E+01
    16.9500   -2.195399E-04  4.471795E-04  6.648662E+01
    17.0000   -2.842066E-04  4.297936E-04  6.669595E+01
    17.0500   -3.333159E-04  4.153420E-04  6.690493E+01
    17.1000   -3.641213E-04  4.012723E-04  6.711054E+01
    17.1500   -3.775585E-04  3.879015E-04  6.731280E+01
    17.2000   -3.753103E-04  3.755059E-04  6.751197E+01
    17.2500   -3.593902E-04  3.642979E-04  6.770857E+01
    17.3000   -3.318012E-04  3.544083E-04  6.790335E+01
    17.3500   -2.943299E-04  3.458744E-04  6.809720E+01
    17.4000   -2.484963E-04  3.386390E-04  6.829113E+01
    17.4500   -1.956437E-04  3.325586E-04  6.848609E+01
    17.5000   -1.371201E-04  3.274209E-04  6.868293E+01
    17.5500   -7.448532E-05  3.229684E-04  6.888232E+01
    17.6000   -9.677874E-06  3.189225E-04  6.908469E+01
    17.6500    5.491221E-05  3.150068E-04  6.929025E+01
    17.7000    1.164919E-04  3.109653E-04  6.949902E+01
    17.7500    1.720356E-04  3.065760E-04  6.971081E+01
    17.8000    2.185511E-04  3.016585E-04  6.992534E+01
    17.8500    2.533962E-04  2.960780E-04  7.014222E+01
    17.9000    2.745907E-04  2.897460E-04  7.036097E+01
    17.9500    2.810702E-04  2.826184E-04  7.058111E+01
    18.0000    2.728383E-04  2.746932E-04  7.080211E+01
    18.0500    2.543082E-04  2.694291E-04  7.102245E+01
    18.1000    2.236113E-04  2.633886E-04  7.124258E+01
    18.1500    1.831651E-04  2.566503E-04  7.146190E+01
    18.2000    1.359720E-04  2.493243E-04  7.167981E+01
    18.2500    8.528888E-05  2.415475E-04  7.189576E+01
    18.3000    3.428900E-05  2.334786E-04  7.210924E+01
    18.3500   -1.423178E-05  2.252904E-04  7.231984E+01
    18.4000   -5.806341E-05  2.171615E-04  7.252730E+01
    18.4500   -9.567938E-05  2.092663E-04  7.273149E+01
    18.5000   -1.262216E-04  2.017631E-04  7.293252E+01
    18.5500   -1.493918E-04  1.947829E-04  7.313073E+01
    18.6000   -1.652855E-04  1.884181E-04  7.332669E+01
    18.6500   -1.742129E-04  1.827152E-04  7.352117E+01
    18.7000   -1.765501E-04  1.776702E-04  7.371508E+01
    18.7500   -1.726495E-04  1.732310E-04  7.390939E+01
    18.8000   -1.628239E-04  1.693037E-04  7.410499E+01
    18.8500   -1.473967E-04  1.657642E-04  7.430264E+01
    18.9000   -1.267951E-04  1.624714E-04  7.450289E+01
    18.9500   -1.016528E-04  1.592813E-04  7.470607E+01
    19.0000   -7.288900E-05  1.560585E-04  7.491226E+01
    19.0500   -4.263068E-05  1.545546E-04  7.511877E+01
    19.1000   -1.071271E-05  1.528932E-04  7.532810E+01
    19.1500    2.132832E-05  1.509879E-04  7.553996E+01
    19.2000    5.181430E-05  1.487735E-04  7.575396E+01
    19.2500    7.907289E-05  1.462069E-04  7.596965E+01
    19.3000    1.015999E-04  1.432669E-04  7.618654E+01
    19.3500    1.182100E-04  1.399527E-04  7.640412E+01
    19.4000    1.281530E-04  1.362821E-04  7.662188E+01
    19.4500    1.311775E-04  1.322885E-04  7.683933E+01
    19.5000    1.275349E-04  1.280186E-04  7.705598E+01
    19.5500    1.179250E-04  1.235292E-04  7.727139E+01
    19.6000    1.033959E-04  1.188840E-04  7.748518E+01
    19.6500    8.521399E-05  1.141506E-04  7.769702E+01
    19.7000    6.472734E-05  1.093964E-04  7.790668E+01
    19.7500    4.324042E-05  1.046854E-04  7.811401E+01
    19.8000    2.191754E-05  1.000745E-04  7.831901E+01
    19.8500    1.723213E-06  9.561043E-05  7.852179E+01
    19.9000   -1.659938E-05  9.132668E-05  7.872259E+01
    19.9500   -3.251791E-05  8.724215E-05  7.892177E+01
    20.0000   -4.568001E-05  8.336041E-05  7.911977E+01
