id,cluster,cluster_color,has_stats,xyz_path,resolution_A,family,volume_A3,q_tetra_coord,q_tetra_ca,cys_dihedral_mean_deg,cys_dihedral_1_deg,cys_dihedral_2_deg,cys_dihedral_3_deg,cys_dihedral_4_deg,r_work,r_free,zn_bfactor,coord_cys_1_bfactor_avg,coord_cys_2_bfactor_avg,coord_cys_3_bfactor_avg,coord_cys_4_bfactor_avg,coord_his_1_bfactor_avg,coord_his_2_bfactor_avg,coord_his_3_bfactor_avg,coord_his_4_bfactor_avg,all_coord_res_bfactor_avg
1a1g_cluster2_Zn,0,#1f77b4,1,/Users/stetef/Documents/SLAC/zn-cys-his/clustering-zinc-fingers/cluster-output/2cys2his-large/prep/annotated_xyz/1a1g_cluster2_Zn.xyz,1.90,Cx2Cx12Hx3H-LLHH,42.4307,0.9418,0.5919,46.26,13.47,96.30,106.34,-31.08,0.215,0.275,28.930,27.577,29.180,,,18.919,26.177,,,25.4633
1a1h_cluster1_Zn,14,#7f7f7f,1,/Users/stetef/Documents/SLAC/zn-cys-his/clustering-zinc-fingers/cluster-output/2cys2his-large/prep/annotated_xyz/1a1h_cluster1_Zn.xyz,1.60,Cx4Cx12Hx3H-LLHH,61.2895,0.8099,0.6540,26.20,9.70,-5.55,141.70,-41.04,0.235,0.277,52.780,61.883,68.887,,,39.840,29.073,,,49.9208
1a1h_cluster2_Zn,0,#1f77b4,1,/Users/stetef/Documents/SLAC/zn-cys-his/clustering-zinc-fingers/cluster-output/2cys2his-large/prep/annotated_xyz/1a1h_cluster2_Zn.xyz,1.60,Cx2Cx12Hx3H-LLHH,42.2863,0.9799,0.5741,40.04,12.51,97.58,100.45,-50.39,0.235,0.277,27.060,23.970,28.003,,,19.769,22.973,,,23.6787
1a1i_cluster1_Zn,0,#1f77b4,1,/Users/stetef/Documents/SLAC/zn-cys-his/clustering-zinc-fingers/cluster-output/2cys2his-large/prep/annotated_xyz/1a1i_cluster1_Zn.xyz,1.60,Cx4Cx12Hx3H-LLHH,54.2190,0.9836,0.6511,15.12,-6.08,11.24,101.15,-45.85,0.191,0.216,15.850,14.467,20.350,,,12.344,14.659,,,15.4550
1a1i_cluster2_Zn,0,#1f77b4,1,/Users/stetef/Documents/SLAC/zn-cys-his/clustering-zinc-fingers/cluster-output/2cys2his-large/prep/annotated_xyz/1a1i_cluster2_Zn.xyz,1.60,Cx2Cx12Hx3H-LLHH,41.7119,0.9825,0.5775,41.33,12.04,91.37,107.69,-45.77,0.191,0.216,12.180,9.927,11.290,,,8.676,11.147,,,10.2600
1a1j_cluster2_Zn,0,#1f77b4,1,/Users/stetef/Documents/SLAC/zn-cys-his/clustering-zinc-fingers/cluster-output/2cys2his-large/prep/annotated_xyz/1a1j_cluster2_Zn.xyz,2.00,Cx2Cx12Hx3H-LLHH,41.0781,0.9111,0.5611,43.18,14.94,91.86,95.72,-29.81,0.210,0.262,35.510,30.983,30.210,,,25.934,27.993,,,28.7800
1a1k_cluster2_Zn,0,#1f77b4,1,/Users/stetef/Documents/SLAC/zn-cys-his/clustering-zinc-fingers/cluster-output/2cys2his-large/prep/annotated_xyz/1a1k_cluster2_Zn.xyz,1.90,Cx2Cx12Hx3H-LLHH,40.7467,0.9748,0.5781,44.58,14.51,95.84,108.87,-40.91,0.210,0.259,26.470,23.803,27.707,,,18.403,22.434,,,23.0868
1aay_cluster2_Zn,0,#1f77b4,1,/Users/stetef/Documents/SLAC/zn-cys-his/clustering-zinc-fingers/cluster-output/2cys2his-large/prep/annotated_xyz/1aay_cluster2_Zn.xyz,1.60,Cx2Cx12Hx3H-LLHH,40.4945,0.9702,0.5765,38.38,7.52,92.75,93.00,-39.75,0.195,0.242,23.910,23.637,26.577,,,18.219,22.727,,,22.7900
1aay_cluster3_Zn,0,#1f77b4,1,/Users/stetef/Documents/SLAC/zn-cys-his/clustering-zinc-fingers/cluster-output/2cys2his-large/prep/annotated_xyz/1aay_cluster3_Zn.xyz,1.60,Cx2Cx12Hx3H-LLHH,38.3997,0.9778,0.5647,42.98,5.97,96.90,128.10,-59.06,0.195,0.242,19.720,17.813,20.873,,,17.501,21.727,,,19.4785
1clc_cluster1_Zn,11,#c49c94,1,/Users/stetef/Documents/SLAC/zn-cys-his/clustering-zinc-fingers/cluster-output/2cys2his-large/prep/annotated_xyz/1clc_cluster1_Zn.xyz,1.90,Cx17Cx0Hx22H-LLLL,19.6695,0.9533,0.2502,-29.25,-127.70,-83.56,-72.69,166.96,0.204,,28.380,27.147,27.010,,,35.854,20.760,,,27.6928
1eh6_cluster1_Zn,15,#c7c7c7,1,/Users/stetef/Documents/SLAC/zn-cys-his/clustering-zinc-fingers/cluster-output/2cys2his-large/prep/annotated_xyz/1eh6_cluster1_Zn.xyz,2.00,Cx18Cx4Hx55H-LSSL,33.0542,0.9375,0.2943,-29.80,-114.76,56.95,-122.37,60.98,0.197,0.218,41.870,58.837,35.760,,,34.889,37.977,,,41.8657
1eh7_cluster1_Zn,15,#c7c7c7,1,/Users/stetef/Documents/SLAC/zn-cys-his/clustering-zinc-fingers/cluster-output/2cys2his-large/prep/annotated_xyz/1eh7_cluster1_Zn.xyz,2.00,Cx18Cx4Hx55H-LSSL,36.2653,0.9562,0.3327,-25.52,-106.78,52.45,-116.14,68.41,0.199,0.229,35.340,44.950,32.243,,,32.113,32.946,,,35.5630
1g2f_cluster2_Zn,0,#1f77b4,1,/Users/stetef/Documents/SLAC/zn-cys-his/clustering-zinc-fingers/cluster-output/2cys2his-large/prep/annotated_xyz/1g2f_cluster2_Zn.xyz,2.00,Cx2Cx12Hx3H-LLHH,43.3028,0.9544,0.5776,45.05,14.62,103.05,118.72,-56.20,0.233,0.263,45.530,37.680,42.760,,,37.547,44.804,,,40.6977
1g2f_cluster3_Zn,0,#1f77b4,1,/Users/stetef/Documents/SLAC/zn-cys-his/clustering-zinc-fingers/cluster-output/2cys2his-large/prep/annotated_xyz/1g2f_cluster3_Zn.xyz,2.00,Cx2Cx12Hx3H-LLHH,38.6399,0.9768,0.5745,45.06,11.73,96.18,111.72,-39.38,0.233,0.263,47.920,46.050,45.123,,,36.853,47.111,,,43.7842
1g2f_cluster4_Zn,14,#7f7f7f,1,/Users/stetef/Documents/SLAC/zn-cys-his/clustering-zinc-fingers/cluster-output/2cys2his-large/prep/annotated_xyz/1g2f_cluster4_Zn.xyz,2.00,Cx4Cx12Hx3H-LLHH,56.5566,0.9700,0.6514,15.21,-12.90,2.12,132.62,-61.01,0.233,0.263,53.590,48.580,68.237,,,48.326,40.047,,,51.2975
1g2f_cluster5_Zn,0,#1f77b4,1,/Users/stetef/Documents/SLAC/zn-cys-his/clustering-zinc-fingers/cluster-output/2cys2his-large/prep/annotated_xyz/1g2f_cluster5_Zn.xyz,2.00,Cx2Cx12Hx3H-LLHH,43.9033,0.9778,0.5642,37.86,9.53,95.25,104.98,-58.31,0.233,0.263,34.060,32.940,39.307,,,30.650,33.756,,,34.1632
1g2f_cluster6_Zn,0,#1f77b4,1,/Users/stetef/Documents/SLAC/zn-cys-his/clustering-zinc-fingers/cluster-output/2cys2his-large/prep/annotated_xyz/1g2f_cluster6_Zn.xyz,2.00,Cx2Cx12Hx3H-LLHH,39.5451,0.9879,0.5836,42.97,13.96,96.64,110.06,-48.75,0.233,0.263,28.920,30.893,32.853,,,27.817,39.634,,,32.7993
1gup_cluster3_Zn,9,#c5b0d5,1,/Users/stetef/Documents/SLAC/zn-cys-his/clustering-zinc-fingers/cluster-output/2cys2his-large/prep/annotated_xyz/1gup_cluster3_Zn.xyz,1.80,Cx2Cx59Hx48H-LLLL,25.5190,0.9271,0.6225,-70.82,19.21,-123.07,-95.87,-83.54,0.191,,25.260,24.650,17.947,,,22.186,26.477,,,22.8150
1guq_cluster2_Zn,9,#c5b0d5,1,/Users/stetef/Documents/SLAC/zn-cys-his/clustering-zinc-fingers/cluster-output/2cys2his-large/prep/annotated_xyz/1guq_cluster2_Zn.xyz,1.80,Cx2Cx59Hx48H-LLLL,24.8219,0.9772,0.5912,-67.24,28.69,-119.68,-87.93,-90.05,0.174,,22.030,17.037,18.950,,,21.549,19.900,,,19.3590
1guq_cluster3_Zn,9,#c5b0d5,1,/Users/stetef/Documents/SLAC/zn-cys-his/clustering-zinc-fingers/cluster-output/2cys2his-large/prep/annotated_xyz/1guq_cluster3_Zn.xyz,1.80,Cx2Cx59Hx48H-LLLL,25.5675,0.9337,0.6513,-71.02,16.37,-121.50,-99.96,-78.97,0.174,,21.000,17.433,15.683,,,25.061,23.124,,,20.3253
1ia6_cluster1_Zn,11,#c49c94,1,/Users/stetef/Documents/SLAC/zn-cys-his/clustering-zinc-fingers/cluster-output/2cys2his-large/prep/annotated_xyz/1ia6_cluster1_Zn.xyz,1.80,Cx15Cx0Hx15H-LLLL,19.6925,0.9854,0.2636,-26.63,-119.36,-78.23,-81.66,172.72,0.158,0.189,13.000,9.340,10.350,,,12.160,7.023,,,9.7183
1ia7_cluster1_Zn,11,#c49c94,1,/Users/stetef/Documents/SLAC/zn-cys-his/clustering-zinc-fingers/cluster-output/2cys2his-large/prep/annotated_xyz/1ia7_cluster1_Zn.xyz,2.00,Cx15Cx0Hx15H-LLLL,19.5961,0.9822,0.2679,-30.24,-118.91,-81.39,-82.66,162.01,0.168,0.220,10.650,8.320,9.797,,,7.736,5.409,,,7.8155
1ia9_cluster1_Zn,17,#dbdb8d,1,/Users/stetef/Documents/SLAC/zn-cys-his/clustering-zinc-fingers/cluster-output/2cys2his-large/prep/annotated_xyz/1ia9_cluster1_Zn.xyz,2.00,Hx56Hx1Cx3C-HHLH,6.1501,0.9674,0.5101,57.48,138.80,37.85,-14.90,68.16,0.240,0.294,37.350,42.750,44.283,,,38.121,34.734,,,39.9720
1ia9_cluster2_Zn,17,#dbdb8d,1,/Users/stetef/Documents/SLAC/zn-cys-his/clustering-zinc-fingers/cluster-output/2cys2his-large/prep/annotated_xyz/1ia9_cluster2_Zn.xyz,2.00,Hx56Hx1Cx3C-HHLH,6.5213,0.9699,0.5048,58.54,129.75,38.83,-13.99,79.58,0.240,0.294,40.030,43.323,48.343,,,41.914,36.014,,,42.3985
1jk1_cluster2_Zn,0,#1f77b4,1,/Users/stetef/Documents/SLAC/zn-cys-his/clustering-zinc-fingers/cluster-output/2cys2his-large/prep/annotated_xyz/1jk1_cluster2_Zn.xyz,1.90,Cx2Cx12Hx3H-LLHH,42.8214,0.9811,0.5855,41.48,14.22,92.81,112.08,-53.21,0.214,0.266,23.410,20.210,25.763,,,11.720,17.276,,,18.7422
1jk1_cluster3_Zn,0,#1f77b4,1,/Users/stetef/Documents/SLAC/zn-cys-his/clustering-zinc-fingers/cluster-output/2cys2his-large/prep/annotated_xyz/1jk1_cluster3_Zn.xyz,1.90,Cx2Cx12Hx3H-LLHH,36.6529,0.9634,0.5649,41.13,11.29,96.68,106.33,-49.79,0.214,0.266,19.190,14.533,16.560,,,13.746,18.070,,,15.7272
1jk2_cluster2_Zn,0,#1f77b4,1,/Users/stetef/Documents/SLAC/zn-cys-his/clustering-zinc-fingers/cluster-output/2cys2his-large/prep/annotated_xyz/1jk2_cluster2_Zn.xyz,1.65,Cx2Cx12Hx3H-LLHH,43.0305,0.9813,0.5821,41.42,15.23,90.29,111.25,-51.11,0.230,0.273,22.910,20.423,23.503,,,15.621,17.117,,,19.1660
1jk2_cluster3_Zn,0,#1f77b4,1,/Users/stetef/Documents/SLAC/zn-cys-his/clustering-zinc-fingers/cluster-output/2cys2his-large/prep/annotated_xyz/1jk2_cluster3_Zn.xyz,1.65,Cx2Cx12Hx3H-LLHH,38.0548,0.9772,0.5687,43.32,11.35,95.33,115.28,-48.69,0.230,0.273,18.460,15.513,16.767,,,15.227,19.369,,,16.7190
1llm_cluster1_Zn,0,#1f77b4,1,/Users/stetef/Documents/SLAC/zn-cys-his/clustering-zinc-fingers/cluster-output/2cys2his-large/prep/annotated_xyz/1llm_cluster1_Zn.xyz,1.50,Cx2Cx12Hx3H-LLHH,44.2049,0.9709,0.5879,39.81,15.44,94.73,98.41,-49.33,0.216,0.234,20.050,14.683,16.557,,,14.354,18.307,,,15.9752
1llm_cluster2_Zn,0,#1f77b4,1,/Users/stetef/Documents/SLAC/zn-cys-his/clustering-zinc-fingers/cluster-output/2cys2his-large/prep/annotated_xyz/1llm_cluster2_Zn.xyz,1.50,Cx2Cx12Hx4H-LLHH,43.6655,0.9691,0.5736,36.33,13.91,91.65,98.74,-58.97,0.216,0.234,21.260,18.410,19.677,,,14.781,14.946,,,16.9535
1llm_cluster3_Zn,0,#1f77b4,1,/Users/stetef/Documents/SLAC/zn-cys-his/clustering-zinc-fingers/cluster-output/2cys2his-large/prep/annotated_xyz/1llm_cluster3_Zn.xyz,1.50,Cx2Cx12Hx3H-LLHH,41.2199,0.9874,0.5665,38.12,11.59,94.17,104.52,-57.82,0.216,0.234,18.330,15.227,16.663,,,15.371,16.566,,,15.9567
1llm_cluster4_Zn,0,#1f77b4,1,/Users/stetef/Documents/SLAC/zn-cys-his/clustering-zinc-fingers/cluster-output/2cys2his-large/prep/annotated_xyz/1llm_cluster4_Zn.xyz,1.50,Cx2Cx12Hx4H-LLHH,45.2957,0.9706,0.5955,39.11,13.54,95.33,102.57,-55.02,0.216,0.234,23.970,19.660,22.723,,,15.807,18.257,,,19.1118
1pi1_cluster1_Zn,24,#2ca02c,1,/Users/stetef/Documents/SLAC/zn-cys-his/clustering-zinc-fingers/cluster-output/2cys2his-large/prep/annotated_xyz/1pi1_cluster1_Zn.xyz,2.00,Cx4Cx76Hx4H-HLHH,51.5848,0.9823,0.6498,-25.98,-108.85,-9.79,93.00,-78.28,0.205,0.242,29.940,32.077,32.580,,,27.257,29.417,,,30.3328
1rni_cluster1_Zn,4,#2ca02c,1,/Users/stetef/Documents/SLAC/zn-cys-his/clustering-zinc-fingers/cluster-output/2cys2his-large/prep/annotated_xyz/1rni_cluster1_Zn.xyz,1.85,Hx46Hx2Cx4C-LLHL,20.8213,0.9839,0.3753,37.11,-10.12,-63.87,122.07,100.36,0.243,0.261,40.330,46.187,41.617,,,42.413,35.439,,,41.4140
1ro0_cluster1_Zn,4,#2ca02c,1,/Users/stetef/Documents/SLAC/zn-cys-his/clustering-zinc-fingers/cluster-output/2cys2his-large/prep/annotated_xyz/1ro0_cluster1_Zn.xyz,1.80,Hx46Hx2Cx4C-LLHL,17.2644,0.8748,0.3989,40.17,0.06,-64.44,126.00,99.06,0.232,0.243,66.910,55.470,44.410,,,33.247,26.750,,,39.9693
1svl_cluster2_Zn,1,#aec7e8,1,/Users/stetef/Documents/SLAC/zn-cys-his/clustering-zinc-fingers/cluster-output/2cys2his-large/prep/annotated_xyz/1svl_cluster2_Zn.xyz,1.95,Cx2Cx7Hx3H-HHHH,28.9847,0.9739,0.4137,9.75,20.55,-102.55,137.21,-16.20,0.236,0.264,36.110,47.573,40.277,,,36.253,32.054,,,39.0392
1svm_cluster2_Zn,1,#aec7e8,1,/Users/stetef/Documents/SLAC/zn-cys-his/clustering-zinc-fingers/cluster-output/2cys2his-large/prep/annotated_xyz/1svm_cluster2_Zn.xyz,1.94,Cx2Cx7Hx3H-HHHH,26.3288,0.9678,0.3612,9.88,18.49,-97.51,126.87,-8.32,0.218,0.241,23.950,24.087,27.370,,,23.294,19.529,,,23.5700
1svm_cluster5_Zn,1,#aec7e8,1,/Users/stetef/Documents/SLAC/zn-cys-his/clustering-zinc-fingers/cluster-output/2cys2his-large/prep/annotated_xyz/1svm_cluster5_Zn.xyz,1.94,Cx2Cx7Hx3H-HHHH,26.1016,0.9309,0.3659,13.45,22.49,-98.03,132.90,-3.55,0.218,0.241,27.830,25.220,24.127,,,23.334,18.536,,,22.8042
1z84_cluster1_Zn,2,#ff7f0e,1,/Users/stetef/Documents/SLAC/zn-cys-his/clustering-zinc-fingers/cluster-output/2cys2his-large/prep/annotated_xyz/1z84_cluster1_Zn.xyz,1.83,Cx2Cx66Hx50H-LLLL,23.5032,0.9473,0.6429,-50.49,115.47,-137.68,-106.29,-73.44,0.186,0.231,25.760,27.150,26.230,,,24.161,21.229,,,24.6925
1z84_cluster2_Zn,9,#c5b0d5,1,/Users/stetef/Documents/SLAC/zn-cys-his/clustering-zinc-fingers/cluster-output/2cys2his-large/prep/annotated_xyz/1z84_cluster2_Zn.xyz,1.83,Cx2Cx35Hx54H-LLLL,27.8205,0.9899,0.6895,-68.71,23.65,-113.63,-115.71,-69.13,0.186,0.231,20.130,20.387,19.483,,,20.349,18.253,,,19.6180
1z84_cluster4_Zn,9,#c5b0d5,1,/Users/stetef/Documents/SLAC/zn-cys-his/clustering-zinc-fingers/cluster-output/2cys2his-large/prep/annotated_xyz/1z84_cluster4_Zn.xyz,1.83,Cx2Cx35Hx54H-LLLL,27.8693,0.9860,0.6860,-64.16,26.96,-108.11,-115.14,-60.38,0.186,0.231,20.360,23.167,20.857,,,20.441,16.820,,,20.3212
2ayd_cluster1_Zn,1,#aec7e8,1,/Users/stetef/Documents/SLAC/zn-cys-his/clustering-zinc-fingers/cluster-output/2cys2his-large/prep/annotated_xyz/2ayd_cluster1_Zn.xyz,1.60,Cx4Cx23Hx1H-SLLL,32.0120,0.9859,0.3805,57.90,2.72,-1.81,110.64,120.04,0.179,0.204,16.130,13.540,14.400,,,15.454,12.840,,,14.0585
2eg3_cluster1_Zn,15,#c7c7c7,1,/Users/stetef/Documents/SLAC/zn-cys-his/clustering-zinc-fingers/cluster-output/2cys2his-large/prep/annotated_xyz/2eg3_cluster1_Zn.xyz,1.80,Cx0Cx39Hx26H-LLLH,20.4737,0.9239,0.1934,-112.99,-101.25,-123.45,-130.99,-96.28,0.192,0.223,15.620,17.220,14.443,,,15.274,14.336,,,15.3182
2eg3_cluster2_Zn,15,#c7c7c7,1,/Users/stetef/Documents/SLAC/zn-cys-his/clustering-zinc-fingers/cluster-output/2cys2his-large/prep/annotated_xyz/2eg3_cluster2_Zn.xyz,1.80,Cx0Cx39Hx26H-LLLH,21.0419,0.9092,0.2132,-110.29,-98.77,-120.41,-121.04,-100.93,0.192,0.223,15.230,15.760,16.310,,,15.156,16.680,,,15.9765
2eg4_cluster1_Zn,15,#c7c7c7,1,/Users/stetef/Documents/SLAC/zn-cys-his/clustering-zinc-fingers/cluster-output/2cys2his-large/prep/annotated_xyz/2eg4_cluster1_Zn.xyz,1.70,Cx0Cx39Hx26H-LLLH,20.6161,0.9107,0.2002,-116.46,-105.63,-124.98,-130.52,-104.73,0.222,0.249,24.100,31.210,30.040,,,23.987,25.151,,,27.5970
2eg4_cluster2_Zn,15,#c7c7c7,1,/Users/stetef/Documents/SLAC/zn-cys-his/clustering-zinc-fingers/cluster-output/2cys2his-large/prep/annotated_xyz/2eg4_cluster2_Zn.xyz,1.70,Cx0Cx39Hx26H-LLLH,21.2073,0.9078,0.1937,-110.15,-102.13,-119.15,-117.72,-101.61,0.222,0.249,20.980,21.643,22.723,,,22.679,22.217,,,22.3155
2glz_cluster2_Zn_altlocZnA,14,#7f7f7f,1,/Users/stetef/Documents/SLAC/zn-cys-his/clustering-zinc-fingers/cluster-output/2cys2his-large/prep/annotated_xyz/2glz_cluster2_Zn_altlocZnA.xyz,1.45,Hx1Hx1Cx35C-HLHH,19.4772,0.9143,0.3728,-9.67,34.35,33.77,49.62,-156.41,0.171,0.198,25.560,30.260,28.010,,,27.759,42.929,,,32.2395
2gvi_cluster1_Zn,14,#7f7f7f,1,/Users/stetef/Documents/SLAC/zn-cys-his/clustering-zinc-fingers/cluster-output/2cys2his-large/prep/annotated_xyz/2gvi_cluster1_Zn.xyz,1.87,Hx1Hx1Cx40C-HLLH,21.4211,0.8881,0.4369,-0.86,38.42,36.28,67.30,-145.42,0.190,0.217,45.660,32.317,36.977,,,37.070,36.093,,,35.6142
2hjn_cluster1_Zn,24,#2ca02c,1,/Users/stetef/Documents/SLAC/zn-cys-his/clustering-zinc-fingers/cluster-output/2cys2his-large/prep/annotated_xyz/2hjn_cluster1_Zn.xyz,2.00,Cx4Cx76Hx4H-HLHH,51.7845,0.9821,0.6237,-26.53,-92.16,-14.13,82.34,-82.16,0.202,0.237,15.360,13.777,16.013,,,11.653,13.847,,,13.8225
2i13_cluster10_Zn,0,#1f77b4,1,/Users/stetef/Documents/SLAC/zn-cys-his/clustering-zinc-fingers/cluster-output/2cys2his-large/prep/annotated_xyz/2i13_cluster10_Zn.xyz,1.96,Cx2Cx12Hx3H-LLHL,48.1417,0.9145,0.5927,44.66,16.13,92.63,103.12,-33.24,0.203,0.249,56.400,47.210,51.620,,,57.729,61.769,,,54.5820
2i13_cluster3_Zn,0,#1f77b4,1,/Users/stetef/Documents/SLAC/zn-cys-his/clustering-zinc-fingers/cluster-output/2cys2his-large/prep/annotated_xyz/2i13_cluster3_Zn.xyz,1.96,Cx2Cx12Hx3H-LLHH,44.5282,0.9682,0.5738,35.33,8.96,86.73,93.49,-47.84,0.203,0.249,36.430,28.720,40.863,,,29.910,38.389,,,34.4705
2i13_cluster4_Zn,0,#1f77b4,1,/Users/stetef/Documents/SLAC/zn-cys-his/clustering-zinc-fingers/cluster-output/2cys2his-large/prep/annotated_xyz/2i13_cluster4_Zn.xyz,1.96,Cx2Cx12Hx3H-LLHH,41.7341,0.9413,0.5717,36.36,4.16,95.19,102.03,-55.92,0.203,0.249,41.400,33.540,40.147,,,36.976,41.869,,,38.1330
2i13_cluster5_Zn,0,#1f77b4,1,/Users/stetef/Documents/SLAC/zn-cys-his/clustering-zinc-fingers/cluster-output/2cys2his-large/prep/annotated_xyz/2i13_cluster5_Zn.xyz,1.96,Cx2Cx12Hx3H-LLHL,38.3671,0.9021,0.5214,37.50,-4.83,90.86,102.30,-38.30,0.203,0.249,63.130,61.413,61.933,,,53.104,67.297,,,60.9367
2i13_cluster6_Zn,0,#1f77b4,1,/Users/stetef/Documents/SLAC/zn-cys-his/clustering-zinc-fingers/cluster-output/2cys2his-large/prep/annotated_xyz/2i13_cluster6_Zn.xyz,1.96,Cx2Cx12Hx3H-LLHH,48.3294,0.9542,0.5921,34.75,6.54,89.19,97.93,-54.66,0.203,0.249,49.720,53.857,53.640,,,42.864,39.689,,,47.5125
2i13_cluster8_Zn,0,#1f77b4,1,/Users/stetef/Documents/SLAC/zn-cys-his/clustering-zinc-fingers/cluster-output/2cys2his-large/prep/annotated_xyz/2i13_cluster8_Zn.xyz,1.96,Cx2Cx12Hx3H-LLHH,40.0922,0.9564,0.5316,32.74,4.10,96.17,89.22,-58.53,0.203,0.249,36.150,28.170,35.437,,,27.911,34.741,,,31.5648
2j7j_cluster1_Zn,14,#7f7f7f,1,/Users/stetef/Documents/SLAC/zn-cys-his/clustering-zinc-fingers/cluster-output/2cys2his-large/prep/annotated_xyz/2j7j_cluster1_Zn.xyz,1.65,Cx4Cx12Hx3H-LLHH,60.0463,0.9864,0.6486,18.22,10.36,8.59,109.52,-55.61,0.217,0.228,16.830,16.677,16.553,,,19.016,19.763,,,18.0023
2j7j_cluster2_Zn,14,#7f7f7f,1,/Users/stetef/Documents/SLAC/zn-cys-his/clustering-zinc-fingers/cluster-output/2cys2his-large/prep/annotated_xyz/2j7j_cluster2_Zn.xyz,1.65,Cx4Cx12Hx3H-LLHH,43.6038,0.9772,0.4665,13.23,-8.31,9.55,108.81,-57.15,0.217,0.228,16.170,16.157,22.150,,,14.909,18.309,,,17.8813
2j7j_cluster3_Zn,0,#1f77b4,1,/Users/stetef/Documents/SLAC/zn-cys-his/clustering-zinc-fingers/cluster-output/2cys2his-large/prep/annotated_xyz/2j7j_cluster3_Zn.xyz,1.65,Cx5Cx12Hx4H-LLHL,58.9652,0.9588,0.7084,0.88,-2.19,4.86,81.17,-80.34,0.217,0.228,25.940,31.273,29.000,,,24.026,41.716,,,31.5038
2j7u_cluster1_Zn,7,#ff9896,1,/Users/stetef/Documents/SLAC/zn-cys-his/clustering-zinc-fingers/cluster-output/2cys2his-large/prep/annotated_xyz/2j7u_cluster1_Zn.xyz,1.85,Hx1Hx13Cx118C-SSSH,46.7012,0.9627,0.2339,-31.23,42.25,18.72,-106.66,-79.24,0.200,0.234,25.050,33.433,33.940,,,35.136,33.874,,,34.0958
2jg6_cluster1_Zn,18,#17becf,1,/Users/stetef/Documents/SLAC/zn-cys-his/clustering-zinc-fingers/cluster-output/2cys2his-large/prep/annotated_xyz/2jg6_cluster1_Zn.xyz,1.70,Cx12Hx157Hx3C-LHLL,47.3327,0.9881,0.7963,-4.96,40.76,-4.03,-170.41,113.84,0.163,0.193,18.530,18.100,18.693,,,17.839,14.191,,,17.2058
2ofi_cluster1_Zn,18,#17becf,1,/Users/stetef/Documents/SLAC/zn-cys-his/clustering-zinc-fingers/cluster-output/2cys2his-large/prep/annotated_xyz/2ofi_cluster1_Zn.xyz,1.85,Cx12Hx157Hx3C-LHLL,38.4456,0.9685,0.7336,-29.52,-101.37,-10.35,-118.88,112.51,0.176,0.198,29.470,31.210,27.103,,,27.774,24.916,,,27.7508
2ofk_cluster1_Zn,18,#17becf,1,/Users/stetef/Documents/SLAC/zn-cys-his/clustering-zinc-fingers/cluster-output/2cys2his-large/prep/annotated_xyz/2ofk_cluster1_Zn.xyz,1.50,Cx12Hx157Hx3C-LHLL,38.6951,0.9825,0.7381,-29.65,-95.20,-6.07,-122.13,104.81,0.161,0.196,29.960,30.553,33.033,,,29.664,30.440,,,30.9225
2ofk_cluster2_Zn,18,#17becf,1,/Users/stetef/Documents/SLAC/zn-cys-his/clustering-zinc-fingers/cluster-output/2cys2his-large/prep/annotated_xyz/2ofk_cluster2_Zn.xyz,1.50,Cx12Hx157Hx3C-LHLL,40.0769,0.9869,0.7381,-31.21,-96.41,-7.05,-126.64,105.26,0.161,0.196,26.580,28.250,26.507,,,26.423,24.534,,,26.4285
2oik_cluster1_Zn,9,#c5b0d5,1,/Users/stetef/Documents/SLAC/zn-cys-his/clustering-zinc-fingers/cluster-output/2cys2his-large/prep/annotated_xyz/2oik_cluster1_Zn.xyz,1.65,Cx2Cx34Hx45H-HHLL,25.0012,0.9850,0.5369,-62.92,24.53,-112.00,-104.04,-60.18,0.179,0.223,11.390,14.180,12.017,,,15.269,10.626,,,13.0230
2oik_cluster2_Zn,9,#c5b0d5,1,/Users/stetef/Documents/SLAC/zn-cys-his/clustering-zinc-fingers/cluster-output/2cys2his-large/prep/annotated_xyz/2oik_cluster2_Zn.xyz,1.65,Cx2Cx34Hx45H-HHLL,25.6513,0.9841,0.5373,-63.72,28.02,-117.66,-94.81,-70.42,0.179,0.223,12.990,13.707,12.913,,,13.687,6.596,,,11.7258
2oik_cluster3_Zn,9,#c5b0d5,1,/Users/stetef/Documents/SLAC/zn-cys-his/clustering-zinc-fingers/cluster-output/2cys2his-large/prep/annotated_xyz/2oik_cluster3_Zn.xyz,1.65,Cx2Cx34Hx45H-HHLL,25.7173,0.9743,0.5455,-61.59,27.21,-113.22,-100.32,-60.04,0.179,0.223,12.140,13.240,11.303,,,14.477,8.064,,,11.7710
2q4h_conformer1_cluster1_Zn,2,#ff7f0e,1,/Users/stetef/Documents/SLAC/zn-cys-his/clustering-zinc-fingers/cluster-output/2cys2his-large/prep/annotated_xyz/2q4h_conformer1_cluster1_Zn.xyz,1.83,Cx2Cx66Hx50H-LLLL,22.8361,0.5007,0.4945,-67.45,84.11,-147.89,-107.53,-98.48,,,,,,,,,,,,
2q4h_conformer1_cluster3_Zn,2,#ff7f0e,1,/Users/stetef/Documents/SLAC/zn-cys-his/clustering-zinc-fingers/cluster-output/2cys2his-large/prep/annotated_xyz/2q4h_conformer1_cluster3_Zn.xyz,1.83,Cx2Cx66Hx50H-LLLL,21.1041,0.8099,0.6271,-51.89,113.40,-160.86,-105.82,-54.30,,,,,,,,,,,,
2q4h_conformer2_cluster1_Zn,2,#ff7f0e,1,/Users/stetef/Documents/SLAC/zn-cys-his/clustering-zinc-fingers/cluster-output/2cys2his-large/prep/annotated_xyz/2q4h_conformer2_cluster1_Zn.xyz,1.83,Cx2Cx66Hx50H-LLLL,24.2727,0.9420,0.6167,-45.70,92.51,-119.91,-95.29,-60.13,,,,,,,,,,,,
2q4h_conformer2_cluster2_Zn,9,#c5b0d5,1,/Users/stetef/Documents/SLAC/zn-cys-his/clustering-zinc-fingers/cluster-output/2cys2his-large/prep/annotated_xyz/2q4h_conformer2_cluster2_Zn.xyz,1.83,Cx2Cx35Hx54H-HHLL,29.1018,0.7270,0.7543,-9.95,37.20,90.52,-106.39,-61.13,,,,,,,,,,,,
2q4h_conformer2_cluster4_Zn,9,#c5b0d5,1,/Users/stetef/Documents/SLAC/zn-cys-his/clustering-zinc-fingers/cluster-output/2cys2his-large/prep/annotated_xyz/2q4h_conformer2_cluster4_Zn.xyz,1.83,Cx2Cx35Hx54H-LLLL,27.2859,0.7521,0.6956,-55.68,42.70,-96.50,-110.80,-58.14,,,,,,,,,,,,
2q4h_conformer3_cluster1_Zn,2,#ff7f0e,1,/Users/stetef/Documents/SLAC/zn-cys-his/clustering-zinc-fingers/cluster-output/2cys2his-large/prep/annotated_xyz/2q4h_conformer3_cluster1_Zn.xyz,1.83,Cx2Cx66Hx50H-LLLL,21.4858,0.6865,0.5690,-45.71,105.70,-120.96,-86.92,-80.67,,,,,,,,,,,,
2q4h_conformer3_cluster2_Zn,9,#c5b0d5,1,/Users/stetef/Documents/SLAC/zn-cys-his/clustering-zinc-fingers/cluster-output/2cys2his-large/prep/annotated_xyz/2q4h_conformer3_cluster2_Zn.xyz,1.83,Cx2Cx35Hx54H-HHLL,29.6869,0.9855,0.7709,-13.68,30.48,94.42,-115.86,-63.78,,,,,,,,,,,,
2q4h_conformer3_cluster3_Zn,2,#ff7f0e,1,/Users/stetef/Documents/SLAC/zn-cys-his/clustering-zinc-fingers/cluster-output/2cys2his-large/prep/annotated_xyz/2q4h_conformer3_cluster3_Zn.xyz,1.83,Cx2Cx66Hx50H-LLLL,24.0302,0.7836,0.6427,-41.25,92.57,-107.71,-70.34,-79.53,,,,,,,,,,,,
2q4h_conformer4_cluster1_Zn,2,#ff7f0e,1,/Users/stetef/Documents/SLAC/zn-cys-his/clustering-zinc-fingers/cluster-output/2cys2his-large/prep/annotated_xyz/2q4h_conformer4_cluster1_Zn.xyz,1.83,Cx2Cx66Hx50H-LLLL,24.0488,0.6586,0.5957,29.52,118.54,172.32,-99.49,-73.28,,,,,,,,,,,,
2q4h_conformer4_cluster3_Zn,2,#ff7f0e,1,/Users/stetef/Documents/SLAC/zn-cys-his/clustering-zinc-fingers/cluster-output/2cys2his-large/prep/annotated_xyz/2q4h_conformer4_cluster3_Zn.xyz,1.83,Cx2Cx66Hx50H-LLLL,25.6914,0.7304,0.5992,-44.28,100.95,-115.35,-88.92,-73.82,,,,,,,,,,,,
2q4h_conformer4_cluster4_Zn,9,#c5b0d5,1,/Users/stetef/Documents/SLAC/zn-cys-his/clustering-zinc-fingers/cluster-output/2cys2his-large/prep/annotated_xyz/2q4h_conformer4_cluster4_Zn.xyz,1.83,Cx2Cx35Hx54H-LLLL,28.1310,0.9868,0.7298,-74.71,23.91,-134.94,-117.47,-70.32,,,,,,,,,,,,
2q4h_conformer5_cluster1_Zn,2,#ff7f0e,1,/Users/stetef/Documents/SLAC/zn-cys-his/clustering-zinc-fingers/cluster-output/2cys2his-large/prep/annotated_xyz/2q4h_conformer5_cluster1_Zn.xyz,1.83,Cx2Cx66Hx50H-LLLL,25.1132,0.9114,0.6411,-58.68,79.83,-127.95,-110.21,-76.41,,,,,,,,,,,,
2q4h_conformer5_cluster3_Zn,2,#ff7f0e,1,/Users/stetef/Documents/SLAC/zn-cys-his/clustering-zinc-fingers/cluster-output/2cys2his-large/prep/annotated_xyz/2q4h_conformer5_cluster3_Zn.xyz,1.83,Cx2Cx66Hx50H-LLLL,23.9068,0.8869,0.6551,-49.16,118.47,-131.66,-117.96,-65.50,,,,,,,,,,,,
2q4h_conformer5_cluster4_Zn,9,#c5b0d5,1,/Users/stetef/Documents/SLAC/zn-cys-his/clustering-zinc-fingers/cluster-output/2cys2his-large/prep/annotated_xyz/2q4h_conformer5_cluster4_Zn.xyz,1.83,Cx2Cx35Hx54H-LLLL,26.9828,0.9445,0.6420,-61.20,31.60,-109.32,-115.32,-51.74,,,,,,,,,,,,
2q4h_conformer6_cluster3_Zn,2,#ff7f0e,1,/Users/stetef/Documents/SLAC/zn-cys-his/clustering-zinc-fingers/cluster-output/2cys2his-large/prep/annotated_xyz/2q4h_conformer6_cluster3_Zn.xyz,1.83,Cx2Cx66Hx50H-LLLL,24.9396,0.7197,0.6321,-43.57,108.80,-131.19,-105.94,-45.97,,,,,,,,,,,,
2q4h_conformer7_cluster1_Zn,2,#ff7f0e,1,/Users/stetef/Documents/SLAC/zn-cys-his/clustering-zinc-fingers/cluster-output/2cys2his-large/prep/annotated_xyz/2q4h_conformer7_cluster1_Zn.xyz,1.83,Cx2Cx66Hx50H-LLLL,22.3368,0.6456,0.5753,-33.28,132.89,-120.77,-102.74,-42.50,,,,,,,,,,,,
2q4h_conformer7_cluster3_Zn,2,#ff7f0e,1,/Users/stetef/Documents/SLAC/zn-cys-his/clustering-zinc-fingers/cluster-output/2cys2his-large/prep/annotated_xyz/2q4h_conformer7_cluster3_Zn.xyz,1.83,Cx2Cx66Hx50H-LLLL,24.3961,0.8775,0.6063,-45.86,89.67,-104.62,-102.55,-65.95,,,,,,,,,,,,
2q4h_conformer8_cluster1_Zn,9,#c5b0d5,1,/Users/stetef/Documents/SLAC/zn-cys-his/clustering-zinc-fingers/cluster-output/2cys2his-large/prep/annotated_xyz/2q4h_conformer8_cluster1_Zn.xyz,1.83,Cx2Cx66Hx50H-LLLL,22.7670,0.8390,0.6665,-42.39,139.88,-139.46,-109.33,-60.64,,,,,,,,,,,,
2q4h_conformer8_cluster3_Zn,2,#ff7f0e,1,/Users/stetef/Documents/SLAC/zn-cys-his/clustering-zinc-fingers/cluster-output/2cys2his-large/prep/annotated_xyz/2q4h_conformer8_cluster3_Zn.xyz,1.83,Cx2Cx66Hx50H-LLLL,25.9716,0.7507,0.6514,-35.36,138.51,-112.09,-107.64,-60.24,,,,,,,,,,,,
2v85_cluster2_Zn,4,#2ca02c,1,/Users/stetef/Documents/SLAC/zn-cys-his/clustering-zinc-fingers/cluster-output/2cys2his-large/prep/annotated_xyz/2v85_cluster2_Zn.xyz,2.00,Cx5Hx25Cx2H-SSLL,23.4545,0.9614,0.2956,42.29,6.77,83.78,157.24,-78.63,0.187,0.197,11.150,9.613,13.473,,,11.091,16.314,,,12.6227
2v85_cluster4_Zn,4,#2ca02c,1,/Users/stetef/Documents/SLAC/zn-cys-his/clustering-zinc-fingers/cluster-output/2cys2his-large/prep/annotated_xyz/2v85_cluster4_Zn.xyz,2.00,Cx5Hx25Cx2H-SSLL,24.2225,0.9430,0.3086,41.26,8.50,85.18,148.17,-76.82,0.187,0.197,12.140,10.713,13.420,,,13.111,18.304,,,13.8870
2v87_cluster2_Zn,4,#2ca02c,1,/Users/stetef/Documents/SLAC/zn-cys-his/clustering-zinc-fingers/cluster-output/2cys2his-large/prep/annotated_xyz/2v87_cluster2_Zn.xyz,1.80,Cx5Hx25Cx2H-SSLL,24.4816,0.9595,0.3088,40.60,9.09,87.90,144.47,-79.08,0.181,0.208,22.040,17.250,20.630,,,19.233,26.949,,,21.0155
2v87_cluster4_Zn,4,#2ca02c,1,/Users/stetef/Documents/SLAC/zn-cys-his/clustering-zinc-fingers/cluster-output/2cys2his-large/prep/annotated_xyz/2v87_cluster4_Zn.xyz,1.80,Cx5Hx25Cx2H-SSLL,24.4340,0.9590,0.3139,38.81,8.54,84.25,140.91,-78.44,0.181,0.208,22.280,18.400,19.823,,,20.090,22.857,,,20.2925
2v88_cluster2_Zn,4,#2ca02c,1,/Users/stetef/Documents/SLAC/zn-cys-his/clustering-zinc-fingers/cluster-output/2cys2his-large/prep/annotated_xyz/2v88_cluster2_Zn.xyz,2.00,Cx5Hx25Cx2H-SSLL,24.6832,0.9786,0.3085,39.37,7.45,86.85,148.69,-85.50,0.196,0.232,20.450,14.543,19.170,,,17.251,22.500,,,18.3660
2v88_cluster4_Zn,4,#2ca02c,1,/Users/stetef/Documents/SLAC/zn-cys-his/clustering-zinc-fingers/cluster-output/2cys2his-large/prep/annotated_xyz/2v88_cluster4_Zn.xyz,2.00,Cx5Hx25Cx2H-SSLL,24.5581,0.9560,0.3176,38.35,5.71,83.35,143.67,-79.32,0.196,0.232,19.760,19.443,17.857,,,18.799,18.981,,,18.7700
2v89_cluster2_Zn,4,#2ca02c,1,/Users/stetef/Documents/SLAC/zn-cys-his/clustering-zinc-fingers/cluster-output/2cys2his-large/prep/annotated_xyz/2v89_cluster2_Zn.xyz,1.10,Cx5Hx25Cx2H-SSLL,24.2518,0.9674,0.3149,39.21,10.67,82.52,136.72,-73.06,,,9.280,8.847,10.517,,,9.864,11.791,,,10.2547
2v89_cluster4_Zn,4,#2ca02c,1,/Users/stetef/Documents/SLAC/zn-cys-his/clustering-zinc-fingers/cluster-output/2cys2his-large/prep/annotated_xyz/2v89_cluster4_Zn.xyz,1.10,Cx5Hx25Cx2H-SSLL,23.6654,0.9707,0.2974,41.21,7.27,83.76,146.91,-73.08,,,8.190,7.777,9.793,,,8.353,13.151,,,9.7685
2wbs_cluster2_Zn,0,#1f77b4,1,/Users/stetef/Documents/SLAC/zn-cys-his/clustering-zinc-fingers/cluster-output/2cys2his-large/prep/annotated_xyz/2wbs_cluster2_Zn.xyz,1.70,Cx2Cx12Hx3H-LLHH,43.3849,0.9660,0.5665,36.34,9.30,96.41,91.16,-51.52,0.200,0.232,24.720,13.767,9.577,,,13.030,17.673,,,13.5117
2x5c_cluster1_Zn,10,#8c564b,1,/Users/stetef/Documents/SLAC/zn-cys-his/clustering-zinc-fingers/cluster-output/2cys2his-large/prep/annotated_xyz/2x5c_cluster1_Zn.xyz,1.80,Cx2Cx21Hx5H-LLLS,47.8278,0.7507,0.7465,-40.39,13.91,-85.22,-47.36,-42.90,0.192,0.227,68.390,52.650,71.823,,,58.803,72.221,,,63.8743
2x5c_cluster2_Zn,10,#8c564b,1,/Users/stetef/Documents/SLAC/zn-cys-his/clustering-zinc-fingers/cluster-output/2cys2his-large/prep/annotated_xyz/2x5c_cluster2_Zn.xyz,1.80,Cx2Cx21Hx5H-LLLS,53.3395,0.9468,0.7994,2.16,5.67,91.63,-39.10,-49.56,0.192,0.227,47.830,36.967,44.883,,,45.251,52.823,,,44.9810
2xoc_cluster10_Zn,19,#9edae5,1,/Users/stetef/Documents/SLAC/zn-cys-his/clustering-zinc-fingers/cluster-output/2cys2his-large/prep/annotated_xyz/2xoc_cluster10_Zn.xyz,1.89,Cx5Cx7Hx5H-LHHL,60.1272,0.9737,0.6623,39.73,-13.31,-15.65,89.50,98.38,0.168,0.194,18.160,17.477,17.833,,,21.870,13.129,,,17.5772
2xoc_cluster5_Zn,19,#9edae5,1,/Users/stetef/Documents/SLAC/zn-cys-his/clustering-zinc-fingers/cluster-output/2cys2his-large/prep/annotated_xyz/2xoc_cluster5_Zn.xyz,1.89,Cx5Cx7Hx5H-LHHL,59.4677,0.9886,0.6605,42.23,-17.87,-6.10,81.34,111.54,0.168,0.194,15.760,14.227,12.437,,,16.680,11.820,,,13.7910
2xp0_cluster10_Zn,19,#9edae5,1,/Users/stetef/Documents/SLAC/zn-cys-his/clustering-zinc-fingers/cluster-output/2cys2his-large/prep/annotated_xyz/2xp0_cluster10_Zn.xyz,1.98,Cx5Cx7Hx5H-LHHL,59.7462,0.9738,0.6626,37.28,-15.58,-20.06,85.57,99.20,0.161,0.202,17.160,15.937,13.037,,,21.680,13.109,,,15.9407
2xp0_cluster5_Zn,19,#9edae5,1,/Users/stetef/Documents/SLAC/zn-cys-his/clustering-zinc-fingers/cluster-output/2cys2his-large/prep/annotated_xyz/2xp0_cluster5_Zn.xyz,1.98,Cx5Cx7Hx5H-LHHL,59.2810,0.9947,0.6655,40.29,-18.99,-7.14,81.39,105.88,0.161,0.202,14.560,13.593,11.633,,,15.259,10.340,,,12.7063
2yvr_cluster2_Zn,12,#e377c2,1,/Users/stetef/Documents/SLAC/zn-cys-his/clustering-zinc-fingers/cluster-output/2cys2his-large/prep/annotated_xyz/2yvr_cluster2_Zn.xyz,1.80,Cx2Cx12Hx2H-SLLL,32.8551,0.9673,0.5057,7.11,11.39,-76.27,89.60,3.74,0.187,0.218,20.290,16.830,23.223,,,20.580,18.749,,,19.8455
2yvr_cluster4_Zn,12,#e377c2,1,/Users/stetef/Documents/SLAC/zn-cys-his/clustering-zinc-fingers/cluster-output/2cys2his-large/prep/annotated_xyz/2yvr_cluster4_Zn.xyz,1.80,Cx2Cx12Hx2H-SLLL,32.3799,0.9771,0.4915,11.84,14.74,-74.74,96.51,10.83,0.187,0.218,18.040,13.923,19.437,,,15.037,20.399,,,17.1990
3c5k_cluster1_Zn,15,#c7c7c7,1,/Users/stetef/Documents/SLAC/zn-cys-his/clustering-zinc-fingers/cluster-output/2cys2his-large/prep/annotated_xyz/3c5k_cluster1_Zn.xyz,1.55,Cx2Cx15Hx5H-SLHL,47.7244,0.9778,0.6756,40.00,10.89,97.00,69.79,-17.70,0.173,0.227,7.720,4.800,6.853,,,4.974,4.629,,,5.3140
3gv4_cluster1_Zn,15,#c7c7c7,1,/Users/stetef/Documents/SLAC/zn-cys-his/clustering-zinc-fingers/cluster-output/2cys2his-large/prep/annotated_xyz/3gv4_cluster1_Zn.xyz,1.72,Cx2Cx15Hx5H-SLHL,48.7958,0.9762,0.6885,36.89,12.47,93.13,64.67,-22.69,0.174,0.230,18.290,15.337,16.457,,,17.529,17.181,,,16.6260
3gzk_cluster1_Zn,11,#c49c94,1,/Users/stetef/Documents/SLAC/zn-cys-his/clustering-zinc-fingers/cluster-output/2cys2his-large/prep/annotated_xyz/3gzk_cluster1_Zn.xyz,1.80,Cx16Cx0Hx19H-LLLL,18.9890,0.9756,0.2740,-29.66,-117.66,-84.86,-80.27,164.17,0.183,0.213,19.750,18.537,23.147,,,20.909,15.123,,,19.4290
3iuf_cluster1_Zn,0,#1f77b4,1,/Users/stetef/Documents/SLAC/zn-cys-his/clustering-zinc-fingers/cluster-output/2cys2his-large/prep/annotated_xyz/3iuf_cluster1_Zn.xyz,1.80,Cx2Cx12Hx4H-LLHL,40.8101,0.9937,0.6143,30.84,7.05,91.56,90.10,-65.35,0.193,0.237,16.050,15.130,16.623,,,16.756,15.147,,,15.9140
3kzy_cluster1_Zn,15,#c7c7c7,1,/Users/stetef/Documents/SLAC/zn-cys-his/clustering-zinc-fingers/cluster-output/2cys2his-large/prep/annotated_xyz/3kzy_cluster1_Zn.xyz,1.90,Cx18Cx4Hx55H-LSSL,37.4633,0.9831,0.3784,5.38,22.04,49.40,-119.93,70.03,0.204,0.261,29.990,46.070,33.080,,,23.419,22.830,,,31.3498
3l00_cluster1_Zn,15,#c7c7c7,1,/Users/stetef/Documents/SLAC/zn-cys-his/clustering-zinc-fingers/cluster-output/2cys2his-large/prep/annotated_xyz/3l00_cluster1_Zn.xyz,1.70,Cx18Cx4Hx55H-LSSL,35.2390,0.9836,0.3492,8.33,25.69,46.55,-110.41,71.50,0.184,0.209,16.010,31.710,27.647,,,19.454,19.966,,,24.6943
3l7x_cluster1_Zn,9,#c5b0d5,1,/Users/stetef/Documents/SLAC/zn-cys-his/clustering-zinc-fingers/cluster-output/2cys2his-large/prep/annotated_xyz/3l7x_cluster1_Zn.xyz,1.70,Cx2Cx38Hx50H-HHLL,25.9234,0.9740,0.6101,-64.41,19.96,-107.25,-87.48,-82.89,0.188,0.213,18.230,20.283,22.970,,,20.640,18.826,,,20.6797
3lkm_cluster1_Zn,17,#dbdb8d,1,/Users/stetef/Documents/SLAC/zn-cys-his/clustering-zinc-fingers/cluster-output/2cys2his-large/prep/annotated_xyz/3lkm_cluster1_Zn.xyz,1.60,Hx51Hx1Cx3C-HHLH,8.8676,0.9711,0.5163,59.22,135.91,38.25,-9.89,72.62,0.194,0.224,8.920,9.967,10.330,,,8.199,9.406,,,9.4755
3m1m_cluster1_Zn,4,#2ca02c,1,/Users/stetef/Documents/SLAC/zn-cys-his/clustering-zinc-fingers/cluster-output/2cys2his-large/prep/annotated_xyz/3m1m_cluster1_Zn.xyz,1.85,Hx46Hx2Cx4C-LLHL,25.1898,0.9890,0.4472,35.88,-13.99,-75.83,130.81,102.51,0.204,0.251,16.660,21.283,21.987,,,15.077,16.574,,,18.7302
3mhs_cluster5_Zn,20,#1f77b4,1,/Users/stetef/Documents/SLAC/zn-cys-his/clustering-zinc-fingers/cluster-output/2cys2his-large/prep/annotated_xyz/3mhs_cluster5_Zn.xyz,1.89,Hx20Cx1Cx2H-HLHH,28.2137,0.9747,0.5058,-14.42,32.66,79.36,-92.01,-77.68,0.159,0.208,23.230,27.983,24.140,,,25.590,22.927,,,25.1600
3nik_cluster3_Zn,12,#e377c2,1,/Users/stetef/Documents/SLAC/zn-cys-his/clustering-zinc-fingers/cluster-output/2cys2his-large/prep/annotated_xyz/3nik_cluster3_Zn.xyz,1.85,Cx2Cx17Hx2H-SLHL,27.6366,0.9722,0.3938,10.98,-0.58,-75.18,115.63,4.06,0.191,0.243,22.300,25.627,27.007,,,24.683,27.593,,,26.2275
3nik_cluster6_Zn,12,#e377c2,1,/Users/stetef/Documents/SLAC/zn-cys-his/clustering-zinc-fingers/cluster-output/2cys2his-large/prep/annotated_xyz/3nik_cluster6_Zn.xyz,1.85,Cx2Cx17Hx2H-SLHL,26.9949,0.9879,0.3848,13.91,3.51,-73.78,111.83,14.08,0.191,0.243,35.190,29.933,33.787,,,37.294,39.331,,,35.0863
3nik_cluster9_Zn,12,#e377c2,1,/Users/stetef/Documents/SLAC/zn-cys-his/clustering-zinc-fingers/cluster-output/2cys2his-large/prep/annotated_xyz/3nik_cluster9_Zn.xyz,1.85,Cx2Cx17Hx2H-SLLL,27.1795,0.9783,0.3719,8.36,-3.87,-72.84,108.38,1.76,0.191,0.243,26.150,25.337,29.227,,,28.247,30.350,,,28.2903
3nil_cluster12_Zn,12,#e377c2,1,/Users/stetef/Documents/SLAC/zn-cys-his/clustering-zinc-fingers/cluster-output/2cys2his-large/prep/annotated_xyz/3nil_cluster12_Zn.xyz,1.75,Cx2Cx17Hx2H-SLHL,28.1739,0.9669,0.4399,10.56,-6.45,-74.17,119.81,3.07,0.208,0.262,27.740,27.480,31.733,,,40.350,37.744,,,34.3268
3nil_cluster3_Zn,12,#e377c2,1,/Users/stetef/Documents/SLAC/zn-cys-his/clustering-zinc-fingers/cluster-output/2cys2his-large/prep/annotated_xyz/3nil_cluster3_Zn.xyz,1.75,Cx2Cx17Hx2H-SLHL,27.7102,0.9692,0.4187,9.16,-0.91,-77.00,110.74,3.83,0.208,0.262,23.720,26.997,29.160,,,25.929,28.837,,,27.7308
3nil_cluster9_Zn,12,#e377c2,1,/Users/stetef/Documents/SLAC/zn-cys-his/clustering-zinc-fingers/cluster-output/2cys2his-large/prep/annotated_xyz/3nil_cluster9_Zn.xyz,1.75,Cx2Cx17Hx2H-SLHL,26.6754,0.9653,0.4017,9.44,-2.83,-73.53,107.01,7.10,0.208,0.262,27.150,27.193,30.400,,,36.533,34.106,,,32.0580
3nim_cluster12_Zn,12,#e377c2,1,/Users/stetef/Documents/SLAC/zn-cys-his/clustering-zinc-fingers/cluster-output/2cys2his-large/prep/annotated_xyz/3nim_cluster12_Zn.xyz,2.00,Cx2Cx17Hx2H-SLHL,29.2767,0.9742,0.4301,4.37,-0.50,-79.63,103.59,-6.01,0.191,0.240,36.740,36.087,39.853,,,41.960,42.263,,,40.0408
3nim_cluster3_Zn,12,#e377c2,1,/Users/stetef/Documents/SLAC/zn-cys-his/clustering-zinc-fingers/cluster-output/2cys2his-large/prep/annotated_xyz/3nim_cluster3_Zn.xyz,2.00,Cx2Cx17Hx2H-SLHL,27.0036,0.9614,0.3915,8.42,-4.39,-79.69,103.34,14.43,0.191,0.240,31.090,31.973,34.277,,,39.169,37.524,,,35.7357
3nim_cluster6_Zn,12,#e377c2,1,/Users/stetef/Documents/SLAC/zn-cys-his/clustering-zinc-fingers/cluster-output/2cys2his-large/prep/annotated_xyz/3nim_cluster6_Zn.xyz,2.00,Cx2Cx17Hx2H-SLHL,26.3918,0.9530,0.4095,8.88,-1.59,-72.28,101.90,7.50,0.191,0.240,34.970,33.680,35.810,,,41.859,40.524,,,37.9682
3nim_cluster9_Zn,12,#e377c2,1,/Users/stetef/Documents/SLAC/zn-cys-his/clustering-zinc-fingers/cluster-output/2cys2his-large/prep/annotated_xyz/3nim_cluster9_Zn.xyz,2.00,Cx2Cx17Hx2H-SLHL,27.5967,0.8859,0.3777,13.47,6.31,-65.05,104.52,8.09,0.191,0.240,47.630,43.873,53.940,,,47.354,48.137,,,48.3260
3nis_cluster12_Zn,12,#e377c2,1,/Users/stetef/Documents/SLAC/zn-cys-his/clustering-zinc-fingers/cluster-output/2cys2his-large/prep/annotated_xyz/3nis_cluster12_Zn.xyz,1.68,Cx2Cx17Hx2H-SLHL,27.3497,0.9853,0.3888,8.16,-3.18,-73.12,110.14,-1.22,0.193,0.221,24.630,21.257,24.797,,,23.299,23.223,,,23.1440
3nis_cluster3_Zn,12,#e377c2,1,/Users/stetef/Documents/SLAC/zn-cys-his/clustering-zinc-fingers/cluster-output/2cys2his-large/prep/annotated_xyz/3nis_cluster3_Zn.xyz,1.68,Cx2Cx17Hx2H-SLHL,28.1831,0.9797,0.4025,11.82,0.92,-76.81,111.84,11.33,0.193,0.221,17.710,18.517,19.017,,,17.766,21.686,,,19.2465
3nis_cluster6_Zn,12,#e377c2,1,/Users/stetef/Documents/SLAC/zn-cys-his/clustering-zinc-fingers/cluster-output/2cys2his-large/prep/annotated_xyz/3nis_cluster6_Zn.xyz,1.68,Cx2Cx17Hx2H-SLHL,27.6883,0.9844,0.3911,9.61,1.90,-76.03,106.14,6.45,0.193,0.221,23.180,21.773,22.867,,,25.904,27.121,,,24.4162
3nis_cluster9_Zn,12,#e377c2,1,/Users/stetef/Documents/SLAC/zn-cys-his/clustering-zinc-fingers/cluster-output/2cys2his-large/prep/annotated_xyz/3nis_cluster9_Zn.xyz,1.68,Cx2Cx17Hx2H-SLHL,27.8657,0.9506,0.3857,13.85,1.13,-73.28,112.07,15.47,0.193,0.221,26.640,24.613,30.490,,,25.739,29.819,,,27.6653
3ny3_cluster3_Zn,3,#ffbb78,1,/Users/stetef/Documents/SLAC/zn-cys-his/clustering-zinc-fingers/cluster-output/2cys2his-large/prep/annotated_xyz/3ny3_cluster3_Zn.xyz,1.60,Cx2Cx17Hx2H-SLHH,25.0965,0.9857,0.3688,8.09,2.37,-69.43,112.77,-13.36,0.190,0.210,17.810,16.300,16.853,,,15.471,18.559,,,16.7958
3o0m_cluster1_Zn,9,#c5b0d5,1,/Users/stetef/Documents/SLAC/zn-cys-his/clustering-zinc-fingers/cluster-output/2cys2his-large/prep/annotated_xyz/3o0m_cluster1_Zn.xyz,1.90,Cx2Cx38Hx51H-HHLL,26.3832,0.9838,0.5913,-62.29,22.58,-111.88,-87.92,-71.94,0.157,0.191,18.680,12.810,11.100,,,14.994,10.131,,,12.2588
3o0m_cluster2_Zn,9,#c5b0d5,1,/Users/stetef/Documents/SLAC/zn-cys-his/clustering-zinc-fingers/cluster-output/2cys2his-large/prep/annotated_xyz/3o0m_cluster2_Zn.xyz,1.90,Cx2Cx38Hx51H-HHLL,25.6399,0.9747,0.5952,-61.94,22.96,-107.82,-89.94,-72.97,0.157,0.191,21.530,17.463,14.993,,,15.913,12.066,,,15.1088
3ohr_cluster1_Zn,8,#9467bd,1,/Users/stetef/Documents/SLAC/zn-cys-his/clustering-zinc-fingers/cluster-output/2cys2his-large/prep/annotated_xyz/3ohr_cluster1_Zn.xyz,1.66,Hx14Cx2Hx2C-HLLH,26.1140,0.9862,0.4321,8.32,-9.11,20.88,105.37,-83.86,0.164,0.186,17.260,18.947,16.480,,,16.607,18.303,,,17.5843
3omf_cluster1_Zn,9,#c5b0d5,1,/Users/stetef/Documents/SLAC/zn-cys-his/clustering-zinc-fingers/cluster-output/2cys2his-large/prep/annotated_xyz/3omf_cluster1_Zn.xyz,1.80,Cx2Cx38Hx49H-HHLL,28.7909,0.9936,0.6783,-67.43,20.78,-113.83,-104.80,-71.85,0.146,0.191,9.350,9.703,7.223,,,7.911,5.113,,,7.4875
3oxk_cluster1_Zn,9,#c5b0d5,1,/Users/stetef/Documents/SLAC/zn-cys-his/clustering-zinc-fingers/cluster-output/2cys2his-large/prep/annotated_xyz/3oxk_cluster1_Zn.xyz,1.55,Cx2Cx38Hx49H-HHLL,28.9667,0.9909,0.6603,-67.02,22.35,-115.65,-102.74,-72.06,0.157,0.208,9.110,9.637,7.843,,,8.729,6.101,,,8.0775
3pdt_cluster1_Zn,17,#dbdb8d,1,/Users/stetef/Documents/SLAC/zn-cys-his/clustering-zinc-fingers/cluster-output/2cys2his-large/prep/annotated_xyz/3pdt_cluster1_Zn.xyz,1.80,Hx51Hx1Cx3C-HHLH,9.0079,0.9704,0.5167,58.62,135.28,39.42,-13.08,72.84,0.199,0.243,16.010,17.823,17.473,,,14.419,14.097,,,15.9530
3r6f_cluster1_Zn,9,#c5b0d5,1,/Users/stetef/Documents/SLAC/zn-cys-his/clustering-zinc-fingers/cluster-output/2cys2his-large/prep/annotated_xyz/3r6f_cluster1_Zn.xyz,1.85,Cx2Cx36Hx44H-HHLL,26.6452,0.9881,0.5441,-57.25,19.92,-103.17,-85.79,-59.97,0.207,0.243,21.720,22.267,19.470,,,19.309,19.156,,,20.0505
3rx5_cluster1_Zn,11,#c49c94,1,/Users/stetef/Documents/SLAC/zn-cys-his/clustering-zinc-fingers/cluster-output/2cys2his-large/prep/annotated_xyz/3rx5_cluster1_Zn.xyz,1.99,Cx16Cx0Hx19H-LLLL,19.5076,0.9720,0.2878,-33.89,-121.54,-88.69,-80.94,155.61,0.166,0.201,17.240,13.133,17.163,,,16.371,12.924,,,14.8978
3vhs_cluster2_Zn,14,#7f7f7f,1,/Users/stetef/Documents/SLAC/zn-cys-his/clustering-zinc-fingers/cluster-output/2cys2his-large/prep/annotated_xyz/3vhs_cluster2_Zn.xyz,1.90,H-Cx2Cx11H-H-LLH,26.5005,0.9750,0.5444,96.48,7.51,91.51,171.76,115.13,0.213,0.262,32.410,33.963,36.320,,,32.389,27.846,,,32.6295
3we4_cluster1_Zn,20,#1f77b4,1,/Users/stetef/Documents/SLAC/zn-cys-his/clustering-zinc-fingers/cluster-output/2cys2his-large/prep/annotated_xyz/3we4_cluster1_Zn.xyz,2.00,Cx4Hx5Hx2C-LLLL,28.5501,0.9588,0.5978,56.08,12.14,6.19,102.62,103.35,0.175,0.231,72.060,65.297,64.570,,,97.030,59.469,,,71.5915
3wf7_cluster1_Zn,20,#1f77b4,1,/Users/stetef/Documents/SLAC/zn-cys-his/clustering-zinc-fingers/cluster-output/2cys2his-large/prep/annotated_xyz/3wf7_cluster1_Zn.xyz,1.85,Cx4Hx5Hx2C-LLLL,27.6351,0.9742,0.5216,57.05,29.94,-3.92,104.47,97.71,0.173,0.224,59.020,65.257,66.820,,,114.333,60.979,,,76.8473
3wf8_cluster1_Zn,20,#1f77b4,1,/Users/stetef/Documents/SLAC/zn-cys-his/clustering-zinc-fingers/cluster-output/2cys2his-large/prep/annotated_xyz/3wf8_cluster1_Zn.xyz,1.98,Cx4Hx5Hx2C-LLLL,27.1823,0.9780,0.5617,50.57,-5.52,2.94,99.28,105.58,0.201,0.241,22.520,25.513,21.990,,,33.317,27.567,,,27.0968
3wup_cluster1_Zn,14,#7f7f7f,1,/Users/stetef/Documents/SLAC/zn-cys-his/clustering-zinc-fingers/cluster-output/2cys2his-large/prep/annotated_xyz/3wup_cluster1_Zn.xyz,1.60,Cx2Cx11Hx3H-LLHH,26.8654,0.9805,0.4166,36.66,6.69,96.13,105.89,-62.06,0.169,0.226,16.390,17.500,16.537,,,14.443,16.569,,,16.2622
4ai4_cluster1_Zn,18,#17becf,1,/Users/stetef/Documents/SLAC/zn-cys-his/clustering-zinc-fingers/cluster-output/2cys2his-large/prep/annotated_xyz/4ai4_cluster1_Zn.xyz,1.73,Cx12Hx157Hx3C-LHLL,46.5676,0.9845,0.8024,-0.08,36.28,-7.65,-138.19,109.25,0.173,0.206,7.720,17.680,18.507,,,13.556,11.444,,,15.2967
4aia_cluster2_Zn,18,#17becf,1,/Users/stetef/Documents/SLAC/zn-cys-his/clustering-zinc-fingers/cluster-output/2cys2his-large/prep/annotated_xyz/4aia_cluster2_Zn.xyz,1.80,Cx12Hx157Hx3C-LHLL,47.8721,0.9821,0.8002,7.19,45.55,-1.92,-124.78,109.91,0.178,0.218,13.050,19.087,19.680,,,14.214,13.869,,,16.7125
4aia_cluster3_Zn,18,#17becf,1,/Users/stetef/Documents/SLAC/zn-cys-his/clustering-zinc-fingers/cluster-output/2cys2his-large/prep/annotated_xyz/4aia_cluster3_Zn.xyz,1.80,Cx12Hx157Hx3C-LHLL,47.5388,0.9865,0.7870,-0.06,47.30,-1.22,-154.13,107.81,0.178,0.218,21.770,28.240,32.210,,,23.107,23.460,,,26.7542
4aia_cluster5_Zn,18,#17becf,1,/Users/stetef/Documents/SLAC/zn-cys-his/clustering-zinc-fingers/cluster-output/2cys2his-large/prep/annotated_xyz/4aia_cluster5_Zn.xyz,1.80,Cx12Hx157Hx3C-HHLL,48.4284,0.9041,0.8017,62.02,37.90,-3.54,98.31,115.40,0.178,0.218,14.530,18.323,17.903,,,19.901,16.217,,,18.0860
4ca1_cluster2_Zn,14,#7f7f7f,1,/Users/stetef/Documents/SLAC/zn-cys-his/clustering-zinc-fingers/cluster-output/2cys2his-large/prep/annotated_xyz/4ca1_cluster2_Zn.xyz,1.58,Cx6Cx11Hx4H-LLHH,48.6716,0.9682,0.5900,3.08,-34.67,8.26,84.32,-45.58,0.141,0.189,22.800,25.713,33.217,,,21.853,24.300,,,26.2707
4cj0_cluster1_Zn,11,#c49c94,1,/Users/stetef/Documents/SLAC/zn-cys-his/clustering-zinc-fingers/cluster-output/2cys2his-large/prep/annotated_xyz/4cj0_cluster1_Zn.xyz,1.10,Cx17Cx0Hx22H-LLLL,18.8999,0.9648,0.2419,-26.78,-124.35,-79.30,-77.29,173.80,0.107,0.125,5.210,4.957,6.067,,,5.784,4.501,,,5.3273
4cj1_cluster1_Zn,11,#c49c94,1,/Users/stetef/Documents/SLAC/zn-cys-his/clustering-zinc-fingers/cluster-output/2cys2his-large/prep/annotated_xyz/4cj1_cluster1_Zn.xyz,1.63,Cx17Cx0Hx22H-LLLL,19.0233,0.9671,0.2493,-27.57,-127.32,-80.42,-77.84,175.29,0.106,0.144,10.590,9.547,10.833,,,10.070,9.004,,,9.8635
4egu_cluster1_Zn,9,#c5b0d5,1,/Users/stetef/Documents/SLAC/zn-cys-his/clustering-zinc-fingers/cluster-output/2cys2his-large/prep/annotated_xyz/4egu_cluster1_Zn.xyz,0.95,Cx2Cx38Hx51H-HHLL,26.1029,0.9817,0.6208,-67.56,16.98,-116.11,-92.33,-78.79,0.136,0.152,10.740,12.187,12.903,,,11.603,9.770,,,11.6157
4gut_cluster1_Zn,1,#aec7e8,1,/Users/stetef/Documents/SLAC/zn-cys-his/clustering-zinc-fingers/cluster-output/2cys2his-large/prep/annotated_xyz/4gut_cluster1_Zn.xyz,2.00,Cx4Cx25Hx5H-LLSS,31.9723,0.9242,0.2963,-8.42,-11.69,-16.31,-83.57,77.88,0.196,0.207,47.430,59.070,64.617,,,48.463,44.300,,,54.1125
4gzn_cluster1_Zn,0,#1f77b4,1,/Users/stetef/Documents/SLAC/zn-cys-his/clustering-zinc-fingers/cluster-output/2cys2his-large/prep/annotated_xyz/4gzn_cluster1_Zn.xyz,0.99,Cx2Cx12Hx3H-LLHH,37.4514,0.9942,0.5794,33.14,7.12,91.35,97.23,-63.14,0.131,0.140,6.660,7.093,8.903,,,5.854,6.504,,,7.0885
4gzn_cluster2_Zn,14,#7f7f7f,1,/Users/stetef/Documents/SLAC/zn-cys-his/clustering-zinc-fingers/cluster-output/2cys2his-large/prep/annotated_xyz/4gzn_cluster2_Zn.xyz,0.99,Cx2Cx12Hx3H-LLHH,36.6200,0.9486,0.4018,38.93,6.58,94.81,113.05,-58.71,0.131,0.140,8.450,8.580,7.173,,,7.584,7.034,,,7.5928
4hhj_cluster1_Zn,7,#ff9896,1,/Users/stetef/Documents/SLAC/zn-cys-his/clustering-zinc-fingers/cluster-output/2cys2his-large/prep/annotated_xyz/4hhj_cluster1_Zn.xyz,1.79,Hx1Hx13Cx118C-SSSH,47.9147,0.9607,0.2666,-34.69,41.44,13.76,-105.60,-88.35,0.177,0.209,22.360,18.663,22.533,,,21.043,23.063,,,21.3255
4hsu_cluster1_Zn,1,#aec7e8,1,/Users/stetef/Documents/SLAC/zn-cys-his/clustering-zinc-fingers/cluster-output/2cys2his-large/prep/annotated_xyz/4hsu_cluster1_Zn.xyz,1.99,Cx4Cx25Hx5H-LLSS,34.5255,0.9867,0.3278,-3.15,-11.39,-12.93,-75.94,87.67,0.199,0.232,42.780,53.877,55.177,,,43.589,38.991,,,47.9085
4j1v_cluster1_Zn,24,#2ca02c,1,/Users/stetef/Documents/SLAC/zn-cys-his/clustering-zinc-fingers/cluster-output/2cys2his-large/prep/annotated_xyz/4j1v_cluster1_Zn.xyz,1.95,Cx4Cx76Hx4H-HLHH,52.5837,0.9700,0.6623,-26.40,-109.81,-12.85,89.46,-72.41,0.196,0.225,20.760,19.150,20.823,,,16.641,19.111,,,18.9312
4j1v_cluster2_Zn,24,#2ca02c,1,/Users/stetef/Documents/SLAC/zn-cys-his/clustering-zinc-fingers/cluster-output/2cys2his-large/prep/annotated_xyz/4j1v_cluster2_Zn.xyz,1.95,Cx4Cx76Hx4H-HLHH,52.4614,0.9677,0.6629,-26.03,-109.81,-13.52,90.49,-71.27,0.196,0.225,19.660,20.387,21.227,,,17.344,18.946,,,19.4760
4kuj_cluster1_Zn,17,#dbdb8d,1,/Users/stetef/Documents/SLAC/zn-cys-his/clustering-zinc-fingers/cluster-output/2cys2his-large/prep/annotated_xyz/4kuj_cluster1_Zn.xyz,1.99,Hx57Hx1Cx3C-HHLH,9.4464,0.9609,0.5065,58.14,141.08,38.21,-12.83,66.11,0.209,0.239,17.950,17.547,17.627,,,16.097,14.714,,,16.4962
4ljo_cluster3_Zn,24,#2ca02c,1,/Users/stetef/Documents/SLAC/zn-cys-his/clustering-zinc-fingers/cluster-output/2cys2his-large/prep/annotated_xyz/4ljo_cluster3_Zn.xyz,1.56,Cx4Cx6Hx1H-LLSL,63.9511,0.8417,0.7202,22.22,-9.35,-11.70,-66.84,176.78,0.181,0.212,34.360,57.240,75.163,,,29.176,35.337,,,49.2290
4m9e_cluster1_Zn,0,#1f77b4,1,/Users/stetef/Documents/SLAC/zn-cys-his/clustering-zinc-fingers/cluster-output/2cys2his-large/prep/annotated_xyz/4m9e_cluster1_Zn.xyz,1.85,Cx2Cx12Hx3H-LLHL,41.4090,0.9662,0.5346,39.58,8.89,101.05,102.90,-54.54,0.187,0.234,19.580,16.503,20.690,,,16.026,22.256,,,18.8687
4m9e_cluster2_Zn,14,#7f7f7f,1,/Users/stetef/Documents/SLAC/zn-cys-his/clustering-zinc-fingers/cluster-output/2cys2his-large/prep/annotated_xyz/4m9e_cluster2_Zn.xyz,1.85,Cx4Cx12Hx3H-LLHH,48.2597,0.9752,0.5468,13.09,1.34,0.82,102.39,-52.19,0.187,0.234,13.300,12.843,15.260,,,11.553,15.413,,,13.7673
4m9e_cluster3_Zn,14,#7f7f7f,1,/Users/stetef/Documents/SLAC/zn-cys-his/clustering-zinc-fingers/cluster-output/2cys2his-large/prep/annotated_xyz/4m9e_cluster3_Zn.xyz,1.85,Cx4Cx12Hx3H-LLHH,50.2681,0.9950,0.5971,17.18,6.52,2.60,111.58,-51.97,0.187,0.234,20.780,22.437,29.367,,,17.469,22.126,,,22.8498
4m9v_cluster1_Zn_altlocLIGA,0,#1f77b4,1,/Users/stetef/Documents/SLAC/zn-cys-his/clustering-zinc-fingers/cluster-output/2cys2his-large/prep/annotated_xyz/4m9v_cluster1_Zn_altlocLIGA.xyz,0.97,Cx2Cx12Hx3H-LLHH,37.9288,0.9942,0.5819,33.17,7.48,91.57,98.36,-64.73,0.130,0.143,7.660,8.530,10.147,,,7.030,7.674,,,8.3453
4m9v_cluster1_Zn_altlocLIGB,0,#1f77b4,1,/Users/stetef/Documents/SLAC/zn-cys-his/clustering-zinc-fingers/cluster-output/2cys2his-large/prep/annotated_xyz/4m9v_cluster1_Zn_altlocLIGB.xyz,0.97,Cx2Cx12Hx3H-LLHH,37.9288,0.9942,0.5819,33.17,7.48,91.57,98.36,-64.73,0.130,0.143,7.660,8.530,10.147,,,7.030,7.674,,,8.3453
4m9v_cluster2_Zn_altlocLIGA,14,#7f7f7f,1,/Users/stetef/Documents/SLAC/zn-cys-his/clustering-zinc-fingers/cluster-output/2cys2his-large/prep/annotated_xyz/4m9v_cluster2_Zn_altlocLIGA.xyz,0.97,Cx2Cx12Hx3H-LLHH,36.6784,0.9484,0.4006,37.53,6.99,93.15,110.15,-60.18,0.130,0.143,8.820,9.010,8.027,,,8.171,7.790,,,8.2495
4m9v_cluster2_Zn_altlocLIGB,14,#7f7f7f,1,/Users/stetef/Documents/SLAC/zn-cys-his/clustering-zinc-fingers/cluster-output/2cys2his-large/prep/annotated_xyz/4m9v_cluster2_Zn_altlocLIGB.xyz,0.97,Cx2Cx12Hx3H-LLHH,36.6784,0.9484,0.4006,37.53,6.99,93.15,110.15,-60.18,0.130,0.143,8.820,9.010,8.027,,,8.171,7.790,,,8.2495
4m9v_cluster3_Zn_altlocLIGA,0,#1f77b4,1,/Users/stetef/Documents/SLAC/zn-cys-his/clustering-zinc-fingers/cluster-output/2cys2his-large/prep/annotated_xyz/4m9v_cluster3_Zn_altlocLIGA.xyz,0.97,Cx2Cx12Hx3H-LLHH,37.9794,0.9931,0.5828,33.60,7.82,91.66,97.22,-62.31,0.130,0.143,7.610,8.420,10.043,,,6.814,7.514,,,8.1978
4m9v_cluster3_Zn_altlocLIGB,0,#1f77b4,1,/Users/stetef/Documents/SLAC/zn-cys-his/clustering-zinc-fingers/cluster-output/2cys2his-large/prep/annotated_xyz/4m9v_cluster3_Zn_altlocLIGB.xyz,0.97,Cx2Cx12Hx3H-LLHH,37.9794,0.9931,0.5828,33.60,7.82,91.66,97.22,-62.31,0.130,0.143,7.610,8.420,10.043,,,6.814,7.514,,,8.1978
4m9v_cluster4_Zn,14,#7f7f7f,1,/Users/stetef/Documents/SLAC/zn-cys-his/clustering-zinc-fingers/cluster-output/2cys2his-large/prep/annotated_xyz/4m9v_cluster4_Zn.xyz,0.97,Cx2Cx12Hx3H-LLHH,36.5570,0.9505,0.3989,38.43,6.86,93.60,112.81,-59.56,0.130,0.143,8.720,8.897,7.910,,,8.160,7.804,,,8.1928
4msx_cluster1_Zn,15,#c7c7c7,1,/Users/stetef/Documents/SLAC/zn-cys-his/clustering-zinc-fingers/cluster-output/2cys2his-large/prep/annotated_xyz/4msx_cluster1_Zn.xyz,1.87,Cx2Cx15Hx5H-SLHL,43.5982,0.9960,0.6148,44.26,11.73,91.16,77.58,-3.42,0.185,0.220,32.870,29.920,33.050,,,31.923,35.171,,,32.5160
4n0n_cluster1_Zn,6,#d62728,1,/Users/stetef/Documents/SLAC/zn-cys-his/clustering-zinc-fingers/cluster-output/2cys2his-large/prep/annotated_xyz/4n0n_cluster1_Zn.xyz,2.00,Cx11Hx2Hx0C-LHLL,21.2209,0.9939,0.1931,30.49,66.26,91.29,-113.36,77.78,0.195,0.224,30.960,32.097,32.817,,,30.801,32.677,,,32.0980
4ndf_cluster1_Zn,0,#1f77b4,1,/Users/stetef/Documents/SLAC/zn-cys-his/clustering-zinc-fingers/cluster-output/2cys2his-large/prep/annotated_xyz/4ndf_cluster1_Zn.xyz,1.94,Cx2Cx12Hx3H-LLHH,48.6490,0.9777,0.6095,43.46,9.89,94.89,115.95,-46.89,0.171,0.205,32.870,32.543,45.130,,,33.941,41.911,,,38.3813
4ndf_cluster2_Zn,0,#1f77b4,1,/Users/stetef/Documents/SLAC/zn-cys-his/clustering-zinc-fingers/cluster-output/2cys2his-large/prep/annotated_xyz/4ndf_cluster2_Zn.xyz,1.94,Cx2Cx12Hx3H-LLHH,45.8589,0.9538,0.5924,47.08,8.77,92.10,119.79,-32.36,0.171,0.205,37.260,35.053,50.670,,,42.481,51.330,,,44.8835
4ndh_cluster1_Zn,0,#1f77b4,1,/Users/stetef/Documents/SLAC/zn-cys-his/clustering-zinc-fingers/cluster-output/2cys2his-large/prep/annotated_xyz/4ndh_cluster1_Zn.xyz,1.85,Cx2Cx12Hx3H-LLHH,44.5155,0.9849,0.5968,39.78,6.28,95.59,102.81,-45.56,0.163,0.196,28.190,26.617,33.570,,,29.200,34.207,,,30.8985
4ndi_cluster1_Zn,0,#1f77b4,1,/Users/stetef/Documents/SLAC/zn-cys-his/clustering-zinc-fingers/cluster-output/2cys2his-large/prep/annotated_xyz/4ndi_cluster1_Zn.xyz,1.90,Cx2Cx12Hx3H-LLHH,47.2881,0.9669,0.6143,47.14,9.83,95.85,114.18,-31.29,0.154,0.182,18.590,14.990,23.307,,,18.179,21.756,,,19.5580
4ndi_cluster2_Zn,0,#1f77b4,1,/Users/stetef/Documents/SLAC/zn-cys-his/clustering-zinc-fingers/cluster-output/2cys2his-large/prep/annotated_xyz/4ndi_cluster2_Zn.xyz,1.90,Cx2Cx12Hx3H-LLHH,45.2532,0.9701,0.5980,47.00,10.87,95.07,120.88,-38.80,0.154,0.182,26.960,22.820,30.237,,,26.766,29.529,,,27.3380
4r2a_cluster1_Zn,14,#7f7f7f,1,/Users/stetef/Documents/SLAC/zn-cys-his/clustering-zinc-fingers/cluster-output/2cys2his-large/prep/annotated_xyz/4r2a_cluster1_Zn.xyz,1.59,Cx4Cx12Hx3H-LLHH,54.5934,0.9842,0.6299,17.47,-1.84,10.16,106.21,-44.64,0.137,0.189,34.250,35.110,43.787,,,27.696,32.140,,,34.6833
4r2a_cluster2_Zn,0,#1f77b4,1,/Users/stetef/Documents/SLAC/zn-cys-his/clustering-zinc-fingers/cluster-output/2cys2his-large/prep/annotated_xyz/4r2a_cluster2_Zn.xyz,1.59,Cx2Cx12Hx3H-LLHH,42.0024,0.9844,0.5868,38.47,13.03,91.52,103.58,-54.24,0.137,0.189,21.740,21.657,25.420,,,17.569,20.399,,,21.2613
4r2a_cluster3_Zn,0,#1f77b4,1,/Users/stetef/Documents/SLAC/zn-cys-his/clustering-zinc-fingers/cluster-output/2cys2his-large/prep/annotated_xyz/4r2a_cluster3_Zn.xyz,1.59,Cx2Cx12Hx3H-LLHH,37.3176,0.9890,0.5683,37.48,8.11,91.58,105.19,-54.94,0.137,0.189,15.720,14.647,15.943,,,13.784,18.687,,,15.7653
4r2c_cluster1_Zn,0,#1f77b4,1,/Users/stetef/Documents/SLAC/zn-cys-his/clustering-zinc-fingers/cluster-output/2cys2his-large/prep/annotated_xyz/4r2c_cluster1_Zn.xyz,1.89,Cx4Cx12Hx3H-LLHH,54.4879,0.9685,0.6482,14.92,-3.74,1.61,106.81,-45.01,0.199,0.250,38.760,40.727,54.690,,,34.457,31.789,,,40.4158
4r2c_cluster2_Zn,0,#1f77b4,1,/Users/stetef/Documents/SLAC/zn-cys-his/clustering-zinc-fingers/cluster-output/2cys2his-large/prep/annotated_xyz/4r2c_cluster2_Zn.xyz,1.89,Cx2Cx12Hx3H-LLHH,39.9168,0.9910,0.5673,39.35,10.55,86.15,108.76,-48.06,0.199,0.250,21.760,23.140,25.047,,,16.927,20.603,,,21.4293
4r2c_cluster3_Zn,0,#1f77b4,1,/Users/stetef/Documents/SLAC/zn-cys-his/clustering-zinc-fingers/cluster-output/2cys2his-large/prep/annotated_xyz/4r2c_cluster3_Zn.xyz,1.89,Cx2Cx12Hx3H-LLHH,36.8196,0.9875,0.5765,42.59,8.96,92.70,114.37,-45.67,0.199,0.250,14.850,13.163,15.553,,,13.374,18.237,,,15.0817
4r2e_cluster1_Zn,14,#7f7f7f,1,/Users/stetef/Documents/SLAC/zn-cys-his/clustering-zinc-fingers/cluster-output/2cys2his-large/prep/annotated_xyz/4r2e_cluster1_Zn.xyz,1.84,Cx4Cx12Hx3H-LLHH,54.0984,0.9903,0.6215,16.46,15.16,9.09,99.78,-58.18,0.162,0.208,21.040,20.780,26.907,,,17.053,20.536,,,21.3190
4r2e_cluster2_Zn,0,#1f77b4,1,/Users/stetef/Documents/SLAC/zn-cys-his/clustering-zinc-fingers/cluster-output/2cys2his-large/prep/annotated_xyz/4r2e_cluster2_Zn.xyz,1.84,Cx2Cx12Hx3H-LLHH,41.2246,0.9867,0.5714,37.20,6.16,90.44,109.41,-57.21,0.162,0.208,23.140,21.913,24.503,,,16.916,22.027,,,21.3398
4r2e_cluster3_Zn,14,#7f7f7f,1,/Users/stetef/Documents/SLAC/zn-cys-his/clustering-zinc-fingers/cluster-output/2cys2his-large/prep/annotated_xyz/4r2e_cluster3_Zn.xyz,1.84,Cx4Cx12Hx3H-LLHH,41.9474,0.9642,0.4702,13.27,-8.63,17.46,98.77,-54.52,0.162,0.208,26.630,24.133,32.377,,,20.970,28.406,,,26.4715
4r2p_cluster1_Zn,14,#7f7f7f,1,/Users/stetef/Documents/SLAC/zn-cys-his/clustering-zinc-fingers/cluster-output/2cys2his-large/prep/annotated_xyz/4r2p_cluster1_Zn.xyz,1.79,Cx4Cx12Hx3H-LLHH,54.8996,0.9869,0.6436,19.66,14.55,12.13,102.91,-50.97,0.179,0.210,19.160,17.613,22.180,,,17.476,21.069,,,19.5845
4r2p_cluster2_Zn,0,#1f77b4,1,/Users/stetef/Documents/SLAC/zn-cys-his/clustering-zinc-fingers/cluster-output/2cys2his-large/prep/annotated_xyz/4r2p_cluster2_Zn.xyz,1.79,Cx2Cx12Hx3H-LLHH,40.6038,0.9872,0.5764,34.46,6.35,88.92,102.44,-59.87,0.179,0.210,22.850,20.873,25.170,,,17.489,21.739,,,21.3178
4r2p_cluster3_Zn,14,#7f7f7f,1,/Users/stetef/Documents/SLAC/zn-cys-his/clustering-zinc-fingers/cluster-output/2cys2his-large/prep/annotated_xyz/4r2p_cluster3_Zn.xyz,1.79,Cx4Cx12Hx3H-LLHH,40.3452,0.9611,0.4639,13.47,-8.59,10.17,104.77,-52.47,0.179,0.210,21.540,19.450,24.237,,,18.279,24.076,,,21.5105
4r2q_cluster1_Zn,14,#7f7f7f,1,/Users/stetef/Documents/SLAC/zn-cys-his/clustering-zinc-fingers/cluster-output/2cys2his-large/prep/annotated_xyz/4r2q_cluster1_Zn.xyz,1.54,Cx4Cx12Hx3H-LLHH,54.4718,0.9878,0.6197,19.48,12.65,12.42,102.00,-49.16,0.161,0.193,19.250,19.360,26.257,,,16.109,19.737,,,20.3657
4r2q_cluster2_Zn,0,#1f77b4,1,/Users/stetef/Documents/SLAC/zn-cys-his/clustering-zinc-fingers/cluster-output/2cys2his-large/prep/annotated_xyz/4r2q_cluster2_Zn.xyz,1.54,Cx2Cx12Hx3H-LLHH,41.0118,0.9929,0.5807,38.16,7.62,90.09,110.64,-55.71,0.161,0.193,21.600,21.057,24.157,,,16.766,22.327,,,21.0767
4r2q_cluster3_Zn,14,#7f7f7f,1,/Users/stetef/Documents/SLAC/zn-cys-his/clustering-zinc-fingers/cluster-output/2cys2his-large/prep/annotated_xyz/4r2q_cluster3_Zn.xyz,1.54,Cx4Cx12Hx3H-LLHH,41.2535,0.9500,0.4581,15.07,-7.47,12.85,103.73,-48.84,0.161,0.193,21.930,19.280,25.133,,,18.067,24.890,,,21.8425
4x9j_cluster2_Zn,0,#1f77b4,1,/Users/stetef/Documents/SLAC/zn-cys-his/clustering-zinc-fingers/cluster-output/2cys2his-large/prep/annotated_xyz/4x9j_cluster2_Zn.xyz,1.41,Cx2Cx12Hx3H-LLHH,40.3040,0.9890,0.5724,39.50,9.52,91.06,107.41,-50.01,0.172,0.200,13.270,14.060,17.523,,,10.421,13.077,,,13.7703
4x9j_cluster3_Zn,0,#1f77b4,1,/Users/stetef/Documents/SLAC/zn-cys-his/clustering-zinc-fingers/cluster-output/2cys2his-large/prep/annotated_xyz/4x9j_cluster3_Zn.xyz,1.41,Cx2Cx12Hx3H-LLHH,35.8828,0.9922,0.5665,38.96,5.45,89.70,115.12,-54.42,0.172,0.200,8.100,9.257,9.653,,,7.196,12.503,,,9.6523
4zme_cluster1_Zn,17,#dbdb8d,1,/Users/stetef/Documents/SLAC/zn-cys-his/clustering-zinc-fingers/cluster-output/2cys2his-large/prep/annotated_xyz/4zme_cluster1_Zn.xyz,1.98,Hx51Hx1Cx3C-HHLH,9.1880,0.9764,0.5144,56.99,141.95,34.35,-13.99,65.63,0.214,0.236,30.110,34.240,28.033,,,27.996,27.586,,,29.4638
5din_cluster3_Zn,22,#ff7f0e,1,/Users/stetef/Documents/SLAC/zn-cys-his/clustering-zinc-fingers/cluster-output/2cys2his-large/prep/annotated_xyz/5din_cluster3_Zn.xyz,1.86,Cx2Cx3Hx5H-LLLL,18.4994,0.9825,0.5608,72.14,7.68,82.42,74.06,124.38,0.190,0.232,21.030,23.757,23.053,,,20.641,20.741,,,22.0480
5din_cluster6_Zn,22,#ff7f0e,1,/Users/stetef/Documents/SLAC/zn-cys-his/clustering-zinc-fingers/cluster-output/2cys2his-large/prep/annotated_xyz/5din_cluster6_Zn.xyz,1.86,Cx2Cx3Hx5H-LLLL,19.2964,0.9725,0.5599,75.00,7.43,85.56,86.33,120.67,0.190,0.232,14.850,17.910,14.583,,,15.600,17.889,,,16.4955
5egb_cluster1_Zn,0,#1f77b4,1,/Users/stetef/Documents/SLAC/zn-cys-his/clustering-zinc-fingers/cluster-output/2cys2his-large/prep/annotated_xyz/5egb_cluster1_Zn.xyz,1.98,Cx2Cx12Hx3H-LLHH,41.8696,0.9753,0.5568,36.62,14.69,89.71,107.63,-65.55,0.193,0.220,26.290,25.360,25.197,,,23.141,30.531,,,26.0572
5egb_cluster2_Zn,0,#1f77b4,1,/Users/stetef/Documents/SLAC/zn-cys-his/clustering-zinc-fingers/cluster-output/2cys2his-large/prep/annotated_xyz/5egb_cluster2_Zn.xyz,1.98,Cx2Cx12Hx3H-LLHH,37.0645,0.9708,0.4665,36.89,8.94,93.01,107.42,-61.82,0.193,0.220,25.270,24.163,27.743,,,24.857,28.884,,,26.4117
5egb_cluster3_Zn,0,#1f77b4,1,/Users/stetef/Documents/SLAC/zn-cys-his/clustering-zinc-fingers/cluster-output/2cys2his-large/prep/annotated_xyz/5egb_cluster3_Zn.xyz,1.98,Cx2Cx12Hx3H-LLHH,45.5009,0.9805,0.5716,40.22,14.62,96.60,101.96,-52.28,0.193,0.220,31.550,26.450,28.980,,,27.441,32.973,,,28.9610
5egb_cluster4_Zn,14,#7f7f7f,1,/Users/stetef/Documents/SLAC/zn-cys-his/clustering-zinc-fingers/cluster-output/2cys2his-large/prep/annotated_xyz/5egb_cluster4_Zn.xyz,1.98,Cx2Cx12Hx3H-LLHL,43.8223,0.7379,0.5750,-0.05,13.50,-67.33,104.16,-50.53,0.193,0.220,64.310,55.473,62.563,,,55.230,68.664,,,60.4825
5ei9_cluster2_Zn,0,#1f77b4,1,/Users/stetef/Documents/SLAC/zn-cys-his/clustering-zinc-fingers/cluster-output/2cys2his-large/prep/annotated_xyz/5ei9_cluster2_Zn.xyz,1.92,Cx2Cx12Hx3H-LLHH,39.0875,0.8210,0.4079,-14.65,15.05,-117.85,106.86,-62.65,0.214,0.237,76.020,69.470,74.753,,,64.356,74.586,,,70.7913
5ei9_cluster4_Zn,0,#1f77b4,1,/Users/stetef/Documents/SLAC/zn-cys-his/clustering-zinc-fingers/cluster-output/2cys2his-large/prep/annotated_xyz/5ei9_cluster4_Zn.xyz,1.92,Cx2Cx12Hx3H-LLHL,43.2586,0.8472,0.5768,42.74,14.76,98.57,101.76,-44.11,0.214,0.237,54.650,50.457,57.060,,,55.514,68.661,,,57.9230
5ei9_cluster6_Zn,0,#1f77b4,1,/Users/stetef/Documents/SLAC/zn-cys-his/clustering-zinc-fingers/cluster-output/2cys2his-large/prep/annotated_xyz/5ei9_cluster6_Zn.xyz,1.92,Cx2Cx12Hx3H-LLHH,44.8197,0.9552,0.6029,44.54,14.93,96.99,114.49,-48.24,0.214,0.237,41.110,42.423,42.297,,,36.566,43.150,,,41.1090
5ei9_cluster8_Zn,0,#1f77b4,1,/Users/stetef/Documents/SLAC/zn-cys-his/clustering-zinc-fingers/cluster-output/2cys2his-large/prep/annotated_xyz/5ei9_cluster8_Zn.xyz,1.92,Cx2Cx12Hx3H-LLHL,43.9804,0.9357,0.5756,43.70,19.21,97.05,103.92,-45.40,0.214,0.237,42.160,38.917,40.033,,,42.374,55.141,,,44.1163
5f3z_cluster1_Zn,7,#ff9896,1,/Users/stetef/Documents/SLAC/zn-cys-his/clustering-zinc-fingers/cluster-output/2cys2his-large/prep/annotated_xyz/5f3z_cluster1_Zn.xyz,2.00,Hx1Hx13Cx118C-SSSH,47.3460,0.9452,0.2492,-32.95,44.78,11.73,-108.35,-79.97,0.184,0.219,26.780,23.727,24.683,,,24.093,25.596,,,24.5248
5f41_cluster1_Zn,7,#ff9896,1,/Users/stetef/Documents/SLAC/zn-cys-his/clustering-zinc-fingers/cluster-output/2cys2his-large/prep/annotated_xyz/5f41_cluster1_Zn.xyz,2.00,Hx1Hx13Cx118C-SSSH,47.2049,0.9535,0.2544,-35.14,45.09,12.73,-109.97,-88.42,0.186,0.224,23.900,22.923,22.707,,,21.560,23.234,,,22.6060
5g0f_cluster2_Zn,15,#c7c7c7,1,/Users/stetef/Documents/SLAC/zn-cys-his/clustering-zinc-fingers/cluster-output/2cys2his-large/prep/annotated_xyz/5g0f_cluster2_Zn.xyz,1.90,Cx2Cx15Hx5H-SLHL,49.2545,0.9954,0.6737,46.39,11.46,99.50,96.16,-21.58,0.179,0.215,23.200,18.670,25.027,,,28.320,27.227,,,24.8110
5g2t_cluster1_Zn,6,#d62728,1,/Users/stetef/Documents/SLAC/zn-cys-his/clustering-zinc-fingers/cluster-output/2cys2his-large/prep/annotated_xyz/5g2t_cluster1_Zn.xyz,1.90,Cx0Cx235Hx6H-HHLH,20.3103,0.9241,0.2977,-70.69,-94.22,-152.30,62.95,-99.21,0.160,0.198,20.640,18.610,21.030,,,24.687,21.787,,,21.5285
5g2t_cluster2_Zn,6,#d62728,1,/Users/stetef/Documents/SLAC/zn-cys-his/clustering-zinc-fingers/cluster-output/2cys2his-large/prep/annotated_xyz/5g2t_cluster2_Zn.xyz,1.90,Cx0Cx235Hx6H-HHLH,19.7492,0.9145,0.3044,-70.53,-97.15,-151.94,62.27,-95.28,0.160,0.198,20.020,20.773,21.997,,,26.490,22.679,,,22.9847
5g2t_cluster3_Zn,6,#d62728,1,/Users/stetef/Documents/SLAC/zn-cys-his/clustering-zinc-fingers/cluster-output/2cys2his-large/prep/annotated_xyz/5g2t_cluster3_Zn.xyz,1.90,Cx0Cx235Hx6H-HHLH,19.9325,0.9150,0.3149,-69.73,-94.85,-145.11,62.60,-101.54,0.160,0.198,16.500,15.910,18.170,,,18.566,17.836,,,17.6205
5g2u_cluster1_Zn,6,#d62728,1,/Users/stetef/Documents/SLAC/zn-cys-his/clustering-zinc-fingers/cluster-output/2cys2his-large/prep/annotated_xyz/5g2u_cluster1_Zn.xyz,1.43,Cx0Cx235Hx6H-HHLH,20.3355,0.9331,0.3298,-70.45,-99.28,-151.12,67.15,-98.56,0.130,0.160,20.280,18.393,20.883,,,20.700,20.336,,,20.0780
5gof_cluster1_Zn,22,#ff7f0e,1,/Users/stetef/Documents/SLAC/zn-cys-his/clustering-zinc-fingers/cluster-output/2cys2his-large/prep/annotated_xyz/5gof_cluster1_Zn.xyz,1.60,Cx32Hx2Hx8C-LLLL,27.5351,0.8879,0.4607,42.24,39.25,84.36,115.99,-70.66,0.179,0.215,43.900,48.790,42.900,,,55.069,78.361,,,56.2800
5h9m_cluster2_Zn,14,#7f7f7f,1,/Users/stetef/Documents/SLAC/zn-cys-his/clustering-zinc-fingers/cluster-output/2cys2his-large/prep/annotated_xyz/5h9m_cluster2_Zn.xyz,1.76,Cx6Cx11Hx4H-LLHH,48.2474,0.9866,0.5734,-1.99,-38.39,8.00,94.34,-71.92,0.178,0.227,18.410,18.887,24.247,,,14.941,18.560,,,19.1588
5h9m_cluster4_Zn,14,#7f7f7f,1,/Users/stetef/Documents/SLAC/zn-cys-his/clustering-zinc-fingers/cluster-output/2cys2his-large/prep/annotated_xyz/5h9m_cluster4_Zn.xyz,1.76,Cx6Cx11Hx4H-LLHH,51.6879,0.9833,0.6055,-0.97,-38.87,6.50,90.32,-61.84,0.178,0.227,18.590,19.227,21.820,,,17.343,18.394,,,19.1960
5hmz_cluster1_Zn,7,#ff9896,1,/Users/stetef/Documents/SLAC/zn-cys-his/clustering-zinc-fingers/cluster-output/2cys2his-large/prep/annotated_xyz/5hmz_cluster1_Zn.xyz,1.99,Hx1Hx13Cx118C-SSSH,47.7903,0.9540,0.2628,-33.53,41.62,13.84,-109.80,-79.79,0.181,0.211,29.050,26.653,28.337,,,26.234,28.556,,,27.4450
5hzd_cluster1_Zn,0,#1f77b4,1,/Users/stetef/Documents/SLAC/zn-cys-his/clustering-zinc-fingers/cluster-output/2cys2his-large/prep/annotated_xyz/5hzd_cluster1_Zn.xyz,1.60,Cx2Cx13Hx4H-LLHH,42.7988,0.9768,0.5641,33.76,7.11,99.67,87.84,-59.57,0.166,0.200,23.460,20.857,27.297,,,23.540,24.084,,,23.9445
5i3q_cluster1_Zn,7,#ff9896,1,/Users/stetef/Documents/SLAC/zn-cys-his/clustering-zinc-fingers/cluster-output/2cys2his-large/prep/annotated_xyz/5i3q_cluster1_Zn.xyz,1.88,Hx1Hx13Cx118C-SSSH,47.9021,0.9636,0.2679,-34.05,41.39,14.98,-109.91,-82.66,0.176,0.202,25.340,22.527,26.443,,,22.851,25.840,,,24.4153
5i49_cluster1_Zn,0,#1f77b4,1,/Users/stetef/Documents/SLAC/zn-cys-his/clustering-zinc-fingers/cluster-output/2cys2his-large/prep/annotated_xyz/5i49_cluster1_Zn.xyz,1.80,Cx2Cx13Hx4H-LLHH,43.5413,0.9637,0.5625,34.76,10.60,93.16,89.59,-54.31,0.173,0.207,26.550,23.663,33.587,,,22.486,26.664,,,26.6000
5j47_cluster1_Zn,1,#aec7e8,1,/Users/stetef/Documents/SLAC/zn-cys-his/clustering-zinc-fingers/cluster-output/2cys2his-large/prep/annotated_xyz/5j47_cluster1_Zn.xyz,1.99,Cx2Cx7Hx3H-HHHH,29.1342,0.9483,0.4133,8.74,23.89,-99.72,134.10,-23.31,0.183,0.221,49.620,54.123,51.290,,,43.160,41.609,,,47.5455
5ja5_cluster1_Zn,22,#ff7f0e,1,/Users/stetef/Documents/SLAC/zn-cys-his/clustering-zinc-fingers/cluster-output/2cys2his-large/prep/annotated_xyz/5ja5_cluster1_Zn.xyz,2.00,Hx2Cx15Hx1C-HLLL,22.8789,0.7290,0.5476,-37.70,-29.67,-76.89,-154.37,110.14,0.203,0.228,96.710,82.973,93.963,,,73.889,68.749,,,79.8935
5ke6_cluster1_Zn,0,#1f77b4,1,/Users/stetef/Documents/SLAC/zn-cys-his/clustering-zinc-fingers/cluster-output/2cys2his-large/prep/annotated_xyz/5ke6_cluster1_Zn.xyz,1.99,Cx2Cx12Hx3H-LLHL,43.0843,0.9376,0.5573,37.53,7.57,90.33,93.26,-41.03,0.198,0.234,46.440,45.753,49.390,,,71.466,65.853,,,58.1155
5ke6_cluster2_Zn,14,#7f7f7f,1,/Users/stetef/Documents/SLAC/zn-cys-his/clustering-zinc-fingers/cluster-output/2cys2his-large/prep/annotated_xyz/5ke6_cluster2_Zn.xyz,1.99,Cx4Cx12Hx3H-LLHH,49.4251,0.9469,0.5567,20.16,4.10,19.74,99.25,-42.44,0.198,0.234,33.390,31.713,43.147,,,37.900,47.457,,,40.0542
5ke6_cluster3_Zn,14,#7f7f7f,1,/Users/stetef/Documents/SLAC/zn-cys-his/clustering-zinc-fingers/cluster-output/2cys2his-large/prep/annotated_xyz/5ke6_cluster3_Zn.xyz,1.99,Cx4Cx12Hx3H-LLHH,49.6041,0.9789,0.5794,15.44,12.17,4.09,97.18,-51.66,0.198,0.234,36.050,37.957,45.577,,,38.604,45.381,,,41.8798
5kh3_cluster1_Zn,15,#c7c7c7,1,/Users/stetef/Documents/SLAC/zn-cys-his/clustering-zinc-fingers/cluster-output/2cys2his-large/prep/annotated_xyz/5kh3_cluster1_Zn.xyz,1.60,Cx2Cx15Hx5H-SLHL,47.9033,0.9883,0.6734,39.53,10.13,95.98,71.31,-19.28,0.157,0.191,11.430,9.793,13.320,,,10.807,11.046,,,11.2415
5kh7_cluster1_Zn,15,#c7c7c7,1,/Users/stetef/Documents/SLAC/zn-cys-his/clustering-zinc-fingers/cluster-output/2cys2his-large/prep/annotated_xyz/5kh7_cluster1_Zn.xyz,1.70,Cx2Cx15Hx5H-SLHL,47.2587,0.9865,0.6671,39.05,8.33,96.28,69.96,-18.38,0.146,0.183,6.140,4.807,6.457,,,6.031,5.729,,,5.7560
5kkq_cluster10_Zn,0,#1f77b4,1,/Users/stetef/Documents/SLAC/zn-cys-his/clustering-zinc-fingers/cluster-output/2cys2his-large/prep/annotated_xyz/5kkq_cluster10_Zn.xyz,1.74,Cx2Cx12Hx4H-LLHH,43.4900,0.9349,0.5190,39.54,3.98,99.31,98.71,-43.85,0.170,0.199,30.470,25.870,32.887,,,26.633,34.270,,,29.9150
5kkq_cluster1_Zn,0,#1f77b4,1,/Users/stetef/Documents/SLAC/zn-cys-his/clustering-zinc-fingers/cluster-output/2cys2his-large/prep/annotated_xyz/5kkq_cluster1_Zn.xyz,1.74,Cx2Cx12Hx4H-LLHH,49.5008,0.9353,0.5895,34.33,7.20,101.19,82.52,-53.58,0.170,0.199,55.670,50.577,58.680,,,44.803,64.643,,,54.6758
5kkq_cluster3_Zn,0,#1f77b4,1,/Users/stetef/Documents/SLAC/zn-cys-his/clustering-zinc-fingers/cluster-output/2cys2his-large/prep/annotated_xyz/5kkq_cluster3_Zn.xyz,1.74,Cx2Cx12Hx3H-LLHH,46.4285,0.9475,0.5611,37.60,8.65,101.60,87.73,-47.56,0.170,0.199,37.280,37.297,40.653,,,31.086,41.751,,,37.6968
5kkq_cluster4_Zn,0,#1f77b4,1,/Users/stetef/Documents/SLAC/zn-cys-his/clustering-zinc-fingers/cluster-output/2cys2his-large/prep/annotated_xyz/5kkq_cluster4_Zn.xyz,1.74,Cx2Cx12Hx4H-LLHH,43.5945,0.9769,0.5720,39.95,10.03,92.90,102.34,-45.46,0.170,0.199,32.980,29.913,37.973,,,25.970,31.887,,,31.4357
5kkq_cluster5_Zn,0,#1f77b4,1,/Users/stetef/Documents/SLAC/zn-cys-his/clustering-zinc-fingers/cluster-output/2cys2his-large/prep/annotated_xyz/5kkq_cluster5_Zn.xyz,1.74,Cx2Cx12Hx4H-SLHH,45.0919,0.9552,0.5704,40.40,12.42,93.95,97.79,-42.57,0.170,0.199,33.470,28.920,37.893,,,26.676,37.624,,,32.7782
5kkq_cluster7_Zn,0,#1f77b4,1,/Users/stetef/Documents/SLAC/zn-cys-his/clustering-zinc-fingers/cluster-output/2cys2his-large/prep/annotated_xyz/5kkq_cluster7_Zn.xyz,1.74,Cx2Cx12Hx3H-LLHH,47.9068,0.9505,0.5412,33.59,8.44,99.37,88.53,-61.98,0.170,0.199,34.100,35.157,38.880,,,32.799,39.854,,,36.6725
5kkq_cluster8_Zn,0,#1f77b4,1,/Users/stetef/Documents/SLAC/zn-cys-his/clustering-zinc-fingers/cluster-output/2cys2his-large/prep/annotated_xyz/5kkq_cluster8_Zn.xyz,1.74,Cx2Cx12Hx3H-LLHH,45.9172,0.9642,0.5559,40.22,7.46,102.59,102.48,-51.65,0.170,0.199,32.650,34.330,36.717,,,32.114,36.167,,,34.8320
5kkq_cluster9_Zn,0,#1f77b4,1,/Users/stetef/Documents/SLAC/zn-cys-his/clustering-zinc-fingers/cluster-output/2cys2his-large/prep/annotated_xyz/5kkq_cluster9_Zn.xyz,1.74,Cx2Cx12Hx4H-LLHH,43.3410,0.9704,0.5643,35.80,5.06,90.61,98.42,-50.90,0.170,0.199,34.520,31.003,39.610,,,29.933,37.961,,,34.6268
5kl2_cluster1_Zn,14,#7f7f7f,1,/Users/stetef/Documents/SLAC/zn-cys-his/clustering-zinc-fingers/cluster-output/2cys2his-large/prep/annotated_xyz/5kl2_cluster1_Zn.xyz,1.69,Cx4Cx12Hx3H-LLHH,55.3339,0.9850,0.6351,16.98,11.32,4.87,99.98,-48.26,0.164,0.193,20.570,24.047,22.503,,,17.743,23.083,,,21.8440
5kl2_cluster2_Zn,0,#1f77b4,1,/Users/stetef/Documents/SLAC/zn-cys-his/clustering-zinc-fingers/cluster-output/2cys2his-large/prep/annotated_xyz/5kl2_cluster2_Zn.xyz,1.69,Cx2Cx12Hx3H-LLHH,44.6472,0.9922,0.5758,40.52,12.37,92.45,108.78,-51.50,0.164,0.193,24.390,23.377,28.807,,,18.001,27.097,,,24.3205
5kl3_cluster1_Zn,14,#7f7f7f,1,/Users/stetef/Documents/SLAC/zn-cys-his/clustering-zinc-fingers/cluster-output/2cys2his-large/prep/annotated_xyz/5kl3_cluster1_Zn.xyz,1.45,Cx4Cx12Hx3H-LLHH,56.3965,0.9901,0.6452,15.31,15.88,-0.03,98.63,-53.27,0.162,0.182,21.880,23.707,30.670,,,21.686,23.240,,,24.8257
5kl3_cluster2_Zn,0,#1f77b4,1,/Users/stetef/Documents/SLAC/zn-cys-his/clustering-zinc-fingers/cluster-output/2cys2his-large/prep/annotated_xyz/5kl3_cluster2_Zn.xyz,1.45,Cx2Cx12Hx3H-LLHH,40.7430,0.9912,0.5795,37.49,9.17,87.55,106.97,-53.76,0.162,0.182,20.530,18.480,23.690,,,16.669,25.181,,,21.0050
5kl3_cluster3_Zn,14,#7f7f7f,1,/Users/stetef/Documents/SLAC/zn-cys-his/clustering-zinc-fingers/cluster-output/2cys2his-large/prep/annotated_xyz/5kl3_cluster3_Zn.xyz,1.45,Cx4Cx12Hx3H-LLHH,40.1188,0.9624,0.4605,13.87,-10.89,15.44,106.81,-55.90,0.162,0.182,21.760,20.360,24.890,,,20.553,24.491,,,22.5735
5kl4_cluster1_Zn,14,#7f7f7f,1,/Users/stetef/Documents/SLAC/zn-cys-his/clustering-zinc-fingers/cluster-output/2cys2his-large/prep/annotated_xyz/5kl4_cluster1_Zn.xyz,1.78,Cx4Cx12Hx3H-LLHH,53.9602,0.9781,0.5987,16.37,12.93,5.95,95.15,-48.54,0.217,0.246,24.610,27.450,33.910,,,27.759,29.529,,,29.6620
5kl4_cluster2_Zn,0,#1f77b4,1,/Users/stetef/Documents/SLAC/zn-cys-his/clustering-zinc-fingers/cluster-output/2cys2his-large/prep/annotated_xyz/5kl4_cluster2_Zn.xyz,1.78,Cx2Cx12Hx3H-LLHH,42.8065,0.9860,0.5849,42.76,13.66,91.09,113.59,-47.28,0.217,0.246,20.660,27.877,29.617,,,22.903,25.256,,,26.4133
5kl4_cluster4_Zn,14,#7f7f7f,1,/Users/stetef/Documents/SLAC/zn-cys-his/clustering-zinc-fingers/cluster-output/2cys2his-large/prep/annotated_xyz/5kl4_cluster4_Zn.xyz,1.78,Cx4Cx12Hx3H-LLHH,55.2306,0.9766,0.5993,16.73,14.12,4.49,99.98,-51.69,0.217,0.246,25.430,28.287,39.223,,,26.824,36.883,,,32.8043
5kl4_cluster5_Zn,0,#1f77b4,1,/Users/stetef/Documents/SLAC/zn-cys-his/clustering-zinc-fingers/cluster-output/2cys2his-large/prep/annotated_xyz/5kl4_cluster5_Zn.xyz,1.78,Cx2Cx12Hx3H-LLHH,41.2451,0.9932,0.5708,36.86,8.16,92.09,105.01,-57.82,0.217,0.246,24.510,28.987,30.933,,,25.607,28.560,,,28.5217
5kl4_cluster6_Zn,14,#7f7f7f,1,/Users/stetef/Documents/SLAC/zn-cys-his/clustering-zinc-fingers/cluster-output/2cys2his-large/prep/annotated_xyz/5kl4_cluster6_Zn.xyz,1.78,Cx4Cx12Hx3H-LLHH,42.1192,0.9713,0.4741,11.34,-12.35,15.41,103.69,-61.37,0.217,0.246,25.330,27.017,35.037,,,26.450,37.886,,,31.5975
5kl6_cluster1_Zn,14,#7f7f7f,1,/Users/stetef/Documents/SLAC/zn-cys-his/clustering-zinc-fingers/cluster-output/2cys2his-large/prep/annotated_xyz/5kl6_cluster1_Zn.xyz,1.64,Cx4Cx12Hx3H-LLHH,56.0323,0.9893,0.6339,13.02,9.64,0.36,95.76,-53.70,0.173,0.206,28.570,29.603,35.483,,,25.613,28.349,,,29.7620
5kl6_cluster2_Zn,0,#1f77b4,1,/Users/stetef/Documents/SLAC/zn-cys-his/clustering-zinc-fingers/cluster-output/2cys2his-large/prep/annotated_xyz/5kl6_cluster2_Zn.xyz,1.64,Cx2Cx12Hx3H-LLHH,40.5071,0.9929,0.5709,36.20,4.89,89.00,102.29,-51.38,0.173,0.206,33.150,34.900,39.030,,,29.294,40.580,,,35.9510
5kl7_cluster2_Zn,0,#1f77b4,1,/Users/stetef/Documents/SLAC/zn-cys-his/clustering-zinc-fingers/cluster-output/2cys2his-large/prep/annotated_xyz/5kl7_cluster2_Zn.xyz,1.58,Cx2Cx12Hx3H-LLHH,41.6833,0.9867,0.5763,36.99,8.21,88.23,101.96,-50.46,0.164,0.194,18.820,18.780,21.720,,,15.586,21.810,,,19.4740
5kl7_cluster3_Zn,14,#7f7f7f,1,/Users/stetef/Documents/SLAC/zn-cys-his/clustering-zinc-fingers/cluster-output/2cys2his-large/prep/annotated_xyz/5kl7_cluster3_Zn.xyz,1.58,Cx4Cx12Hx3H-LLHH,43.7729,0.9670,0.4814,16.31,-8.01,20.25,105.57,-52.59,0.164,0.194,22.900,21.397,28.457,,,18.751,28.584,,,24.2972
5mvw_cluster1_Zn,23,#ffbb78,1,/Users/stetef/Documents/SLAC/zn-cys-his/clustering-zinc-fingers/cluster-output/2cys2his-large/prep/annotated_xyz/5mvw_cluster1_Zn.xyz,1.82,Hx1C-Hx1C-LH-LH,4.8438,0.9951,0.3996,-28.88,110.64,109.21,-167.89,-167.49,0.222,0.246,50.320,40.340,48.633,,,46.170,47.380,,,45.6307
5mw0_cluster1_Zn,23,#ffbb78,1,/Users/stetef/Documents/SLAC/zn-cys-his/clustering-zinc-fingers/cluster-output/2cys2his-large/prep/annotated_xyz/5mw0_cluster1_Zn.xyz,2.00,Hx1C-Hx1C-LH-LH,2.5582,0.9900,0.3998,-21.44,116.14,116.50,-161.35,-157.03,0.237,0.264,38.230,45.247,37.793,,,47.017,43.316,,,43.3433
5rl6_cluster2_Zn,1,#aec7e8,1,/Users/stetef/Documents/SLAC/zn-cys-his/clustering-zinc-fingers/cluster-output/2cys2his-large/prep/annotated_xyz/5rl6_cluster2_Zn.xyz,1.92,Cx2Cx13Hx5H-SLHL,41.3301,0.9714,0.6095,-10.61,22.70,-134.69,40.71,28.83,0.178,0.250,62.720,71.693,60.813,,,63.409,62.424,,,64.5847
5rl6_cluster4_Zn,1,#aec7e8,1,/Users/stetef/Documents/SLAC/zn-cys-his/clustering-zinc-fingers/cluster-output/2cys2his-large/prep/annotated_xyz/5rl6_cluster4_Zn.xyz,1.92,Cx2Cx13Hx5H-SLHL,40.2491,0.9854,0.6185,-4.38,13.59,-110.18,50.62,28.43,0.178,0.250,47.970,52.260,51.633,,,48.367,49.951,,,50.5527
5rl7_cluster1_Zn,1,#aec7e8,1,/Users/stetef/Documents/SLAC/zn-cys-his/clustering-zinc-fingers/cluster-output/2cys2his-large/prep/annotated_xyz/5rl7_cluster1_Zn.xyz,1.89,Cx2Cx13Hx5H-SLHL,40.3811,0.9700,0.6424,-5.90,11.12,-116.78,53.98,28.09,0.227,0.269,36.230,42.350,40.790,,,35.564,42.703,,,40.3518
5rlg_cluster1_Zn,1,#aec7e8,1,/Users/stetef/Documents/SLAC/zn-cys-his/clustering-zinc-fingers/cluster-output/2cys2his-large/prep/annotated_xyz/5rlg_cluster1_Zn.xyz,1.96,Cx2Cx13Hx5H-SLHL,39.8845,0.9843,0.6324,-5.87,7.97,-112.94,54.33,27.17,0.246,0.286,42.730,50.367,41.200,,,39.153,45.943,,,44.1658
5rlk_cluster2_Zn,1,#aec7e8,1,/Users/stetef/Documents/SLAC/zn-cys-his/clustering-zinc-fingers/cluster-output/2cys2his-large/prep/annotated_xyz/5rlk_cluster2_Zn.xyz,1.96,Cx2Cx13Hx5H-SLHL,41.9625,0.9686,0.6162,-11.17,21.53,-125.09,33.95,24.92,0.173,0.240,62.580,74.217,64.113,,,59.764,73.843,,,67.9843
5rlw_cluster4_Zn,1,#aec7e8,1,/Users/stetef/Documents/SLAC/zn-cys-his/clustering-zinc-fingers/cluster-output/2cys2his-large/prep/annotated_xyz/5rlw_cluster4_Zn.xyz,1.97,Cx2Cx13Hx5H-SLHL,41.0515,0.8758,0.6324,-1.40,16.70,-110.38,54.73,33.34,0.171,0.237,35.870,43.820,48.123,,,49.419,43.927,,,46.3222
5rlz_cluster1_Zn,1,#aec7e8,1,/Users/stetef/Documents/SLAC/zn-cys-his/clustering-zinc-fingers/cluster-output/2cys2his-large/prep/annotated_xyz/5rlz_cluster1_Zn.xyz,1.97,Cx2Cx13Hx5H-SLHL,40.5132,0.9758,0.6436,-7.63,6.41,-108.58,49.98,21.67,0.222,0.273,43.000,49.750,46.033,,,36.710,51.356,,,45.9622
5rm0_cluster2_Zn,1,#aec7e8,1,/Users/stetef/Documents/SLAC/zn-cys-his/clustering-zinc-fingers/cluster-output/2cys2his-large/prep/annotated_xyz/5rm0_cluster2_Zn.xyz,1.91,Cx2Cx13Hx5H-SLHL,41.0390,0.9737,0.6051,-7.76,22.75,-119.91,38.16,27.95,0.168,0.239,69.400,78.633,68.583,,,64.520,76.509,,,72.0613
5rm0_cluster4_Zn,1,#aec7e8,1,/Users/stetef/Documents/SLAC/zn-cys-his/clustering-zinc-fingers/cluster-output/2cys2his-large/prep/annotated_xyz/5rm0_cluster4_Zn.xyz,1.91,Cx2Cx13Hx5H-SLHL,40.7359,0.9407,0.6351,-2.23,22.29,-112.53,48.84,32.47,0.168,0.239,52.420,60.770,56.323,,,52.854,55.179,,,56.2815
5rm7_cluster4_Zn,1,#aec7e8,1,/Users/stetef/Documents/SLAC/zn-cys-his/clustering-zinc-fingers/cluster-output/2cys2his-large/prep/annotated_xyz/5rm7_cluster4_Zn.xyz,1.84,Cx2Cx13Hx5H-SLHL,39.8566,0.9898,0.6232,-5.79,11.16,-114.00,52.76,26.91,0.222,0.269,37.020,39.737,39.593,,,36.483,42.931,,,39.6860
5rma_cluster4_Zn,1,#aec7e8,1,/Users/stetef/Documents/SLAC/zn-cys-his/clustering-zinc-fingers/cluster-output/2cys2his-large/prep/annotated_xyz/5rma_cluster4_Zn.xyz,1.89,Cx2Cx13Hx5H-SLHL,40.5826,0.9835,0.6210,-5.04,18.88,-117.17,52.61,25.52,0.176,0.236,49.690,52.203,52.010,,,48.060,51.299,,,50.8930
5rob_cluster1_Zn,1,#aec7e8,1,/Users/stetef/Documents/SLAC/zn-cys-his/clustering-zinc-fingers/cluster-output/2cys2his-large/prep/annotated_xyz/5rob_cluster1_Zn.xyz,1.87,Cx2Cx13Hx5H-SLHL,38.8961,0.9843,0.6435,-5.37,13.78,-107.90,46.23,26.41,0.219,0.254,37.850,45.217,38.383,,,33.563,41.769,,,39.7330
5sla_cluster1_Zn,5,#98df8a,1,/Users/stetef/Documents/SLAC/zn-cys-his/clustering-zinc-fingers/cluster-output/2cys2his-large/prep/annotated_xyz/5sla_cluster1_Zn.xyz,1.70,Hx3Cx2Hx14C-HLLH,45.8803,0.9734,0.6461,-44.76,17.18,2.04,-117.78,-80.49,0.251,0.271,36.560,41.310,31.893,,,37.894,44.016,,,38.7782
5slb_cluster1_Zn,5,#98df8a,1,/Users/stetef/Documents/SLAC/zn-cys-his/clustering-zinc-fingers/cluster-output/2cys2his-large/prep/annotated_xyz/5slb_cluster1_Zn.xyz,1.80,Hx3Cx2Hx14C-HLLH,45.1322,0.9723,0.6434,-43.13,18.39,3.69,-118.06,-76.54,0.225,0.242,33.260,37.300,29.997,,,35.577,38.697,,,35.3927
5slc_cluster1_Zn,5,#98df8a,1,/Users/stetef/Documents/SLAC/zn-cys-his/clustering-zinc-fingers/cluster-output/2cys2his-large/prep/annotated_xyz/5slc_cluster1_Zn.xyz,1.67,Hx3Cx2Hx14C-HLLH,45.4213,0.9767,0.6437,-45.05,16.55,2.66,-119.53,-79.87,0.242,0.260,30.720,35.493,27.227,,,33.286,36.866,,,33.2180
5sld_cluster1_Zn,5,#98df8a,1,/Users/stetef/Documents/SLAC/zn-cys-his/clustering-zinc-fingers/cluster-output/2cys2his-large/prep/annotated_xyz/5sld_cluster1_Zn.xyz,1.58,Hx3Cx2Hx14C-HLLH,46.1472,0.9821,0.6528,-44.87,19.40,6.56,-124.51,-80.90,0.245,0.258,27.540,30.743,25.673,,,28.620,32.427,,,29.3657
5slh_cluster1_Zn,5,#98df8a,1,/Users/stetef/Documents/SLAC/zn-cys-his/clustering-zinc-fingers/cluster-output/2cys2his-large/prep/annotated_xyz/5slh_cluster1_Zn.xyz,1.82,Hx3Cx2Hx14C-HLLH,44.4021,0.9792,0.6236,-44.16,16.09,5.01,-117.94,-79.80,0.238,0.264,36.320,40.790,30.313,,,38.201,41.579,,,37.7208
5slx_cluster1_Zn,5,#98df8a,1,/Users/stetef/Documents/SLAC/zn-cys-his/clustering-zinc-fingers/cluster-output/2cys2his-large/prep/annotated_xyz/5slx_cluster1_Zn.xyz,1.76,Hx3Cx2Hx14C-HLLH,45.8227,0.9824,0.6485,-47.77,13.47,4.50,-124.26,-84.79,0.236,0.259,31.680,36.543,28.613,,,33.641,40.094,,,34.7227
5tda_cluster3_Zn,3,#ffbb78,1,/Users/stetef/Documents/SLAC/zn-cys-his/clustering-zinc-fingers/cluster-output/2cys2his-large/prep/annotated_xyz/5tda_cluster3_Zn.xyz,0.79,Cx2Cx17Hx2H-SLHH,25.3813,0.9912,0.3615,7.04,-2.36,-68.65,109.51,-10.35,0.120,0.128,5.890,6.393,6.177,,,6.099,7.196,,,6.4663
5tdb_cluster3_Zn,3,#ffbb78,1,/Users/stetef/Documents/SLAC/zn-cys-his/clustering-zinc-fingers/cluster-output/2cys2his-large/prep/annotated_xyz/5tdb_cluster3_Zn.xyz,1.10,Cx2Cx17Hx2H-SLHH,25.1916,0.9885,0.3645,7.90,0.87,-70.80,111.22,-9.69,0.125,0.134,13.760,14.497,15.617,,,12.736,15.811,,,14.6653
5tdc_cluster3_Zn,3,#ffbb78,1,/Users/stetef/Documents/SLAC/zn-cys-his/clustering-zinc-fingers/cluster-output/2cys2his-large/prep/annotated_xyz/5tdc_cluster3_Zn.xyz,1.61,Cx2Cx17Hx2H-SLHH,26.1258,0.9853,0.3984,9.42,4.70,-66.39,112.32,-12.97,0.149,0.180,17.280,16.463,16.980,,,16.529,18.260,,,17.0580
5tdc_cluster6_Zn,3,#ffbb78,1,/Users/stetef/Documents/SLAC/zn-cys-his/clustering-zinc-fingers/cluster-output/2cys2his-large/prep/annotated_xyz/5tdc_cluster6_Zn.xyz,1.61,Cx2Cx17Hx2H-SLHH,25.5918,0.9941,0.3806,6.63,-0.60,-67.14,111.35,-17.06,0.149,0.180,14.430,14.167,13.870,,,13.310,14.026,,,13.8433
5tdd_cluster3_Zn,3,#ffbb78,1,/Users/stetef/Documents/SLAC/zn-cys-his/clustering-zinc-fingers/cluster-output/2cys2his-large/prep/annotated_xyz/5tdd_cluster3_Zn.xyz,1.55,Cx2Cx17Hx2H-SLHH,25.1610,0.9907,0.3579,8.28,1.25,-68.32,108.88,-8.69,0.106,0.152,14.380,13.833,16.520,,,14.256,15.229,,,14.9595
5txu_cluster1_Zn,4,#2ca02c,1,/Users/stetef/Documents/SLAC/zn-cys-his/clustering-zinc-fingers/cluster-output/2cys2his-large/prep/annotated_xyz/5txu_cluster1_Zn.xyz,1.95,Hx5Cx4Hx0C-LSLL,21.8642,0.9634,0.3462,33.51,99.82,-90.51,51.51,73.19,0.159,0.184,51.020,49.450,48.110,,,60.854,61.550,,,54.9910
5u2o_cluster1_Zn,11,#c49c94,1,/Users/stetef/Documents/SLAC/zn-cys-his/clustering-zinc-fingers/cluster-output/2cys2his-large/prep/annotated_xyz/5u2o_cluster1_Zn.xyz,1.46,Cx15Cx0Hx27H-LLHL,19.4861,0.9679,0.2527,-28.29,-125.99,-78.99,-72.84,164.67,0.140,0.151,11.150,10.193,11.413,,,11.424,9.213,,,10.5608
5um3_cluster3_Zn,3,#ffbb78,1,/Users/stetef/Documents/SLAC/zn-cys-his/clustering-zinc-fingers/cluster-output/2cys2his-large/prep/annotated_xyz/5um3_cluster3_Zn.xyz,1.20,Cx2Cx17Hx2H-SLHH,24.9076,0.9872,0.3564,7.89,1.04,-68.32,110.36,-11.52,0.137,0.158,13.280,12.990,15.643,,,12.866,15.510,,,14.2523
5w3x_cluster1_Zn,1,#aec7e8,1,/Users/stetef/Documents/SLAC/zn-cys-his/clustering-zinc-fingers/cluster-output/2cys2his-large/prep/annotated_xyz/5w3x_cluster1_Zn.xyz,2.00,Cx7Cx23Hx1H-SLLL,32.2486,0.9792,0.3738,58.13,-16.75,4.66,115.50,129.13,0.183,0.212,54.420,46.243,48.290,,,67.059,69.830,,,57.8555
5w3x_cluster2_Zn,1,#aec7e8,1,/Users/stetef/Documents/SLAC/zn-cys-his/clustering-zinc-fingers/cluster-output/2cys2his-large/prep/annotated_xyz/5w3x_cluster2_Zn.xyz,2.00,Cx7Cx23Hx1H-SLLL,32.6645,0.9721,0.3701,61.29,-15.18,5.42,119.19,135.73,0.183,0.212,56.360,45.570,49.300,,,67.783,68.063,,,57.6790
5wpb_cluster1_Zn,15,#c7c7c7,1,/Users/stetef/Documents/SLAC/zn-cys-his/clustering-zinc-fingers/cluster-output/2cys2his-large/prep/annotated_xyz/5wpb_cluster1_Zn.xyz,1.55,Cx2Cx15Hx5H-SLHL,47.0084,0.9817,0.6653,38.03,8.29,94.02,66.65,-16.85,0.143,0.162,7.560,5.477,6.853,,,7.129,6.739,,,6.5495
5yeg_cluster10_Zn,0,#1f77b4,1,/Users/stetef/Documents/SLAC/zn-cys-his/clustering-zinc-fingers/cluster-output/2cys2his-large/prep/annotated_xyz/5yeg_cluster10_Zn.xyz,2.00,Cx2Cx12Hx3H-LLHH,43.0703,0.9655,0.5520,33.55,6.36,101.16,92.48,-65.78,0.186,0.204,23.440,23.913,24.847,,,19.077,20.173,,,22.0025
5yeg_cluster2_Zn,0,#1f77b4,1,/Users/stetef/Documents/SLAC/zn-cys-his/clustering-zinc-fingers/cluster-output/2cys2his-large/prep/annotated_xyz/5yeg_cluster2_Zn.xyz,2.00,Cx2Cx12Hx4H-LLHH,43.7324,0.9690,0.5672,38.78,10.79,88.36,102.69,-46.72,0.186,0.204,25.260,26.330,30.567,,,21.221,23.499,,,25.4042
5yeg_cluster3_Zn,0,#1f77b4,1,/Users/stetef/Documents/SLAC/zn-cys-his/clustering-zinc-fingers/cluster-output/2cys2his-large/prep/annotated_xyz/5yeg_cluster3_Zn.xyz,2.00,Cx2Cx12Hx4H-LLHH,45.7198,0.9606,0.5589,39.06,14.84,89.96,100.63,-49.19,0.186,0.204,22.680,19.707,22.323,,,19.946,21.606,,,20.8955
5yeg_cluster7_Zn,0,#1f77b4,1,/Users/stetef/Documents/SLAC/zn-cys-his/clustering-zinc-fingers/cluster-output/2cys2his-large/prep/annotated_xyz/5yeg_cluster7_Zn.xyz,2.00,Cx2Cx12Hx4H-LLHH,43.9902,0.9862,0.5792,35.46,9.81,90.25,91.65,-49.87,0.186,0.204,23.480,22.133,28.843,,,20.620,24.047,,,23.9108
5yeg_cluster8_Zn,0,#1f77b4,1,/Users/stetef/Documents/SLAC/zn-cys-his/clustering-zinc-fingers/cluster-output/2cys2his-large/prep/annotated_xyz/5yeg_cluster8_Zn.xyz,2.00,Cx2Cx12Hx4H-LLHH,45.5871,0.8549,0.5368,29.20,11.55,98.49,78.07,-71.32,0.186,0.204,34.280,38.980,43.267,,,33.474,35.594,,,37.8287
5yeg_cluster9_Zn,0,#1f77b4,1,/Users/stetef/Documents/SLAC/zn-cys-his/clustering-zinc-fingers/cluster-output/2cys2his-large/prep/annotated_xyz/5yeg_cluster9_Zn.xyz,2.00,Cx2Cx12Hx3H-LLHL,35.6426,0.9384,0.5305,40.33,8.72,93.96,110.14,-51.50,0.186,0.204,36.600,33.973,39.917,,,40.966,45.154,,,40.0025
5yf4_cluster1_Zn,15,#c7c7c7,1,/Users/stetef/Documents/SLAC/zn-cys-his/clustering-zinc-fingers/cluster-output/2cys2his-large/prep/annotated_xyz/5yf4_cluster1_Zn.xyz,1.90,Cx2Hx5Cx7H-LLLH,49.7937,0.9641,0.7440,-24.51,21.86,-9.75,-90.14,-20.02,0.153,0.198,14.470,14.937,12.807,,,16.590,14.844,,,14.7945
5yf4_cluster2_Zn,24,#2ca02c,1,/Users/stetef/Documents/SLAC/zn-cys-his/clustering-zinc-fingers/cluster-output/2cys2his-large/prep/annotated_xyz/5yf4_cluster2_Zn.xyz,1.90,Cx4Cx71Hx4H-LLHH,46.8876,0.9903,0.6052,-20.14,-98.47,5.33,94.15,-81.56,0.153,0.198,11.700,13.143,13.293,,,9.200,14.536,,,12.5430
5yp7_cluster4_Zn,15,#c7c7c7,1,/Users/stetef/Documents/SLAC/zn-cys-his/clustering-zinc-fingers/cluster-output/2cys2his-large/prep/annotated_xyz/5yp7_cluster4_Zn.xyz,1.42,Cx2Cx14Hx2H-SLLL,41.1443,0.9867,0.4930,1.52,-15.29,-83.85,114.35,-9.12,0.187,0.207,21.020,20.453,23.987,,,21.486,20.824,,,21.6875
5ypc_cluster4_Zn,15,#c7c7c7,1,/Users/stetef/Documents/SLAC/zn-cys-his/clustering-zinc-fingers/cluster-output/2cys2his-large/prep/annotated_xyz/5ypc_cluster4_Zn.xyz,1.96,Cx2Cx14Hx2H-SLLL,37.7374,0.9806,0.4443,-7.40,-13.62,-88.10,87.13,-15.01,0.202,0.230,31.810,30.050,38.120,,,33.839,32.189,,,33.5495
5yt6_cluster1_Zn,0,#1f77b4,1,/Users/stetef/Documents/SLAC/zn-cys-his/clustering-zinc-fingers/cluster-output/2cys2his-large/prep/annotated_xyz/5yt6_cluster1_Zn.xyz,1.50,Cx2Cx15Hx3H-LLHH,36.1788,0.9876,0.5538,45.12,5.93,89.25,133.29,-48.00,0.193,0.225,10.330,9.277,10.910,,,10.799,9.584,,,10.1425
5yt6_cluster2_Zn,0,#1f77b4,1,/Users/stetef/Documents/SLAC/zn-cys-his/clustering-zinc-fingers/cluster-output/2cys2his-large/prep/annotated_xyz/5yt6_cluster2_Zn.xyz,1.50,Cx2Cx15Hx3H-LLHH,37.8236,0.9800,0.5371,43.91,6.85,88.73,128.49,-48.42,0.193,0.225,11.190,10.897,12.657,,,13.230,9.913,,,11.6743
5yt6_cluster3_Zn,0,#1f77b4,1,/Users/stetef/Documents/SLAC/zn-cys-his/clustering-zinc-fingers/cluster-output/2cys2his-large/prep/annotated_xyz/5yt6_cluster3_Zn.xyz,1.50,Cx2Cx15Hx3H-LLHL,39.6750,0.9892,0.5740,42.72,4.37,90.87,130.34,-54.68,0.193,0.225,11.140,9.257,12.523,,,10.206,12.220,,,11.0515
5yt6_cluster4_Zn,0,#1f77b4,1,/Users/stetef/Documents/SLAC/zn-cys-his/clustering-zinc-fingers/cluster-output/2cys2his-large/prep/annotated_xyz/5yt6_cluster4_Zn.xyz,1.50,Cx2Cx15Hx3H-LLHL,40.2348,0.9873,0.5837,46.91,4.88,88.51,139.79,-45.52,0.193,0.225,11.170,9.563,12.657,,,12.406,12.753,,,11.8448
5yug_cluster10_Zn,16,#bcbd22,1,/Users/stetef/Documents/SLAC/zn-cys-his/clustering-zinc-fingers/cluster-output/2cys2his-large/prep/annotated_xyz/5yug_cluster10_Zn.xyz,1.57,Cx3Hx16Hx2C-HHSH,30.5626,0.9886,0.3787,29.55,78.03,1.49,-9.34,48.00,0.220,0.254,8.950,10.383,9.327,,,12.061,8.730,,,10.1253
5yug_cluster1_Zn,16,#bcbd22,1,/Users/stetef/Documents/SLAC/zn-cys-his/clustering-zinc-fingers/cluster-output/2cys2his-large/prep/annotated_xyz/5yug_cluster1_Zn.xyz,1.57,Cx3Hx16Hx2C-HHSH,31.5275,0.9820,0.3915,29.84,81.95,-0.73,-9.39,47.53,0.220,0.254,9.530,8.673,9.430,,,10.034,8.501,,,9.1595
5yug_cluster4_Zn,16,#bcbd22,1,/Users/stetef/Documents/SLAC/zn-cys-his/clustering-zinc-fingers/cluster-output/2cys2his-large/prep/annotated_xyz/5yug_cluster4_Zn.xyz,1.57,Cx3Hx16Hx2C-HHSH,31.8010,0.9784,0.3987,29.80,82.85,0.39,-11.09,47.06,0.220,0.254,9.550,8.797,9.903,,,10.061,8.757,,,9.3795
5yug_cluster7_Zn,16,#bcbd22,1,/Users/stetef/Documents/SLAC/zn-cys-his/clustering-zinc-fingers/cluster-output/2cys2his-large/prep/annotated_xyz/5yug_cluster7_Zn.xyz,1.57,Cx3Hx16Hx2C-HHSH,30.3863,0.9870,0.3814,29.35,79.23,1.67,-10.52,47.02,0.220,0.254,8.860,10.443,9.473,,,11.517,8.659,,,10.0230
6a58_cluster1_Zn,14,#7f7f7f,1,/Users/stetef/Documents/SLAC/zn-cys-his/clustering-zinc-fingers/cluster-output/2cys2his-large/prep/annotated_xyz/6a58_cluster1_Zn.xyz,1.57,Cx4Cx12Hx16H-LLHH,39.3985,0.9533,0.5880,28.40,3.96,-6.97,87.61,28.99,0.211,0.234,32.620,27.843,28.163,,,24.826,39.681,,,30.1282
6a58_cluster2_Zn,14,#7f7f7f,1,/Users/stetef/Documents/SLAC/zn-cys-his/clustering-zinc-fingers/cluster-output/2cys2his-large/prep/annotated_xyz/6a58_cluster2_Zn.xyz,1.57,Cx4Cx12Hx3H-LLHH,48.3847,0.9597,0.6045,6.13,-16.46,-5.41,96.69,-50.31,0.211,0.234,38.380,27.443,33.440,,,38.423,39.456,,,34.6905
6a58_cluster3_Zn,14,#7f7f7f,1,/Users/stetef/Documents/SLAC/zn-cys-his/clustering-zinc-fingers/cluster-output/2cys2his-large/prep/annotated_xyz/6a58_cluster3_Zn.xyz,1.57,Cx4Cx12Hx3H-LLHH,48.7483,0.9815,0.5873,9.37,-6.14,4.47,94.81,-55.65,0.211,0.234,31.100,27.310,29.780,,,27.969,25.824,,,27.7207
6a58_cluster4_Zn,1,#aec7e8,1,/Users/stetef/Documents/SLAC/zn-cys-his/clustering-zinc-fingers/cluster-output/2cys2his-large/prep/annotated_xyz/6a58_cluster4_Zn.xyz,1.57,Cx4Cx12Hx5H-LLHL,56.3409,0.9654,0.7681,19.86,-7.30,-4.38,72.75,18.38,0.211,0.234,56.450,44.220,48.280,,,46.336,65.554,,,51.0975
6a59_cluster1_Zn,14,#7f7f7f,1,/Users/stetef/Documents/SLAC/zn-cys-his/clustering-zinc-fingers/cluster-output/2cys2his-large/prep/annotated_xyz/6a59_cluster1_Zn.xyz,1.82,Cx4Cx12Hx16H-LLHH,37.7003,0.8586,0.5777,5.43,7.31,-9.26,81.18,-57.52,0.215,0.230,40.360,32.993,31.700,,,29.920,42.779,,,34.3480
6a59_cluster2_Zn,14,#7f7f7f,1,/Users/stetef/Documents/SLAC/zn-cys-his/clustering-zinc-fingers/cluster-output/2cys2his-large/prep/annotated_xyz/6a59_cluster2_Zn.xyz,1.82,Cx4Cx12Hx3H-LLHH,48.9928,0.8096,0.5975,8.05,-16.07,-1.66,87.73,-37.83,0.215,0.230,41.810,30.020,35.933,,,45.701,50.951,,,40.6512
6a59_cluster3_Zn,14,#7f7f7f,1,/Users/stetef/Documents/SLAC/zn-cys-his/clustering-zinc-fingers/cluster-output/2cys2his-large/prep/annotated_xyz/6a59_cluster3_Zn.xyz,1.82,Cx4Cx12Hx3H-LLHH,48.3557,0.8708,0.5972,9.28,-5.02,8.31,82.63,-48.79,0.215,0.230,41.160,28.117,33.370,,,33.397,32.111,,,31.7487
6a59_cluster4_Zn,1,#aec7e8,1,/Users/stetef/Documents/SLAC/zn-cys-his/clustering-zinc-fingers/cluster-output/2cys2his-large/prep/annotated_xyz/6a59_cluster4_Zn.xyz,1.82,Cx4Cx12Hx5H-LLHL,57.4588,0.8846,0.7322,18.18,-7.39,2.21,64.95,12.96,0.215,0.230,62.270,45.040,50.207,,,58.907,84.591,,,59.6863
6b0o_cluster1_Zn,0,#1f77b4,1,/Users/stetef/Documents/SLAC/zn-cys-his/clustering-zinc-fingers/cluster-output/2cys2his-large/prep/annotated_xyz/6b0o_cluster1_Zn.xyz,1.55,Cx4Cx12Hx3H-LLHH,52.8029,0.9882,0.6249,18.18,17.85,0.79,105.82,-51.74,0.193,0.206,17.420,18.643,19.483,,,15.829,21.699,,,18.9135
6b0o_cluster2_Zn,0,#1f77b4,1,/Users/stetef/Documents/SLAC/zn-cys-his/clustering-zinc-fingers/cluster-output/2cys2his-large/prep/annotated_xyz/6b0o_cluster2_Zn.xyz,1.55,Cx2Cx12Hx3H-LLHH,43.3357,0.9824,0.5925,43.19,7.89,91.78,116.96,-43.87,0.193,0.206,24.850,23.270,29.477,,,20.093,30.431,,,25.8178
6b0o_cluster3_Zn,0,#1f77b4,1,/Users/stetef/Documents/SLAC/zn-cys-his/clustering-zinc-fingers/cluster-output/2cys2his-large/prep/annotated_xyz/6b0o_cluster3_Zn.xyz,1.55,Cx4Cx12Hx3H-LLHL,56.3616,0.8776,0.6638,21.36,-4.32,14.20,119.86,-44.30,0.193,0.206,37.250,44.677,64.783,,,36.034,53.404,,,49.7245
6b0o_cluster4_Zn,14,#7f7f7f,1,/Users/stetef/Documents/SLAC/zn-cys-his/clustering-zinc-fingers/cluster-output/2cys2his-large/prep/annotated_xyz/6b0o_cluster4_Zn.xyz,1.55,Cx4Cx12Hx3H-LLHH,58.9184,0.9814,0.6530,20.08,10.50,16.85,112.29,-59.33,0.193,0.206,28.610,34.803,39.173,,,28.951,28.344,,,32.8177
6b0o_cluster5_Zn,14,#7f7f7f,1,/Users/stetef/Documents/SLAC/zn-cys-his/clustering-zinc-fingers/cluster-output/2cys2his-large/prep/annotated_xyz/6b0o_cluster5_Zn.xyz,1.55,Cx4Cx12Hx3H-LLHH,54.9082,0.9814,0.6233,19.90,7.45,17.57,99.97,-45.41,0.193,0.206,22.240,20.997,27.910,,,21.269,24.476,,,23.6630
6b0o_cluster6_Zn,0,#1f77b4,1,/Users/stetef/Documents/SLAC/zn-cys-his/clustering-zinc-fingers/cluster-output/2cys2his-large/prep/annotated_xyz/6b0o_cluster6_Zn.xyz,1.55,Cx2Cx12Hx3H-LLHH,43.0451,0.9881,0.5797,44.03,8.08,93.40,122.71,-48.08,0.193,0.206,27.560,26.343,31.743,,,21.480,33.694,,,28.3150
6b0o_cluster7_Zn,14,#7f7f7f,1,/Users/stetef/Documents/SLAC/zn-cys-his/clustering-zinc-fingers/cluster-output/2cys2his-large/prep/annotated_xyz/6b0o_cluster7_Zn.xyz,1.55,Cx4Cx12Hx3H-LLHH,44.9892,0.8720,0.4720,35.70,-0.92,26.67,118.11,-1.06,0.193,0.206,42.350,48.833,58.487,,,46.159,72.431,,,56.4775
6b0o_cluster8_Zn,14,#7f7f7f,1,/Users/stetef/Documents/SLAC/zn-cys-his/clustering-zinc-fingers/cluster-output/2cys2his-large/prep/annotated_xyz/6b0o_cluster8_Zn.xyz,1.55,Cx4Cx12Hx3H-LLHH,57.2665,0.9886,0.6603,19.40,1.08,-0.59,125.90,-48.78,0.193,0.206,33.710,32.803,45.480,,,28.103,38.604,,,36.2475
6b0r_cluster1_Zn,14,#7f7f7f,1,/Users/stetef/Documents/SLAC/zn-cys-his/clustering-zinc-fingers/cluster-output/2cys2his-large/prep/annotated_xyz/6b0r_cluster1_Zn.xyz,1.82,Cx4Cx12Hx3H-LLHH,57.0854,0.9771,0.6603,11.57,3.47,-0.98,101.96,-58.15,0.208,0.234,45.230,39.933,45.193,,,36.919,46.670,,,42.1788
6b0r_cluster2_Zn,14,#7f7f7f,1,/Users/stetef/Documents/SLAC/zn-cys-his/clustering-zinc-fingers/cluster-output/2cys2his-large/prep/annotated_xyz/6b0r_cluster2_Zn.xyz,1.82,Cx4Cx12Hx3H-LLHH,62.5116,0.9710,0.6881,23.22,13.30,7.48,107.24,-35.12,0.208,0.234,35.310,34.733,40.110,,,32.261,38.851,,,36.4887
6b0r_cluster3_Zn,0,#1f77b4,1,/Users/stetef/Documents/SLAC/zn-cys-his/clustering-zinc-fingers/cluster-output/2cys2his-large/prep/annotated_xyz/6b0r_cluster3_Zn.xyz,1.82,Cx2Cx12Hx3H-LLHH,42.3332,0.9834,0.5780,45.61,10.50,93.81,119.01,-40.87,0.208,0.234,51.790,41.133,60.493,,,46.463,59.696,,,51.9462
6b0r_cluster4_Zn,14,#7f7f7f,1,/Users/stetef/Documents/SLAC/zn-cys-his/clustering-zinc-fingers/cluster-output/2cys2his-large/prep/annotated_xyz/6b0r_cluster4_Zn.xyz,1.82,Cx4Cx12Hx3H-LLHH,43.0677,0.9221,0.4930,17.87,9.98,1.82,99.91,-40.24,0.208,0.234,48.150,35.597,51.817,,,54.064,63.744,,,51.3055
6b0r_cluster6_Zn,14,#7f7f7f,1,/Users/stetef/Documents/SLAC/zn-cys-his/clustering-zinc-fingers/cluster-output/2cys2his-large/prep/annotated_xyz/6b0r_cluster6_Zn.xyz,1.82,Cx4Cx12Hx3H-LLHH,61.0349,0.9655,0.6702,27.81,18.44,12.60,110.25,-30.04,0.208,0.234,39.460,40.040,50.710,,,37.599,39.873,,,42.0555
6b0r_cluster7_Zn,0,#1f77b4,1,/Users/stetef/Documents/SLAC/zn-cys-his/clustering-zinc-fingers/cluster-output/2cys2his-large/prep/annotated_xyz/6b0r_cluster7_Zn.xyz,1.82,Cx2Cx12Hx3H-LLHH,40.8983,0.9180,0.5761,41.12,9.10,82.16,115.01,-41.78,0.208,0.234,71.160,59.647,71.370,,,63.273,82.094,,,69.0960
6b0r_cluster8_Zn,14,#7f7f7f,1,/Users/stetef/Documents/SLAC/zn-cys-his/clustering-zinc-fingers/cluster-output/2cys2his-large/prep/annotated_xyz/6b0r_cluster8_Zn.xyz,1.82,Cx4Cx12Hx3H-LLHH,42.2666,0.9486,0.4585,18.63,9.65,11.01,101.63,-47.78,0.208,0.234,47.650,49.137,52.457,,,49.249,42.443,,,48.3215
6blw_cluster1_Zn,14,#7f7f7f,1,/Users/stetef/Documents/SLAC/zn-cys-his/clustering-zinc-fingers/cluster-output/2cys2his-large/prep/annotated_xyz/6blw_cluster1_Zn.xyz,1.84,Cx4Cx12Hx3H-LLHH,62.1700,0.9863,0.6799,23.38,18.61,-1.50,112.25,-35.84,0.222,0.247,34.410,39.307,51.447,,,37.340,46.959,,,43.7632
6blw_cluster2_Zn,0,#1f77b4,1,/Users/stetef/Documents/SLAC/zn-cys-his/clustering-zinc-fingers/cluster-output/2cys2his-large/prep/annotated_xyz/6blw_cluster2_Zn.xyz,1.84,Cx2Cx12Hx3H-LLHH,43.3489,0.9733,0.5796,42.54,6.85,95.10,116.27,-48.08,0.222,0.247,35.110,43.733,53.693,,,50.779,54.376,,,50.6452
6blw_cluster3_Zn,14,#7f7f7f,1,/Users/stetef/Documents/SLAC/zn-cys-his/clustering-zinc-fingers/cluster-output/2cys2his-large/prep/annotated_xyz/6blw_cluster3_Zn.xyz,1.84,Cx4Cx12Hx3H-LLHH,51.8815,0.9843,0.6111,11.73,5.12,12.48,93.34,-64.02,0.222,0.247,44.870,56.110,68.910,,,62.319,69.229,,,64.1420
6ce6_cluster1_Zn,15,#c7c7c7,1,/Users/stetef/Documents/SLAC/zn-cys-his/clustering-zinc-fingers/cluster-output/2cys2his-large/prep/annotated_xyz/6ce6_cluster1_Zn.xyz,1.60,Cx2Cx15Hx5H-SLHL,47.0580,0.9849,0.6570,37.41,12.77,89.75,65.89,-18.79,0.172,0.196,8.550,7.053,8.543,,,7.450,7.190,,,7.5590
6ce8_cluster1_Zn,15,#c7c7c7,1,/Users/stetef/Documents/SLAC/zn-cys-his/clustering-zinc-fingers/cluster-output/2cys2his-large/prep/annotated_xyz/6ce8_cluster1_Zn.xyz,1.55,Cx2Cx15Hx5H-SLHL,47.8606,0.9837,0.6704,40.25,10.89,95.56,71.38,-16.83,0.148,0.168,10.640,8.783,11.363,,,9.756,9.140,,,9.7605
6cea_cluster1_Zn,15,#c7c7c7,1,/Users/stetef/Documents/SLAC/zn-cys-his/clustering-zinc-fingers/cluster-output/2cys2his-large/prep/annotated_xyz/6cea_cluster1_Zn.xyz,1.60,Cx2Cx15Hx5H-SLHL,47.4832,0.9879,0.6690,35.37,5.77,93.80,61.66,-19.75,0.164,0.198,8.840,7.123,8.503,,,8.094,7.436,,,7.7890
6cec_cluster1_Zn,15,#c7c7c7,1,/Users/stetef/Documents/SLAC/zn-cys-his/clustering-zinc-fingers/cluster-output/2cys2his-large/prep/annotated_xyz/6cec_cluster1_Zn.xyz,1.55,Cx2Cx15Hx5H-SLHL,49.3521,0.9599,0.6903,41.90,11.05,103.61,73.53,-20.61,0.162,0.186,12.310,10.053,13.727,,,10.877,10.557,,,11.3035
6ced_cluster1_Zn,15,#c7c7c7,1,/Users/stetef/Documents/SLAC/zn-cys-his/clustering-zinc-fingers/cluster-output/2cys2his-large/prep/annotated_xyz/6ced_cluster1_Zn.xyz,1.70,Cx2Cx15Hx5H-SLHL,49.3020,0.9719,0.6856,40.02,8.54,103.24,75.46,-27.18,0.153,0.191,17.260,14.070,17.153,,,15.077,14.167,,,15.1167
6cee_cluster1_Zn,15,#c7c7c7,1,/Users/stetef/Documents/SLAC/zn-cys-his/clustering-zinc-fingers/cluster-output/2cys2his-large/prep/annotated_xyz/6cee_cluster1_Zn.xyz,1.55,Cx2Cx15Hx5H-SLHL,48.1235,0.9827,0.6716,37.77,10.96,93.55,67.06,-20.50,0.153,0.169,10.450,8.583,10.740,,,9.583,8.583,,,9.3722
6cef_cluster1_Zn,15,#c7c7c7,1,/Users/stetef/Documents/SLAC/zn-cys-his/clustering-zinc-fingers/cluster-output/2cys2his-large/prep/annotated_xyz/6cef_cluster1_Zn.xyz,1.80,Cx2Cx15Hx5H-SLHL,46.9681,0.9833,0.6571,39.59,8.35,93.85,73.56,-17.40,0.150,0.181,9.710,7.357,8.817,,,9.114,9.064,,,8.5880
6cvq_cluster1_Zn,0,#1f77b4,1,/Users/stetef/Documents/SLAC/zn-cys-his/clustering-zinc-fingers/cluster-output/2cys2his-large/prep/annotated_xyz/6cvq_cluster1_Zn.xyz,1.65,Cx2Cx12Hx3H-LLHH,48.0040,0.9813,0.6142,46.30,5.93,95.68,120.33,-36.72,0.118,0.168,23.030,19.903,24.497,,,21.020,27.210,,,23.1575
6cvq_cluster2_Zn,0,#1f77b4,1,/Users/stetef/Documents/SLAC/zn-cys-his/clustering-zinc-fingers/cluster-output/2cys2his-large/prep/annotated_xyz/6cvq_cluster2_Zn.xyz,1.65,Cx2Cx12Hx3H-LLHH,46.0020,0.9622,0.6074,44.36,8.85,91.81,111.90,-35.12,0.118,0.168,26.720,22.410,27.073,,,26.146,29.657,,,26.3215
6cvr_cluster1_Zn,0,#1f77b4,1,/Users/stetef/Documents/SLAC/zn-cys-his/clustering-zinc-fingers/cluster-output/2cys2his-large/prep/annotated_xyz/6cvr_cluster1_Zn.xyz,1.88,Cx2Cx12Hx3H-LLHH,46.5109,0.9611,0.6006,41.94,5.35,89.78,107.32,-34.69,0.166,0.190,34.850,36.643,46.397,,,36.087,46.409,,,41.3840
6cvr_cluster2_Zn,0,#1f77b4,1,/Users/stetef/Documents/SLAC/zn-cys-his/clustering-zinc-fingers/cluster-output/2cys2his-large/prep/annotated_xyz/6cvr_cluster2_Zn.xyz,1.88,Cx2Cx12Hx3H-LLHH,46.7174,0.9462,0.5822,44.14,10.83,86.59,117.32,-38.20,0.166,0.190,59.620,44.327,60.110,,,56.600,69.257,,,57.5735
6d6j_cluster1_Zn,9,#c5b0d5,1,/Users/stetef/Documents/SLAC/zn-cys-his/clustering-zinc-fingers/cluster-output/2cys2his-large/prep/annotated_xyz/6d6j_cluster1_Zn.xyz,1.35,Cx2Cx38Hx51H-HHLL,27.5992,0.9877,0.6303,-65.11,19.05,-109.45,-97.12,-72.92,0.126,0.140,9.010,12.193,10.317,,,8.804,6.546,,,9.4650
6d6j_cluster2_Zn,9,#c5b0d5,1,/Users/stetef/Documents/SLAC/zn-cys-his/clustering-zinc-fingers/cluster-output/2cys2his-large/prep/annotated_xyz/6d6j_cluster2_Zn.xyz,1.35,Cx2Cx38Hx51H-HHLL,28.4436,0.9880,0.6431,-65.12,19.14,-107.35,-98.98,-73.30,0.126,0.140,7.240,9.777,7.940,,,6.800,5.759,,,7.5690
6df5_cluster1_Zn,0,#1f77b4,1,/Users/stetef/Documents/SLAC/zn-cys-his/clustering-zinc-fingers/cluster-output/2cys2his-large/prep/annotated_xyz/6df5_cluster1_Zn.xyz,1.82,Cx2Cx12Hx3H-SLHH,51.0813,0.9815,0.6362,34.70,4.46,98.50,89.23,-53.38,0.211,0.241,45.820,54.693,53.623,,,44.249,56.366,,,52.2327
6df5_cluster2_Zn,0,#1f77b4,1,/Users/stetef/Documents/SLAC/zn-cys-his/clustering-zinc-fingers/cluster-output/2cys2his-large/prep/annotated_xyz/6df5_cluster2_Zn.xyz,1.82,Cx2Cx12Hx3H-LLHH,32.4756,0.9737,0.4850,37.75,-0.61,96.23,104.88,-49.49,0.211,0.241,40.860,42.987,55.687,,,40.747,41.206,,,45.1568
6df5_cluster3_Zn,0,#1f77b4,1,/Users/stetef/Documents/SLAC/zn-cys-his/clustering-zinc-fingers/cluster-output/2cys2his-large/prep/annotated_xyz/6df5_cluster3_Zn.xyz,1.82,Cx2Cx12Hx4H-SLHH,46.4040,0.9712,0.5703,33.26,15.52,87.95,87.76,-58.18,0.211,0.241,29.270,25.087,33.963,,,28.190,30.211,,,29.3628
6dfa_cluster2_Zn,0,#1f77b4,1,/Users/stetef/Documents/SLAC/zn-cys-his/clustering-zinc-fingers/cluster-output/2cys2his-large/prep/annotated_xyz/6dfa_cluster2_Zn.xyz,1.91,Cx2Cx12Hx3H-LLHH,34.3863,0.9822,0.5011,33.18,1.29,90.56,99.36,-58.48,0.181,0.203,44.840,49.027,55.427,,,40.980,42.246,,,46.9200
6dfa_cluster3_Zn,0,#1f77b4,1,/Users/stetef/Documents/SLAC/zn-cys-his/clustering-zinc-fingers/cluster-output/2cys2his-large/prep/annotated_xyz/6dfa_cluster3_Zn.xyz,1.91,Cx2Cx12Hx4H-SLHH,46.6561,0.9797,0.5757,33.76,18.64,88.49,89.29,-61.39,0.181,0.203,30.800,29.807,32.833,,,28.579,27.376,,,29.6487
6dfb_cluster1_Zn,0,#1f77b4,1,/Users/stetef/Documents/SLAC/zn-cys-his/clustering-zinc-fingers/cluster-output/2cys2his-large/prep/annotated_xyz/6dfb_cluster1_Zn.xyz,1.66,Cx2Cx12Hx3H-SLHH,50.0116,0.9747,0.6154,33.07,6.66,94.70,84.00,-53.06,0.179,0.202,40.150,43.017,52.363,,,39.454,49.726,,,46.1400
6dfb_cluster2_Zn,0,#1f77b4,1,/Users/stetef/Documents/SLAC/zn-cys-his/clustering-zinc-fingers/cluster-output/2cys2his-large/prep/annotated_xyz/6dfb_cluster2_Zn.xyz,1.66,Cx2Cx12Hx3H-LLHH,33.6978,0.9814,0.4777,38.00,1.36,97.73,109.49,-56.57,0.179,0.202,34.700,35.530,44.353,,,34.286,33.917,,,37.0215
6dfb_cluster3_Zn,0,#1f77b4,1,/Users/stetef/Documents/SLAC/zn-cys-his/clustering-zinc-fingers/cluster-output/2cys2his-large/prep/annotated_xyz/6dfb_cluster3_Zn.xyz,1.66,Cx2Cx12Hx4H-SLHH,47.3908,0.9742,0.5718,36.22,19.18,91.30,91.79,-57.40,0.179,0.202,26.270,24.107,27.977,,,25.239,26.814,,,26.0343
6dfc_cluster2_Zn,0,#1f77b4,1,/Users/stetef/Documents/SLAC/zn-cys-his/clustering-zinc-fingers/cluster-output/2cys2his-large/prep/annotated_xyz/6dfc_cluster2_Zn.xyz,1.85,Cx2Cx12Hx3H-LLHH,32.5768,0.9854,0.4976,37.07,2.66,100.91,102.21,-57.51,0.187,0.208,49.340,53.603,64.657,,,50.720,49.123,,,54.5258
6dfc_cluster3_Zn,0,#1f77b4,1,/Users/stetef/Documents/SLAC/zn-cys-his/clustering-zinc-fingers/cluster-output/2cys2his-large/prep/annotated_xyz/6dfc_cluster3_Zn.xyz,1.85,Cx2Cx12Hx4H-SLHH,46.1738,0.9806,0.5743,34.20,18.44,87.44,93.84,-62.91,0.187,0.208,35.260,34.450,38.687,,,34.274,32.989,,,35.1000
6e93_cluster1_Zn,0,#1f77b4,1,/Users/stetef/Documents/SLAC/zn-cys-his/clustering-zinc-fingers/cluster-output/2cys2his-large/prep/annotated_xyz/6e93_cluster1_Zn.xyz,1.75,Cx2Cx12Hx3H-LLHH,43.4680,0.9839,0.5862,40.97,8.21,95.13,105.25,-44.72,0.186,0.211,32.470,29.900,35.017,,,27.171,33.530,,,31.4045
6e93_cluster3_Zn,0,#1f77b4,1,/Users/stetef/Documents/SLAC/zn-cys-his/clustering-zinc-fingers/cluster-output/2cys2his-large/prep/annotated_xyz/6e93_cluster3_Zn.xyz,1.75,Cx2Cx12Hx3H-LLHH,35.8420,0.9658,0.4748,40.87,4.60,89.08,119.78,-49.98,0.186,0.211,24.420,22.027,24.107,,,22.039,25.650,,,23.4558
6e93_cluster4_Zn,0,#1f77b4,1,/Users/stetef/Documents/SLAC/zn-cys-his/clustering-zinc-fingers/cluster-output/2cys2his-large/prep/annotated_xyz/6e93_cluster4_Zn.xyz,1.75,Cx2Cx12Hx3H-LLHH,45.5431,0.9784,0.5570,33.48,10.14,89.92,92.78,-58.92,0.186,0.211,40.880,45.093,45.480,,,34.269,39.939,,,41.1952
6e94_cluster2_Zn,0,#1f77b4,1,/Users/stetef/Documents/SLAC/zn-cys-his/clustering-zinc-fingers/cluster-output/2cys2his-large/prep/annotated_xyz/6e94_cluster2_Zn.xyz,1.59,Cx2Cx12Hx3H-LLHH,35.9950,0.9627,0.4745,41.21,6.07,92.91,118.49,-52.62,0.194,0.218,17.900,16.293,17.437,,,17.007,20.240,,,17.7442
6e94_cluster3_Zn,0,#1f77b4,1,/Users/stetef/Documents/SLAC/zn-cys-his/clustering-zinc-fingers/cluster-output/2cys2his-large/prep/annotated_xyz/6e94_cluster3_Zn.xyz,1.59,Cx2Cx12Hx3H-LLHH,43.3406,0.9797,0.5895,40.68,6.44,93.76,104.49,-41.95,0.194,0.218,27.480,23.407,27.460,,,20.777,29.244,,,25.2220
6e94_cluster4_Zn,0,#1f77b4,1,/Users/stetef/Documents/SLAC/zn-cys-his/clustering-zinc-fingers/cluster-output/2cys2his-large/prep/annotated_xyz/6e94_cluster4_Zn.xyz,1.59,Cx2Cx12Hx3H-LLHH,46.5677,0.9771,0.5741,31.60,11.54,88.29,87.43,-60.84,0.194,0.218,32.480,34.200,34.003,,,27.754,30.899,,,31.7140
6izz_cluster2_Zn,7,#ff9896,1,/Users/stetef/Documents/SLAC/zn-cys-his/clustering-zinc-fingers/cluster-output/2cys2his-large/prep/annotated_xyz/6izz_cluster2_Zn.xyz,1.97,Hx1Hx13Cx118C-SSSH,46.5788,0.9613,0.2483,-36.19,44.28,17.27,-118.84,-87.47,0.223,0.255,35.300,31.660,34.113,,,31.756,35.393,,,33.2305
6j0d_cluster1_Zn,0,#1f77b4,1,/Users/stetef/Documents/SLAC/zn-cys-his/clustering-zinc-fingers/cluster-output/2cys2his-large/prep/annotated_xyz/6j0d_cluster1_Zn.xyz,1.90,Cx2Cx12Hx4H-LLHH,40.5243,0.9726,0.5483,34.40,5.77,95.92,96.80,-60.90,0.196,0.230,16.970,13.873,17.113,,,13.880,18.861,,,15.9318
6j0d_cluster2_Zn,0,#1f77b4,1,/Users/stetef/Documents/SLAC/zn-cys-his/clustering-zinc-fingers/cluster-output/2cys2his-large/prep/annotated_xyz/6j0d_cluster2_Zn.xyz,1.90,Cx2Cx12Hx4H-LLHH,47.8360,0.9665,0.5843,39.32,20.65,84.65,102.20,-50.21,0.196,0.230,14.780,13.727,16.007,,,13.843,12.909,,,14.1215
6k9z_cluster2_Zn,9,#c5b0d5,1,/Users/stetef/Documents/SLAC/zn-cys-his/clustering-zinc-fingers/cluster-output/2cys2his-large/prep/annotated_xyz/6k9z_cluster2_Zn.xyz,1.78,Cx2Cx37Hx52H-HHLL,30.9492,0.9739,0.7068,-68.76,25.60,-115.27,-104.72,-80.66,0.173,0.196,18.400,23.857,22.540,,,18.490,16.661,,,20.3870
6k9z_cluster3_Zn,9,#c5b0d5,1,/Users/stetef/Documents/SLAC/zn-cys-his/clustering-zinc-fingers/cluster-output/2cys2his-large/prep/annotated_xyz/6k9z_cluster3_Zn.xyz,1.78,Cx2Cx52Hx51H-LLLL,25.9011,0.9770,0.6083,-67.60,16.43,-127.05,-95.36,-64.40,0.173,0.196,39.260,59.170,66.560,,,47.117,34.574,,,51.8552
6k9z_cluster4_Zn,9,#c5b0d5,1,/Users/stetef/Documents/SLAC/zn-cys-his/clustering-zinc-fingers/cluster-output/2cys2his-large/prep/annotated_xyz/6k9z_cluster4_Zn.xyz,1.78,Cx2Cx37Hx52H-HHLL,29.7823,0.9712,0.6721,-64.53,18.73,-111.28,-100.74,-64.83,0.173,0.196,20.050,22.567,21.413,,,21.353,17.073,,,20.6015
6kc5_cluster3_Zn,14,#7f7f7f,1,/Users/stetef/Documents/SLAC/zn-cys-his/clustering-zinc-fingers/cluster-output/2cys2his-large/prep/annotated_xyz/6kc5_cluster3_Zn.xyz,1.54,Cx4Cx6Hx1H-LLSL,57.3482,0.9647,0.6678,14.51,-31.69,4.32,-67.39,152.80,0.198,0.217,31.830,34.717,37.343,,,27.666,32.417,,,33.0358
6kgi_cluster2_Zn,12,#e377c2,1,/Users/stetef/Documents/SLAC/zn-cys-his/clustering-zinc-fingers/cluster-output/2cys2his-large/prep/annotated_xyz/6kgi_cluster2_Zn.xyz,1.04,Cx2Cx17Hx2H-SLHL,28.8493,0.9652,0.4365,9.52,0.20,-78.52,107.44,8.95,0.189,0.202,11.000,10.540,12.113,,,10.613,11.380,,,11.1615
6miu_cluster2_Zn,15,#c7c7c7,1,/Users/stetef/Documents/SLAC/zn-cys-his/clustering-zinc-fingers/cluster-output/2cys2his-large/prep/annotated_xyz/6miu_cluster2_Zn.xyz,1.90,Cx2Cx14Hx2H-SLLL,39.6408,0.9852,0.4792,-3.80,-8.55,-88.91,90.92,-8.67,0.155,0.212,16.180,14.303,19.440,,,14.273,15.081,,,15.7743
6miu_cluster4_Zn,15,#c7c7c7,1,/Users/stetef/Documents/SLAC/zn-cys-his/clustering-zinc-fingers/cluster-output/2cys2his-large/prep/annotated_xyz/6miu_cluster4_Zn.xyz,1.90,Cx2Cx14Hx2H-SLLL,39.8979,0.9855,0.4803,-6.90,-10.47,-88.86,88.11,-16.39,0.155,0.212,15.700,11.643,16.417,,,13.830,15.061,,,14.2378
6mj7_cluster2_Zn,15,#c7c7c7,1,/Users/stetef/Documents/SLAC/zn-cys-his/clustering-zinc-fingers/cluster-output/2cys2his-large/prep/annotated_xyz/6mj7_cluster2_Zn.xyz,1.41,Cx2Cx14Hx2H-SLLL,38.4168,0.9802,0.4182,-5.63,-12.84,-89.18,90.35,-10.86,0.136,0.165,10.020,7.467,10.927,,,9.341,9.686,,,9.3552
6ml2_cluster1_Zn,0,#1f77b4,1,/Users/stetef/Documents/SLAC/zn-cys-his/clustering-zinc-fingers/cluster-output/2cys2his-large/prep/annotated_xyz/6ml2_cluster1_Zn.xyz,1.87,Cx2Cx12Hx3H-LLHH,50.4996,0.8851,0.6044,50.66,12.64,88.05,152.91,-50.94,0.251,0.278,82.270,78.610,72.160,,,93.271,115.201,,,89.8105
6ml2_cluster2_Zn,0,#1f77b4,1,/Users/stetef/Documents/SLAC/zn-cys-his/clustering-zinc-fingers/cluster-output/2cys2his-large/prep/annotated_xyz/6ml2_cluster2_Zn.xyz,1.87,Cx2Cx12Hx3H-LLHH,42.6197,0.8208,0.5508,18.19,12.26,93.71,77.47,-110.66,0.251,0.278,52.020,68.310,76.227,,,57.869,61.387,,,65.9483
6ml3_cluster1_Zn,0,#1f77b4,1,/Users/stetef/Documents/SLAC/zn-cys-his/clustering-zinc-fingers/cluster-output/2cys2his-large/prep/annotated_xyz/6ml3_cluster1_Zn.xyz,1.68,Cx2Cx12Hx3H-LLHH,42.3013,0.9302,0.5662,42.44,13.62,94.35,113.72,-51.94,0.225,0.257,44.680,46.883,54.017,,,48.857,57.770,,,51.8818
6ml3_cluster2_Zn,0,#1f77b4,1,/Users/stetef/Documents/SLAC/zn-cys-his/clustering-zinc-fingers/cluster-output/2cys2his-large/prep/annotated_xyz/6ml3_cluster2_Zn.xyz,1.68,Cx2Cx12Hx3H-LLHH,39.2540,0.9685,0.5313,39.45,13.36,87.58,103.96,-47.10,0.225,0.257,40.190,38.910,42.287,,,36.469,49.863,,,41.8822
6ml3_cluster3_Zn,0,#1f77b4,1,/Users/stetef/Documents/SLAC/zn-cys-his/clustering-zinc-fingers/cluster-output/2cys2his-large/prep/annotated_xyz/6ml3_cluster3_Zn.xyz,1.68,Cx2Cx12Hx3H-LLHH,41.0505,0.9594,0.5878,42.08,5.47,91.98,125.68,-54.79,0.225,0.257,41.570,44.413,52.947,,,43.451,48.509,,,47.3300
6ml3_cluster4_Zn,0,#1f77b4,1,/Users/stetef/Documents/SLAC/zn-cys-his/clustering-zinc-fingers/cluster-output/2cys2his-large/prep/annotated_xyz/6ml3_cluster4_Zn.xyz,1.68,Cx2Cx12Hx3H-LLHH,36.6060,0.9698,0.5034,43.88,6.09,85.22,132.02,-47.81,0.225,0.257,45.000,36.937,46.570,,,43.996,56.419,,,45.9805
6ml4_cluster1_Zn,0,#1f77b4,1,/Users/stetef/Documents/SLAC/zn-cys-his/clustering-zinc-fingers/cluster-output/2cys2his-large/prep/annotated_xyz/6ml4_cluster1_Zn.xyz,1.48,Cx2Cx12Hx3H-LLHH,51.0013,0.9758,0.6344,44.71,11.15,97.17,119.86,-49.33,0.191,0.211,28.530,26.270,32.280,,,28.676,35.593,,,30.7048
6ml4_cluster2_Zn,0,#1f77b4,1,/Users/stetef/Documents/SLAC/zn-cys-his/clustering-zinc-fingers/cluster-output/2cys2his-large/prep/annotated_xyz/6ml4_cluster2_Zn.xyz,1.48,Cx2Cx12Hx3H-LLHH,43.3325,0.9692,0.5776,40.43,13.46,96.59,104.94,-53.26,0.191,0.211,17.280,15.700,20.500,,,15.497,18.360,,,17.5143
6ml4_cluster3_Zn,0,#1f77b4,1,/Users/stetef/Documents/SLAC/zn-cys-his/clustering-zinc-fingers/cluster-output/2cys2his-large/prep/annotated_xyz/6ml4_cluster3_Zn.xyz,1.48,Cx2Cx12Hx3H-LLHH,40.2270,0.9615,0.5534,39.61,16.56,92.56,96.01,-46.69,0.191,0.211,14.360,14.960,15.307,,,11.109,15.843,,,14.3048
6ml4_cluster4_Zn,0,#1f77b4,1,/Users/stetef/Documents/SLAC/zn-cys-his/clustering-zinc-fingers/cluster-output/2cys2his-large/prep/annotated_xyz/6ml4_cluster4_Zn.xyz,1.48,Cx2Cx12Hx3H-LLHH,43.5645,0.9716,0.5927,42.64,13.90,92.57,124.29,-60.21,0.191,0.211,13.700,13.290,15.693,,,12.587,15.213,,,14.1958
6ml4_cluster5_Zn,0,#1f77b4,1,/Users/stetef/Documents/SLAC/zn-cys-his/clustering-zinc-fingers/cluster-output/2cys2his-large/prep/annotated_xyz/6ml4_cluster5_Zn.xyz,1.48,Cx2Cx12Hx3H-LLHH,39.6392,0.9698,0.5062,37.30,7.43,95.54,97.77,-51.54,0.191,0.211,21.080,16.427,23.227,,,19.739,29.756,,,22.2873
6ml5_cluster1_Zn,0,#1f77b4,1,/Users/stetef/Documents/SLAC/zn-cys-his/clustering-zinc-fingers/cluster-output/2cys2his-large/prep/annotated_xyz/6ml5_cluster1_Zn.xyz,1.65,Cx2Cx12Hx3H-LLHH,52.4984,0.9633,0.6513,48.64,14.78,97.65,124.61,-42.49,0.226,0.244,28.300,26.197,31.470,,,30.530,38.337,,,31.6335
6ml5_cluster2_Zn,0,#1f77b4,1,/Users/stetef/Documents/SLAC/zn-cys-his/clustering-zinc-fingers/cluster-output/2cys2his-large/prep/annotated_xyz/6ml5_cluster2_Zn.xyz,1.65,Cx2Cx12Hx3H-LLHH,43.8492,0.9207,0.5828,42.58,10.60,100.30,98.28,-38.87,0.226,0.244,21.040,19.477,25.407,,,19.457,25.706,,,22.5117
6ml5_cluster3_Zn,0,#1f77b4,1,/Users/stetef/Documents/SLAC/zn-cys-his/clustering-zinc-fingers/cluster-output/2cys2his-large/prep/annotated_xyz/6ml5_cluster3_Zn.xyz,1.65,Cx2Cx12Hx3H-LLHH,40.0891,0.9484,0.5588,42.45,16.46,93.85,98.59,-39.10,0.226,0.244,17.160,16.230,17.993,,,13.524,20.911,,,17.1645
6ml5_cluster4_Zn,0,#1f77b4,1,/Users/stetef/Documents/SLAC/zn-cys-his/clustering-zinc-fingers/cluster-output/2cys2his-large/prep/annotated_xyz/6ml5_cluster4_Zn.xyz,1.65,Cx2Cx12Hx3H-LLHH,43.4711,0.9566,0.5908,43.05,14.38,90.49,129.50,-62.17,0.226,0.244,16.610,15.540,18.177,,,15.394,18.247,,,16.8395
6ml5_cluster5_Zn,0,#1f77b4,1,/Users/stetef/Documents/SLAC/zn-cys-his/clustering-zinc-fingers/cluster-output/2cys2his-large/prep/annotated_xyz/6ml5_cluster5_Zn.xyz,1.65,Cx2Cx12Hx3H-LLHH,38.5576,0.9560,0.5054,41.60,8.74,95.45,100.83,-38.63,0.226,0.244,23.790,17.320,27.127,,,26.127,37.396,,,26.9925
6ml6_cluster1_Zn,0,#1f77b4,1,/Users/stetef/Documents/SLAC/zn-cys-his/clustering-zinc-fingers/cluster-output/2cys2his-large/prep/annotated_xyz/6ml6_cluster1_Zn.xyz,1.54,Cx2Cx12Hx3H-LLHH,51.3492,0.9665,0.6402,46.78,13.76,99.31,117.65,-43.58,0.202,0.222,28.290,25.263,30.870,,,26.539,34.241,,,29.2283
6ml6_cluster2_Zn,0,#1f77b4,1,/Users/stetef/Documents/SLAC/zn-cys-his/clustering-zinc-fingers/cluster-output/2cys2his-large/prep/annotated_xyz/6ml6_cluster2_Zn.xyz,1.54,Cx2Cx12Hx3H-LLHH,44.2035,0.9598,0.5752,41.17,13.28,96.72,104.61,-49.91,0.202,0.222,19.960,16.243,22.160,,,16.793,22.366,,,19.3905
6ml6_cluster3_Zn,0,#1f77b4,1,/Users/stetef/Documents/SLAC/zn-cys-his/clustering-zinc-fingers/cluster-output/2cys2his-large/prep/annotated_xyz/6ml6_cluster3_Zn.xyz,1.54,Cx2Cx12Hx3H-LLHH,41.0415,0.9687,0.5529,40.46,16.33,90.51,102.24,-47.23,0.202,0.222,14.960,14.253,16.920,,,11.223,18.564,,,15.2400
6ml6_cluster4_Zn,0,#1f77b4,1,/Users/stetef/Documents/SLAC/zn-cys-his/clustering-zinc-fingers/cluster-output/2cys2his-large/prep/annotated_xyz/6ml6_cluster4_Zn.xyz,1.54,Cx2Cx12Hx3H-LLHH,43.5616,0.9586,0.5929,42.43,13.86,94.75,124.84,-63.71,0.202,0.222,15.770,15.073,16.387,,,13.673,16.779,,,15.4780
6ml6_cluster5_Zn,0,#1f77b4,1,/Users/stetef/Documents/SLAC/zn-cys-his/clustering-zinc-fingers/cluster-output/2cys2his-large/prep/annotated_xyz/6ml6_cluster5_Zn.xyz,1.54,Cx2Cx12Hx3H-LLHH,41.5233,0.9748,0.5487,39.90,8.06,95.36,103.86,-47.68,0.202,0.222,21.320,17.697,25.410,,,19.923,29.154,,,23.0460
6ml7_cluster1_Zn,0,#1f77b4,1,/Users/stetef/Documents/SLAC/zn-cys-his/clustering-zinc-fingers/cluster-output/2cys2his-large/prep/annotated_xyz/6ml7_cluster1_Zn.xyz,1.75,Cx2Cx12Hx3H-LLHH,49.3392,0.9656,0.6386,40.04,14.19,97.45,103.48,-54.98,0.193,0.240,36.030,34.393,40.803,,,41.273,49.837,,,41.5765
6ml7_cluster2_Zn,0,#1f77b4,1,/Users/stetef/Documents/SLAC/zn-cys-his/clustering-zinc-fingers/cluster-output/2cys2his-large/prep/annotated_xyz/6ml7_cluster2_Zn.xyz,1.75,Cx2Cx12Hx3H-LLHH,41.8284,0.9075,0.5836,41.40,17.28,96.54,96.64,-44.86,0.193,0.240,30.130,30.290,35.697,,,34.804,37.681,,,34.6180
6ml7_cluster3_Zn,0,#1f77b4,1,/Users/stetef/Documents/SLAC/zn-cys-his/clustering-zinc-fingers/cluster-output/2cys2his-large/prep/annotated_xyz/6ml7_cluster3_Zn.xyz,1.75,Cx2Cx12Hx3H-LLHH,39.4431,0.9731,0.5443,36.92,14.01,89.48,101.29,-57.08,0.193,0.240,18.870,16.540,19.947,,,14.049,22.073,,,18.1523
6ml7_cluster4_Zn,0,#1f77b4,1,/Users/stetef/Documents/SLAC/zn-cys-his/clustering-zinc-fingers/cluster-output/2cys2his-large/prep/annotated_xyz/6ml7_cluster4_Zn.xyz,1.75,Cx2Cx12Hx3H-LLHH,44.2170,0.9645,0.5998,41.54,12.39,92.97,119.60,-58.79,0.193,0.240,18.590,16.450,24.503,,,19.840,23.324,,,21.0293
6ml7_cluster5_Zn,0,#1f77b4,1,/Users/stetef/Documents/SLAC/zn-cys-his/clustering-zinc-fingers/cluster-output/2cys2his-large/prep/annotated_xyz/6ml7_cluster5_Zn.xyz,1.75,Cx2Cx12Hx3H-LLHH,39.2532,0.9602,0.5134,38.92,7.55,94.14,105.00,-51.02,0.193,0.240,26.410,19.810,31.327,,,29.620,38.206,,,29.7408
6mm1_cluster5_Zn,21,#aec7e8,1,/Users/stetef/Documents/SLAC/zn-cys-his/clustering-zinc-fingers/cluster-output/2cys2his-large/prep/annotated_xyz/6mm1_cluster5_Zn.xyz,1.90,Cx1Cx62Hx43H-LLLL,2.4377,0.9861,0.3668,34.03,-11.84,-51.08,107.65,91.40,0.174,0.223,16.560,16.180,17.070,,,17.891,17.374,,,17.1288
6mm1_cluster9_Zn,21,#aec7e8,1,/Users/stetef/Documents/SLAC/zn-cys-his/clustering-zinc-fingers/cluster-output/2cys2his-large/prep/annotated_xyz/6mm1_cluster9_Zn.xyz,1.90,Cx1Cx62Hx43H-LLLL,2.4020,0.9834,0.3910,34.62,-12.12,-51.76,107.81,94.54,0.174,0.223,17.700,17.710,21.940,,,19.564,17.774,,,19.2470
6o5k_cluster2_Zn,15,#c7c7c7,1,/Users/stetef/Documents/SLAC/zn-cys-his/clustering-zinc-fingers/cluster-output/2cys2his-large/prep/annotated_xyz/6o5k_cluster2_Zn.xyz,1.60,Cx2Cx11Hx8H-SLHL,45.7066,0.9717,0.6187,-0.46,0.25,-85.58,58.22,25.27,0.180,0.208,15.800,16.207,17.760,,,15.516,17.283,,,16.6915
6o5k_cluster4_Zn,15,#c7c7c7,1,/Users/stetef/Documents/SLAC/zn-cys-his/clustering-zinc-fingers/cluster-output/2cys2his-large/prep/annotated_xyz/6o5k_cluster4_Zn.xyz,1.60,Cx2Cx11Hx8H-SLHL,46.1180,0.9880,0.6160,1.40,3.76,-82.53,61.36,23.03,0.180,0.208,20.660,21.513,28.010,,,17.529,21.806,,,22.2145
6sqo_cluster2_Zn,15,#c7c7c7,1,/Users/stetef/Documents/SLAC/zn-cys-his/clustering-zinc-fingers/cluster-output/2cys2his-large/prep/annotated_xyz/6sqo_cluster2_Zn.xyz,1.41,Hx4Hx17Cx2C-SSLL,52.2309,0.9572,0.7715,11.02,4.79,90.10,12.77,-63.57,0.139,0.173,21.150,19.340,20.720,,,21.947,21.110,,,20.7792
6sqo_cluster4_Zn,15,#c7c7c7,1,/Users/stetef/Documents/SLAC/zn-cys-his/clustering-zinc-fingers/cluster-output/2cys2his-large/prep/annotated_xyz/6sqo_cluster4_Zn.xyz,1.41,Hx4Hx17Cx2C-SSLL,52.3329,0.9624,0.7615,9.49,5.07,85.84,10.75,-63.69,0.139,0.173,21.420,19.587,21.010,,,22.043,20.866,,,20.8765
6sqp_cluster2_Zn,15,#c7c7c7,1,/Users/stetef/Documents/SLAC/zn-cys-his/clustering-zinc-fingers/cluster-output/2cys2his-large/prep/annotated_xyz/6sqp_cluster2_Zn.xyz,1.21,Hx4Hx17Cx2C-SSLL,52.8184,0.9518,0.7628,13.37,6.73,92.46,15.59,-61.31,0.171,0.212,11.950,12.080,11.613,,,12.240,14.389,,,12.5805
6sqp_cluster4_Zn,15,#c7c7c7,1,/Users/stetef/Documents/SLAC/zn-cys-his/clustering-zinc-fingers/cluster-output/2cys2his-large/prep/annotated_xyz/6sqp_cluster4_Zn.xyz,1.21,Hx4Hx17Cx2C-SSLL,54.0993,0.9576,0.7986,11.23,10.29,89.92,9.17,-64.47,0.171,0.212,13.500,13.737,14.580,,,12.669,13.360,,,13.5865
6sqp_cluster6_Zn,15,#c7c7c7,1,/Users/stetef/Documents/SLAC/zn-cys-his/clustering-zinc-fingers/cluster-output/2cys2his-large/prep/annotated_xyz/6sqp_cluster6_Zn.xyz,1.21,Hx4Hx17Cx2C-SSLL,52.8358,0.9614,0.7642,12.60,7.42,89.54,12.66,-59.22,0.171,0.212,8.890,8.620,9.803,,,9.510,11.887,,,9.9550
6sqp_cluster8_Zn,15,#c7c7c7,1,/Users/stetef/Documents/SLAC/zn-cys-his/clustering-zinc-fingers/cluster-output/2cys2his-large/prep/annotated_xyz/6sqp_cluster8_Zn.xyz,1.21,Hx4Hx17Cx2C-SSLL,54.1114,0.9509,0.7982,12.33,9.20,92.00,12.32,-64.21,0.171,0.212,11.560,13.290,14.983,,,10.417,10.660,,,12.3375
6sqs_cluster2_Zn,15,#c7c7c7,1,/Users/stetef/Documents/SLAC/zn-cys-his/clustering-zinc-fingers/cluster-output/2cys2his-large/prep/annotated_xyz/6sqs_cluster2_Zn.xyz,1.83,Hx4Hx17Cx2C-SSLL,52.1683,0.9597,0.7760,8.49,5.46,85.66,6.03,-63.19,0.211,0.242,26.120,25.070,27.187,,,26.786,23.671,,,25.6785
6ty2_cluster1_Zn_altlocZnL,18,#17becf,1,/Users/stetef/Documents/SLAC/zn-cys-his/clustering-zinc-fingers/cluster-output/2cys2his-large/prep/annotated_xyz/6ty2_cluster1_Zn_altlocZnL.xyz,1.98,Hx30Cx4Hx3C-HLHL,42.2532,0.9666,0.5932,-42.54,-18.03,-5.08,-165.64,18.61,0.194,0.227,21.450,17.907,16.877,,,18.840,19.690,,,18.3285
6ty2_cluster2_Zn_altlocZnL,18,#17becf,1,/Users/stetef/Documents/SLAC/zn-cys-his/clustering-zinc-fingers/cluster-output/2cys2his-large/prep/annotated_xyz/6ty2_cluster2_Zn_altlocZnL.xyz,1.98,Hx30Cx4Hx3C-HLHL,42.4687,0.9810,0.5706,-40.34,-25.62,-10.53,-140.91,15.68,0.194,0.227,22.260,20.983,23.077,,,20.817,24.977,,,22.4635
6u9q_cluster1_Zn,0,#1f77b4,1,/Users/stetef/Documents/SLAC/zn-cys-his/clustering-zinc-fingers/cluster-output/2cys2his-large/prep/annotated_xyz/6u9q_cluster1_Zn.xyz,1.83,Cx2Cx12Hx3H-LLHH,43.0639,0.9693,0.5723,39.99,9.05,90.80,106.86,-46.76,0.175,0.195,40.650,42.747,47.773,,,40.697,43.834,,,43.7628
6u9q_cluster2_Zn,0,#1f77b4,1,/Users/stetef/Documents/SLAC/zn-cys-his/clustering-zinc-fingers/cluster-output/2cys2his-large/prep/annotated_xyz/6u9q_cluster2_Zn.xyz,1.83,Cx2Cx12Hx3H-LLHH,44.9235,0.9586,0.5667,35.57,5.26,103.13,90.18,-56.30,0.175,0.195,36.100,34.280,35.247,,,36.003,36.236,,,35.4415
6u9q_cluster3_Zn,0,#1f77b4,1,/Users/stetef/Documents/SLAC/zn-cys-his/clustering-zinc-fingers/cluster-output/2cys2his-large/prep/annotated_xyz/6u9q_cluster3_Zn.xyz,1.83,Cx2Cx12Hx4H-LLHH,49.0691,0.9735,0.5912,35.97,7.31,92.27,97.87,-53.59,0.175,0.195,43.590,51.387,41.530,,,45.226,53.493,,,47.9090
6xd1_cluster1_Zn,7,#ff9896,1,/Users/stetef/Documents/SLAC/zn-cys-his/clustering-zinc-fingers/cluster-output/2cys2his-large/prep/annotated_xyz/6xd1_cluster1_Zn.xyz,1.95,Hx1Hx13Cx118C-SSSH,50.1810,0.9465,0.2908,-40.76,38.69,12.80,-122.38,-92.16,0.175,0.204,31.020,27.570,33.857,,,28.707,30.036,,,30.0425
6ya6_cluster2_Zn,13,#f7b6d2,1,/Users/stetef/Documents/SLAC/zn-cys-his/clustering-zinc-fingers/cluster-output/2cys2his-large/prep/annotated_xyz/6ya6_cluster2_Zn.xyz,1.44,Cx2Cx9Hx5H-SLHH,25.9381,0.9824,0.5650,-6.29,6.41,-73.47,131.95,-90.06,0.167,0.193,23.870,23.083,24.217,,,32.014,18.833,,,24.5367
6ya7_cluster4_Zn,13,#f7b6d2,1,/Users/stetef/Documents/SLAC/zn-cys-his/clustering-zinc-fingers/cluster-output/2cys2his-large/prep/annotated_xyz/6ya7_cluster4_Zn.xyz,1.67,Cx2Cx9Hx5H-SLHH,25.6810,0.9852,0.5622,-17.06,-0.28,-77.93,103.91,-93.92,0.156,0.185,19.640,16.277,20.747,,,23.063,16.803,,,19.2225
6ya8_cluster2_Zn,13,#f7b6d2,1,/Users/stetef/Documents/SLAC/zn-cys-his/clustering-zinc-fingers/cluster-output/2cys2his-large/prep/annotated_xyz/6ya8_cluster2_Zn.xyz,1.79,Cx2Cx9Hx5H-SLHH,25.8350,0.9723,0.5761,-12.94,5.43,-79.36,120.73,-98.55,0.166,0.197,31.420,36.430,38.780,,,37.297,29.167,,,35.4185
6zsl_cluster1_Zn,1,#aec7e8,1,/Users/stetef/Documents/SLAC/zn-cys-his/clustering-zinc-fingers/cluster-output/2cys2his-large/prep/annotated_xyz/6zsl_cluster1_Zn.xyz,1.94,Cx2Cx13Hx5H-SLHL,40.5280,0.9879,0.6381,-6.97,15.68,-114.91,47.88,23.46,0.209,0.253,47.220,53.430,41.773,,,43.199,45.734,,,46.0340
7abs_cluster1_Zn,8,#9467bd,1,/Users/stetef/Documents/SLAC/zn-cys-his/clustering-zinc-fingers/cluster-output/2cys2his-large/prep/annotated_xyz/7abs_cluster1_Zn.xyz,1.97,Hx25Hx1Cx15C-SSLL,24.4273,0.9779,0.2251,55.07,38.53,56.94,48.41,76.40,0.215,0.276,42.930,38.477,44.517,,,44.754,44.817,,,43.1412
7af1_cluster2_Zn,8,#9467bd,1,/Users/stetef/Documents/SLAC/zn-cys-his/clustering-zinc-fingers/cluster-output/2cys2his-large/prep/annotated_xyz/7af1_cluster2_Zn.xyz,1.70,Hx25Hx1Cx15C-SSLL,25.1016,0.9848,0.1843,55.11,41.62,55.63,44.33,78.84,0.191,0.212,13.190,16.200,15.203,,,17.026,12.643,,,15.2680
7afs_cluster1_Zn,8,#9467bd,1,/Users/stetef/Documents/SLAC/zn-cys-his/clustering-zinc-fingers/cluster-output/2cys2his-large/prep/annotated_xyz/7afs_cluster1_Zn.xyz,1.70,Hx25Hx1Cx15C-SSLL,24.8808,0.9873,0.1794,53.98,42.47,54.95,43.48,75.02,0.186,0.216,20.360,21.563,22.167,,,24.879,19.830,,,22.1098
7afu_cluster1_Zn,8,#9467bd,1,/Users/stetef/Documents/SLAC/zn-cys-his/clustering-zinc-fingers/cluster-output/2cys2his-large/prep/annotated_xyz/7afu_cluster1_Zn.xyz,1.56,Hx25Hx1Cx15C-SSLL,24.9970,0.9849,0.1705,55.64,44.22,55.27,41.99,81.07,0.188,0.213,10.880,11.167,13.433,,,13.410,10.643,,,12.1632
7agi_cluster1_Zn,8,#9467bd,1,/Users/stetef/Documents/SLAC/zn-cys-his/clustering-zinc-fingers/cluster-output/2cys2his-large/prep/annotated_xyz/7agi_cluster1_Zn.xyz,1.70,Hx25Hx1Cx15C-SSLL,24.9428,0.9885,0.1624,55.25,44.51,54.52,41.77,80.19,0.190,0.210,11.420,13.633,13.677,,,13.584,11.236,,,13.0325
7apv_cluster1_Zn,8,#9467bd,1,/Users/stetef/Documents/SLAC/zn-cys-his/clustering-zinc-fingers/cluster-output/2cys2his-large/prep/annotated_xyz/7apv_cluster1_Zn.xyz,1.95,Hx25Hx1Cx15C-SSLL,24.9935,0.9796,0.1721,54.62,43.09,58.85,44.32,72.24,0.184,0.227,17.030,19.897,19.390,,,20.060,15.641,,,18.7470
7exm_cluster10_Zn,7,#ff9896,1,/Users/stetef/Documents/SLAC/zn-cys-his/clustering-zinc-fingers/cluster-output/2cys2his-large/prep/annotated_xyz/7exm_cluster10_Zn.xyz,1.96,Cx30Cx2Hx1H-HLLL,48.0489,0.9631,0.3820,-72.60,-39.55,-9.59,-148.48,-92.78,0.200,0.226,35.090,26.593,41.257,,,41.547,34.463,,,35.9650
7exm_cluster1_Zn,7,#ff9896,1,/Users/stetef/Documents/SLAC/zn-cys-his/clustering-zinc-fingers/cluster-output/2cys2his-large/prep/annotated_xyz/7exm_cluster1_Zn.xyz,1.96,Cx30Cx2Hx1H-HLLL,48.5291,0.9677,0.4048,-71.02,-50.47,-19.83,-135.44,-78.34,0.200,0.226,26.370,31.500,28.637,,,27.229,26.349,,,28.4288
7exm_cluster4_Zn,7,#ff9896,1,/Users/stetef/Documents/SLAC/zn-cys-his/clustering-zinc-fingers/cluster-output/2cys2his-large/prep/annotated_xyz/7exm_cluster4_Zn.xyz,1.96,Cx30Cx2Hx1H-HLLL,47.6876,0.9543,0.3622,-68.57,-40.10,-12.86,-136.72,-84.61,0.200,0.226,25.290,23.273,28.733,,,30.221,24.921,,,26.7870
7fa1_cluster3_Zn,7,#ff9896,1,/Users/stetef/Documents/SLAC/zn-cys-his/clustering-zinc-fingers/cluster-output/2cys2his-large/prep/annotated_xyz/7fa1_cluster3_Zn.xyz,1.60,Cx30Cx2Hx1H-HLLL,48.4106,0.9663,0.3991,-71.19,-44.06,-10.77,-132.67,-97.28,0.188,0.222,33.860,25.217,26.307,,,27.834,23.590,,,25.7370
7hke_cluster1_Zn,7,#ff9896,1,/Users/stetef/Documents/SLAC/zn-cys-his/clustering-zinc-fingers/cluster-output/2cys2his-large/prep/annotated_xyz/7hke_cluster1_Zn.xyz,1.64,Hx1Hx13Cx118C-SSSH,46.1567,0.9765,0.2431,-32.43,38.72,25.50,-105.85,-88.07,0.206,0.236,20.930,19.720,20.300,,,19.381,20.933,,,20.0835
7hkh_cluster1_Zn,7,#ff9896,1,/Users/stetef/Documents/SLAC/zn-cys-his/clustering-zinc-fingers/cluster-output/2cys2his-large/prep/annotated_xyz/7hkh_cluster1_Zn.xyz,1.75,Hx1Hx13Cx118C-SSSH,46.0844,0.9775,0.2450,-35.12,38.75,21.87,-112.68,-88.42,0.190,0.225,25.090,24.490,23.623,,,23.301,24.901,,,24.0787
7hki_cluster1_Zn,7,#ff9896,1,/Users/stetef/Documents/SLAC/zn-cys-his/clustering-zinc-fingers/cluster-output/2cys2his-large/prep/annotated_xyz/7hki_cluster1_Zn.xyz,1.75,Hx1Hx13Cx118C-SSSH,45.8488,0.9759,0.2390,-35.09,40.11,21.12,-114.25,-87.34,0.190,0.224,21.120,20.137,20.230,,,20.151,22.703,,,20.8053
7hkl_cluster1_Zn,7,#ff9896,1,/Users/stetef/Documents/SLAC/zn-cys-his/clustering-zinc-fingers/cluster-output/2cys2his-large/prep/annotated_xyz/7hkl_cluster1_Zn.xyz,1.88,Hx1Hx13Cx118C-SSSH,46.1527,0.9769,0.2406,-35.13,36.11,23.97,-112.61,-87.99,0.191,0.239,24.590,23.007,23.510,,,22.904,26.457,,,23.9695
7hkm_cluster1_Zn,7,#ff9896,1,/Users/stetef/Documents/SLAC/zn-cys-his/clustering-zinc-fingers/cluster-output/2cys2his-large/prep/annotated_xyz/7hkm_cluster1_Zn.xyz,1.63,Hx1Hx13Cx118C-SSSH,46.0505,0.9772,0.2445,-35.30,36.29,22.86,-110.23,-90.11,0.194,0.223,20.790,19.577,21.333,,,20.127,21.486,,,20.6307
7hko_cluster1_Zn,7,#ff9896,1,/Users/stetef/Documents/SLAC/zn-cys-his/clustering-zinc-fingers/cluster-output/2cys2his-large/prep/annotated_xyz/7hko_cluster1_Zn.xyz,1.82,Hx1Hx13Cx118C-SSSH,45.7106,0.9801,0.2436,-35.87,40.29,20.05,-110.08,-93.76,0.191,0.230,24.960,25.317,24.023,,,24.520,25.014,,,24.7185
7hks_cluster1_Zn,7,#ff9896,1,/Users/stetef/Documents/SLAC/zn-cys-his/clustering-zinc-fingers/cluster-output/2cys2his-large/prep/annotated_xyz/7hks_cluster1_Zn.xyz,1.56,Hx1Hx13Cx118C-SSSH,46.1208,0.9770,0.2516,-35.06,36.95,20.97,-109.12,-89.03,0.206,0.232,24.100,23.423,22.630,,,23.246,23.660,,,23.2397
7hkt_cluster1_Zn,7,#ff9896,1,/Users/stetef/Documents/SLAC/zn-cys-his/clustering-zinc-fingers/cluster-output/2cys2his-large/prep/annotated_xyz/7hkt_cluster1_Zn.xyz,1.92,Hx1Hx13Cx118C-SSSH,45.2836,0.9707,0.2469,-38.37,35.24,18.13,-115.36,-91.47,0.212,0.255,33.650,33.280,33.370,,,27.514,34.809,,,32.2432
7hky_cluster1_Zn,7,#ff9896,1,/Users/stetef/Documents/SLAC/zn-cys-his/clustering-zinc-fingers/cluster-output/2cys2his-large/prep/annotated_xyz/7hky_cluster1_Zn.xyz,1.67,Hx1Hx13Cx118C-SSSH,45.8928,0.9771,0.2425,-37.56,36.15,22.83,-116.20,-93.02,0.192,0.220,20.350,18.743,20.157,,,19.511,20.561,,,19.7430
7hl1_cluster1_Zn,7,#ff9896,1,/Users/stetef/Documents/SLAC/zn-cys-his/clustering-zinc-fingers/cluster-output/2cys2his-large/prep/annotated_xyz/7hl1_cluster1_Zn.xyz,1.66,Hx1Hx13Cx118C-SSSH,45.6398,0.9721,0.2376,-36.41,40.19,19.72,-116.35,-89.19,0.201,0.231,21.930,20.333,21.577,,,19.137,22.541,,,20.8970
7hl2_cluster1_Zn,7,#ff9896,1,/Users/stetef/Documents/SLAC/zn-cys-his/clustering-zinc-fingers/cluster-output/2cys2his-large/prep/annotated_xyz/7hl2_cluster1_Zn.xyz,1.84,Hx1Hx13Cx118C-SSSH,46.3014,0.9710,0.2527,-38.38,40.21,21.01,-119.57,-95.16,0.198,0.243,29.040,27.600,29.203,,,25.666,31.291,,,28.4400
7hl3_cluster1_Zn,7,#ff9896,1,/Users/stetef/Documents/SLAC/zn-cys-his/clustering-zinc-fingers/cluster-output/2cys2his-large/prep/annotated_xyz/7hl3_cluster1_Zn.xyz,1.65,Hx1Hx13Cx118C-SSSH,46.2169,0.9794,0.2405,-36.08,41.33,19.91,-112.86,-92.69,0.187,0.216,22.400,20.967,21.620,,,20.989,23.647,,,21.8058
7hl9_cluster1_Zn,7,#ff9896,1,/Users/stetef/Documents/SLAC/zn-cys-his/clustering-zinc-fingers/cluster-output/2cys2his-large/prep/annotated_xyz/7hl9_cluster1_Zn.xyz,1.65,Hx1Hx13Cx118C-SSSH,45.7743,0.9776,0.2407,-33.20,37.27,22.48,-105.75,-86.81,0.199,0.231,24.440,23.513,24.013,,,22.726,24.757,,,23.7523
7i28_cluster1_Zn,7,#ff9896,1,/Users/stetef/Documents/SLAC/zn-cys-his/clustering-zinc-fingers/cluster-output/2cys2his-large/prep/annotated_xyz/7i28_cluster1_Zn.xyz,1.63,Hx1Hx13Cx118C-SSSH,45.9670,0.9779,0.2415,-34.51,35.79,26.05,-112.85,-87.02,0.217,0.250,21.910,19.620,20.907,,,19.936,22.460,,,20.7308
7i2b_cluster1_Zn,7,#ff9896,1,/Users/stetef/Documents/SLAC/zn-cys-his/clustering-zinc-fingers/cluster-output/2cys2his-large/prep/annotated_xyz/7i2b_cluster1_Zn.xyz,1.60,Hx1Hx13Cx118C-SSSH,46.3509,0.9815,0.2400,-33.60,40.00,23.36,-108.62,-89.16,0.193,0.220,20.410,18.867,19.463,,,19.821,21.581,,,19.9330
7i2d_cluster1_Zn,7,#ff9896,1,/Users/stetef/Documents/SLAC/zn-cys-his/clustering-zinc-fingers/cluster-output/2cys2his-large/prep/annotated_xyz/7i2d_cluster1_Zn.xyz,1.70,Hx1Hx13Cx118C-SSSH,45.9948,0.9875,0.2367,-30.90,38.17,31.61,-104.76,-88.62,0.197,0.228,21.840,20.150,20.763,,,21.370,22.670,,,21.2383
7i2g_cluster1_Zn,7,#ff9896,1,/Users/stetef/Documents/SLAC/zn-cys-his/clustering-zinc-fingers/cluster-output/2cys2his-large/prep/annotated_xyz/7i2g_cluster1_Zn.xyz,1.85,Hx1Hx13Cx118C-SSSH,46.1887,0.9733,0.2552,-36.00,38.99,21.13,-114.35,-89.75,0.207,0.247,28.270,26.690,28.920,,,25.226,28.664,,,27.3750
7i2j_cluster1_Zn,7,#ff9896,1,/Users/stetef/Documents/SLAC/zn-cys-his/clustering-zinc-fingers/cluster-output/2cys2his-large/prep/annotated_xyz/7i2j_cluster1_Zn.xyz,1.98,Hx1Hx13Cx118C-SSSH,46.0466,0.9731,0.2388,-37.51,37.35,20.91,-119.04,-89.26,0.183,0.227,25.610,23.467,23.543,,,22.970,25.839,,,23.9547
7i2m_cluster1_Zn,7,#ff9896,1,/Users/stetef/Documents/SLAC/zn-cys-his/clustering-zinc-fingers/cluster-output/2cys2his-large/prep/annotated_xyz/7i2m_cluster1_Zn.xyz,1.78,Hx1Hx13Cx118C-SSSH,46.4061,0.9882,0.2492,-35.12,38.74,33.84,-118.52,-94.54,0.196,0.235,26.890,25.567,26.320,,,23.676,27.749,,,25.8280
7i2n_cluster1_Zn,7,#ff9896,1,/Users/stetef/Documents/SLAC/zn-cys-his/clustering-zinc-fingers/cluster-output/2cys2his-large/prep/annotated_xyz/7i2n_cluster1_Zn.xyz,1.92,Hx1Hx13Cx118C-SSSH,45.9197,0.9762,0.2463,-31.37,39.39,20.92,-102.91,-82.87,0.200,0.247,29.780,28.877,28.400,,,26.683,31.201,,,28.7903
7i2o_cluster1_Zn,7,#ff9896,1,/Users/stetef/Documents/SLAC/zn-cys-his/clustering-zinc-fingers/cluster-output/2cys2his-large/prep/annotated_xyz/7i2o_cluster1_Zn.xyz,1.86,Hx1Hx13Cx118C-SSSH,46.2839,0.9723,0.2510,-40.08,38.15,18.77,-123.77,-93.48,0.197,0.244,29.920,27.130,29.853,,,26.451,30.984,,,28.6045
7i2p_cluster1_Zn,7,#ff9896,1,/Users/stetef/Documents/SLAC/zn-cys-his/clustering-zinc-fingers/cluster-output/2cys2his-large/prep/annotated_xyz/7i2p_cluster1_Zn.xyz,1.76,Hx1Hx13Cx118C-SSSH,45.8940,0.9781,0.2466,-37.94,40.55,20.79,-116.96,-96.15,0.185,0.224,26.190,23.980,24.837,,,24.970,28.134,,,25.4803
7i2r_cluster1_Zn,7,#ff9896,1,/Users/stetef/Documents/SLAC/zn-cys-his/clustering-zinc-fingers/cluster-output/2cys2his-large/prep/annotated_xyz/7i2r_cluster1_Zn.xyz,1.80,Hx1Hx13Cx118C-SSSH,44.8323,0.9705,0.2194,-36.62,38.04,19.76,-116.51,-87.78,0.209,0.246,28.680,27.360,29.210,,,24.537,29.586,,,27.6732
7i2s_cluster1_Zn,7,#ff9896,1,/Users/stetef/Documents/SLAC/zn-cys-his/clustering-zinc-fingers/cluster-output/2cys2his-large/prep/annotated_xyz/7i2s_cluster1_Zn.xyz,1.56,Hx1Hx13Cx118C-SSSH,46.9645,0.9802,0.2482,-32.93,38.48,24.87,-107.28,-87.81,0.188,0.211,18.480,17.647,17.787,,,17.927,18.929,,,18.0725
7i2u_cluster1_Zn,7,#ff9896,1,/Users/stetef/Documents/SLAC/zn-cys-his/clustering-zinc-fingers/cluster-output/2cys2his-large/prep/annotated_xyz/7i2u_cluster1_Zn.xyz,1.96,Hx1Hx13Cx118C-SSSH,46.8581,0.9688,0.2661,-40.90,38.71,18.28,-121.10,-99.50,0.194,0.240,29.960,29.290,29.820,,,26.753,32.151,,,29.5035
7i2x_cluster1_Zn,7,#ff9896,1,/Users/stetef/Documents/SLAC/zn-cys-his/clustering-zinc-fingers/cluster-output/2cys2his-large/prep/annotated_xyz/7i2x_cluster1_Zn.xyz,1.50,Hx1Hx13Cx118C-SSSH,46.7286,0.9779,0.2486,-33.74,38.55,25.32,-113.56,-85.26,0.193,0.220,18.360,17.483,17.967,,,18.291,18.297,,,18.0095
7mc5_cluster2_Zn,5,#98df8a,1,/Users/stetef/Documents/SLAC/zn-cys-his/clustering-zinc-fingers/cluster-output/2cys2his-large/prep/annotated_xyz/7mc5_cluster2_Zn.xyz,1.64,Hx3Cx2Hx14C-HHLH,46.1070,0.9893,0.6297,-46.74,15.89,4.47,-132.73,-74.60,0.166,0.197,20.200,21.563,19.310,,,19.969,22.671,,,20.8783
7o4f_cluster1_Zn,10,#8c564b,1,/Users/stetef/Documents/SLAC/zn-cys-his/clustering-zinc-fingers/cluster-output/2cys2his-large/prep/annotated_xyz/7o4f_cluster1_Zn.xyz,1.65,Hx22Hx6Cx1C-HSSL,38.0539,0.9874,0.6210,24.98,24.74,77.36,-99.28,97.10,0.221,0.268,15.200,14.200,16.387,,,17.190,16.584,,,16.0903
7o4f_cluster3_Zn,10,#8c564b,1,/Users/stetef/Documents/SLAC/zn-cys-his/clustering-zinc-fingers/cluster-output/2cys2his-large/prep/annotated_xyz/7o4f_cluster3_Zn.xyz,1.65,Hx22Hx6Cx1C-HSSL,38.3184,0.9923,0.6330,27.23,21.49,74.64,-88.35,101.14,0.221,0.268,14.760,13.190,18.217,,,15.400,14.484,,,15.3228
7o4f_cluster5_Zn,10,#8c564b,1,/Users/stetef/Documents/SLAC/zn-cys-his/clustering-zinc-fingers/cluster-output/2cys2his-large/prep/annotated_xyz/7o4f_cluster5_Zn.xyz,1.65,Hx22Hx6Cx1C-HSSL,38.2612,0.9886,0.6311,25.05,23.02,75.58,-95.30,96.88,0.221,0.268,15.980,14.950,18.173,,,16.393,15.466,,,16.2455
7o4f_cluster7_Zn,10,#8c564b,1,/Users/stetef/Documents/SLAC/zn-cys-his/clustering-zinc-fingers/cluster-output/2cys2his-large/prep/annotated_xyz/7o4f_cluster7_Zn.xyz,1.65,Hx22Hx6Cx1C-HSSL,38.2011,0.9887,0.6272,24.17,20.65,76.50,-93.55,93.07,0.221,0.268,15.520,15.823,18.003,,,16.381,15.730,,,16.4842
7w86_cluster3_Zn,10,#8c564b,1,/Users/stetef/Documents/SLAC/zn-cys-his/clustering-zinc-fingers/cluster-output/2cys2his-large/prep/annotated_xyz/7w86_cluster3_Zn.xyz,1.80,Hx22Hx6Cx1C-HSSL,37.9437,0.9811,0.6576,25.84,21.39,72.28,-87.10,96.80,0.177,0.234,23.060,21.930,26.633,,,19.797,21.636,,,22.4990
7wuk_cluster3_Zn,12,#e377c2,1,/Users/stetef/Documents/SLAC/zn-cys-his/clustering-zinc-fingers/cluster-output/2cys2his-large/prep/annotated_xyz/7wuk_cluster3_Zn.xyz,1.63,Cx2Cx17Hx2H-SLLL,29.9560,0.9667,0.4304,14.55,13.27,-79.29,97.79,26.44,0.186,0.219,19.820,11.417,12.543,,,12.859,12.906,,,12.4313
7wul_cluster3_Zn,12,#e377c2,1,/Users/stetef/Documents/SLAC/zn-cys-his/clustering-zinc-fingers/cluster-output/2cys2his-large/prep/annotated_xyz/7wul_cluster3_Zn.xyz,1.58,Cx2Cx17Hx2H-SLLL,30.3044,0.9682,0.4296,12.70,11.64,-81.14,95.74,24.56,0.160,0.193,12.770,10.890,13.373,,,12.580,12.857,,,12.4250
7wum_cluster3_Zn,12,#e377c2,1,/Users/stetef/Documents/SLAC/zn-cys-his/clustering-zinc-fingers/cluster-output/2cys2his-large/prep/annotated_xyz/7wum_cluster3_Zn.xyz,1.58,Cx2Cx17Hx2H-SLLL,30.2184,0.9742,0.4328,12.63,10.58,-81.05,97.12,23.85,0.179,0.211,20.350,21.130,23.330,,,20.797,21.699,,,21.7390
7wun_cluster3_Zn,12,#e377c2,1,/Users/stetef/Documents/SLAC/zn-cys-his/clustering-zinc-fingers/cluster-output/2cys2his-large/prep/annotated_xyz/7wun_cluster3_Zn.xyz,1.53,Cx2Cx17Hx2H-SLLL,30.2458,0.9696,0.4314,13.43,12.54,-81.53,95.89,26.84,0.167,0.186,12.830,11.320,14.627,,,12.889,11.706,,,12.6355
7xwe_cluster3_Zn,12,#e377c2,1,/Users/stetef/Documents/SLAC/zn-cys-his/clustering-zinc-fingers/cluster-output/2cys2his-large/prep/annotated_xyz/7xwe_cluster3_Zn.xyz,1.60,Cx2Cx17Hx2H-SLLL,30.1701,0.9731,0.4477,12.05,10.70,-78.37,98.43,17.46,0.177,0.200,13.100,11.590,13.410,,,12.823,14.256,,,13.0198
7xwe_cluster6_Zn,12,#e377c2,1,/Users/stetef/Documents/SLAC/zn-cys-his/clustering-zinc-fingers/cluster-output/2cys2his-large/prep/annotated_xyz/7xwe_cluster6_Zn.xyz,1.60,Cx2Cx17Hx2H-SLLL,30.2719,0.9684,0.4422,11.32,9.29,-81.67,98.94,18.73,0.177,0.200,13.230,11.970,12.530,,,12.379,13.947,,,12.7065
7xwf_cluster3_Zn,12,#e377c2,1,/Users/stetef/Documents/SLAC/zn-cys-his/clustering-zinc-fingers/cluster-output/2cys2his-large/prep/annotated_xyz/7xwf_cluster3_Zn.xyz,1.45,Cx2Cx17Hx2H-SLLL,30.1352,0.9711,0.4374,13.71,11.24,-79.10,98.08,24.61,0.189,0.210,15.410,13.887,12.907,,,15.909,18.961,,,15.4160
7xwg_cluster3_Zn,12,#e377c2,1,/Users/stetef/Documents/SLAC/zn-cys-his/clustering-zinc-fingers/cluster-output/2cys2his-large/prep/annotated_xyz/7xwg_cluster3_Zn.xyz,1.83,Cx2Cx17Hx2H-SLLL,29.9144,0.9842,0.4195,11.06,11.53,-79.14,100.43,11.40,0.224,0.252,31.490,32.303,30.490,,,35.417,36.847,,,33.7642
7y6w_cluster3_Zn,12,#e377c2,1,/Users/stetef/Documents/SLAC/zn-cys-his/clustering-zinc-fingers/cluster-output/2cys2his-large/prep/annotated_xyz/7y6w_cluster3_Zn.xyz,1.95,Cx2Cx17Hx2H-SLLL,30.5164,0.9722,0.4538,12.84,12.47,-79.05,96.88,21.08,0.192,0.230,27.000,25.610,26.457,,,27.924,32.006,,,27.9992
7y6y_cluster12_Zn,12,#e377c2,1,/Users/stetef/Documents/SLAC/zn-cys-his/clustering-zinc-fingers/cluster-output/2cys2his-large/prep/annotated_xyz/7y6y_cluster12_Zn.xyz,1.54,Cx2Cx17Hx2H-SLLL,29.8054,0.9724,0.4325,14.53,9.88,-79.00,96.66,30.58,0.226,0.243,15.320,14.317,13.783,,,16.061,19.700,,,15.9653
7y6y_cluster3_Zn,12,#e377c2,1,/Users/stetef/Documents/SLAC/zn-cys-his/clustering-zinc-fingers/cluster-output/2cys2his-large/prep/annotated_xyz/7y6y_cluster3_Zn.xyz,1.54,Cx2Cx17Hx2H-SLLL,29.7083,0.9762,0.4252,12.50,10.49,-77.75,97.20,20.07,0.226,0.243,15.060,14.490,13.663,,,16.289,19.134,,,15.8940
7y6y_cluster6_Zn,12,#e377c2,1,/Users/stetef/Documents/SLAC/zn-cys-his/clustering-zinc-fingers/cluster-output/2cys2his-large/prep/annotated_xyz/7y6y_cluster6_Zn.xyz,1.54,Cx2Cx17Hx2H-SLLL,29.6859,0.9764,0.4253,12.47,9.99,-78.12,98.12,19.89,0.226,0.243,15.140,14.140,14.047,,,15.643,19.013,,,15.7108
7y6y_cluster9_Zn,12,#e377c2,1,/Users/stetef/Documents/SLAC/zn-cys-his/clustering-zinc-fingers/cluster-output/2cys2his-large/prep/annotated_xyz/7y6y_cluster9_Zn.xyz,1.54,Cx2Cx17Hx2H-SLLL,29.7154,0.9718,0.4346,12.80,10.43,-77.35,96.28,21.85,0.226,0.243,15.170,13.903,13.953,,,16.159,19.827,,,15.9605
7y6z_cluster3_Zn,12,#e377c2,1,/Users/stetef/Documents/SLAC/zn-cys-his/clustering-zinc-fingers/cluster-output/2cys2his-large/prep/annotated_xyz/7y6z_cluster3_Zn.xyz,1.60,Cx2Cx17Hx2H-SLLL,29.6919,0.9703,0.4345,13.45,6.90,-79.16,100.47,25.59,0.234,0.271,31.640,25.027,23.527,,,25.637,31.789,,,26.4950
7yrb_cluster3_Zn,12,#e377c2,1,/Users/stetef/Documents/SLAC/zn-cys-his/clustering-zinc-fingers/cluster-output/2cys2his-large/prep/annotated_xyz/7yrb_cluster3_Zn.xyz,1.51,Cx2Cx16Hx2H-SLLL,31.6254,0.9805,0.4822,8.31,5.51,-77.53,89.05,16.22,0.166,0.199,21.690,19.623,31.543,,,20.414,22.791,,,23.5928
7z0r_cluster1_Zn,1,#aec7e8,1,/Users/stetef/Documents/SLAC/zn-cys-his/clustering-zinc-fingers/cluster-output/2cys2his-large/prep/annotated_xyz/7z0r_cluster1_Zn.xyz,1.66,Cx5Cx23Hx1H-SLLL,34.2280,0.9802,0.4122,56.25,-7.60,3.87,109.31,119.44,0.178,0.219,11.310,13.100,11.543,,,10.159,11.589,,,11.5977
7z0r_cluster2_Zn,1,#aec7e8,1,/Users/stetef/Documents/SLAC/zn-cys-his/clustering-zinc-fingers/cluster-output/2cys2his-large/prep/annotated_xyz/7z0r_cluster2_Zn.xyz,1.66,Cx5Cx23Hx1H-SLLL,31.6302,0.9860,0.4341,68.43,-2.66,-2.88,104.02,175.25,0.178,0.219,17.970,19.253,20.693,,,19.297,21.473,,,20.1790
8byk_cluster1_Zn,20,#1f77b4,1,/Users/stetef/Documents/SLAC/zn-cys-his/clustering-zinc-fingers/cluster-output/2cys2his-large/prep/annotated_xyz/8byk_cluster1_Zn.xyz,1.70,Cx45Cx0Hx155H-LLLH,20.8034,0.9682,0.3896,79.59,27.96,92.92,95.65,101.83,0.190,0.220,17.230,13.037,15.603,,,19.086,31.747,,,19.8682
8cnb_cluster4_Zn,1,#aec7e8,1,/Users/stetef/Documents/SLAC/zn-cys-his/clustering-zinc-fingers/cluster-output/2cys2his-large/prep/annotated_xyz/8cnb_cluster4_Zn.xyz,1.99,Cx2Cx14Hx1H-SLLL,34.3843,0.6568,0.3522,-40.87,-28.18,-57.61,-17.31,-60.38,0.262,0.316,202.990,126.883,115.237,,,163.156,202.054,,,151.8325
8g44_cluster1_Zn,15,#c7c7c7,1,/Users/stetef/Documents/SLAC/zn-cys-his/clustering-zinc-fingers/cluster-output/2cys2his-large/prep/annotated_xyz/8g44_cluster1_Zn.xyz,1.55,Cx2Cx15Hx5H-SLHL,48.1315,0.9793,0.6727,37.37,10.19,91.15,63.64,-15.49,0.164,0.193,6.860,6.950,8.363,,,7.563,6.469,,,7.3362
8gn3_cluster1_Zn,0,#1f77b4,1,/Users/stetef/Documents/SLAC/zn-cys-his/clustering-zinc-fingers/cluster-output/2cys2his-large/prep/annotated_xyz/8gn3_cluster1_Zn.xyz,1.80,Cx2Cx12Hx3H-LLHL,45.2552,0.9687,0.5674,43.65,7.89,100.01,105.91,-39.21,0.200,0.225,13.690,12.650,17.993,,,9.867,12.660,,,13.2925
8gn3_cluster2_Zn,0,#1f77b4,1,/Users/stetef/Documents/SLAC/zn-cys-his/clustering-zinc-fingers/cluster-output/2cys2his-large/prep/annotated_xyz/8gn3_cluster2_Zn.xyz,1.80,Cx2Cx12Hx3H-LLHH,42.6888,0.9891,0.5791,30.61,10.00,90.56,86.23,-64.34,0.200,0.225,11.890,11.807,12.490,,,13.553,17.019,,,13.7172
8gn3_cluster3_Zn,0,#1f77b4,1,/Users/stetef/Documents/SLAC/zn-cys-his/clustering-zinc-fingers/cluster-output/2cys2his-large/prep/annotated_xyz/8gn3_cluster3_Zn.xyz,1.80,Cx2Cx12Hx3H-LLHH,45.9325,0.9564,0.5913,42.35,9.79,99.87,102.91,-43.15,0.200,0.225,14.280,16.980,19.043,,,11.837,15.477,,,15.8343
8gn3_cluster4_Zn,0,#1f77b4,1,/Users/stetef/Documents/SLAC/zn-cys-his/clustering-zinc-fingers/cluster-output/2cys2his-large/prep/annotated_xyz/8gn3_cluster4_Zn.xyz,1.80,Cx2Cx12Hx3H-LLHH,46.3835,0.9854,0.6167,34.81,13.62,92.00,91.61,-57.97,0.200,0.225,11.100,13.287,10.307,,,11.210,14.203,,,12.2518
8gn4_cluster1_Zn,0,#1f77b4,1,/Users/stetef/Documents/SLAC/zn-cys-his/clustering-zinc-fingers/cluster-output/2cys2his-large/prep/annotated_xyz/8gn4_cluster1_Zn.xyz,1.90,Cx2Cx12Hx3H-LLHH,44.0271,0.9572,0.5843,44.93,7.65,97.89,117.13,-42.96,0.210,0.259,12.020,14.233,16.590,,,16.021,19.880,,,16.6810
8gn4_cluster2_Zn,0,#1f77b4,1,/Users/stetef/Documents/SLAC/zn-cys-his/clustering-zinc-fingers/cluster-output/2cys2his-large/prep/annotated_xyz/8gn4_cluster2_Zn.xyz,1.90,Cx2Cx12Hx3H-LLHH,45.2157,0.9853,0.5940,33.51,15.03,91.32,91.54,-63.84,0.210,0.259,18.600,20.040,18.540,,,27.020,32.386,,,24.4965
8j9r_cluster3_Zn,12,#e377c2,1,/Users/stetef/Documents/SLAC/zn-cys-his/clustering-zinc-fingers/cluster-output/2cys2his-large/prep/annotated_xyz/8j9r_cluster3_Zn.xyz,1.65,Cx2Cx16Hx2H-SLLL,30.8041,0.9837,0.4387,8.84,5.12,-78.71,93.47,15.49,0.234,0.287,16.000,15.337,15.943,,,14.210,17.610,,,15.7750
8t4r_cluster2_Zn,4,#2ca02c,1,/Users/stetef/Documents/SLAC/zn-cys-his/clustering-zinc-fingers/cluster-output/2cys2his-large/prep/annotated_xyz/8t4r_cluster2_Zn.xyz,1.20,Cx5Hx25Cx2H-SSLH,23.8979,0.9679,0.2992,41.63,8.20,82.42,143.11,-67.21,0.140,0.160,20.790,18.637,21.513,,,19.907,26.111,,,21.5420
8yva_cluster1_Zn,14,#7f7f7f,1,/Users/stetef/Documents/SLAC/zn-cys-his/clustering-zinc-fingers/cluster-output/2cys2his-large/prep/annotated_xyz/8yva_cluster1_Zn.xyz,1.80,Cx4Cx17Hx3H-LLHH,46.6598,0.9884,0.5593,25.36,22.88,-1.29,120.82,-40.98,0.176,0.221,17.060,16.537,21.517,,,13.733,17.174,,,17.2402
8yva_cluster3_Zn,14,#7f7f7f,1,/Users/stetef/Documents/SLAC/zn-cys-his/clustering-zinc-fingers/cluster-output/2cys2his-large/prep/annotated_xyz/8yva_cluster3_Zn.xyz,1.80,Cx4Cx17Hx3H-LLHL,43.3243,0.9929,0.5353,18.82,19.46,-6.32,114.13,-51.99,0.176,0.221,16.380,14.530,20.977,,,13.199,15.637,,,16.0858
8yva_cluster4_Zn,0,#1f77b4,1,/Users/stetef/Documents/SLAC/zn-cys-his/clustering-zinc-fingers/cluster-output/2cys2his-large/prep/annotated_xyz/8yva_cluster4_Zn.xyz,1.80,Cx2Cx12Hx4H-LLHH,46.7509,0.9538,0.5183,33.29,5.18,106.30,76.36,-54.70,0.176,0.221,14.820,11.663,14.577,,,13.834,17.587,,,14.4153
8yvb_cluster1_Zn,14,#7f7f7f,1,/Users/stetef/Documents/SLAC/zn-cys-his/clustering-zinc-fingers/cluster-output/2cys2his-large/prep/annotated_xyz/8yvb_cluster1_Zn.xyz,1.90,Cx4Cx17Hx3H-LLHL,50.0339,0.9911,0.5931,26.77,16.41,8.37,126.94,-44.64,0.190,0.239,19.660,19.143,22.930,,,19.501,19.694,,,20.3170
8yvb_cluster2_Zn,0,#1f77b4,1,/Users/stetef/Documents/SLAC/zn-cys-his/clustering-zinc-fingers/cluster-output/2cys2his-large/prep/annotated_xyz/8yvb_cluster2_Zn.xyz,1.90,Cx2Cx12Hx4H-LLHH,42.6771,0.9705,0.5320,37.74,6.87,105.68,95.42,-57.01,0.190,0.239,24.410,24.420,35.057,,,14.950,27.321,,,25.4370
8zg9_cluster10_Zn,9,#c5b0d5,1,/Users/stetef/Documents/SLAC/zn-cys-his/clustering-zinc-fingers/cluster-output/2cys2his-large/prep/annotated_xyz/8zg9_cluster10_Zn.xyz,1.67,Cx2Cx26Hx3H-SLLL,33.0746,0.9828,0.7810,-52.23,-4.01,-110.21,-115.83,21.13,0.211,0.237,31.830,21.413,27.037,,,23.774,28.721,,,25.2362
8zg9_cluster12_Zn,9,#c5b0d5,1,/Users/stetef/Documents/SLAC/zn-cys-his/clustering-zinc-fingers/cluster-output/2cys2his-large/prep/annotated_xyz/8zg9_cluster12_Zn.xyz,1.67,Cx2Cx26Hx3H-SLLL,29.8934,0.9793,0.7517,-52.93,-1.68,-107.21,-117.67,14.82,0.211,0.237,30.490,22.127,26.860,,,18.866,24.439,,,23.0730
8zg9_cluster2_Zn,9,#c5b0d5,1,/Users/stetef/Documents/SLAC/zn-cys-his/clustering-zinc-fingers/cluster-output/2cys2his-large/prep/annotated_xyz/8zg9_cluster2_Zn.xyz,1.67,Cx2Cx26Hx3H-SLLL,33.5174,0.9804,0.7781,-53.63,-1.12,-109.78,-118.96,15.33,0.211,0.237,28.080,19.640,25.003,,,18.706,23.899,,,21.8120
8zg9_cluster4_Zn,9,#c5b0d5,1,/Users/stetef/Documents/SLAC/zn-cys-his/clustering-zinc-fingers/cluster-output/2cys2his-large/prep/annotated_xyz/8zg9_cluster4_Zn.xyz,1.67,Cx2Cx26Hx3H-SLLL,31.9258,0.9870,0.7898,-54.68,-1.62,-113.93,-122.37,19.19,0.211,0.237,35.000,21.427,27.250,,,24.951,31.647,,,26.3188
8zg9_cluster6_Zn,9,#c5b0d5,1,/Users/stetef/Documents/SLAC/zn-cys-his/clustering-zinc-fingers/cluster-output/2cys2his-large/prep/annotated_xyz/8zg9_cluster6_Zn.xyz,1.67,Cx2Cx26Hx3H-SLLL,30.3072,0.9854,0.7647,-53.18,0.66,-105.47,-124.07,16.14,0.211,0.237,39.330,29.070,32.597,,,28.624,37.383,,,31.9185
8zg9_cluster8_Zn,9,#c5b0d5,1,/Users/stetef/Documents/SLAC/zn-cys-his/clustering-zinc-fingers/cluster-output/2cys2his-large/prep/annotated_xyz/8zg9_cluster8_Zn.xyz,1.67,Cx2Cx26Hx3H-SLLL,30.8190,0.9831,0.7405,-49.60,0.75,-94.94,-118.99,14.79,0.211,0.237,38.070,23.830,28.733,,,26.359,31.077,,,27.4997
9ay8_cluster2_Zn,1,#aec7e8,1,/Users/stetef/Documents/SLAC/zn-cys-his/clustering-zinc-fingers/cluster-output/2cys2his-large/prep/annotated_xyz/9ay8_cluster2_Zn.xyz,2.00,Cx36Cx4Hx1H-LLHL,41.7158,0.9567,0.5022,-17.72,-26.80,15.18,7.77,-67.03,0.168,0.193,28.490,29.240,29.067,,,32.631,29.544,,,30.1205
9ayu_cluster2_Zn,1,#aec7e8,1,/Users/stetef/Documents/SLAC/zn-cys-his/clustering-zinc-fingers/cluster-output/2cys2his-large/prep/annotated_xyz/9ayu_cluster2_Zn.xyz,2.00,Cx36Cx4Hx1H-LLHL,40.1488,0.9587,0.4888,-20.75,-22.94,14.82,-4.39,-70.49,0.163,0.186,18.110,18.593,19.857,,,30.459,23.209,,,23.0295
9dno_cluster3_Zn,3,#ffbb78,1,/Users/stetef/Documents/SLAC/zn-cys-his/clustering-zinc-fingers/cluster-output/2cys2his-large/prep/annotated_xyz/9dno_cluster3_Zn.xyz,1.33,Cx2Cx17Hx2H-SLHH,25.4429,0.9906,0.3567,10.70,3.83,-63.84,109.71,-6.88,0.198,0.208,16.490,16.657,16.820,,,14.860,21.071,,,17.3520
9dno_cluster6_Zn,3,#ffbb78,1,/Users/stetef/Documents/SLAC/zn-cys-his/clustering-zinc-fingers/cluster-output/2cys2his-large/prep/annotated_xyz/9dno_cluster6_Zn.xyz,1.33,Cx2Cx17Hx2H-SLHH,27.8100,0.9815,0.4164,10.53,19.45,-68.06,108.38,-17.68,0.198,0.208,23.140,21.767,22.680,,,18.604,22.276,,,21.3317
9dnp_cluster3_Zn,8,#9467bd,1,/Users/stetef/Documents/SLAC/zn-cys-his/clustering-zinc-fingers/cluster-output/2cys2his-large/prep/annotated_xyz/9dnp_cluster3_Zn.xyz,1.22,Cx2Cx17Hx2H-SLHH,25.0574,0.9928,0.3432,5.93,-1.83,-66.84,107.39,-14.99,0.186,0.201,21.200,20.980,21.103,,,20.411,23.491,,,21.4963
9dnp_cluster6_Zn,8,#9467bd,1,/Users/stetef/Documents/SLAC/zn-cys-his/clustering-zinc-fingers/cluster-output/2cys2his-large/prep/annotated_xyz/9dnp_cluster6_Zn.xyz,1.22,Cx2Cx17Hx2H-SLHH,25.9273,0.9866,0.3737,8.21,3.87,-72.79,112.12,-10.36,0.186,0.201,18.210,18.470,19.223,,,18.539,20.949,,,19.2952
9dnq_cluster3_Zn,3,#ffbb78,1,/Users/stetef/Documents/SLAC/zn-cys-his/clustering-zinc-fingers/cluster-output/2cys2his-large/prep/annotated_xyz/9dnq_cluster3_Zn.xyz,1.22,Cx2Cx17Hx2H-SLHH,25.4885,0.9909,0.3745,6.59,0.66,-69.45,107.63,-12.48,0.139,0.150,5.410,5.450,5.700,,,5.461,6.686,,,5.8243
9dnq_cluster6_Zn,3,#ffbb78,1,/Users/stetef/Documents/SLAC/zn-cys-his/clustering-zinc-fingers/cluster-output/2cys2his-large/prep/annotated_xyz/9dnq_cluster6_Zn.xyz,1.22,Cx2Cx17Hx2H-SLHH,25.5355,0.9917,0.3765,7.13,1.18,-67.10,107.71,-13.26,0.139,0.150,5.510,5.663,5.777,,,5.923,6.256,,,5.9047
9dnr_cluster3_Zn,3,#ffbb78,1,/Users/stetef/Documents/SLAC/zn-cys-his/clustering-zinc-fingers/cluster-output/2cys2his-large/prep/annotated_xyz/9dnr_cluster3_Zn.xyz,1.22,Cx2Cx17Hx2H-SLHH,24.9452,0.9857,0.3646,6.90,1.30,-70.51,109.68,-12.89,0.168,0.180,6.510,7.103,7.903,,,5.933,8.613,,,7.3880
9fws_cluster3_Zn,5,#98df8a,1,/Users/stetef/Documents/SLAC/zn-cys-his/clustering-zinc-fingers/cluster-output/2cys2his-large/prep/annotated_xyz/9fws_cluster3_Zn.xyz,1.43,Hx3Cx2Hx14C-HLLH,45.3372,0.9867,0.6254,-42.78,18.87,12.46,-124.98,-77.48,0.192,0.213,29.470,36.877,25.110,,,29.337,38.547,,,32.4677
9fwt_cluster3_Zn,5,#98df8a,1,/Users/stetef/Documents/SLAC/zn-cys-his/clustering-zinc-fingers/cluster-output/2cys2his-large/prep/annotated_xyz/9fwt_cluster3_Zn.xyz,1.64,Hx3Cx2Hx14C-HHLH,45.2624,0.9740,0.6234,-40.01,22.64,11.10,-122.52,-71.27,0.184,0.214,37.830,52.027,31.880,,,40.093,59.337,,,45.8342
9fzk_cluster3_Zn,5,#98df8a,1,/Users/stetef/Documents/SLAC/zn-cys-his/clustering-zinc-fingers/cluster-output/2cys2his-large/prep/annotated_xyz/9fzk_cluster3_Zn.xyz,1.30,Hx3Cx2Hx14C-HHLH,47.0297,0.9947,0.6490,-45.36,12.10,7.73,-133.29,-67.99,0.161,0.185,17.830,20.560,14.987,,,17.167,22.529,,,18.8108
9i51_cluster4_Zn,1,#aec7e8,1,/Users/stetef/Documents/SLAC/zn-cys-his/clustering-zinc-fingers/cluster-output/2cys2his-large/prep/annotated_xyz/9i51_cluster4_Zn.xyz,1.82,Cx2Cx13Hx5H-SLHL,41.7955,0.9830,0.6176,-11.40,15.39,-119.06,39.08,19.00,0.173,0.202,33.870,35.467,35.170,,,36.103,31.774,,,34.6285
9i53_cluster4_Zn,1,#aec7e8,1,/Users/stetef/Documents/SLAC/zn-cys-his/clustering-zinc-fingers/cluster-output/2cys2his-large/prep/annotated_xyz/9i53_cluster4_Zn.xyz,1.92,Cx2Cx13Hx5H-SLHL,41.2596,0.9688,0.6199,-10.81,11.43,-121.37,46.43,20.26,0.187,0.229,32.330,32.907,35.607,,,33.843,32.866,,,33.8058
9jni_cluster2_Zn,9,#c5b0d5,1,/Users/stetef/Documents/SLAC/zn-cys-his/clustering-zinc-fingers/cluster-output/2cys2his-large/prep/annotated_xyz/9jni_cluster2_Zn.xyz,1.92,Cx2Cx18Hx3H-SLLL,31.3395,0.9708,0.7007,-54.75,-14.23,-87.25,-121.94,4.44,0.197,0.229,42.490,33.493,37.697,,,34.610,40.541,,,36.5853
9jni_cluster4_Zn,14,#7f7f7f,1,/Users/stetef/Documents/SLAC/zn-cys-his/clustering-zinc-fingers/cluster-output/2cys2his-large/prep/annotated_xyz/9jni_cluster4_Zn.xyz,1.92,Cx2Cx17Hx4H-HHHH,32.1901,0.9851,0.4711,-18.42,9.36,-100.63,81.65,-64.06,0.197,0.229,46.870,36.753,41.383,,,40.026,42.303,,,40.1163
9lgs_cluster2_Zn,9,#c5b0d5,1,/Users/stetef/Documents/SLAC/zn-cys-his/clustering-zinc-fingers/cluster-output/2cys2his-large/prep/annotated_xyz/9lgs_cluster2_Zn.xyz,1.50,Cx2Cx21Hx3H-SLLL,32.4275,0.9749,0.7111,-54.48,-14.11,-85.21,-125.34,6.72,0.175,0.185,11.420,9.790,12.173,,,13.703,11.356,,,11.7555
9lgs_cluster4_Zn,9,#c5b0d5,1,/Users/stetef/Documents/SLAC/zn-cys-his/clustering-zinc-fingers/cluster-output/2cys2his-large/prep/annotated_xyz/9lgs_cluster4_Zn.xyz,1.50,Cx2Cx21Hx3H-SLLL,32.4902,0.9785,0.7289,-55.50,-14.01,-88.42,-126.71,7.15,0.175,0.185,11.420,9.190,11.303,,,12.879,10.731,,,11.0258
9lgs_cluster6_Zn,9,#c5b0d5,1,/Users/stetef/Documents/SLAC/zn-cys-his/clustering-zinc-fingers/cluster-output/2cys2his-large/prep/annotated_xyz/9lgs_cluster6_Zn.xyz,1.50,Cx2Cx21Hx3H-SLLL,32.9307,0.9801,0.7287,-56.55,-14.11,-89.77,-127.89,5.56,0.175,0.185,12.240,10.403,13.307,,,14.030,11.706,,,12.3615
9m0k_cluster2_Zn,1,#aec7e8,1,/Users/stetef/Documents/SLAC/zn-cys-his/clustering-zinc-fingers/cluster-output/2cys2his-large/prep/annotated_xyz/9m0k_cluster2_Zn.xyz,1.80,Cx5Cx23Hx1H-SLLL,26.3247,0.9943,0.4258,-16.06,1.52,-3.04,104.50,-167.22,0.247,0.280,29.330,24.047,26.833,,,26.616,27.929,,,26.3562
9mux_cluster3_Zn,3,#ffbb78,1,/Users/stetef/Documents/SLAC/zn-cys-his/clustering-zinc-fingers/cluster-output/2cys2his-large/prep/annotated_xyz/9mux_cluster3_Zn.xyz,1.29,Cx2Cx17Hx2H-SLHH,24.8401,0.9920,0.3670,6.69,-2.18,-68.86,109.69,-11.90,0.142,0.151,6.530,6.453,6.710,,,5.471,7.346,,,6.4950
9upz_cluster2_Zn,9,#c5b0d5,1,/Users/stetef/Documents/SLAC/zn-cys-his/clustering-zinc-fingers/cluster-output/2cys2his-large/prep/annotated_xyz/9upz_cluster2_Zn.xyz,1.71,Cx2Cx18Hx3H-SLLL,31.8798,0.9644,0.7000,-53.07,-15.05,-87.35,-117.74,7.85,0.206,0.236,21.070,17.747,20.863,,,22.834,24.303,,,21.4367
9upz_cluster3_Zn,0,#1f77b4,1,/Users/stetef/Documents/SLAC/zn-cys-his/clustering-zinc-fingers/cluster-output/2cys2his-large/prep/annotated_xyz/9upz_cluster3_Zn.xyz,1.71,Cx2Cx12Hx4H-LLHH,45.9784,0.9717,0.5777,38.03,11.73,96.47,87.93,-44.02,0.206,0.236,23.970,20.307,25.397,,,25.459,32.021,,,25.7960
9upz_cluster4_Zn,14,#7f7f7f,1,/Users/stetef/Documents/SLAC/zn-cys-his/clustering-zinc-fingers/cluster-output/2cys2his-large/prep/annotated_xyz/9upz_cluster4_Zn.xyz,1.71,Cx2Cx17Hx4H-HHHH,33.6947,0.9829,0.4888,-16.73,13.26,-105.40,91.66,-66.43,0.206,0.236,21.320,19.873,21.227,,,24.276,22.390,,,21.9415
9v0k_cluster3_Zn,3,#ffbb78,1,/Users/stetef/Documents/SLAC/zn-cys-his/clustering-zinc-fingers/cluster-output/2cys2his-large/prep/annotated_xyz/9v0k_cluster3_Zn.xyz,1.54,Cx2Cx17Hx2H-SLHH,25.4438,0.9930,0.3862,8.74,2.27,-68.83,116.04,-14.53,0.171,0.207,7.060,7.067,6.450,,,8.211,8.603,,,7.5828
9v0k_cluster4_Zn,3,#ffbb78,1,/Users/stetef/Documents/SLAC/zn-cys-his/clustering-zinc-fingers/cluster-output/2cys2his-large/prep/annotated_xyz/9v0k_cluster4_Zn.xyz,1.54,Cx2Cx17Hx2H-SLHH,25.8086,0.9856,0.3961,9.74,3.37,-65.00,115.28,-14.68,0.171,0.207,7.160,7.340,5.560,,,6.894,8.341,,,7.0337
9yc2_cluster2_Zn,15,#c7c7c7,1,/Users/stetef/Documents/SLAC/zn-cys-his/clustering-zinc-fingers/cluster-output/2cys2his-large/prep/annotated_xyz/9yc2_cluster2_Zn.xyz,1.40,Cx2Cx15Hx5H-SLHL,46.2385,0.9834,0.6405,40.85,1.80,103.95,63.66,-6.04,0.153,0.192,13.310,12.017,15.387,,,13.514,15.003,,,13.9802
9ylm_cluster1_Zn,0,#1f77b4,1,/Users/stetef/Documents/SLAC/zn-cys-his/clustering-zinc-fingers/cluster-output/2cys2his-large/prep/annotated_xyz/9ylm_cluster1_Zn.xyz,1.91,Cx2Cx12Hx3H-LLHH,43.3858,0.9803,0.6036,47.59,9.27,89.90,131.29,-40.10,0.205,0.244,38.760,37.753,45.300,,,38.884,37.344,,,39.8203
9ylm_cluster2_Zn,0,#1f77b4,1,/Users/stetef/Documents/SLAC/zn-cys-his/clustering-zinc-fingers/cluster-output/2cys2his-large/prep/annotated_xyz/9ylm_cluster2_Zn.xyz,1.91,Cx2Cx12Hx3H-LLHH,46.7918,0.9427,0.5905,35.14,10.57,99.12,92.65,-61.79,0.205,0.244,30.340,31.427,33.087,,,32.361,34.884,,,32.9398
9ylm_cluster3_Zn,0,#1f77b4,1,/Users/stetef/Documents/SLAC/zn-cys-his/clustering-zinc-fingers/cluster-output/2cys2his-large/prep/annotated_xyz/9ylm_cluster3_Zn.xyz,1.91,Cx2Cx12Hx4H-LLHH,46.4490,0.9528,0.5634,39.90,7.62,90.72,113.09,-51.82,0.205,0.244,39.270,41.950,38.340,,,44.451,51.233,,,43.9935
9ylo_cluster1_Zn,0,#1f77b4,1,/Users/stetef/Documents/SLAC/zn-cys-his/clustering-zinc-fingers/cluster-output/2cys2his-large/prep/annotated_xyz/9ylo_cluster1_Zn.xyz,1.97,Cx2Cx12Hx3H-LLHH,44.7961,0.9753,0.5674,38.71,10.05,100.06,98.68,-53.94,0.215,0.242,33.520,41.560,43.673,,,30.161,40.876,,,39.0675
9ylo_cluster2_Zn,0,#1f77b4,1,/Users/stetef/Documents/SLAC/zn-cys-his/clustering-zinc-fingers/cluster-output/2cys2his-large/prep/annotated_xyz/9ylo_cluster2_Zn.xyz,1.97,Cx2Cx12Hx3H-LLHH,41.2535,0.9814,0.5637,40.78,16.08,91.39,105.23,-49.59,0.215,0.242,28.630,32.900,36.977,,,29.681,29.899,,,32.3642
