# # Once                                                         FEFF 10.0.0 
# # POT  SCF 100  9.0000   0, NO core-hole, FOLP (folp(0)= 1.150)
# # Abs   Z=30 Rmt= 1.378 Rnm= 1.522 K  shell
# #   RGRID 0.0100
# # Pot 1 Z= 6 Rmt= 0.898 Rnm= 1.123
# # Pot 2 Z= 6 Rmt= 0.923 Rnm= 1.164
# # Pot 3 Z= 1 Rmt= 0.550 Rnm= 0.958
# # Pot 4 Z=16 Rmt= 1.257 Rnm= 1.478
# # Gam_ch=1.897E+00 H-L exch Vi=-5.000E-01 Vr= 0.000E+00
# # Mu=-7.325E+00eV kf=1.974E+00 Vint=-1.291E+01eV Rs_int= 1.837
# # PATH  Rmax= 9.000,  Keep_limit= 0.00, Heap_limit 0.00  Pwcrit= 2.50%
#  S02=1.000  Temp=  10.00  Debye_temp= 315.00  Global_sig2= 0.00000
#  Energy zero shift, vr, vi    0.00000E+00   0.00000E+00
#  Curved wave amplitude ratio filter   4.000%
#     file         sig2 tot  cw amp ratio   deg  nlegs   reff  inp sig2
#           1       0.00295    100.00      1.00     2   2.3483
#           2       0.00306     98.27      1.00     2   2.3653
#           3       0.00305     98.19      1.00     2   2.3660
#           4       0.00314     97.65      1.00     2   2.3714
#           5       0.02916     13.64      1.00     2   3.1127
#           6       0.02903     13.57      1.00     2   3.1191
#           7       0.03048     12.23      1.00     2   3.2548
#           8       0.00561     42.86      1.00     2   3.2734
#           9       0.00621     42.49      1.00     2   3.2847
#          10       0.02421     11.89      1.00     2   3.2930
#          11       0.00644     41.32      1.00     2   3.3216
#          12       0.02443     11.51      1.00     2   3.3370
#          13       0.00635     40.22      1.00     2   3.3573
#          14       0.03288     10.58      1.00     2   3.4532
#          15       0.03175      9.83      1.00     2   3.5582
#          16       0.03559      8.87      1.00     2   3.7086
#          17       0.00408     49.41      2.00     3   3.7327
#          18       0.00427     49.14      2.00     3   3.7404
#          19       0.01405     16.21      2.00     3   3.7485
#          20       0.00431     48.92      2.00     3   3.7567
#          21       0.01427     16.94      2.00     3   3.7636
#          22       0.00426     49.38      2.00     3   3.7658
#          23       0.01190     12.23      2.00     3   3.8300
#          24       0.01203     11.66      2.00     3   3.8520
#          25       0.01490     13.63      2.00     3   3.8516
#          26       0.01011     27.22      1.00     2   3.9185
#          27       0.01677      9.27      2.00     3   3.9408
#          28       0.01674      9.25      2.00     3   3.9446
#          29       0.00927     25.79      1.00     2   4.0016
#          30       0.01707      8.99      2.00     3   4.0073
#          31       0.01498      8.79      2.00     3   4.0342
#          32       0.01492      8.68      2.00     3   4.0568
#          33       0.01025     24.38      1.00     2   4.0898
#          34       0.00447     16.40      1.00     4   4.1743
#          35       0.00447     18.75      1.00     4   4.1921
#          36       0.00449     17.44      1.00     4   4.1918
#          37       0.01856      4.75      2.00     3   4.1937
#          38       0.00458     18.44      1.00     4   4.1962
#          40       0.01557      6.48      1.00     2   4.2047
#          42       0.02597     10.96      1.00     4   4.2055
#          43       0.02540     10.82      1.00     4   4.2123
#          44       0.00439     11.03      2.00     3   4.2177
#          45       0.01355      6.41      1.00     2   4.2227
#          46       0.01779     16.30      2.00     3   4.2324
#          47       0.00436     11.51      2.00     3   4.2395
#          49       0.01402      6.21      1.00     2   4.2773
#          50       0.00422     12.17      2.00     3   4.2827
#          52       0.01149     27.03      2.00     3   4.3004
#          53       0.01224     24.83      2.00     3   4.3098
#          55       0.00441     12.82      2.00     3   4.3172
#          56       0.01674     14.78      2.00     3   4.3262
#          57       0.00435     12.72      2.00     3   4.3368
#          58       0.02760      9.74      1.00     4   4.3459
#          59       0.00428     13.28      2.00     3   4.3482
#          60       0.00634     22.57      2.00     3   4.3592
#          61       0.01168     25.32      2.00     3   4.3640
#          62       0.01127     31.62      1.00     4   4.3780
#          63       0.01820      9.25      1.00     4   4.3865
#          64       0.01670      6.22      2.00     4   4.4086
#          65       0.01164     26.51      1.00     4   4.4149
#          66       0.01808      8.90      1.00     4   4.4306
#          67       0.00601     21.31      2.00     3   4.4371
#          68       0.01915     12.41      2.00     3   4.4458
#          69       0.01173     28.71      1.00     4   4.4507
#          70       0.00616     21.83      2.00     3   4.4633
#          71       0.01254     10.99      2.00     3   4.4821
#          72       0.01205     11.10      2.00     3   4.4940
#          73       0.02894      5.47      1.00     2   4.4962
#          75       0.01224     12.53      2.00     3   4.5067
#          76       0.03118      5.41      1.00     2   4.5173
#          77       0.01969      4.26      2.00     3   4.5379
#          78       0.00585     18.30      2.00     3   4.5457
#          79       0.03311      8.88      1.00     4   4.5463
#          80       0.01822      4.22      2.00     3   4.5518
#          81       0.00961     25.85      2.00     4   4.5717
#          82       0.00559     18.68      2.00     3   4.5775
#          83       0.00963     23.38      2.00     4   4.5872
#          84       0.00955     27.96      2.00     4   4.5934
#          85       0.01301      7.01      2.00     3   4.5948
#          86       0.00583     18.46      2.00     3   4.6299
#          87       0.01723      9.87      2.00     4   4.6295
#          89       0.01769      9.11      2.00     4   4.6430
#          90       0.03075      8.24      1.00     4   4.6508
#          91       0.02873      5.00      1.00     2   4.6589
#          92       0.01154      9.26      2.00     4   4.6731
#          93       0.01235      7.33      2.00     3   4.6775
#          94       0.00590     12.45      1.00     4   4.6967
#          95       0.01305      6.28      2.00     3   4.7027
#          96       0.00537     16.86      1.00     2   4.7104
#          98       0.00474      4.74      2.00     4   4.7144
#          99       0.00476      5.88      2.00     4   4.7198
#         100       0.00612     12.02      1.00     4   4.7306
#         101       0.01812      8.97      2.00     4   4.7301
#         102       0.00462      6.76      2.00     4   4.7313
#         103       0.00610     12.00      1.00     4   4.7321
#         104       0.01406      6.99      1.00     4   4.7360
#         106       0.00471      5.93      2.00     4   4.7375
#         107       0.00629     11.87      1.00     4   4.7428
#         108       0.01008     18.91      2.00     4   4.7449
#         109       0.00552     61.44      2.00     3   4.7507
#         110       0.02129      5.44      2.00     4   4.7518
#         111       0.01780     12.29      2.00     3   4.7539
#         112       0.00975     19.60      2.00     4   4.7561
#         113       0.01407      5.04      1.00     4   4.7595
#         114       0.01109      8.76      2.00     4   4.7617
#         115       0.02027      5.43      2.00     4   4.7642
#         116       0.01412      5.23      1.00     4   4.7653
#         117       0.02087      4.70      1.00     2   4.7725
#         118       0.00976     20.61      2.00     4   4.7725
#         119       0.00613     67.98      1.00     4   4.7910
#         120       0.00664      4.16      1.00     4   4.7998
#         121       0.03618      7.37      1.00     4   4.8019
#         122       0.01788     10.77      2.00     3   4.8060
#         124       0.00526      9.10      2.00     4   4.8149
#         125       0.01176      9.56      2.00     4   4.8194
#         127       0.01275      7.69      2.00     4   4.8230
#         130       0.00939     50.42      2.00     5   4.8338
#         131       0.00654      7.57      1.00     4   4.8369
#         132       0.01977     14.54      2.00     5   4.8419
#         133       0.00503      8.76      2.00     4   4.8456
#         134       0.00953     44.63      2.00     5   4.8500
#         137       0.02025     13.42      2.00     5   4.8569
#         138       0.02113      4.98      2.00     4   4.8583
#         139       0.00953     51.20      2.00     5   4.8592
#         140       0.00751      5.40      2.00     3   4.8710
#         141       0.00651      4.15      1.00     4   4.8726
#         143       0.01552     17.13      2.00     3   4.8933
#         144       0.01885      4.40      1.00     2   4.8960
#         145       0.00533      8.82      2.00     4   4.8984
#         146       0.01259      8.31      2.00     4   4.9053
#         147       0.01806     11.13      2.00     3   4.9208
#         150       0.01508     10.80      2.00     5   4.9235
#         151       0.00488     29.48      2.00     3   4.9301
#         152       0.00736      5.12      2.00     3   4.9316
#         153       0.01291      7.34      2.00     4   4.9314
#         154       0.02410      5.82      2.00     3   4.9364
#         155       0.01973      4.29      1.00     2   4.9440
#         156       0.02336      5.48      2.00     3   4.9447
#         157       0.02115     12.95      2.00     5   4.9451
#         159       0.01552     10.48      2.00     5   4.9457
#         160       0.00456     57.53      2.00     4   4.9704
#         161       0.01595      5.73      2.00     3   4.9716
#         162       0.00513      9.39      2.00     4   4.9864
#         163       0.01440     17.12      2.00     3   4.9966
#         165       0.00957     25.05      2.00     5   5.0019
#         166       0.00512      9.27      2.00     4   5.0034
#         167       0.01416      7.69      1.00     4   5.0116
#         168       0.00511      8.95      2.00     4   5.0130
#         170       0.01357     17.38      1.00     4   5.0141
#         171       0.02337      6.35      2.00     3   5.0159
#         172       0.01610      5.34      2.00     3   5.0181
#         173       0.00960     19.49      2.00     5   5.0223
#         175       0.00967     20.83      2.00     5   5.0274
#         176       0.01565      4.97      2.00     5   5.0292
#         179       0.01598      7.12      2.00     4   5.0354
#         180       0.01575      5.01      2.00     5   5.0355
#         181       0.00850      4.80      2.00     3   5.0454
#         182       0.02140      4.06      1.00     2   5.0501
#         183       0.01562      8.48      2.00     4   5.0511
#         184       0.01490     15.64      2.00     3   5.0647
#         186       0.02477      4.70      2.00     4   5.0678
#         187       0.01595      6.15      2.00     3   5.0714
#         188       0.02084      4.00      1.00     2   5.0779
#         189       0.00871      7.31      2.00     3   5.0783
#         190       0.01617      5.22      2.00     5   5.0877
#         191       0.01462      6.01      1.00     4   5.0946
#         192       0.01294     18.49      1.00     4   5.0972
#         193       0.00664      8.87      1.00     4   5.0995
#         194       0.00869      7.02      2.00     3   5.1000
#         195       0.00685      8.84      1.00     4   5.1094
#         196       0.01470      6.95      2.00     3   5.1110
#         198       0.02253      4.35      2.00     4   5.1145
#         199       0.00946     18.68      2.00     4   5.1186
#         200       0.02141      6.69      2.00     4   5.1199
#         201       0.01084      9.26      2.00     5   5.1288
#         202       0.02473      4.55      2.00     4   5.1306
#         204       0.01682      6.78      2.00     4   5.1382
#         205       0.00964     18.44      2.00     4   5.1403
#         206       0.00792      4.74      2.00     3   5.1458
#         207       0.00690      8.86      1.00     4   5.1481
#         208       0.00536     16.10      1.00     4   5.1499
#         209       0.00565      4.12      1.00     4   5.1535
#         210       0.00729      5.50      2.00     3   5.1579
#         212       0.01070      9.76      2.00     5   5.1702
#         213       0.00577      4.44      1.00     4   5.1729
#         214       0.00706      9.00      1.00     4   5.1832
#         215       0.01649      6.90      1.00     4   5.1828
#         216       0.01281     15.84      1.00     4   5.1853
#         217       0.01341      9.49      2.00     4   5.1945
#         218       0.01248      7.44      2.00     4   5.2024
#         219       0.02159     10.27      2.00     3   5.2038
#         221       0.02468      4.52      2.00     4   5.2072
#         222       0.01414      6.96      2.00     3   5.2080
#         223       0.00475     42.82      2.00     4   5.2100
#         226       0.02034      6.67      2.00     4   5.2138
#         227       0.01469      7.49      2.00     3   5.2151
#         228       0.02152     10.65      2.00     3   5.2175
#         229       0.01191      6.29      2.00     4   5.2228
#         230       0.01234      7.01      2.00     4   5.2251
#         231       0.01169      7.33      2.00     4   5.2293
#         232       0.01177     14.34      2.00     4   5.2318
#         233       0.01337      8.47      2.00     4   5.2415
#         234       0.01645      8.52      2.00     3   5.2440
#         235       0.00494    100.40      2.00     5   5.2503
#         236       0.01168      9.56      2.00     5   5.2545
#         237       0.00581     10.45      2.00     5   5.2556
#         239       0.01631      8.68      2.00     3   5.2578
#         241       0.01322      9.46      2.00     5   5.2636
#         242       0.00939      5.46      1.00     6   5.2654
#         243       0.01004     24.92      1.00     6   5.2677
#         244       0.00566     16.76      2.00     5   5.2720
#         245       0.02634      4.14      2.00     4   5.2769
#         246       0.01244      8.50      2.00     4   5.2778
#         247       0.01303     11.86      2.00     5   5.2789
#         248       0.00572     11.66      2.00     5   5.2811
#         249       0.00949      6.54      1.00     6   5.2846
#         251       0.01004     20.62      1.00     6   5.2851
#         253       0.00945      4.95      1.00     6   5.2894
#         254       0.00990     22.63      1.00     6   5.2895
#         256       0.01865     10.16      2.00     6   5.2920
#         257       0.01302      9.52      2.00     4   5.2944
#         259       0.01873     10.54      2.00     6   5.2976
#         260       0.01160      5.79      2.00     4   5.3006
#         261       0.01142      6.05      2.00     4   5.3068
#         262       0.01247     10.88      2.00     4   5.3072
#         263       0.01138     15.26      2.00     4   5.3086
#         264       0.01685      4.61      2.00     4   5.3112
#         265       0.02299      5.64      2.00     4   5.3136
#         266       0.02335      4.23      2.00     4   5.3212
#         267       0.02156      7.07      2.00     5   5.3255
#         268       0.06281     12.84      2.00     5   5.3256
#         269       0.01178      5.39      2.00     4   5.3264
#         270       0.02085     10.50      2.00     5   5.3280
#         272       0.01246     10.71      2.00     4   5.3293
#         273       0.02335      5.69      2.00     4   5.3323
#         274       0.01151      7.81      2.00     4   5.3333
#         275       0.02267      5.83      2.00     4   5.3330
#         276       0.01304     12.75      2.00     4   5.3339
#         277       0.01152     15.40      2.00     4   5.3357
#         278       0.01305     28.40      2.00     5   5.3475
#         280       0.01976     10.48      2.00     6   5.3536
#         282       0.02409      8.10      1.00     4   5.3570
#         283       0.02405      7.49      1.00     4   5.3575
#         284       0.02702      4.91      2.00     3   5.3625
#         285       0.01352      9.57      2.00     5   5.3669
#         286       0.01311     28.20      2.00     5   5.3696
#         287       0.00679      9.10      2.00     3   5.3709
#         289       0.01130     11.19      2.00     4   5.3748
#         292       0.02250     23.23      2.00     5   5.3937
#         293       0.01599     11.89      2.00     4   5.3974
#         294       0.01598     11.21      2.00     4   5.3977
#         295       0.01615      4.53      2.00     4   5.3989
#         296       0.02004      5.19      2.00     4   5.4009
#         297       0.02298     21.52      2.00     5   5.4032
#         300       0.02215      6.10      2.00     5   5.4193
#         301       0.05729     11.69      2.00     5   5.4188
#         304       0.01681      4.55      2.00     4   5.4211
#         305       0.00486      4.78      2.00     5   5.4215
#         306       0.02025     10.38      2.00     5   5.4218
#         307       0.01994      5.09      2.00     4   5.4235
#         308       0.02376      5.39      2.00     4   5.4247
#         309       0.01148      5.81      2.00     3   5.4268
#         310       0.01652      4.43      2.00     4   5.4284
#         312       0.01873      4.09      2.00     4   5.4302
#         313       0.00484     46.56      2.00     5   5.4297
#         314       0.01255     12.69      2.00     4   5.4321
#         315       0.01512     10.98      2.00     3   5.4335
#         317       0.01465      9.62      1.00     4   5.4368
#         319       0.01492      5.54      1.00     4   5.4378
#         320       0.01493      5.29      1.00     4   5.4378
#         321       0.01273     12.70      2.00     4   5.4383
#         322       0.00490      4.31      2.00     5   5.4385
#         323       0.01132      6.08      2.00     3   5.4407
#         324       0.00498      5.25      2.00     5   5.4421
#         325       0.01111     10.65      2.00     4   5.4438
#         326       0.01182      4.72      2.00     5   5.4454
#         329       0.01197      4.47      2.00     5   5.4502
#         330       0.01131     10.43      2.00     4   5.4516
#         331       0.01075      7.79      2.00     5   5.4523
#         332       0.01183     31.09      2.00     5   5.4525
#         333       0.01182     13.53      2.00     5   5.4522
#         334       0.01091     29.16      2.00     5   5.4547
#         335       0.02333     21.83      2.00     5   5.4575
#         338       0.01130     12.97      2.00     4   5.4671
#         339       0.02024      9.26      2.00     6   5.4713
#         340       0.02311     31.62      1.00     6   5.4714
#         341       0.00671     10.30      2.00     3   5.4737
#         342       0.00620     12.89      2.00     3   5.4777
#         343       0.01126     12.96      2.00     4   5.4810
#         345       0.03034      5.54      2.00     4   5.4841
#         348       0.01227      6.51      2.00     5   5.4862
#         349       0.01286      5.44      2.00     5   5.4912
#         350       0.02140      4.71      2.00     5   5.4930
#         351       0.02223      4.61      2.00     5   5.4993
#         352       0.02042      6.55      2.00     6   5.5022
#         353       0.04190      6.56      2.00     6   5.5021
#         355       0.01251      4.47      2.00     5   5.5074
#         356       0.01788      4.10      2.00     4   5.5086
#         357       0.02381     26.72      1.00     6   5.5083
#         361       0.01156      8.54      2.00     4   5.5205
#         362       0.00653     10.69      2.00     3   5.5252
#         363       0.01087      7.95      2.00     5   5.5270
#         364       0.01089      7.07      2.00     5   5.5297
#         365       0.01178     10.70      2.00     5   5.5301
#         366       0.01161     28.62      2.00     5   5.5305
#         367       0.01105     30.78      2.00     5   5.5327
#         369       0.01666     10.96      2.00     5   5.5367
#         371       0.02552      6.10      2.00     5   5.5388
#         372       0.02098      9.09      2.00     5   5.5414
#         373       0.02241      9.90      2.00     5   5.5423
#         374       0.02111      7.59      2.00     6   5.5419
#         377       0.02405     28.79      1.00     6   5.5442
#         379       0.01336      5.50      2.00     5   5.5467
#         380       0.02871      4.95      2.00     3   5.5476
#         381       0.01102      8.07      2.00     5   5.5490
#         382       0.02298      4.75      2.00     3   5.5525
#         383       0.01118      6.84      2.00     5   5.5566
#         384       0.01231     13.59      2.00     5   5.5564
#         385       0.01166     26.56      2.00     5   5.5567
#         386       0.00766     18.41      2.00     5   5.5588
#         387       0.01078     29.02      2.00     5   5.5589
#         388       0.00800     18.42      2.00     5   5.5652
#         389       0.01303      5.91      2.00     4   5.5668
#         390       0.01119      8.85      2.00     4   5.5726
#         391       0.01205      8.53      2.00     5   5.5733
#         392       0.01853      9.40      2.00     5   5.5754
#         394       0.00813     12.33      2.00     5   5.5779
#         395       0.01056      5.94      2.00     4   5.5791
#         396       0.01172      8.75      2.00     4   5.5803
#         397       0.01172      7.95      2.00     4   5.5805
#         399       0.00797     18.84      2.00     5   5.5832
#         400       0.01236      5.99      2.00     4   5.5858
#         401       0.00553      9.77      2.00     4   5.5867
#         402       0.01805      9.44      2.00     5   5.5874
#         403       0.02300      4.56      2.00     3   5.5887
#         404       0.01205      8.77      2.00     5   5.5901
#         405       0.00797     19.81      2.00     5   5.5917
#         407       0.01260      7.22      2.00     4   5.5949
#         408       0.00827     12.30      2.00     5   5.5996
#         409       0.01879     10.52      2.00     5   5.6001
#         410       0.00814     13.26      1.00     4   5.6051
#         411       0.01127      8.62      2.00     4   5.6048
#         412       0.00556     14.26      2.00     4   5.6091
#         413       0.01034      6.56      2.00     4   5.6099
#         415       0.01256      6.11      2.00     4   5.6165
#         416       0.01073      9.93      2.00     3   5.6176
#         417       0.03143      6.02      2.00     4   5.6201
#         418       0.01124     18.10      2.00     5   5.6206
#         419       0.01074      6.68      2.00     4   5.6207
#         420       0.01073      7.27      2.00     4   5.6206
#         421       0.01060     17.77      2.00     4   5.6210
#         422       0.01122     17.64      2.00     5   5.6208
#         423       0.00650     13.31      2.00     4   5.6218
#         424       0.01620     10.21      2.00     5   5.6253
#         425       0.02186      9.23      2.00     5   5.6307
#         428       0.02226      4.16      2.00     5   5.6325
#         431       0.01071      7.24      2.00     5   5.6388
#         432       0.00900      7.28      2.00     4   5.6395
#         433       0.02492      5.62      2.00     4   5.6414
#         434       0.02117      4.58      2.00     4   5.6415
#         435       0.01074     18.16      2.00     5   5.6413
#         436       0.01196      5.21      2.00     5   5.6431
#         437       0.01087     11.66      2.00     5   5.6462
#         438       0.01145      6.90      2.00     4   5.6465
#         439       0.00530     14.39      2.00     4   5.6494
#         440       0.01247      5.88      2.00     4   5.6494
#         441       0.00745      7.46      2.00     4   5.6500
#         442       0.01316      6.23      2.00     4   5.6501
#         446       0.01185      6.49      2.00     5   5.6514
#         447       0.01181      9.77      2.00     5   5.6553
#         448       0.01179      9.84      2.00     5   5.6555
#         449       0.00984      7.20      2.00     4   5.6561
#         450       0.01090      7.76      2.00     5   5.6560
#         451       0.00554     14.69      2.00     4   5.6569
#         452       0.01130     14.68      2.00     4   5.6579
#         453       0.01882      7.96      2.00     5   5.6584
#         454       0.01138      7.26      2.00     4   5.6604
#         455       0.01105     18.73      2.00     5   5.6610
#         456       0.01107     19.16      2.00     5   5.6609
#         457       0.01183      4.84      2.00     5   5.6606
#         458       0.01107     28.05      2.00     5   5.6613
#         459       0.01050      6.08      2.00     4   5.6629
#         460       0.01417     16.40      2.00     5   5.6634
#         461       0.01865     25.40      2.00     6   5.6650
#         462       0.01145      6.47      2.00     5   5.6700
#         463       0.01128      6.47      2.00     5   5.6706
#         464       0.01107     12.47      2.00     5   5.6725
#         465       0.01075     20.17      2.00     5   5.6732
#         466       0.01077     12.65      2.00     5   5.6732
#         468       0.01970      4.27      2.00     5   5.6751
#         469       0.01280      8.37      2.00     5   5.6775
#         470       0.01109      7.57      2.00     5   5.6781
#         471       0.01946     23.08      2.00     6   5.6805
#         472       0.01693      9.45      2.00     5   5.6825
#         473       0.02512      5.31      2.00     4   5.6853
#         474       0.01061      5.79      2.00     5   5.6851
#         476       0.01006      7.14      2.00     4   5.6869
#         477       0.01959     27.14      2.00     6   5.6868
#         478       0.01051     11.69      2.00     5   5.6876
#         479       0.01872      6.28      2.00     5   5.6879
#         480       0.02261      8.53      2.00     5   5.6881
#         481       0.01621      7.21      2.00     5   5.6888
#         483       0.00587      9.07      1.00     6   5.6896
#         485       0.01693      4.05      2.00     5   5.6918
#         486       0.00763      9.38      2.00     4   5.6930
#         487       0.02123      4.71      2.00     4   5.6933
#         488       0.01801      6.03      2.00     5   5.6931
#         490       0.01530      6.01      2.00     6   5.6976
#         491       0.01444     17.73      2.00     5   5.7000
#         493       0.00990      7.17      2.00     4   5.7056
#         494       0.01151      7.75      2.00     5   5.7069
#         495       0.01579      4.93      2.00     5   5.7066
#         496       0.00602     10.42      1.00     6   5.7071
#         497       0.01105     14.35      2.00     5   5.7093
#         498       0.00641     42.91      1.00     6   5.7096
#         499       0.00603      8.05      1.00     6   5.7113
#         500       0.01216     15.57      2.00     6   5.7140
#         502       0.01048      5.27      2.00     5   5.7153
#         503       0.01031     12.94      2.00     5   5.7171
#         504       0.01996      4.11      2.00     5   5.7189
#         505       0.01237     13.47      2.00     6   5.7194
#         507       0.00738     10.06      2.00     4   5.7226
#         508       0.01176      8.00      2.00     5   5.7229
#         509       0.07150      9.49      2.00     6   5.7227
#         510       0.02079      9.67      2.00     6   5.7229
#         511       0.01070     18.29      2.00     5   5.7254
#         514       0.01101     10.85      2.00     5   5.7289
#         518       0.01894      7.57      2.00     5   5.7358
#         520       0.08116      8.85      2.00     6   5.7358
#         521       0.01455     15.53      2.00     5   5.7361
#         523       0.01852      7.96      2.00     5   5.7364
#         524       0.02098      8.97      2.00     6   5.7363
#         526       0.01138      5.42      2.00     5   5.7423
#         527       0.01104     13.21      2.00     5   5.7441
#         528       0.01348     12.59      2.00     5   5.7476
#         529       0.01702     22.30      2.00     6   5.7664
#         530       0.01889      6.28      2.00     6   5.7662
#         531       0.01424      9.23      2.00     6   5.7662
#         533       0.01064      6.65      2.00     5   5.7684
#         534       0.01593      6.95      2.00     5   5.7684
#         535       0.01748      8.73      2.00     6   5.7686
#         536       0.01832      6.13      2.00     5   5.7705
#         537       0.01052     12.52      2.00     5   5.7708
#         538       0.01935      4.14      2.00     5   5.7725
#         541       0.01788      5.86      2.00     5   5.7753
#         542       0.01275     13.93      2.00     6   5.7754
#         543       0.01193      4.27      2.00     3   5.7771
#         546       0.03264      4.68      2.00     3   5.7800
#         547       0.01176      7.59      2.00     4   5.7805
#         548       0.01141     11.64      2.00     5   5.7897
#         551       0.01871      5.28      2.00     5   5.7957
#         554       0.01224     11.69      2.00     5   5.8000
#         555       0.01221     10.73      2.00     5   5.8002
#         557       0.01819      5.05      2.00     5   5.8011
#         560       0.00960      8.10      1.00     4   5.8051
#         561       0.01776     23.36      2.00     6   5.8068
#         562       0.01630      6.72      2.00     5   5.8076
#         563       0.02132      4.19      2.00     4   5.8082
#         567       0.01130     14.59      2.00     5   5.8155
#         570       0.01221      4.91      2.00     5   5.8179
#         571       0.03331      5.92      2.00     4   5.8185
#         573       0.08351      8.70      2.00     6   5.8212
#         575       0.02114      8.81      2.00     6   5.8236
#         576       0.01160     15.76      2.00     5   5.8252
#         578       0.01306     23.15      2.00     6   5.8289
#         579       0.01765      7.00      1.00     6   5.8295
#         580       0.02411      6.50      2.00     5   5.8332
#         581       0.01428      5.03      2.00     5   5.8360
#         582       0.00973     12.62      2.00     4   5.8374
#         584       0.01862     18.93      2.00     6   5.8383
#         585       0.00974     23.78      2.00     5   5.8407
#         586       0.00993      9.01      2.00     5   5.8404
#         587       0.00994      8.41      2.00     5   5.8404
#         588       0.01101     11.81      2.00     5   5.8406
#         589       0.01307     11.78      2.00     5   5.8415
#         590       0.01198     12.77      2.00     5   5.8438
#         591       0.01183     13.55      2.00     5   5.8438
#         592       0.01550      5.75      2.00     5   5.8442
#         593       0.01594      4.31      2.00     5   5.8438
#         594       0.01553      5.52      2.00     5   5.8443
#         595       0.06321      5.66      2.00     6   5.8446
#         596       0.00938     28.10      2.00     5   5.8454
#         597       0.03349      5.66      2.00     6   5.8451
#         599       0.02588     11.00      2.00     5   5.8470
#         600       0.02178      6.74      2.00     5   5.8495
#         602       0.01853     19.74      2.00     6   5.8495
#         603       0.01765      5.20      1.00     6   5.8528
#         605       0.01860      5.57      2.00     6   5.8548
#         606       0.01455      8.79      2.00     6   5.8543
#         607       0.01649     20.79      2.00     6   5.8552
#         608       0.01602      9.98      2.00     5   5.8567
#         609       0.01455      4.95      2.00     5   5.8572
#         610       0.01602      9.43      2.00     5   5.8570
#         611       0.01071      6.09      2.00     5   5.8571
#         612       0.05659      5.64      2.00     6   5.8574
#         613       0.01788      8.62      2.00     6   5.8573
#         614       0.03279      5.65      2.00     6   5.8576
#         615       0.01032      7.26      2.00     5   5.8590
#         616       0.01710      5.38      1.00     6   5.8587
#         617       0.00960      7.80      2.00     5   5.8597
#         618       0.00963      7.84      2.00     5   5.8601
#         623       0.01598      4.25      2.00     5   5.8657
#         625       0.01874     20.55      2.00     6   5.8660
#         628       0.01063      7.38      2.00     5   5.8723
#         629       0.01123     12.05      2.00     5   5.8733
#         630       0.01154     29.01      2.00     5   5.8743
#         631       0.01029      8.69      2.00     5   5.8758
#         633       0.01064      6.83      2.00     5   5.8788
#         634       0.01125     14.04      2.00     5   5.8793
#         636       0.01608     14.77      2.00     6   5.8845
#         637       0.01175     19.07      1.00     6   5.8841
#         638       0.01188     18.96      1.00     6   5.8841
#         639       0.01027      8.12      2.00     5   5.8845
#         640       0.01607     14.65      2.00     6   5.8846
#         641       0.00953     24.28      1.00     6   5.8857
#         642       0.01414      8.07      2.00     4   5.8928
#         643       0.01936     43.15      2.00     6   5.8932
#         644       0.01064      7.34      1.00     6   5.8929
#         645       0.01220      6.64      1.00     6   5.8929
#         646       0.01147     13.58      1.00     6   5.8954
#         648       0.01378     15.03      2.00     5   5.8961
#         649       0.01389      8.59      2.00     5   5.8971
#         650       0.01393      8.22      2.00     5   5.8972
#         652       0.01886      6.45      2.00     5   5.8992
#         653       0.02624      9.73      2.00     5   5.8991
#         655       0.02187      6.92      2.00     5   5.9016
#         656       0.03047      5.44      2.00     5   5.9021
#         658       0.01386      5.49      2.00     5   5.9054
#         663       0.01017     25.74      2.00     6   5.9105
#         664       0.02024      6.00      2.00     6   5.9124
#         665       0.01529      9.47      2.00     6   5.9126
#         666       0.01702     19.25      2.00     6   5.9127
#         667       0.00961      7.84      2.00     4   5.9147
#         668       0.01770      8.26      2.00     6   5.9150
#         669       0.01842     13.41      2.00     6   5.9161
#         671       0.01769      6.52      2.00     6   5.9185
#         672       0.01380      6.94      2.00     5   5.9212
#         673       0.02049      4.10      2.00     5   5.9211
#         677       0.01072      9.22      2.00     5   5.9264
#         679       0.02348      8.04      2.00     6   5.9261
#         680       0.01802      5.48      2.00     7   5.9270
#         681       0.01895     55.97      2.00     7   5.9272
#         682       0.01379      6.15      2.00     5   5.9285
#         683       0.01266      7.47      1.00     6   5.9299
#         684       0.02029     42.37      2.00     6   5.9303
#         685       0.01104      7.84      1.00     6   5.9301
#         687       0.01129     14.48      1.00     6   5.9325
#         688       0.05537     16.58      2.00     7   5.9351
#         689       0.03349     16.53      2.00     7   5.9352
#         693       0.01192     26.64      2.00     6   5.9390
#         694       0.01066      9.09      2.00     5   5.9403
#         695       0.01517      9.67      2.00     5   5.9407
#         696       0.01013     27.86      2.00     6   5.9412
#         697       0.01506     11.48      2.00     5   5.9432
#         698       0.01853      6.28      2.00     7   5.9428
#         699       0.01862      5.49      2.00     5   5.9438
#         700       0.01923     49.45      2.00     7   5.9434
#         702       0.01834      8.24      2.00     5   5.9473
#         703       0.01344      5.04      2.00     5   5.9481
#         704       0.06127      5.21      2.00     6   5.9495
#         705       0.06060     15.36      2.00     7   5.9497
#         706       0.01853      6.36      2.00     7   5.9504
#         707       0.03447     15.23      2.00     7   5.9502
#         709       0.03473      5.19      2.00     6   5.9518
#         710       0.01138     28.01      2.00     5   5.9524
#         711       0.01925     56.38      2.00     7   5.9527
#         712       0.02288      4.43      2.00     5   5.9539
#         713       0.01866      5.82      2.00     6   5.9552
#         714       0.01659      6.88      2.00     6   5.9601
#         715       0.01365     11.82      2.00     5   5.9611
#         716       0.02673      9.14      2.00     5   5.9640
#         717       0.00968      6.98      2.00     4   5.9646
#         718       0.01076      6.71      1.00     6   5.9652
#         719       0.01210      5.41      1.00     6   5.9656
#         720       0.02029     40.16      2.00     6   5.9660
#         721       0.01159     14.27      1.00     6   5.9682
#         722       0.01354      4.89      2.00     5   5.9701
#         724       0.02299      4.28      2.00     5   5.9763
#         725       0.01552      9.04      2.00     5   5.9786
#         726       0.01194     33.70      2.00     5   5.9786
#         727       0.01002      4.88      2.00     3   5.9796
#         728       0.01862      5.85      2.00     5   5.9820
#         729       0.02057      4.04      2.00     5   5.9864
#         730       0.01488      5.91      2.00     5   5.9885
#         731       0.02649     14.82      2.00     5   5.9888
#         732       0.01138      7.18      2.00     5   5.9917
#         735       0.01192     23.66      2.00     6   5.9918
#         736       0.02195      5.31      2.00     5   5.9943
#         737       0.01014     26.81      2.00     6   5.9940
#         738       0.00934      7.87      2.00     4   5.9950
#         739       0.01902      4.61      2.00     5   5.9970
#         740       0.01907      5.93      2.00     6   5.9978
#         741       0.01651      7.46      2.00     6   5.9978
#         742       0.04993      8.07      2.00     6   5.9981
#         743       0.01852     13.09      2.00     6   5.9983
#         744       0.00869      9.45      1.00     6   6.0002
#         745       0.01761      6.20      2.00     6   6.0008
#         746       0.01106      6.67      2.00     5   6.0020
#         747       0.00957     12.64      2.00     5   6.0049
#         749       0.01506      5.70      2.00     5   6.0103
#         750       0.01560      9.49      2.00     5   6.0108
#         752       0.03011      9.96      2.00     5   6.0139
#         754       0.02197      5.10      2.00     5   6.0164
#         755       0.02082      6.16      2.00     5   6.0164
#         756       0.01815      8.17      2.00     5   6.0181
#         757       0.00862      9.28      1.00     6   6.0181
#         758       0.00870      9.18      1.00     6   6.0183
#         759       0.01926      4.50      2.00     5   6.0192
#         760       0.01024      4.90      2.00     5   6.0197
#         761       0.01111      7.07      2.00     5   6.0198
#         762       0.00956      7.66      2.00     4   6.0213
#         763       0.00883      9.23      1.00     6   6.0209
#         764       0.01090      6.28      2.00     5   6.0232
#         765       0.01074      6.99      2.00     5   6.0232
#         767       0.01849     11.30      2.00     6   6.0245
#         768       0.01046     22.17      2.00     5   6.0249
#         769       0.01366      9.90      2.00     6   6.0252
#         770       0.01838      4.60      2.00     5   6.0258
#         771       0.01853      6.24      2.00     6   6.0270
#         772       0.02522      5.24      2.00     5   6.0295
#         773       0.01391      9.62      2.00     6   6.0290
#         774       0.01019      6.94      2.00     5   6.0300
#         775       0.01581      8.30      2.00     6   6.0337
#         776       0.01021      5.64      2.00     5   6.0365
#         778       0.06173     14.88      2.00     7   6.0362
#         779       0.01727      7.20      2.00     5   6.0375
#         780       0.03557     14.79      2.00     7   6.0385
#         781       0.02195      7.49      2.00     6   6.0392
#         782       0.01025      5.87      2.00     5   6.0415
#         784       0.00645     17.37      2.00     5   6.0442
#         785       0.01820      7.36      2.00     5   6.0441
#         786       0.01021      5.48      2.00     5   6.0454
#         787       0.01721      7.07      2.00     5   6.0457
#         789       0.01192      5.60      2.00     5   6.0511
#         790       0.02642      8.67      2.00     5   6.0526
#         791       0.01851      4.81      2.00     5   6.0533
#         792       0.01020      6.24      2.00     5   6.0579
#         795       0.00798      4.15      1.00     4   6.0639
#         797       0.01045     15.95      2.00     6   6.0635
#         798       0.01036     16.51      2.00     6   6.0635
#         801       0.01818      5.28      2.00     5   6.0647
#         802       0.01068     42.75      2.00     6   6.0652
#         803       0.00646     18.22      2.00     5   6.0654
#         806       0.00778      4.14      1.00     4   6.0701
#         807       0.01832      5.80      2.00     5   6.0702
#         809       0.01086     14.97      2.00     6   6.0799
#         810       0.01074     19.80      2.00     6   6.0797
#         812       0.00984     13.93      2.00     5   6.0803
#         813       0.01130     14.86      2.00     6   6.0801
#         814       0.01909      5.59      2.00     6   6.0815
#         815       0.01373     16.17      2.00     6   6.0819
#         816       0.01756      6.74      2.00     6   6.0850
#         818       0.01460      9.80      2.00     6   6.0860
#         819       0.01076     15.40      2.00     6   6.0868
#         820       0.01082     12.85      2.00     6   6.0887
#         821       0.01080     12.96      2.00     6   6.0894
#         823       0.02548     14.75      2.00     5   6.0922
#         824       0.01774      5.70      2.00     7   6.0930
#         825       0.01853      6.55      2.00     6   6.0934
#         826       0.01113      4.59      2.00     6   6.0951
#         827       0.01818     27.71      2.00     7   6.0953
#         829       0.01149      7.07      2.00     6   6.0965
#         830       0.01087     19.48      2.00     6   6.0968
#         831       0.00854      5.68      2.00     5   6.0988
#         832       0.01366     18.02      2.00     6   6.0990
#         834       0.01077     16.88      2.00     6   6.1025
#         836       0.02858      7.73      1.00     6   6.1047
#         838       0.01110      5.18      2.00     6   6.1061
#         839       0.01096     20.27      2.00     6   6.1065
#         840       0.01877      5.47      2.00     6   6.1069
#         841       0.02827     10.21      2.00     6   6.1072
#         842       0.02088      8.58      2.00     6   6.1072
#         843       0.00616     16.12      2.00     5   6.1087
#         844       0.02554      5.70      2.00     5   6.1089
#         845       0.01425     18.00      2.00     6   6.1087
#         846       0.01074     16.86      2.00     6   6.1087
#         847       0.02774     17.43      1.00     6   6.1096
#         848       0.02879      9.14      2.00     5   6.1101
#         850       0.00874      5.61      2.00     5   6.1119
#         853       0.00835      4.20      1.00     4   6.1137
#         854       0.00873      5.49      2.00     5   6.1141
#         855       0.00867      5.62      2.00     5   6.1141
#         857       0.01059      4.30      2.00     6   6.1146
#         858       0.01776      9.02      2.00     6   6.1153
#         859       0.01766      5.59      2.00     7   6.1151
#         860       0.01819     21.96      2.00     7   6.1156
#         863       0.01033     15.44      2.00     5   6.1172
#         864       0.01676      7.71      2.00     6   6.1176
#         865       0.02943      4.06      2.00     5   6.1193
#         866       0.01064     13.35      2.00     6   6.1192
#         867       0.01189     16.38      2.00     6   6.1192
#         868       0.01010     14.85      2.00     6   6.1203
#         869       0.01010     15.10      2.00     6   6.1202
#         870       0.01016     12.97      2.00     6   6.1202
#         871       0.01019     12.99      2.00     6   6.1203
#         873       0.01021     30.93      2.00     6   6.1206
#         874       0.00991     24.57      2.00     6   6.1206
#         875       0.01781      4.91      2.00     7   6.1206
#         876       0.01795     23.54      2.00     7   6.1208
#         878       0.00878      5.38      2.00     5   6.1220
#         879       0.00867      5.54      2.00     5   6.1220
#         880       0.02260      6.97      2.00     6   6.1232
#         882       0.00955      6.87      2.00     3   6.1250
#         883       0.01918      4.69      2.00     5   6.1251
#         885       0.01017      4.91      2.00     6   6.1257
#         886       0.02196      8.28      2.00     6   6.1273
#         888       0.01004     10.85      2.00     6   6.1282
#         889       0.02270      7.09      2.00     6   6.1285
#         890       0.01031     10.71      2.00     6   6.1282
#         892       0.02210      8.13      2.00     6   6.1288
#         893       0.01960      5.51      2.00     7   6.1287
#         894       0.02382      5.38      2.00     7   6.1289
#         895       0.00802      4.15      1.00     4   6.1307
#         896       0.01795      6.65      2.00     6   6.1338
#         897       0.01934      7.58      2.00     6   6.1338
#         898       0.01063     15.25      2.00     6   6.1351
#         899       0.01203     17.43      2.00     6   6.1351
#         901       0.02112      4.74      2.00     5   6.1364
#         903       0.01807      8.85      2.00     6   6.1374
#         904       0.01478      8.87      2.00     5   6.1387
#         908       0.01809      4.59      2.00     6   6.1419
#         909       0.02259      7.69      2.00     6   6.1419
#         911       0.01014      6.11      2.00     6   6.1420
#         915       0.02221      7.64      2.00     6   6.1441
#         916       0.05123      8.49      2.00     6   6.1439
#         917       0.01568      5.06      2.00     7   6.1439
#         918       0.01000     12.72      2.00     6   6.1444
#         919       0.01636      6.27      2.00     6   6.1446
#         920       0.02210      7.49      2.00     6   6.1444
#         921       0.01026     13.49      2.00     6   6.1444
#         922       0.01061     13.99      2.00     6   6.1446
#         923       0.01200     16.81      2.00     6   6.1446
#         924       0.00660     15.98      2.00     5   6.1452
#         927       0.01785      7.14      2.00     6   6.1488
#         928       0.01932      8.58      2.00     6   6.1488
#         930       0.01010      4.47      2.00     6   6.1508
#         931       0.01256      5.80      2.00     5   6.1513
#         933       0.00997     12.21      2.00     6   6.1526
#         934       0.01022     11.74      2.00     6   6.1526
#         935       0.02081      4.05      2.00     5   6.1535
#         936       0.01920      5.69      2.00     6   6.1549
#         941       0.01645      6.78      2.00     6   6.1583
#         942       0.02502     13.55      2.00     5   6.1602
#         945       0.01973      5.64      2.00     5   6.1644
#         947       0.01576      5.06      2.00     7   6.1640
#         948       0.00975      9.43      2.00     3   6.1650
#         953       0.01563      4.38      2.00     7   6.1704
#         958       0.01784      9.68      2.00     6   6.1771
#         959       0.01989      5.73      2.00     7   6.1788
#         960       0.02440      5.56      2.00     7   6.1812
#         961       0.00866      6.96      2.00     5   6.1839
#         962       0.00972     12.45      2.00     5   6.1844
#         964       0.02945      5.97      1.00     6   6.1877
#         965       0.01610     12.24      2.00     6   6.1882
#         966       0.02054      4.62      2.00     5   6.1899
#         967       0.02705      9.18      2.00     6   6.1903
#         968       0.02135      8.29      2.00     6   6.1898
#         969       0.02650     18.46      1.00     6   6.1928
#         972       0.02560      4.03      2.00     5   6.1945
#         973       0.01016      4.49      2.00     4   6.1959
#         975       0.00756      4.13      1.00     4   6.1993
#         978       0.01797      9.39      2.00     6   6.1994
#         980       0.01954     13.26      2.00     6   6.2028
#         981       0.03168      4.34      2.00     5   6.2034
#         984       0.01139      5.33      2.00     5   6.2059
#         986       0.01839      6.18      2.00     5   6.2066
#         989       0.01766     11.19      2.00     6   6.2117
#         991       0.01886      7.10      2.00     6   6.2119
#         992       0.04384     16.99      2.00     6   6.2120
#         993       0.09084      6.49      2.00     6   6.2130
#         994       0.01273      4.15      2.00     6   6.2133
#         997       0.02405      6.49      2.00     6   6.2154
#         998       0.00977      6.92      2.00     4   6.2164
#        1000       0.00814      4.08      1.00     4   6.2170
#        1001       0.01856     10.09      2.00     6   6.2175
#        1003       0.01787     11.94      2.00     6   6.2175
#        1006       0.02439      4.86      2.00     6   6.2178
#        1010       0.01672     17.14      2.00     7   6.2222
#        1011       0.01491     10.30      2.00     7   6.2220
#        1013       0.01723      8.41      2.00     7   6.2244
#        1014       0.01949      8.21      2.00     6   6.2263
#        1015       0.00581     16.44      1.00     4   6.2279
#        1016       0.01149      5.15      2.00     5   6.2280
#        1019       0.02322      4.30      2.00     7   6.2300
#        1020       0.04728      4.39      2.00     7   6.2301
#        1021       0.02341      7.48      2.00     6   6.2304
#        1022       0.02282      6.17      2.00     6   6.2312
#        1023       0.02345      7.37      2.00     6   6.2316
#        1024       0.01808     10.97      2.00     6   6.2334
#        1026       0.01890      6.93      2.00     6   6.2341
#        1027       0.04320     16.79      2.00     6   6.2339
#        1028       0.01294      4.07      2.00     6   6.2350
#        1031       0.01829      5.77      2.00     6   6.2366
#        1032       0.01980      6.76      2.00     6   6.2366
#        1034       0.01862      9.89      2.00     6   6.2396
#        1036       0.01790     11.50      2.00     6   6.2396
#        1038       0.01195      5.96      2.00     5   6.2398
#        1040       0.01826      4.78      2.00     6   6.2399
#        1041       0.01831      4.28      2.00     5   6.2405
#        1042       0.02116     12.42      2.00     6   6.2415
#        1043       0.01036     22.26      1.00     6   6.2446
#        1044       0.01671      5.86      2.00     6   6.2454
#        1047       0.01965      7.98      2.00     6   6.2482
#        1048       0.01086      4.81      1.00     6   6.2491
#        1049       0.01027      8.80      2.00     6   6.2491
#        1050       0.01294      8.71      2.00     5   6.2513
#        1051       0.01249      4.07      2.00     4   6.2520
#        1053       0.01709     13.39      2.00     6   6.2602
#        1055       0.00818      4.07      1.00     4   6.2631
#        1056       0.00865      6.82      2.00     5   6.2630
#        1057       0.01453     10.85      2.00     7   6.2628
#        1059       0.01645     17.70      2.00     7   6.2637
#        1060       0.01077      4.63      1.00     6   6.2655
#        1061       0.01756      8.48      2.00     7   6.2658
#        1062       0.03164      6.82      2.00     6   6.2671
#        1064       0.01565     81.13      2.00     5   6.2682
#        1065       0.01088      4.13      1.00     6   6.2685
#        1066       0.02621      7.68      2.00     5   6.2690
#        1068       0.01033      7.80      2.00     6   6.2690
#        1069       0.01615     11.59      2.00     6   6.2712
#        1070       0.01034      7.15      2.00     6   6.2734
#        1073       0.03329      6.94      1.00     6   6.2758
#        1074       0.02165     12.74      2.00     6   6.2767
#        1075       0.01586     11.66      2.00     6   6.2770
#        1076       0.02832      9.15      2.00     6   6.2783
#        1077       0.02976      6.76      2.00     6   6.2793
#        1080       0.02619     15.90      1.00     6   6.2809
#        1083       0.01285      4.09      2.00     5   6.2825
#        1086       0.01081      9.60      2.00     4   6.2838
#        1087       0.00883      4.01      1.00     4   6.2861
#        1089       0.01029      6.86      2.00     6   6.2873
#        1090       0.02136      9.63      2.00     6   6.2876
#        1091       0.01642     11.84      2.00     6   6.2878
#        1092       0.01890      5.93      2.00     6   6.2879
#        1093       0.00970      7.66      2.00     3   6.2898
#        1095       0.01064      7.45      2.00     5   6.2899
#        1096       0.02740      6.26      2.00     6   6.2901
#        1097       0.00967      6.19      2.00     6   6.2930
#        1098       0.02771      7.59      2.00     6   6.2955
#        1100       0.00919      7.37      2.00     4   6.2968
#        1101       0.02303      8.80      2.00     5   6.2969
#        1102       0.01802      4.02      2.00     6   6.2980
#        1104       0.00987     20.73      2.00     6   6.3000
#        1106       0.01095     10.05      2.00     6   6.3031
#        1107       0.01082     10.40      2.00     6   6.3031
#        1108       0.01860      6.16      2.00     5   6.3036
#        1111       0.00992     29.43      2.00     6   6.3047
#        1113       0.01712      7.30      2.00     5   6.3063
#        1115       0.08075      6.43      2.00     6   6.3064
#        1117       0.01002      6.70      2.00     6   6.3074
#        1118       0.01584    109.90      1.00     6   6.3085
#        1119       0.02443      6.44      2.00     6   6.3094
#        1120       0.02294      9.05      2.00     5   6.3106
#        1122       0.01834      6.62      2.00     5   6.3106
#        1123       0.00972      6.45      2.00     6   6.3109
#        1125       0.01039      5.51      2.00     6   6.3128
#        1126       0.00977      5.08      2.00     6   6.3148
#        1127       0.01343     16.21      1.00     6   6.3149
#        1128       0.01648      8.28      2.00     6   6.3159
#        1129       0.02581      4.45      2.00     6   6.3159
#        1130       0.02923      7.17      2.00     6   6.3181
#        1131       0.02616      6.55      2.00     6   6.3183
#        1132       0.01811      4.52      2.00     6   6.3207
#        1134       0.02666      7.40      2.00     5   6.3213
#        1135       0.01930      7.86      2.00     6   6.3215
#        1136       0.01459      4.06      2.00     5   6.3229
#        1137       0.01718      4.09      2.00     6   6.3227
#        1138       0.02048      7.55      2.00     6   6.3224
#        1140       0.01738      6.09      2.00     6   6.3252
#        1141       0.01733      4.24      2.00     6   6.3249
#        1142       0.01649      5.13      2.00     6   6.3249
#        1144       0.01947     14.53      2.00     6   6.3274
#        1145       0.01002     18.10      2.00     6   6.3300
#        1152       0.01893      5.49      2.00     6   6.3350
#        1153       0.01664     12.59      2.00     6   6.3347
#        1154       0.02093      8.57      2.00     6   6.3346
#        1156       0.00944     15.26      2.00     5   6.3371
#        1158       0.01665      7.75      2.00     5   6.3371
#        1159       0.01638      4.45      2.00     5   6.3374
#        1160       0.02711      6.36      2.00     6   6.3371
#        1161       0.01557     15.26      2.00     6   6.3381
#        1162       0.01756      5.78      2.00     6   6.3399
#        1163       0.01660      5.95      2.00     6   6.3399
#        1164       0.01660      4.74      2.00     6   6.3397
#        1165       0.01085     26.20      2.00     7   6.3434
#        1166       0.01074     25.76      2.00     7   6.3434
#        1167       0.01763     10.75      2.00     7   6.3438
#        1168       0.01765     10.54      2.00     7   6.3439
#        1169       0.01410      8.90      2.00     7   6.3438
#        1170       0.01401      9.35      2.00     7   6.3439
#        1171       0.01004     58.75      2.00     7   6.3450
#        1173       0.01568     10.63      2.00     7   6.3477
#        1175       0.01687     16.49      2.00     7   6.3478
#        1177       0.01111     19.89      2.00     7   6.3487
#        1179       0.01362     36.46      2.00     7   6.3489
#        1180       0.01547     34.98      2.00     7   6.3489
#        1183       0.01770      8.21      2.00     7   6.3501
#        1184       0.01072     23.90      2.00     7   6.3511
#        1185       0.01635      4.42      2.00     5   6.3513
#        1187       0.01654      7.87      2.00     5   6.3510
#        1188       0.01363     22.33      1.00     6   6.3522
#        1189       0.02635      8.11      2.00     7   6.3523
#        1190       0.01518      4.52      2.00     5   6.3536
#        1191       0.00951      7.15      2.00     5   6.3554
#        1192       0.01418      6.01      1.00     6   6.3554
#        1193       0.01209      4.45      2.00     4   6.3566
#        1195       0.02460     10.73      2.00     7   6.3570
#        1196       0.01888     15.61      2.00     7   6.3567
#        1197       0.02892     19.47      2.00     7   6.3570
#        1198       0.05225     10.44      2.00     7   6.3568
#        1199       0.01889      5.22      2.00     7   6.3568
#        1200       0.01833      6.96      2.00     7   6.3592
#        1202       0.00995     18.60      2.00     6   6.3609
#        1205       0.01466      4.67      2.00     7   6.3648
#        1207       0.01127     21.04      2.00     7   6.3652
#        1208       0.01357     37.99      2.00     7   6.3653
#        1209       0.01605     36.66      2.00     7   6.3653
#        1210       0.01012      5.81      2.00     4   6.3669
#        1211       0.01513      4.50      2.00     5   6.3674
#        1212       0.01063     27.72      2.00     7   6.3676
#        1214       0.01342      8.15      2.00     5   6.3705
#        1215       0.02928      8.59      2.00     6   6.3708
#        1216       0.01895     16.83      2.00     7   6.3719
#        1217       0.05315     13.19      2.00     7   6.3717
#        1218       0.01928      5.54      2.00     7   6.3721
#        1220       0.02467     11.40      2.00     7   6.3722
#        1221       0.03011     17.97      2.00     7   6.3722
#        1223       0.01072     20.57      2.00     7   6.3737
#        1224       0.01792      4.59      2.00     6   6.3734
#        1225       0.03123      6.25      2.00     6   6.3736
#        1227       0.01357     37.46      2.00     7   6.3745
#        1228       0.01822      7.10      2.00     7   6.3744
#        1229       0.01600     34.65      2.00     7   6.3745
#        1230       0.01065     26.14      2.00     7   6.3767
#        1231       0.02018      5.53      2.00     6   6.3844
#        1232       0.02735      6.85      2.00     7   6.3872
#        1234       0.01321     16.02      1.00     6   6.3879
#        1235       0.01845      5.19      2.00     6   6.3878
#        1236       0.02224      9.67      2.00     6   6.3875
#        1237       0.01642      7.15      2.00     5   6.3884
#        1238       0.02088      7.89      2.00     6   6.3880
#        1239       0.00846     14.46      2.00     5   6.3886
#        1240       0.02243      6.21      2.00     6   6.3900
#        1241       0.00736      7.78      2.00     4   6.3920
#        1243       0.01668      7.44      2.00     6   6.3933
#        1245       0.00951      7.78      2.00     5   6.3949
#        1246       0.02488      6.26      2.00     6   6.3962
#        1247       0.01029      5.25      2.00     6   6.3964
#        1248       0.01554     11.81      2.00     6   6.3964
#        1251       0.01897      7.04      2.00     6   6.3987
#        1252       0.02305      6.22      2.00     6   6.3998
#        1253       0.02154      7.88      2.00     6   6.4003
#        1256       0.02076      4.17      2.00     6   6.4009
#        1257       0.04140     11.04      2.00     6   6.4007
#        1259       0.01667      4.95      2.00     6   6.4024
#        1260       0.01712      5.86      2.00     6   6.4020
#        1261       0.01586      4.43      2.00     6   6.4020
#        1262       0.01272      8.54      2.00     5   6.4035
#        1263       0.02199      4.89      2.00     6   6.4045
#        1264       0.01950     15.39      2.00     6   6.4042
#        1265       0.02825      4.77      2.00     6   6.4070
#        1266       0.01027      5.19      2.00     6   6.4137
#        1267       0.01556     11.22      2.00     6   6.4137
#        1268       0.01015     24.12      2.00     6   6.4137
#        1271       0.01676      4.72      2.00     6   6.4173
#        1272       0.01086      5.84      2.00     5   6.4179
#        1273       0.01753      5.23      2.00     6   6.4175
#        1274       0.01675      5.48      2.00     6   6.4175
#        1275       0.02104      7.58      2.00     6   6.4177
#        1276       0.07451      8.17      2.00     7   6.4186
#        1277       0.03802      7.85      2.00     7   6.4186
#        1278       0.02732      4.05      2.00     6   6.4194
#        1280       0.01025      5.79      2.00     6   6.4193
#        1281       0.01562     12.18      2.00     6   6.4193
#        1282       0.02253      4.58      2.00     6   6.4206
#        1283       0.01557     15.83      2.00     6   6.4206
#        1284       0.02722      7.29      2.00     7   6.4204
#        1286       0.03758      4.79      2.00     7   6.4211
#        1287       0.07605     11.93      2.00     7   6.4211
#        1288       0.01723      4.19      2.00     6   6.4217
#        1289       0.02196      7.26      2.00     6   6.4224
#        1290       0.02475      5.69      2.00     6   6.4220
#        1292       0.02052      4.02      2.00     6   6.4228
#        1293       0.04026     10.93      2.00     6   6.4229
#        1294       0.01598      4.35      2.00     6   6.4240
#        1295       0.03690     11.61      2.00     7   6.4235
#        1296       0.02887      4.41      2.00     6   6.4256
#        1299       0.01704      6.89      2.00     6   6.4266
#        1300       0.02231      8.04      2.00     6   6.4263
#        1301       0.08846      5.66      2.00     6   6.4262
#        1302       0.01840      5.69      2.00     6   6.4273
#        1304       0.02679      4.11      2.00     6   6.4270
#        1305       0.02048      5.41      2.00     6   6.4269
#        1306       0.02598      5.68      2.00     6   6.4286
#        1307       0.01716      5.25      2.00     6   6.4290
#        1308       0.01771      4.44      2.00     6   6.4287
#        1309       0.01641      5.45      2.00     6   6.4289
#        1310       0.02083     13.06      2.00     6   6.4295
#        1311       0.00947      7.07      2.00     5   6.4305
#        1312       0.01940     15.50      2.00     6   6.4313
#        1313       0.02993      7.59      2.00     5   6.4362
#        1314       0.01089      7.41      2.00     5   6.4396
#        1316       0.02145     24.41      2.00     7   6.4406
#        1317       0.04363     31.35      2.00     7   6.4410
#        1318       0.01724      7.51      2.00     7   6.4406
#        1319       0.02140     13.47      2.00     7   6.4412
#        1320       0.01602      8.50      2.00     7   6.4423
#        1321       0.01650      4.89      2.00     6   6.4438
#        1322       0.01802      5.64      2.00     6   6.4438
#        1323       0.01649      5.94      2.00     6   6.4438
#        1325       0.00710      6.04      2.00     4   6.4454
#        1326       0.01585     14.04      2.00     6   6.4467
#        1327       0.00691     31.78      2.00     5   6.4477
#        1328       0.00837     13.37      2.00     5   6.4492
#        1329       0.01866      4.03      2.00     5   6.4494
#        1330       0.02255      7.58      1.00     6   6.4501
#        1331       0.02284      7.11      1.00     6   6.4506
#        1332       0.01746      6.35      2.00     6   6.4504
#        1333       0.02118      7.78      2.00     6   6.4536
#        1336       0.01305      8.16      2.00     5   6.4564
#        1337       0.05102     10.68      2.00     7   6.4580
#        1338       0.01889     13.62      2.00     7   6.4600
#        1339       0.01989      4.76      2.00     7   6.4595
#        1340       0.02516      9.80      2.00     7   6.4604
#        1341       0.03101     17.53      2.00     7   6.4604
#        1342       0.01094      7.14      2.00     4   6.4612
#        1343       0.02059      4.76      2.00     6   6.4613
#        1345       0.02184     23.94      2.00     7   6.4627
#        1346       0.01725      7.40      2.00     7   6.4627
#        1347       0.01919      6.70      2.00     7   6.4625
#        1348       0.01124      4.89      2.00     4   6.4634
#        1349       0.02128     13.10      2.00     7   6.4631
#        1350       0.04270     31.15      2.00     7   6.4632
#        1351       0.01214      6.80      2.00     5   6.4643
#        1352       0.00979     12.96      2.00     6   6.4642
#        1353       0.01614      8.38      2.00     7   6.4643
#        1357       0.00703      4.65      2.00     4   6.4687
#        1358       0.01622      4.54      2.00     6   6.4704
#        1361       0.02696      4.16      2.00     6   6.4766
#        1362       0.01635      7.54      2.00     5   6.4774
#        1363       0.02771      4.48      2.00     6   6.4776
#        1366       0.00722      7.31      2.00     4   6.4822
#        1367       0.01078      9.18      2.00     5   6.4845
#        1368       0.03438     26.06      2.00     7   6.4871
#        1369       0.02512      5.68      2.00     7   6.4869
#        1372       0.00701     83.85      2.00     6   6.4880
#        1373       0.02583     11.39      2.00     6   6.4905
#        1374       0.00959      8.52      2.00     3   6.4907
#        1375       0.01634      6.32      2.00     6   6.4908
#        1376       0.01696      4.97      2.00     6   6.4907
#        1377       0.02671     10.83      2.00     6   6.4908
#        1378       0.01699      4.99      2.00     6   6.4905
#        1379       0.01631      6.16      2.00     6   6.4911
#        1380       0.02484      5.21      2.00     7   6.4960
#        1381       0.03521     24.20      2.00     7   6.4965
#        1383       0.00811     16.56      2.00     6   6.5015
#        1385       0.01736      4.85      2.00     6   6.5038
#        1386       0.01733      4.75      2.00     6   6.5040
#        1387       0.02330      4.60      2.00     6   6.5051
#        1392       0.01455      6.81      2.00     6   6.5070
#        1393       0.01452      6.63      2.00     6   6.5073
#        1394       0.07902      7.09      2.00     7   6.5119
#        1396       0.03892      6.78      2.00     7   6.5123
#        1398       0.01063      5.82      2.00     7   6.5142
#        1400       0.06757     11.79      2.00     7   6.5145
#        1401       0.01147     19.43      2.00     7   6.5150
#        1403       0.03627      4.81      2.00     7   6.5149
#        1405       0.01205      8.90      2.00     5   6.5166
#        1406       0.01080     12.54      2.00     7   6.5172
#        1407       0.01023     12.04      2.00     7   6.5172
#        1408       0.03576     11.49      2.00     7   6.5174
#        1410       0.02947      4.25      2.00     6   6.5182
#        1411       0.00800     21.09      2.00     6   6.5188
#        1413       0.01981      5.37      2.00     5   6.5199
#        1414       0.03088      4.64      2.00     6   6.5214
#        1415       0.01658      4.11      2.00     5   6.5215
#        1419       0.01128     13.71      2.00     7   6.5228
#        1420       0.01116     13.93      2.00     7   6.5228
#        1421       0.01345      5.20      2.00     7   6.5232
#        1422       0.01347      4.59      2.00     7   6.5234
#        1425       0.00983     48.80      2.00     7   6.5245
#        1427       0.01817      5.41      2.00     6   6.5256
#        1428       0.02440     11.65      2.00     6   6.5267
#        1429       0.02083      5.15      1.00     6   6.5270
#        1432       0.02125     13.03      2.00     6   6.5277
#        1433       0.01088      5.24      2.00     7   6.5279
#        1434       0.01806      9.40      2.00     5   6.5282
#        1435       0.00817     16.92      2.00     6   6.5283
#        1436       0.02829     18.06      2.00     6   6.5292
#        1437       0.01655      6.60      2.00     6   6.5312
#        1438       0.01655      6.47      2.00     6   6.5312
#        1439       0.01841      5.68      1.00     6   6.5309
#        1440       0.01867      5.44      1.00     6   6.5309
#        1441       0.01667      5.10      2.00     6   6.5309
#        1442       0.02669      4.15      2.00     6   6.5313
#        1443       0.01821      5.25      2.00     6   6.5316
#        1445       0.01829      9.35      1.00     6   6.5316
#        1446       0.01122      4.15      2.00     7   6.5317
#        1451       0.01137     17.83      2.00     7   6.5319
#        1452       0.01517      4.23      2.00     5   6.5330
#        1453       0.01999      5.59      2.00     5   6.5338
#        1455       0.02064     12.98      2.00     6   6.5338
#        1456       0.01021     12.93      2.00     7   6.5341
#        1457       0.01111      5.43      2.00     7   6.5352
#        1459       0.01649      4.07      2.00     5   6.5354
#        1461       0.01125     17.34      2.00     7   6.5355
#        1464       0.01091     13.23      2.00     7   6.5376
#        1465       0.01030     10.76      2.00     7   6.5377
#        1467       0.01651      4.64      2.00     6   6.5394
#        1468       0.01976      4.17      2.00     7   6.5410
#        1470       0.01085     11.02      2.00     7   6.5426
#        1474       0.01587      5.40      2.00     6   6.5441
#        1475       0.01588      5.31      2.00     6   6.5442
#        1477       0.01699      6.44      2.00     7   6.5445
#        1479       0.02349     15.15      2.00     7   6.5453
#        1480       0.02062      5.45      2.00     7   6.5457
#        1481       0.02483      6.19      2.00     7   6.5454
#        1482       0.01995     17.20      2.00     7   6.5457
#        1483       0.02099     10.50      2.00     7   6.5456
#        1484       0.01957      4.03      2.00     7   6.5457
#        1485       0.01580      6.87      2.00     6   6.5460
#        1486       0.01580      6.84      2.00     6   6.5461
#        1487       0.02332     36.49      2.00     7   6.5459
#        1490       0.01509      4.23      2.00     5   6.5468
#        1491       0.01582      6.32      2.00     6   6.5473
#        1492       0.01580      6.20      2.00     6   6.5475
#        1493       0.01649      4.43      2.00     6   6.5471
#        1494       0.02522      9.68      2.00     7   6.5478
#        1495       0.02242     10.12      2.00     7   6.5478
#        1496       0.01943      9.61      2.00     7   6.5478
#        1497       0.02299     15.29      2.00     7   6.5481
#        1498       0.01470     10.19      2.00     7   6.5480
#        1499       0.01133     10.11      2.00     7   6.5487
#        1500       0.02526      5.19      2.00     7   6.5486
#        1501       0.02181     32.73      2.00     7   6.5503
#        1502       0.01589     12.61      2.00     6   6.5505
#        1503       0.01717      6.51      2.00     7   6.5506
#        1504       0.03568     24.50      2.00     7   6.5509
#        1506       0.01258     14.69      2.00     7   6.5531
#        1507       0.02799      4.32      2.00     6   6.5565
#        1516       0.02208      5.92      2.00     6   6.5602
#        1517       0.02054     13.07      2.00     6   6.5602
#        1518       0.01022      9.00      2.00     7   6.5611
#        1520       0.02045      7.23      2.00     6   6.5618
#        1521       0.02113      4.35      1.00     6   6.5631
#        1524       0.01548     15.03      2.00     6   6.5664
#        1525       0.01251      7.57      2.00     5   6.5670
#        1529       0.01260     14.63      2.00     7   6.5702
#        1530       0.01837      6.48      2.00     6   6.5715
#        1534       0.01701      5.21      2.00     6   6.5745
#        1535       0.02202      5.84      2.00     6   6.5741
#        1536       0.02043     13.10      2.00     6   6.5741
#        1537       0.01110      4.12      2.00     7   6.5741
#        1538       0.01250     12.98      2.00     7   6.5749
#        1539       0.02073      7.18      2.00     6   6.5757
#        1541       0.01183      9.07      2.00     5   6.5767
#        1543       0.02750      6.40      2.00     6   6.5769
#        1549       0.02299      7.25      2.00     5   6.5800
#        1550       0.01065     12.08      2.00     7   6.5796
#        1551       0.01080     12.11      2.00     7   6.5796
#        1552       0.01055     25.61      2.00     7   6.5799
#        1553       0.01028     10.37      2.00     7   6.5795
#        1555       0.01737      6.32      2.00     6   6.5809
#        1556       0.01863      4.14      2.00     6   6.5814
#        1558       0.03316      6.27      2.00     6   6.5829
#        1559       0.01030      7.96      2.00     7   6.5840
#        1561       0.01699      5.31      2.00     6   6.5842
#        1564       0.02302      8.51      2.00     7   6.5861
#        1565       0.02602      6.57      2.00     5   6.5867
#        1567       0.00751      4.84      2.00     5   6.5879
#        1571       0.02545      8.04      2.00     7   6.5908
#        1572       0.02341      8.38      2.00     7   6.5923
#        1576       0.01697      5.50      2.00     6   6.5941
#        1578       0.00870     10.45      2.00     5   6.5958
#        1579       0.02556      7.94      2.00     7   6.5976
#        1580       0.01799      6.61      2.00     6   6.5984
#        1582       0.02078      4.69      1.00     6   6.5997
#        1584       0.01749      6.77      2.00     7   6.6030
#        1585       0.02111      4.05      2.00     7   6.6030
#        1586       0.00725      4.76      2.00     5   6.6048
#        1587       0.00998      8.35      2.00     4   6.6063
#        1589       0.02603      9.98      2.00     6   6.6099
#        1590       0.01652      4.12      2.00     6   6.6103
#        1591       0.02532     18.17      2.00     6   6.6125
#        1593       0.00691      4.59      2.00     4   6.6154
#        1594       0.01285     25.61      2.00     6   6.6170
#        1595       0.00894     10.22      2.00     5   6.6175
#        1596       0.01251      9.81      2.00     5   6.6186
#        1597       0.02897      5.96      2.00     6   6.6189
#        1598       0.02301      6.01      2.00     6   6.6202
#        1600       0.03556      8.82      2.00     7   6.6204
#        1602       0.02036      5.25      2.00     7   6.6217
#        1603       0.01521      5.50      2.00     7   6.6217
#        1604       0.02627      5.30      2.00     7   6.6228
#        1605       0.02039     15.40      2.00     7   6.6232
#        1606       0.01990      8.75      2.00     7   6.6236
#        1607       0.02338     11.93      2.00     7   6.6232
#        1608       0.02288     33.59      2.00     7   6.6240
#        1609       0.01229      7.62      2.00     6   6.6246
#        1610       0.02034      9.59      2.00     7   6.6253
#        1611       0.02519      8.67      2.00     7   6.6258
#        1612       0.02190      9.33      2.00     7   6.6258
#        1613       0.02281     15.21      2.00     7   6.6262
#        1614       0.02210     34.53      2.00     7   6.6283
#        1617       0.06023     12.04      2.00     7   6.6298
#        1618       0.03130     12.14      2.00     7   6.6301
#        1619       0.00707      5.25      2.00     5   6.6310
#        1620       0.10365      7.07      2.00     7   6.6320
#        1621       0.04449      6.83      2.00     7   6.6318
#        1623       0.03918      4.21      2.00     7   6.6344
#        1624       0.07278     10.35      2.00     7   6.6346
#        1625       0.04965     11.65      2.00     7   6.6354
#        1626       0.00880     28.78      2.00     6   6.6361
#        1627       0.03648     11.21      2.00     7   6.6356
#        1628       0.03671     10.11      2.00     7   6.6369
#        1629       0.02296      4.03      2.00     6   6.6380
#        1631       0.01357      7.11      2.00     6   6.6397
#        1634       0.01712      8.94      2.00     7   6.6427
#        1635       0.01602      6.87      2.00     7   6.6440
#        1636       0.01645      5.44      2.00     7   6.6438
#        1638       0.03382      6.02      2.00     6   6.6459
#        1642       0.00734      5.15      2.00     5   6.6487
#        1644       0.02028      5.54      2.00     7   6.6494
#        1645       0.02706      6.30      2.00     7   6.6496
#        1646       0.02450     15.23      2.00     7   6.6494
#        1647       0.02292     31.35      2.00     7   6.6500
#        1648       0.02116      9.03      2.00     7   6.6497
#        1649       0.02772      9.40      2.00     7   6.6519
#        1650       0.02222     10.10      2.00     7   6.6519
#        1651       0.01975      9.76      2.00     7   6.6521
#        1652       0.02233     13.81      2.00     7   6.6522
#        1655       0.02194      6.24      2.00     7   6.6520
#        1656       0.01689     11.92      2.00     6   6.6535
#        1658       0.02159     32.43      2.00     7   6.6545
#        1659       0.00904     28.28      2.00     6   6.6578
#        1661       0.01049     12.40      2.00     7   6.6586
#        1662       0.01694     19.85      2.00     7   6.6586
#        1663       0.00697      6.77      2.00     5   6.6612
#        1664       0.00671      4.71      2.00     4   6.6634
#        1665       0.01094      4.88      2.00     5   6.6637
#        1666       0.01232     10.43      2.00     6   6.6635
#        1669       0.00737      5.53      2.00     5   6.6656
#        1670       0.01882      4.32      2.00     6   6.6667
#        1671       0.02830      9.07      2.00     7   6.6666
#        1672       0.00685     14.56      1.00     6   6.6674
#        1674       0.02106      8.59      2.00     6   6.6682
#        1676       0.01363      6.98      2.00     7   6.6710
#        1679       0.01336      7.38      2.00     6   6.6715
#        1681       0.02791      8.58      2.00     6   6.6734
#        1683       0.02828      7.87      2.00     6   6.6736
#        1686       0.01775      5.78      2.00     6   6.6752
#        1687       0.01776      5.92      2.00     6   6.6750
#        1689       0.01063     11.85      2.00     7   6.6766
#        1690       0.01764     18.70      2.00     7   6.6766
#        1691       0.02218      4.26      2.00     7   6.6771
#        1692       0.02013      6.32      2.00     7   6.6768
#        1693       0.01827      4.91      2.00     6   6.6789
#        1694       0.02187      5.22      2.00     6   6.6791
#        1695       0.02420      5.16      2.00     6   6.6791
#        1696       0.01026      9.36      2.00     6   6.6801
#        1697       0.02837     10.37      2.00     7   6.6807
#        1699       0.01336      4.18      2.00     5   6.6813
#        1701       0.03037      8.47      2.00     7   6.6834
#        1702       0.01655      4.75      2.00     6   6.6845
#        1703       0.01066     12.80      2.00     7   6.6852
#        1704       0.01785     20.24      2.00     7   6.6852
#        1705       0.01607      6.74      2.00     7   6.6855
#        1706       0.01535      7.27      2.00     6   6.6864
#        1707       0.01515      7.05      2.00     6   6.6867
#        1708       0.01969      5.23      2.00     6   6.6881
#        1710       0.00757      5.40      2.00     5   6.6887
#        1711       0.02180      4.84      2.00     6   6.6882
#        1712       0.02419      4.77      2.00     6   6.6882
#        1715       0.01386      7.04      2.00     7   6.6927
#        1716       0.01692      5.02      2.00     6   6.6938
#        1717       0.02959     11.44      2.00     7   6.6936
#        1720       0.03295     11.40      2.00     6   6.6981
#        1721       0.01202      7.83      2.00     6   6.6985
#        1722       0.01833      6.34      2.00     7   6.6989
#        1723       0.01753      4.20      2.00     7   6.6992
#        1724       0.02488     17.35      2.00     6   6.7006
#        1725       0.02081      8.38      2.00     6   6.7003
#        1726       0.00748      5.39      2.00     5   6.7028
#        1727       0.01268     11.19      2.00     6   6.7024
#        1728       0.01913      4.22      2.00     6   6.7031
#        1729       0.01702      6.42      2.00     6   6.7055
#        1731       0.00729      5.36      2.00     5   6.7082
#        1732       0.03287      6.65      2.00     6   6.7080
#        1733       0.02524     12.24      2.00     6   6.7097
#        1734       0.02844      6.80      2.00     6   6.7112
#        1737       0.01810      8.73      2.00     5   6.7124
#        1738       0.02825      5.86      2.00     6   6.7127
#        1739       0.02242      5.95      2.00     6   6.7130
#        1740       0.00725      5.60      2.00     5   6.7135
#        1743       0.02006      6.95      2.00     6   6.7138
#        1744       0.01979      7.54      2.00     6   6.7137
#        1745       0.01693      7.93      2.00     7   6.7137
#        1746       0.02822     19.08      2.00     7   6.7137
#        1747       0.00729      5.60      2.00     5   6.7142
#        1749       0.01731      4.20      2.00     6   6.7141
#        1750       0.02878     18.63      2.00     7   6.7139
#        1751       0.01693      7.73      2.00     7   6.7139
#        1752       0.01514      6.05      2.00     6   6.7154
#        1753       0.01513      6.16      2.00     6   6.7154
#        1754       0.01778     11.33      2.00     7   6.7153
#        1755       0.01978     17.60      2.00     6   6.7157
#        1756       0.01776     11.05      2.00     7   6.7155
#        1757       0.05246     11.24      2.00     7   6.7179
#        1758       0.03333     11.32      2.00     7   6.7187
#        1759       0.02427      4.29      2.00     6   6.7207
#        1760       0.03386      5.88      2.00     6   6.7223
#        1761       0.04346     10.87      2.00     7   6.7234
#        1762       0.03555     10.46      2.00     7   6.7242
#        1763       0.01407      8.15      2.00     6   6.7250
#        1764       0.02350      7.57      2.00     7   6.7255
#        1765       0.01457      5.45      2.00     6   6.7268
#        1768       0.01457      5.33      2.00     6   6.7269
#        1769       0.01081     68.27      2.00     6   6.7275
#        1770       0.01259      4.66      2.00     5   6.7293
#        1771       0.01262      4.84      2.00     5   6.7293
#        1772       0.01751      4.39      2.00     6   6.7302
#        1773       0.01509      6.39      2.00     6   6.7302
#        1774       0.01766      4.16      2.00     6   6.7303
#        1775       0.01509      6.35      2.00     6   6.7303
#        1776       0.02640      7.16      2.00     7   6.7309
#        1778       0.02353      6.91      2.00     7   6.7343
#        1779       0.01946      6.27      2.00     6   6.7349
#        1782       0.03287      5.74      2.00     7   6.7361
#        1783       0.01764      5.21      2.00     7   6.7364
#        1786       0.02188     19.90      2.00     7   6.7368
#        1787       0.02355     14.58      2.00     6   6.7379
#        1788       0.02063      4.08      2.00     7   6.7386
#        1791       0.01668      4.34      2.00     7   6.7392
#        1792       0.02317      4.64      2.00     7   6.7411
#        1793       0.02055      6.84      2.00     6   6.7413
#        1796       0.01915      4.64      2.00     6   6.7420
#        1797       0.01582      4.39      2.00     7   6.7417
#        1798       0.02188      5.19      2.00     7   6.7426
#        1799       0.02414      4.60      2.00     6   6.7423
#        1801       0.02165      4.91      2.00     6   6.7429
#        1802       0.02430      4.85      2.00     6   6.7429
#        1804       0.02046      4.79      2.00     7   6.7434
#        1805       0.01222     11.28      2.00     6   6.7433
#        1808       0.02053      5.54      2.00     7   6.7437
#        1809       0.02068      5.67      2.00     7   6.7435
#        1810       0.01253      4.03      2.00     6   6.7441
#        1811       0.02375      8.85      2.00     6   6.7444
#        1812       0.01808      4.31      2.00     7   6.7446
#        1813       0.03682      7.14      2.00     7   6.7444
#        1814       0.01762      5.55      2.00     7   6.7447
#        1815       0.02601      6.00      2.00     7   6.7459
#        1816       0.02670      6.31      2.00     7   6.7456
#        1817       0.02041      5.19      2.00     7   6.7470
#        1818       0.01848     12.85      2.00     6   6.7470
#        1819       0.01646      4.49      2.00     6   6.7475
#        1820       0.01792      7.12      2.00     7   6.7484
#        1821       0.01777      7.14      2.00     7   6.7486
#        1822       0.01396      8.23      2.00     6   6.7495
#        1823       0.01281     13.23      2.00     6   6.7504
#        1824       0.00685      5.80      2.00     5   6.7508
#        1826       0.02126      5.58      2.00     6   6.7510
#        1827       0.02158      5.61      2.00     6   6.7510
#        1828       0.01760     14.90      2.00     6   6.7527
#        1830       0.03880      5.29      2.00     7   6.7536
#        1831       0.01736      9.19      2.00     7   6.7540
#        1832       0.01727      9.02      2.00     7   6.7541
#        1833       0.02230     21.11      2.00     7   6.7541
#        1834       0.02205     21.59      2.00     7   6.7540
#        1835       0.01772      5.24      2.00     7   6.7540
#        1836       0.01925      6.00      2.00     7   6.7546
#        1837       0.01925      6.05      2.00     7   6.7544
#        1839       0.01950      7.05      2.00     7   6.7546
#        1840       0.02127     11.94      2.00     7   6.7544
#        1841       0.02111     11.93      2.00     7   6.7544
#        1843       0.02077      6.82      2.00     6   6.7552
#        1845       0.01526     10.70      2.00     7   6.7557
#        1846       0.02100     10.50      2.00     7   6.7557
#        1847       0.01141      7.68      2.00     5   6.7561
#        1849       0.02091      4.55      2.00     7   6.7562
#        1850       0.02450      4.93      2.00     7   6.7565
#        1851       0.01777     31.23      2.00     7   6.7560
#        1852       0.02656     11.77      2.00     6   6.7568
#        1853       0.01889     13.79      2.00     7   6.7566
#        1854       0.02940     18.95      2.00     7   6.7568
#        1855       0.02265     13.79      2.00     7   6.7568
#        1856       0.01658      5.98      2.00     6   6.7584
#        1857       0.02270      6.46      2.00     7   6.7582
#        1858       0.02641      6.78      2.00     7   6.7590
#        1859       0.01260      4.43      2.00     5   6.7593
#        1860       0.03000     12.36      2.00     5   6.7615
#        1861       0.00778      6.12      2.00     4   6.7623
#        1862       0.02120     13.65      2.00     7   6.7621
#        1863       0.02221      7.38      2.00     7   6.7630
#        1864       0.02144      4.78      2.00     7   6.7632
#        1865       0.02714      4.43      2.00     7   6.7633
#        1866       0.02231      5.89      2.00     7   6.7633
#        1868       0.01695      4.97      2.00     7   6.7655
#        1869       0.01764      4.27      2.00     7   6.7656
#        1870       0.01929      5.15      2.00     7   6.7656
#        1871       0.02477      6.57      2.00     7   6.7662
#        1872       0.02567      6.22      2.00     7   6.7659
#        1873       0.02433      7.52      2.00     7   6.7659
#        1874       0.01751      4.25      2.00     7   6.7662
#        1876       0.01749      9.99      2.00     7   6.7673
#        1877       0.01088    190.40      2.00     7   6.7678
#        1878       0.02081     14.17      2.00     7   6.7681
#        1879       0.02429      7.52      2.00     7   6.7682
#        1880       0.02193     22.13      2.00     7   6.7688
#        1881       0.01584      5.21      2.00     7   6.7688
#        1882       0.04500      9.51      2.00     7   6.7687
#        1883       0.01691      7.93      2.00     7   6.7698
#        1884       0.01162     19.37      2.00     7   6.7707
#        1885       0.01744     11.35      2.00     7   6.7705
#        1886       0.01756     11.31      2.00     7   6.7706
#        1887       0.03174      8.34      2.00     7   6.7710
#        1888       0.02221      5.82      2.00     7   6.7713
#        1891       0.01791      5.99      2.00     7   6.7740
#        1892       0.02462      6.87      2.00     7   6.7740
#        1894       0.02963     12.30      2.00     5   6.7754
#        1895       0.06136     10.42      2.00     7   6.7757
#        1896       0.03537     10.52      2.00     7   6.7758
#        1897       0.02226      5.95      2.00     7   6.7766
#        1899       0.01936      5.91      2.00     6   6.7790
#        1900       0.01653     22.66      2.00     7   6.7788
#        1901       0.01429      7.24      2.00     6   6.7802
#        1902       0.01632      4.60      2.00     7   6.7807
#        1903       0.01708      5.43      2.00     7   6.7805
#        1904       0.01709      5.31      2.00     7   6.7804
#        1905       0.04860     10.06      2.00     7   6.7813
#        1906       0.03215      7.03      2.00     7   6.7809
#        1907       0.04564      7.18      2.00     7   6.7811
#        1908       0.03648      9.72      2.00     7   6.7814
#        1909       0.01903     12.56      2.00     7   6.7832
#        1910       0.02819      4.49      2.00     7   6.7834
#        1911       0.02966      6.81      2.00     7   6.7862
#        1912       0.01263     11.95      2.00     6   6.7864
#        1913       0.04504      6.89      2.00     7   6.7864
#        1914       0.01148     35.51      2.00     7   6.7873
#        1915       0.02319      4.51      2.00     7   6.7887
#        1917       0.03894      5.49      2.00     6   6.7922
#        1918       0.01954     13.51      2.00     7   6.7932
#        1919       0.02463      5.03      2.00     7   6.7930
#        1920       0.02998     20.30      2.00     7   6.7933
#        1921       0.02285     11.57      2.00     7   6.7933
#        1922       0.01643     27.07      2.00     7   6.7942
#        1924       0.02319      6.89      2.00     7   6.7953
#        1926       0.01578      5.26      2.00     7   6.7955
#        1927       0.02681      6.32      2.00     7   6.7956
#        1928       0.00780     12.02      2.00     6   6.7964
#        1929       0.01125     19.35      2.00     6   6.7964
#        1930       0.01148     21.60      2.00     7   6.7964
#        1933       0.01437      7.98      2.00     6   6.7991
#        1934       0.02176     13.26      2.00     7   6.7989
#        1935       0.02851      4.45      2.00     7   6.8002
#        1936       0.02276      5.88      2.00     7   6.8002
#        1937       0.01664      4.42      2.00     7   6.8001
#        1938       0.02315      8.90      2.00     7   6.7999
#        1940       0.01685      5.71      2.00     7   6.8025
#        1941       0.01801      5.03      2.00     7   6.8023
#        1942       0.02664      5.74      2.00     7   6.8026
#        1943       0.02521      7.80      2.00     7   6.8026
#        1944       0.01939      5.86      2.00     7   6.8025
#        1946       0.02057     16.28      2.00     7   6.8049
#        1950       0.01785      6.83      2.00     7   6.8092
#        1951       0.02823     13.22      2.00     6   6.8097
#        1953       0.01699      4.45      2.00     7   6.8101
#        1956       0.01296      7.77      2.00     6   6.8111
#        1957       0.02485      7.26      2.00     7   6.8120
#        1958       0.01907     13.94      2.00     7   6.8127
#        1959       0.01679      4.11      2.00     7   6.8134
#        1960       0.01264     13.89      2.00     6   6.8160
#        1961       0.02227     13.60      2.00     6   6.8159
#        1962       0.01695      5.85      2.00     7   6.8173
#        1963       0.01696      5.79      2.00     7   6.8174
#        1964       0.02475      6.62      2.00     7   6.8182
#        1965       0.02767      7.10      2.00     7   6.8184
#        1966       0.02181     20.13      2.00     7   6.8210
#        1967       0.01754      4.13      2.00     7   6.8220
#        1968       0.02375      7.77      2.00     6   6.8220
#        1969       0.01715      4.40      2.00     7   6.8225
#        1970       0.02259      4.53      2.00     7   6.8223
#        1971       0.02200      5.02      2.00     7   6.8227
#        1973       0.02051      5.23      2.00     7   6.8229
#        1974       0.01822     13.11      2.00     6   6.8239
#        1975       0.01602     17.16      2.00     6   6.8248
#        1976       0.01588      4.45      2.00     7   6.8245
#        1977       0.02710      6.42      2.00     7   6.8251
#        1978       0.01580      5.93      2.00     7   6.8258
#        1980       0.00598      5.05      2.00     3   6.8266
#        1981       0.01614      9.47      2.00     7   6.8278
#        1982       0.01608      7.17      2.00     7   6.8278
#        1983       0.02367      6.07      2.00     7   6.8284
#        1985       0.01977     12.67      2.00     7   6.8288
#        1986       0.02380      4.40      2.00     7   6.8292
#        1987       0.03019     17.91      2.00     7   6.8296
#        1988       0.02251     12.55      2.00     7   6.8296
#        1989       0.01246      8.71      2.00     6   6.8300
#        1990       0.00828      5.78      2.00     6   6.8300
#        1991       0.02690      6.43      2.00     7   6.8317
#        1993       0.02918      5.21      2.00     6   6.8321
#        1995       0.02306      5.25      2.00     6   6.8335
#        1998       0.02175     12.53      2.00     7   6.8342
#        1999       0.00722      5.26      2.00     5   6.8348
#        2000       0.00722      5.15      2.00     5   6.8348
#        2003       0.02244      5.15      2.00     7   6.8357
#        2004       0.02205      6.18      2.00     7   6.8353
#        2005       0.03180      5.46      2.00     6   6.8365
#        2006       0.01946      5.07      2.00     7   6.8367
#        2008       0.02519      7.46      2.00     7   6.8375
#        2009       0.02676      5.94      2.00     7   6.8375
#        2010       0.01713      4.78      2.00     7   6.8379
#        2012       0.01273      7.99      2.00     6   6.8390
#        2013       0.00831      5.18      2.00     6   6.8390
#        2015       0.02102     15.01      2.00     7   6.8397
#        2019       0.03170     10.35      2.00     7   6.8406
#        2020       0.02277     14.15      2.00     6   6.8417
#        2021       0.01800      6.08      2.00     7   6.8422
#        2022       0.00765      4.82      2.00     4   6.8427
#        2023       0.03434     14.90      2.00     7   6.8431
#        2024       0.01842      8.17      2.00     7   6.8437
#        2026       0.00585      8.56      2.00     4   6.8467
#        2027       0.02611      5.91      2.00     6   6.8467
#        2028       0.01602     16.71      2.00     6   6.8468
#        2030       0.02484      9.70      2.00     6   6.8486
#        2031       0.02697      6.10      2.00     7   6.8482
#        2032       0.02191     12.58      2.00     6   6.8490
#        2033       0.01598      8.15      2.00     7   6.8488
#        2034       0.01593      5.74      2.00     7   6.8488
#        2036       0.01224      8.78      2.00     6   6.8510
#        2037       0.01819     14.41      2.00     6   6.8510
#        2039       0.01604      8.15      2.00     7   6.8522
#        2040       0.01597      5.57      2.00     7   6.8522
#        2041       0.01851      8.45      2.00     7   6.8528
#        2042       0.01722      5.00      2.00     7   6.8530
#        2043       0.01724      5.25      2.00     7   6.8528
#        2046       0.00623      5.15      2.00     5   6.8558
#        2052       0.01847      8.45      2.00     7   6.8621
#        2053       0.03193      6.84      2.00     7   6.8635
#        2054       0.04753      6.99      2.00     7   6.8633
#        2055       0.01706      4.82      2.00     7   6.8638
#        2056       0.01609     52.26      2.00     7   6.8651
#        2057       0.01868     13.46      2.00     7   6.8664
#        2058       0.02755      4.41      2.00     7   6.8661
#        2059       0.00592      9.83      2.00     4   6.8669
#        2060       0.04618      6.71      2.00     7   6.8680
#        2061       0.03164      6.62      2.00     7   6.8683
#        2063       0.02316      4.42      2.00     7   6.8708
#        2064       0.01971      7.14      2.00     5   6.8749
#        2065       0.01972      7.31      2.00     5   6.8747
#        2068       0.01766      4.59      2.00     7   6.8749
#        2069       0.01495      7.42      2.00     6   6.8752
#        2070       0.01581      5.46      2.00     7   6.8789
#        2072       0.01741      6.26      2.00     7   6.8788
#        2073       0.01679     21.59      2.00     7   6.8822
#        2074       0.00854      6.98      2.00     5   6.8860
#        2075       0.04472      6.09      2.00     7   6.8869
#        2076       0.00567     15.68      2.00     5   6.8870
#        2077       0.01608     51.41      2.00     7   6.8871
#        2078       0.03203      5.93      2.00     7   6.8888
#        2079       0.01595      4.90      2.00     5   6.8895
#        2082       0.02810      4.43      2.00     7   6.8914
#        2083       0.04478      5.83      2.00     7   6.8922
#        2084       0.01759      5.23      2.00     7   6.8933
#        2085       0.01763      5.13      2.00     7   6.8931
#        2086       0.01838     12.16      2.00     7   6.8931
#        2087       0.01865     11.26      2.00     7   6.8933
#        2088       0.01513      7.58      2.00     6   6.8937
#        2089       0.03362      5.73      2.00     7   6.8941
#        2090       0.01768     12.21      2.00     7   6.8947
#        2091       0.01767     11.87      2.00     7   6.8949
#        2095       0.02404      4.43      2.00     7   6.8967
#        2096       0.02061      4.06      2.00     6   6.8982
#        2098       0.01952      8.22      1.00     6   6.8999
#        2099       0.01477      7.05      2.00     5   6.9024
#        2100       0.01414      5.47      2.00     5   6.9033
#        2101       0.01413      5.55      2.00     5   6.9038
#        2102       0.01729     11.23      2.00     7   6.9086
#        2105       0.02846     17.11      2.00     7   6.9089
#        2107       0.01597      4.22      2.00     6   6.9096
#        2109       0.01671      5.14      2.00     7   6.9111
#        2110       0.03352      6.81      2.00     6   6.9116
#        2112       0.01785      7.90      2.00     5   6.9141
#        2114       0.02661      6.69      2.00     5   6.9151
#        2115       0.02657      6.78      2.00     5   6.9150
#        2116       0.01963     17.65      2.00     6   6.9150
#        2117       0.01963     17.15      2.00     6   6.9152
#        2118       0.01515      7.50      2.00     6   6.9157
#        2121       0.01853     11.95      2.00     7   6.9184
#        2123       0.02059      8.60      2.00     6   6.9185
#        2124       0.02912     18.29      2.00     7   6.9185
#        2126       0.01697      5.39      2.00     7   6.9207
#        2128       0.02589      6.54      2.00     7   6.9251
#        2130       0.02734      5.51      2.00     7   6.9307
#        2133       0.01973     11.93      2.00     6   6.9321
#        2134       0.01849      4.39      2.00     7   6.9332
#        2135       0.02031      9.75      2.00     7   6.9335
#        2136       0.01915      4.27      2.00     7   6.9335
#        2137       0.02043      9.12      2.00     7   6.9335
#        2138       0.01916      4.37      2.00     7   6.9335
#        2139       0.02010      5.24      2.00     7   6.9338
#        2140       0.01993      5.02      2.00     7   6.9338
#        2143       0.03386      8.91      2.00     7   6.9346
#        2144       0.01992      9.39      2.00     7   6.9351
#        2145       0.01977      9.18      2.00     7   6.9351
#        2146       0.01996     24.93      2.00     7   6.9354
#        2147       0.03213      5.12      2.00     6   6.9360
#        2148       0.01945     13.03      2.00     7   6.9362
#        2151       0.02534      5.73      2.00     7   6.9369
#        2152       0.02489      6.05      2.00     7   6.9369
#        2153       0.03221     14.63      2.00     7   6.9371
#        2154       0.01051      7.76      2.00     7   6.9368
#        2155       0.02402     13.62      2.00     7   6.9369
#        2156       0.02373     14.52      2.00     7   6.9369
#        2157       0.02568      6.73      2.00     7   6.9385
#        2158       0.02560      7.12      2.00     7   6.9385
#        2159       0.01954     11.03      2.00     7   6.9385
#        2160       0.01988     11.07      2.00     7   6.9385
#        2163       0.04041     12.45      2.00     7   6.9400
#        2165       0.01895     30.49      2.00     7   6.9402
#        2167       0.02041      8.48      2.00     6   6.9410
#        2168       0.01322      5.14      2.00     6   6.9417
#        2169       0.01320      5.65      2.00     6   6.9417
#        2170       0.05279      7.85      2.00     7   6.9425
#        2173       0.01337      4.63      2.00     6   6.9431
#        2174       0.01332      5.08      2.00     6   6.9431
#        2175       0.01425      8.61      1.00     6   6.9436
#        2176       0.01110      8.73      2.00     5   6.9443
#        2177       0.01424      8.49      1.00     6   6.9441
#        2180       0.03444      8.08      2.00     7   6.9450
#        2181       0.02120      4.45      2.00     7   6.9455
#  1630/2000 paths used
#  xsedge+50, used to normalize mu           1.0000E+00
#  -----------------------------------------------------------------------
#  omega    e    k    mu    mu0     chi     @#
    9663.657     -7.325   0.000  2.75652E-03  1.52946E-04  8.58542E+00
    9663.666     -7.316   0.050  2.72101E-03  1.57123E-04  8.44141E+00
    9663.695     -7.287   0.100  2.68136E-03  1.61299E-04  8.28422E+00
    9663.742     -7.240   0.150  2.54689E-03  1.73293E-04  7.76904E+00
    9663.809     -7.173   0.200  2.38296E-03  1.85287E-04  7.16228E+00
    9663.895     -7.087   0.250  2.08366E-03  2.01612E-04  6.09529E+00
    9663.999     -6.983   0.300  1.74179E-03  2.17937E-04  4.90457E+00
    9664.123     -6.859   0.350  1.27732E-03  2.32665E-04  3.33899E+00
    9664.266     -6.716   0.400  8.13760E-04  2.47392E-04  1.79782E+00
    9664.428     -6.554   0.450  3.29717E-04  2.57973E-04  2.26327E-01
    9664.609     -6.373   0.500 -6.24814E-05  2.68553E-04 -1.03785E+00
    9664.809     -6.173   0.550 -3.64097E-04  2.75534E-04 -1.99691E+00
    9665.028     -5.954   0.600 -5.15024E-04  2.82516E-04 -2.47945E+00
    9665.266     -5.716   0.650 -5.52637E-04  2.86798E-04 -2.60642E+00
    9665.523     -5.459   0.700 -4.66856E-04  2.91081E-04 -2.35041E+00
    9665.800     -5.182   0.750 -3.30660E-04  2.93245E-04 -1.93910E+00
    9666.095     -4.887   0.800 -1.51589E-04  2.95410E-04 -1.39239E+00
    9666.409     -4.573   0.850  1.24588E-05  2.95834E-04 -8.87849E-01
    9666.743     -4.239   0.900  1.57462E-04  2.96257E-04 -4.37412E-01
    9667.095     -3.887   0.950  2.66222E-04  2.95264E-04 -9.23609E-02
    9667.467     -3.516   1.000  3.37367E-04  2.94271E-04  1.38323E-01
    9667.857     -3.125   1.050  3.82394E-04  2.92172E-04  2.93038E-01
    9668.267     -2.715   1.100  3.99325E-04  2.90074E-04  3.59131E-01
    9668.695     -2.287   1.150  4.04046E-04  2.87180E-04  3.89566E-01
    9669.143     -1.839   1.200  3.94086E-04  2.84285E-04  3.71235E-01
    9669.610     -1.372   1.250  3.80115E-04  2.80886E-04  3.40699E-01
    9670.095     -0.887   1.300  3.62038E-04  2.77487E-04  2.94880E-01
    9670.600     -0.382   1.350  3.44736E-04  2.73825E-04  2.51351E-01
    9671.124      0.142   1.400  3.29789E-04  2.70163E-04  2.14862E-01
    9671.667      0.685   1.450  3.18524E-04  2.66435E-04  1.90814E-01
    9672.229      1.247   1.500  3.11444E-04  2.62706E-04  1.81544E-01
    9672.810      1.828   1.550  3.07624E-04  2.59052E-04  1.83892E-01
    9673.410      2.428   1.600  3.05189E-04  2.55398E-04  1.91649E-01
    9674.029      3.047   1.650  3.02357E-04  2.51925E-04  1.97185E-01
    9674.667      3.685   1.700  2.97431E-04  2.48452E-04  1.94577E-01
    9675.325      4.343   1.750  2.89700E-04  2.45224E-04  1.79329E-01
    9676.001      5.019   1.800  2.79151E-04  2.41997E-04  1.52086E-01
    9676.696      5.714   1.850  2.67636E-04  2.39052E-04  1.18627E-01
    9677.411      6.429   1.900  2.57120E-04  2.36107E-04  8.84322E-02
    9678.144      7.162   1.950  2.45939E-04  2.33433E-04  5.32913E-02
    9678.896      7.914   2.000  2.43313E-04  2.30760E-04  5.41773E-02
    9679.668      8.686   2.050  2.39880E-04  2.28551E-04  4.94598E-02
    9680.459      9.477   2.100  2.38249E-04  2.26341E-04  5.25924E-02
    9681.268     10.286   2.150  2.36793E-04  2.24132E-04  5.65772E-02
    9682.097     11.115   2.200  2.34731E-04  2.21923E-04  5.79212E-02
    9682.945     11.963   2.250  2.33511E-04  2.21993E-04  5.23345E-02
    9683.811     12.829   2.300  2.32711E-04  2.22063E-04  4.86101E-02
    9684.697     13.715   2.350  2.32904E-04  2.22133E-04  4.94056E-02
    9685.602     14.620   2.400  2.34130E-04  2.22204E-04  5.49720E-02
    9686.526     15.544   2.450  2.34747E-04  2.22358E-04  5.72185E-02
    9687.469     16.487   2.500  2.35513E-04  2.22513E-04  6.01627E-02
    9688.431     17.449   2.550  2.35818E-04  2.22667E-04  6.09853E-02
    9689.412     18.430   2.600  2.35075E-04  2.22821E-04  5.69407E-02
    9690.412     19.430   2.650  2.32072E-04  2.22469E-04  4.46964E-02
    9691.431     20.449   2.700  2.27970E-04  2.22117E-04  2.72900E-02
    9692.470     21.488   2.750  2.22834E-04  2.21765E-04  4.99359E-03
    9693.527     22.545   2.800  2.16902E-04  2.21413E-04 -2.11056E-02
    9694.603     23.621   2.850  2.11247E-04  2.21336E-04 -4.71539E-02
    9695.698     24.716   2.900  2.05812E-04  2.21259E-04 -7.21197E-02
    9696.813     25.831   2.950  2.00953E-04  2.21182E-04 -9.43423E-02
    9697.946     26.964   3.000  1.96979E-04  2.21105E-04 -1.12393E-01
    9699.099     28.117   3.050  1.94617E-04  2.21273E-04 -1.23847E-01
    9700.270     29.288   3.100  1.93387E-04  2.21441E-04 -1.29992E-01
    9701.461     30.479   3.150  1.93316E-04  2.21608E-04 -1.30752E-01
    9702.671     31.689   3.200  1.94369E-04  2.21776E-04 -1.26323E-01
    9703.899     32.917   3.250  1.96661E-04  2.22132E-04 -1.16976E-01
    9705.147     34.165   3.300  1.99803E-04  2.22487E-04 -1.03804E-01
    9706.414     35.432   3.350  2.03715E-04  2.22843E-04 -8.72207E-02
    9707.700     36.718   3.400  2.08237E-04  2.23198E-04 -6.79780E-02
    9709.005     38.023   3.450  2.13229E-04  2.23682E-04 -4.73061E-02
    9710.329     39.347   3.500  2.18372E-04  2.24165E-04 -2.61123E-02
    9711.672     40.690   3.550  2.23456E-04  2.24649E-04 -5.35353E-03
    9713.034     42.052   3.600  2.28273E-04  2.25132E-04  1.40468E-02
    9714.415     43.433   3.650  2.32648E-04  2.25670E-04  3.10874E-02
    9715.815     44.833   3.700  2.36480E-04  2.26208E-04  4.55906E-02
    9717.234     46.252   3.750  2.39725E-04  2.26747E-04  5.73866E-02
    9718.673     47.691   3.800  2.42391E-04  2.27285E-04  6.65415E-02
    9720.130     49.148   3.850  2.44475E-04  2.27794E-04  7.32379E-02
    9721.606     50.624   3.900  2.46107E-04  2.28303E-04  7.79159E-02
    9723.102     52.120   3.950  2.47340E-04  2.28812E-04  8.08212E-02
    9724.616     53.634   4.000  2.48199E-04  2.29321E-04  8.20798E-02
    9726.150     55.168   4.050  2.48604E-04  2.29730E-04  8.18621E-02
    9727.702     56.720   4.100  2.48600E-04  2.30140E-04  7.98750E-02
    9729.274     58.292   4.150  2.48127E-04  2.30550E-04  7.58687E-02
    9730.865     59.883   4.200  2.47122E-04  2.30960E-04  6.95984E-02
    9732.474     61.492   4.250  2.45437E-04  2.31222E-04  6.11280E-02
    9734.103     63.121   4.300  2.43190E-04  2.31484E-04  5.02695E-02
    9735.751     64.769   4.350  2.40435E-04  2.31746E-04  3.72613E-02
    9737.418     66.436   4.400  2.37281E-04  2.32008E-04  2.25812E-02
    9739.104     68.122   4.450  2.33709E-04  2.32093E-04  6.91729E-03
    9740.809     69.827   4.500  2.30075E-04  2.32178E-04 -8.99804E-03
    9742.533     71.551   4.550  2.26576E-04  2.32263E-04 -2.43232E-02
    9744.276     73.294   4.600  2.23397E-04  2.32349E-04 -3.82719E-02
    9746.038     75.056   4.650  2.20499E-04  2.32264E-04 -5.03193E-02
    9747.819     76.837   4.700  2.18189E-04  2.32180E-04 -5.98690E-02
    9749.619     78.637   4.750  2.16534E-04  2.32095E-04 -6.66181E-02
    9751.439     80.457   4.800  2.15561E-04  2.32011E-04 -7.04554E-02
    9753.277     82.295   4.850  2.15109E-04  2.31791E-04 -7.15247E-02
    9755.134     84.152   4.900  2.15285E-04  2.31571E-04 -6.99038E-02
    9757.011     86.029   4.950  2.16021E-04  2.31351E-04 -6.58703E-02
    9758.906     87.924   5.000  2.17238E-04  2.31131E-04 -5.97617E-02
    9760.821     89.839   5.050  2.18760E-04  2.30824E-04 -5.19622E-02
    9762.754     91.772   5.100  2.20588E-04  2.30516E-04 -4.28232E-02
    9764.707     93.725   5.150  2.22629E-04  2.30209E-04 -3.27378E-02
    9766.679     95.696   5.200  2.24793E-04  2.29901E-04 -2.20938E-02
    9768.669     97.687   5.250  2.26986E-04  2.29566E-04 -1.11749E-02
    9770.679     99.697   5.300  2.29141E-04  2.29230E-04 -3.85989E-04
    9772.708    101.726   5.350  2.31184E-04  2.28894E-04  9.94488E-03
    9774.756    103.774   5.400  2.33046E-04  2.28559E-04  1.95206E-02
    9776.823    105.841   5.450  2.34726E-04  2.28250E-04  2.82053E-02
    9778.909    107.927   5.500  2.36110E-04  2.27940E-04  3.56219E-02
    9781.014    110.032   5.550  2.37149E-04  2.27631E-04  4.15495E-02
    9783.138    112.156   5.600  2.37802E-04  2.27322E-04  4.58048E-02
    9785.281    114.299   5.650  2.38124E-04  2.27077E-04  4.83186E-02
    9787.443    116.461   5.700  2.38005E-04  2.26833E-04  4.89037E-02
    9789.624    118.642   5.750  2.37445E-04  2.26588E-04  4.75616E-02
    9791.824    120.842   5.800  2.36468E-04  2.26343E-04  4.43894E-02
    9794.044    123.062   5.850  2.35219E-04  2.26188E-04  3.96045E-02
    9796.282    125.300   5.900  2.33657E-04  2.26034E-04  3.34459E-02
    9798.539    127.557   5.950  2.31866E-04  2.25879E-04  2.62752E-02
    9800.816    129.834   6.000  2.29936E-04  2.25724E-04  1.84926E-02
    9803.111    132.129   6.050  2.28104E-04  2.25712E-04  1.04978E-02
    9805.426    134.444   6.100  2.26294E-04  2.25701E-04  2.60117E-03
    9807.760    136.778   6.150  2.24576E-04  2.25689E-04 -4.88208E-03
    9810.112    139.130   6.200  2.23010E-04  2.25678E-04 -1.16997E-02
    9812.484    141.502   6.250  2.21638E-04  2.25667E-04 -1.76611E-02
    9814.875    143.893   6.300  2.20491E-04  2.25655E-04 -2.26284E-02
    9817.285    146.303   6.350  2.19594E-04  2.25644E-04 -2.65050E-02
    9819.713    148.731   6.400  2.18959E-04  2.25632E-04 -2.92258E-02
    9822.161    151.179   6.450  2.18597E-04  2.25621E-04 -3.07537E-02
    9824.628    153.646   6.500  2.18508E-04  2.25610E-04 -3.10817E-02
    9827.114    156.132   6.550  2.18694E-04  2.25665E-04 -3.04974E-02
    9829.619    158.637   6.600  2.19145E-04  2.25720E-04 -2.87586E-02
    9832.144    161.162   6.650  2.19837E-04  2.25775E-04 -2.59637E-02
    9834.687    163.705   6.700  2.20736E-04  2.25830E-04 -2.22655E-02
    9837.249    166.267   6.750  2.21797E-04  2.25885E-04 -1.78628E-02
    9839.830    168.848   6.800  2.22967E-04  2.25940E-04 -1.29851E-02
    9842.431    171.448   6.850  2.24192E-04  2.25995E-04 -7.87401E-03
    9845.050    174.068   6.900  2.25417E-04  2.26051E-04 -2.76474E-03
    9847.688    176.706   6.950  2.26594E-04  2.26106E-04  2.12888E-03
    9850.346    179.364   7.000  2.27680E-04  2.26161E-04  6.62477E-03
    9853.022    182.040   7.050  2.28526E-04  2.26075E-04  1.06975E-02
    9855.718    184.736   7.100  2.29226E-04  2.25990E-04  1.41352E-02
    9858.432    187.450   7.150  2.29761E-04  2.25904E-04  1.68557E-02
    9861.166    190.184   7.200  2.30121E-04  2.25819E-04  1.88141E-02
    9863.919    192.937   7.250  2.30304E-04  2.25733E-04  1.99983E-02
    9866.691    195.709   7.300  2.30312E-04  2.25648E-04  2.04243E-02
    9869.481    198.499   7.350  2.30157E-04  2.25562E-04  2.01309E-02
    9872.291    201.309   7.400  2.29850E-04  2.25477E-04  1.91743E-02
    9875.120    204.138   7.450  2.29409E-04  2.25391E-04  1.76233E-02
    9877.968    206.986   7.500  2.28849E-04  2.25306E-04  1.55548E-02
    9880.835    209.853   7.550  2.27998E-04  2.25030E-04  1.30491E-02
    9883.721    212.739   7.600  2.27070E-04  2.24753E-04  1.01999E-02
    9886.626    215.644   7.650  2.26087E-04  2.24477E-04  7.10206E-03
    9889.550    218.568   7.700  2.25073E-04  2.24201E-04  3.85114E-03
    9892.494    221.512   7.750  2.24048E-04  2.23925E-04  5.45162E-04
    9895.456    224.474   7.800  2.23037E-04  2.23649E-04 -2.71382E-03
    9898.437    227.455   7.850  2.22062E-04  2.23373E-04 -5.81970E-03
    9901.438    230.456   7.900  2.21148E-04  2.23096E-04 -8.66442E-03
    9904.457    233.475   7.950  2.20319E-04  2.22820E-04 -1.11423E-02
    9907.496    236.513   8.000  2.19596E-04  2.22544E-04 -1.31559E-02
    9910.553    239.571   8.050  2.18941E-04  2.22219E-04 -1.46525E-02
    9913.630    242.648   8.100  2.18421E-04  2.21895E-04 -1.55556E-02
    9916.725    245.743   8.150  2.18041E-04  2.21570E-04 -1.58267E-02
    9919.840    248.858   8.200  2.17806E-04  2.21245E-04 -1.54532E-02
    9922.974    251.992   8.250  2.17710E-04  2.20920E-04 -1.44503E-02
    9926.126    255.144   8.300  2.17743E-04  2.20595E-04 -1.28613E-02
    9929.298    258.316   8.350  2.17889E-04  2.20271E-04 -1.07574E-02
    9932.489    261.507   8.400  2.18126E-04  2.19946E-04 -8.23585E-03
    9935.699    264.717   8.450  2.18426E-04  2.19621E-04 -5.41727E-03
    9938.928    267.946   8.500  2.18759E-04  2.19296E-04 -2.44068E-03
    9942.176    271.194   8.550  2.19196E-04  2.19074E-04  5.57044E-04
    9945.443    274.461   8.600  2.19609E-04  2.18852E-04  3.44594E-03
    9948.729    277.747   8.650  2.19963E-04  2.18629E-04  6.07893E-03
    9952.034    281.052   8.700  2.20231E-04  2.18407E-04  8.32373E-03
    9955.358    284.376   8.750  2.20390E-04  2.18185E-04  1.00738E-02
    9958.702    287.720   8.800  2.20424E-04  2.17962E-04  1.12574E-02
    9962.064    291.082   8.850  2.20326E-04  2.17740E-04  1.18428E-02
    9965.445    294.463   8.900  2.20100E-04  2.17517E-04  1.18398E-02
    9968.846    297.864   8.950  2.19756E-04  2.17295E-04  1.12949E-02
    9972.265    301.283   9.000  2.19311E-04  2.17073E-04  1.02843E-02
    9975.704    304.722   9.050  2.18907E-04  2.16957E-04  8.96412E-03
    9979.161    308.179   9.100  2.18439E-04  2.16842E-04  7.34882E-03
    9982.638    311.656   9.150  2.17929E-04  2.16726E-04  5.53521E-03
    9986.134    315.152   9.200  2.17396E-04  2.16611E-04  3.61521E-03
    9989.648    318.666   9.250  2.16858E-04  2.16496E-04  1.67212E-03
    9993.182    322.200   9.300  2.16332E-04  2.16380E-04 -2.20516E-04
    9996.735    325.753   9.350  2.15832E-04  2.16265E-04 -1.99839E-03
   10000.307    329.325   9.400  2.15369E-04  2.16149E-04 -3.60524E-03
   10003.898    332.916   9.450  2.14954E-04  2.16034E-04 -4.99206E-03
   10007.508    336.526   9.500  2.14596E-04  2.15918E-04 -6.11715E-03
   10011.137    340.155   9.550  2.14274E-04  2.15786E-04 -6.99766E-03
   10014.785    343.803   9.600  2.14020E-04  2.15653E-04 -7.56492E-03
   10018.452    347.470   9.650  2.13837E-04  2.15521E-04 -7.80335E-03
   10022.138    351.156   9.700  2.13725E-04  2.15388E-04 -7.71148E-03
   10025.843    354.861   9.750  2.13682E-04  2.15256E-04 -7.30287E-03
   10029.567    358.585   9.800  2.13701E-04  2.15123E-04 -6.60575E-03
   10033.311    362.329   9.850  2.13773E-04  2.14991E-04 -5.66153E-03
   10037.073    366.091   9.900  2.13886E-04  2.14858E-04 -4.52219E-03
   10040.854    369.872   9.950  2.14028E-04  2.14726E-04 -3.24695E-03
   10044.655    373.673  10.000  2.14185E-04  2.14593E-04 -1.89851E-03
   10048.474    377.492  10.050  2.14222E-04  2.14337E-04 -5.35226E-04
   10052.313    381.331  10.100  2.14250E-04  2.14080E-04  7.92129E-04
   10056.171    385.189  10.150  2.14258E-04  2.13824E-04  2.02944E-03
   10060.047    389.065  10.200  2.14236E-04  2.13568E-04  3.13005E-03
   10063.943    392.961  10.250  2.14177E-04  2.13311E-04  4.05626E-03
   10067.858    396.876  10.300  2.14073E-04  2.13055E-04  4.78019E-03
   10071.792    400.810  10.350  2.13923E-04  2.12798E-04  5.28374E-03
   10075.744    404.762  10.400  2.13723E-04  2.12542E-04  5.55811E-03
   10079.716    408.734  10.450  2.13475E-04  2.12286E-04  5.60302E-03
   10083.707    412.725  10.500  2.13180E-04  2.12029E-04  5.42585E-03
   10087.717    416.735  10.550  2.12840E-04  2.11773E-04  5.04094E-03
   10091.746    420.764  10.600  2.12462E-04  2.11517E-04  4.46916E-03
   10095.794    424.812  10.650  2.12050E-04  2.11260E-04  3.73757E-03
   10099.862    428.880  10.700  2.11611E-04  2.11004E-04  2.87906E-03
   10103.948    432.966  10.750  2.11154E-04  2.10747E-04  1.93166E-03
   10108.053    437.071  10.800  2.10688E-04  2.10491E-04  9.37375E-04
   10112.177    441.195  10.850  2.10222E-04  2.10235E-04 -5.95793E-05
   10116.321    445.339  10.900  2.09765E-04  2.09978E-04 -1.01504E-03
   10120.483    449.501  10.950  2.09326E-04  2.09722E-04 -1.88743E-03
   10124.665    453.683  11.000  2.08913E-04  2.09465E-04 -2.64029E-03
   10128.865    457.883  11.050  2.08567E-04  2.09253E-04 -3.27624E-03
   10133.085    462.103  11.100  2.08256E-04  2.09040E-04 -3.75114E-03
   10137.323    466.341  11.150  2.07981E-04  2.08827E-04 -4.04909E-03
   10141.581    470.599  11.200  2.07746E-04  2.08614E-04 -4.16320E-03
   10145.858    474.876  11.250  2.07548E-04  2.08401E-04 -4.09533E-03
   10150.153    479.171  11.300  2.07386E-04  2.08188E-04 -3.85545E-03
   10154.468    483.486  11.350  2.07256E-04  2.07976E-04 -3.46055E-03
   10158.802    487.820  11.400  2.07153E-04  2.07763E-04 -2.93346E-03
   10163.155    492.173  11.450  2.07072E-04  2.07550E-04 -2.30155E-03
   10167.527    496.545  11.500  2.07006E-04  2.07337E-04 -1.59551E-03
   10171.918    500.936  11.550  2.06948E-04  2.07124E-04 -8.48075E-04
   10176.328    505.346  11.600  2.06892E-04  2.06911E-04 -9.28317E-05
   10180.757    509.775  11.650  2.06830E-04  2.06699E-04  6.37162E-04
   10185.205    514.223  11.700  2.06757E-04  2.06486E-04  1.31074E-03
   10189.672    518.690  11.750  2.06665E-04  2.06273E-04  1.90004E-03
   10194.159    523.177  11.800  2.06552E-04  2.06060E-04  2.38181E-03
   10198.664    527.682  11.850  2.06412E-04  2.05847E-04  2.73857E-03
   10203.188    532.206  11.900  2.06244E-04  2.05634E-04  2.95935E-03
   10207.732    536.750  11.950  2.06047E-04  2.05422E-04  3.04011E-03
   10212.294    541.312  12.000  2.05822E-04  2.05209E-04  2.98368E-03
   10216.876    545.894  12.050  2.05571E-04  2.04989E-04  2.83191E-03
   10221.476    550.494  12.100  2.05294E-04  2.04769E-04  2.55599E-03
   10226.096    555.114  12.150  2.04994E-04  2.04549E-04  2.17149E-03
   10230.735    559.753  12.200  2.04677E-04  2.04329E-04  1.69890E-03
   10235.392    564.410  12.250  2.04347E-04  2.04109E-04  1.16265E-03
   10240.069    569.087  12.300  2.04010E-04  2.03889E-04  5.89876E-04
   10244.765    573.783  12.350  2.03671E-04  2.03670E-04  9.02373E-06
   10249.480    578.498  12.400  2.03337E-04  2.03450E-04 -5.51739E-04
   10254.214    583.232  12.450  2.03013E-04  2.03230E-04 -1.06612E-03
   10258.967    587.985  12.500  2.02702E-04  2.03010E-04 -1.51116E-03
   10263.739    592.757  12.550  2.02410E-04  2.02790E-04 -1.86848E-03
   10268.530    597.548  12.600  2.02139E-04  2.02570E-04 -2.12508E-03
   10273.340    602.358  12.650  2.01889E-04  2.02350E-04 -2.27375E-03
   10278.169    607.187  12.700  2.01662E-04  2.02130E-04 -2.31300E-03
   10283.017    612.035  12.750  2.01456E-04  2.01911E-04 -2.24672E-03
   10287.884    616.902  12.800  2.01269E-04  2.01691E-04 -2.08346E-03
   10292.771    621.789  12.850  2.01100E-04  2.01471E-04 -1.83565E-03
   10297.676    626.694  12.900  2.00945E-04  2.01251E-04 -1.51877E-03
   10302.600    631.618  12.950  2.00799E-04  2.01031E-04 -1.15039E-03
   10307.544    636.562  13.000  2.00660E-04  2.00811E-04 -7.49417E-04
   10312.506    641.524  13.050  2.00451E-04  2.00519E-04 -3.39825E-04
   10317.488    646.506  13.100  2.00241E-04  2.00227E-04  6.84610E-05
   10322.489    651.506  13.150  2.00027E-04  1.99935E-04  4.58297E-04
   10327.508    656.526  13.200  1.99805E-04  1.99643E-04  8.14038E-04
   10332.547    661.565  13.250  1.99575E-04  1.99350E-04  1.12191E-03
   10337.605    666.623  13.300  1.99332E-04  1.99058E-04  1.37038E-03
   10342.681    671.699  13.350  1.99075E-04  1.98766E-04  1.55054E-03
   10347.777    676.795  13.400  1.98803E-04  1.98474E-04  1.65649E-03
   10352.892    681.910  13.450  1.98517E-04  1.98182E-04  1.68580E-03
   10358.026    687.044  13.500  1.98215E-04  1.97890E-04  1.63966E-03
   10363.179    692.197  13.550  1.97899E-04  1.97597E-04  1.52297E-03
   10368.351    697.369  13.600  1.97571E-04  1.97305E-04  1.34398E-03
   10373.542    702.560  13.650  1.97233E-04  1.97013E-04  1.11376E-03
   10378.752    707.770  13.700  1.96888E-04  1.96721E-04  8.45299E-04
   10383.982    713.000  13.750  1.96538E-04  1.96429E-04  5.52706E-04
   10389.230    718.248  13.800  1.96186E-04  1.96137E-04  2.50299E-04
   10394.497    723.515  13.850  1.95835E-04  1.95844E-04 -4.80630E-05
   10399.784    728.802  13.900  1.95488E-04  1.95552E-04 -3.29503E-04
   10405.089    734.107  13.950  1.95146E-04  1.95260E-04 -5.82509E-04
   10410.413    739.431  14.000  1.94812E-04  1.94968E-04 -7.97268E-04
   10415.757    744.775  14.050  1.94547E-04  1.94737E-04 -9.77664E-04
   10421.119    750.137  14.100  1.94291E-04  1.94507E-04 -1.10877E-03
   10426.501    755.519  14.150  1.94045E-04  1.94277E-04 -1.18690E-03
   10431.902    760.920  14.200  1.93810E-04  1.94046E-04 -1.21093E-03
   10437.321    766.339  14.250  1.93586E-04  1.93816E-04 -1.18208E-03
   10442.760    771.778  14.300  1.93371E-04  1.93585E-04 -1.10378E-03
   10448.218    777.236  14.350  1.93164E-04  1.93355E-04 -9.81296E-04
   10453.695    782.713  14.400  1.92965E-04  1.93124E-04 -8.21408E-04
   10459.191    788.209  14.450  1.92772E-04  1.92894E-04 -6.32048E-04
   10464.706    793.724  14.500  1.92582E-04  1.92663E-04 -4.21920E-04
   10470.240    799.258  14.550  1.92394E-04  1.92433E-04 -2.00168E-04
   10475.793    804.811  14.600  1.92207E-04  1.92202E-04  2.39149E-05
   10481.365    810.383  14.650  1.92018E-04  1.91972E-04  2.41139E-04
   10486.956    815.974  14.700  1.91827E-04  1.91741E-04  4.42653E-04
   10492.566    821.584  14.750  1.91630E-04  1.91511E-04  6.20208E-04
   10498.195    827.213  14.800  1.91428E-04  1.91281E-04  7.66458E-04
   10503.844    832.862  14.850  1.91218E-04  1.91050E-04  8.75310E-04
   10509.511    838.529  14.900  1.91000E-04  1.90820E-04  9.42287E-04
   10515.198    844.215  14.950  1.90774E-04  1.90589E-04  9.64843E-04
   10520.903    849.921  15.000  1.90539E-04  1.90359E-04  9.42589E-04
   10526.627    855.645  15.050  1.90234E-04  1.90065E-04  8.83802E-04
   10532.371    861.389  15.100  1.89922E-04  1.89772E-04  7.85875E-04
   10538.134    867.152  15.150  1.89603E-04  1.89479E-04  6.53860E-04
   10543.915    872.933  15.200  1.89280E-04  1.89186E-04  4.94640E-04
   10549.716    878.734  15.250  1.88953E-04  1.88893E-04  3.16556E-04
   10555.536    884.554  15.300  1.88624E-04  1.88599E-04  1.28907E-04
   10561.375    890.393  15.350  1.88295E-04  1.88306E-04 -5.86535E-05
   10567.232    896.250  15.400  1.87968E-04  1.88013E-04 -2.36750E-04
   10573.109    902.127  15.450  1.87645E-04  1.87720E-04 -3.96893E-04
   10579.005    908.023  15.500  1.87327E-04  1.87427E-04 -5.31993E-04
   10584.920    913.938  15.550  1.87014E-04  1.87133E-04 -6.36734E-04
   10590.854    919.872  15.600  1.86708E-04  1.86840E-04 -7.07767E-04
   10596.807    925.825  15.650  1.86408E-04  1.86547E-04 -7.43724E-04
   10602.780    931.798  15.700  1.86115E-04  1.86254E-04 -7.45090E-04
   10608.771    937.789  15.750  1.85828E-04  1.85961E-04 -7.13955E-04
   10614.781    943.799  15.800  1.85546E-04  1.85667E-04 -6.53712E-04
   10620.810    949.828  15.850  1.85269E-04  1.85374E-04 -5.68746E-04
   10626.859    955.877  15.900  1.84995E-04  1.85081E-04 -4.64123E-04
   10632.926    961.944  15.950  1.84724E-04  1.84788E-04 -3.45320E-04
   10639.012    968.030  16.000  1.84454E-04  1.84495E-04 -2.17985E-04
   10645.118    974.136  16.050  1.84199E-04  1.84216E-04 -9.07595E-05
   10651.243    980.261  16.100  1.83944E-04  1.83937E-04  3.54262E-05
   10657.386    986.404  16.150  1.83687E-04  1.83658E-04  1.55908E-04
   10663.549    992.567  16.200  1.83428E-04  1.83379E-04  2.66299E-04
   10669.730    998.748  16.250  1.83167E-04  1.83101E-04  3.62587E-04
   10675.931   1004.949  16.300  1.82903E-04  1.82822E-04  4.41249E-04
   10682.151   1011.169  16.350  1.82634E-04  1.82543E-04  4.99397E-04
   10688.390   1017.408  16.400  1.82362E-04  1.82264E-04  5.34934E-04
   10694.648   1023.666  16.450  1.82085E-04  1.81985E-04  5.46722E-04
   10700.925   1029.943  16.500  1.81804E-04  1.81707E-04  5.34705E-04
   10707.221   1036.239  16.550  1.81519E-04  1.81428E-04  4.99989E-04
   10713.536   1042.554  16.600  1.81230E-04  1.81149E-04  4.44826E-04
   10719.870   1048.888  16.650  1.80938E-04  1.80870E-04  3.72513E-04
   10726.223   1055.241  16.700  1.80643E-04  1.80591E-04  2.87184E-04
   10732.595   1061.613  16.750  1.80347E-04  1.80312E-04  1.93524E-04
   10738.986   1068.004  16.800  1.80051E-04  1.80034E-04  9.64406E-05
   10745.397   1074.415  16.850  1.79755E-04  1.79755E-04  7.23474E-07
   10751.826   1080.844  16.900  1.79460E-04  1.79476E-04 -8.92614E-05
   10758.275   1087.292  16.950  1.79167E-04  1.79197E-04 -1.69813E-04
   10764.742   1093.760  17.000  1.78876E-04  1.78918E-04 -2.38053E-04
   10771.228   1100.246  17.050  1.78591E-04  1.78643E-04 -2.95114E-04
   10777.734   1106.752  17.100  1.78308E-04  1.78369E-04 -3.36800E-04
   10784.259   1113.277  17.150  1.78029E-04  1.78094E-04 -3.62416E-04
   10790.802   1119.820  17.200  1.77752E-04  1.77819E-04 -3.71949E-04
   10797.365   1126.383  17.250  1.77479E-04  1.77544E-04 -3.65966E-04
   10803.947   1132.965  17.300  1.77207E-04  1.77269E-04 -3.45513E-04
   10810.547   1139.565  17.350  1.76939E-04  1.76994E-04 -3.12044E-04
   10817.167   1146.185  17.400  1.76672E-04  1.76719E-04 -2.67370E-04
   10823.806   1152.824  17.450  1.76406E-04  1.76444E-04 -2.13622E-04
   10830.464   1159.482  17.500  1.76142E-04  1.76169E-04 -1.53212E-04
   10837.141   1166.159  17.550  1.75879E-04  1.75894E-04 -8.87876E-05
   10843.837   1172.855  17.600  1.75615E-04  1.75619E-04 -2.31544E-05
   10850.552   1179.570  17.650  1.75352E-04  1.75344E-04  4.08266E-05
   10857.286   1186.304  17.700  1.75087E-04  1.75069E-04  1.00369E-04
   10864.040   1193.058  17.750  1.74821E-04  1.74794E-04  1.52909E-04
   10870.812   1199.830  17.800  1.74554E-04  1.74520E-04  1.96254E-04
   10877.603   1206.621  17.850  1.74285E-04  1.74245E-04  2.28719E-04
   10884.414   1213.432  17.900  1.74013E-04  1.73970E-04  2.49229E-04
   10891.243   1220.261  17.950  1.73740E-04  1.73695E-04  2.57381E-04
   10898.091   1227.109  18.000  1.73464E-04  1.73420E-04  2.53451E-04
   10904.959   1233.977  18.050  1.73153E-04  1.73111E-04  2.41756E-04
   10911.845   1240.863  18.100  1.72840E-04  1.72802E-04  2.20000E-04
   10918.751   1247.769  18.150  1.72526E-04  1.72493E-04  1.89615E-04
   10925.676   1254.694  18.200  1.72211E-04  1.72184E-04  1.52378E-04
   10932.619   1261.637  18.250  1.71895E-04  1.71876E-04  1.10284E-04
   10939.582   1268.600  18.300  1.71578E-04  1.71567E-04  6.54220E-05
   10946.564   1275.582  18.350  1.71261E-04  1.71258E-04  1.98658E-05
   10953.565   1282.583  18.400  1.70945E-04  1.70949E-04 -2.44201E-05
   10960.585   1289.603  18.450  1.70629E-04  1.70640E-04 -6.56500E-05
   10967.624   1296.642  18.500  1.70314E-04  1.70331E-04 -1.02266E-04
   10974.682   1303.700  18.550  1.70000E-04  1.70023E-04 -1.32968E-04
   10981.759   1310.777  18.600  1.69687E-04  1.69714E-04 -1.56742E-04
   10988.855   1317.873  18.650  1.69376E-04  1.69405E-04 -1.72868E-04
   10995.970   1324.988  18.700  1.69065E-04  1.69096E-04 -1.80948E-04
   11003.104   1332.122  18.750  1.68757E-04  1.68787E-04 -1.80909E-04
   11010.257   1339.275  18.800  1.68449E-04  1.68478E-04 -1.73024E-04
   11017.430   1346.448  18.850  1.68143E-04  1.68169E-04 -1.57909E-04
   11024.621   1353.639  18.900  1.67838E-04  1.67861E-04 -1.36509E-04
   11031.831   1360.849  18.950  1.67533E-04  1.67552E-04 -1.10066E-04
   11039.061   1368.079  19.000  1.67229E-04  1.67243E-04 -8.00552E-05
   11046.309   1375.327  19.050  1.66960E-04  1.66968E-04 -4.89326E-05
   11053.577   1382.595  19.100  1.66690E-04  1.66693E-04 -1.68661E-05
   11060.863   1389.881  19.150  1.66421E-04  1.66418E-04  1.45639E-05
   11068.169   1397.187  19.200  1.66151E-04  1.66144E-04  4.38615E-05
   11075.494   1404.512  19.250  1.65880E-04  1.65869E-04  6.97049E-05
   11082.838   1411.856  19.300  1.65609E-04  1.65594E-04  9.10216E-05
   11090.200   1419.218  19.350  1.65337E-04  1.65319E-04  1.07041E-04
   11097.582   1426.600  19.400  1.65064E-04  1.65044E-04  1.17320E-04
   11104.983   1434.001  19.450  1.64790E-04  1.64769E-04  1.21748E-04
   11112.403   1441.421  19.500  1.64515E-04  1.64495E-04  1.20523E-04
   11119.842   1448.860  19.550  1.64239E-04  1.64220E-04  1.14110E-04
   11127.300   1456.318  19.600  1.63962E-04  1.63945E-04  1.03197E-04
   11134.777   1463.795  19.650  1.63685E-04  1.63670E-04  8.86261E-05
   11142.273   1471.291  19.700  1.63407E-04  1.63395E-04  7.13406E-05
   11149.788   1478.806  19.750  1.63129E-04  1.63121E-04  5.23263E-05
   11157.323   1486.341  19.800  1.62851E-04  1.62846E-04  3.25617E-05
   11164.876   1493.894  19.850  1.62573E-04  1.62571E-04  1.29748E-05
   11172.448   1501.466  19.900  1.62295E-04  1.62296E-04 -5.59145E-06
   11180.040   1509.058  19.950  1.62018E-04  1.62021E-04 -2.24072E-05
   11187.650   1516.668  20.000  1.61741E-04  1.61746E-04 -3.68772E-05
